:100000000C94B11D0C94F11D0C94F11D0C94F11D78
:100010000C94F11D0C94F11D0C94F11D0C94F11D28
:100020000C94F11D0C94F11D0C94F11D0C94F11D18
:100030000C94F11D0C94F11D0C94F11D0C94F11D08
:100040000C94F11D0C9457E00C94F11D0C94F11DCF
:100050000C94F11D0C9479D50C94F11D0C94CEC325
:100060000C94F11D0C941A3A0C94103A0C94F11D56
:100070000C94F11D0C94F11D0C94F11D0C94F11DC8
:100080000C94F11D0C94F11D0C94F11D0C94F11DB8
:100090000C94F11D0C94F11D0C94F11D0C94F11DA8
:1000A0000C94F11D0C94F11D0C94F11D0C94F11D98
:1000B0000C94F11D0C94F11D0C94F11D0C94F11D88
:1000C0000C94F11D0C94F11D0C94F11D0C94702EE8
:1000D0000C943A2E0C94F11D0C94F11D0C94F11D0E
:1000E0000C94F11D084AD73B3BCE016E84BCBFFD8A
:1000F000C12F3D6C74319ABD56833DDA3D00C77FF8
:1001000011BED9E4BB4C3E916BAAAABE0000008090
:100110003F05A84CCDB2D44EB93836A9020C50B91F
:10012000918688083CA6AAAA2ABE000000803F004B
:100130000C9479740C94832D0D94D31D0C94D53AA2
:100140000C9475740C94E1AD0C94E7790C94872DA4
:100150000C94D3C10C94ABC20C946EC10C947AAEC7
:100160000C942FB20C94612D0C94432D0C94212FE0
:100170000C944C740C94DE790D940A240C94F3794D
:100180000C94B23A0D94460E0C94462F0C9408B27F
:100190000C94A9AE0C941C2F0C94A3AE0D94CA1D04
:1001A0000C942B2F0C948A3A0D946B0E0D94CD1D4C
:1001B0000C94852D0C94AAAD0C94B12E0C94332F75
:1001C0000C94632D0D94D01D0C9452740C94B63A7B
:1001D0000C94CB2D0C9471740C94E83A0C94EEC1F1
:1001E0000C94102F0C943ABD0C94C9B10C94142F9C
:1001F0000D94251E0C94CF2D0C94AB2D0C94BE3A6F
:100200000C9400AE0D94C3230C94A0AB0D94E51D8B
:100210000C9461AB0C9456AE0C94993A0C946DAD61
:100220000D944A0D0C9461740C9483740D945D28A4
:100230000C94CDAD0C9414B20C9442AE0D94521E9D
:100240000C944DAE0C945B3A0C94BCBD0D94D60D41
:100250000C9420B20C94DB790C94F03A0C94F9B124
:100260000C9467740C94E1790C94C63A0D943F2871
:100270000C94ED790C948C740C945E740C9433ACE7
:100280000C946B740C9476C30C94D5B10C9495AE0D
:100290000C94D9C00C9487740C94CB3A0C94EF2E28
:1002A0000D94900E0C94BA3A0C94A92D0C947F7472
:1002B0000C9491740D94D61D0C94012F0D94B50ED1
:1002C0000C940C2F0C94D0790D948C0D0C94372D2C
:1002D0000D94B10D0C945FAE0D94D91D0C943E2F6E
:1002E0000C94EA790C94F0790C94D5AC0C94C23A45
:1002F0000D94E21D0C9451AC0C94262F0C947EC2EC
:100300000C94F6C00C94D03A0C94E4790C9468AE3A
:100310000D94DF1D0D949A230C945A740C9471AEB5
:100320000C9484AE0D94561E0C94CD2D0C94A6AE58
:100330000C9496AD0D94C71D0C94BDBD0D94D8239F
:100340000C9456740C94E02E0C948FC10C946CC2D7
:100350000C94A0AE0D94DC1D0C94DD3A0C94182F77
:100360000C9488AE0C94D8790D94941D0C94AB3AEF
:100370000C94A72D0C948D740C94FFAC0C948AAE45
:100380000D94DA0E0C94D5790C94082F0D94210E4F
:100390004E414E494E495459494E46CDCCCC3D0A6A
:1003A000D7233C17B7D13877CC2B329595E6241F4D
:1003B000B14F0A000020410000C84200401C462006
:1003C000BCBE4CCA1B0E5AAEC59D7400407A10F3D9
:1003D0005A00A0724E18090010A5D4E80000E87673
:1003E00048170000E40B54020000CA9A3B000000CA
:1003F000E1F505000080969800000040420F0000E3
:1004000000A08601000000102700000000E80300A3
:100410000000006400000000000A0000000000016D
:1004200000000000002C76D888DC674F0823DFC16D
:10043000DFAE59E1B1B796E5E3E453C63AE6519928
:100440007696E8E6C28426EB898C9B62ED407C6F51
:10045000FCEFBC9C9F40F2BAA56FA5F490055A2A08
:10046000F75C936B6CF9676DC11BFCE0E40D47FE14
:10047000F520E6B500D0ED902E0300943577050009
:1004800080841E080000204E0A000000C80C333390
:1004900033330F986E12831141EF8D2114893BE69F
:1004A0005516CFFEE6DB18D1844B381BF77C1D9028
:1004B0001DA4BBE424203284725E228100C9F12491
:1004C000ECA1E53D2744455441494C00434F4D4D77
:1004D000554E49434154494F4E0044525952554E8E
:1004E000004552524F525300494E464F0045434833
:1004F0004F0053544F505045442E20005072696EA7
:100500007465722073746F70706564206475652003
:10051000746F206572726F72732E20466978207432
:100520006865206572726F7220616E6420757365F4
:10053000204D39393920746F20726573746172747B
:100540002E202854656D706572617475726520691E
:10055000732072657365742E20536574206974204E
:1005600061667465722072657374617274696E6716
:10057000290A004E6F20436865636B73756D2077A1
:10058000697468206C696E65206E756D6265722C89
:10059000204C617374204C696E653A20004E6F20C8
:1005A000436865636B73756D2077697468206C6947
:1005B0006E65206E756D6265722C204C61737420BF
:1005C0004C696E653A2000636865636B73756D20D6
:1005D0006D69736D617463682C204C617374204C79
:1005E000696E653A20004C696E65204E756D6265D6
:1005F00072206973206E6F74204C617374204C6993
:100600006E65204E756D6265722B312C204C6173C6
:1006100074204C696E653A20004D313130005365CD
:100620007269616C20737461747573206D69736D88
:10063000617463680A0053442072656164206572C6
:10064000726F720A00746F6F206D75636820696E37
:100650006163746976652074696D65202D2063750A
:100660007272656E7420636F6D6D616E643A200006
:100670002121204B494C4C206361757365642062D5
:10068000792000486F74656E642049646C6520545D
:10069000696D656F757400486F74656E6420496498
:1006A0006C652054696D656F75740A0062757379A5
:1006B0003A2070617573656420666F7220696E7090
:1006C00075740A00627573793A2070617573656498
:1006D00020666F7220757365720A00627573793ACD
:1006E0002070726F63657373696E670A004D3130F5
:1006F000303053003D3D6F6E46696C616D656E74C0
:1007000052756E6F75743D3D007061757365004D77
:10071000363030002066696C616D656E745F72758D
:100720006E6F7574200066696C616D656E745F72C2
:10073000756E6F757420540046696C616D656E74DA
:1007400052756E6F757420540025533A202553005E
:100750002A2A2A6B696C6C2A2A2A00706F776572C4
:100760006F6666004B494C4C45442E200050726920
:100770006E7465722068616C7465642E206B696CA0
:100780006C28292063616C6C6564210A00656368CC
:100790006F3A004572726F723A0020286469736183
:1007A000626C6564290A0020280041424C204164A3
:1007B0006A7573746D656E74205A005A20466164C0
:1007C000653A20002028656E61626C6564290A0024
:1007D00041626F76650053616D65205A2061730038
:1007E00042656C6F77004175746F20426564204CE0
:1007F0006576656C696E673A2042494C494E4541C1
:100800005200204E6F7A7A6C65290A00202620005B
:100810002D43656E746572002D46726F6E74002DE7
:100820004261636B002028416C69676E65642057E4
:100830006974680020284D6964646C650020284C48
:1008400065667400202852696768740050726F6290
:1008500065204F666673657420580050726F62653C
:100860003A204649585F4D4F554E5445445F5052CB
:100870004F42450A004D616368696E652054797086
:10088000653A2043617274657369616E0A0042695A
:100890006C696E656172204C6576656C696E672067
:1008A000477269643A0A003E3E3E003C3C3C00739D
:1008B00065745F6265645F6C6576656C696E675FC1
:1008C000656E61626C65640072657365745F626514
:1008D000645F6C6576656C0A00203A204C6576652D
:1008E0006C696E67204F4E0A002020637572726536
:1008F0006E745F706F736974696F6E3D00203A208B
:100900004C6576656C696E67204F46460A0020206C
:1009100063757272656E745F706F736974696F6E00
:100920003D002F2F616374696F6E3A006E6F7469BA
:100930006669636174696F6E2000656E6400736838
:100940006F7700627574746F6E00486F74656E64C3
:1009500020746F6F20636F6C640A0053656E6420AF
:100960004D31303820746F20726573756D650A00E3
:10097000496E736572742066696C616D656E742072
:10098000616E642073656E64204D3130380A005208
:10099000656865617420446F6E65005265686561C5
:1009A00074696E672E2E2E0052656865617400486A
:1009B00065617465722054696D656F757400536567
:1009C0006E64204D31303820746F2068656174206A
:1009D0006E6F7A7A6C650A004E6F7A7A6C65205079
:1009E00061726B6564007061757365640050617558
:1009F00073650057616974696E6720666F7220685D
:100A000065617475702E0A004C656176696E6720A9
:100A1000473236003F5370656369666965642058E4
:100A20002C5920636F6F7264696E617465206F75F5
:100A300074206F6620626F756E64732E0A003F2803
:100A4000522965706561742076616C7565206E6FE2
:100A50007420706C61757369626C653B206D757391
:100A600074206265206174206C6561737420312E7E
:100A70000A003F2852296570656174206D75737492
:100A800020626520737065636966696564207768B4
:100A9000656E206E6F74207573696E6720616E20BD
:100AA0004C43442E0A003F53706563696669656470
:100AB000206E6F7A7A6C652074656D7065726174F2
:100AC000757265206E6F7420706C61757369626CED
:100AD000652E0A003F537065636966696564206628
:100AE000696C616D656E742073697A65206E6F74D0
:100AF00020706C61757369626C652E0A003F5370DB
:100B000065636966696564207072696D65206C65EE
:100B10006E677468206E6F7420706C6175736962A3
:100B20006C652E0A003F5072696D65206C656E67BA
:100B30007468206D757374206265207370656369D5
:100B400066696564207768656E206E6F74207573C2
:100B5000696E6720616E204C43442E0A003F53703B
:100B600065636966696564206E6F7A7A6C65207367
:100B7000697A65206E6F7420706C61757369626C40
:100B8000652E0A003F52657472616374696F6E204E
:100B90004D756C7469706C696572206D7573742025
:100BA0006265207370656369666965642E0A003F3B
:100BB0005370656369666965642052657472616328
:100BC00074696F6E204D756C7469706C6965722004
:100BD0006E6F7420706C61757369626C652E0A00AB
:100BE0003F537065636966696564206C61796572FD
:100BF00020686569676874206E6F7420706C617519
:100C00007369626C652E0A0043292E0A003F5370F7
:100C100065636966696564206265642074656D70EA
:100C200065726174757265206E6F7420706C617589
:100C30007369626C65202834302D0047323620738A
:100C400074617274696E672E2E2E0A004F46460A32
:100C500000466164652048656967687420004265E4
:100C600064204C6576656C696E6720004661696C2E
:100C7000656420746F20656E61626C6520426564F6
:100C8000204C6576656C696E670A00496E76616C0A
:100C90006964206D6573682E0A00203A203E20703A
:100CA000726F62696E6720636F6D706C6574650A40
:100CB00000202063757272656E745F706F73697463
:100CC000696F6E3D0050726F62696E6720506F6988
:100CD0006E740025532025692F2569002E0A002FE8
:100CE0000050726F62696E67206D65736820706F67
:100CF000696E742000202844525952554E290047ED
:100D00003239204175746F20426564204C657665E8
:100D10006C696E67003F20284C2C522C462C4229CF
:100D2000206F7574206F6620626F756E64732E0A73
:100D300000204200204600205200473239204C005B
:100D40003F2856296572626F7365206C6576656C05
:100D500020696D706C61757369626C652028302D37
:100D600034292E0A00426164205A2076616C756530
:100D70000A004E6F2062696C696E6561722067724D
:100D800069640A004732384C30003E204175746F68
:100D90002D6C6576656C206E6F74206E656564657C
:100DA000642C20736B69700A00473239005A205056
:100DB000726F62652050617374204265640A005A44
:100DC0002050726F62652050617374204265640028
:100DD000203A20686F6D655F7A5F736166656C7934
:100DE0000A00202064657374696E6174696F6E3DDA
:100DF00000686F6D655F7A5F736166656C7900523C
:100E000061697365205A20286265666F7265206883
:100E10006F6D696E672920627920003E20686F6DD2
:100E2000696E67206E6F74206E65656465642C2042
:100E3000736B69700A004732380020440020204D4F
:100E4000323030205300202844697361626C65643D
:100E5000293A0046696C616D656E7420736574741F
:100E6000696E67730020204D3230312058004D618B
:100E70007820416363656C65726174696F6E2028C8
:100E8000756E6974732F7332290020204D32303310
:100E90002058004D617820666565647261746573E1
:100EA0002028756E6974732F73290020520020204A
:100EB0004D323034205000416363656C657261745B
:100EC000696F6E2028756E6974732F73322920281C
:100ED000503C7072696E742D616363656C3E205284
:100EE0003C726574726163742D616363656C3E204E
:100EF000543C74726176656C2D616363656C3E2948
:100F00000020580020540020530020204D3230355E
:100F1000204200416476616E6365642028423C6D26
:100F2000696E5F7365676D656E745F74696D655F2B
:100F300075733E20533C6D696E5F666565647261D2
:100F400074653E20543C6D696E5F74726176656CA9
:100F50005F66656564726174653E20583C6D6178BA
:100F60005F6A65726B3E20593C6D61785F6A65729D
:100F70006B3E205A3C6D61785F6A65726B3E20451E
:100F80003C6D61785F6A65726B3E290020440020E9
:100F9000490020204D333031205000486F74656E79
:100FA00064205049440020440020490020204D3353
:100FB00030342050004265642050494400203B00FA
:100FC00020550020204D363033204C0046696C619E
:100FD0006D656E74206C6F61642F756E6C6F6164EB
:100FE000004D323453256C6454256C64004739320B
:100FF0002E394525730047314625640047315A256F
:1010000073463630300047315825735925734633BF
:10101000303030004D313036502569532569004D50
:10102000313039532569004D323030442573004743
:1010300039322E395A2573004D3432305325635AD4
:10104000257300473238523058590047315A2573BA
:1010500046363030004739322E395A257300473929
:10106000322E394530004D313039532569004D312C
:101070003930532569004D343230205330205A30F6
:10108000003D3D4F6E506F7765724C6F73735265C4
:1010900073756D653D3D00203B200020204D3431AF
:1010A00033205300506F7765722D6C6F737320720D
:1010B00065636F76657279004F4646004F4E00209B
:1010C0003B20486F73742068616E646C696E6720A2
:1010D00000203B204D6F646520006D6D00203B209B
:1010E00044697374616E6365200046696C616D6567
:1010F0006E742072756E6F757420003B200020495D
:101100006E76616C696420657874727564657220AE
:101110000047322F47332062616420706172616D35
:1011200065746572730A00536C6565702E2E2E000F
:10113000205A3A200020593A200042656420583A4B
:1011400020004D65736820706F696E74206F757430
:10115000206F662072616E67650A00626567696E5E
:10116000004D302053746F70004D312053746F70F8
:1011700000436C69636B20746F20526573756D65F5
:101180002E2E2E004E6F204D6F76652E00456E641C
:101190002066696C65206C6973740A004265676932
:1011A0006E2066696C65206C6973740A004E6F204E
:1011B0006D656469610A00286E6F2066696C652937
:1011C0000043757272656E742066696C653A200022
:1011D0004E6F74205344207072696E74696E670A92
:1011E000005344207072696E74696E67206279746E
:1011F0006520002569730025696D20256973002528
:1012000069682025696D202569730025696420259A
:1012100069682025696D2025697300256979202575
:101220006964202569682025696D2025697300504F
:1012300072696E742074696D653A20003F43616E77
:101240006E6F7420777269746520746F20494E50F8
:1012500055540A00496E76616C69642050696E20AD
:101260004D6F64650A006F6B006F666600ED04E801
:1012700004E104DA04CC04C50444454255473A006D
:101280004D313133205300544D33442031305350CD
:10129000726F5632204F46462E004649524D5741F6
:1012A00052455F4E414D453A4D61726C696E204426
:1012B00057372E342E3720544D33442053534D444A
:1012C00042422028417567203130203230323520AB
:1012D00030313A31323A30302920534F555243455C
:1012E0005F434F44455F55524C3A68747470733A8B
:1012F0002F2F6769746875622E636F6D2F496E7347
:10130000616E6974794175746F6D6174696F6E2F68
:101310004D61726C696E2F747265652F43726561E1
:101320006C6974794477696E5F322E302050524F69
:10133000544F434F4C5F56455253494F4E3A312E0E
:1013400030204D414348494E455F545950453A5429
:101350004D33442031305350726F5632204558542B
:1013600052554445525F434F554E543A31205555DE
:1013700049443A63656465326132662D34316132C5
:101380002D343734382D396231322D63353563369B
:1013900032663336376666002F2F005741524E496A
:1013A0004E4721204C6F77205A204A65726B206D82
:1013B0006179206C65616420746F20756E77616E51
:1013C000746564207061757365732E0A0020204D6A
:1013D00061783A2000200020204D696E3A200020DC
:1013E0003B200020204D323131205300536F667472
:1013F00020656E6473746F707300250A0046523A5C
:101400000020466C6F773A200050726F74656374E9
:1014100065642050696E0A00363726033C3D380E5D
:101420002E303E131A1C180A43090844000150725A
:101430006F6265204F6666736574205A0050726F44
:101440006265204F6666736574205A006469730094
:10145000656E0043290A0061626C656420286D692D
:101460006E2074656D702000436F6C642065787425
:101470007275646573206172652000504944204193
:1014800075746F74756E6500206661696C656421A2
:1014900020426164206865617465722069640A0095
:1014A000504944204175746F74756E65004D343237
:1014B0003120696E636F727265637420706172614E
:1014C0006D657465722075736167650A004D65739B
:1014D0006820706F696E74206F7574206F6620725B
:1014E000616E67650A00203B204C6576656C696E0D
:1014F00067200020204D3432302053004175746F36
:1015000020426564204C6576656C696E670020201A
:101510004D393030204B004C696E6561722041645A
:1015200076616E63650020500020440020204D3518
:10153000393120530046696C616D656E7420727597
:101540006E6F75742073656E736F7200204A002091
:1015500020473239205720490020204D313439208E
:1015600043203B20556E69747320696E2043656C7F
:10157000736975730A0054656D7065726174757274
:101580006520556E697473002020473231203B007E
:101590004C696E65617220556E69747300454550E3
:1015A000524F4D204F4B0A00290A0020746F200033
:1015B0003F5A206F7574206F662072616E676520D8
:1015C0002800290A0020746F20003F59206F75748D
:1015D000206F662072616E676520282D00290A0041
:1015E00020746F20003F58206F7574206F66207242
:1015F000616E676520282D002E0A002028302D31CD
:101600003029002076616C7565206F7574206F66D7
:101610002072616E676500416476616E6365204B80
:101620003D004D383400446F6E65207072696E74F1
:10163000696E672066696C650A004D3737004D3367
:101640003100290A002E2E2E2800540020204D3271
:101650003036205800486F6D65206F66667365747C
:10166000004F666673657473204170706C696564C1
:10167000004572723A20546F6F20666172210054E7
:101680006F6F206661722066726F6D20726566658D
:1016900072656E636520706F696E740A0020286D34
:1016A0006D2900203B0020204D3835312058005A4C
:1016B0002D50726F6265204F6666736574005265C7
:1016C00073756D696E6720534400436F6F6C696E6C
:1016D000672E2E2E0045312025530042656420439D
:1016E0006F6F6C696E672E2E2E0042656420486510
:1016F0006174696E672E2E2E003D3D4477696E2021
:10170000496E697420436F6D706C6574653D3D0072
:1017100070012C0190012701B0012201C0011D01BF
:10172000F00118011002130130020E0160020901DC
:1017300090020401C002FF000003FA004003F5001C
:101740008003F000D003EB002004E6007004E10009
:10175000E004DC004005D700C005D2004006CD0003
:10176000D006C8008007C3003008BE00F008B900EA
:10177000C009B400B00AAF00B00BAA00D00CA5009D
:10178000000EA000500F9B00C01096005012910058
:1017900000148C00C0158700B0178200B0197D00BE
:1017A000D01B7800001E730040206E00902269005C
:1017B000F024640040275F0090295A00E02B550078
:1017C000102E500020304B0010324600E033410014
:1017D00090353C001037370070383200A0392D00AA
:1017E000B03A2800A03B2300603C1E00103D1900C9
:1017F000903D1400103E0F00703E0A00C03E0500F0
:10180000003F0000403FFBFF803FF6FFC03FF1FF7D
:1018100000002100240027002A002D0030003300A2
:1018200001010000040107010A0100002200250057
:1018300028002B002E0031003400020100000501B9
:1018400008010B01000020002300260029002C00C5
:101850002F00320000010000030106010901050507
:101860000505070508080808020202020A0A080816
:101870000404040401010101010101010303030344
:1018800003030303040707070C0C0C0C0C0C0C0CD3
:101890000202020206060606060606060B0B0B0BE4
:1018A0000B0B0B0B01021020200808102040102009
:1018B0004080020102010804020101020408102014
:1018C0004080804020100804020180040201804012
:1018D000201008040201080402010102040810207B
:1018E0004080010204081020408000000A0B020919
:1018F0000C0D0E08070304010000000000000000AA
:1019000000000000000000000000000000000000D7
:101910000000000000001211100000000000000094
:1019200000000000000000000000000000000000B7
:10193000702600009B1E0000C3150000C70D0000AC
:10194000F40700004F0400004002000026010000E0
:101950004572726F722077726974696E6720746F56
:1019600020454550524F4D210A0020746F6F206C66
:101970006F6E6720657874727573696F6E20707210
:101980006576656E7465640A0020636F6C6420651B
:101990007874727573696F6E2070726576656E7497
:1019A00065640A004D323520500A4D3234005265CC
:1019B00073756D650055492050617573650043610D
:1019C0006E6E6F7420656E746572207375626469E3
:1019D000723A20004E6F204D61746368203A0043D4
:1019E0006F6E73747261696E206D65736856616C99
:1019F00020006D65736856616C200079506E74200C
:101A00000078506E7420006D657368506F696E7455
:101A10002000446973706C61794272696768746E02
:101A2000657373205365743A2000446973706C6168
:101A3000794272696768746E657373204C43443AE7
:101A400020004D32320A4D323100526566726573A4
:101A5000680050675570005067446F776E00497397
:101A60002046696C65200049732044697220004754
:101A70006F557044697200486173204D65646961F7
:101A80000046696C656E616D652053656C656374B5
:101A90006564004D3130303043004D31303030001E
:101AA0002046696C616D656E7420526573706F6E4F
:101AB0007365204E6F00526573756D6520596573AF
:101AC00020647572696E67207072696E74000A20F6
:101AD0004E6F2046696C616D656E7400496E76616B
:101AE0006C6964204F7074696F6E004D3530300042
:101AF00053746F72652053657474696E6773004D1B
:101B00003939390A4D32383050305331363000428D
:101B10004C546F756368205265736574004D3530A1
:101B2000320A4D35303000496E69742045455052B7
:101B30004F4D004D3530300053746F726520536542
:101B40007474696E677300496E4C616E6743686FA9
:101B5000696365000A202A2A2A7265636461742E0B
:101B6000646174615B305D203D004732380A473163
:101B7000204631303030205A313000556E73757048
:101B8000706F72746564204F7074696F6E20536556
:101B90006C6563746564004D36303553300A4732E6
:101BA0003858004D36303553310A54300A473238F0
:101BB0000A4D36303553320A473238580A473158C1
:101BC000300A4D3630355333004D36303553310AF7
:101BD00054300A4732380A4D36303553320A4732CC
:101BE00038580A47315830004D36303553310A479E
:101BF0003238580A47315830004D32313153300AAB
:101C00004739310A47315A302E3032350A47393098
:101C10000A4D3231315331004D32313153300A47A0
:101C200039310A47315A2D302E3032350A47393092
:101C30000A4D323131533100473239533200473285
:101C40003953310047323652323535004D31393053
:101C50005335350A4732380A4732390A4D34303065
:101C60000A4D313034533231350A4732380A4D315A
:101C70003039533231350A4D34323053310A47311D
:101C8000583130305931303046353030300A4731F4
:101C90005A300A4D3530300A4D3131372053657492
:101CA000205A204F666673657400473120463130F4
:101CB0003030205A302E30004732380A4731204623
:101CC00031303030205A302E30005A204F66667343
:101CD0006574203A202573005A204F666673657438
:101CE000203A202573004732385A0A4731463135A9
:101CF00030305A302E30004732380A4731463135BD
:101D000030305A302E3000426564204C6576656C68
:101D1000204F7074696F6E200052657475726E206A
:101D20003A20004D383400473146313030305A3097
:101D30002E30004732380A473146313030305A3081
:101D40002E30004D616E75616C53657454656D7015
:101D5000005A204F6666736574203A20257300523E
:101D60006F756E64696E6720746F207374657000A0
:101D7000526571756573746564204F66667365742A
:101D8000200053746F7020547269676765726564D0
:101D90000053746F70204E6F0053746F70507269EF
:101DA0006E740048616E646C65204461746120410A
:101DB000646A75737420322053657474696E672089
:101DC00053637265656E200048616E646C652044E3
:101DD000617461205072696E7446696C65203320AD
:101DE00053657474696E672053637265656E200075
:101DF00048616E646C652044617461205072696E44
:101E00007446696C6520322053657474696E67206E
:101E100053637265656E20004D38340048616E640E
:101E20006C652044617461205072696E7446696CFF
:101E30006520506F73740048616E646C6520446166
:101E40007461205072696E7446696C6520507265C9
:101E500000426567696E537769746368003D3D2091
:101E6000436865636B6B65793D3D007265636461D2
:101E7000742E61646472203D3D0072656364617418
:101E80002E646174615B305D203D3D0070726F6D4A
:101E900070745F00626567696E0044697361626CAB
:101EA0006552756E6F75740050757267654D6F720F
:101EB000650050617573656400436F6E74696E757B
:101EC00065004C6F61642046696C616D656E7420BD
:101ED00054004C6F61642046696C616D656E7400DE
:101EE000496E736572742066696C616D656E7420ED
:101EF000616E642073656E64204D3130380A007263
:101F00006573756D6564004469736D697373005220
:101F10006573756D696E67002044697363726570DF
:101F2000616E63793A00326E642050726F62652090
:101F30005A3A00534C4F57003173742050726F62FD
:101F400065205A3A00464153540050726F62653A18
:101F50003A72756E5F7A5F70726F6265006D65616F
:101F600073757265645F7A3A200050726F62696EB1
:101F700067204661696C65640A0050726F62696E21
:101F800067204661696C656400205A3A2000205938
:101F90003A200042656420583A2000506F736974FB
:101FA000696F6E204E6F7420526561636861626C68
:101FB000650A00203A200A00202063757272656E5F
:101FC000745F706F736974696F6E3D005F72656CEA
:101FD0006174697665290A002C20002C20002C20D1
:101FE000002C20002E2E2E280050726F62653A3A87
:101FF00070726F62655F61745F706F696E740050BC
:10200000726F62653A3A70726F62655F646F776E85
:102010005F746F5F7A0020547269676765726564E8
:10202000206561726C792E00204E6F207472696792
:102030006765722E002050726F6265206661696C60
:1020400021202D0043616E6E6F74206F70656E20CD
:102050007375626469722000204500205A0020597F
:102060000020204D39322058005374657073207061
:10207000657220756E697400496E76616C696420C2
:1020800065787472756465720A00220A00556E6B79
:102090006E6F776E20636F6D6D616E643A20220003
:1020A00020453A00205A3A0020593A00583A006F29
:1020B0006B0A00526573656E643A20006E6F746936
:1020C0006669636174696F6E2000544D334420313A
:1020D000305350726F56322052656164792E005031
:1020E00072696E74696E672E2E2E005072696E745E
:1020F0002050617573656400524553554D45204F1E
:102100005054494F4E533A0048656174696E672ECA
:102110002E2E000000436C69636B20746F2068658D
:102120006174000000526573756D696E672E2E2E06
:1021300000000050757267696E672E2E2E00000039
:102140004C6F6164696E672E2E2E000000496E731D
:1021500065727420616E6420436C69636B000000DB
:10216000436C69636B20746F20636F6E74696E7566
:1021700065000000456A656374696E672E2E2E0047
:102180000000506C6561736520776169742E2E2E96
:102190000000005061726B696E672E2E2E000000E9
:1021A00050617573654D73673D000A20696E6974EF
:1021B000207A70726F62655F7A6F666673657420ED
:1021C0003D20003D3D6F6E436F6E666967757261BD
:1021D00074696F6E53746F7265526561643D3D0042
:1021E000454550524F4D20496E697469616C697A5A
:1021F00065640A0048617264636F646564204465C5
:102200006661756C742053657474696E6773204CD5
:102210006F6164656400454550524F4D20646174A0
:102220006173697A65206572726F722E0A00536558
:102230007474696E6720566F6C756D65204F6E20E3
:102240003A200053657474696E67205374616E643C
:102250006279204F6E203A200053657474696E676E
:1022600020566F6C756D65203A2000536574746953
:102270006E6720526F746174696F6E203A2000534C
:10228000657474696E67205374616E64627920545A
:10229000696D65203A200053657474696E67205338
:1022A00074616E646279203A200053657474696EBB
:1022B00067204272696768746E657373203A200004
:1022C0004C6F6164696E67204457494E204C43440B
:1022D0002073657474696E672066726F6D20454562
:1022E00050524F4D0A0044697363617264696E67AE
:1022F000204457494E204C43442073657474696EE2
:10230000672066726F6D20454550524F4D202D203D
:1023100073657474696E67732076657273696F6E26
:1023200020696E636F72726563740A004469736337
:10233000617264696E67204457494E204C434420C3
:1023400073657474696E672066726F6D20454550C1
:10235000524F4D202D2073697A6520696E636F722C
:10236000726563740A00290A002062797465733B00
:102370002063726320002073746F7265642073653C
:102380007474696E677320726574726965766564CA
:10239000202800202863616C63756C617465642972
:1023A000210A0020213D2000454550524F4D204339
:1023B0005243206D69736D61746368202D2028730A
:1023C000746F7265642920002053697A653A200091
:1023D000496E6465783A20000000FA430000FA4331
:1023E0000000204100008C420000A0420000A042FA
:1023F0000000C84300000C43EE020000EE020000A3
:10240000640000003C000000454550524F4D2056EE
:10241000657273696F6E204572726F7200204D6134
:10242000726C696E3D563837290A00454550524F47
:102430004D2076657273696F6E206D69736D61747E
:1024400063682028454550524F4D3D0024F404D97F
:10245000201BC40C5C0E9804C4095F02650771015F
:10246000F405F900FB04B30048048700C1036900C8
:102470005803550003034500BE023A0084023100B0
:1024800053022A002902250004022000E4011C0056
:10249000C8011900AF01170098011400840113004E
:1024A000710110006101100051010E0043010D0087
:1024B00036010B002B010B0020010B001501090058
:1024C0000C01090003010800FB000800F3000800EC
:1024D000EB000700E4000600DE000600D80006005E
:1024E000D2000600CC000500C7000500C2000500B0
:1024F000BD000400B9000400B5000400B1000400F0
:10250000AD000400A9000400A5000300A200030020
:102510009F0004009B000300980003009500020048
:1025200093000300900003008D0002008B00030065
:10253000880002008600020084000300810002007F
:102540007F0002007D0002007B0002007900020093
:1025500077000100760002007400020072000100A2
:10256000710002006F0002006D0001006C000200AB
:102570006A000100690002006700010066000100B6
:1025800065000100640002006200010061000100BA
:10259000600001005F0002005D0001005C000100BE
:1025A0005B0001005A0001005900010058000100C1
:1025B00057000100560001005500010054000100C1
:1025C00053000000530001005200010051000100BF
:1025D000500001004F0001004E0000004E000100BD
:1025E0004D0001004C0001004B0000004B000100B9
:1025F0004A000100490001004800000048000100B5
:1026000047000100460000004600010045000000B0
:1026100045000100440001004300000043000100A8
:1026200042000000420001004100000041000100A2
:10263000400001003F0000003F0001003E0000009C
:102640003E0001003D0000003D0001003C00000094
:102650003C0000003C0001003B0000003B0001008A
:102660003A0000003A000100390000003900010082
:10267000380000003800000038000100370000007A
:10268000370001003600000036000000360001006F
:102690003500000035000000350001003400000066
:1026A000340000003400010033000000330000005B
:1026B000330001003200000032000000320001004F
:1026C0003100000031000000310001003000000046
:1026D00030000000300001002F0000002F0000003B
:1026E0002F0000002F0001002E0000002E0000002F
:1026F0002E0001002D0000002D0000002D00000024
:102700002D0001002C0000002C0000002C00000017
:102710002C0001002B0000002B0000002B0000000B
:102720002B0001002A0000002A0000002A000000FF
:102730002A000100290000002900000029000000F3
:1027400029000000290001002800000028000000E6
:1027500028000000280000002800010027000000D9
:1027600027000000270000002700000027000100CC
:1027700026000000260000002600000026000000C1
:1027800026000100250000002500000025000000B3
:1027900025000000250000002500010024000000A5
:1027A0002400000024000000240000002400010098
:1027B000230000002300000023000000230000008D
:1027C000230000002300000023000100220000007D
:1027D0002200000022000000220000002200000071
:1027E0002200010021000000210000002100000063
:1027F0002100000021000000210000002100010054
:102800002000000020000000200000002000000048
:102810002000000020000000200000002000010037
:102820001F0000001F0000001F0000001F0000002C
:102830001F0000001F0000001F0001001E0000001C
:102840001E0000001E0000001E00000024F4D43012
:1028500050C38E20C2A24017828B7011127A910D44
:10286000816CD90AA861E108C7586607615143061F
:102870001E4B5D05C145A7041A411104093D98038B
:10288000713931034036DB0265339102D430540292
:10289000802E1D02632CEE01752AC501B028A0010F
:1028A000102781018F2564012B244B01E022340184
:1028B000AC211F018D200D01801FFC00841EED0046
:1028C000971DDF00B81CD200E61BC600201BBC0011
:1028D000641AB200B219A8000A19A0006A18990077
:1028E000D117910040178B00B516840031167E0079
:1028F000B31579003A157300C7146F0058146A00B5
:10290000EE1366008813630025135E00C7125B0098
:102910006C12570015125400C111510070114F0074
:1029200021114B00D61049008D104700461044007D
:1029300002104200C00F4000800F3E00420F3C00DA
:10294000060F3B00CB0E3800930E37005C0E3500AF
:10295000270E3400F30D3200C10D3100900D300010
:10296000600D2E00320D2D00050D2C00D90C2B0012
:10297000AE0C2900850C29005C0C2700350C2700C3
:102980000E0C2600E80B2400C40B2400A00B23002F
:102990007D0B23005A0B2100390B2100180B20005E
:1029A000F80A1F00D90A1E00BB0A1E009D0A1D005E
:1029B000800A1D00630A1C00470A1B002C0A1B002A
:1029C000110A1A00F7091A00DD091900C4091900D3
:1029D000AB091900920917007B0918006309170059
:1029E0004C09160036091600200916000A091500C0
:1029F000F5081500E0081400CC081400B80814000D
:102A0000A4081400900813007D0812006B0813003E
:102A1000580812004608120034081100230811005B
:102A20001208110001081100F0071000E007100063
:102A3000D0071000C0071000B0070F00A10710005A
:102A400091070E0083070F0074070F0065070E0043
:102A500057070E0049070E003B070D002E070E001A
:102A600020070D0013070D0006070D00F9060C00E6
:102A7000ED060D00E0060C00D4060C00C8060C00A4
:102A8000BC060C00B0060C00A4060B0099060C0056
:102A90008D060B0082060B0077060B006C060B0000
:102AA00061060A0057060B004C060A0042060A009F
:102AB00038060A002E060A0024060A001A060A0032
:102AC0001006090007060A00FD050900F4050900C3
:102AD000EB050900E2050900D9050900D005090048
:102AE000C7050900BE050900B5050800AD050800C9
:102AF000A50509009C050800940508008C05080040
:102B0000840508007C050800740508006C050700B2
:102B1000650508005D050700560508004E0507001D
:102B20004705070040050800380507003105070084
:102B30002A050700230507001C05060016050700E7
:102B40000F0507000805060002050700FB04060044
:102B5000F5040700EE040600E8040600E20407009E
:102B6000DB040600D5040600CF040600C9040600F5
:102B7000C3040600BD040600B7040600B104050046
:102B8000AC040600A6040600A00405009B04060091
:102B900095040500900406008A04050085040500DC
:102BA000800406007A040500750405007004050021
:102BB0006B04050066040500610405005C04050063
:102BC00057040500520405004D04050048040500A3
:102BD000430405003E0404003A04050035040500E2
:102BE000300404002C04050027040400230405001D
:102BF0001E0404001A040400160405001104040055
:102C00000D04040009040500040404000004040089
:102C1000FC030400F8030400F4030400F0030400C0
:102C2000EC030400E8030400E4030400E0030400F0
:102C3000DC030400D8030400D4030400D003040020
:102C4000CC030400C8030300C503030020436F75D1
:102C50006E7420583A0023646566696E65204445A9
:102C60004641554C545F0000626564004B6420008F
:102C70004B6920004B7020005049442074756E69E8
:102C80006E6720646F6E65002066696E69736865A3
:102C900064212050757420746865206C6173742001
:102CA0004B702C204B6920616E64204B6420636F55
:102CB0006E7374616E74732066726F6D2062656CE2
:102CC0006F7720696E746F20436F6E6669677572E7
:102CD0006174696F6E2E680A005049442041757412
:102CE0006F74756E6500206661696C65642120747F
:102CF000696D656F75740A00504944204175746FA1
:102D000074756E65004175746F74756E65206661CB
:102D1000696C6564212054696D656F75742E00209F
:102D20006661696C6564212054656D7065726174BB
:102D300075726520746F6F20686967680A00504972
:102D400044204175746F74756E650050494420438A
:102D500079636C65730025532025692F2569002050
:102D60004B643A2000204B693A2000204B703A20F7
:102D70000020436C617373696320504944200A004A
:102D8000204E6F206F76657273686F6F740A002033
:102D900054753A2000204B753A2000206D61783A36
:102DA0002000206D696E3A200020643A20002062E5
:102DB0006961733A200048656174696E672E2E2E32
:102DC000002073746172740A005049442041757484
:102DD0006F74756E65004175746F74756E652066ED
:102DE00061696C6564212054656D706572617475EC
:102DF000726520746F6F20686967682E00206661B5
:102E0000696C6564212054656D70657261747572BA
:102E10006520746F6F20686967680A005049442014
:102E20004175746F74756E650042656400453100CC
:102E30004500626564002C2073797374656D20739E
:102E4000746F7070656421204865617465725F49B4
:102E5000443A20004572723A204D415854454D5035
:102E6000004D415854454D50207472696767657232
:102E700065640048656174696E67204661696C65C8
:102E8000640048656174696E67206661696C656499
:102E9000004D353234004D31313220536875746441
:102EA0006F776E001000C90210012C014001220151
:102EB00070011801B0010E01F00104015002FA0086
:102EC000B002F0003003E600D003DC009004D20032
:102ED0007005C800A006BE000008B400B009AA0032
:102EE000D00BA000600E960060118C0000158200CF
:102EF00020197800C01D6E00A0226400B0275A007F
:102F0000902C500000314600E0343C001038320074
:102F1000903A2800603C1E00A03D1400803E0A004C
:102F2000203F00004572723A204D494E54454D50A5
:102F3000004D494E54454D50207472696767657263
:102F4000656400544845524D414C2052554E4157FE
:102F5000415900546865726D616C2052756E6177DD
:102F6000617900202F002042403A0020403A0020A2
:102F7000573A0020573A007C3C3E5E2B3D3F2F5B8A
:102F80005D3B2C2A225C004D6564696120496E69B5
:102F900074204661696C0053442063617264206F41
:102FA0006B0A006F70656E526F6F74206661696C9A
:102FB00065640A00766F6C756D652E696E697420A4
:102FC0006661696C65640A004E6F2053442063613A
:102FD00072640A00534420636172642072656C65F8
:102FE000617365640A000A4D3234004D3233202586
:102FF00073002E0A006F70656E206661696C6564EF
:103000002C2046696C653A200046696C6520736522
:103010006C65637465640A002053697A653A200020
:1030200046696C65206F70656E65643A2000454E98
:103030004420535542524F5554494E450A002220D0
:10304000706F73002220706172656E743A220053B3
:103050005542524F5554494E452043414C4C2074E3
:1030600061726765743A220053756263616C6C200B
:103070004F766572666C6F77004578636565646549
:1030800064206D617820535542524F5554494E4546
:103090002064657074683A002E0A0044656C65749B
:1030A000696F6E206661696C65642C2046696C6589
:1030B0003A200046696C652064656C657465643A05
:1030C0000057726974696E6720746F2066696C6559
:1030D0003A2000667265736800646F696E6700204D
:1030E00066696C653A20004E6F7720002F61757419
:1030F0006F25632E67002020506C616E6E657242F2
:10310000756666657242797465733A20002046726E
:103110006565204D656D6F72793A200020436F6DB3
:1031200070696C65643A2041756720313020323017
:1031300032350A00204C61737420557064617465E7
:10314000643A20323032332D30322D3033207C201F
:10315000417574686F723A2054696E794D61636885
:10316000696E657333440A004D61726C696E204468
:1031700057372E342E370A0020536F6674776172EA
:10318000652052657365740A002057617463686432
:103190006F672052657365740A002042726F776E04
:1031A000206F75742052657365740A002045787429
:1031B00065726E616C2052657365740A00506F779A
:1031C000657255700A0073746172740A0047393170
:1031D0000A47315A350A4739300A4D38340A4D31D9
:1031E000303453300A4D3134305330004D313030AB
:1031F00031006F6B006572726F722077726974694B
:103200006E6720746F2066696C650A00446F6E6596
:1032100020736176696E672066696C652E0A004DC1
:10322000323900456E6473746F7073002553202526
:103230006320256320256320256300205A3A00205F
:10324000593A0020583A00656E6473746F707320A9
:103250006869743A200068616E646C652077616902
:1032600074776179203D3D0020202A2A2A2A2A2AC3
:103270002A5254535F48616E646C65446174612ADC
:103280002A2A2A2A2A2A2A2000202D2064342000D3
:1032900064333A2000202D206432200064313A202B
:1032A00000202D206C656E200056502072656365ED
:1032B000697665643A20002A2A2A4E6F7A7A6C650C
:1032C00054656D705374617475735B325D203D009D
:1032D0003D3D48656174696E6720446F6E652043AB
:1032E00068616E67652046696C616D656E743D3D11
:1032F000002020737461727470726F6772657373EB
:1033000020004D32320A4D3231003D3D7761697403
:1033100077617920353D3D003D3D77616974776186
:103320007920343D3D003D3D7761697477617920B6
:10333000333D3D003D3D7761697477617920313DD2
:103340003D00436F6E6669726D20436F6E74696EE7
:1033500075650050617573655374617475730052BF
:103360004553554D45204F5054494F4E533A004810
:10337000656174696E672E2E2E000000436C6963D0
:103380006B20746F2068656174000000526573756E
:103390006D696E672E2E2E00000050757267696E83
:1033A000672E2E2E000000496E7365727420616EC8
:1033B0006420436C69636B000000436C69636B209D
:1033C000746F20636F6E74696E7565000000456AE6
:1033D000656374696E672E2E2E000000506C656167
:1033E000736520776169742E2E2E00000050617283
:1033F0006B696E672E2E2E0000002A2A2A496E69FC
:1034000074696E672063617264206973204F4B2A70
:103410002A2A003D3D6F6E5072696E7454696D6565
:103420007253746F707065643D3D003D3D6F6E5525
:10343000736572436F6E6669726D526571756972FC
:1034400065643D3D005061757365204D6F64652076
:10345000537461747573004C6F6164696E672E2ECE
:103460002E0000003D3D6F6E466163746F727952AD
:10347000657365743D3D00270A0A00002720270078
:103480002027002D0063616E63656C005072696EC9
:10349000742041626F727465640055492041626F07
:1034A0007274656400726573756D65004D32340029
:1034B0002A2A2A43506C617920546F6E652A2A2A81
:1034C000003D3D6F6E5072696E7454696D65725047
:1034D00061757365643D3D003D3D6F6E5072696E70
:1034E0007454696D6572537461727465643D3D0016
:1034F000486F6D696E67204661696C656400505263
:103500004553454E54004F5554006F70656E00543E
:103510005249474745524544003A20004D4F5449CF
:103520004F4E203A20004F46460A003A2000666976
:103530006C616D656E74007A5F6D696E00795F6DA8
:10354000696E00785F6D696E005265706F727469A4
:103550006E6720656E6473746F7020737461747528
:10356000730A00203A2073796E635F706C616E5F3E
:10357000706F736974696F6E0A00202063757272D0
:10358000656E745F706F736974696F6E3D003E2085
:1035900000646F5F626C6F636B696E675F6D6F76FF
:1035A000655F746F0020746F6F206C6F6E672065AD
:1035B0007874727573696F6E2070726576656E745B
:1035C00065640A0020636F6C64206578747275739B
:1035D000696F6E2070726576656E7465640A004866
:1035E0006F6D6520257320466972737400290A0087
:1035F0005D005B002C20002C20002E2E2E28006465
:103600006F5F686F6D696E675F6D6F76650057619C
:10361000726E696E673A20486F6D696E67204275F9
:103620006D702044697669736F72203C20310A0006
:10363000020204290A003C3C3C207365745F6178F7
:1036400069735F69735F61745F686F6D65280020DF
:103650003A200A00202063757272656E745F706F85
:10366000736974696F6E3D005D203D20003E2068E7
:103670006F6D655F6F66667365745B002A2A2A202A
:103680005A20484F4D454420574954482050524FE6
:10369000424520285A5F4D494E5F50524F42455F88
:1036A000555345535F5A5F4D494E5F454E44535401
:1036B0004F505F50494E29202A2A2A0A3E20707214
:1036C0006F62652E6F66667365742E7A203D2000EA
:1036D000000000000000000000000000290A003E79
:1036E0003E3E207365745F617869735F69735F61E3
:1036F000745F686F6D652800290A003C3C3C2068B7
:103700006F6D65617869732800203A203E2041463C
:10371000544552207365745F617869735F69735FA4
:1037200061745F686F6D650A002020637572726551
:103730006E745F706F736974696F6E3D006D6D0AB2
:103740000052652D62756D703A20006D6D0A004D56
:103750006F766520417761793A20006D6D0A0048E7
:103760006F6D6520466173743A200000809D4300B0
:10377000009B430000C843000000410000004100DE
:10378000000040FFFFFF290A003E3E3E20686F6DAB
:103790006561786973280020706F736974696F6E52
:1037A0005F7368696674203D200020686F6D655FF7
:1037B0006F6666736574203D200041786973200050
:1037C0000000000100000001000080005555550078
:1037D0000000400033333300AAAA2A004992240093
:1037E00000002000C7711C0099991900D1451700ED
:1037F000555515003BB11300244912001111110059
:10380000000010000F0F0F00E3380E0043790D0089
:10381000CCCC0C00C3300C00E8A20B0064210B00E0
:10382000AAAA0A00703D0A009DD80900427B09003F
:1038300092240900DCD308008888080010420800A0
:1038400000000800F0C107008787070075500700D7
:10385000711C07003EEB0600A1BC06006990060043
:1038600066660600703E06006118060017F4050043
:1038700074D105005BB00500B290050062720500CE
:103880005555050078390500B81E050005050500E9
:103890004EEC040087D40400A1BD040090A70400EE
:1038A00049920400C17D0400EE690400C75604007B
:1038B000444404005C320400082104004110040068
:1038C000000004003FF00300F8E0030026D20300EC
:1038D000C3C30300CCB503003AA803000A9B03004E
:1038E000388E0300C08103009F750300D069030078
:1038F000505E03001D53030034480300913D030054
:103900003333030016290300381F03009715030003
:10391000300C0300030303000BFA020049F102001C
:10392000BAE802005CE002002DD802002DD00200AF
:1039300059C80200B0C0020031B90200DAB1020079
:10394000AAAA0200A0A30200BC9C0200FA950200F1
:103950005C8F0200DF88020082820200457C020048
:103960002776020027700200436A02007C6402008E
:10397000D05E02003F590200C8530200FFFDFCFA6E
:10398000F8F6F4F2F0EEECEAE9E7E5E3E1E0DEDC9C
:10399000DAD9D7D5D4D2D0CFCDCBCAC8C7C5C3C248
:1039A000C0BFBDBCBAB9B7B6B4B3B2B0AFADACAAC4
:1039B000A9A8A6A5A4A2A1A09E9D9C9A9998979516
:1039C000949392908F8E8D8B8A8988878684838248
:1039D00081807F7E7D7B7A7978777675747372715A
:1039E000706F6E6D6C6B6A6968676665646362614F
:1039F000605F5E5D5C5B5A59585857565554535238
:103A00005150504F4E4D4C4B4A4A49484746464507
:103A10004443424241403F3E3E3D3C3B3B3A3938C5
:103A20003837363535343332323130302F2E2E2D73
:103A30002C2B2B2A29292827272625252423232216
:103A4000212120201F1E1E1D1C1C1B1B1A191918AA
:103A500018171616151514131312121111100F0F33
:103A60000E0E0D0D0C0C0B0A0A09090808070706B3
:103A7000060505040403030202010000290A0050A0
:103A8000726F62653A3A646F5F7A5F7261697365FB
:103A900028006465706C6F793A2000203A205072DB
:103AA0006F62653A3A7365745F6465706C6F7965CF
:103AB000640A00202063757272656E745F706F73A4
:103AC0006974696F6E3D00206D61783A00206D6900
:103AD0006E3A0041786973200000809D4300009B8E
:103AE000430000C843000000000000000000000088
:103AF00000536176696E67204457494E204C434419
:103B00002073657474696E672066726F6D20454519
:103B100050524F4D0A003D3D6F6E53657474696E8F
:103B2000677353746F7265643D3D005365747469C7
:103B30006E67732053746F72656400290A002062F7
:103B4000797465733B2063726320005365747469F4
:103B50006E67732053746F7265642028000016012D
:103B6000360111241FBECFEFD1E2DEBFCDBF00E092
:103B70000CBF84B780930A1914BE0FB6F894A895A9
:103B800080916000886180936000109260000FBE99
:103B900016E0A0E0B2E0E6EFF0E802E00BBF02C002
:103BA00007900D92A236B107D9F729E1A2E6B6E057
:103BB00001C01D92AA30B207E1F71DE1C0EBDDE1C3
:103BC00000E006C021970109802FFE010F94A83C58
:103BD000CF3AD10780E00807A9F70F940E2A0D9479
:103BE00069400C940000CF93DF93C091A212D09152
:103BF000A31281E0CE31D105E4F020E030E040E0D6
:103C00005FE360919E1270919F128091A01290913B
:103C1000A1120F94B13C0F941D3E6C1B7D0B77FFDE
:103C200003C071956195710981E0633071050CF0F5
:103C300080E0DF91CF910895CF93DF93DB01F9010D
:103C40009C919130C1F0943080F094509C938830D6
:103C5000D1F480819181009771F0019791838083E5
:103C6000480F591FEA01188206C08C3539F49C5F51
:103C70009C93943041F4DF91CF9108958B3339F7C1
:103C800081E08C93F8CF20813181B9016F5F7F4F44
:103C900071836083420F531FEA0188838081918181
:103CA0008F3591056CF7E7CF0F931F9381E000915B
:103CB000DF141091E0142091E1143091E21440914E
:103CC000DB145091DC146091DD147091DE14041744
:103CD00015072607370708F480E01F910F91089514
:103CE00020915C07833021F425FD0CC024FD0CC01D
:103CF00030E0A90102C0559547958A95E2F7CA01BF
:103D00008170089581E0089580E00895CF92DF9258
:103D1000EF92FF92CF93DF93EC01CC80DD80EE80B9
:103D2000FF8027E137EB41ED58EBC701B6010F9457
:103D3000113F87FD23C023E030E04BE953E4C70186
:103D4000B6010F94CD351816CCF0C880D980EA8022
:103D5000FB8027E137EB41ED58EBC701B6010F942B
:103D6000113F87FD0BC0C1E023E030E84DE953E48B
:103D7000C701B6010F94CD3518160CF4C0E08C2F96
:103D8000DF91CF91FF90EF90DF90CF900895682F53
:103D900070E090E080E00F94D4352091D9183091F4
:103DA000DA184091DB185091DC180F9433362091CB
:103DB000D1183091D2184091D3185091D4180F9443
:103DC000B13C0895682F70E090E080E00F94D43506
:103DD0002091D5183091D6184091D7185091D81805
:103DE0000F9433362091CD183091CE184091CF18D2
:103DF0005091D0180F94B13C08958091CC18811146
:103E00000EC020915F02309160022150310981E0A3
:103E10004091CE125091CF12421753070CF080E020
:103E20000895269A2E9A0895AB01BC014093DF14A1
:103E30005093E0146093E1147093E21487E496E1E8
:103E40000C9445C8EF92FF920F931F93CF937C0180
:103E500000915F0710916007C0E0F701EC0FF11DC2
:103E60006081662351F0062E000C770BC8010F9479
:103E7000FF3F892B49F4CF5FF0CF80E0CF911F91B6
:103E80000F91FF90EF90089581E0F8CF682F880F91
:103E9000770B80915F07909160070F94FF3FFC01C3
:103EA00081E0309709F480E0309781F0918120ED36
:103EB000290F2A3030F09E3251F4928190539A307B
:103EC00098F43196F0935707E093560708959D3282
:103ED00011F09B3249F4928120ED290F2A3088F3AA
:103EE0009E3211F49381EACFF0E0E0E0EBCF0E9444
:103EF000461F882341F081E02091560730915707F3
:103F0000232B09F480E008950F931F93CF93DF9341
:103F100000D01F92CDB7DEB79C0104E81CE090E111
:103F2000EAE4FDE0D80101900D929A95E1F7F901DC
:103F30002081318142815381F801608571858285BC
:103F400093850F94B13CF8016087718782879387CE
:103F500080E090E0A0EAB0E489839A83AB83BC83DD
:103F6000CE0101960F9474010F900F900F900F9057
:103F7000DF91CF911F910F9108952F923F924F9211
:103F80005F926F927F928F929F92AF92BF92CF92E9
:103F9000DF92EF92FF921F93CF93DF93CDB7DEB7FF
:103FA0002C970FB6F894DEBF0FBECDBF7A01190172
:103FB000DC012D913D914D915C912D833E834F838A
:103FC0005887FB01408051806280738080904A0D49
:103FD00090904B0DA0904C0DB0904D0DA50194010B
:103FE0006D817E818F8198850F94CD3581110EC0B2
:103FF00011E0A301920160914E0D70914F0D8091DF
:10400000500D9091510D0F94CD35811110E0D101DB
:104010002D913D914D915C9129873A874B875C8723
:10402000F701C080D180E280F380209106023091B8
:1040300007024091080250910902C701B6010F948E
:10404000CD35882309F44EC0C0920602D0920702F3
:10405000E0920802F09209028091560D9091570D5E
:10406000A091580DB091590D40914E0D50914F0DAA
:104070006091500D7091510D8092840C9092850C3E
:10408000A092860CB092870C4093880C5093890CB8
:1040900060938A0C70938B0CC0928C0CD0928D0C18
:1040A000E0928E0CF0928F0C8093900C9093910C78
:1040B000A093920CB093930C20E030E040E05FE3DB
:1040C0006091250D7091260D8091270D9091280DFE
:1040D0000F94333669837A838B839C83CE01019658
:1040E0000F9474012D813E814F8158852093840C5B
:1040F0003093850C4093860C5093870C4092880C2B
:104100005092890C60928A0C70928B0CD1012D9187
:104110003D914D915C916091900C7091910C8091CA
:10412000920C9091930C0F94B13C6093900C70930F
:10413000910C8093920C9093930C11112FC020E05E
:1041400030E0A90169857A858B859C850F94CD35F2
:10415000811133C060E070E088EC92E469837A8377
:104160008B839C83CE0101960F9474012C960FB61D
:10417000F894DEBF0FBECDBFDF91CF911F91FF90AE
:10418000EF90DF90CF90BF90AF909F908F907F90F7
:104190006F905F904F903F902F9008952AEF3EE7E9
:1041A0004AE25FE36091290D70912A0D80912B0DF9
:1041B00090912C0D0F943336D1CF60E070E080EAFF
:1041C00091E4CCCF8091560790915707009731F03A
:1041D0004AE050E070E060E00D94E83360E070E0A9
:1041E000CB010895CF93DF9300D01F92CDB7DEB7F8
:1041F00080E090E0A0EAB0E489839A83AB83BC833B
:1042000061E0CE0101960F946E170F900F900F9002
:104210000F90DF91CF9108950F931F93CF93DF936A
:1042200000D000D01F921F92CDB7DEB78B01FC01EA
:1042300023A5211102C00E94B17F1D821E821F8210
:10424000188620E030E040E05FE36091520D70910D
:10425000530D8091540D9091550D0F94B13C69838D
:104260007A838B839C839E012B5F3F4FAE014F5F10
:104270005F4F6EE47DE08AE49DE00E94BD1F1D82D9
:104280001E821F82188620E030E040E05FE3F801E4
:1042900060857185828593850F94B13C69837A83AB
:1042A0008B839C83B8016C5F7F4F9E012B5F3F4FD8
:1042B000AE014F5F5F4FC8010E94BD1F28960FB629
:1042C000F894DEBF0FBECDBFDF91CF911F910F914C
:1042D00008958091560790915707009731F04AE072
:1042E00050E070E060E00D94BA3260E070E0CB0125
:1042F0000895CF93DF93EB010E94771F882319F075
:104300000E946921EB01CE01DF91CF9108950E94B7
:10431000692197FD0CC00E9469216F3F71058105DD
:10432000910509F034F40E946921862F089580E0F8
:1043300008958FEF0895CF93C62F0E94771F88238B
:1043400019F0CF910C9487218C2FCF9108958091F3
:10435000560790915707892B41F00E94872191E0E1
:10436000811101C090E0892F089591E0FCCFCF9397
:10437000DF93C82FD62F0E94771F882321F0DF916B
:10438000CF910C94A7218C2F0E94461F811101C050
:104390008D2FDF91CF9108950E946921CB0108955F
:1043A000CF93DF93EB010E94771F882321F0DF91E9
:1043B000CF910C94CC21CE01DF91CF9108950F9332
:1043C0001F93CF938091560790915707009709F15B
:1043D000FC018F01C1912C2F2F7DA1F0C53431F04C
:1043E000C53621F0C83511F0C83799F7F8011082A9
:1043F00070E060E00F945C31F801C083CF911F91B1
:104400000F91089570E060E0CF911F910F910D948E
:104410005C3160E070E0CB01F1CFCF92DF92EF92A0
:10442000FF926A017B010E94771F882331F0FF9081
:10443000EF90DF90CF900C94DF21C701B601FF9081
:10444000EF90DF90CF9008950C9481790F931F9394
:10445000CF9310925E0710925D072FE320936407BD
:104460001092630710926207109261079C01F90194
:1044700090812F5F3F4F9032D1F39E34C9F48181F8
:1044800090ED980F9A3020F08D3211F08B3281F43C
:1044900032969F012F5F3F4F808180538A3008F40E
:1044A00075C09F012F5F3F4F8081803209F470C03B
:1044B000F093490DE093480D8F010F5F1F4FC081AE
:1044C0006AE270E0C8010F94FF3F009731F0FC01F1
:1044D000319780818032E1F31182CD3429F0C435E7
:1044E00019F0C73409F04EC0F80180810F5F1F4FEB
:1044F0008032D1F380538A3008F044C0C0936407FF
:1045000030E020E04AE0DF011196429FC001439F66
:10451000900D11249C01205331098081280F311DF9
:1045200087FD3A95818190ED980F9A3098F13093FC
:104530006307209362078E3261F4329690E04AE07E
:10454000DF0131968C9150ED580F5A3028F190933D
:104550006107FD01119680818032D9F3F0936007E5
:10456000E0935F07CD3441F52E31310539F0D0F4B9
:104570002731310519F02C313105F1F4F0935E0744
:10458000E0935D07CF911F910F910895F90181CFBD
:10459000F90187CFFD01B7CF949F800D112490EDD5
:1045A000980FCECF2537310538F02737310530F356
:1045B000203A83E0380711F350E040E0CF01019644
:1045C0006081662309F45AC0613291F4CD3481F4DC
:1045D0002032310569F490935E0780935D0763E2B2
:1045E00070E00F94FF3F009769F2FC011082CACF80
:1045F000FC01DF018D91803271F090ED980F9A30BF
:1046000008F18E3251F4918190539A30D8F04115CF
:104610005105E1F414C0FD01ECCF8D3211F08B3265
:1046200059F4918160ED690F6A3060F09E3221F497
:10463000928190539A3030F04115510519F4AF0131
:104640004150510981548A3108F4B8CFDF01FD018E
:104650008D91882309F4B2CF90ED980F9A30B8F37A
:1046600093ED980F923098F38B3289F3CF01019636
:104670006081603209F0A2CFFC01F8CF50935E0751
:1046800040935D077FCF81E08093D1120895FC01B4
:104690006591759185919491089580E00D94BE1770
:1046A000682F70E090E080E00C9481799B01AC0170
:1046B000485F5F4FBC016C5F7F4F0C94BD1F2F9212
:1046C0003F924F925F926F927F928F929F92AF92A2
:1046D000BF92CF92DF92EF92FF920F931F93CF93EF
:1046E000DF93CDB7DEB7A6970FB6F894DEBF0FBE47
:1046F000CDBF8C011B015A87498740904A0D5090CD
:104700004B0D60904C0D70904D0D80904E0D909023
:104710004F0DA090500DB090510DDB018D919D91EA
:104720000D90BC91A02D8B8B9C8BAD8BBE8B9C0177
:10473000AD01C301B2010F94B03C6B017C01D1010A
:1047400014968D919D910D90BC91A02D8F8B988F7B
:10475000A98FBA8F9C01AD01C501B4010F94B03C83
:104760006B8F7C8F8D8F9E8FA985BA858D919D9142
:104770000D90BC91A02D8B879C87AD87BE879C0137
:10478000AD01C301B2010F94B03C6F8F78A389A330
:104790009AA3A985BA8514968D919D910D90BC918F
:1047A000A02D8F87988BA98BBA8B9C01AD01C50179
:1047B000B4010F94B03C6BA37CA38DA39EA3A7016F
:1047C0009601C701B6010F9433366B017C012B8D26
:1047D0003C8D4D8D5E8DCA01B9010F9433369B011E
:1047E000AC01C701B6010F94B13C4B015C012B89B0
:1047F0003C894D895E896B857C858D859E850F946E
:10480000B03C2B013C012F89388D498D5A8D6F8525
:10481000788989899A890F94B03C6B017C01A30146
:104820009201C301B2010F9433362B013C01A70161
:104830009601C701B6010F9433369B01AC01C30149
:10484000B2010F94B13C0F945F3F6B017C012F8D3F
:1048500038A149A15AA1CA01B9010F9433362B01DD
:104860003C012BA13CA14DA15EA1CA01B9010F944D
:1048700033369B01AC01C301B2010F94B13C9B01E3
:10488000AC01C501B4010F94113F1816B4F520E036
:1048900030E0A901C701B6010F94113F87FF2AC07C
:1048A000C701B601905820E030E040EA50E40F9490
:1048B000113F181614F5A10169857A85C8010E9477
:1048C0005F23A6960FB6F894DEBF0FBECDBFDF9173
:1048D000CF911F910F91FF90EF90DF90CF90BF90FD
:1048E000AF909F908F907F906F905F904F903F9090
:1048F0002F900895C701B601D6CF20E030E040E008
:1049000050E4C501B4010F94113F181624F4B1010D
:10491000C8010E940C2119821A821B821C82BE01CE
:104920006F5F7F4FC1010E9456232DEC3CEC4CEC95
:104930005CE3C701B6010F9433369B01AC01F8016B
:1049400060817181828193810F9433366D837E8380
:104950008F839887D8019B968C919B978823C9F069
:104960002AE939E949E95FE314966D917D918D91CA
:104970009C9117970F94333669837A838B839C833A
:10498000BE016F5F7F4F84E89CE00E945623F801D0
:1049900013A6BE016B5F7F4F89859A850E945623BF
:1049A00090CF3F924F925F926F927F928F929F92A1
:1049B000AF92BF92CF92DF92EF92FF920F931F932D
:1049C000CF93DF93CDB7DEB76C970FB6F894DEBF09
:1049D0000FBECDBF8C01DB018C91A42EA80EB4E0DC
:1049E000BA1508F4E4C0FB01B180322E3B0CB315BC
:1049F00008F4DDC0EB2DF0E0E45BF84FE081F0E07F
:104A0000082E02C0F595E7950A94E2F7E0FFCFC0C3
:104A1000E32DF0E0E45BF84FE081F0E00A2C02C007
:104A2000F595E7950A94E2F7E0FFC1C0822E942E37
:104A30000E94E21E6B017C01692D660F770B072E29
:104A4000000C880B990B0F94D4352B013C01AC0161
:104A50009B01C701B6010F94B13C6B017C01CD866F
:104A6000DE86EF86F88A8A2D0E94E21EA30192015B
:104A70000F94B03C698F7A8F8B8F9C8F69837A8378
:104A80008B839C838B2D0E94C71E2B013C01682DBC
:104A9000660F770B072E000C880B990B0F94D435FB
:104AA0004B015C01AC019B01C301B2010F94B13C0D
:104AB0002B013C01498A5A8A6B8A7C8A832D0E9489
:104AC000C71EA50194010F94B03C4B015C018D827F
:104AD0009E82AF82B886F80180859185A285B385D4
:104AE00089879A87AB87BC878D8B9E8BAF8BB88F5E
:104AF00020E030E040E85FE3C301B2010F94CD3520
:104B000087FF6DC080E090E0A0E8BFE3898B9A8BBF
:104B1000AB8BBC8B20E030E040E85FE3C501B40123
:104B20000F94CD3587FF6BC080E090E0A0E8BFE335
:104B30008D839E83AF83B88720E030E040E85FE359
:104B4000C701B6010F94CD3587FF69C080E090E0C2
:104B5000A0E8BFE38D879E87AF87B88B20E030E069
:104B600040E85FE3698D7A8D8B8D9C8D0F94CD35F8
:104B700087FF65C080E090E0A0E8BFE389839A8367
:104B8000AB83BC83CE010D960E94861E882379F0EC
:104B9000CE0101960E94861E882349F0AE014F5F28
:104BA0005F4FBE01635F7F4FC8010E945F236C9619
:104BB0000FB6F894DEBF0FBECDBFDF91CF911F912E
:104BC0000F91FF90EF90DF90CF90BF90AF909F90AC
:104BD0008F907F906F905F904F903F90089520E06E
:104BE00030E84AE953E4C301B2010F94113F1816AB
:104BF0000CF090CF80E090E8AAE9B3E487CF20E002
:104C000030E84AE953E4C501B4010F94113F181686
:104C10000CF092CF80E090E8AAE9B3E489CF20E0DD
:104C200030E04DE953E4C701B6010F94113F181667
:104C30000CF094CF80E090E0ADE9B3E48BCF20E0BE
:104C400030E04DE953E4698D7A8D8B8D9C8D0F9406
:104C5000113F18160CF096CF80E090E0ADE9B3E478
:104C60008DCFCF92DF92EF92FF92CF936B017C01B9
:104C7000C42F8091A80B8F5F09F4B5C08093A80B57
:104C80008091A80B8093570C20E030E040E752E47D
:104C900060913702709138028091390290913A0206
:104CA0000F9433360F94243E7093BA0B6093B90B74
:104CB000C092BB0BD092BC0BE092BD0BF092BE0B2E
:104CC0008091560CC0FB80F98093560C8CE0E1EB90
:104CD000F7E1AFEBBBE001900D928A95E1F78CE034
:104CE000EFEBF8E1ABECBBE001900D928A95E1F7B8
:104CF0008091F0169091560C80FB94F99093560C8D
:104D0000882381F08091EC169091ED16A091EE161B
:104D1000B091EF168093D70B9093D80BA093D90B3B
:104D2000B093DA0B8091CE129091CF129093DC0B5E
:104D30008093DB0B8091A2129091A3129093DE0BD3
:104D40008093DD0B8091440D8093DF0B8091560C96
:104D500090917C0C90FB83F98093560C80917D0C94
:104D600090917E0CA0917F0CB091800C8093E00B11
:104D70009093E10BA093E20BB093E30B0F94FB0431
:104D80006093510C7093520C8093530C9093540C7D
:104D900080915C078093550C9091830C8091560C08
:104DA00093FB81F99091CC1890FB82F98093560C7B
:104DB00080E00E94B0EF40E050E0BA0188EE94E15C
:104DC0000E9445C840EB50E068EA7BE088EE94E141
:104DD0000E94D9C888EE94E1CF91FF90EF90DF90C8
:104DE000CF900C9406CC81E049CF4F925F926F92A6
:104DF0007F928F929F92AF92BF92CF92DF92EF926B
:104E0000FF920F931F93CF93DF9300D01F92CDB7E4
:104E1000DEB719821A821B821C829AEDA92E93E0BA
:104E2000B92ECE0101964C0124E8C22E2CE0D22EE0
:104E30003AE4E32E3DE0F32E10E000E0F50181912D
:104E40005F010E94771FF40181934F01882309F4C9
:104E5000C1C00E94DF212B013C01802F0E94701EE7
:104E6000882309F4A7C0F701208131814281538151
:104E7000C301B2010F94B13CF60160837183828358
:104E800093830F5F1F4FF4E0CF0ED11C84E0E80E38
:104E9000F11C0330110591F685E40E94771F8C8385
:104EA000882309F4A2C00E94DF216B017C0183E00A
:104EB0000E94701E882371F02091560D3091570D7D
:104EC0004091580D5091590DC701B6010F94B13C56
:104ED0006B017C01C092900CD092910CE092920CEC
:104EE000F092930C8091580C882391F18091E314F7
:104EF00082FF2EC087FD2CC08C81882349F18981D7
:104F0000811103C08A81882319F12DEC3CEC4CE41B
:104F10005DE36091B10B7091B20B8091B30B9091F6
:104F2000B40B0F94B13C9B01AC016091520D709198
:104F3000530D8091540D9091550D0F94113F1816FB
:104F40003CF440E060E070E080E090E40E943126B4
:104F500040E050E0BA0186E40E940D2220E030E0FB
:104F6000A9010F94113F181684F40E94DF2120E05C
:104F700030E040E752E40F94AB3D6093370270930A
:104F800038028093390290933A020F900F900F905D
:104F90000F90DF91CF911F910F91FF90EF90DF90D5
:104FA000CF90BF90AF909F908F907F906F905F90C9
:104FB0004F900895F801EE0FFF1FEE0FFF1FE65A06
:104FC000F24F2081318142815381C301B2010F949C
:104FD000B03C52CFF70180819181A281B381F6016B
:104FE00080839183A283B3834CCF8091560D90919F
:104FF000570DA091580DB091590D8093900C90933E
:10500000910CA093920CB093930C6CCFE8EAFBE068
:1050100080EBDF011D928A95E9F708958091580C85
:10502000811104C00E9406280C943CF08091E31486
:1050300082FF09C087FD07C040E060E070E080E0CB
:1050400090E40C94312608958091A80B882361F098
:105050009091570C891308C08091E31484FF04C019
:1050600084EE9BE00C94CDCF80E00895FC01238179
:1050700021110C9406CC0895CF93DF93C091CE12EA
:10508000D091CF12209729F16091CA127091CB1262
:105090008091CC129091CD120F941D3E6E5F7F4F88
:1050A00024976C177D07ACF4709332176093311717
:1050B0000E94BB94605A75418F4F9F4F6093331786
:1050C000709334178093351790933617DF91CF91F3
:1050D00008951092331710923417109235171092CA
:1050E0003617F4CFCF92DF92EF92FF921F93CF93B8
:1050F000DF93182F662351F010924B071092470749
:10510000109248071092490710924A070E94BB94D8
:105110006B017C018091470790914807A091490756
:10512000B0914A07A7019601281B390B4A0B5B0B6C
:10513000DA01C901B7FD3DC020914B0717FD13C02F
:10514000412F012E000C550B4C5F5F4F822F022E1A
:10515000000C990B4817590764F184EF91E0A0E027
:10516000B0E0211724F488EE93E0A0E0B0E08C0DCD
:105170009D1DAE1DBF1D8093470790934807A093C8
:105180004907B0934A072170C22F30E0D32F84E241
:105190008C9FB0018D9F700D7C1B112460597C4F3A
:1051A00082E390E00F94B00880914B078F5F80936B
:1051B0004B07DF91CF911F91FF90EF90DF90CF9041
:1051C0000895CF93DF93C091A212D091A31220979C
:1051D00029F160919E1270919F128091A01290917E
:1051E000A1120F941D3E6E5F7F4F24976C177D07B1
:1051F000ACF470932817609327170E94BB94605EED
:1052000070448D4F9F4F6093291770932A17809396
:105210002B1790932C17DF91CF9108951092291797
:1052200010922A1710922B1710922C17F4CFCF93AD
:10523000DF939091830C93FD3CC0C82F83E50E94BF
:10524000771FD82F882371F10E94CC218C389105CB
:105250009CF59093A3128093A2120E94E128609182
:10526000A2127091A312072E000C880B990B0F94B9
:10527000D43520919E1230919F124091A0125091EE
:10528000A1120F94113F60E01816CCF48AEE96E15B
:105290000F94080ACC2369F060E08D2FDF91CF9145
:1052A0000C9485D1CC2329F082E50E94771F8111CF
:1052B000CBCFDF91CF9108958CE890E0CACF8BEDF2
:1052C00096E1E6CFCF93C1E020E030E0A901609104
:1052D000D5187091D6188091D7189091D8180F943E
:1052E000CD35811101C0C0E08C2FCF9108954F9230
:1052F0005F926F927F928F929F92AF92BF92CF9266
:10530000DF92EF92FF920F931F93CF93DF93EC0105
:105310002091CD183091CE184091CF185091D018CF
:10532000688179818A819B810F94B03C6B017C01FB
:105330002091D1183091D2184091D3185091D4189F
:105340006C817D818E819F810F94B03C4B015C010B
:10535000A701960160913F07709140078091410736
:10536000909142070F94CD35882309F450C0C09224
:105370003F07D0924007E0924107F0924207209108
:105380003707309138074091390750913A07C701E4
:10539000B6010F9433362B013C010F94533E6B0141
:1053A0007C0120E030E0A9010F94CD3587FD70C06D
:1053B00020E030E040E450E4C701B6010F94113F13
:1053C00018162CF4C12CD12CC0E4EC2EFE2CA70115
:1053D0009601C301B2010F94B03C60932F07709304
:1053E00030078093310790933207C701B6010F94BD
:1053F0001D3E60932D07062E000C770B6F5F7F4FCD
:105400006430710514F064E070E060932B07D09174
:10541000290710912D07A501940160914307709110
:10542000440780914507909146070F94CD3581112F
:1054300033C0D11381C020911107309112074091E0
:1054400013075091140760912F07709130078091D6
:105450003107909132070F94333620911507309120
:10546000160740911707509118070F94B13CDF9130
:10547000CF911F910F91FF90EF90DF90CF90BF9051
:10548000AF909F908F907F906F905F904F90089516
:10549000C12CD12C76019BCF809243079092440778
:1054A000A0924507B092460720913B0730913C07F8
:1054B00040913D0750913E07C501B4010F9433362A
:1054C0004B015C010F94533E6B017C0120E030E006
:1054D000A9010F94CD3587FDF3C020E030E040E412
:1054E00050E4C701B6010F94113F18162CF4C12CDB
:1054F000D12CB0E4EB2EFE2CA7019601C501B4011E
:105500000F94B03C60933307709334078093350752
:1055100090933607C701B6010F941D3E60932E0786
:10552000062E000C770B6F5F7F4F6430710514F00F
:1055300064E070E060932C07C0912E07D11305C082
:1055400080912A078C1709F470C080912D079091E3
:105550002E0790932A07809329070C2E000CDD0B51
:1055600025E01203C0011124FC01EC0FFD1FEE0F1A
:10557000FF1FEE0FFF1FEC56F34F20813181428158
:105580005381209325073093260740932707509394
:10559000280700912C07002E000C110BFC01E00FD6
:1055A000F11FEE0FFF1FEE0FFF1FEC56F34F608150
:1055B0007181828193810F94B03C60932107709335
:1055C0002207809323079093240720912B0735E02F
:1055D0002303F0011124CE0FDF1FCC0FDD1FCC0FF2
:1055E000DD1FCC56D34F288139814A815B812093BE
:1055F0001D0730931E0740931F0750932007E00FAD
:10560000F11FEE0FFF1FEE0FFF1FEC56F34F6081EF
:105610007181828193810F94B03C609319077093DC
:105620001A0780931B0790931C0780903307909074
:105630003407A0903507B0903607209121073091AC
:1056400022074091230750912407C501B4010F940C
:105650003336209125073091260740912707509136
:1056600028070F94B13C6B017C01C0921507D092C2
:105670001607E0921707F09218072091190730914A
:105680001A0740911B0750911C07C501B4010F94E4
:10569000333620911D0730911E0740911F0750910E
:1056A00020070F94B13CA70196010F94B03C609382
:1056B0001107709312078093130790931407BBCEC2
:1056C000C12CD12C760118CFEFE3F7E080EF9FEFEC
:1056D000A9E7B4EC84839583A683B7838083918301
:1056E000A283B383E9E2F7E08DE9818380830895A3
:1056F0008F929F92AF92BF92CF92DF92EF92FF92E2
:10570000FC0198E0A5EDB8E101900D929A95E1F7C2
:1057100088E0FB01ADECB8E101900D928A95E1F7CC
:10572000C090D518D090D618E090D718F090D8181F
:1057300020E030E0A901C701B6010F94CD358823E0
:10574000E1F1A701960160E070E080E89FE30F942B
:10575000AB3D6B017C018090D9189090DA18A09035
:10576000DB18B090DC1820E030E0A901C501B401DD
:105770000F94CD35882329F1A501940160E070E0F4
:1057800080E89FE30F94AB3DC0923707D092380773
:10579000E0923907F0923A0760933B0770933C0719
:1057A00080933D0790933E07FF90EF90DF90CF905E
:1057B000BF90AF909F908F900895C12CD12C76010F
:1057C000CACF60E070E0CB01DFCFEFE6F0E0808190
:1057D0008260808308958091311090913210892BDE
:1057E00079F48091311090913210892B49F42091F5
:1057F00031103091321081E0232B19F480E00895AC
:1058000081E008958F929F92AF92BF92CF92DF92E4
:10581000EF92FF92CF93DF93EC0180907D0C9090FC
:105820007E0CA0907F0CB090800C20E030E0A901AD
:10583000C501B4010F94CD35882309F45EC0C8803A
:10584000D980EA80FB8020E030E0A901C701B601E1
:105850000F94CD3518160CF050C0A7019601C50164
:10586000B4010F94CD3518160CF04CC02091740C77
:105870003091750C4091760C5091770CC701B601B0
:105880000F94CD35882331F1C092740CD092750CF1
:10589000E092760CF092770C2091780C3091790C94
:1058A00040917A0C50917B0C688179818A819B812F
:1058B0000F9433369B01AC0160E070E080E89FE319
:1058C0000F94B03C60930202709303028093040231
:1058D000909305026091020270910302809104028C
:1058E00090910502DF91CF91FF90EF90DF90CF90E4
:1058F000BF90AF909F908F90089560E070E080E837
:105900009FE3F0CF60E070E0CB01ECCFCF92DF926D
:10591000EF92FF926B017C0183E3C816D104E1048E
:10592000F10470F082E3C81AD108E108F10862E3DB
:1059300070E080E090E00E9420940E9449D8ECCF73
:10594000C701B6010E942094FF90EF90DF90CF90A6
:105950000C9449D81092A40B8091FF1690910017D7
:10596000A0910117B09102178093FB169093FC163B
:10597000A093FD16B093FE160895909134101092E6
:1059800034109230B9F09430C1F09130E1F48823B2
:1059900019F0813021F008959093A50B089582E0CD
:1059A0008093A50B8091A40B882369F010929D072A
:1059B0000C94AA2C1092A60B08958CEA94E3909371
:1059C000DF078093DE0708956C98749A0C94AA2CD4
:1059D0009091E31494FB882780F994FF06C081E03E
:1059E00090914A16911101C080E008950E94E82C20
:1059F000882339F08091E31482FB882780F991E0B5
:105A0000892708958091590C811106C08091331027
:105A1000823011F00C94F62C81E008950D94BC07AF
:105A200081E00895CF93DF93EC01E62F660FFF0B23
:105A3000E651F74EE491E250E13108F0B0C0F0E0F9
:105A40008827EA5DF24D8F4F0D94A83C372DCF2D5E
:105A5000CF2DCF2DCF2D612D432D852D832D632D62
:105A6000A92DA72D872DCF2DCD2DCB2DAB2D82E1AF
:105A7000E5E6F2E0DE0101900D928A95E1F7CE01B4
:105A8000DF91CF91089581E020EB30E039832883C6
:105A900021EB30E03B832A831D821C8223EB30E024
:105AA0003F832E8324EB30E0398728871B861A86B4
:105AB0001D861C8692E09E878F8781E0888B198ADD
:105AC000DECF80E0E1CF81E08F5F20E930E03983F5
:105AD000288321E930E03B832A8322E930E03D83BB
:105AE0002C8328E930E03F832E832AE930E0398790
:105AF00028872CE930E03B872A8726E930E03D877C
:105B00002C8793E0D8CF80E0DFCF80E0DECF81E04C
:105B10008F5F20EA30E03983288321EA30E03B833D
:105B20002A8322EA30E03D832C8328EA30E03F8359
:105B30002E832AEA30E0398728872CEA30E03B8739
:105B40002A8726EA30E03D872C8794E0B4CF80E0B6
:105B5000DFCF80E0DECF81E08F5F20E231E039836C
:105B6000288321E231E03B832A8322E231E03D8336
:105B70002C8328E231E03F832E832AE231E039870B
:105B800028872CE231E03B872A8726E231E03D87F7
:105B90002C8795E090CF80E0DFCF80E0DECF82E100
:105BA000FE0111928A95E9F76ACF9091D10095FD97
:105BB0000CC09091D00095FF08C08093D6008091D2
:105BC000D00080648093D0000895209178062F5FE4
:105BD0002F770FB607FC27C090917906921328C043
:105BE0009091D00095FF1EC0909179064091780663
:105BF000941306C09091D1009F7D9093D10012C064
:105C0000E92FF0E0E858F94F32819F5F9F7730939A
:105C1000D600909379063091D00030643093D00054
:105C2000491741F3D9CF90917906921301C0FBCF68
:105C3000E0917806F0E0E858F94F828320937806E7
:105C40008091D10080628093D10008958091741872
:105C5000909175182FEF3FEF981751F0E92FF0E072
:105C6000EC58F74E228130E09F5F9F739093751838
:105C7000C90108951F920F920FB60F9211240BB60F
:105C80000F922F938F939F93EF93FF9380917906B9
:105C900020917806821306C08091D1008F7D809379
:105CA000D10012C0E82FF0E0E858F94F92818F5FE1
:105CB0008F779093D600809379069091D00090646E
:105CC0009093D000281741F3FF91EF919F918F910E
:105CD0002F910F900BBE0F900FBE0F901F90189535
:105CE0001F920F920FB60F9211240BB60F920F93C3
:105CF0001F932F933F934F935F936F937F938F9354
:105D00009F93AF93BF93CF93DF93EF93FF93C09194
:105D1000D60000917518D091741811E01D0F1F73F3
:105D200090917706943108F0B1C0E92FF0E0882710
:105D3000E356F14D8F4F0D94A83CB12EE02EEF2E7F
:105D4000012F082F462F0C2F462F102F142F462FD0
:105D5000182F1C2F462F212F262F2B2F332F462F66
:105D60003E2FC03229F028F5CA3011F0CD3031F580
:105D7000011731F0ED2FF0E0EC58F74EC283D12F30
:105D8000D0937418FF91EF91DF91CF91BF91AF91B4
:105D90009F918F917F916F915F914F913F912F9143
:105DA0001F910F910F900BBE0F900FBE0F901F9081
:105DB0001895CD3481F081E0CE3471F083E10CC0D0
:105DC000CA3338F4C033A0F6C03291F2CD32B1F705
:105DD000CFCFCD3499F782E080937706C9CFC43313
:105DE00071F030F4C03221F283E0C133A9F3E6CF81
:105DF0008BE0C53389F38EE0C83371F3DFCF88E0E1
:105E0000EBCF84E0C03341F386E0C13329F3D6CF32
:105E100085E0C83399F6E0CF87E0C23379F6DCCF6E
:105E200089E0C13359F6D8CF8AE0C03339F6D4CFF0
:105E30008CE0C23319F6D0CF8DE0C43309F0BECF69
:105E4000CBCF8FE0C73309F0B9CFC6CF80E1C633DF
:105E500009F0B4CFC1CFC03209F48ACF81E1C33594
:105E600009F4BACFABCF80ED8C0F8A3008F080CF29
:105E700092E190937706809376067ACFCA3019F034
:105E8000CD3009F075CF1092770672CFCA3019F075
:105E9000CD3009F06DCF8091D7148823A1F39A30CB
:105EA000B9F040F4953079F0973069F781E080934C
:105EB0002F17E9CF9D3081F0923129F78091760636
:105EC0000E94BD2CE0CF10925E021092A60BDBCF99
:105ED00081E080932E17D7CF81E080932D17D3CF09
:105EE0009091C00095FFFCCF8093C6000895CF939A
:105EF000DF93EC01FE0184912196882319F00E9422
:105F0000702FF8CFDF91CF910895E091540E81E684
:105F1000E89FF0011124EA54F14F8081811107C0FC
:105F200082EF91E30E94772F8AE00C94702F0895FE
:105F3000CF93C62F0E94772F8C2FCF910C94702F68
:105F40000F931F93CF938C01C62F82E299E00E949A
:105F5000772FC8010E94772FCC2331F08AE0CF91B0
:105F60001F910F910C94702FCF911F910F91089555
:105F7000CF92DF92EF92FF920F931F93CF93DF9315
:105F8000CDB7DEB72C970FB6F894DEBF0FBECDBFEE
:105F900083E50E94771F882321F00E9469210E94D7
:105FA000141F84E50E94771F8823A9F00E946921AD
:105FB0006B017C010F942D05C092BB18D092BC18C8
:105FC000E092BD18F092BE18CD28CE28CF2819F047
:105FD00081E0809333108091590C882361F180E037
:105FE00090E0A0EAB1E489879A87AB87BC871D82DD
:105FF0001E821F82188619821A821B821C8210E060
:1060000000E020E0AE01475F5F4FBE016B5F7F4F56
:10601000CE0101960E948EBB2C960FB6F894DEBF7F
:106020000FBECDBFDF91CF911F910F91FF90EF90E9
:10603000DF90CF9008950E94E82C882381F00E9481
:1060400050C40E940E2D84EE9BE00E94BFCB1092A4
:106050004F0E1092500E1092510E1092520E61E09F
:1060600085EA94E30E94A02F47E05FE16EEB76E1C2
:1060700085E00E949C790E94F579CECF60E08CE8A3
:106080009EE10E94A02F8AE399E00E94772F8AE088
:106090000C94702FCF93DF93EC0160E08CE89EE1CD
:1060A0000E94A02F83E499E00E94772F80E20E9453
:1060B000702FCE010E94772F8AE0DF91CF910C9450
:1060C000702F60E08CE89EE10E94A02F8EE399E0A3
:1060D0000E94772F8AE00C94702FDF92EF92FF924C
:1060E0000F931F93CF93DF93D82E7B018A01E90191
:1060F0000E943E30D092341060E08CE89EE10E9415
:10610000A02F84E99EE10E94772F80E20E94702FE9
:10611000C7010E94772F8AE00E94702F0115110598
:1061200019F0C8010E944A30209719F0CE010E9450
:106130004A30DF91CF911F910F91FF90EF90DF9048
:106140000C946130811107C088EB90E10E94772F99
:106150008AE00C94702F8CEB90E1F8CF64EA70E148
:106160000E94827C6091580C605D8BE990E10E94F6
:10617000982F87E990E10E94772F8091580C0C941A
:10618000A23083E997E00C94772F2F923F924F92A1
:106190005F926F927F928F929F92AF92BF92CF92B7
:1061A000DF92EF92FF920F931F93CF93DF93CDB7C0
:1061B000DEB72E970FB6F894DEBF0FBECDBF87E0D7
:1061C0000F94AA148111C0C090EDC92E96E3D92E68
:1061D0008AE49DE09E878D87FE0131961F017F0135
:1061E00010E000E0C6010E944723ED85FE85819006
:1061F0009190A190B190FE87ED87A50194010F9435
:10620000B03C2B013C01F7014082518262827382D3
:1062100020E030E040EA51EC0F94113F87FD0AC0C6
:1062200020E030E040EA51E4C301B2010F94CD35E3
:1062300018167CF4F801ED57F84CE4911E164CF456
:10624000B7FAB094B7F8B094F70180829182A28235
:10625000B382F70181909190A190B1907F0120E0ED
:1062600030E040EA51ECC501B4010F94113F87FDC5
:1062700042C020E030E040EA51E4C501B4010F948F
:10628000CD351816C4F10F5F1F4FF4E0CF0ED11CAF
:106290000330110509F0A6CF81EBE82E87E1F82E37
:1062A00010E0F10181919191A191B1911F01F7014C
:1062B00081939193A193B1937F01812F0E947AFDE5
:1062C0001F5F133071F70F94CC0260E081E696E116
:1062D0000F94080A63E972E084E690E00F94B00836
:1062E00070E060E08AE090E00F94B0086AEB72E042
:1062F00084E690E00FC00E94C1308FE796E10E94D3
:10630000772F61E081E796E10F94080A68E270E078
:1063100080E991E02E960FB6F894DEBF0FBECDBF98
:10632000DF91CF911F910F91FF90EF90DF90CF9071
:10633000BF90AF909F908F907F906F905F904F90A5
:106340003F902F900D94B0082E960FB6F894DEBFB4
:106350000FBECDBFDF91CF911F910F91FF90EF90B6
:10636000DF90CF90BF90AF909F908F907F906F9075
:106370005F904F903F902F9008958DE897E00C9498
:10638000772F811102C00C94BD310895CF9384E51D
:106390000E94771FC0E0882309F10E948721C82F3F
:1063A0001816E4F40E94BD318DE40E94702F6091B4
:1063B00062077091630790E080E00E94AF768EEFF5
:1063C00090E10E94772F6C2FCC0F770B880B990BE5
:1063D0000E9481798AE00E94702FCFEF8C2FCF919D
:1063E00008950F931F93CF93811116C0C42F8B0173
:1063F0000E94BD318BEF90E10E94772FC8010E946F
:10640000772FCC2349F08AE30E94702F8AE0CF9146
:106410001F910F910C94702FCF911F910F910895A0
:10642000CF93C82F82E0C11184E060E00E94A5797B
:106430000E94BD318BE599E0CC2311F080E799E013
:10644000CF910C94772FCF92DF92EF92FF926A0157
:106450007B010E94772F42E0C701B601FF90EF90C9
:10646000DF90CF900C9472D00F931F93CF9382EE56
:1064700093E00E94221F882309F44FC088E40E9401
:10648000461F882321F00E94A7218093550762E5CB
:1064900070E080915F07909160070F94FF3F8C013F
:1064A00083E50E94461FC82F012B11F4882341F079
:1064B0000E94AA2CCC2321F00E94A72180939D0743
:1064C00084E40E94461F882311F10E94DF2160931B
:1064D000FF1670930017809301179093021780E5C1
:1064E0000E94461F882309F45AC00E94CC219C01B7
:1064F00033272330310524F02730310509F04FC010
:1065000080930417CF911F910F910C94E42C8CE48D
:106510000E94461F8111D9CFE2CF0E94BD318AEE81
:1065200090E10E94772F80919D07811132C088EB06
:1065300090E10E94772F4091FF16509100176091D3
:106540000117709102178DED90E10E9423328AEDC0
:1065500090E10E94772FC091041781ED90E10E9495
:10656000772F6C2F70E090E080E00E9481798FEBB4
:1065700090E10E94772F8091550781110DC088EB23
:1065800090E10E94772F8AE0CF911F910F910C9498
:10659000702F8CEB90E1CDCF8CEB90E1F2CFCF91CF
:1065A0001F910F910895CF93DF93C82F41E06BE9BE
:1065B0007FE00E94F1318C2F0E94C131C6ECD2E104
:1065C00048A159A16AA17BA182E99FE00E942332E0
:1065D0002CEA35EC47E25EE36CA17DA18EA19FA180
:1065E0000F94AB3DAB01BC018FE89FE00E942332CA
:1065F0002CEA35EC47E25EE368A579A58AA59BA560
:106600000F943336AB01BC018CE89FE00E9423322B
:106610008AE0DF91CF910C94702F0E9423328AE0A0
:106620000C94702FCF93DF9365E576E10E94827C16
:10663000C1EBD7E1488159816A817B818CE496E185
:106640000E9423324C815D816E817F818EE590E2D4
:106650000E942332488559856A857B858BE590E2C7
:10666000DF91CF910C940D33CF93DF9365EB7FE0F7
:106670000E94827CCAE9D2E148A159A16AA17BA10A
:106680008CEA9FE00E9423322CEA35EC47E25EE37D
:106690006CA17DA18EA19FA10F94AB3DAB01BC016C
:1066A00089EA9FE00E9423322CEA35EC47E25EE360
:1066B00068A579A58AA59BA50F943336AB01BC01CB
:1066C00086EA9FE0DF91CF910C940D33CF93DF9357
:1066D00063E17FE00E94827C6091090D70910A0D58
:1066E00080910B0D90910C0D0F94D235AB01BC0134
:1066F0008AE09FE00E9423324091390D50913A0D7B
:1067000060913B0D70913C0D87E09FE00E94233229
:1067100040913D0D50913E0D60913F0D7091400DA7
:1067200084E09FE00E942332CDE8D7E04881598180
:106730006A817B8181E09FE00E9423324C815D81F0
:106740006E817F818EE590E20E94233248855985D3
:106750006A857B858BE590E20E9423324C855D85BE
:106760006E857F8588E590E2DF91CF910C940D33A3
:10677000CF93DF9367EB7EE00E94827CC9EFDCE081
:106780004CA95DA96EA97FA98EEA9EE00E942332E2
:1067900048AD59AD6AAD7BAD8BEA9EE00E942332D5
:1067A0004CAD5DAD6EAD7FAD84E09FE0DF91CF91EC
:1067B0000C940D33CF93DF9363E97EE00E94827CDB
:1067C000C9EFDCE04CA15DA16EA17FA18AE89EE04B
:1067D0000E94233248A559A56AA57BA58EE590E2C3
:1067E0000E9423324CA55DA56EA57FA58BE590E2A6
:1067F0000E94233248A959A96AA97BA988E590E299
:10680000DF91CF910C940D33CF93DF936EE67EE052
:106810000E94827CC9EFDCE0688179818A819B815A
:106820000F94D235AB01BC0185E69EE00E94233275
:106830006C817D818E819F810F94D235AB01BC012B
:106840008EE590E20E942332688579858A859B8552
:106850000F94D235AB01BC018BE590E20E9423324C
:106860006C857D858E859F850F94D235AB01BC01EB
:1068700088E590E2DF91CF910C940D33CF93811195
:1068800012C040E063E57EE00E94F1318091F01695
:10689000811104C086E49EE00E94772F8AE00E9466
:1068A000702F0E94BD31C091F0168DE39EE00E94D2
:1068B000772F8C2F0E9450234091EC165091ED16AB
:1068C0006091EE167091EF168AE39EE0CF910C94E2
:1068D0000D33CF92DF92EF92FF920F931F93CF93DE
:1068E000DF936C017B01EA01C901009711F00E945E
:1068F000772FF601408151816281738181E09FE0B1
:106900000E942332F70140815181628173818EE5BB
:1069100090E20E942332488159816A817B818BE514
:1069200090E20E9423320115110559F0C801DF9150
:10693000CF911F910F91FF90EF90DF90CF900C942B
:10694000772F8AE0DF91CF911F910F91FF90EF9009
:10695000DF90CF900C94702F0F931F939B018A01AF
:10696000AC01485F5F4FBC016C5F7F4F0E94693490
:106970001F910F910895CF93DF93EC01CB010E94FB
:10698000772F88819981892B39F080E20E94702FBE
:10699000888199810E94772F80E20E94702F50E0B9
:1069A00040E070E060E08AE49DE0DF91CF910C94DC
:1069B000AC34FC012281222321F06BEA78E00C94B4
:1069C000BB340895FC01718360834283442321F02A
:1069D00067EA78E00C94BB3408958091830C85FFBE
:1069E00010C080917C0C49ED58E069EE78E081118F
:1069F00004C04DEF58E06EE079E08AE49DE00C942D
:106A0000AC3408951F93CF93DF9300D0CDB7DEB79A
:106A1000182F4091830C45FB442740F96FEA78E03A
:106A2000CE0101960E94E234112321F00E946229D6
:106A30008823E1F080917C0C8117C1F00E94ED3435
:106A40000E9459F88AE49DE00E947CF880917C0CB9
:106A500091E0892780937C0C882321F08AE49DE0D3
:106A60000E9435F70F94BE020E94ED34CE010196CC
:106A70000E94D9340F900F900F90DF91CF911F910A
:106A800008958F929F92AF92BF92EF92FF920F93D1
:106A90001F93CF93DF938091830C85FF04C088EC14
:106AA00098E00E94772F80E00E9402351092D11862
:106AB0001092D2181092D3181092D4181092CD18A8
:106AC0001092CE181092CF181092D0181092D91898
:106AD0001092DA181092DB181092DC181092D51868
:106AE0001092D6181092D7181092D81804E91CE00A
:106AF000C0E0812C912C80ECA82E8FE7B82E780175
:106B0000D0E0F70181929192A192B1927F016D2F15
:106B10008C2F0E941C7DDF5FD53099F7CF5F0C5E14
:106B20001F4FC53061F7DF91CF911F910F91FF90FB
:106B3000EF90BF90AF909F908F900895CF93DF9389
:106B4000EB010E94772FBE01DD0F880B990BDF91BF
:106B5000CF910C9481790E94772F8AE00C94702F4A
:106B60006F927F928F929F92AF92BF92CF92DF925D
:106B7000EF92FF920F931F93CF93DF93CDB7DEB7C2
:106B800064970FB6F894DEBF0FBECDBF1092D00051
:106B90008091D00082608093D0001092D50080E177
:106BA0008093D4008091D10080618093D100809146
:106BB000D10088608093D1008091D100806880935B
:106BC000D1008091D1008F7D8093D1008AE58093A0
:106BD0005A1480930A1485EA80935B1480930B14F3
:106BE000E9EAF4E18EE2DF011D928A95E9F764EFAC
:106BF00071E080E090E00F944C060F94881084E0E0
:106C000096E0909366148093651480EA90E89093E0
:106C100068148093671487E08093591412E81093E6
:106C20005C1480EA90E0A0E0B0E080935D14909363
:106C30005E14A0935F14B093601489E094E10F9404
:106C4000F20660E971E080E090E00F944C0688EE77
:106C500093E00F94800984E690E09093661480930B
:106C6000651405E00093591410935C1486E090E1DC
:106C7000A0E0B0E080935D1490935E14A0935F1445
:106C8000B093601489E094E10F94F2068BE090E0F9
:106C900090936614809365140093591410935C14B8
:106CA00080E092E1A0E0B0E080935D1490935E14E8
:106CB000A0935F14B093601489E094E10F94F206FE
:106CC00010926614109265140093591410935C147A
:106CD00084E390E1A0E0B0E080935D1490935E14B3
:106CE000A0935F14B093601489E094E10F94F206CE
:106CF00010926614109265140093591410935C144A
:106D00008AE390E1A0E0B0E080935D1490935E147C
:106D1000A0935F14B093601489E094E10F94F2069D
:106D20006091CA127091CB128091CC129091CD12C9
:106D30000F941D3E7093661460936514009359146C
:106D400010935C1486E390E1A0E0B0E080935D14C2
:106D500090935E14A0935F14B093601489E094E163
:106D60000F94F20610926614109265140093591451
:106D700010935C1480E590E1A0E0B0E080935D1496
:106D800090935E14A0935F14B093601489E094E133
:106D90000F94F20660919E1270919F128091A01242
:106DA0009091A1120F941D3E709366146093651428
:106DB0000093591410935C148CE390E1A0E0B0E0D0
:106DC00080935D1490935E14A0935F14B09360144D
:106DD00089E094E10F94F2068091440D9091500265
:106DE000899FC0011124880F892F881F990B9195C5
:106DF000B4E68B9FC001112481589F4F6FEF70E064
:106E00000F94943C70936614609365140093591426
:106E100010935C148EE190E1A0E0B0E080935D14EB
:106E200090935E14A0935F14B093601489E094E192
:106E30000F94F206E0E6CE2EE0E1DE2EE12CF12CFE
:106E400010926614109265140093591410935C14F8
:106E5000C0925D14D0925E14E0925F14F0926014C0
:106E600089E094E10F94F206EFEFCE1ADE0AEE0A03
:106E7000FE0AF4E7CF16F0E1DF06E104F10401F7C2
:106E8000CE0101967C0184E1D7011D928A95E9F734
:106E900081E08F9390E99F938F939CE29F938F93D0
:106EA0009F938CEF93E09F938F93FF92EF920F94B9
:106EB000394020E630E140E050E069E074E089E0EC
:106EC00094E10E94C1742AE630E140E050E067E1BD
:106ED00074E089E094E10E94C17424E730E140E06D
:106EE00050E0B70189E094E10E94C1742EE730E1DF
:106EF00040E050E06FE174E089E094E10E94C174E9
:106F000010926614109265140093591410935C1437
:106F10008EE090E1A0E0B0E080935D1490935E1469
:106F2000A0935F14B093601489E094E10F94F2068B
:106F300010926614109265140093591410935C1407
:106F40008FE090E1A0E0B0E080935D1490935E1438
:106F5000A0935F14B093601489E094E10F94F2065B
:106F60000FB6F894DEBF0FBECDBF4AE0C42E40E29C
:106F7000D42EE12CF12C55E0752E62E8662E4601E8
:106F800057010AE010E01092661410926514709296
:106F9000591460925C1480925D1490925E14A092D9
:106FA0005F14B092601489E094E10F94F2060150EE
:106FB0001109FFEF8F1A9F0AAF0ABF0A01151105C9
:106FC00011F72AE0C20ED11CE11CF11C82EDC8169B
:106FD00080E2D806E104F10491F6C12C30E2D32E10
:106FE000E12CF12C05E012E8109266141092651461
:106FF0000093591410935C14C0925D14D0925E14E7
:10700000E0925F14F092601489E094E10F94F2062C
:1070100010926614109265140093591410935C1426
:10702000D701C6018C529F4FAF4FBF4F80935D1465
:1070300090935E14A0935F14B093601489E094E180
:107040000F94F2069FEFC91AD90AE90AF90AAAE0D1
:10705000CA16A0E2DA06E104F10431F62EEDC22EE2
:1070600020E2D22EE12CF12C05E012E810926614F9
:10707000109265140093591410935C14C0925D141F
:10708000D0925E14E0925F14F092601489E094E173
:107090000F94F206BFEFCB1ADB0AEB0AFB0AE6EE0F
:1070A000CE16E0E2DE06E104F10401F7CC24C3943D
:1070B00082E1D82EE12CF12C9AE0A92EB12C05E02A
:1070C00012E8B0926614A0926514009359141093BC
:1070D0005C14C0925D14D0925E14E0925F14F09242
:1070E000601489E094E10F94F206B0926614A092C5
:1070F00065140093591410935C14D701C60180964F
:10710000A11DB11D80935D1490935E14A0935F1434
:10711000B093601489E094E10F94F206FFEFCF1A68
:10712000DF0AEF0AFF0A25E1C21622E1D206E104D6
:10713000F10439F689EF96E10E94AB3564960FB6FB
:10714000F894DEBF0FBECDBFDF91CF911F910F919D
:10715000FF90EF90DF90CF90BF90AF909F908F9077
:107160007F906F900895CF93DF936FEA76E10E944E
:10717000827CC091FE12D091FF12488159816A81B0
:107180007B8186EA96E10E9423324C815D816E818B
:107190007F818EE590E20E9423324091FA12509155
:1071A000FB126091FC127091FD128BE590E20E943F
:1071B000233283EA96E10E94772F8DE996E1DF91F1
:1071C000CF910C94AB35CF93DF93C82F41E06CEC9B
:1071D0007FE00E94F1318C2F0E94C131C4EED6E1D4
:1071E0004C815D816E817F8183EC9FE00E94233220
:1071F000488159816A817B8180EC9FE00E94233223
:107200008DEB9FE00E94772F8DE996E1DF91CF9182
:107210000C94AB35CF93DF93EC0160E08CE299E006
:107220000E94A02FCE01DF91CF910C94AB35CF936C
:10723000DF93CDB7DEB7A8970FB6F894DEBF0FBEC9
:10724000CDBF8C017B01942E0E94B1D50115110593
:1072500009F4C8C00E94BD31C8010E94AB35E114D9
:10726000F10421F497E6E92E9CE2F92E8091B818FA
:1072700080FD89C081608093B818CDB6DEB680E508
:1072800097E00E94AB3581E09AE590936614809375
:10729000651488E590E0909368148093671487E004
:1072A0008093591482E880935C1484E890E0A0E015
:1072B000B0E080935D1490935E14A0935F14B0933C
:1072C000601489E094E10F94F206C8010F941A3516
:1072D0005C01C7010F941A358A0D9B1D03962DB7CB
:1072E0003EB7281B390B0FB6F8943EBF0FBE2DBF1B
:1072F0008DB79EB701965C01FF92EF921F930F939B
:1073000089E497E09F938F93BF92AF920F94643577
:107310008AE289838A838B838C83D501CE0105968B
:10732000EDB7FEB738960FB6F894FEBF0FBEEDBFAF
:10733000BE016F5F7F4FFC01E61BF70B2D91211102
:107340000BC0E60FF71F8AE29F01261B370B28327E
:10735000310534F48193F8CFFC012193CF01EBCFB9
:1073600020E630E140E050E089E094E10E94C17401
:107370006AE070E080E090E00F944C060FB6F8945D
:10738000DEBE0FBECDBE0E94C1308DE697E00E94EA
:10739000772F61E08BE597E00E94A02F89EE93E0C4
:1073A000019739F000C00000EEE5F9E03197F0F701
:1073B000F7CFF89489EE93E0019739F000C0000010
:1073C000E6EEF3E03197F0F7F7CF0E94B1D59920C0
:1073D00031F00E94D2E00E94111FA895FECF0E94BA
:1073E00097E0F9CFE114F10421F487E6E82E8CE26E
:1073F000F82E04E617E03ACF8091660D9091670D64
:107400002FEF3FEF981751F0E92FF0E0EA59F24FD4
:10741000228130E09F5F9F779093670DC9010895A7
:107420001F920F920FB60F9211240F900FBE0F9064
:107430001F9018951F920F920FB60F9211240BB642
:107440000F920F931F932F933F934F935F936F93DD
:107450007F938F939F93AF93BF93CF93DF93EF93DC
:10746000FF93C091C6000091670DD091660D11E0A9
:107470001D0F1F7790917506943108F0B1C0E92F68
:10748000F0E08827E95BF54C8F4F0D94A83C5B3A00
:107490008A3A993AAB3AB23AF03AB63AF03ABA3A4C
:1074A000BE3AF03AC23AC63AF03ACB3AD03AD53A76
:1074B000DD3AF03AE83AC03229F028F5CA3011F046
:1074C000CD3031F5011731F0ED2FF0E0EA59F24FF0
:1074D000C283D12FD093660DFF91EF91DF91CF91B1
:1074E000BF91AF919F918F917F916F915F914F91DC
:1074F0003F912F911F910F910F900BBE0F900FBED8
:107500000F901F901895CD3481F081E0CE3471F04A
:1075100083E10CC0CA3338F4C033A0F6C03291F214
:10752000CD32B1F7CFCFCD3499F782E08093750695
:10753000C9CFC43371F030F4C03221F283E0C133DB
:10754000A9F3E6CF8BE0C53389F38EE0C83371F33E
:10755000DFCF88E0EBCF84E0C03341F386E0C13376
:1075600029F3D6CF85E0C83399F6E0CF87E0C23360
:1075700079F6DCCF89E0C13359F6D8CF8AE0C03341
:1075800039F6D4CF8CE0C23319F6D0CF8DE0C433B6
:1075900009F0BECFCBCF8FE0C73309F0B9CFC6CF4C
:1075A00080E1C63309F0B4CFC1CFC03209F48ACF2D
:1075B00081E1C33509F4BACFABCF80ED8C0F8A30AF
:1075C00008F080CF92E190937506809376067ACF8B
:1075D000CA3019F0CD3009F075CF1092750672CF10
:1075E000CA3019F0CD3009F06DCF8091D7148823BF
:1075F000A1F39A30B9F040F4953079F0973069F7FB
:1076000081E080932F17E9CF9D3081F0923129F7E7
:10761000809176060E94BD2CE0CF10925E021092FF
:10762000A60BDBCF81E080932E17D7CF81E080932C
:107630002D17D3CF8EBD0DB407FEFDCF08958FEF6C
:107640008EBD0DB407FEFDCF8EB5089590916400F8
:107650009B7F90936400982F906A96959CBD80FDC7
:1076600003C091E0863009F490E09DBD0895CF936A
:10767000C62F0E94772F8C2F0E946CD08AE0CF916A
:107680000C94702FAF92BF92CF92DF92EF92FF9245
:107690000F931F93CF93DF93EC018EE898E00E9445
:1076A000772F209711F4C4E9DCE010E007E00150E7
:1076B00021F080E20E94702FFACF812F0E946CD0BF
:1076C0001F5F153099F78AE00E94702F10E080E26A
:1076D0000E94702F812F0E946CD05E0105E080E235
:1076E0000E94702FF501C080D180E280F380A70155
:1076F0009601C701B6010F94A33F882361F180E290
:107700000E94702F8DE30E94702F8DE30E94702FD6
:107710008DE30E94702F8DE30E94702F8DE30E94F5
:10772000702F0150F4E1AF0EB11C0111D8CF8AE0E7
:107730000E94702F1F5F2496153049F68AE0DF9172
:10774000CF911F910F91FF90EF90DF90CF90BF905E
:10775000AF900C94702F20E030E0A901C701B60172
:107760000F94113F87FD03C08BE20E94702F43E00E
:10777000C701B6010E9472D0D4CF2F923F924F9290
:107780005F926F927F928F929F92AF92BF92CF92B1
:10779000DF92EF92FF920F931F93CF93DF93CDB7BA
:1077A000DEB76B970FB6F894DEBF0FBECDBF83E593
:1077B0000E94461F182F30907C0C882319F00E94DD
:1077C000A721382E80914A0D90914B0DA0914C0D20
:1077D000B0914D0D888F998FAA8FBB8F40904E0D21
:1077E00050904F0D6090500D7090510D8091520D42
:1077F0009091530DA091540DB091550D8C8B9D8B94
:10780000AE8BBF8B112329F0311003C080E00E94A2
:10781000023566E570E080915F07909160070F94F4
:10782000FF3F998B888B0E946229882309F4C4C08A
:1078300083E40E94461F882309F49FC00E94DF2131
:107840006B017C01A4E9BCE0BF83AE83B987A88744
:10785000F5E0FD83212C1E8628EC2F8702EC1A868A
:107860001B8688EC8C8792E49D87A885B985BB8BA5
:10787000AA8B15E0EA89FB8981909190A190B19043
:10788000FB8BEA8B2A853B854C855D85C501B40160
:107890000F94CD3587FF04C08A869B86AC86BD8653
:1078A000222D3E854F85502FC501B4010F94113F05
:1078B000181624F4282C9E86AF860B2D1150D1F675
:1078C000FD81F150FD838885998544969987888745
:1078D000F111CBCF222D3E854F85502F6A857B85B8
:1078E0008C859D850F94B13C20E030E040E05FE363
:1078F0000F943336A70196010F94B13C6B017C01C4
:107900002DEB37E346E855EB0F94113F87FD0AC096
:107910002DEB37E346E855E3C701B6010F94CD35AB
:1079200018165CF580E00E94023510E0AE80BF8042
:1079300000E0D5016D917D918D919D915D014D018D
:10794000B4E08B1A9108A70196010F94B03CF401A2
:107950006083718382839383602F812F0E941C7DBB
:107960000F5F053031F71F5F8E819F8144969F83A3
:107970008E831530D9F60E94642BE889F989EF2BA4
:1079800041F00E946229882321F090E080E00E946B
:10799000423B8AE50E94461F882351F00E94DF2166
:1079A00069837A838B839C83CE0101960E94D17F69
:1079B000832D0E9402350CC0311004C0A889B989FA
:1079C000AB2B39F30E94BD318BE89CE00E94772FEE
:1079D000332051F080917C0C811106C00E94C1308F
:1079E0008CE69CE00E94772F0E94BD318EE59CE0E2
:1079F0000E94772F80917C0C0E94A2300E94BD31A2
:107A000081E59CE00E94772FC0907D0CD0907E0C89
:107A1000E0907F0CF090800C20E030E0A901C701DD
:107A2000B6010F94113F18160CF04FC042E0C70189
:107A3000B6010E9472D00E9418C4288D398D4A8DDB
:107A40005B8D60914A0D70914B0D80914C0D909122
:107A50004D0D0F94CD3581111DC0A3019201609190
:107A60004E0D70914F0D8091500D9091510D0F94CE
:107A7000CD3581110FC02091520D3091530D4091A1
:107A8000540D5091550D6C897D898E899F890F9475
:107A9000CD3581110F94CC026B960FB6F894DEBFF2
:107AA0000FBECDBFDF91CF911F910F91FF90EF904F
:107AB000DF90CF90BF90AF909F908F907F906F900E
:107AC0005F904F903F902F9008958CE49CE00E942F
:107AD000772FB3CFCF93DF93EB010E94772FCE01A7
:107AE000DF91CF910C941EC4CF92DF92EF92FF9260
:107AF0000F931F93CF93DF9300D000D01F921F925C
:107B0000CDB7DEB785E798E00E94772F8BE598E048
:107B10000E94772F0091FE121091FF12F801408110
:107B20005181628173818CE498E00E942332F801D4
:107B300044815581668177818EE590E20E942332EF
:107B40004091FA125091FB126091FC127091FD125B
:107B50008BE590E20E942332F801C080D180E28060
:107B6000F38020E030E0A901C701B6010F94113F76
:107B700018160CF0B1C084E498E00E94772FF80149
:107B8000C480D580E680F78020E030E0A901C701FD
:107B9000B6010F94113F18160CF0BCC08FE198E0AD
:107BA0000E94772F8CE098E00E94772FC090FA1205
:107BB000D090FB12E090FC12F090FD1220E030E03B
:107BC000A901C701B6010F94CD3587FDBFC020E0E4
:107BD00030E0A901C701B6010F94113F18160CF44B
:107BE000B8C086ED97E00E94772F82E098E00E946F
:107BF000772F86EE97E00E94772F80917C0C882368
:107C000009F4AAC084EC97E00E94772FC0907D0C05
:107C1000D0907E0CE0907F0CF090800C20E030E063
:107C2000A901C701B6010F94CD35882331F0B70102
:107C3000A6018BEB97E00E940D338AEA97E00E9441
:107C4000772F8AE49DE00E9477296D837E838F835E
:107C50009887CE0105960E94177F0E941EC420E0DF
:107C600030E0A90160917D0C70917E0C80917F0CB9
:107C70009091800C0F94CD358823E1F082E59DE052
:107C80000E94022C9B01AC016D817E818F819885C1
:107C90000F94333669837A838B839C83CE0101965C
:107CA0000E94177FBC0187EA97E00E946A3D89E243
:107CB0000E94702F8AE00E94702F28960FB6F894C9
:107CC000DEBF0FBECDBFDF91CF911F910F91FF900F
:107CD000EF90DF90CF90089520E030E0A901C70138
:107CE000B6010F94CD3587FF03C08DE398E045CFF3
:107CF00020E030E0A901F8016481758186819781D7
:107D00000F94CD35882319F084E398E036CF85E2CF
:107D100098E033CF20E030E0A901C701B6010F940D
:107D2000CD3587FF03C088E198E03ACF20E030E00E
:107D3000A901F80160817181828193810F94CD3511
:107D4000882309F42FCF80E198E02ACF80EE97E0D6
:107D50004ACF80ED97E047CF8AE997E00E94772FDE
:107D6000A9CF7F928F929F92AF92BF92CF92DF92D4
:107D7000EF92FF920F931F93CF93DF93CDB7DEB7B0
:107D800067970FB6F894DEBF0FBECDBF4091830C4E
:107D900045FB442740F966E37EE0CE0145960E940C
:107DA000E2348091830C85FD0E94743D87E00E943F
:107DB000D2FD81112AC06FE470E080915F0790913D
:107DC00060070F94FF3F892B01F18091830C85FFA1
:107DD00004C08BE19EE00E94772FCE0145960E9461
:107DE000D93467960FB6F894DEBF0FBECDBFDF91D2
:107DF000CF911F910F91FF90EF90DF90CF90BF90A8
:107E0000AF909F908F907F9008950E9459F81092A4
:107E1000120260917C0C8CE40E94B721782E80E0E5
:107E20000E9402350E94BB9460932D1070932E1017
:107E300080932F10909330100F94550181E0809320
:107E4000AE170F94DE046AE570E080915F079091B1
:107E500060070F94FF3FFF24F394009709F4F12C7F
:107E600010E0892B69F081E00E94D2FD082F82E0AA
:107E70000E94D2FD11E0811101C010E0011194C1F6
:107E800068E570E080915F07909160070F94FF3F75
:107E9000892B09F089C1112309F489C1012F10E050
:107EA00082E50E94771FE82E812C912C80E8A82E75
:107EB00080E4B82EEE2021F00E94DF214B015C010E
:107EC000898A9A8AAB8ABC8A20E030E0A901C50180
:107ED000B4010F94CD358823C1F0E11007C0111112
:107EE00005C0011103C0FF2009F43EC18091830C3D
:107EF00085FF06C0B501A4018FEF9DE00E940D3300
:107F000060E0CE0141960F946E17112309F45AC018
:107F1000002309F454C010924A0D10924B0D109298
:107F20004C0D10924D0D10924E0D10924F0D10925F
:107F3000500D1092510D0F94BE028EED9BE6ADE8F0
:107F4000B2E48D879E87AF87B88B8FE697E30E9458
:107F5000472320E030E040EC5FE30F943336905845
:107F600069837A838B839C838BE697E30E94472304
:107F700020E030E040EC5FE30F943336905869879F
:107F80007A878B879C87AE01435F5F4FBE016F5F2F
:107F90007F4FCE0109960F942D170F94ED04109288
:107FA0004A0D10924B0D10924C0D10924D0D1092E7
:107FB0004E0D10924F0D1092500D1092510D80E009
:107FC0000F945718002319F081E00F945718FF20E1
:107FD00009F4CAC068E470E080915F07909160077F
:107FE0000F94FF3F892B09F0DBC04091830C45FBC8
:107FF000442740F961EF7DE0CE010D960E94E23406
:1080000083E00F94AA148111A9C00F94BE0220919D
:10801000B1173091B2174091B3175091B41760E087
:1080200070E088EA92E40F94B03C4B015C0120912F
:10803000B5173091B6174091B7175091B81760E057
:1080400070E086E193E40F94B03C6B017C01809179
:10805000520D9091530DA091540DB091550D8093F8
:108060008C0C90938D0CA0938E0CB0938F0C009180
:10807000FE121091FF12F80120813181428153815B
:10808000C501B4010F94B03C4B015C018092840C9B
:108090009092850CA092860CB092870CF8012481F6
:1080A000358146815781C701B6010F94B03C6B0101
:1080B0007C01C092880CD092890CE0928A0CF092DC
:1080C0008B0C27E137EB41ED58EB0F94113F87FD07
:1080D0005BC023E030E04BE953E4C701B6010F94E5
:1080E000CD3518160CF450C027E137EB41ED58EBB5
:1080F000C501B4010F94113F87FD46C023E030E86D
:108100004DE953E4C501B4010F94CD351816E4F1DF
:108110008091830C85FF08C040ED5DE062EE7DE05C
:1081200084E89CE00E94AC3419861A861B861C8663
:1081300088E0E4E8FCE0DE01119601900D928A955A
:10814000E1F7AE01475F5F4FBE016B5F7F4FCE012E
:1081500001960F942D1782E00F945718CE010D96BB
:108160000E94D9340E94F2200F94BE028091AD1774
:108170008093AE17772019F081E00E9402350F94AA
:108180003C010F94CC0229CE60E08FEB9DE00F9470
:10819000080A0E94BD318DEA9DE00E94772FDECF54
:1081A00082E00F945718DECF11110FC011E069E57E
:1081B00070E080915F07909160070F94FF3F01E0AE
:1081C000892B09F400E001136BCE012FF11268CE68
:1081D00011E001E0FF24F39463CE1F93CF93DF936C
:1081E0009091830C93FD3BC0C82F0E94C631182F7D
:1081F00087FD35C083E50E94771FD82F882341F182
:108200000E94CC210F9448056091CE127091CF123C
:10821000072E000C880B990B0F94D4352091CA12AD
:108220003091CB124091CC125091CD120F94113F4E
:108230001816CCF08AEC96E1DD23B9F0CC2379F066
:1082400040E06D2F812FDF91CF911F910C940DD3C2
:10825000CC2329F082E50E94771F8111D1CFDF91D5
:10826000CF911F91089586EB9DE29F938F9385EDAB
:1082700096E19F938F931F920E94797B0F900F90AE
:108280000F900F900F90DACF2F923F924F925F9204
:108290006F927F928F929F92AF92BF92CF92DF9216
:1082A000EF92FF920F931F93CF93DF93CDB7DEB77B
:1082B000C558D1090FB6F894DEBF0FBECDBF8BE312
:1082C0009CE00E94772F87E00F94AA1481116DC063
:1082D00084E50E94771F882321F00E94CC210E9410
:1082E0009CB780E090E0A0E8BFE389839A83AB83EA
:1082F000BC838D839E83AF83B8878DEC9CECACE40C
:10830000BEE389879A87AB87BC8780E090E0A0E2D4
:10831000B1E48D879E87AF87B88B8CE390E09A8B12
:10832000898B8DEC90E09C8B8B8B8DEC9CECACEC7A
:10833000BEE38D8B9E8BAF8BB88F80E090E0A0EE7C
:10834000BFE3898F9A8FAB8FBC8F1BA61CA64AE90F
:1083500059E969E97EE38FE40E940D226D8F7E8FDB
:108360008F8F98A360E083E40E94B72189A360E027
:108370008BE40E94B7218AA382E40E94771F88239E
:1083800081F10E94CC21009761F19C0128523109B2
:108390002536310520F16CE870E08DE09CE00E940C
:1083A0009E3588E09CE00E94772FCB57DF4F0FB6B9
:1083B000F894DEBF0FBECDBFDF91CF911F910F911B
:1083C000FF90EF90DF90CF90BF90AF909F908F90F5
:1083D0007F906F905F904F903F902F9008959A8B71
:1083E000898B8CE40E94771F8823E1F00E94DF21B3
:1083F0006B017C01C986DA86EB86FC8620E030E0E2
:10840000A9010F94113F87FD0AC020E030E040E051
:1084100050E4C701B6010F94CD3518161CF480EE58
:108420009BE0C1CF81E50E94461F882331F18091F6
:10843000560790915707892BE9F00E94DF216B01C5
:108440007C01CD82DE82EF82F8862DEC3CEC4CE4A0
:108450005DE30F94113F87FD0AC020E030E040E764
:1084600051E4C701B6010F94CD35181634F48FEAE4
:108470009BE099CF84E89BE096CF83E50E94771F2D
:108480008823E9F00E94DF216B017C01CD8ADE8A1E
:10849000EF8AF88E2DEC3CEC4CEC5DE30F94113F31
:1084A00087FD0AC020E030E040E050E4C701B6019B
:1084B0000F94CD3518161CF48DE59BE074CF80E544
:1084C0000E94461F882341F18091560790915707DB
:1084D000892B19F485E29BE066CF8BA58F5F8BA774
:1084E0000E94DF216B017C01CD86DE86EF86F88A53
:1084F00020E030E0A9010F94113F87FD0AC020E081
:1085000030E048EC51E4C701B6010F94CD351816A0
:108510001CF48DEF9AE047CF86E40E94771F8823F2
:10852000E9F00E94DF216B017C01C98EDA8EEB8EAF
:10853000FC8E20E030E040E85FE30F94113F87FDC0
:108540000AC020E030E040E850E4C701B6010F94D3
:10855000CD3518161CF484ED9AE025CFC98CDA8C41
:10856000EB8CFC8C8D889E88AF88B88CA701960117
:10857000C701B6010F9433369B01AC0160E070E097
:1085800084E490E40F94AB3D29813A814B815C8176
:108590000F9433362B013C01A5019401C501B401B0
:1085A0000F943336A70196010F9433362CEE31E544
:1085B00048EB5DE30F94AB3D9B01AC01C301B201FD
:1085C0000F94333669837A838B839C8388E40E947B
:1085D000771F882379F00E94CC21009759F09C01E5
:1085E000255A31092838310518F086EA9AE0DBCEA1
:1085F0009C8B8B8B85E50E94461F8823C9F00E94C7
:10860000BB94611571058105910511F00F945331EB
:108610008091560790915707892B09F10E94DF211D
:1086200060935107709352078093530790935407B8
:1086300082E50E94461F8823B9F0809156079091E9
:108640005707892BA1F00E94CC21AD969FAF8EAF2A
:10865000AD97181619068CF08EE39AE0A4CE60E070
:1086600070E088E492E4DCCF82E79AE09CCE2AE1D5
:1086700030E0AD963FAF2EAFAD9789E50E94771FF2
:10868000882381F10E94DF2120915E0D30915F0DE2
:108690004091600D5091610D0F94B03C6B017C01D5
:1086A00088E50E94771F882331F10E94DF21209105
:1086B0005A0D30915B0D40915C0D50915D0D0F9402
:1086C000B03C6BA37CA38DA39EA3CFA2D8A6E9A6A2
:1086D000FAA6CE0183960E94861E811115C084E100
:1086E0009AE061CEC0904E0DD0904F0DE090500DAD
:1086F000F090510DD5CF60914A0D70914B0D809146
:108700004C0D90914D0DDDCF64E470E080915F07DA
:10871000909160070F94FF3F21E0892B09F020E042
:10872000822F0E94023580E090E0A0EAB0E48DA79D
:108730009EA7AFA7B8AB60E0CE018D960F946E17E1
:108740003091F016CF57DF4F3883C158D040109288
:10875000F0160E94AFF883EF99E00E94772F898985
:108760009A898A3191050CF045C08B899C890F94B8
:10877000480541E061E080E00E940DD381114CC0CA
:108780006FEF88E09AE00F94080A8CA5811104C06D
:10879000CE0101960E94B17F80E090E0A0EAB0E4B3
:1087A00080938C0C90938D0CA0938E0CB0938F0CB7
:1087B0001DA61EA61FA618AABE01635D7F4F84E8F2
:1087C0009CE00E945623CF57DF4FB881C158D0405C
:1087D000B093F0160E94AFF88AA18111E6CD1092F5
:1087E000A3121092A2120E94E12890E080E00F9460
:1087F0004805DBCD8C38910514F08CE890E090931F
:10880000A3128093A2120E94E12861E081E00E94FD
:1088100085D18111AACFB4CF1092560D1092570D69
:108820001092580D1092590D86E59DE00E94FBFBB9
:108830008BA5882309F452C020E030E040E751E4E2
:108840006091290D70912A0D80912B0D90912C0D26
:108850000F94AB3D6DA77EA78FA798AB80E1EAE4AC
:10886000FDE0A4E8BCE001900D928A95E1F72D852A
:108870003E854F8558896091900C7091910C809144
:10888000920C9091930C0F94B13C6093900C709368
:10889000910C8093920C9093930CCE018D960F9433
:1088A00074012D853E854F8558896091900C70919B
:1088B000910C8091920C9091930C0F94B03C60932A
:1088C000900C7093910C8093920C9093930C8CA5C8
:1088D000811104C0CE0101960E94B17FECE4F7E063
:1088E00085E0DF011D928A95E9F780E1EAE4FDE089
:1088F000A4E8BCE001900D928A95E1F789859A85FC
:10890000AB85BC8580938C0C90938D0CA0938E0CC2
:10891000B0938F0C1DA61EA61FA618AABE01635DEC
:108920007F4F84E89CE00E945623BE01635E7F4F28
:1089300084E89CE00E94562389A1882309F494C30B
:1089400080914A0D90914B0DA0914C0DB0914D0D21
:10895000E9968CAF9DAFAEAFBFAFE99780914E0D5A
:1089600090914F0DA091500DB091510DAB968CAFE1
:108970009DAFAEAFBFAFAB97A5961FAE1EAEA5978E
:1089800033243A9422242A949FEFEE969FAFEE97D9
:10899000AFE4EF96AFAFEF97B3ECC158DF4FB883BA
:1089A000CF57D040E7E4C058DF4FE883C058D040ED
:1089B000A496FFADA497CC57DF4FF883C458D0409E
:1089C00021E030E00F2E02C0220F331F0A94E2F79D
:1089D000CE57DF4F39832883C258D0408CE497E0CC
:1089E000AF969FAF8EAFAF9710E0CB57DF4FF883B6
:1089F000C558D040AF96AEADBFADAF978D91AF9695
:108A0000BFAFAEAFAF9790E0CE57DF4FE881F981AF
:108A1000C258D0408E239F23892B09F0F0C0CC5739
:108A2000DF4F8881C458D0400E94E21E4B015C0198
:108A3000812F0E94C71EE5966CAF7DAF8EAF9FAFB2
:108A4000E597A5019401E9966CAD7DAD8EAD9FAD26
:108A5000E9970F94B03C6B017C01E5962CAD3DADE0
:108A60004EAD5FADE597AB966CAD7DAD8EAD9FAD78
:108A7000AB970F94B03C2B013C01A7019601C701B5
:108A8000B6010F9433366B017C01A3019201C3013F
:108A9000B2010F9433369B01AC01C701B6010F94AC
:108AA000B13C0F945F3F6B017C01A50194016BA168
:108AB0007CA18DA19EA10F94B03C4B015C01E59679
:108AC0002CAD3DAD4EAD5FADE5976FA178A589A505
:108AD0009AA50F94B03C2B013C01A5019401C5015E
:108AE000B4010F9433364B015C01A3019201C30121
:108AF000B2010F9433369B01AC01C501B4010F9450
:108B0000B13C0F945F3F20E030E040E751E40F9428
:108B1000AB3DA70196010F94B13CD62EE72EF82E5F
:108B2000092F8090510790905207A0905307B09062
:108B3000540720E030E040E85FE3C501B4010F9442
:108B4000113F181614F5C501B4010F941D3E4B01D9
:108B50005C0160E070E0CB01181419041A041B04D6
:108B600034F40F940431A50194010F94333C0F9415
:108B7000D4359B01AC016D2D7E2D8F2D902F0F9440
:108B8000B13CD62EE72EF82E092FEE962FADEE979C
:108B9000EF963FADEF97C158DF4F4881CF57D04098
:108BA000C058DF4F5881C058D0406D2D7E2D8F2D7D
:108BB000902F0F94CD3587FF22C0312ECB57DF4F3A
:108BC0002880C558D040EA96DFAEEA97EB96EFAE24
:108BD000EB97EC96FFAEEC97ED960FAFED97EE9618
:108BE000DFAEEE97EF96EFAEEF97C158DF4FF8820A
:108BF000CF57D040C058DF4F0883C058D0401F5FC8
:108C0000153009F0F7CEA5962EAD3FADA5972F5F95
:108C10003F4FA5963FAF2EAFA5972530310509F000
:108C2000C7CEE32DF0E0E45BF84F21E030E0022C0A
:108C300001C0220F0A94EAF78081822B80836A9612
:108C40002FAE6A976B963FAE6B97EA968FADEA9719
:108C5000EB969FADEB97EC96AFADEC97ED96BFAD75
:108C6000ED976F968CAF9DAFAEAFBFAF6F973FEFF5
:108C7000231609F4DEC1331609F4DBC1822D0E94EC
:108C8000E21EF62E072F182FE92E862F902FA12FE8
:108C9000BE2D65968CAF9DAFAEAFBFAF6597832DF0
:108CA0000E94C71E4B015C0169968CAE9DAEAEAEB4
:108CB000BFAE6997CE018F5A9F4F0E94861E8823B0
:108CC00009F4BBC120E030E040EA50E46F2D702F82
:108CD000812F9E2D0F94B13C3B016C01CB01D6013D
:108CE00021968CAF9DAFAEAFBFAF219725968CAECE
:108CF0009DAEAEAEBFAE25972110EEC13110C3C1FF
:108D000020E030E040EA50E4C501B4010F94B13CEA
:108D10004B015C01332009F4D6C193E093150CF4A8
:108D2000D2C122ED422E23E5522E2BE7622E21E402
:108D3000722E21968CAD9DADAEADBFAD2197A7969D
:108D40008CAF9DAFAEAFBFAFA79725968CAD9DAD55
:108D5000AEADBFAD2597AB968CAF9DAFAEAFBFAFFD
:108D6000AB979C01AD0169966CAD7DAD8EAD9FADAD
:108D700069970F94B03CE1966CAF7DAF8EAF9FAF1B
:108D8000E197A7962CAD3DAD4EAD5FADA79765962B
:108D90006CAD7DAD8EAD9FAD65970F94B03C2D96BB
:108DA0006CAF7DAF8EAF9FAF2D97E1968CAD9DAD33
:108DB000AEADBFADE19761968CAF9DAFAEAFBFAF2B
:108DC0006197A7962CAD3DAD4EAD5FADA797609175
:108DD0004A0D70914B0D80914C0D90914D0D0F945B
:108DE000B03CA7966CAF7DAF8EAF9FAFA797AB9609
:108DF0002CAD3DAD4EAD5FADAB9760914E0D70911A
:108E00004F0D8091500D9091510D0F94B03CAB9649
:108E10006CAF7DAF8EAF9FAFAB978F2D902FA12FF3
:108E2000BE2D8DA79EA7AFA7B8AB89AA9AAAABAA59
:108E3000BCAA89849A84AB84BC848DAA9EAAAFAA5A
:108E4000B8AE2DEC3CEC4CEC5CE3C301B2010F94EA
:108E5000333629813A814B815C810F9433362091DE
:108E6000560D3091570D4091580D5091590D0F945A
:108E7000B13C69AF7AAF8BAF9CAFA7962CAD3DAD3F
:108E80004EAD5FADA797CA01B9010F9433366B01A0
:108E90007C01AB962CAD3DAD4EAD5FADAB97CA013D
:108EA000B9010F9433369B01AC01C701B6010F9491
:108EB000B13C20E030E040E050E40F94113F181640
:108EC000ACF420E030E040E05FE3C501B4010F9472
:108ED000B13C29966CAF7DAF8EAF9FAF2997BE0195
:108EE000635C7F4FCE0101960E940C2189859A8593
:108EF000AB85BC8529968CAF9DAFAEAFBFAF299730
:108F0000A3961CAE1DAE1EAE1FAEA397BE01615A46
:108F10007F4FCE01CD960E9456238CA58823C1F0A9
:108F20002AE939E949E95FE36D817E818F8198857E
:108F30000F943336A3966CAF7DAF8EAF9FAFA397E0
:108F4000BE01615A7F4F84E89CE00E9456231CA614
:108F5000E090210DF090220D0091230D1091240D31
:108F6000A0901D0DB0901E0DC0901F0DD090200D33
:108F70009501A601B701C8010F94113F181614F40A
:108F8000750186018090370290903802A0903902D6
:108F9000B0903A022DEC3CEC4CEC5DE3B701C8011B
:108FA0000F943336609337027093380280933902FE
:108FB00090933A0240E0BE01675B7F4FCE018D96F1
:108FC0000E943E9580E1EAE4FDE0A4E8BCE0019067
:108FD0000D928A95E1F78092370290923802A09222
:108FE0003902B0923A0220E04FEFBE01675A7F4F3C
:108FF000CE0101960E94D12420E041E0BE01675AD3
:109000007F4FCE0101960E94D1242FEF40E0BE0198
:10901000675A7F4FCE0101960E94D12421E040E0A3
:10902000BE01675A7F4FCE0101960E94D1240E9453
:1090300059F88091660D8093670DAD96AEADBFADCA
:10904000AD971197AD96BFAFAEAFAD97AB2B09F40F
:1090500097CB6A968FAD6A9787FD92CB6B968FAD53
:109060006B9787FF69CC8CCB8BA19CA1ADA1BEA1D6
:10907000E9968CAF9DAFAEAFBFAFE9978FA198A532
:10908000A9A5BAA573CC8F2D902FA12FBE2D219607
:109090008CAF9DAFAEAFBFAF219720E030E040EA8C
:1090A00050E4C501B4010F94B03C25966CAF7DAF80
:1090B0008EAF9FAF259783E083150CF021CEF62C61
:1090C000072D1C2DED2C92ED492E93E5592E9BEF8B
:1090D000692E90E4792E2DCEA3E0A2150CF04AC0A3
:1090E000A315FCF420E030E040EA50E46F2D702F2F
:1090F000812F9E2D0F94B03C21966CAF7DAF8EAF2B
:109100009FAF219720E030E040EA50E4C501B40170
:109110000F94B03C4B015C01B3E0B3150CF001CEF1
:10912000D2CF8F2D902FA12FBE2D21968CAF9DAF2A
:10913000AEAFBFAF219720E030E040EA50E4C50178
:10914000B4010F94B13C25966CAF7DAF8EAF9FAF4D
:1091500025973110D7CF20E030E040EA50E46F2D62
:10916000702F812F9E2D0F94B03CF62E072F182FB5
:10917000E92EA9CF31100DC020E030E040E251E4EB
:10918000B301C6010F94B03CF62E072F182FE92E1D
:10919000C8CDE3E0E3159CF420E030E040E251E488
:1091A000B301C6010F94B03C21966CAF7DAF8EAF7A
:1091B0009FAF2197F62C072D1C2DED2CB2CDF62C50
:1091C000072D1C2DED2C82ED482E83E5582E8BEFBC
:1091D000682E81E4782EADCD4F925F926F927F9290
:1091E0008F929F92AF92BF92CF92DF92EF92FF92B7
:1091F0000F931F93CF93DF9300D0CDB7DEB7B82E78
:109200008091530E843008F0D5C171E6D72E80913D
:10921000530E843008F00DC18091660D9091670D5A
:10922000891B8F7709F405C10E94FC3997FF0BC099
:109230000E94C1308EE196E00E94772F8091660DEA
:109240008093670DE4CF8A3019F08D3009F0E8C0C3
:1092500010924E0E8091EC0D9091ED0DFC01E851B5
:10926000F24F1682892B19F40E9449D8D0CF109260
:10927000ED0D1092EC0D0EEE1DE0F80181918032A3
:1092800009F449C08E3409F0B6C069E176E0C8013E
:109290000F944A357C01892B41F06EE470E0C801DF
:1092A00004960F94FF3F009709F4C8014AE050E08C
:1092B00070E060E001960F94BA322B013C0180917E
:1092C000E80D9091E90DA091EA0DB091EB0DAC0184
:1092D000BD014F5F5F4F6F4F7F4F441655066606C7
:1092E0007706D9F0EF28C9F4AC01BD01415051090E
:1092F00061097109441655066606770634F084152F
:109300009505A605B7050CF082CF60E086EE95E0E6
:109310000E94ED7B7CCF8F01B0CF6AE270E0C80184
:109320000F942E409C01009709F1982F901BF12C6F
:10933000992339F09150F801E90FF11D8081F82649
:10934000F7CF4AE050E070E060E0C90101960F9469
:10935000BA322F2D30E050E040E0621773078407E7
:10936000950741F060E087EC95E0D2CF60E08DE9B1
:1093700095E0CECF4092E80D5092E90D6092EA0D53
:109380007092EB0D8091FD178130E1F467E470E09D
:10939000C8010F94FF3F0097A9F04AE050E070E049
:1093A00060E001960F94BA32643071058105910531
:1093B00048F48CEF94E00E94772F60E082EF94E015
:1093C0000F94080A8091EE0D8B3309F420CF809121
:1093D000530E843008F01BCF8091550E8D9DC00137
:1093E00011246EEE7DE08A5A914F0F940A4080E07E
:1093F0000E949C7B0CCF8091E31480FFC3CF6FE170
:1094000072E3C8010F944A35009731F0FC01838163
:1094100080538A3008F0B6CF60E083E795E078CFDC
:109420002CEE3DE04EEE5DE06EE47EE00E941C1E00
:10943000EECE8091E31483FDBDC082FFBBC087FDEB
:10944000B9C01A82198241E6F42E54E0E52E69E68D
:10945000D62E8091530E843008F0ACC00E94541E6A
:109460008111A8C041E050E0BE016D5F7F4F87E4ED
:1094700096E10E9459CA0B8110E0019711F00FEF9D
:109480001FEF80914F1690915016A0915116B091F8
:1094900052168093DF149093E014A093E114B093DC
:1094A000E2140E94541E0F3F100749F4811107C0B7
:1094B0000E94C13086E396E00E94772FCACF409188
:1094C000550E242F30E00A3061F00D3051F0882322
:1094D00009F462C089819A81009719F001969A83F4
:1094E00089831092FA0689819A81F29EF001F39E97
:1094F000F00D1124ED5AF14FE80FF91F1382892B5B
:1095000059F50E9449D80E94541E882309F4A1CF1E
:1095100087E496E10E9406CC8091DA14882391F1C9
:1095200081508093DA148D9DC001112462E0855C26
:10953000984E0E9447F0E091DA1424E0E29FF00197
:109540001124E95CF84E60817181828193810E94CF
:10955000141F0E9450C47DCF1A82198281E00E949C
:109560009C7B8091DF149091E014A091E114B09164
:10957000E21480934F0E9093500EA093510EB0932F
:10958000520EC1CF0E940FCC8091E314886080936B
:10959000E314E092FD175DCF4F9DA00111244A5ABC
:1095A000514F9E012F5F3F4F6AEF76E0802F0E9460
:1095B0001C1E4FCF0E94BB946B017C01B11004C0F4
:1095C0008091590C882351F0C0922D10D0922E100A
:1095D000E0922F10F0923010BB24B3948091580782
:1095E00090915907A0915A07B0915B070097A10588
:1095F000B105B1F040912D1050912E1060912F10B7
:1096000070913010840F951FA61FB71FA7019601F8
:10961000281B390B4A0B5B0BDA01C901B7FF12C1DA
:109620009091031380910413981321C140910B0270
:1096300050910C0260910D0270910E02452B462B49
:10964000472B29F0981709F41BC110920B070E94B1
:10965000BB944B015C011091A60B111108C09091B5
:1096600003138091041311E0981301C010E020E06F
:1096700030E04AE253E46091CA127091CB128091BB
:10968000CC129091CD120F94113F87FD2AC181E039
:10969000182781E04091FF06509100076091010773
:1096A00070910207452B462B472B09F480E0811768
:1096B00099F080E090E0DC01112331F0D501C40184
:1096C00080569444A24FBF4F8093FF0690930007AB
:1096D000A0930107B09302074090560D5090570D8C
:1096E0006090580D7090590D2091FB063091FC064A
:1096F0004091FD065091FE06C301B2010F94CD3595
:10970000882319F18091FF0690910007A09101072D
:10971000B09102074092FB065092FC066092FD0653
:109720007092FE06892B8A2B8B2B09F449C0D50138
:10973000C40180569444A24FBF4F8093FF0690937C
:109740000007A0930107B09302078091FF06909154
:109750000007A0910107B09102070097A105B1058C
:1097600079F1881A990AAA0ABB0AB7FC29C0109293
:10977000FF0610920007109201071092020787E976
:1097800096E00E94772F60E083E896E00F94080A45
:109790008091CE129091CF121816190624F490E001
:1097A00080E00F9448058091A2129091A3121816A0
:1097B000190634F41092A3121092A2120E94E1280A
:1097C0008091070790910807A0910907B0910A07B7
:1097D00046015701881A990AAA0ABB0AD501C40191
:1097E000B7FDCBC030910313909104132091000278
:1097F00080915002391709F476C0E091041334E7E0
:10980000E39FF0011124ED59F74F9081899FC0012A
:109810001124880F892F881F990B9195281709F417
:109820009FC0809300020E94BB94209100022111EE
:109830005DC0109203071092040710920507109262
:10984000060777C00E94C13080E796E00E94772F1C
:109850006091480D7091490D85E496E00E943DEFBE
:1098600040E070E060E090E080E00E941739C09234
:109870002D10D0922E10E0922F10F0923010D6CEF4
:10988000B110E3CE0E94BB9400912D1010912E10C8
:1098900020912F103091301080900B0290900C028C
:1098A000A0900D02B0900E02080D191D2A1D3B1D3F
:1098B000601B710B820B930B97FDC7CE80910B073A
:1098C0008111C5CE81E080930B0780E00E94A6E065
:1098D00081E00E94A6E082E00E94A6E00E9497E05C
:1098E000B6CE10E0D6CE9091440D90CF00910307F4
:1098F0001091040720910507309106070115110505
:109900002105310581F46C597F4F8F4F9F4F609334
:10991000030770930407809305079093060784EB71
:109920008093000206C0601B710B820B930B97FDA6
:10993000F6CF20910002222389F030E050E040E091
:109940002150310941095109AFEFB0E00F94523C69
:109950002EEF30E040E050E00F94333C209330177E
:1099600044E6C40ED11CE11CF11CC0920707D09242
:109970000807E0920907F0920A070E9449D88091EF
:10998000FD17882309F413C180919D07882309F4EA
:10999000B0C080910417882309F4ABC08091A40B58
:1099A0008111A7C08091590C81110AC08091331098
:1099B000813031F08091E31482FF9BC087FD99C014
:1099C000F89480910417873009F005C18CB1829515
:1099D000817090911007982780931007809103174A
:1099E000892B809303176091FB167091FC16809170
:1099F000FD169091FE16789420E030E0A9010F94B6
:109A0000CD3587FF76C001E00093A40B8091590CFF
:109A100081116DC084EF96E00E94AB3584E08093A5
:109A2000FE0781E09AE590936614809365148EE4B6
:109A300090E0909368148093671487E080935914A2
:109A400082E880935C1484E890E0A0E0B0E080932A
:109A50005D1490935E14A0935F14B093601489E03A
:109A600094E10F94F2060E943E300093341060E0BF
:109A70008CE89EE10E94A02F84E99EE10E94772F4E
:109A800080E20E94702F88E397E00E94772F80E3A6
:109A90000E94702F8AE00E94702F0E946130109106
:109AA000550760E0102786EE99E069F486E297E0BA
:109AB0000E94A02F80E30E94702F8AE00E94702FE6
:109AC00060E089E097E00E94A02F84E197E00E9487
:109AD000772F80E30E94702F8AE00E94702F11235D
:109AE00031F08FE097E09093DF078093DE070E94CC
:109AF00059F890910901892F809581701091010288
:109B00008117C9F02091E31420642093E31480931B
:109B1000010290FD82C064EF71E080E090E00E945D
:109B2000862C0E943CCC8091E31484FD9DC01111D1
:109B300076C00F948D0F0E94BB946B017C01109135
:109B40000A021123F1F08091A70B8823D1F04091F4
:109B50000C0750910D0760910E0770910F07460199
:109B60005701841A950AA60AB70AB501A40177FD20
:109B70001AC0833009F46FC00CF05EC081300CF065
:109B800063C0212F30E0A8EEB3E00F94653CC60E11
:109B9000D71EE81EF91EC0920C07D0920D07E09266
:109BA0000E07F0920F070F942A080F94621B0F9074
:109BB0000F900F90DF91CF911F910F91FF90EF9039
:109BC000DF90CF90BF90AF909F908F907F906F90DD
:109BD0005F904F900895882309F405CF649B40C09F
:109BE00091E0823009F090E081E0911114C091E0A1
:109BF0009813F9CE8091FF1690910017A09101174C
:109C0000B09102178093FB169093FC16A093FD165B
:109C1000B093FE16E8CE90E0EBCF0E941FCC12303E
:109C200008F089CF0F948D0F86CF8DEE96E090933C
:109C3000DF078093DE077FCF843009F0A2CF0E9438
:109C4000BD318CEA96E004C00E94BD318BED96E0F8
:109C50000E94772F96CF0E94BD3184EC96E0F8CF1A
:109C6000823041F280E0C3CF123018F40F945D14BB
:109C700062CF123009F05FCF0E9458D0882379F06C
:109C800081E00E94B0EF40EB50E068EA7BE088EEB4
:109C900094E10E9459CA88EE94E10E9406CC0E9489
:109CA00024288111C2CF0E9406280E943CF081E046
:109CB0008093D9140E9404D03ECFCF93DF93C82F56
:109CC000D62F8091830C83FD0AC00E94FD1E88233D
:109CD00031F080915F02909160020F9448056D2FE2
:109CE0008BE00E94A579CC2339F040E061E080E070
:109CF000DF91CF910C940DD38091CC1891E08927FE
:109D000080935E0280915E028823F1F020E030E0D3
:109D100040E05FE36091CA127091CB128091CC1247
:109D20009091CD120F94B13C0F941D3E2091CE1214
:109D30003091CF12621B730B77FF03C07195619551
:109D400071096230710544F410925E028091830CB7
:109D500083FF06C081E00FC080E00E94EC48D2CFB4
:109D60000E94FD1E8823B1F30E94BD318AE499E070
:109D70000E94772F80E0DF91CF910895AF92BF923C
:109D8000CF92DF92EF92FF920F931F93CF93DF93C7
:109D9000CDB7DEB764970FB6F894DEBF0FBECDBF68
:109DA0000E94C63187FDABC08AE50E94771F8823D9
:109DB00009F4B6C040E050E0BA018AE50E940D22E5
:109DC0007B018C0163E085E00E94A5792091520D12
:109DD0003091530D4091540D5091550D60E070E05D
:109DE00088EC93E40F94B03C5B016C019701A801EF
:109DF0000F94113F181614F075018601C701D801A0
:109E00008D839E83AF83B88720E030E0A901B7013E
:109E1000C8010F94CD35882321F0CE0105960E940C
:109E2000841F80E090E0A0EAB1E489879A87AB873D
:109E3000BC871D861E861F86188A8CE40E94771FA9
:109E4000882309F472C00E94DF216B017C0120E0AD
:109E500030E0A901C701B6010F94113F87FF04C08C
:109E6000F7FAF094F7F8F094C98ADA8AEB8AFC8A58
:109E70000091CE121091CF1204301105DCF020E0D9
:109E800030E040E05FE36091CA127091CB128091A4
:109E9000CC129091CD120F94B13C0F941D3E601BDB
:109EA000710B77FF03C071956195710901E0643012
:109EB00071050CF400E063E080E00E945D4E8111CA
:109EC0003DC063E089E00E94A5796D817E818F812C
:109ED00098858B019C01305809831A832B833C831E
:109EE00020E030E0A9010F94CD35882321F0CE0188
:109EF00001960E94841F60E089E00E94A579649623
:109F00000FB6F894DEBF0FBECDBFDF91CF911F918A
:109F10000F91FF90EF90DF90CF90BF90AF9008959A
:109F2000E12CF12C00E211E44DCFC090E816D09066
:109F3000E916E090EA16F090EB1689CF83E0E82E60
:109F400022E0AE01475F5F4FBE016F5E7F4FCE01E3
:109F50000D960E944F80B9CF4F925F926F927F9281
:109F6000AF92BF92CF92DF92EF92FF921F93CF9367
:109F7000DF9300D000D01F921F92CDB7DEB75C01F7
:109F8000E62EF42E642F80E00E945D4E182F811182
:109F90001BC0EE2021F060E089E00E94A579812FAE
:109FA00028960FB6F894DEBF0FBECDBFDF91CF91DC
:109FB0001F91FF90EF90DF90CF90BF90AF907F9078
:109FC0006F905F904F900895EE2021F06F2D83E009
:109FD0000E94A57980E090E0A0E7B2E48D839E83A3
:109FE000AF83B88780E090E0A0E8B0EC89839A83E3
:109FF000AB83BC83BE016B5F7F4FCE0101960F9494
:10A00000020268E873E180E090E00E94862CC12C97
:10A01000D12C88ECE82E81E4F82ECD82DE82EF820E
:10A02000F88680E090E0A0E8B0E489839A83AB836F
:10A03000BC83BE016B5F7F4FCE0101960F9402027D
:10A040004090310D5090320D6090330D7090340D72
:10A05000C092310DD092320DE092330DF092340D5A
:10A0600080E090E0A0EAB1E48D839E83AF83B8875F
:10A07000F50180819181A281B38189839A83AB8329
:10A08000BC83BE016B5F7F4FCE0101960F9402022D
:10A090004092310D5092320D6092330D7092340D1A
:10A0A0000E9497E064E670E080E090E00E94862CD9
:10A0B00076CF8F929F92AF92BF92CF92DF92EF9224
:10A0C000FF921F93CF93DF9300D000D01F921F9277
:10A0D000CDB7DEB70E94C631182F87FDACC08AE528
:10A0E0000E94771F812C912C90E2A92E91E4B92E29
:10A0F000882341F040E050E0BA018AE50E940D2239
:10A100004B015C0164E083E00E94A57920E030E02F
:10A11000A901C501B4010F94113F18167CF580E028
:10A1200090E0A0EAB0E48D839E83AF83B88720914E
:10A13000520D3091530D4091540D5091550DC50164
:10A14000B4010F94B13C6B017C0120E030E048EC9D
:10A1500053E40F94CD3587FD06C0C12CD12C88EC7B
:10A16000E82E83E4F82EC982DA82EB82FC82BE01FB
:10A170006B5F7F4FCE0101960F944F1785E50E94CC
:10A18000461F882309F469C00E94DF216B017C010E
:10A1900020E030E0A901C701B6010F94113F87FF0D
:10A1A00004C0F7FAF094F7F8F094F7FAF094F7F89F
:10A1B000F094C982DA82EB82FC8244E061E0CE0155
:10A1C00001960E94AC4F20E030E0A901C501B40126
:10A1D0000F94113F18165CF580E090E0A0EAB0E41F
:10A1E0008D839E83AF83B887A50194016091520D42
:10A1F0007091530D8091540D9091550D0F94B03C7A
:10A200006B017C0120E030E0A9010F94113F18168A
:10A210001CF0C12CD12C7601C982DA82EB82FC823F
:10A22000BE016B5F7F4FCE0101960F944F1760E028
:10A2300089E00E94A57928960FB6F894DEBF0FBE7C
:10A24000CDBFDF91CF911F91FF90EF90DF90CF9026
:10A25000BF90AF909F908F90089588E01802F00112
:10A260001124EC51F94EC080D180E280F38090CF70
:10A270002F923F924F925F926F927F928F929F9216
:10A28000AF92BF92CF92DF92EF92FF920F931F9304
:10A29000CF93DF9300D000D000D0CDB7DEB74C0114
:10A2A0008B014987590161E086EE99E00E94A02F59
:10A2B00047E05FE16DEE79E085E00E949C79909146
:10A2C000590C81E0890F8093590C8091E31482FB33
:10A2D000222720F9288782FF08C087FDC3C08B7F13
:10A2E0008093E3149E5F9093590C0F94C90980E109
:10A2F000EAE4FDE0AAE5BCE001900D928A95E1F761
:10A3000087E00E94D2FD782E60E070E080E090E46B
:10A31000711040C02090520D3090530D4090540D5C
:10A320005090550D20E030E040E050E4C201B10112
:10A330000F94B13C6B017C0120E030E048EC53E429
:10A340000F94113F181634F4C12CD12C88ECE82E50
:10A3500093E4F92EF8016084F185FD83F801F2851C
:10A36000FE83F801F385FF839601A701662D7D81A9
:10A370008E819F2F0F94113F181624F06C2CDD82D4
:10A38000EE82FF82A2019101662D7D818E819F81E7
:10A390000F94B03C2885222349F02091580C2223A9
:10A3A00029F041E0711040E00E9431260E9459F8E6
:10A3B00081E00E948B7C20E030E0A901F401608103
:10A3C0007181828193810F94CD35882391F00E9411
:10A3D000C3F781110EC080E090E0A0E7B2E489836A
:10A3E0009A83AB83BC83BE016F5F7F4FC4010F9420
:10A3F0000202711004C0B80180E00F94AD1A20E091
:10A4000030E0A901F50160817181828193810F940F
:10A41000CD35882329F042E06985C5010E94AC4F03
:10A420000E9497E064E670E080E090E00E94862C55
:10A4300081E029960FB6F894DEBF0FBECDBFDF9145
:10A44000CF911F910F91FF90EF90DF90CF90BF9031
:10A45000AF909F908F907F906F905F904F903F90C4
:10A460002F900895188641CFCF92DF92EF92FF92FE
:10A47000CF93DF936B017C01D42FC091A70B83E0B6
:10A480008093A70B81E08093A60BC114D104E10453
:10A49000F10431F00E94BB94C60ED71EE81EF91ECF
:10A4A0008091A60B882389F0C114D104E104F10442
:10A4B00021F48D2F0E94EC48F3CF0E94BB946C19BD
:10A4C0007D098E099F0997FDF4CF1092A60BC093CA
:10A4D000A70BDF91CF91FF90EF90DF90CF90089581
:10A4E000FF920F931F93CF93DF93CDB7DEB72D97D6
:10A4F0000FB6F894DEBF0FBECDBF082F162F0E94F7
:10A50000103261E0812F0E9472280E94BB94685330
:10A5100070458F4F9F4F60936A0C70936B0C8093C4
:10A520006C0C90936D0C10926E0CF090A70B83E066
:10A530008093A70B30E020E049EB5EE168ED79E025
:10A5400082E00E946D3088ED99E00F94E40E81E086
:10A550008093A60B8091A60B882309F46AC060E063
:10A56000812F0E94722880916E0C882309F45DC0AF
:10A5700060E08AE00E94A5790E94BD318EEB99E0EF
:10A580000E94772F30E020E048EA59E06FEA79E056
:10A5900082E00E946D308FEA99E00F94E40E41E072
:10A5A00060E070E0CB010E94345230E020E050E0E7
:10A5B00040E06BE979E085E00E946D306BE979E07D
:10A5C000CE0101960F941335CE0101960F948009A8
:10A5D0000F94540560E080E00E945D4E802F0E9441
:10A5E00010320E94BB94685370458F4F9F4F609309
:10A5F0006A0C70936B0C80936C0C90936D0C1092A2
:10A600006E0C30E020E049EB5EE16FE879E082E03B
:10A610000E946D308FE899E00F94E40E81E0809302
:10A62000A60B61E0812F0E94722881E00E94EC4815
:10A6300091CFF092A70B2D960FB6F894DEBF0FBE08
:10A64000CDBFDF91CF911F910F91FF900895BF92E1
:10A65000CF92DF92EF92FF920F931F93CF93DF93EE
:10A66000CDB7DEB7A0970FB6F894DEBF0FBECDBF53
:10A670000E94C63187FDDCC061E081E00E94A579BF
:10A6800085E40E94771F882309F4E2C00E94DF213D
:10A690006B017C0120E030E0A9010F94113F87FF9E
:10A6A00004C0F7FAF094F7F8F094F7FAF094F7F89A
:10A6B000F094C98EDA8EEB8EFC8E8CE0E7E7F2E048
:10A6C000DE01119601900D928A95E1F788E50E94CE
:10A6D000771F882351F040E050E0BA0188E50E94DE
:10A6E0000D2269837A838B839C8389E50E94771F7F
:10A6F000882351F040E050E0BA0189E50E940D2224
:10A700006D837E838F8398878AE50E94771F8823D5
:10A7100051F040E050E0BA018AE50E940D226987BD
:10A720007A878B879C87C090E416D090E516E090DE
:10A73000E616F090E71685E50E94771F882321F042
:10A740000E94DF216B017C0120E030E0A901C701FC
:10A75000B6010F94113F87FF04C0F7FAF094F7F8A1
:10A76000F094F7FAF094F7F8F094CD8EDE8EEF8E39
:10A77000F8A262E070E082E40E94D021B82E8091BD
:10A78000590C811155C09E01235E3F4F41E0BE012F
:10A790006F5F7F4FCE0149960E943851882309F49C
:10A7A00047C06B2D81E00E94705270E060E082E54E
:10A7B0000E94D0218C0180E090E0A0EAB1E48D8B72
:10A7C0009E8BAF8BB88FC090E816D090E916E090C2
:10A7D000EA16F090EB168CE40E94771F882321F094
:10A7E0000E94DF216B017C0120E030E0A901C7015C
:10A7F000B6010F94113F87FF04C0F7FAF094F7F801
:10A80000F094C98ADA8AEB8AFC8A1D861E861F8626
:10A81000188A8091590C882359F02B2DAE014B5E7C
:10A820005F4FBE016F5E7F4FCE010D960E948EBBC3
:10A83000A0960FB6F894DEBF0FBECDBFDF91CF91CB
:10A840001F910F91FF90EF90DF90CF90BF900895F0
:10A85000C12CD12C80E8E82E80E4F82E26CFCF92B0
:10A86000DF92EF92FF920F931F93CF93DF93CDB7B9
:10A87000DEB76C970FB6F894DEBF0FBECDBF8CE489
:10A880000E94771F882309F4AFC00E94DF216B016B
:10A890007C0120E030E0A9010F94113F87FF04C044
:10A8A000F7FAF094F7F8F094F7FAF094F7F8F094D8
:10A8B000C98EDA8EEB8EFC8E8CE0E7E7F2E0DE01EB
:10A8C000119601900D928A95E1F788E50E94771F15
:10A8D0008823A1F040E050E0BA0188E50E940D22F3
:10A8E00020915A0D30915B0D40915C0D50915D0DA2
:10A8F0000F94B03C69837A838B839C8389E50E94A3
:10A90000771F8823A1F040E050E0BA0189E50E945A
:10A910000D2220915E0D30915F0D4091600D5091A0
:10A92000610D0F94B03C6D837E838F8398878AE599
:10A930000E94771F882351F040E050E0BA018AE579
:10A940000E940D2269877A878B879C8761E080E06F
:10A950000E94A5791D861E861F86188A8091590C33
:10A96000811133C09E01235F3F4F40E0BE016F5F06
:10A970007F4FCE0149960E943851882331F160E023
:10A9800080E00E947052898D9A8DAB8DBC8DB0583D
:10A990008D8B9E8BAF8BB88F198A1A8A1B8A1C8A63
:10A9A0001D861E861F86188A8091590C882369F09F
:10A9B00010E000E020E0AE014B5E5F4FBE016F5E35
:10A9C0007F4FCE010D960E948EBB6C960FB6F89409
:10A9D000DEBF0FBECDBFDF91CF911F910F91FF90D2
:10A9E000EF90DF90CF900895C12CD12C80E8E82E15
:10A9F00080E4F82E59CF2F923F924F925F926F9240
:10AA00007F928F929F92AF92BF92CF92DF92EF92FE
:10AA1000FF920F931F93CF93DF93CDB7DEB7A99724
:10AA20000FB6F894DEBF0FBECDBF89A72091A70B4C
:10AA300028A781E08093A70B809164078D3409F4E7
:10AA4000FAC3843511F40C94096A873409F091C172
:10AA500080916207909163078B31910509F4DCC105
:10AA600008F079C18430910508F030C12091FD17BC
:10AA70008230910508F48EC1233008F491C111E0B1
:10AA8000029709F010E00E94F52619821A821B82B3
:10AA90001C821D821E821F82188682E50E94771FFB
:10AAA000882309F48FC10E94DF216B017C0120E023
:10AAB00030E0A9010F94CD35882309F4EAC0409015
:10AAC0004A0D50904B0D60904C0D70904D0D809143
:10AAD0004E0D90914F0DA091500DB091510D88A346
:10AAE00099A3AAA3BBA38090840C9090850CA090FE
:10AAF000860CB090870C8091880C9091890CA09165
:10AB00008A0CB0918B0C8CA39DA3AEA3BFA3A5010F
:10AB10009401C301B2010F94CD3581110DC02CA158
:10AB20003DA14EA15FA168A179A18AA19BA10F942B
:10AB3000CD35882309F4ADC0A3019201C501B4014C
:10AB40000F94B03C20E030E040E05FE30F943336F8
:10AB50006C8F7D8F8E8F9F8F28A139A14AA15BA119
:10AB60006CA17DA18EA19FA10F94B03C20E030E0AC
:10AB700040E05FE30F9433362B013C0120E030E0EE
:10AB8000A901C701B6010F94CD35881F8827881FFA
:10AB9000181709F40EC180E090E0A0E8BFEB88A38D
:10ABA00099A3AAA3BBA32C8D3D8D4E8D5F8DCA01A9
:10ABB000B9010F9433364B015C01A3019201C3012B
:10ABC000B2010F9433369B01AC01C501B4010F945F
:10ABD000B13C0F945F3F4B015C01AC019B01C7018D
:10ABE000B6010F94B03C6CA37DA38EA39FA3A501D7
:10ABF0009401C701B6010F94B13C9B01AC016CA15B
:10AC00007DA18EA19FA10F9433366B017C0120E0C2
:10AC100030E0A9010F94113F87FDD0C0C701B601F4
:10AC20000F945F3F6B017C01C301B2019058A501F5
:10AC300094010F94AB3D28A139A14AA15BA10F94C7
:10AC40003336A70196010F9433362C8D3D8D4E8DF2
:10AC50005F8D0F94B13C69837A838B839C83A501BC
:10AC600094016C8D7D8D8E8D9F8D0F94AB3D28A1B1
:10AC700039A14AA15BA10F943336A70196010F9425
:10AC80003336A30192010F94B13C6D837E838F8391
:10AC9000988720E030E0A90169817A818B819C81CD
:10ACA0000F94CD358111A2C020E030E0A9016D8163
:10ACB0007E818F8198850F94CD35811197C00E9438
:10ACC000C13081E191E10E94772F6AC08531910501
:10ACD00009F466C08A31910509F49BC0049709F014
:10ACE00048C080E50E94771FC12CD12C76018823B3
:10ACF00021F00E94E2206B017C0183E50E94771F16
:10AD0000882361F00E94DF2120E030E04AE754E42C
:10AD10000F9433360F94243E6B017C010E9459F846
:10AD20008091DC0F811105C060E087E291E10F9412
:10AD3000080A0E94BB94C60ED71EE81EF91E0E9488
:10AD4000BB946C197D098E099F0997FF29C080E08B
:10AD50000E94EC48F4CF8A32910509F415C160F4E1
:10AD60008D31910509F474C008F46FC04E9709F451
:10AD700072C00E942C9B14C08B35910509F4B1C19F
:10AD80008C35910509F4B1C18A35910591F710927E
:10AD90005C0706C0233020F00E94F5260E9494FE36
:10ADA00029A5211102C00E94852F38A53093A70B39
:10ADB00019C480E090E0A0E8BFE3F1CEC12CD12C13
:10ADC000760132CF89E40E94771F882331F00E94F8
:10ADD000DF2169837A838B839C838AE40E94771FB7
:10ADE000882309F456CF0E94DF214FCF412FBE01A7
:10ADF0006F5F7F4F84E89CE00E943E950E94BB9469
:10AE000060932D1070932E1080932F10909330101C
:10AE1000C7CF0E944441C4CF87E00F94AA14811188
:10AE2000BFCF8CE0E3E8F2E0DE01119601900D92D5
:10AE30008A95E1F770E060E080E50E947921BE012B
:10AE40006F5F7F4F0F94AD1AABCF0E94B13EA8CF7A
:10AE50000E94DD6DA5CF88E50E94771F882309F445
:10AE600081C00E94DF2120915A0D30915B0D4091ED
:10AE70005C0D50915D0D0F94B03C69837A838B8398
:10AE80009C8389E50E94771F882309F474C00E947F
:10AE9000DF2120915E0D30915F0D4091600D50914A
:10AEA000610D0F94B03C6D837E838F839887BE01C4
:10AEB0006B5F7F4FCE0101960E94E67D882309F4E7
:10AEC0006FCF80E00E9402350F94550161E085E468
:10AED0000E94B721182F21E0482FBE016B5F7F4FE2
:10AEE000CE0101960E942AB96B017C01AC019B0145
:10AEF0000F94A33F81112EC020915A0D30915B0D0C
:10AF000040915C0D50915D0D69817A818B819C81AE
:10AF10000F94B13CAB01BC018AE391E10E94233262
:10AF200020915E0D30915F0D4091600D5091610D4B
:10AF30006D817E818F8198850F94B13CAB01BC01FE
:10AF400085E391E10E942332B701A60180E391E1FC
:10AF50000E940D330F943C0111110E94F2200F94B6
:10AF6000CC021ECF60914A0D70914B0D80914C0D1B
:10AF700090914D0D82CF60914E0D70914F0D80914B
:10AF8000500D9091510D8FCF8091FD17833008F4B3
:10AF900007CF89E40E94771F082FE12C882319F03E
:10AFA0000E94CC21E82E8AE40E94771F182FF12CF2
:10AFB000882319F00E94CC21F82E002319F094E088
:10AFC0009E1528F0112341F0A4E0AF1528F482E487
:10AFD00091E10E94772FE4CE80E1EAE4FDE0A4E86D
:10AFE000BCE001900D928A95E1F7002359F08E2D77
:10AFF0000E94E21E6093840C7093850C8093860CF3
:10B000009093870C112359F08F2D0E94C71E6093D7
:10B01000880C7093890C80938A0C90938B0C60E061
:10B0200080E50E94B7218823C1F10023D1F0E0918F
:10B03000FE12F091FF122081318142815381609193
:10B04000840C7091850C8091860C9091870C0F94E4
:10B05000B03C6093840C7093850C8093860C909325
:10B06000870C1123D1F0E091FE12F091FF122481A0
:10B070003581468157816091880C7091890C80914F
:10B080008A0C90918B0C0F94B03C6093880C709359
:10B09000890C80938A0C90938B0C40E050E0BA01AD
:10B0A00086E40E940D226B017C0120E030E0A901C2
:10B0B0000F94113F18168CF420E030E040E752E482
:10B0C000C701B6010F94AB3D69837A838B839C8360
:10B0D000CE0101960F94740163CE60E070E0CB0165
:10B0E000F3CF8FE080935C075BCE8091610788236C
:10B0F00089F1893009F054CE3AEDA32E33E0B32E16
:10B100004AE4C42E4DE0D42EE12C00E010E0F5011D
:10B1100081915F010E94771FF82E882369F0133018
:10B1200011F0E82EF02E0E94DF21D6016D937D9361
:10B130008D939C9313970F2D1F5FB4E0CB0ED11C02
:10B14000143029F7EE2009F464C00F94BE020F9466
:10B15000CC0226CE2AEDC22E23E0D22EF12CE12CF9
:10B1600000E010E0F60181916F010E94771F382EF8
:10B17000882309F447C00E94DF214B015C01133092
:10B1800059F0F701E65AF24F208131814281538113
:10B190000F94B03C4B015C01F701E65BF24F20815C
:10B1A000318142815381C501B4010F94B03C2B0120
:10B1B0003C012DEB37E346E855EB0F94113F87FD3B
:10B1C0000AC02DEB37E346E855E3C301B2010F9403
:10B1D000CD351816BCF4133021F197012154374EA8
:10B1E0005901A3019201D5016D917D918D919C91A1
:10B1F0000F94B13CF5016083718382839383812F27
:10B200000E947AFD1F5FF4E0EF0EF11C143009F08C
:10B21000A9CF002309F49BCF86E59DE00E94FBFBAC
:10B2200096CF8092560D9092570DA092580DB092E5
:10B23000590D032DE7CF80916207909163078D37F9
:10B24000910509F4B4C008F08FC28135910509F465
:10B25000B6C708F06CC18A31910509F453C508F0EE
:10B26000A9C08431910509F402C508F084C0813178
:10B27000910509F4BAC408F058C0029708F079CDD6
:10B2800080E50E94771FC12CD12C7601882321F004
:10B290000E94E2206B017C0183E50E94771F8823D6
:10B2A00061F00E94DF2120E030E04AE754E40F948F
:10B2B00033360F94243E6B017C010E9459F8809133
:10B2C0005D0790915E07009709F478C40F94170DFD
:10B2D00000915D0710915E070115110509F473C413
:10B2E0000E943E3082E08093341060E08CE89EE162
:10B2F0000E94A02F8BE591E10E94772F80E20E94AF
:10B30000702FC8010E941EC48AE00E94702F89EB32
:10B310009EE1009711F00E944A300E94613040E0A7
:10B32000C701B6010E9434523BCD429709F021CDAE
:10B3300083E50E94771F882309F46CC70E94BB94A1
:10B3400060932D1070932E1080932F1090933010D7
:10B350000E94DF2120E030E04AE754E40F943336C6
:10B360000F94243E60930B0270930C0280930D02A5
:10B3700090930E0215CD8731910509F4AAC480F48B
:10B380008531910509F4A2C4469709F0F2CC809169
:10B39000E31482FF02C087FF03CD0E941FCC00CDC3
:10B3A0008831910509F4ABC4499709F0E2CC0E94B9
:10B3B0002F54F6CC8032910509F41FC508F07DC0EA
:10B3C0008D31910509F402C570F48B31910509F4B2
:10B3D000A8C44C9709F0CDCC80915D0790915E0791
:10B3E0000E945DEFDDCC8E31910509F4F6C44F97D4
:10B3F00009F0BFCC0F94FB047B018C0120E831E500
:10B4000041E050E00F94113CC9016DE671E00F94EA
:10B41000803C4B015C01C801B70120E13EE040E007
:10B4200050E00F94113CCA01B90128E130E040E03E
:10B4300050E00F94113C762E672EC62ED72E8CE34B
:10B44000282E312C412C512CC801B701A2019101A9
:10B450000F94113CF62EE72ECA01B901A201910109
:10B460000F94113CCB018E010F5F1F4F811491048B
:10B4700009F4EEC4EF92FF927F936F936F927F92E5
:10B48000BF92AF929F928F928BE192E19F938F93A5
:10B490001F930F930F9464350FB6F894DEBF0FBE61
:10B4A000CDBF60E0C8010F9472140E94BD31B80195
:10B4B0008FE292E10E943DEF73CC8B34910509F449
:10B4C00002C650F58A32910509F407C58934910501
:10B4D00009F04FCC80E50E94771F8823A1F00E94DD
:10B4E000DF2120E030E048EC52E40F9433360F9433
:10B4F000243E6031E7E27E0710F060E177E270936E
:10B50000BA186093B91882E50E94771F882309F45E
:10B5100047CC0E94E22044CC8C34910509F4D7C575
:10B520008D34910509F025CC0F94570F39CC8D3609
:10B53000910509F4D5C508F077C08C35910509F45B
:10B5400096C688F58335910509F45CC608F452C6A1
:10B550008435910509F4ECCE8535910509F009CCC7
:10B5600083E50E94461F882309F41ACC0E94BB94ED
:10B5700060932D1070932E1080932F1090933010A5
:10B580000E94DF2120E030E04AE754E40F94333694
:10B590000F94243E609358077093590780935A077D
:10B5A00090935B07FDCB8A36910509F49EC598F50B
:10B5B0008836910509F48FC58936910509F0D9CBF4
:10B5C0000E94C631182F87FD0AC086E692E10E94CC
:10B5D000772F812F0E9414D18AE00E94702FF8A546
:10B5E000F093A70BA9960FB6F894DEBF0FBECDBFA0
:10B5F000DF91CF911F910F91FF90EF90DF90CF904F
:10B60000BF90AF909F908F907F906F905F904F9082
:10B610003F902F9008958B36910509F48EC58C3696
:10B62000910509F4BDCBA5CB8337910509F4B9C6C3
:10B6300008F057C08037910509F4B2CB08F042C03A
:10B640008E36910509F484C58F36910509F091CBAA
:10B6500083E50E94771F882321F00E948721809331
:10B66000830C0E94BD3189E792E10E94772F80917F
:10B67000830C882309F47FC510E000E020E080916E
:10B68000830C90E0002E02C0959587950A94E2F70E
:10B6900080FF12C0FF24F394F20E222319F08CE2F3
:10B6A0000E94702FF801EE0FFF1FE359FD4E8591A8
:10B6B00094910E94772F2F2D0F5F1F4F0630110599
:10B6C000F1F64CC38137910509F458C582379105CD
:10B6D00009F04FCB0E941D7C85E193E10E9496DF2B
:10B6E0005FCB8737910509F491C678F585379105C9
:10B6F00009F460C68637910509F03BCB00915D07E0
:10B7000010915E0794E0F12C40E0915009F46DC671
:10B71000D8018C91282F2B7F213409F05EC6119619
:10B720002C91213309F061C6813409F46CC685344B
:10B7300009F441E098012E5F3F4F89012F5F3F4F91
:10B74000D8018C918032C9F3E0CF8837910509F494
:10B7500061C68937910509F00CCB1092AE17109293
:10B76000AD170F94DE041CCB8C3921E0920711F445
:10B770000C94226808F02FC18D3D910511F40C94B2
:10B78000A76408F05BC08B3C910509F4B3C6F8F4DC
:10B790008E3B910509F40EC540F48C38910509F0F3
:10B7A000E8CA80E00E941729FBCA883C910509F489
:10B7B0003AC6893C910509F0DCCA8DE394E00E9409
:10B7C000221F81116CC681E00E940434E9CA8E3CBC
:10B7D000910509F496C790F48C3C910509F4B8C61C
:10B7E0008D3C910509F0C5CA8BE394E00E94221FAD
:10B7F000811101C781E00E946633D2CA833D910561
:10B8000009F4ADC78C3D910509F0B3CA00915F07FB
:10B8100010916007E0903502F0903602D8018C91CB
:10B82000882311F40C947E64B7018DEF93E10E949C
:10B830009E358AEF93E10E94772FB2CA8F32A1E042
:10B840009A0711F40C943A6608F0A6C08C32E1E035
:10B850009E0711F40C94726508F06FC0823E91054A
:10B8600011F40C94FF648232914009F082CA8AE597
:10B870000E94771F882311F40C944F650E94DF21EA
:10B8800020E030E040E050EC0F94CD35C12CD12CBD
:10B89000E12C00ECF02E87FD13C00E94DF2120E098
:10B8A00030E040E050E40F94113FC12CD12CE12C4A
:10B8B00010E4F12E181624F00E94DF216B017C01A8
:10B8C0002091150D3091160D4091170D5091180DC6
:10B8D000C701B6010F9433360F941D3ECB010E9471
:10B8E000C79461E080E50E94B721882311F40C948D
:10B8F0005565A70196016091FA127091FB12809133
:10B90000FC129091FD120F94B13C6093FA12709367
:10B91000FB128093FC129093FD120E94BD31409166
:10B92000FA125091FB126091FC127091FD128DE39E
:10B9300094E10E940D330C9455658D3231E09307EC
:10B9400011F40C9488658E32914009F012CA83E597
:10B950000E94461F182F882369F00E94CC219C0169
:10B960009093600280935F0291E0232B09F090E0B6
:10B970009093CC1880E50E94461F882311F40C9404
:10B98000186620915F0230916002232B11F00E9413
:10B99000A7218093CC1804CA8139B1E09B0711F428
:10B9A0000C947C6668F48033F1E09F0711F40C94EA
:10B9B000D0658039914009F0DCC90E9459F8F0C97E
:10B9C000823931E0930711F40C9496668A399140DC
:10B9D00009F4E6C9CEC98F34B2E09B0711F40C9488
:10B9E000226808F05CC0843FF1E09F0711F40C94DA
:10B9F0001D6730F5843A31E0930711F40C949E668C
:10BA000090F48D39914009F0B4C983E50E94461F36
:10BA1000882311F40C94F9690E94A7218093580C93
:10BA20000E940E28BDC9853AE1E09E0711F40C94EE
:10BA3000A2668C3A914009F09CC90E94C530B0C9F9
:10BA4000873F21E0920711F40C94256768F4853F45
:10BA5000A1E09A0711F40C942167863F914009F008
:10BA600088C90E94B5EC9CC9883FE1E09E0711F4AB
:10BA70000C9407688C30924009F07BC91091E31454
:10BA800012FD02C00C941A6817FF02C00C941A68C9
:10BA90000E94E82C80FB17F91093E31481C98C36BF
:10BAA00023E0920709F47CC990F58D3BA2E09A0748
:10BAB00011F40C94AA68A8F48835E2E09E0711F40A
:10BAC0000C9426688B35924009F053C98BE494E0BE
:10BAD0000E94221F81110C942A6881E00E94E338A1
:10BAE0005FC98E3B22E0920711F40C94AE68833557
:10BAF000934009F03EC983E494E00E94221FF82E8F
:10BB000081110C94B26881E00E94B33849C9873E24
:10BB1000A3E09A0711F40C94E969B8F48438E3E0DF
:10BB20009E0711F40C948669803A934009F021C96C
:10BB300020915D0730915E079091E314926090939D
:10BB4000E314C9010E945DEF2BC9883E23E09207F0
:10BB500011F40C94FE69893E934009F00AC90E94D1
:10BB600059F88091E314877F8B7F8093E314809151
:10BB7000D91481110C94026A0E9406280E943CF09C
:10BB80000F94FB046D3371058105910520F08EE360
:10BB900096E10E947B6A8AE396E10E947B6A80E1DB
:10BBA00097EA9093BA188093B91886E296E10E94BA
:10BBB000772F82E296E10E947B6AF2C881E791E1E9
:10BBC0000F94E40E85CB809162079091630769E63C
:10BBD00071E1892B11F461E671E130E020E049EB7D
:10BBE0005EE182E00E946D309ACB8EE394E00E9489
:10BBF000221F882359F185E40E94461F882361F0A3
:10BC00008091560790915707892B21F00E94CC21F3
:10BC1000811102C00E949FE09AEDE92E93E0F92E77
:10BC200010E0D7016D917D01062E000C770B8091FD
:10BC30005F07909160070F94FF3F892B19F0812FC8
:10BC40000E94DDE01F5F133061F7AAC860E084E85E
:10BC500091E10F94080A80E00E94DDE081E00E94FB
:10BC6000DDE082E00E94DDE00E949FE099C88091C3
:10BC7000E31484FF24C08CE991E10E94772F809126
:10BC8000E31484FF17C083E095E10E94A6CC8BE10A
:10BC9000E3E0F5E1DE01119601900D928A95E1F75E
:10BCA00070E060E0CE0101960E94B2B7CE0101962D
:10BCB0000E9436288DE891E10E94772F71C80E947A
:10BCC000BD318DEA91E10E94772F6AC80E943CCC79
:10BCD00067C880915D0790915E07FC012191222346
:10BCE00031F02032D9F7DF0111971C92F7CF60E0D5
:10BCF0000E9447F01092BA181092B91851C80E94C9
:10BD0000B82F4EC88091E31484FF4AC883E50E948F
:10BD1000771F882309F444C80E9469210E94141FD8
:10BD20003FC863E470E080915F07909160070F94D3
:10BD3000FF3F892BE1F081EC91E10E94772F809108
:10BD40004A16882379F0BE016F5F7F4F87E496E142
:10BD50000E9452CBCE0101960E941EC48AE00E942E
:10BD6000702F1EC887EB91E10E94772FF7CF80914B
:10BD7000E31482FD04C00E94F62C882309F1C090D0
:10BD8000DF14D090E014E090E114F090E21481EE22
:10BD900091E10E94772FC701B6010E94AF768FE232
:10BDA0000E94702F6091DB147091DC148091DD147F
:10BDB0009091DE140E94AF760E9418C40C94D05665
:10BDC00080ED91E10E94772F0C94D0568091E3147E
:10BDD0008E7F8093E3140C94D0568091E31484FDFD
:10BDE00002C00C94D0560E949F7C80915D07909178
:10BDF0005E070E94D7EF0C94D0568091E31482FF27
:10BE000003C087FF0E9459F88091E31484FD02C0AB
:10BE10000C94D05660E080E50E94B721182F682F5F
:10BE200080915D0790915E070E9447F083E50E9434
:10BE3000771F882321F00E9469210E94141F0E940D
:10BE400050C411110C94D0560E940E2D0C94D05653
:10BE5000A114B10489F0EF92FF927F936F936F92D8
:10BE60007F92BF92AF928BE092E19F938F931F934B
:10BE70000F930F94643510CBCD2879F0EF92FF9299
:10BE80007F936F936F927F928FEF91E19F938F9348
:10BE90001F930F930F946435FFCA892B69F0EF92BB
:10BEA000FF927F936F9387EF91E19F938F931F93FF
:10BEB0000F930F946435F0CAEF92FF9283EF91E1F4
:10BEC0009F938F931F930F930F9464350F900F9050
:10BED0000F900F900F900F90E4CA6DE070E080E536
:10BEE0000E94D0218C0197FF02C00C94D056D82E0E
:10BEF00060E089E40E94B72181110DC0E8E1F4E11E
:10BF00008EE294E12491D21611F40C943D6A31969C
:10BF10008E179F07B9F784E50E94771FF82E8823B4
:10BF2000B9F00E948721813071F040F0823009F130
:10BF300084E592E10E94772F0C94D05660E0802F28
:10BF40000E94E49305C061E0802F0E94E493F12CED
:10BF500083E50E94771F882311F40C94D0560E9429
:10BF60008721E82EB9E0DB1206C08093440D0C94C3
:10BF7000D05662E0E4CFFF2031F08CE392E10E94E2
:10BF8000772F0C94D05661E0802F0E94E4936E2DA1
:10BF9000802F0E94B693F12CE114F10431F460E09B
:10BFA000802F0E94B6930C94D056EFEFEE16F1045A
:10BFB00031F461E0802F0E94B6930C94D056602F2C
:10BFC000CE0101960E94122D8989882309F470C040
:10BFD000E981FA818F852889811129C0608130E04B
:10BFE00083E090E0AC01421B530B440F551F042E1D
:10BFF00001C0880F0A94EAF78095862362E070E01A
:10C0000001C0660F4A95EAF7862B8083F9013396C3
:10C01000EE0FFF1F21E030E02C0F3D1FE20FF31F5A
:10C020000190F081E02DF182E0820C94D0569A8943
:10C0300091110C94D056AFEFB0E0823029F0AD856D
:10C04000BE850D90BC91A02D608130E083E090E032
:10C05000AC01421B530B440F551F042E01C0880F27
:10C060000A94EAF78095862362E070E001C0660FCB
:10C070004A95EAF7862B80832D5F3F4F220F331FAF
:10C0800081E090E08C0F9D1F280F391FF90100817E
:10C09000118197010F94653C2FEF30E040E050E0B4
:10C0A0000F94113CD80111963C932E930C94D056CA
:10C0B00061E0BFE7EB16F10408F460E0802F0E9416
:10C0C000B6930C94D0560E940E2D0C94D0560F941B
:10C0D000C9090C94D05680E00E94ED400C94D056D3
:10C0E00081E00E94ED400C94D05660E080E50E9413
:10C0F0009B2181110C94D05661E470E080915F0720
:10C10000909160070F94FF3F6091440D062F892B9B
:10C1100011F40FEF10E083E50E94771F882349F0A8
:10C120000E9469218B016F3F710519F010F00FEF2C
:10C1300010E00093440D0C94D05660E080E50E941E
:10C140009B2181110C94D0561092440D0C94D05622
:10C150008EE40E94771F882311F40C94D0560E941D
:10C1600069216093E80D7093E90D8093EA0D909337
:10C17000EB0D0C94D05689E692E1F6CD83E50E9452
:10C18000771F882369F00E9487218D3320F48093E4
:10C190000A020C94D0568CE380930A020C94D05679
:10C1A0000E94BD3160910A0280E892E10E94373B13
:10C1B0000C94D05681E00E9417290C94D0560E940E
:10C1C0006AF81092440D0E94B1D50F94570F109247
:10C1D000460D1092450D68EE73E080E090E00E94FD
:10C1E000862C60E087E892E10F94080A0E94111FF4
:10C1F0000C94D05680915C078F7D806180935C07A2
:10C200000C94D05680915C078F7E806280935C078F
:10C210000C94D0568EE394E00E94221F882319F1DB
:10C220000E9459F885E40E94461F81110E9497E000
:10C23000BAEDEB2EB3E0FB2E10E0D7016D917D013E
:10C24000062E000C770B80915F07909160070F948A
:10C25000FF3F892B19F0812F0E94A6E01F5F13304A
:10C2600061F70C94D0560E946AF80C94D0560E9444
:10C27000C63187FF02C00C94D0568EE394E00E9432
:10C28000221F882309F488C0FAEDCF2EF3E0DF2EB9
:10C29000A9EFEA2EACE0FA2E10E0F60181916F01D1
:10C2A0000E94771F882359F0133099F00E94DF21F4
:10C2B000D70154966D937D938D939C9357971F5FF1
:10C2C000B4E0EB0EF11C143041F70E9435F80C94E9
:10C2D000D0560E94DF214B015C0120E030E040EAB3
:10C2E00051E40F94CD3587FF4EC0A50194016091B4
:10C2F000190D70911A0D80911B0D90911C0D0F94CA
:10C30000AB3D2B013C01AC019B0160919907709101
:10C310009A0780919B0790919C070F943336609306
:10C32000990770939A0780939B0790939C07A301AA
:10C3300092016091290D70912A0D80912B0D9091A1
:10C340002C0D0F9433366093290D70932A0D809332
:10C350002B0D90932C0D60917B0770917C07809141
:10C360007D0790917E070F94D235A30192010F941F
:10C3700033360F94243E60937B0770937C07809341
:10C380007D0790937E078092190D90921A0DA092CE
:10C390001B0DB0921C0D93CF81E00E94EF7C0C949A
:10C3A000D0568AE992E10E94772F8AE00E94702F8E
:10C3B0000C94D05680915D0790915E07009749F0EC
:10C3C000FC012081222329F061E00F9472140C9467
:10C3D000D0560E94F5790C94D056803531F4F8018E
:10C3E000818180538A3008F4A5C941110E94BD3172
:10C3F000FF2021F088E993E10E94772FC8010F9474
:10C400006E140C94D056FF24F39494C90F946D04C9
:10C410000C94D05681E08093AE178093AD170F94A3
:10C42000DE040C94D05682E394E00E94221F811116
:10C4300005C081E00E943E340C94D0560E94C63163
:10C44000182F87FF02C00C94D0560091F01684E498
:10C450000E94771FF82E8823B1F00E94DF214B0144
:10C460005C0120E030E0A9010F94CD358823A9F0CC
:10C47000B4E01B02F0011124E451F94E8082918254
:10C48000A282B3820F2D602F83E50E94B721809393
:10C49000F0160E94AFF80C94D05680E0F8CF0E94BE
:10C4A000C63187FF02C00C94D0560AED13E079EF35
:10C4B000E72E7CE0F72EEEEDCE2EE3E0DE2EF80147
:10C4C00081918F010E94771F882361F00E94DF21F4
:10C4D0000F94243ED7016D937D938D939C93139776
:10C4E0000E94E7F7B4E0EB0EF11CC016D10639F755
:10C4F0000C94D0568DE394E00E94221F811105C058
:10C5000081E00E94DA330C94D0560E94C63187FF36
:10C5100002C00C94D0566AEDE62E63E0F62E10E0D1
:10C5200000E0F70181917F010E94771F882349F085
:10C530000E94DF21F801E750F34F64A375A386A39F
:10C5400097A30C5F1F4F0031110559F70C94D0567B
:10C5500086E394E00E94221F811105C081E00E94C1
:10C56000B8330C94D05683E50E94771F882391F04E
:10C570000E94DF2160932D0D70932E0D80932F0D5F
:10C580009093300D6093350D7093360D8093370D79
:10C590009093380D80E50E94771F882351F00E9408
:10C5A000DF2160932D0D70932E0D80932F0D9093AE
:10C5B000300D82E50E94771F882351F00E94DF2111
:10C5C0006093310D7093320D8093330D9093340D41
:10C5D00084E50E94771F882311F40C94D0560E94A2
:10C5E000DF216093350D7093360D8093370D909356
:10C5F000380D0C94D05682E40E94771F882351F0A6
:10C600000E94E2206093090D70930A0D80930B0D38
:10C6100090930C0D83E50E94771F882351F00E94B0
:10C62000DF216093390D70933A0D80933B0D909309
:10C630003C0D84E50E94771F882351F00E94DF2182
:10C6400060933D0D70933E0D80933F0D9093400D90
:10C6500088E50E94771F882351F00E94DF216093B4
:10C660008D0770938E0780938F079093900789E5CD
:10C670000E94771F882351F00E94DF216093910769
:10C680007093920780939307909394078AE50E9492
:10C69000771F182F882351F00E94DF2160939507A0
:10C6A00070939607809397079093980785E40E946C
:10C6B000771F882351F00E94DF21609399077093C0
:10C6C0009A0780939B0790939C07112311F40C9475
:10C6D000D0562DEC3CEC4CEC5DE3609195077091ED
:10C6E000960780919707909198070F94CD3518166B
:10C6F00014F40C94D0568BE993E10E94772F0C949C
:10C70000D056E0915F07F091600780814AEDC42E1A
:10C7100043E0D42E51EBE52E57E1F52E10E08823AF
:10C7200029F081E00E9412330C94D056D6018D91ED
:10C730006D010E94771F882351F00E94DF21F701CD
:10C740006083718382839383812F0E947AFD1F5FB0
:10C75000F4E0EF0EF11C133049F70C94A75883E571
:10C760000E94461F882331F00E94A7218093110266
:10C770000C94D0566CEE73E181E00E94827C609153
:10C780001102605D83EE93E10E94982F8FED93E19B
:10C790000E94772F809111020E94A23040905A0D82
:10C7A00050905B0D60905C0D70905D0D20911302B8
:10C7B000309114024091150250911602C301B2014A
:10C7C0000F94B13C6C8F7D8F8E8F9F8F80905E0D0C
:10C7D00090905F0DA090600DB090610D20911702B8
:10C7E000309118024091190250911A02C501B4010A
:10C7F0000F94B13C68A379A38AA39BA3C090620D58
:10C80000D090630DE090640DF090650D20911B02B7
:10C8100030911C0240911D0250911E02C701B601C9
:10C820000F94B13C6CA37DA38EA39FA320911F0204
:10C83000309120024091210250912202C301B201A5
:10C840000F94B13C2B013C01209123023091240232
:10C850004091250250912602C501B4010F94B13CCC
:10C860004B015C012091270230912802409129025E
:10C8700050912A02C701B6010F94B13C6B017C01B3
:10C880001D861E861F86188A8C8D9D8DAE8DBF8D50
:10C8900089839A83AB83BC8388A199A1AAA1BBA1F8
:10C8A0008D839E83AF83B8878CA19DA1AEA1BFA1CC
:10C8B00089879A87AB87BC8745ED53E167ED73E1C4
:10C8C000CE0101960E94AC341D861E861F86188AF2
:10C8D00049825A826B827C828D829E82AF82B88628
:10C8E000C986DA86EB86FC8650E040E06DEC73E1A9
:10C8F000CE0101960E94AC340C94D05662E570E0F3
:10C90000C8010F94FF3F892B41F080910F02909155
:10C910001002909336028093350262E470E0C80101
:10C920000F94FF3F892B21F0F0921002E0920F024A
:10C9300083E50E94771F882311F40C94D0560E943F
:10C94000CC2190933602809335020C94D0560E94ED
:10C95000C631082F87FF02C00C94D05683E50E9491
:10C96000771F002E000C110B7801EE0CFF1C8823A2
:10C9700061F10E94CC21F701E15DFD4F918380833D
:10C98000000F111F000F111FF801E55DFD4F7F0122
:10C99000BC01990F880B990B0F94D4352AE037ED21
:10C9A00043E25CE30F943336F801E757F84F2081F8
:10C9B0003181428153810F943336D7016D937D933A
:10C9C0008D939C9313970C94D0560E94BD3185E4AF
:10C9D0000E94702F80E3800F0E94702FF701E15DAD
:10C9E000FD4F6081718181E094E10E949E3585E276
:10C9F0000E94702F8AE00E94702F0C94D05680E520
:10CA00000E94461F882311F40C94D05670E060E019
:10CA100080E50E94D021F82E6FEF7FEF83E50E9422
:10CA2000D0218C010196039710F00C94D056F7FE9C
:10CA300002C00C94D056E8E1F4E18EE294E1249136
:10CA4000F21609F41AC531968E179F07C1F70E9496
:10CA500059F860E08F2D0E94E4930F3F100731F0EA
:10CA600001301105C9F010E000E00AC08F2D0E94CE
:10CA70008D9331E020E0892B09F030E0032F122F55
:10CA80008F2D0E948D938017910711F40C94D0562E
:10CA900080E00E94EC48F4CF01E010E0F1CF83E5A4
:10CAA0000E94771F81110C943E5C83E494E00E9405
:10CAB000221F811110C00E94BD314091FA12509185
:10CAC000FB126091FC127091FD128EE294E10E94C3
:10CAD0000D330C94D05682E50E94461F8111EBCF96
:10CAE0000C94D05664E071E083E50E9479218C01BA
:10CAF00068EE73E080E50E9479218938B3E19B07F5
:10CB000010F088E893E1B8010F94B0080C94D05667
:10CB100087E494E00E94221F811105C081E00E94F9
:10CB2000D3320C94D05680E50E94771F882351F0B1
:10CB30000E94DF216093E6127093E7128093E8125F
:10CB40009093E91289E40E94771F882381F00E9464
:10CB5000DF212CEA35EC47E25EE30F943336609335
:10CB6000EA127093EB128093EC129093ED1284E42E
:10CB70000E94771F882381F00E94DF212CEA35EC88
:10CB800047E25EE30F94AB3D6093EE127093EF12B9
:10CB90008093F0129093F1120E9443230C94D0568C
:10CBA00087E494E00E94221F811105C081E00E9469
:10CBB00034330C94D05680E50E94771F882351F0BF
:10CBC0000E94DF216093BA127093BB128093BC1253
:10CBD0009093BD1289E40E94771F882381F00E9400
:10CBE000DF212CEA35EC47E25EE30F9433366093A5
:10CBF000BE127093BF128093C0129093C11284E44E
:10CC00000E94771F882311F40C94D0560E94DF21D4
:10CC10002CEA35EC47E25EE30F94AB3D6093C21221
:10CC20007093C3128093C4129093C5120C94D05683
:10CC300011110C94D0560E94BD3188E694E10E94F7
:10CC4000772F8091CC18882391F080E594E10E94A1
:10CC5000772F60915F027091600287E594E10E94F6
:10CC60009E3583E594E10E94772F0C94D0568CE496
:10CC700094E1EDCF70E060E085E40E94D021F82ED1
:10CC8000EFEF8E17B1F1882361F080EA94E10E9402
:10CC9000772F88E894E10E94772F0E943F7A0C94C6
:10CCA000D05604EB10E083E40E94771FB5E0EB2E32
:10CCB000882319F00E94CC21E82E83E50E94771F7B
:10CCC000882319F00E94CC218C0160E085E50E9448
:10CCD000B721D82E60E08BE794E10F94080A2D2D40
:10CCE0004E2D6F2DC8010E943BDA0E94F5790C94FD
:10CCF000D05606E410E0D7CF68E470E080915F077B
:10CD0000909160070F94FF3F8C0183E50E94461FBE
:10CD1000012B11F00C94D05681110C94D05681E067
:10CD20000F94BE170F94CC020C94D0560E944D2342
:10CD30000E94F2200F94CC020C94D0560E94BD3B6E
:10CD40000C94D0566FEF7FEF89E40E94D021082F1A
:10CD50006FEF7FEF8AE40E94D021182F8AE50E94AE
:10CD6000771FD12C811107C081E50E94771FD82E33
:10CD7000882309F48AC3C02E81E0800F863008F032
:10CD800054C0912E81E0810F863008F04EC00E9481
:10CD9000DF212B013C01F02E07FDF12C07FF02C023
:10CDA000A4E0CA2E812E17FD812C17FF02C0F4E0EB
:10CDB0009F2EE5E03E2ECF14A0F1E82C3F9C5001C1
:10CDC00011249E1460F10E2D10E020E030E0A90146
:10CDD000DD2069F0F501E00FF11FEE0FFF1FEE0FF0
:10CDE000FF1FEC56F34F20813181428153810A0DA0
:10CDF0001B1D000F111F000F111F0C56134FC301F5
:10CE0000B2010F94B13CD8016D937D938D939C93A7
:10CE100013976E2D8F2D0E941C7DE394D2CFF39437
:10CE2000CACF0E94642B0C94D0560E94C1308DEC66
:10CE300094E10E94772F0C94D0560F944A0A0C94D8
:10CE4000D0560E942BEE0C94D05661E083E50E94F0
:10CE5000B72111E0182741E060E975E1812F0E94B8
:10CE6000F131812F0E94C13188E895E10E94772F2E
:10CE70008DE996E10E94AB3541E066E775E1812FCF
:10CE80000E94F131812F0E94C13189E595E10E9414
:10CE9000772F812F0E943E34812F0E94EF7C812FBB
:10CEA0000E94DA33812F0E940434812F0E94B8330C
:10CEB000812F0E946633812F0E9412336CEF74E140
:10CEC000812F0E94827C00917C0C83EF94E10E9470
:10CED000772F802F0E94502340917D0C50917E0C23
:10CEE00060917F0C7091800C8BE590E20E94233260
:10CEF00086EE94E10E94772F80917C0C0E94A230F4
:10CF00000E9462298823A1F154E9C52E5CE0D52E48
:10CF100000E05601F12C812F0E94C1318FE495E190
:10CF20000E94772F8F2D0E946CD08CE495E10E9497
:10CF3000772F802F0E946CD08BE590E20E94772F94
:10CF4000F501608171818281938145E00E9472D0F8
:10CF50008AE00E94702FF394F4E1AF0EB11C25E03B
:10CF6000F212D9CF0F5F34E0C30ED11C053089F621
:10CF7000812F0E94D332812F0E943433812F0E944F
:10CF8000AE30812F0E94B33841E067E175E1812F17
:10CF90000E94F131812F0E94C1314091830750914D
:10CFA000840760918507709186078EE095E10E9465
:10CFB0000D33812F0E94E33865E375E1812F0E94D4
:10CFC000827C10919D078CE295E10E94772F812F42
:10CFD0000E9450234091FF16509100176091011755
:10CFE0007091021789E295E10E9423321091041793
:10CFF00086E295E10E94772F612F70E090E080E05B
:10D000000E9481798AE00E94702F0C94D05681E0B2
:10D010008093F5160E9423F71092F516882311F4D9
:10D020000C94D0560E94BD318DE995E10E94772F76
:10D030000C94D05614FD02C00C94D0560E949F7CD4
:10D040000C94D0560E9434320C94D0560E94275330
:10D050000C94D0560E94C631082F87FF02C00C9452
:10D06000D05685E50E94771F882359F10E94DF2161
:10D070004B015C01E02E002E000CFF0820E030E0A8
:10D08000A9010F94113F87FF04C0B7FAB094B7F815
:10D09000B09420E030E84BE354E4C501B4010F94B0
:10D0A000113F970143E0220F331F4A95E1F72C51BE
:10D0B000394E1816D4F1D9018D929D92AD92BC9241
:10D0C00013978CE40E94771F882311F40C94D05698
:10D0D0000E94DF216B017C01002E000C110B20E06F
:10D0E00030E0A9010F94113F87FF04C0F7FAF094D4
:10D0F000F7F8F09420E030E84BE354E4C701B601C0
:10D100000F94113F980193E0220F331F9A95E1F796
:10D110002C51394E18169CF0D9011496CD92DD92FF
:10D12000ED92FC9217970C94D05680E090E8ABE318
:10D13000B4E4F90180839183A283B383C2CF80E0FA
:10D1400090E8ABE3B4E4F90184839583A683B783C5
:10D150000C94D0560E94BE4E0C94D0560E9459504A
:10D160000C94D0562090F2123090F3120091F412E9
:10D170001091F5124090F6125090F7126090F8124C
:10D18000F091F912FC8F8090FA129090FB12A0900F
:10D19000FC12B090FD1288E50E94771FC82E8823EC
:10D1A00051F10E94DF21762ED72E7C0120E030E065
:10D1B00046E953EC0F94113F87FD0CC020E030E0AE
:10D1C00046E953E4672D7D2DC7010F94CD35181620
:10D1D0000CF06FC06CE271E085EE95E10E949E3527
:10D1E0006CE271E080EE95E10E949E358DED95E157
:10D1F0000E94772FF12C89E50E94771F882361F127
:10D200000E94DF21762EC72ED82EE92E20E030E0B6
:10D2100046E953EC0F94113F87FD0DC020E030E04C
:10D2200046E953E4672D7C2D8D2D9E2D0F94CD3531
:10D2300018160CF043C06CE271E08AEC95E10E9494
:10D240009E356CE271E085EC95E10E949E3582ECA2
:10D2500095E10E94772FF12C8AE50E94771F8823A1
:10D2600091F10E94DF214B015C0120E030E040E1C0
:10D2700051EC0F94113F87FD0AC020E030E040E1FF
:10D2800051E4C501B4010F94CD351816E4F467EFED
:10D290007FEF80EB95E10E949E3569E070E08BEABC
:10D2A00095E10E949E3588EA95E10E94772F0C94C3
:10D2B000D056272C3D2C8701FC2C9DCF472C5C2C75
:10D2C0006D2CEC8EC9CFFF2011F40C94D056C10107
:10D2D000D8018093F2129093F312A093F412B093BA
:10D2E000F512C201A62DBC8D8093F6129093F71211
:10D2F000A093F812B093F9128092FA129092FB1256
:10D30000A092FC12B092FD120C94D056A09083070C
:10D31000B0908407C0908507D09086078BE40E9468
:10D32000771F882339F10E94DF217B018C0120E0E7
:10D3300030E0A9010F94113F87FD0AC020E030E0E2
:10D3400040E251E4B701C8010F94CD351816A4F49A
:10D350008FE30E94702F8BE40E94702F83E096E190
:10D360000E94772F8BEF95E10E94772F88EF95E150
:10D370000E94772F750186019701A801B501C601AA
:10D380000F94CD35882361F00E9459F8C701D80168
:10D390008093830790938407A0938507B0938607B3
:10D3A000E0915F07F09160078081882311F40C946D
:10D3B000D0560E94BD3140918307509184076091FF
:10D3C00085077091860787E196E10E940D330C94E2
:10D3D000D05683E08093FD1710921C1060E083E527
:10D3E0000E94B72181110C94D0560E94C57B0C94E9
:10D3F000D05681E00E94AE300C94D0560E94ED6A67
:10D400000C94D0560E9404D081110C94D0560C94E8
:10D41000BC5D109162074091830C45FB442740F9A5
:10D420006AE476E1CE0101960E94E2348091830C99
:10D4300085FF10C085E496E10E94772F612F012EB1
:10D44000000C770B880B990B0E94817982E496E19E
:10D450000E94772F0E94BB9460932D1070932E1022
:10D4600080932F1090933010812F0E949CB7CE0193
:10D4700001960E94D9340C94D0560E94C13089E0A4
:10D4800094E10E94772F0C94D0560E94C1308DEA0F
:10D4900094E10E94772F0C94D056DF92EF92FF9286
:10D4A0000F931F93CF93DF93EC01E090480DF09022
:10D4B000490D8AE0D82E6AE070E0CE010F94FF3F5C
:10D4C0008C01009711F0FC011082CE010E942622EF
:10D4D00081E00E94FB540115110519F0E801D99271
:10D4E000EACFC701DF91CF911F910F91FF90EF908D
:10D4F000DF900C9426224F925F926F927F928F92D0
:10D500009F92AF92BF92CF92DF92EF92FF920F93D2
:10D510001F93CF93DF93CDB7DEB77C014DB65EB6D8
:10D520006090480D7090490D8DB69EB66AE070E02F
:10D53000C7010F9408356C018C010E191F09892B46
:10D5400021F4C7010F941A358C01C80101962DB73B
:10D550003EB7281B390B0FB6F8943EBF0FBE2DBF48
:10D560008DB79EB701965C01A801B7010F943B35BA
:10D57000F501E00FF11F1082C5010E94262281E013
:10D580000E94FB54C114D10451F076019FEFE91AB7
:10D59000F90A0FB6F8949EBE0FBE8DBEC5CF0FB66A
:10D5A000F8949EBE0FBE8DBEC3010E9426220FB608
:10D5B000F8945EBE0FBE4DBEDF91CF911F910F91CB
:10D5C000FF90EF90DF90CF90BF90AF909F908F90A3
:10D5D0007F906F905F904F9008952F923F924F925F
:10D5E0005F926F927F928F929F92AF92BF92CF92F3
:10D5F000DF92EF92FF920F931F93CF93DF93CDB7FC
:10D60000DEB7C659D1090FB6F894DEBF0FBECDBF45
:10D610000E9424288823B9F1E0905F07F09060070A
:10D6200063E570E0C7010F94FF3F892B09F445C003
:10D6300081E890E10E94AB358EEF8093B71810928D
:10D64000B61881E09AE590936614809365148CE493
:10D6500090E0909368148093671487E08093591446
:10D6600082E880935C1484E890E0A0E0B0E08093CE
:10D670005D1490935E14A0935F14B093601489E0DE
:10D6800094E10F94F206CA56DF4F0FB6F894DEBF4E
:10D690000FBECDBFDF91CF911F910F91FF90EF9003
:10D6A000DF90CF90BF90AF909F908F907F906F90C2
:10D6B0005F904F903F902F90089563E470E0C70112
:10D6C0000F94FF3F892B39F00E9406280E943CF0FE
:10D6D0000F94160FD8CF40904D0C50904E0C609088
:10D6E0004F0C7090500C8091560C81FF05C09091AA
:10D6F000830C98609093830C82FB882780F9809339
:10D70000CC1886E790E10E947B6A8091DD0B9091B6
:10D71000DE0B9E012F5F3F4F7901009799F09F9399
:10D720008F938EE690E19F938F933F932F930F9467
:10D730006435C7010E944D6A0F900F900F900F90B3
:10D740000F900F908091DB0B9091DC0B843B910547
:10D7500014F484EB90E09F938F9386E690E19F937F
:10D760008F93FF92EF920F946435C7010E944D6A28
:10D770009091B10BCF56DF4F9883C159D040209183
:10D78000B20BCE56DF4F2883C259D0403091B30B35
:10D79000CD56DF4F3883C359D0408091B40BCC565F
:10D7A000DF4F8883C459D0402091BB0B3091BC0B14
:10D7B0004091BD0B5091BE0B692FCE56DF4F788143
:10D7C000C259D040CD56DF4F8881C359D040CC5686
:10D7D000DF4F9881C459D0400F94B13C962E872ECC
:10D7E000382E292E8EE590E10E947B6A8091560C9E
:10D7F0000F900F900F900F900F900F9080FDD8C159
:10D80000CF56DF4FA880C159D040CE56DF4FB880E9
:10D81000C259D040CD56DF4FC880C359D040CC56F6
:10D82000DF4FD880C459D0408E010F571F4F23E0DF
:10D8300041E0B501C6010F949A309F938F9385E51F
:10D8400090E19F938F93FF92EF920F946435C701FD
:10D850000E944D6A0F900F900F900F900F900F90B5
:10D860009501A601692D782D832D922D0F94113FDE
:10D870001816FCF423E041E0692D782D832D922DBC
:10D880000F949A309F938F938BE490E19F938F93A3
:10D89000FF92EF920F946435C7010E944D6A0F907A
:10D8A0000F900F900F900F900F90A92CB82CC32CB5
:10D8B000D22C83E490E10E947B6A87E08093810C04
:10D8C0008093CB186091E00B7091E10B8091E20B9B
:10D8D0009091E30B8E010F571F4F21E041E00F9411
:10D8E0009A309F938F938091560C83FB882780F901
:10D8F000CB56DF4F8883C559D040CA56DF4F1882B8
:10D90000C659D040CB56DF4F88819981C559D04048
:10D91000C0969F938F9388E390E19F938F93FF929C
:10D92000EF920F946435C7010E944D6A21E041E0F7
:10D93000B501C6010F949A309F938F938FE290E1C7
:10D940009F938F93FF92EF920F946435C7010E94CB
:10D950004D6A8091560C0FB6F894DEBF0FBECDBF56
:10D9600084FF1FC06091D70B7091D80B8091D90BA9
:10D970009091DA0B23E041E00F949A309F938F93BC
:10D9800087E290E19F938F93FF92EF920F9464351B
:10D99000C7010E944D6A0F900F900F900F900F904B
:10D9A0000F908091DB0B9091DC0B009799F09F9387
:10D9B0008F938FE190E19F938F93FF92EF920F945B
:10D9C0006435C7010E944D6A0F900F900F900F9021
:10D9D0000F900F908091DF0B8823A1F01F928F93FF
:10D9E0001F921F9284E190E19F938F93FF92EF9299
:10D9F0000F946435C7010E944D6A0FB6F894DEBFDC
:10DA00000FBECDBF6091AD0B7091AE0B8091AF0B8F
:10DA10009091B00B8E010F581F4F23E041E00F94FF
:10DA20009A30D82EC92E6091A90B7091AA0B8091C3
:10DA3000AB0B9091AC0B005F1F4F23E041E00F94C4
:10DA40009A30CF92DF929F938F9386E090E19F93DD
:10DA50008F93FF92EF920F946435C7010E944D6A35
:10DA600023E041E0CF56DF4F6881C159D040CE5608
:10DA7000DF4F7881C259D040CD56DF4F8881C359DE
:10DA8000D040CC56DF4F9881C459D0400F949A3083
:10DA90009F938F938CEF9FE09F938F93FF92EF92D2
:10DAA0000F946435C7010E944D6A8091BA0B8F9321
:10DAB0008091B90B8F9386EF9FE09F938F93FF9296
:10DAC000EF920F946435C7010E944D6A6091B50BC7
:10DAD0007091B60B8091B70B9091B80B23E041E0A9
:10DAE0000F949A309F938F938DEE9FE09F938F9327
:10DAF000FF92EF920F946435C7010E944D6A8CE04B
:10DB0000EFEBFBE0A1EBB7E101900D928A95E1F715
:10DB10008CE0EBECFBE0AFEBB8E101900D928A9565
:10DB2000E1F780E00E947AFD81E00E947AFD82E0C8
:10DB30000E947AFD8091550C80935C0781E0809370
:10DB4000580C0E940E2884EE9BE09F938F938BEEDF
:10DB50009FE29F938F93FF92EF920F9464350FB6DD
:10DB6000F894DEBF0FBECDBFC7010E944D6A809101
:10DB7000540C8F938091530C8F938091520C8F9300
:10DB80008091510C8F937F926F925F924F9281EEB2
:10DB90009FE09F938F93FF92EF920F946435C7019C
:10DBA0000E944D6A0FB6F894DEBF0FBECDBF6BCD9D
:10DBB000A92CB82CC32CD22C37CE2F923F924F9247
:10DBC0005F926F927F928F929F92AF92BF92CF920D
:10DBD000DF92EF92FF920F931F93CF93DF93CDB716
:10DBE000DEB7CF59D1090FB6F894DEBF0FBECDBF57
:10DBF0004091830C45FB442740F969EA7DE0CE0162
:10DC00008D569F4F0E94E2340E94BB9460932D106A
:10DC100070932E1080932F109093301061E570E078
:10DC200080915F07909160070F94FF3F8C01892BD3
:10DC300001F58091830C85FD1CC060E083E40E94A7
:10DC4000B721C156DF4F8883CF59D04080917C0CDB
:10DC5000882391F160E08FE40E94B721882361F16D
:10DC60008091830C85FF09C08AE89DE00E94772F90
:10DC700004C00E94743D012B01F3CE018D569F4FCD
:10DC80000E94D934C156DF4F0FB6F894DEBF0FBEE5
:10DC9000CDBFDF91CF911F910F91FF90EF90DF905B
:10DCA000CF90BF90AF909F908F907F906F905F903C
:10DCB0004F903F902F9008956EE470E080915F0741
:10DCC000909160070F94FF3F892BE9F487E00F9450
:10DCD000AA148111D2CF80917C0C888B00915F07B0
:10DCE0001091600767E570E0C8010F94FF3F892B32
:10DCF00009F404C10E94622981110AC00E94C13046
:10DD000082E79DE0B3CF84E89DE00E947B6ADECF8E
:10DD10008AE50E94771F882339F10E94DF21209134
:10DD2000620D3091630D4091640D5091650D0F941B
:10DD3000B03C6B017C0120E030E040E251ECC701D7
:10DD4000B6010F94113F87FD0AC020E030E040E2A9
:10DD500051E4C701B6010F94CD35181674F40E9432
:10DD6000C13085E69DE082CFC090520DD090530D1A
:10DD7000E090540DF090550DDECF40E050E060ECA7
:10DD80007FE788E50E940D2220915A0D30915B0DAE
:10DD900040915C0D50915D0D0F94B03C2B013C0106
:10DDA00040E050E060EC7FE789E50E940D22209181
:10DDB0005E0D30915F0D4091600D5091610D0F949B
:10DDC000B03C4B015C016FEF89E40E949B21182F4E
:10DDD0006FEF8AE40E949B21082FA3019201C301E7
:10DDE000B2010F94A33F811156C0A5019401C50152
:10DDF000B4010F94A33F81114EC02091CD183091F2
:10DE0000CE184091CF185091D018C301B2010F9491
:10DE1000B03C2091D5183091D6184091D718509128
:10DE2000D8180F94AB3D20E030E040E05FE30F9462
:10DE3000B13C0F941D3E162F2091D1183091D2186D
:10DE40004091D3185091D418C501B4010F94B03C3F
:10DE50002091D9183091DA184091DB185091DC18D4
:10DE60000F94AB3D20E030E040E05FE30F94B13C25
:10DE70000F941D3E062F812F012E000C990B97FD4C
:10DE800035C00597ACF5802F002E000C990B97FD3F
:10DE900031C005978CF5153008F0EFCE053008F04D
:10DEA000ECCE80E00E94023525E01202F001112440
:10DEB000E00FF11D07FDFA95EE0FFF1FEE0FFF1F9C
:10DEC000EC56F34FC082D182E282F3820E94642B2F
:10DED000602F812F0E941C7D8889882309F4CDCE74
:10DEE00081E00E9402350F94CC02C7CE10E0CBCF68
:10DEF00014E0C9CF00E0CFCF04E0CDCF6AE470E0FA
:10DF0000C8010F94FF3F892B61F470E060E086E563
:10DF10000E94D0219A838983059730F080E49DE0A8
:10DF2000A5CE0E944135A9CE60E084E40E94B721CD
:10DF30008F8740E050E0BA018AE50E940D226BA76E
:10DF40007CA78DA79EA740E050E86BE376E483E5CD
:10DF50000E940D2220E030E040E752E40F94AB3DF8
:10DF600060933102709332028093330290933402B3
:10DF70000091FE121091FF12F801C080D180E28062
:10DF8000F38020E030E0A901C701B6010F94B13C55
:10DF9000C556DF4F6883CB59D040C456DF4F7883D6
:10DFA000CC59D040C356DF4F8883CD59D040C2569C
:10DFB000DF4F9883CE59D04020E030E040E450E479
:10DFC0000F94CD3587FF16C0C556DF4F1882CB5949
:10DFD000D040C456DF4F1882CC59D040F0E4C3562D
:10DFE000DF4FF883CD59D04020E4C256DF4F28835D
:10DFF000CE59D04020E030E84DE953E4C701B601E6
:10E000000F94B13C662ECA56DF4F7883C659D04074
:10E01000C956DF4F8883C759D040C856DF4F988311
:10E02000C859D04020E030E844E953E40F94113F50
:10E0300018169CF4612C30E8CA56DF4F3883C65955
:10E04000D04084E9C956DF4F8883C759D04093E454
:10E05000C856DF4F9883C859D040F8018480958016
:10E06000A680B78020E030E0A901C501B4010F947B
:10E07000B13C7B018C0120E030E040E051E40F94A2
:10E08000CD3587FF04C0E12CF12C00E011E420E045
:10E0900030E04BE953E4C501B4010F94B13CB62E16
:10E0A000C72ED82EC756DF4F9883C959D04020E0DD
:10E0B00030E042E953E40F94113F181654F4B12CA8
:10E0C000C12CF2E9DF2EF3E4C756DF4FF883C959BC
:10E0D000D04088E40E94461F882309F43EC10E9474
:10E0E000DF210F941D3E1B0177FF02C06F5F7F4F42
:10E0F000759567957195619571096A567F4F072EE1
:10E10000000C880B990B0F94D435762E872E982E01
:10E11000A92E9701A8010F94113F181624F4E72C9B
:10E12000F82C092D1A2DC556DF4F2881CB59D04028
:10E13000C456DF4F3881CC59D040C356DF4F488199
:10E14000CD59D040C256DF4F5881CE59D040672DAF
:10E15000782D892D9A2D0F94113F1816A4F0C556CD
:10E16000DF4F7880CB59D040C456DF4F8880CC59E0
:10E17000D040C356DF4F9880CD59D040C256DF4FB4
:10E18000A880CE59D040872D982DA92DBA2D8B8BE4
:10E190009C8BAD8BBE8BC701D8018F8B988FA98FBD
:10E1A000BA8FB101330C880B990B0F94D4351B0136
:10E1B0002C019701A8010F94B13C7B018C012B2D00
:10E1C0003C2D4D2DC756DF4F5881C959D0400F9473
:10E1D000CD3587FF08C0BE2CCF2CD02EC756DF4FC1
:10E1E0001883C959D040272D382D492D5A2DC201E9
:10E1F000B1010F94B13C7B018C01262DCA56DF4F33
:10E200003881C659D040C956DF4F4881C759D040E0
:10E21000C856DF4F5881C859D0400F94CD3587FF7D
:10E2200010C06E2CCA56DF4FF882C659D040C9566E
:10E23000DF4F0883C759D040C856DF4F1883C859ED
:10E24000D040862DCA56DF4F9881C659D040C95656
:10E25000DF4FA881C759D040C856DF4FB881C85991
:10E26000D0408B8F9C8FAD8FBE8F8B2D9C2DAD2D75
:10E27000C756DF4FB881C959D0408F8F98A3A9A343
:10E28000BAA3BE01695E7F4FCE0143960E94E67D30
:10E29000882309F4B1C0BE01615E7F4FCE014B9669
:10E2A0000E94E67D082F882309F4A6C02F89388DA7
:10E2B000498D5A8D6F8D78A189A19AA10F94B03C98
:10E2C00020E030E040E85EE30F9433366B017C01E0
:10E2D0002B893C894D895E896B8D7C8D8D8D9E8DC2
:10E2E0000F94B03C20E030E040E85EE30F9433361A
:10E2F0006BA37CA38DA39EA3CFA2D8A6E9A6FAA662
:10E3000089819A811816190674F48FEF9CE00E9497
:10E31000772F8F85882321F085EF9CE00E94772F4F
:10E320008AE00E94702F0E9459F8C156DF4F288161
:10E33000CF59D040211102C00F94550180E00E94B6
:10E34000023581E00F94BE17882309F47CC08889C8
:10E350000E9402350F94DD0890CCA701B80186E435
:10E360000E940D221B012C01C556DF4F4881CB595D
:10E37000D040C456DF4F5881CC59D040C356DF4FF0
:10E380006881CD59D040C256DF4F7881CE59D040F8
:10E390008CE40E940D226B8B7C8B8D8B9E8B2F8A45
:10E3A000388E498E5A8E4B2D5C2D6D2DC756DF4F02
:10E3B0007881C959D04082E40E940D226B017C0112
:10E3C000462DCA56DF4F5881C659D040C956DF4F37
:10E3D0006881C759D040C856DF4F7881C859D040AE
:10E3E00082E50E940D226B8F7C8F8D8F9E8FCF8E4A
:10E3F000D8A2E9A2FAA245CF8091830C85FF20C064
:10E400004B895C896D897E898AE39DE00E94233275
:10E410004B8D5C8D6D8D7E8D87E39DE00E94233258
:10E420004F89588D698D7A8D84E39DE00E94233257
:10E430004F8D58A169A17AA181E39DE00E940D331F
:10E4400085E19DE013CC8F85811143C02091D518C3
:10E450003091D6184091D7185091D8186BA17CA153
:10E460008DA19EA10F94CD35811130C02091D91876
:10E470003091DA184091DB185091DC186FA178A523
:10E4800089A59AA50F94CD35811120C02091CD1872
:10E490003091CE184091CF185091D0186B897C895B
:10E4A0008D899E890F94CD35811110C02091D1188E
:10E4B0003091D2184091D3185091D4186F89788D2B
:10E4C000898D9A8D0F94CD35882319F00E9441359E
:10E4D000188A60E085E40E94B721882309F402C10C
:10E4E00031E0C856DF4F3883C859D0401B861C86A0
:10E4F0001D861E861A8A35ECA32E3CE0B32E43ED12
:10E50000842E4CE0942E59EC252E312C412C512C8C
:10E51000FA8894E09F150CF40FC16B857C858D857E
:10E520009E859B01AC010F94A33F811105C100237F
:10E5300009F4DFC0E1E0C956DF4FE883C759D04096
:10E54000F5E0CA56DF4FF883C659D04091E009275D
:10E550001F2D110F110F1F0D1F5F898B79886A897D
:10E56000CA56DF4F8881C659D040781609F4E0C0FA
:10E57000062E000C770B880B990B0F94D4352FA126
:10E5800038A549A55AA50F9433362F89388D498D62
:10E590005A8D0F94B13C6B017C01672D770C770B82
:10E5A000880B990B0F94D4352BA13CA14DA15EA1F2
:10E5B0000F9433362B893C894D895E890F94B13C89
:10E5C0006B837C838D839E83CF82D886E986FA868F
:10E5D00089819A81892B89F081EE9CE00E94772FB6
:10E5E000812F0E946CD069E170E08FED9CE00E9469
:10E5F0009E358CED9CE00E94772F1F9299E19F93AE
:10E600001F921F93BF92AF929F928F921F920E9470
:10E61000797B0FB6F894DEBF0FBECDBFC156DF4F7A
:10E62000F881CF59D040FF2309F471C00F94043111
:10E63000A20191010F94333C64567109810991093B
:10E640000F94D4352FE632E143E85AE30F94333682
:10E650006B017C01CB86DC86ED86FE86AC019B01DE
:10E660000F94A33F811161C079886A8825E0372D16
:10E670003203C0011124860D911D67FC9A95880F05
:10E68000991F880F991FE1E0F0E0EC0FFD1FE80FE4
:10E69000F91FC756DF4FF983E883C959D040A70156
:10E6A00096016BA57CA58DA59EA50F94B13CC75680
:10E6B000DF4FE881F981C959D04066A777A780ABC1
:10E6C00091AB662D872D0E941C7D188A81E00E94E7
:10E6D000EC481F5F8989C956DF4FF881C759D04080
:10E6E0008F0F3BCF83E0C856DF4F8883C859D04097
:10E6F000FDCE2FEFC956DF4F2883C759D0403FEFDB
:10E70000CA56DF4F3883C659D04084E01FCF2981D5
:10E71000C856DF4F4881C859D040BE01695F7F4F5E
:10E72000CE0103960E942AB993CF88890E940235B0
:10E730008A898F5F8A8BECCE0E94F5790E944D23E7
:10E74000882359F088890E94023580E090E0A0EC8F
:10E75000BFE78B879C87AD87BE878091830C85FF41
:10E7600008C04AE95CE061EB7CE08AE49DE00E943D
:10E77000AC346B857C858D859E859B01AC010F94A7
:10E78000A33F811110C08F858823E9F0CE018F96B9
:10E790000E94423B8F85882319F08889882319F0CD
:10E7A00081E00E940235C156DF4F2881CF59D04009
:10E7B000211102C00F943C010E94F2200F94DD0849
:10E7C0000F94CC02C7CDBE016D5E7F4FCE01839604
:10E7D0000E94782B84E6FE01BF96A4E9BCE001907C
:10E7E0000D928A95E1F70E94642B90E080E0D0CFF3
:10E7F000CF93DF93C091540EC0936E0781E6C89FFC
:10E80000E0011124CA5AD14F8091830C80FF05C0CA
:10E810000E94BD31CE010F946E14CE010E942622BB
:10E8200080E0DF91CF910C94FB54FC01208180911A
:10E83000681290916912922728E0AC01880F991F05
:10E8400057FD07C02150C9F7909369128093681251
:10E850000895F1E28F27F0E19F27F4CF81508231B4
:10E8600008F05AC0E82FF0E08827E65CFB488F4F9D
:10E870000D94A83C5A745E744C74527456748C7423
:10E88000617467746B747174757479747F74837454
:10E890008C7487748D749174809180008F778093CD
:10E8A00080000895809180008F7DF9CF8091800055
:10E8B000877FF5CF84B58F7784BD089584B58F7D2C
:10E8C000FBCF8091B0008F778093B0000895809146
:10E8D000B0008F7DF9CF809190008F77809390006A
:10E8E0000895809190008F7DF9CF80919000877F6F
:10E8F000F5CF8091A0008F778093A000089580913C
:10E90000A0008F7DF9CF8091A000877FF5CF809107
:10E9100020018F77809320010895809120018F7DC1
:10E92000F9CF80912001877FF5CF3FB7F894809190
:10E93000690790916A07A0916B07B0916C0726B5A3
:10E94000A89B05C02F3F19F00196A11DB11D3FBF27
:10E95000BA2FA92F982F8827BC01CD01620F711DF6
:10E96000811D911D42E0660F771F881F991F4A95F0
:10E97000D1F7089500C0000082E090E00197F0F721
:10E980000895CF92DF92EF92FF920F931F93CF9350
:10E99000DF93FB0101900020E9F73197AF01461B9F
:10E9A000570BE9F14932510514F048E250E08C016F
:10E9B00000561F4FEAE5D801EC93FC01EF55FF4FDD
:10E9C000A5EAA0833196A3E0A40FA0833196A2E824
:10E9D000A08331963083319620833196DB018D916F
:10E9E0008193CD01861B970B84179507C4F36801AB
:10E9F000F12CE12CEA012596CE15DF055CF0F6013D
:10EA000081916F010E94D52D0E94BA74FFEFEF1A19
:10EA1000FF0AF2CF8EE2D8011D928A95E9F7DF91C5
:10EA2000CF911F910F91FF90EF90DF90CF900895BD
:10EA30008F929F92AF92BF92CF92DF92EF92FF920E
:10EA40000F931F93CF93DF9300D01F92CDB7DEB704
:10EA5000FC018381813091F080E00F900F900F9046
:10EA60000F90DF91CF911F910F91FF90EF90DF906A
:10EA7000CF90BF90AF909F908F900895818181FF3C
:10EA8000EBCF81899289A389B489892B8A2B8B2B1F
:10EA900009F460C07F0140E050E0BA01CF010E945C
:10EAA00045C88823C9F2F701C18CD28C8588968825
:10EAB000A788B08C82E090E0A0E0B0E0F60180830F
:10EAC0009183A283B3839E012F5F3F4FB501A401C1
:10EAD000C6010E94BEC5882309F4BECF00E010E045
:10EAE0009801B501A401C6010E942CC5882309F430
:10EAF000B3CF89809A80AB80BC80F6018789803152
:10EB000001F5F8EF8F16FFEF9F06A104B104D8F2CC
:10EB1000F701158A168A178A108E118A128A138AAB
:10EB2000148A818180688183C7010E9410C888236C
:10EB300009F492CF40E050E0BA01C7010E9445C8F5
:10EB40008CCF88EF88168FEF9806A8068FE0B8065E
:10EB5000F8F6B9CF81E081CF2F923F924F925F922A
:10EB60006F927F928F929F92AF92BF92CF92DF92DD
:10EB7000EF92FF920F931F93CF93DF9300D01F92DA
:10EB8000CDB7DEB7382E7B012DB73EB73C832B8344
:10EB90008091C016811107C01092A5161092A81678
:10EBA00081E08093C01680919D16811107C010925C
:10EBB00082161092851681E080939D16DA018C9161
:10EBC0008F3209F08DC083E095E1F7019183808356
:10EBD0004F5F5F4F31101092D814F7010190F08110
:10EBE000E02DFA83E9838A0125EAC22E26E1D22E9E
:10EBF0003BE1232E01151105E9F14DB65EB66FE23A
:10EC000070E0C8010F94FF3F4C010817190768F521
:10EC10003C01601A710A7724C30101962DB73EB7F3
:10EC2000281B390B0FB6F8943EBF0FBE2DBF8DB712
:10EC30009EB701965C01A301B8010F941F40F50136
:10EC4000E60DF71D1082C6010E9406CCD7016D911A
:10EC50007C9121E0A501C6010E942CCD811146C006
:10EC6000C5010E9434EF10E000E00FB6F8945EBEDC
:10EC70000FBE4DBE3320A9F0D701ED91FC918BE181
:10EC8000AEE1B5E101900D928A95E1F791E08091B6
:10EC9000D814811190E08091E31490FB86F9809361
:10ECA000E314C801EB81FC810FB6F894FEBF0FBEE0
:10ECB000EDBF0F900F900F900F90DF91CF911F91AC
:10ECC0000F91FF90EF90DF90CF90BF90AF909F900B
:10ECD0008F907F906F905F904F903F902F9008950E
:10ECE0008EE195E1D7018D939C9377CFF7018081D9
:10ECF000918129813A812817390711F00E9406CCA9
:10ED0000D701CD92DC92332099F0A091D814AA308B
:10ED100078F481E08A0F8093D8142A9ED0011124C0
:10ED2000A75CBA4EF601822D01900D928A95E1F70B
:10ED3000B5EACB16B6E1DB0669F492E8C92E96E196
:10ED4000D92E84010F5F1F4F0FB6F8945EBE0FBE21
:10ED50004DBE50CF85EAC82E86E1D82EF2CF8F92D5
:10ED60009F92AF92BF92EF92FF921F93CF93DF9348
:10ED7000CDB7DEB7A0970FB6F894DEBF0FBECDBFFC
:10ED8000611571058105910591F120E04AE0842E1D
:10ED9000912CA12CB12C11E0120FEE24E394F12C54
:10EDA000EC0EFD1EE20EF11C27FDFA94A501940164
:10EDB0000F94113CF7016083B901CA01212F61153D
:10EDC00071058105910539F7115018F1E1E0F0E086
:10EDD000EC0FFD1FE10FF11D17FDFA95908187E300
:10EDE0009A3008F480E3890F0E94702FEDCF80E302
:10EDF000A0960FB6F894DEBF0FBECDBFDF91CF91C6
:10EE00001F91FF90EF90BF90AF909F908F900C94C8
:10EE1000702FA0960FB6F894DEBF0FBECDBFDF9166
:10EE2000CF911F91FF90EF90BF90AF909F908F90E8
:10EE30000895BF92CF92DF92EF92FF920F931F93AC
:10EE4000CF93DF93EB01FC012381223008F49DC0B6
:10EE500040855185628573854F71552766277727D1
:10EE6000452B462B472B09F090C08C0110924E1277
:10EE700010924D12C12CDD24DA947E01FBE0EF0EDE
:10EE8000F11C8DE0B82E40E250E0BE01C8010E94A6
:10EE900059CA8032910581F021E0892B09F420E0E4
:10EEA000822F8195DF91CF911F910F91FF90EF906D
:10EEB000DF90CF90BF9008952881222309F467C086
:10EEC000253E11F02E3229F410924E1210924D125E
:10EED000DACF3B853F733F3009F042C04A8D5B8DEE
:10EEE000452B61F52F713FEF320F323038F58D85AC
:10EEF000213041F1C81229C02150330BB29EC0010C
:10EF0000B39E900D1124DC01A35BBD4EFE0120E0F9
:10EF10002B30F0F0468157814F3F510519F010F02A
:10EF20004FE550E04D932F5F32962D3089F72881C1
:10EF300026FF04C0FC01E65AFD4E10822B8523FDFE
:10EF4000A2CFB0CFC82ED12CD7CFDD24D394D4CF2D
:10EF5000253018F044815581DFCF41815281DCCFCB
:10EF6000D1100EC0FE0120E020FB279527F931913A
:10EF7000230FEE16FF06C1F7C21601F3DD24D3946A
:10EF800010924E1210924D12D9CF8FEF8BCF80E09E
:10EF900089CFEF92FF920F931F93CF93DF93CDB75B
:10EFA000DEB7EB970FB6F894DEBF0FBECDBF8C0176
:10EFB0007C012FEFE21AF20A8091391390913A13F3
:10EFC0008F3F980731F48091E31484FF46C00E947C
:10EFD000ABCC90933A13809339138E159F0578F13B
:10EFE0008EE195E10E94A6CC8BE1EEE1F5E1DE0138
:10EFF000919601900D928A95E1F710E0BE016F5F46
:10F000007F4FCE0181960E94197718167CF4CE01AD
:10F0100001960E94B7C4882389F3011321C0BE0161
:10F020006F5F7F4F80E492E10E94D4C4CE0181964D
:10F030000E94362881E090914012911101C080E039
:10F04000EB960FB6F894DEBF0FBECDBFDF91CF9128
:10F050001F910F91FF90EF90089590E080E0B9CF5D
:10F060001F5FCCCF8F929F92AF92BF92CF92DF92D1
:10F07000EF92FF92CF93DF9390933F1280933E12D3
:10F080001092811282E090E0A0E0B0E080936A12DA
:10F0900090936B12A0936C12B0936D1210923D126C
:10F0A0001092391210923A1210923B1210923C12A6
:10F0B0008FEF9FEFDC018093351290933612A0936F
:10F0C0003712B0933812662309F470C040E060E054
:10F0D00070E0CB010E94EAC481110DC0C0E08C2F0A
:10F0E000DF91CF91FF90EF90DF90CF90BF90AF90E6
:10F0F0009F908F9008958091F3118F7779F7809189
:10F10000FF1190910012A0910112B0910212843669
:10F110009105A105B10510F3C090FB11D090FC1131
:10F12000E090FD11F090FE11C114D104E104F1044E
:10F13000A9F240E0C701B6010E94EAC4C82F8823A3
:10F1400069F280914010909141108115924031F602
:10F15000A0914510AA2311F26091431070914410C0
:10F160006115710509F4BACF20914210222309F4E8
:10F17000B5CFA0937C1220936E1290E080E030E037
:10F18000E1E0F0E0D82FAF01082E02C0440F551F78
:10F190000A94E2F72417350769F041E0480F019619
:10F1A0008930910579F74093771298CFC12CD12CF3
:10F1B0007601BFCF8093771220914B1030914C1085
:10F1C00050E040E02115310541F420915910309173
:10F1D0005A1040915B1050915C1020936F12309345
:10F1E0007012409371125093721246015701860EAD
:10F1F000971EA11CB11C80927D1290927E12A0924B
:10F200007F12B0928012E0914610F0914710F09377
:10F210008312E0938212B0E00F94523CDC01CB01E8
:10F22000880D991DAA1DBB1D809384129093851291
:10F23000A0938612B093871225E0EE0FFF1F2A9548
:10F24000E1F7E150FE4FEF2FFF27E6958E0F9F1F4E
:10F25000A11DB11D8093781290937912A0937A1218
:10F26000B0937B128090481090904910B12CA12C43
:10F270008114910441F48090551090905610A09004
:10F280005710B0905810C81AD90AEA0AFB0AC80CDD
:10F29000D91CEA1CFB1C04C0F694E794D794C794CD
:10F2A000DA95D2F7C0927312D0927412E09275126E
:10F2B000F092761285EFC8168FE0D806E104F104CB
:10F2C00020F48CE08093811209CF80E125EFC216F3
:10F2D0002FEFD206E104F10488F080916110909143
:10F2E0006210A0916310B091641080938412909387
:10F2F0008512A0938612B093871280E280938112C8
:10F30000EECECF92DF92EF92FF926B017C01F7FE7F
:10F310000BC0F094E094D094C094C11CD11CE11CAB
:10F32000F11C8DE20E94702FC701B601FF90EF9093
:10F33000DF90CF900C94AF7690913410911104C06F
:10F3400030E020E00C946D300895CF93C82F80EA10
:10F3500091E20E94772F6C2F0C2E000C770B880BFC
:10F36000990B0E9481798AE00E94702FC09343021A
:10F37000CC3008F038C0EC2FCC0FFF0B8827EC53B3
:10F38000F6488F4F0D94A83CD079D579DB79D879A0
:10F39000DE79E179E479F079E779F379EA79ED7961
:10F3A00083E991E2CF910D94E40E82E891E2FACFE5
:10F3B00084E791E2F7CF80E691E2F4CF8DE491E229
:10F3C000F1CF80E491E2EECF83E391E2EBCF85E2EF
:10F3D00091E2E8CF85E191E2E5CF88E091E2E2CFEA
:10F3E00088EF90E2DFCFCF9108950E94022D811126
:10F3F0001BC08091E31482FF0EC087FD0CC080917A
:10F400004D12811105C080E492E161E00D94721407
:10F410008DE492E1FACF80913310813041F08AEC93
:10F4200090E26FEF0D94080A8BEE90E2FACF8FED29
:10F4300090E2F7CF0F931F93CF93DF93C82F8B01E9
:10F440008AE50E94D52D85EA0E94D52D87E00E948D
:10F45000D52D82E80E94D52D80E00E94D52D8C2FDD
:10F460000E94D52DE80115E0115021F089910E94EC
:10F47000D52DFACFDF91CF911F910F9108958F92E3
:10F480009F92AF92BF92CF92DF92EF92FF920F9333
:10F490001F93CF93DF9385E6A82E84E1B82E809149
:10F4A0003D0290913E02F5019183808399E5C92E3A
:10F4B00094E1D92E25E0E22EF601E0820CE514E17C
:10F4C00032E8F32EF801F082CDE5D4E182E592E155
:10F4D000A0E0B0E088839983AA83BB8389E094E1AC
:10F4E0000F94F20680913B0290913C02F5019183CA
:10F4F0008083F601E082F801F08284E592E1A0E0E9
:10F50000B0E088839983AA83BB8389E094E10F9458
:10F51000F20646EC842E42E1942E20E030E040E2F8
:10F5200051E4F40160A171A182A193A10F9433363B
:10F530000F94243EF50171836083F601E082F801A7
:10F54000F08286E592E1A0E0B0E088839983AA8307
:10F55000BB8389E094E10F94F2062CEA35EC47E294
:10F560005EE3F40164A175A186A197A10F94AB3D60
:10F5700020E030E040E251E40F9433360F94243E13
:10F58000F50171836083F601E082F801F0828AE57B
:10F5900092E1A0E0B0E088839983AA83BB8389E0ED
:10F5A00094E10F94F2062CEA35EC47E25EE3F401B5
:10F5B00060A571A582A593A50F94333620E030E0B5
:10F5C00040E251E40F9433360F94243EF5017183E9
:10F5D0006083F601E082F801F0828EE592E1A0E01E
:10F5E000B0E088839983AA83BB8389E094E10F9478
:10F5F000F2065AE9852E52E1952E20E030E040E2F5
:10F6000051E4F40160A171A182A193A10F9433365A
:10F610000F94243EF50171836083F601E082F801C6
:10F62000F08282E692E1A0E0B0E088839983AA8329
:10F63000BB8389E094E10F94F2062CEA35EC47E2B3
:10F640005EE3F40164A175A186A197A10F94AB3D7F
:10F6500020E030E040E251E40F9433360F94243E32
:10F66000F50171836083F601E082F801F08286E69D
:10F6700092E1A0E0B0E088839983AA83BB8389E00C
:10F6800094E10F94F2062CEA35EC47E25EE3F401D4
:10F6900060A571A582A593A50F94333620E030E0D4
:10F6A00040E251E40F9433360F94243EF501718308
:10F6B0006083F601E082F801F0828AE692E1A0E040
:10F6C000B0E088839983AA83BB8389E094E10F9497
:10F6D000F2068FE494E0DF91CF911F910F91FF909C
:10F6E000EF90DF90CF90BF90AF909F908F900D9450
:10F6F0008009CF93DF93CDB7DEB780911C108111C5
:10F7000018C09E01275F3F4F4F8158856FE370E01F
:10F710008CED9FE00F94943560E08CEB90E20E94BA
:10F72000A02F8CED9FE00F946E148CED9FE00F9452
:10F730008009DF91CF9108959091550E21E6929F17
:10F74000F0011124EA54F14F808384E0989FF00186
:10F750001124E059F94E40914F0E5091500E609196
:10F76000510E7091520E40835183628373839F5F69
:10F77000943040F49093550E8091530E8F5F809398
:10F78000530E08951092550EF7CFCF92DF92EF925D
:10F79000FF92E6E6FDE080818183C090E80DD09085
:10F7A000E90DE090EA0DF090EB0D8FEFC81AD80A42
:10F7B000E80AF80A83EB90E20E94772FC701B601AE
:10F7C0000E9424228AE00E94702F8FEA90E2FF902C
:10F7D000EF90DF90CF900C94772FCF92DF92EF9243
:10F7E000FF920F931F93CF938C01C62F0E94C130BD
:10F7F000C090E80DD090E90DE090EA0DF090EB0D8F
:10F80000C8010E94772FC701B6010E9424228AE016
:10F810000E94702F0E94FC390196E1F78C2F0E9404
:10F82000C57B1092ED0D1092EC0DCF911F910F91B1
:10F83000FF90EF90DF90CF9008954F925F926F927C
:10F840007F928F929F92AF92BF92CF92DF92EF9270
:10F85000FF920F931F93CF93DF93CAE4DDE04C84B4
:10F860005D846E847F840AE51DE0F8012481358182
:10F87000468157816C817D818E819F810F94B13C3F
:10F880004B015C01F80120853185428553856885EF
:10F8900079858A859B850F94B13C6B017C01F801C9
:10F8A0002081318142815381688179818A819B8164
:10F8B0000F94B13CAB01BC018CEA90E20E94233270
:10F8C000B501A40188EA90E20E942332B701A601A3
:10F8D00084EA90E20E942332B301A20180EA90E21E
:10F8E000DF91CF911F910F91FF90EF90DF90CF901C
:10F8F000BF90AF909F908F907F906F905F904F9050
:10F900000C942332CF93C82F41E00E94F1318C2F09
:10F91000CF910C94C1319091460D981779F0809356
:10F92000460D882339F08091440D8093450D109247
:10F93000440D08958091450D8093440D089587E40A
:10F9400096E10E9410C887E496E10E9406CC80915F
:10F95000E3148D7F8E7F8093E3141092DF14109256
:10F96000E0141092E1141092E21481E08093D71415
:10F970000895DF92EF92FF920F931F93CF93DF933F
:10F980001F92CDB7DEB78C01D42E7C01E60EF71E98
:10F990008091410D9091420D0F94EB3B8983DD20C6
:10F9A00011F0F8018083CE0101960E9415748091B8
:10F9B000410D9091420D01969093420D8093410D1F
:10F9C0000F5F1F4F0E151F0519F780E00F90DF9195
:10F9D000CF911F910F91FF90EF90DF900895CF93FB
:10F9E000DF9369E670E20E94827CC9EFDCE04C891B
:10F9F0005D896E897F8981E690E20E942332488D7D
:10FA0000598D6A8D7B8D8EE590E20E9423324C8D5C
:10FA10005D8D6E8D7F8D8BE590E20E94233248A133
:10FA200059A16AA17BA188E590E20E9423328AE075
:10FA3000DF91CF910C94702F6F927F928F929F9253
:10FA4000AF92BF92CF92DF92EF92FF920F931F93EC
:10FA5000CF93DF93C82EE62E8091F80C833009F007
:10FA600043C00F945F06882309F43EC06091A21240
:10FA70007091A312072E000C880B990B0F94D435AC
:10FA800020E030E040E85FE30F94B03C20919E120C
:10FA900030919F124091A0125091A1120F94CD3538
:10FAA000181614F181E09AE590936614809365141A
:10FAB00080E490E0909368148093671487E08093CB
:10FAC000591482E880935C1484E890E0A0E0B0E0F0
:10FAD00080935D1490935E14A0935F14B0936014B0
:10FAE00089E094E10F94F20610E000E0D0E024E019
:10FAF000B22E0C2C000CDD080E2C000CFF0835E09B
:10FB0000A32E45E0942E52E8852EC0E0802F817010
:10FB1000782E6D2E6C0E8B2D8C1B711001C08C2FCE
:10FB20008C151D04D1F50E151F05B9F5AC9CF0011F
:10FB3000AD9CF00D1124E00FF11FEE0FFF1FEE0F33
:10FB4000FF1FEC56F34F20E030E04AE754E46081B9
:10FB50007181828193810F9433360F941D3E70938F
:10FB60006614609365149092591480925C14462D2B
:10FB700050E04058574F440F551F052E000C660BA0
:10FB8000770B40935D1450935E1460935F147093F1
:10FB9000601489E094E10F94F206CF5FC53009F05C
:10FBA000B8CFDB5F0F5F1F4FD93109F0AECFDF91C8
:10FBB000CF911F910F91FF90EF90DF90CF90BF906A
:10FBC000AF909F908F907F906F9008954F925F922B
:10FBD0006F927F928F929F92AF92BF92CF92DF925D
:10FBE000EF92FF92CF93DF9300D000D01F921F922D
:10FBF000CDB7DEB75C01DB01CD90DD90ED90FC90E0
:10FC0000E091FE12F091FF12FE83ED8384819581D5
:10FC1000A681B78189839A83AB83BC839C01AD01A4
:10FC2000C701B6010F94B03C2B013C01F501808067
:10FC30009180A280B380AD81BE818D919D910D9008
:10FC4000BC91A02D8D839E83AF83B88727E137EBCE
:10FC500041ED58EBC301B2010F94113F87FDD0C0B5
:10FC600023E030E04BE953E4C301B2010F94CD35FA
:10FC700018160CF4C5C02D813E814F815885C501F1
:10FC8000B4010F94B03C2B013C0127E137EB41ED6F
:10FC900058EB0F94113F87FDB3C023E030E84DE9E6
:10FCA00053E4C301B2010F94CD3518160CF4A8C06B
:10FCB00020E030E0A9016D817E818F8198850F94CD
:10FCC000B13C2B013C0120E030E040E450E40F94D3
:10FCD000CD3587FF05C0412C512C30E4632E762CA6
:10FCE00027E137EB41ED58E3C301B2010F94B03C7B
:10FCF0009B01AC01C501B4010F94113F87FD80C089
:10FD000020E030E84DE953E46D817E818F81988554
:10FD10000F94B13C2B013C0120E030E844E953E46E
:10FD20000F94113F18163CF4412C20E8522E24E980
:10FD3000622E23E4722E27E137EB41ED58E3C30135
:10FD4000B2010F94B13C9B01AC01C501B4010F9409
:10FD5000CD3518160CF454C020E030E0A9016981BB
:10FD60007A818B819C810F94B13C4B015C0120E036
:10FD700030E040E051E40F94CD3587FF05C0812C81
:10FD8000912CA12C91E4B92E27E137EB41ED58E3FA
:10FD9000C501B4010F94B03C9B01AC01C701B60191
:10FDA0000F94113F87FD2CC020E030E04BE953E475
:10FDB00069817A818B819C810F94B13C4B015C01FC
:10FDC00020E030E042E953E40F94113F181634F478
:10FDD000812C912C82E9A82E83E4B82E27E137EB01
:10FDE00041ED58E3C501B4010F94B13C9B01AC0156
:10FDF000B1E0B983C701B6010F94CD3518160CF4E4
:10FE00001982898128960FB6F894DEBF0FBECDBF48
:10FE1000DF91CF91FF90EF90DF90CF90BF90AF90A8
:10FE20009F908F907F906F905F904F9008958F92EA
:10FE30009F92AF92BF92CF92DF92EF92FF92CF93B9
:10FE4000FC01C080D180E280F38020E030E040E21D
:10FE500051E4C701B6010F94333620E030E04AE7A1
:10FE600054E40F9433364B015C0120E030E0A901EB
:10FE7000C701B6010F94CD3520E030E040EA50E4F0
:10FE800087FF04C020E030E040EA50ECC501B40137
:10FE90000F94B13C20E030E040E251E40F94AB3DE0
:10FEA0000F941D3E6B017C0180E2C114D104E1047A
:10FEB000F10461F08BE2F7FE09C0F094E094D09475
:10FEC000C094C11CD11CE11CF11C8DE28093691609
:10FED000C701B60128EE33E040E050E00F94333C18
:10FEE0008AE0882E912CA12CB12CCA01B901A50160
:10FEF00094010F94333C605D60936A168EE28093A8
:10FF00006B16C701B60124E630E040E050E00F94E4
:10FF1000333CCA01B901A50194010F94333C605DE3
:10FF200060936C16C701B601A50194010F94333C90
:10FF3000C62FCA01B901A50194010F94333C605D3D
:10FF400060936D16C05DC0936E1689E696E1CF9101
:10FF5000FF90EF90DF90CF90BF90AF909F908F90E9
:10FF60000895CF93DF9300D01F92CDB7DEB721E085
:10FF7000FC0123A784819581A681B781B05889832C
:10FF80009A83AB83BC83BE016F5F7F4F84E89CE0A4
:10FF90000E9456230F900F900F900F90DF91CF91FA
:10FFA0000895CF92DF92EF92FF921F93CF93DF934A
:10FFB000EC0120917D0C30917E0C40917F0C509192
:10FFC000800C688179818A819B810F94CD3588234B
:10FFD00009F45DC010917C0C80E00E940235C8805D
:10FFE000D980EA80FB8020E030E0A901C701B6019A
:10FFF0000F94113F18161CF0C12CD12C7601C09221
:020000021000EC
:100000007D0CD0927E0CE0927F0CF092800C2DEB58
:1000100037E346E855EBC701B6010F94113F87FD62
:100020000AC02DEB37E346E855E3C701B6010F944C
:10003000CD35181644F5A701960160E070E080E820
:100040009FE30F94AB3D6093780C7093790C809391
:100050007A0C90937B0C80EF9FEFA9E7B4EC809330
:10006000740C9093750CA093760CB093770C1123BD
:1000700071F081E0DF91CF911F91FF90EF90DF90C1
:10008000CF900C94023560E070E0CB01DCCFDF91C3
:10009000CF911F91FF90EF90DF90CF9008954F92F6
:1000A0005F926F927F928F929F92AF92BF92CF9208
:1000B000DF92EF920F931F93CF93DF9300D01F92A5
:1000C000CDB7DEB74C015B016A01122F002309F4A2
:1000D00049C06E2D84E00E94A5790E94BD3180EE5A
:1000E0009EE10E94772F61E0812F0E94722800918B
:1000F000A70B83E08093A70B81E08093A60B82ED92
:100100009EE10F94E40E0E943E3082E08093341012
:1001100060E08CE89EE10E94A02F84E99EE10E94AD
:10012000772F80E20E94702F82EC9EE10E94772F51
:1001300080E30E94702F8AE00E94702F89EB9EE17D
:100140000E944A300E9461308091A60B882341F0C2
:1001500060E0812F0E94722881E00E94EC48F4CF79
:100160000093A70B6E2D85E00E94A57920E030E07A
:10017000A901F40160817181828193810F94CD3551
:10018000882371F080E090E0A0ECB0E489839A834A
:10019000AB83BC83BE016F5F7F4FC4010F9402022B
:1001A00020E030E0A901F5016081718182819381B5
:1001B0000F94CD35882351F14090310D5090320D80
:1001C0006090330D7090340D80E090E0A0E7B1E4D2
:1001D0008093310D9093320DA093330DB093340D75
:1001E00080E090E0A0EAB1E489839A83AB83BC838A
:1001F000BE016F5F7F4FC5010F9402024092310D27
:100200005092320D6092330D7092340D812C912CEE
:1002100080E4A82EBA2C03E020E030E0A901F6012A
:1002200060817181828193810F94113F181674F45B
:1002300060E086E00E94A57989829A82AB82BC82C6
:10024000BE016F5F7F4FC6010F9402028091A40B25
:1002500029EB3EE1882311F02AE93EE148EA5EE11C
:1002600062EB7EE181E00E946D301091A70B00935C
:10027000A70B1092A60B60E087E00E94A579809101
:10028000A50B811104C081E00E94EC48F8CF1093C7
:10029000A70B813009F4C0CF0E943E3081E00F905F
:1002A0000F900F900F90DF91CF911F910F91EF90D2
:1002B000DF90CF90BF90AF909F908F907F906F9086
:1002C0005F904F9008958F929F92AF92BF92CF927E
:1002D000DF92EF92FF920F931F93CF93DF93B0E4DF
:1002E000A0E06A2F70E0AB014B0F511D559547956B
:1002F000411119C0E2E1F7E165917491072E000CFC
:10030000880B990B0F94D435DF91CF911F910F91EA
:10031000FF90EF90DF90CF90BF90AF909F908F9025
:100320000895B42FE0CF4A1711F0B41303C0EEE0E4
:10033000F8E1E2CF9A0121503109220F331F220F39
:10034000331FF901E05FF84EE590F490F901EC5E9F
:10035000F84EC591D4918E159F0518F3A42FC81798
:10036000D90708F4BECFF901EE5EF84E059114915D
:10037000F901EA5EF84EC590D4908E199F09BC0130
:1003800090E080E00F94D2354B015C01B601601B18
:10039000710B072E000C880B990B0F94D4359B0121
:1003A000AC01C501B4010F9433364B015C01CE1989
:1003B000DF09BE0190E080E00F94D2359B01AC01D3
:1003C000C501B4010F94AB3D6B017C01B801110F65
:1003D000880B990B0F94D4359B01AC01C701B60172
:1003E0000F94B13C91CFCF93DF9380910313909101
:1003F0000413891B8095877019F40E94EC48F5CF8F
:10040000809103138F5F8770A091031394E7A99FD6
:10041000D0011124FD01EC5FF74FEF0119929A957D
:10042000E9F7908198609083A75EB74F90E1E5E18E
:10043000F3E101900D929A95E1F7209103139091C9
:100440000413291303C094E69093001380930313BD
:10045000DF91CF910C94E52BCF93DF93CDB7DEB72F
:1004600060970FB6F894DEBF0FBECDBF80E1EAE41F
:10047000FDE0DE01119601900D928A95E1F7CE0123
:1004800001960E947CF8CE0101960E944FFC609676
:100490000FB6F894DEBF0FBECDBFDF91CF910895A8
:1004A0002F923F924F925F926F927F928F929F9284
:1004B000AF92BF92CF92DF92EF92FF920F931F9372
:1004C000CF93DF93CDB7DEB7CE58D1090FB6F894EE
:1004D000DEBF0FBECDBF8C017B01E2965FAF4EAF9A
:1004E000E297DC012D913D914D915C91AC962CAF42
:1004F0003DAF4EAF5FAFAC9720910D0D30910E0D1B
:1005000040910F0D5091100DAC966CAD7DAD8EAD40
:100510009FADAC970F9433360F941E3FCE57DF4FED
:10052000688379838A839B83C258D040D80114960C
:100530002D913D914D915C911797E0962CAF3DAF79
:100540004EAF5FAFE0972091110D3091120D4091A9
:10055000130D5091140DE0966CAD7DAD8EAD9FAD39
:10056000E0970F9433360F941E3FCA57DF4F6883CE
:1005700079838A839B83C658D040D80118962D91E1
:100580003D914D915C911B97E6962CAF3DAF4EAFE0
:100590005FAFE6972091150D3091160D4091170D24
:1005A0005091180DE6966CAD7DAD8EAD9FADE69782
:1005B0000F9433360F941E3FC657DF4F68837983FD
:1005C0008A839B83CA58D040D8011C962D913D91B7
:1005D0004D915C911F9765962CAF3DAF4EAF5FAFCD
:1005E00065972091190D30911A0D40911B0D509176
:1005F0001C0D65966CAD7DAD8EAD9FAD65970F946E
:1006000033360F941E3FA8966CAF7DAF8EAF9FAF71
:10061000A89780E1F801DE01919601900D928A95EC
:10062000E1F78091830C83FF1CC0A8962CAD3DADF3
:100630004EAD5FADA89720932113309322134093C2
:1006400023135093241365968CAD9DADAEADBFAD15
:1006500065978093111390931213A0931313B09383
:100660001413D7013C9011962C9011971296BC91BF
:100670006A96BFAF6A97F701F3816B96FFAF6B97EE
:100680008091031390910413891B8095877019F44E
:100690000E94EC48F5CF20910313C257DF4F288307
:1006A000CE58D0400091031380918707909188071E
:1006B000892B11F00C94839280911513909116134D
:1006C000A0911713B0911813CE57DF4F488059806F
:1006D0006A807B80C258D040481A590A6A0A7B0A4D
:1006E0008091191390911A13A0911B13B0911C13B0
:1006F000CA57DF4FC880D980EA80FB80C658D040F7
:10070000C81AD90AEA0AFB0A80911D1390911E1398
:10071000A0911F13B0912013C657DF4F2881398154
:100720004A815B81CA58D040281B390B4A0B5B0BAE
:100730002BAB3CAB4DAB5EAB809121139091221360
:10074000A0912313B0912413A8962CAD3DAD4EADCE
:100750005FADA897281B390B4A0B5B0B23962CAF78
:100760003DAF4EAF5FAF2397232B242B252B09F4EE
:1007700087C00E94C3F7882341F1A8968CAD9DAD38
:10078000AEADBFADA8978093211390932213A09391
:100790002313B093241365962CAD3DAD4EAD5FADE4
:1007A00065972093111330931213409313135093B2
:1007B00014130E94BD3189E899E10E94772F239696
:1007C0001CAE1DAE1EAE1FAE239723966CAD7DAD45
:1007D0008EAD9FAD23970F94D43520912B0230918D
:1007E0002C0240912D0250912E020F9433364B0172
:1007F0005C0120E030E0A9010F94113F87FF04C0A5
:10080000B7FAB094B7F8B09420E030E84BE354E482
:100810006091190D70911A0D80911B0D90911C0D16
:100820000F943336A50194010F94CD3587FF28C06E
:10083000A8968CAD9DADAEADBFADA89780932113AA
:1008400090932213A0932313B093241365962CAD99
:100850003DAD4EAD5FAD65972093111330931213EC
:1008600040931313509314130E94BD318AE699E10B
:100870000E94772F23961CAE1DAE1EAE1FAE23978F
:10088000D301C2018827B7FD83959927AA27BB27E3
:10089000182FF7FC12608BA99CA9ADA9BEA9B7FDC2
:1008A000146023962CAD3DAD4EAD5FAD239757FD43
:1008B000186023966CAD7DAD8EAD9FAD23970F94E0
:1008C000D43520912B0230912C0240912D02509171
:1008D0002E020F94333661966CAF7DAF8EAF9FAF13
:1008E000619720E030E0A9010F94113F87FFB4C465
:1008F00061966CAD7DAD8EAD9FAD61979058402FE8
:1009000050E029965FAF4EAF299754E7059F9001BD
:100910001124D901AC5FB74FBCAFABAF20E030E0E2
:1009200040E05FE30F94B13C0F94243E2D966CAFF2
:100930007DAF8EAF9FAF2D97EBADFCAD1082EB5B23
:10094000FF4F10832BA93CA94DA95EA9A0962CAFFF
:100950003DAF4EAF5FAFA09757FF0DC0509540958C
:10096000309521953F4F4F4F5F4FA0962CAF3DAF35
:100970004EAF5FAFA097CFAAD8AEE9AEFAAEF7FE02
:100980000BC088279927DC018C199D09AE09BF0986
:100990008FAB98AFA9AFBAAF27964CAE5DAE6EAE37
:1009A0007FAE279777FE0DC022273327A901241990
:1009B00035094609570927962CAF3DAF4EAF5FAFBB
:1009C000279727968CAD9DADAEADBFAD2797EBAD0C
:1009D000FCAD858B968BA78BB08F2FA938AD49AD19
:1009E0005AAD218F328F438F548FA0962CAD3DADE1
:1009F0004EAD5FADA097258F368F478F50A3C301B3
:100A0000B2010F94D43520911D1030911E104091E9
:100A10001F10509120100F943336A4966CAF7DAF09
:100A20008EAF9FAFA497698B7A8B8B8B9C8BC70102
:100A3000B6010F94D43520912110309122104091AD
:100A40002310509124100F9433364B015C018D8A92
:100A50009E8AAF8AB88E6BA97CA98DA99EA90F9496
:100A6000D4352091251030912610409127105091B7
:100A700028100F9433366B017C01C98EDA8EEB8E11
:100A8000FC8E2091291030912A1040912B1050910A
:100A90002C1061966CAD7DAD8EAD9FAD61970F94BE
:100AA000333669966CAF7DAF8EAF9FAF69976D8F10
:100AB0007E8F8F8F98A327962CAD3DAD4EAD5FAD49
:100AC000279726303105410551050CF0D3C38FA976
:100AD00098ADA9ADBAAD0697A105B1050CF0CAC392
:100AE000A0962CAD3DAD4EAD5FADA0972630310543
:100AF000410551050CF0BEC320E030E0A901699624
:100B00006CAD7DAD8EAD9FAD69970F94113F87FFA2
:100B1000AAC369968CAD9DADAEADBFAD6997B05817
:100B200024E729964EAD5FAD2997249FF001259FBC
:100B3000F00D1124EC5FF74F85879687A787B08B60
:100B400084E729962EAD3FAD2997829FF001839FC0
:100B5000F00D1124EC5FF74F2D968CAD9DADAEAD31
:100B6000BFAD2D9781A392A3A3A3B4A3A0968CADF0
:100B70009DADAEADBFADA0972FA938AD49AD5AAD73
:100B800082179307A407B50710F4DA01C901279665
:100B90002CAD3DAD4EAD5FAD279782179307A407EF
:100BA000B50710F4DA01C9012D962CAD3DAD4EAD5F
:100BB0005FAD2D9782179307A407B50710F4DA01EC
:100BC000C90124E729964EAD5FAD2997249FF00116
:100BD000259FF00D1124EC5FF74F85A396A3A7A3E3
:100BE000B0A70697A105B10510F40C946692E15ADE
:100BF000FF4F8091440D808345284628472819F0EF
:100C000080E00E94DDE084E72996AEADBFAD299774
:100C10008A9FF0018B9FF00D1124EC5FF74F818DBF
:100C2000928DA38DB48D892B8A2B8B2B19F081E0AB
:100C30000E94DDE084E729962EAD3FAD2997829F83
:100C4000F001839FF00D1124EC5FF74F858D968D99
:100C5000A78DB0A1892B8A2B8B2B19F082E00E94E3
:100C6000DDE02D968CAD9DADAEADBFAD2D97892B42
:100C70008A2B8B2B11F40C94859280916616882315
:100C800019F08150809366160E949FE080E1809366
:100C90006616E090390DF0903A0D00913B0D1091E1
:100CA0003C0D9701A801632D722D6A968FAD6A974E
:100CB0006B969FAD6B970F94CD3587FD08C0E32CE5
:100CC000F22C6A960FAD6A976B961FAD6B9784E70F
:100CD0002996AEADBFAD29978A9FF0018B9FF00D8D
:100CE0001124EC5FF74F85849684A784B088A50112
:100CF000940160E070E080E89FE30F94AB3DA49620
:100D00006CAF7DAF8EAF9FAFA4979701A8010F94F2
:100D100033366B017C018091031390910113891B81
:100D200087706A968FAF6A97A701960160E074E2B8
:100D300084E799E40F94AB3D0F941E3F2B013C01D7
:100D40006A968FAD6A9782508230A0F56091090D46
:100D500070910A0D80910B0D90910C0D641975091D
:100D60008609970916161706180619061CF5660F48
:100D7000771F881F991F6A96BFAD6A972B2F30E0A7
:100D800050E040E00F94333CCA01B9010F94D435D0
:100D90000F941D3E640D751D861D971D0F94D4354F
:100DA0009B01AC0160E074E284E799E40F94AB3DF1
:100DB0006B017C01A7019601C501B4010F94333684
:100DC000EA966CAF7DAF8EAF9FAFEA9784E7299626
:100DD000EEADFFAD29978E9F80018F9F100D1124DE
:100DE0000C5F174FEA962CAD3DAD4EAD5FADEA9767
:100DF000D80111962D933D934D935C93149795963E
:100E00002D913D914D915C91989727962CAF3DAFD8
:100E10004EAF5FAF2797CA01B9010F94D2356196E3
:100E20006CAF7DAF8EAF9FAF61979B01AC01C701E7
:100E3000B6010F9433360F948F3D0F94243EEE96F7
:100E40006CAF7DAF8EAF9FAFEE97F801E15BFF4FC8
:100E50006083718382839383FE0171966C96FFAFEA
:100E6000EEAF6C979E012F5F3F4F6E963FAF2EAF58
:100E70006E974DE15DE0C258DF4F59834883CE57EE
:100E8000D040CE014D969AAB89ABC058DF4F398325
:100E90002883C058D040212C312C90E89BABAFE385
:100EA000AFAB6C96EEADFFAD6C9721913191419156
:100EB00051916C96FFAFEEAF6C97C701B6010F94DE
:100EC00033364B015C01C058DF4FA881B981C0584F
:100ED000D0408D929D92AD92BD92C058DF4FB983A4
:100EE000A883C058D04020E030E0A9010F94113F02
:100EF00087FF04C0B7FAB094B7F8B094C258DF4F78
:100F0000E881F981CE57D040419051906190719025
:100F1000C258DF4FF983E883CE57D040A501940132
:100F2000C301B2010F94CD3587FF12C0A501940112
:100F3000C301B2010F94AB3D5B018C0191014BA940
:100F40005FA90F94CD3587FF03C015010BAB1FAB15
:100F500029A93AA96C964EAD5FAD6C972417350759
:100F600009F09FCFA701960169966CAD7DAD8EAD5E
:100F70009FAD69970F9433366B017C01CD86DE8679
:100F8000EF86F88A20E030E0A9010F94113F460176
:100F9000570187FF04C0B7FAB094B7F8B0944090F7
:100FA000290D50902A0D60902B0D70902C0DA501ED
:100FB0009401C301B2010F94CD3587FF12C0A50182
:100FC0009401C301B2010F94AB3D5B018C0191010F
:100FD0004BA95FA90F94CD3587FF03C015010BAB5B
:100FE0001FAB20E030E040E85FE3B1018BA99FA98F
:100FF0000F94CD3587FF68C091014BA95FA9698126
:101000007A818B819C810F94333669837A838B83B9
:101010009C8391014BA95FA96D817E818F81988509
:101020000F9433366D837E838F83988791014BA90C
:101030005FA969857A858B859C850F94333669878E
:101040007A878B879C8791014BA95FA9C701B6015D
:101050000F9433366D877E878F87988B84E7299628
:10106000AEADBFAD29978A9F80018B9F100D1124D3
:101070000C5F174F7801BFE4EB0EF11CEE966CADE0
:101080007DAD8EAD9FADEE970F94D23591014BA9FA
:101090005FA90F9433360F94243EF7016083718368
:1010A0008283938391014BA95FA9EA966CAD7DADD4
:1010B0008EAD9FADEA970F943336D80111966D939C
:1010C0007D938D939C93149761962CAD3DAD4EAD61
:1010D0005FAD6197A4966CAD7DAD8EAD9FADA497CD
:1010E0000F9433366FAB78AF89AF9AAF84E7299608
:1010F0002EAD3FAD2997829FF001839FF00D112403
:10110000EC5FF74F85899689A789B08D8BAB9CAB37
:10111000ADABBEAB892B8A2B8B2B09F00FC1818D18
:10112000928DA38DB48D892B8A2B8B2B09F006C150
:10113000858D968DA78DB0A1892B8A2B8B2B09F0DD
:10114000FDC02091310D3091320D4091330D509101
:10115000340D6FA978AD89AD9AAD0F9433360F94E5
:101160008F3D0F94243E2B013C01312C84E72996BE
:101170004EAD5FAD2997849F8001859F100D11248E
:101180000C5F174FF801E55AFF4F4082518262828F
:101190007382C301B2010F94D2354B015C012FA9B8
:1011A00038AD49AD5AAD0F94AB3DA4966CAF7DAF51
:1011B0008EAF9FAFA497D80151966D937D938D9379
:1011C0009C9354976801B6E4CB0ED11CF6011082B3
:1011D0001182128213827801FAE4EF0EF11CD7011A
:1011E0001C92332009F49AC320918307309184071D
:1011F0004091850750918607C501B4010F9433369D
:101200000F94243EF6016083718382839383F801F7
:1012100081A192A1A3A1B4A1880F991FAA1FBB1FEE
:1012200027964CAD5DAD6EAD7FAD279722E07695EC
:101230006795579547952A95D1F7F70148175907AC
:101240006A077B0708F46AC320812F5F2083880F19
:10125000991FAA1FBB1FF2CF61966CAD7DAD8EADFD
:101260009FAD61974CCB69968CAD9DADAEADBFADDA
:10127000699756CCE296AEADBFADE2978D919D9148
:101280000D90BC91A02D8BAB9CABADABBEAB20E069
:1012900030E0A901BC01CD010F94CD35882389F040
:1012A00084E729962EAD3FAD2997829FF001839F59
:1012B000F00D1124EC5FF74F8BA99CA9ADA9BEA935
:1012C0003BCCA4962CAD3DAD4EAD5FADA497CA010D
:1012D000B9010F9433366BAB7CAB8DAB9EABA501E4
:1012E0009401C501B4010F9433369B01AC016BA985
:1012F0007CA98DA99EA90F94B13C4B015C01A7016B
:101300009601C701B6010F9433369B01AC01C501AC
:10131000B4010F94B13C0F945F3F24E72996AEAD22
:10132000BFAD29972A9FF0012B9FF00D1124EC5F90
:10133000F74F658776878787908B02CC2D962CADEB
:101340003DAD4EAD5FAD2D97232B242B252B09F4FE
:10135000D0C120912D0D30912E0D40912F0D509127
:10136000300D6FA978AD89AD9AAD0F9433360F94D7
:101370008F3D0F94243E2B013C012D968CAD9DADED
:10138000AEADBFAD2D97892B8A2B8B2B09F4BAC13B
:1013900020918307309184074091850750918607FB
:1013A0002D962CAF3DAF4EAF5FAF2D9720E030E0D4
:1013B000A9012D966CAD7DAD8EAD9FAD2D970F948F
:1013C000CD35882309F49EC123968CAD9DADAEAD7D
:1013D000BFAD2397181619061A061B060CF092C10A
:1013E0002091051330910613409107135091081373
:1013F000AC966CAD7DAD8EAD9FADAC970F94B03C0F
:1014000023966CAF7DAF8EAF9FAF239720910913CA
:1014100030910A1340910B1350910C13E0966CAD70
:101420007DAD8EAD9FADE0970F94B03C4B015C015C
:1014300020910D1330910E1340910F135091101302
:10144000E6966CAD7DAD8EAD9FADE6970F94B03C4A
:101450006B017C0123962CAD3DAD4EAD5FAD239766
:10146000CA01B9010F94333623966CAF7DAF8EAFAE
:101470009FAF2397A5019401C501B4010F943336A2
:101480009B01AC0123966CAD7DAD8EAD9FAD2397D6
:101490000F94B13C4B015C01A7019601C701B60155
:1014A0000F9433369B01AC01C501B4010F94B13CDC
:1014B0000F945F3F6B017C01209111133091121347
:1014C000409113135091141365966CAD7DAD8EADA4
:1014D0009FAD65970F94B03CA70196010F94AB3D6B
:1014E0006B017C0120E030E040E450E40F94113FB8
:1014F00018160CF407C1A70196012D966CAD7DADB1
:101500008EAD9FAD2D970F9433369B01AC0160914A
:10151000990770919A0780919B0790919C070F946F
:10152000AB3D2FA938AD49AD5AAD0F9433360F946A
:10153000243E641575058605970510F42B013C01C2
:101540003324339480917F0790918007A091810785
:10155000B0918207EBADFCADC18CD28CE38CF48CE6
:10156000258D368D478D50A123962CAF3DAF4EAFC4
:101570005FAF239721A132A143A154A12D962CAF97
:101580003DAF4EAF5FAF2D9727962CAD3DAD4EAD25
:101590005FAD279782179307A407B50708F4B4C077
:1015A0008BA99CA9ADA9BEA9892B8A2B8B2BE1F015
:1015B00060916F0770917007809171079091720729
:1015C000641575058605970578F40F94013C2BA9E1
:1015D0003CA94DA95EA90F94113C2415350546057B
:1015E000570510F429013A01C114D104E104F104B2
:1015F00001F1609173077091740780917507909164
:101600007607641575058605970598F427962CAD21
:101610003DAD4EAD5FAD27970F94013CA7019601FC
:101620000F94113C241535054605570510F4290182
:101630003A0123962CAD3DAD4EAD5FAD2397232BE4
:10164000242B252B21F160917707709178078091E9
:10165000790790917A076415750586059705B8F4A2
:1016600027962CAD3DAD4EAD5FAD27970F94013C55
:1016700023962CAD3DAD4EAD5FAD23970F94113C3D
:10168000241535054605570510F429013A012D9614
:101690008CAD9DADAEADBFAD2D97892B8A2B8B2B1D
:1016A00009F464CD60917B0770917C0780917D0780
:1016B00090917E07641575058605970508F056CD4F
:1016C00027962CAD3DAD4EAD5FAD27970F94013CF5
:1016D0002D962CAD3DAD4EAD5FAD2D970F94113CC9
:1016E000241535054605570508F040CD29013A0176
:1016F0003DCD2091350D3091360D4091370D5091F3
:10170000380D2FCE312C1ECF2BA93CA94DA95EA997
:10171000232B242B252BC9F160916F077091700743
:10172000809171079091720764157505860597057C
:1017300060F50F94D23561962CAD3DAD4EAD5FADE9
:1017400061970F9433364B015C016BA97CA98DA97D
:101750009EA90F94D2359B01AC01C501B4010F9431
:10176000AB3D4B015C01C301B2010F94D2359B012B
:10177000AC01C501B4010F94CD3587FF06C0C5018A
:10178000B4010F94243E2B013C01C114D104E104A7
:10179000F104B9F160917307709174078091750736
:1017A00090917607641575058605970550F50F9499
:1017B000D23561962CAD3DAD4EAD5FAD61970F94C6
:1017C00033364B015C01C701B6010F94D2359B0142
:1017D000AC01C501B4010F94AB3D6B017C01C301A9
:1017E000B2010F94D2359B01AC01C701B6010F9431
:1017F000CD3587FF06C0C701B6010F94243E2B01EB
:101800003C0123968CAD9DADAEADBFAD2397892B2A
:101810008A2B8B2BD9F16091770770917807809193
:10182000790790917A07641575058605970570F517
:101830000F94D23561962CAD3DAD4EAD5FAD619745
:101840000F9433366B017C0123966CAD7DAD8EAD6C
:101850009FAD23970F94D2359B01AC01C701B60110
:101860000F94AB3D6B017C01C301B2010F94D235E3
:101870009B01AC01C701B6010F94CD3587FF06C0AF
:10188000C701B6010F94243E2B013C012D962CADCF
:101890003DAD4EAD5FAD2D97232B242B252B09F4A9
:1018A00065CC60917B0770917C0780917D0790915A
:1018B0007E07641575058605970508F057CC0F94CB
:1018C000D23561962CAD3DAD4EAD5FAD61970F94B5
:1018D00033366B017C012D966CAD7DAD8EAD9FAD29
:1018E0002D970F94D2359B01AC01C701B6010F941F
:1018F000AB3D6B017C01C301B2010F94D2359B015A
:10190000AC01C701B6010F94CD3587FF2FCCC701BD
:10191000B6010F94243E2B013C0128CC84E7299684
:101920002EAD3FAD2997829FF001839FF00D1124CA
:10193000EC5FF74F31812A963FAF2A9742812E966E
:101940004FAF2E97538162965FAF62978481669600
:101950008FAF6697ADE8B7E0AE96BFAFAEAFAE97CC
:101960006E964EAC5FAC6E97B0E14B0E511C6DE8BD
:10197000262E67E0362E6E966EAC7FAC6E973BAB34
:101980004FAB5FAF24968FAF249710E0F301C19067
:10199000D190E190F1903F0120E030E0A901C70132
:1019A000B6010F94113F87FF04C0F7FAF094F7F8DF
:1019B000F094D1016D917D918D919D911D0120E05B
:1019C00030E0A9010F94B13C4B015C01A7019601E5
:1019D0000F94CD3587FF33C0112309F409C3A50146
:1019E00094012A966FAD2A972E967FAD2E97629618
:1019F0008FAD629766969FAD66970F9433364B0115
:101A00005C012BA93FA94FAD24965FAD2497C70178
:101A1000B6010F9433369B01AC01C501B4010F949C
:101A2000CD3587FF0CC0A7019601C501B4010F9405
:101A3000AB3D6BAB7FAB8FAF24969FAF2497461423
:101A4000570409F0A3CF6A96BFAD6A97BB2309F488
:101A500023C32090C8163090C9160091CA16109161
:101A6000CB162DEB37E346E855E3B101C8010F94DF
:101A7000CD3587FD11C39101A8012A966FAD2A9734
:101A80002E967FAD2E9762968FAD629766969FAD2C
:101A900066970F94CD3587FFC3C29101A8012A969E
:101AA0006FAD2A972E967FAD2E9762968FAD629777
:101AB00066969FAD66970F94AB3DAC966CAF7DAFCD
:101AC0008EAF9FAFAC972A962FAC2A972E963FAC3D
:101AD0002E9762960FAD629766961FAD66974CEC97
:101AE00056E16C965FAF4EAF6C97412C512C20E8BD
:101AF000622E2FE3722E6A961FAE6A976C96AEAD79
:101B0000BFAD6C976D917D918D919D916C96BFAF9E
:101B1000AEAF6C97AC962CAD3DAD4EAD5FADAC9716
:101B20000F9433364B015C016E96EEADFFAD6E97B0
:101B3000C190D190E190F1906E96FFAFEEAF6E97AD
:101B40006A96FFAD6A97FF2371F0A30192010F948B
:101B500033364B015C01A3019201C701B6010F941A
:101B600033366B017C01A7019601C501B4010F94C6
:101B7000113F20E030E0A90118160CF06CC2C7013B
:101B8000B6010F94113F18164CF020E030E0A90187
:101B9000C501B4010F94CD3587FF4DC2A701960151
:101BA000C501B4010F94B03C6B017C01AE96AEADA3
:101BB000BFADAE976D917D918D919D91AE96BFAF6A
:101BC000AEAFAE9720E030E0A9010F94B13C4B01DD
:101BD0005C01A70196010F94CD3587FF15C0A701C1
:101BE0009601C501B4010F94AB3D9B01AC01C3014B
:101BF000B2010F9433362B013C016A96BFAD6A9750
:101C0000BF5F6A96BFAF6A97ECEDF6E16C962EADBA
:101C10003FAD6C97E217F30709F070CF6A963FADBE
:101C20006A97332341F0A3019201B101C8010F94D7
:101C300033361B018C0124EA30E74DE75FE3B10145
:101C4000C8010F9433366B017C01209162163091EC
:101C5000631640916416509165160F94CD3587FF39
:101C60000CC02BA93FA94FAD24965FAD2497C701A7
:101C7000B6010F94CD3587FD0FC28BA99FA9AFADDB
:101C80002496BFAD24978093621690936316A09319
:101C90006416B093651624E729964EAD5FAD29977B
:101CA000249FC001259F900D1124DC01AC5FB74F2C
:101CB0007D019101A801B101C8010F943336F701EC
:101CC0006187728783879487A4966CAD7DAD8EAD56
:101CD0009FADA49790589B01AC010F94B13CABAD64
:101CE000BCAD1D962D913D914D915C9150970F94F7
:101CF00033369B01AC016BE077ED83E29BE30F94FD
:101D0000B03C4B015C018BE097EDA3E2BBE3F70134
:101D100085839683A783B087ABADBCAD8C91816082
:101D20008C932A962FAD2A972E963FAD2E976296CA
:101D30004FAD629766965FAD66972A966FAD2A970C
:101D40002E967FAD2E9762968FAD629766969FAD69
:101D500066970F9433369B01AC01C501B4010F9413
:101D6000113F87FD05C0EBADFCAD808182608083B3
:101D700080E1FE013196ACECB6E101900D928A95BE
:101D8000E1F784E729962EAD3FAD2997829FF001B8
:101D9000839FF00D1124EC5FF74F81819281A38125
:101DA000B4818093C8169093C916A093CA16B093B5
:101DB000CB16CE57DF4F88819981AA81BB81C2584B
:101DC000D0408093151390931613A0931713B093DC
:101DD0001813CA57DF4F288139814A815B81C65861
:101DE000D0402093191330931A1340931B13509330
:101DF0001C13C657DF4F88819981AA81BB81CA58BD
:101E0000D04080931D1390931E13A0931F13B09383
:101E10002013A8962CAD3DAD4EAD5FADA897209395
:101E20002113309322134093231350932413E05A29
:101E3000FF4FA0916E0734E0A39FD0011124A05959
:101E4000B94E8D919D910D90BC91A02D8083918371
:101E5000A283B383C0901113D0901213E090131398
:101E6000F090141320915E0D30915F0D4091600D44
:101E70005091610D6091091370910A1380910B13B9
:101E800090910C130F94B13C2B013C012091620DF9
:101E90003091630D4091640D5091650D60910D136B
:101EA00070910E1380910F13909110130F94B13C09
:101EB0004B015C010BAD1CAD0C591F4F20915A0D0D
:101EC00030915B0D40915C0D50915D0D609105135B
:101ED0007091061380910713909108130F94B13CF1
:101EE000D8016D937D938D939C931397EBADFCADCF
:101EF000E859FF4F4082518262827382EBADFCADA4
:101F0000E459FF4F80829182A282B382EBADFCAD97
:101F1000E059FF4FC082D182E282F38280E1FE016C
:101F2000B196A5E0B3E101900D928A95E1F7909109
:101F3000031380910413981303C084E68093001365
:101F4000C257DF4F8881CE58D0408F5F8770809313
:101F500003138091031390910213815087708917A6
:101F600009F4C8C110910313209002138091031348
:101F7000281609F42AC111501770D12CC12C121542
:101F800009F423C1812E912CB4E7B89DF001B99DCD
:101F9000F00D1124EC5FF74F808183FD13C1FCAF7E
:101FA000EBAFB1840285A38434844580568067807A
:101FB0007084A30192016B2D702F8A2D932D0F94A5
:101FC000CD35811173C0C114D10421F0D6018C919B
:101FD00080FD70C011501770822D209002132816BA
:101FE00009F461C0181709F4F0C08F5F8770F5CF4E
:101FF000A7019601C501B4010F94AB3D9B01AC0153
:102000006BA97FA98FAD24969FAD24970F9433368B
:102010006BAB7FAB8FAF24969FAF249711E00FCDB2
:1020200020E030E040E85FE3AC962CAF3DAF4EAF30
:102030005FAFAC9754CDF7FAF094F7F8F094A7019E
:102040009601C501B4010F94113F18160CF0AECDE6
:1020500075016401ABCDC701B6010F94CD3587FD85
:1020600009C020E030E0A901C501B4010F94113F7F
:1020700018162CF4A5019401C701B60193CDB7FA47
:10208000B094B7F8B094A5019401C701B6010F94BC
:10209000CD3587FF8BCDDCCF2BA83FA80FAD249685
:1020A0001FAD2497EACDCBACDCAC69CFC114D10411
:1020B00009F460C0F601C580D680E780F084B4E7FB
:1020C000B89DF001B99DF00D1124EC5FF74F8081B0
:1020D00081FD2CC0618972898389948990589B0104
:1020E000AC010F94B13CEBADFCAD25853685478541
:1020F00050890F9433369B01AC01C701B6010F9490
:10210000B03C6B0128968FAF28979BAB9B01AC012D
:102110006B2D702F8A2D932D0F94CD3587FD06C022
:10212000BC2C0D2D2896AFAC28973BA82B2D302F1B
:102130004A2D532DC301B2010F94CD35882309F4E4
:1021400049CFF4E7F89DC001F99D900D11249C0141
:102150002C5F374F6901D9018C9181608C938BADD5
:102160009CAD0E94F3DF882319F1F60180818E7FF8
:10217000808330CFE296AEADBFADE2971896CD909A
:10218000DD90ED90FC901B972BE037ED43E25BE395
:10219000C701B6010F94113F18160CF490CF9BE0C5
:1021A000C92E97EDD92E93E2E92E9BE3F92E87CF26
:1021B0008B2D902FAA2DB32DF60185839683A783AF
:1021C000B08708CFDCAECBAE05CF10910213D12C77
:1021D000C12C04E780910313811709F48BC0812E71
:1021E000912C089DC001099D900D11249C012C5F2C
:1021F000374F1901D9018C91560183FD6FC05901E8
:10220000C114D10409F46AC0C6010E94F3DF811130
:1022100065C0D6018C9181FD4CC0D10115964D90C1
:102220005D906D907C901897D60115962D913D91FB
:102230004D915C9118972BAF3CAF4DAF5EAFA301B2
:1022400092016BAD7CAD8DAD9EAD0F94CD3587FF0A
:1022500030C0F601618972898389948990589B0105
:10226000AC010F94B13CD6011D962D913D914D913D
:102270005C9150970F9433369B01AC016BAD7CADF4
:102280008DAD9EAD0F94B03C6B017C01A30192011A
:102290000F94CD3587FF0DC0F1018081816080836F
:1022A000C5010E94F3DF8823E9F0D1018C918E7F74
:1022B0008C93089DF001099DF00D1124EC5FF74F00
:1022C0002185328543855485658176818781908516
:1022D0000F94CD35811102C0109302131F5F177048
:1022E000650178CFF101C582D682E782F08610932E
:1022F0000213DFCFF0900413E090031324E7FE14E1
:1023000009F482C08FEF8E0D8770289FF001112491
:10231000EC5FF74F908193FD75C0A12CB12C812CFF
:10232000912C10E000E0FE1409F477C0F4E7FF9E62
:10233000C00111249C012C5F374F6901D9018C9198
:1023400083FD64C015966D917D918D919C91189738
:102350000F945F3F3B018BAF28969FAF28970115E5
:10236000110509F444C0F601808180FF04C0D80142
:102370008C9181608C93F801808180FF38C0C80106
:102380000E94F3DF81112FC0D80111962D913D914C
:102390004D915C91149760E070E080E89FE30F94AA
:1023A000AB3D1B012C01AC019B01B3018BAD289609
:1023B0009FAD28970F94333669837A838B839C83F0
:1023C0009501A401C201B1010F943336698B7A8B58
:1023D0008B8B9C8BAE014F5F5F4FBE016F5E7F4F5B
:1023E000C8010E9416F9F80180818E7F8083F394E2
:1023F000FF2DF770FF2E53018BAC28969FAC2897CA
:10240000860191CFE82E7BCFEF2C87CF35018BAEA5
:1024100028969FAE28976801EACF0115110509F4A7
:1024200055C0E296AEADBFADE29718966D917D9125
:102430008D919C911B970F945F3F6B017C012DEC5C
:102440003CEC4CE45DE30F94113F181644F08DEC26
:10245000C82E8CECD82E8CE4E82E8DE3F82EF801F3
:10246000808181608083C8010E94F3DF81112AC0CE
:10247000D80111962D913D914D915C91149760E09A
:1024800070E080E89FE30F94AB3D2B013C01A70176
:1024900096010F94333669837A838B839C83A301DF
:1024A0009201B501C4010F943336698B7A8B8B8B03
:1024B0009C8BAE014F5F5F4FBE016F5E7F4FC801C7
:1024C0000E9416F9F80180818E7F80830E94E52B9F
:1024D00081E0C257DF4F0FB6F894DEBF0FBECDBF0D
:1024E000DF91CF911F910F91FF90EF90DF90CF90F0
:1024F000BF90AF909F908F907F906F905F904F9024
:102500003F902F90089580E0E4CFE0903D0DF09053
:102510003E0D00913F0D1091400D0C945186EF92AD
:10252000FF920F931F93CF93DF93CDB7DEB76097E2
:102530000FB6F894DEBF0FBECDBFFC018B017A0150
:1025400090E1DE01119601900D929A95E1F7CE018E
:1025500001960E947CF88091870790918807892BCB
:1025600099F4A701B801CE0101960E9450826096AD
:102570000FB6F894DEBF0FBECDBFDF91CF911F9194
:102580000F91FF90EF90089580E0F1CF7F928F92AE
:102590009F92AF92BF92CF92DF92EF92FF920F93F2
:1025A0001F93CF93DF93FC01F62E809111028823B5
:1025B00071F08091120281110AC021E0621709F4C2
:1025C00061C0621780F082E0681709F46CC0B12C1A
:1025D00080E5C82E93ECD92E27E4E22E00E010E52A
:1025E000D3ECC7EC10C00091130210911402D091EB
:1025F0001502C0911602B0901F02C0902002D09028
:102600002102E0902202708081809280A380980154
:102610004D2F5C2F672D782D892D9A2D0F94CD3558
:1026200087FD11C02B2D3C2D4D2D5E2D672D782D56
:10263000892D9A2D0F94113F18160CF445C0072DC3
:10264000182DD92DCA2D24E0F29EC0011124FC01C1
:10265000E65BF24FA8016D2F7C2F4083518362838C
:10266000738381579D4FDF91CF911F910F91FF9001
:10267000EF90DF90CF90BF90AF909F908F907F9022
:102680000D94DB010091170210911802D0911902EC
:10269000C0911A02B0902302C0902402D09025026B
:1026A000E0902602B0CF00911B0210911C02D09145
:1026B0001D02C0911E02B0902702C0902802D09047
:1026C0002902E0902A029FCF0B2D1C2DDD2DCE2D4F
:1026D000BACFCF92DF92EF92FF9220E339E141E04F
:1026E000F901C590D590E590F490C616D706E80696
:1026F000F90658F49695879577956795440F2C5F62
:102700003F4F59E12C34350759F740936D07FF903F
:10271000EF90DF90CF900C9407E0CF93DF93282FBA
:1027200030E0F901E651F74E8491F901EC55F74E8E
:10273000D491F901E25AF74EC491CC23A1F0811152
:102740000E942E74EC2FF0E0EE0FFF1FEC5BF74EB3
:10275000A591B491EC91ED2381E090E009F480E043
:10276000DF91CF91089580E090E0FACF1F93CF934F
:10277000DF93282F30E0F901E651F74E8491F901FB
:10278000EC55F74ED491F901E25AF74EC491CC239F
:10279000A9F0162F81110E942E74EC2FF0E0EE0F9D
:1027A000FF1FE65DF74EA591B4918FB7F894EC91B9
:1027B000111108C0D095DE23DC938FBFDF91CF913C
:1027C0001F910895DE2BF8CFCF93DF9390E0FC01AB
:1027D000EC55F74E2491825A974EFC018491882340
:1027E000C9F090E0880F991FFC01E05FF74EA591BA
:1027F000B491FC01E65DF74EC591D49161110DC015
:102800009FB7F8948C91209582238C9388812823FC
:1028100028839FBFDF91CF910895623051F49FB715
:10282000F8943C91822F809583238C93E8812E2B02
:10283000EFCF8FB7F894EC912E2B2C938FBFEACF6C
:102840008F929F92AF92BF92CF92DF92EF92FF92C0
:102850006B017C010E9495744B015C01C114D10491
:10286000E104F104B9F00E949574681979098A09A4
:102870009B09683E73408105910580F321E0C21AEF
:10288000D108E108F10888EE880E83E0981EA11CAB
:10289000B11CE4CFFF90EF90DF90CF90BF90AF904E
:1028A0009F908F9008959F92AF92BF92CF92DF92A8
:1028B000EF92FF920F931F93CF93DF931F92CDB7A9
:1028C000DEB78C016C01C60ED71EF12CE12CC016B0
:1028D000D10609F44EC0A090410DB090420DF80110
:1028E00091908F019982C5010F94EB3B981699F155
:1028F000692DC5010F94F33BFFEFEF1AFF0AC701E3
:102900008F779927892B01F162E070E080E090E0F9
:102910000E942094C5010F94EB3B99818917D9F04F
:102920000E94BD3180E599E10E94772F81E00F90F0
:10293000DF91CF911F910F91FF90EF90DF90CF909B
:10294000BF90AF909F90089562E070E080E090E0CB
:102950000E94862CDFCFCE0101960E9415748091D3
:10296000410D9091420D01969093420D8093410D3F
:10297000AECF80E0DCCF2FB7F894609165077091FF
:10298000660780916707909168072FBF0895CF93DE
:10299000DF93EC0184E00E94D2FD81113BC0809165
:1029A0008016909181168C0F9D1F909381168093B5
:1029B00080168091311090913210C80FD91FD0939A
:1029C0003210C09331100E94BB9460932D1070930D
:1029D0002E1080932F10909330100E94EB2B8823A1
:1029E000C9F080913F0290914002A0914102B091C4
:1029F00042028F3F9F4FAF4FBF4F61F410923F0293
:102A0000109240021092410210924202DF91CF9147
:102A10000C94E52BDF91CF910895CF92DF92EF9246
:102A2000FF92CF93DF93EC01BC01990F880B990BB8
:102A30000F94D43520912510309126104091271005
:102A4000509128100F9433366B017C01CE010E9407
:102A5000C794C2EFD2E1A7019601688579858A857E
:102A60009B850F94B13C688779878A879B87DF9124
:102A7000CF91FF90EF90DF90CF9008952F923F92EB
:102A80004F925F926F927F928F929F92AF92BF927E
:102A9000CF92DF92EF92FF920F931F93CF93DF932A
:102AA000CDB7DEB7C557D1090FB6F894DEBF0FBE5C
:102AB000CDBF28969FAF8EAF28972E967FAF6EAF73
:102AC0002E97142FDB014D905D906D907C901397A5
:102AD0001496CD90DD90ED90FC901797A301920194
:102AE00050582DAB3EAB4FAB58AFD701C601B058D5
:102AF00089A39AA3ABA3BCA3A3019201C301B20112
:102B00000F9433364B015C01A7019601C701B60152
:102B10000F9433369B01AC01C501B4010F94B13C55
:102B20000F945F3F2F966FAF2F9760967FAF6097A0
:102B300061968FAF619762969FAF629780904A0DC2
:102B400090904B0DA0904C0DB0904D0DA5019401AF
:102B5000C301B2010F94B13C6E966CAF7DAF8EAFE6
:102B60009FAF6E9720914E0D30914F0D4091500DBB
:102B70005091510D2DA33EA34FA358A7C701B601F5
:102B80000F94B13CA2966CAF7DAF8EAF9FAFA29772
:102B90002896AEADBFAD28974D905D906D907C901E
:102BA0006E962CAD3DAD4EAD5FAD6E97C301B201DB
:102BB0000F94B03C69A77AA78BA79CA72896EEAD87
:102BC000FFAD2897C480D580E680F780A2962CAD13
:102BD0003DAD4EAD5FADA297C701B6010F94B03CBD
:102BE0006DA77EA78FA798ABA3019201C501B40181
:102BF0000F94B03C4B015C012DEB37E346E855EBFD
:102C00000F94113F87FDB6C32DEB37E346E855E33C
:102C1000C501B4010F94CD3518160CF4ABC3A70150
:102C200096016DA17EA18FA198A50F94B03C6B0178
:102C30007C012DEB37E346E855EB0F94113F87FD00
:102C400099C32DEB37E346E855E3C701B6010F946E
:102C5000CD3518160CF48EC311111FC408E410E012
:102C60004BED842E4FE0942E49ECA42E40E4B42E7C
:102C7000750164012091520D3091530D4091540D16
:102C80005091550D29AB3AAB4BAB5CAB2896AEAD32
:102C9000BFAD289718966D917D918D919C911B9752
:102CA0000F94B03C2B013C01A50194012F966FAD10
:102CB0002F9760967FAD609761968FAD6197629612
:102CC0009FAD62970F9433366DA379A78DA79DAF03
:102CD00027E137EB41ED58E30F94CD3587FF0AC06C
:102CE00027E137EB41ED58E3C301B2010F94CD3535
:102CF00087FD26C32896AEADBFAD28971C962D91B3
:102D00003D914D915C911F9726962CAF3DAF4EAFF4
:102D10005FAF26972091560D3091570D4091580D79
:102D20005091590D22962CAF3DAF4EAF5FAF229719
:102D30002AE037ED43E25CE360913702709138029C
:102D40008091390290913A020F9433364B015C0125
:102D50006091350270913602072E000C880B990B9A
:102D60000F94D4359B01AC01C501B4010F943336E7
:102D70006D8F7E8F8F8F98A36DA179A58DA59DAD49
:102D80000F94533E4B015C01B80190E080E00F943A
:102D9000D2351B018C019B01AC01B401C5010F941C
:102DA000113F181614F0410158019401A5016DA1BD
:102DB00079A58DA59DAD0F94AB3D69AF7AAF8BAF73
:102DC0009CAF20E030E040E85FE30F94113F18161D
:102DD0000CF076C36DA179A58DA59DAD0F948F3DA7
:102DE0000F94243E1B01198A1A8A1B8A1C8A1D8A89
:102DF0001E8A1F8A188E198E1A8E1B8E1C8E6230A8
:102E0000710508F473C290E080E00F94D2352C96DF
:102E10006CAF7DAF8EAF9FAF2C979B01AC01C7010C
:102E2000B6010F94AB3D69AF7AAF8BAF9CAF9B01FE
:102E3000AC010F9433366B017C01AC019B0169AD91
:102E40007AAD8BAD9CAD0F94333620E030E040EC92
:102E500050E40F94AB3D9B01AC0169AD7AAD8BADF5
:102E60009CAD0F94B03CA6966CAF7DAF8EAF9FAF7C
:102E7000A69720E030E040E05FE3C701B6010F9481
:102E800033369B01AC0160E070E080E89FE30F9473
:102E9000B03CAA966CAF7DAF8EAF9FAFAA972C9631
:102EA0002CAD3DAD4EAD5FAD2C97C301B2010F947B
:102EB000AB3DE2966CAF7DAF8EAF9FAFE2972296AF
:102EC0002CAD3DAD4EAD5FAD229726966CAD7DAD80
:102ED0008EAD9FAD26970F94B03C2C962CAD3DAD9A
:102EE0004EAD5FAD2C970F94AB3DE6966CAF7DAFCA
:102EF0008EAF9FAFE697C9A8DAA8EBA8FCA8C98651
:102F0000DA86EB86FC862296CCACDDACEEACFFAC70
:102F10002297CD86DE86EF86F88A0E94BB949B01BD
:102F2000AC0128533F4F4F4F5F4FAE962CAF3DAF94
:102F30004EAF5FAFAE974090FD0C5090FE0C60908E
:102F4000FF0C7090000D6091F90C7091FA0C80915B
:102F5000FB0C9091FC0C461657066806790610F497
:102F6000C301B2010F94D23567966CAF7DAF8EAFBF
:102F70009FAF6797A0901D0DB0901E0DC0901F0DC4
:102F8000D090200DC301B2010F94D2357B018C018A
:102F90009B01AC01B501C6010F94CD3587FD02C080
:102FA000570168016D8D7E8D8F8D98A19B01AC01BD
:102FB0000F943336562E772E4C0167962CAD3DADCF
:102FC0004EAD5FAD67972F966FAD2F9760967FAD33
:102FD000609761968FAD619762969FAD62970F94EF
:102FE00033367B018C019501A601B501C6010F9412
:102FF0003336662E7EAF23968FAF239763969FAFAF
:1030000063979701A801652D772DC4010F94113F97
:1030100018161CF0E52CF72C84019701A801662DE9
:103020007EAD23968FAD239763969FAD63970F94E4
:10303000CD3587FD08C06E2CFEAE23960FAF2397CB
:1030400063961FAF63977DA0C9A46896CFAE6897BB
:10305000DDA46996DFAE6997EDAC6A96EFAE6A972C
:1030600029E129AB44244394512C0E9449D80E9461
:10307000BB948B019C01AE96CCACDDACEEACFFAC4E
:10308000AE970C191D092E093F0937FD0FC09B0192
:10309000AC0128533F4F4F4F5F4FAE962CAF3DAF23
:1030A0004EAF5FAFAE9780E00E94EC4839A9315037
:1030B00039AB332309F432C22DA93EA94FA958AD2B
:1030C000A6966CAD7DAD8EAD9FADA6970F943336B1
:1030D0006B017C0129A13AA14BA15CA1AA966CAD20
:1030E0007DAD8EAD9FADAA970F9433369B01AC0199
:1030F000C701B6010F94B13C7B018C012DA93EA9FB
:103100004FA958ADAA966CAD7DAD8EAD9FADAA9777
:103110000F9433364B015C0129A13AA14BA15CA16C
:10312000A6966CAD7DAD8EAD9FADA6970F94333650
:103130009B01AC01C501B4010F94B03C6DAB7EABFB
:103140008FAB98AFC701D80189A39AA3ABA3BCA347
:103150002DA93EA94FA958AD6E966CAD7DAD8EAD33
:103160009FAD6E970F94B13C69837A838B839C8368
:1031700029A13AA14BA15CA1A2966CAD7DAD8EAD0B
:103180009FADA2970F94B13C6D837E838F83988708
:10319000E2962CAD3DAD4EAD5FADE29769857A8587
:1031A0008B859C850F94B13C69877A878B879C8738
:1031B000E6962CAD3DAD4EAD5FADE6976D857E8557
:1031C0008F8598890F94B13C6D877E878F87988B08
:1031D000CE0101960E94ECFDE1E04E16510409F08B
:1031E0000CC250E040E030E020E0852F942FA32F68
:1031F000B22F8D8B9E8BAF8BB88F2C962CAD3DADA7
:103200004EAD5FAD2C976DA179A58DA59DAD0F94A9
:10321000AB3D9B01AC01672D68967FAD68976996C1
:103220008FAD69976A969FAD6A970F94B03C762EE2
:1032300068967FAF689769968FAF69976A969FAFD8
:103240006A9767962CAD3DAD4EAD5FAD6797CA01ED
:10325000B9010F94B13C272D68963FAD68976996E8
:103260004FAD69976A965FAD6A970F9433367B01CD
:103270008C01262D3EAD23964FAD239763965FAD0F
:1032800063970F94113F181644F4E62CFEAC239676
:103290000FAD239763961FAD6397C701D801898F40
:1032A0009A8FAB8FBC8FAE014F5E5F4FBE01635EE6
:1032B0007F4FCE0101960E948F928823B9F02F96FE
:1032C0008FAD2F9760969FAD60976196AFAD619778
:1032D0006296BFAD62978D8B9E8BAF8BB88FFFEFE1
:1032E0004F1A5F0A2414350409F0BFCE80E12896F6
:1032F000EEADFFAD2897DE01119601900D928A95F3
:10330000E1F7CE0101960E94ECFD1D8A1E8A1F8AFC
:10331000188E198E1A8E1B8E1C8EAE014F5E5F4F5B
:10332000BE01635E7F4FCE0101960E948F9280E1C5
:10333000FE013196AAE4BDE001900D928A95E1F775
:10334000CB58DF4F0FB6F894DEBF0FBECDBFDF9175
:10335000CF911F910F91FF90EF90DF90CF90BF9092
:10336000AF909F908F907F906F905F904F903F9025
:103370002F90089529A53AA54BA55CA56DA97EA916
:103380008FA998AD0F9433366B017C012DA53EA516
:103390004FA558A969A17AA18BA19CA10F9433369E
:1033A0009B01AC01C701B6010F94B13C6B017C01DC
:1033B0002DA53EA54FA558A96DA97EA98FA998ADA9
:1033C0000F9433364B015C0129A53AA54BA55CA5AA
:1033D00069A17AA18BA19CA10F9433369B01AC010A
:1033E000C501B4010F94B03CA70196010F94303D84
:1033F0006B017C0120E030E0A9010F94CD358823DA
:1034000009F49ECF20E030E0A901C701B6010F9476
:10341000CD3587FD2BC090E080E0812B8130910578
:1034200041F1029789F120E030E0A901C701B6011E
:103430000F94113F4601570187FF04C0B7FAB094BB
:10344000B7F8B0942BED3FE049EC50E4C501B4016E
:103450000F94AB3D20E030E040E952E40F94333666
:103460000F948F3D0F94243E8B0104CC82E090E0BA
:10347000D4CF2BED3FE049EC50E4C701B6010F94E7
:10348000B03C6B017C01CFCF2BED3FE049EC50E429
:10349000C701B6010F94B13CF4CF08E410E02BED66
:1034A000822E2FE0922E29ECA22E20E4B22E3BEDAC
:1034B000C32E3FE0D32E39ECE32E30ECF32EDACBE3
:1034C0002DEC3CEC4CEC5DE369AD7AAD8BAD9CAD85
:1034D0000F94CD3587FF1FC02DEC3CEC4CEC5DE329
:1034E0006DA179A58DA59DAD0F94AB3D0F94533E75
:1034F0004B015C0120E030E040E85FE30F94CD3504
:1035000087FF06C0812C912C90E8A92E9FE3B92E4D
:10351000C501B40165CCB401C50162CCB20190E033
:1035200080E00F94D23529AD3AAD4BAD5CAD0F9430
:1035300033366B017C010F94A63D69A37AA38BA35C
:103540009CA3C701B6010F94513F4B015C012E961D
:10355000AEADBFAD2E97CD90DD90ED90FC90139762
:10356000F7FAF094F7F8F09414962D913D914D915F
:103570005C91179729AB3AAB4BAB5CABA7019601BB
:1035800069A17AA18BA19CA10F9433366DAB7EAB60
:103590008FAB98AF29A93AA94BA95CA9C501B40181
:1035A0000F9433369B01AC016DA97EA98FA998AD0C
:1035B0000F94B13C6DAB7EAB8FAB98AFA70196017A
:1035C000C501B4010F9433366B017C0129A93AA9D6
:1035D0004BA95CA969A17AA18BA19CA10F94333658
:1035E0009B01AC01C701B6010F94B03C69A37AA35B
:1035F0008BA39CA3B9E1B9ABABCD2F965FAD2F9751
:1036000060964FAD609761963FAD619762962FAD22
:103610006297EBCDCF92DF92EF92FF920E94BB9424
:103620006B017C0128E5C20E22E0D21EE11CF11CD8
:103630000E941F3B8F3F71F00E94BB946C197D0963
:103640008E099F0997FDF4CF80E0FF90EF90DF9007
:10365000CF90089581E0F9CF0E94BD316091480D6F
:103660007091490D8DE890E20E946A3D8AE890E2EF
:103670000C94772F4F925F926F927F928F929F92CE
:10368000AF92BF92CF92DF92EF92FF920F931F9370
:10369000CF93DF93CDB7DEB7AA970FB6F894DEBF0E
:1036A0000FBECDBF60911514709116148AE79EE18C
:1036B0000F94BF0640910D1450910E1460910F1499
:1036C000709110148BE69EE10F94AC0680910D145E
:1036D00090910E14A0910F14B0911014EFE9F2E044
:1036E00010E000E0419151916191719141155105B6
:1036F0006105710511F40C948EB6481759076A07D5
:103700007B0709F0E2C0AC01BD01477F4233504165
:103710006105710511F40C9492B68433E0E19E07C3
:10372000A105B10509F45BC08115F3E19F07A1056F
:10373000B10509F454C0AC01BD01485050416109C4
:103740007109453051056105710510F40C9496B668
:10375000AC01BD0146545041610971094730510522
:103760006105710510F40C949AB6AC01BD01445585
:10377000504161097109453051056105710510F429
:1037800002E110E08A35E2E19E07A105B10539F1B9
:1037900010F00C9402B7863322E19207A105B1051F
:1037A000F1F010F00C94BAB68E31F0E19F07A1054C
:1037B000B105A9F010F00C949EB68A31E0E19E07A5
:1037C000A105B10561F08C31F0E19F07A105B105BC
:1037D00031F0883120E19207A105B10511F408E02C
:1037E00010E0803421E19207A105B10509F470C011
:1037F000AC01BD014B7F403950416105710509F4B1
:103800006AC08839F0E19F07A105B10509F463C0DA
:10381000823421E19207A105B10509F45FC0843427
:10382000E1E19E07A105B10509F45BC08834F1E12F
:103830009F07A105B10509F457C0AC01BD01515165
:1038400061097109413351056105710508F44FC0E3
:103850008A509042A109B109833D9105A105B105A6
:1038600008F448C08DE59EE10E94AB35B801012EF9
:10387000000C880B990B0E9481790E9418C417FFD5
:103880003CC0E9E0F4E180E5DF011D928A95E9F7AB
:103890008AE580930A1485EA80930B14AA960FB6E2
:1038A000F894DEBF0FBECDBFDF91CF911F910F9176
:1038B000FF90EF90DF90CF90BF90AF909F908F9050
:1038C0007F906F905F904F9008950F5F1F4F0ACFCA
:1038D00000E411E1C7CF09E919E9C4CF02E411E11D
:1038E000C1CF04E411E1BECF08E411E1BBCF00E099
:1038F00011E1B8CF09E110E0B5CF81E59EE10E946A
:10390000AB350F30110511F40C94B1AE0CF00CC1B5
:103910000630110509F4F2C40CF098C0013011050D
:1039200009F45DC344F4012B09F4ECC184ED99E181
:103930000E94AB35A6CF0230110509F4DBC303307A
:103940001105A1F780910D1490910E14A0910F1400
:10395000B09110148830F0E19F07A105B10509F07E
:1039600051C489E99DE10E94AB3580911514909175
:103970001614803F910509F0E7C381E09AE5909322
:1039800066148093651485E390E0909368148093A7
:10399000671487E08093591482E880935C1484E86C
:1039A00090E0A0E0B0E080935D1490935E14A0934B
:1039B0005F14B093601489E094E10F94F206609173
:1039C00015147091161481E99DE10F94BF06809142
:1039D0000D1490910E14A0910F14B09110148C300E
:1039E0009041A105B10509F04CCF8091151490913B
:1039F0001614029709F045CF0F94130881E08093C5
:103A0000FC071092FE0781E09AE59093661480937C
:103A1000651482E590E0909368148093671487E0C2
:103A20008093591482E880935C1484E890E0A0E0CD
:103A3000B0E080935D1490935E14A0935F14B093F4
:103A4000601489E094E10F94F2061BCF0B3011054E
:103A500011F40C94D7A85CF50730110509F465C57D
:103A60000830110509F062CF83E49DE10E94AB3577
:103A7000C0900D14D0900E14E0900F14F09010141C
:103A80000091151410911614B2E3CB16B0E1DB06C9
:103A9000E104F10409F0ACC70115110509F056C79E
:103AA0008091440DE4E68E9FC001112440C20C3089
:103AB000110511F40C9405AB0D30110509F036CF4A
:103AC000609115147091161487E09DE10F94BF0664
:103AD0006091151470911614FB013197EB31F105CB
:103AE00010F00C94ACAE8827E758F2468F4F0D9437
:103AF000A83C61ABA0AB51ACD5ACFFAC6DAD96AD05
:103B0000AAADCDADE1AD00AE42AE4DAE56AE5FAEAC
:103B100068AE71AE7AAE84AE88AE8AAE95AEA0AE17
:103B2000A3AEA6AEA9AE33AC0931110511F40C94C5
:103B3000C8B20CF0A2C00631110511F40C9441B2C8
:103B40005CF50231110511F40C9465AF05311105D6
:103B500009F0ECCE609115147091161484E59BE188
:103B60000F94BF0687E49BE10E94AB35E0911514EA
:103B7000F0911614E730F10510F00C943BB2882751
:103B8000EB53F2468F4F0D94A83CC9B1D5B1F9B1B2
:103B900008B214B220B22FB20731110511F40C94FF
:103BA00085B20831110509F0C1CE809115149091AC
:103BB00016148F3F910519F010F08FEF90E090935D
:103BC000ED078093EC072091EC073091ED0721156C
:103BD000310511F00C94A0B2109266141092651485
:103BE00005E00093591412E810935C148AE890E100
:103BF000A0E0B0E080935D1490935E14A0935F14F6
:103C0000B093601489E094E10F94F20689E090E0AB
:103C100090936614809365140093591410935C1468
:103C20008CE890E1A0E0B0E080935D1490935E1486
:103C3000A0935F14B093601489E094E10F94F206AE
:103C40008091EC07109265148093661485E0809350
:103C5000591482E880935C1481EA90E0A0E0B0E01F
:103C600080935D1490935E14A0935F14B0936014DE
:103C700089E094E10F94F20604CE0234B1E11B070F
:103C800011F40C9494B504F50115F1E11F0711F43A
:103C90000C94D7B50034114109F048CE89E095E085
:103CA0000F946E14209115143091161421153105BE
:103CB00011F00C9477B51092ED071092EC0710926A
:103CC000EA070F948810DDCD043481E1180711F460
:103CD0000C94B9B50834114109F028CE82E495E07E
:103CE0000F946E14809115149091161485309105DF
:103CF00010F00C94CEB585E090E09093F10780939E
:103D0000F007DFCF80911514909116148130910542
:103D1000A9F587E39EE10E94AB3590E080E00F9427
:103D200041121092020810920108109200088CE1D2
:103D30009EE10E94AB3581E09AE5909366148093F2
:103D400065148EE290E0909368148093671487E086
:103D50008093591482E880935C1484E890E0A0E09A
:103D6000B0E080935D1490935E14A0935F14B093C1
:103D7000601489E094E10F94F20683CD82309105BE
:103D800009F0C8C00F946E0F88E19EE19093DF07A1
:103D90008093DE078BE090E0909366148093651427
:103DA00005E00093591412E810935C1480E092E14E
:103DB000A0E0B0E080935D1490935E14A0935F1434
:103DC000B093601489E094E10F94F20610926614A7
:103DD000109265140093591410935C148EE090E1D6
:103DE000A0E0B0E080935D1490935E14A0935F1404
:103DF000B093601489E094E10F94F2061092661477
:103E0000109265140093591410935C148FE090E1A4
:103E1000A0E0B0E080935D1490935E14A0935F14D3
:103E2000B093601489E094E10F94F2061092661446
:103E3000109265140093591410935C1486E190E17C
:103E4000A0E0B0E080935D1490935E14A0935F14A3
:103E5000B093601489E094E10F94F20662E070E0A0
:103E600080E090E00F944C06109266141092651456
:103E70000093591410935C1480E190E1A0E0B0E04D
:103E800080935D1490935E14A0935F14B0936014BC
:103E900089E094E10F94F206109266141092651472
:103EA0000093591410935C1482E190E1A0E0B0E01B
:103EB00080935D1490935E14A0935F14B09360148C
:103EC00089E094E10F94F20680EF9DE10E94AB350A
:103ED00081E09AE590936614809365148DE290E0FA
:103EE000909368148093671487E08093591410931B
:103EF0005C1484E890E0A0E0B0E080935D149093BF
:103F00005E14A0935F14B093601489E094E10F9461
:103F1000F206B7CC039709F0B4CC88EC9DE10E947F
:103F2000AB358091440DB4E68B9FC00111248158BC
:103F30009F4F6FEF70E00F94943C70E090E080E052
:103F40000F94D23520E030E0A9010F94CD358111D6
:103F500023C081E09AE590936614809365148AE308
:103F600090E0909368148093671487E080935914CD
:103F700082E880935C1484E890E0A0E0B0E0809355
:103F80005D1490935E14A0935F14B093601489E065
:103F900094E10F94F20675CC81E09AE59093661453
:103FA0008093651489E390E090936814809367147C
:103FB00087E08093591482E880935C1484E890E051
:103FC000A0E0B0E080935D1490935E14A0935F1422
:103FD000B093601489E094E10F94F20652CC809182
:103FE0001514909116148130910509F44ACC823051
:103FF000910509F04EC083EA9DE10E94AB358091A6
:10400000FE07843019F181E09AE59093661480935D
:10401000651485E390E0909368148093671487E0BB
:104020008093591482E880935C1484E890E0A0E0C7
:10403000B0E080935D1490935E14A0935F14B093EE
:10404000601489E094E10F94F2061BCC81E09AE5BC
:10405000909366148093651486E390E090936814BF
:104060008093671487E08093591482E880935C14EE
:1040700084E890E0A0E0B0E080935D1490935E143B
:10408000A0935F14B093601489E094E10F94F2065A
:10409000F8CB039709F0F5CB8091440DE4E68E9FB1
:1040A000C001112481589F4F6FEF70E00F94943C32
:1040B00070E090E080E00F94D23520E030E0A9017C
:1040C0000F94CD35882369F080E090E0A8ECB2E44D
:1040D00089839A83AB83BC83CE0101960F945D05DF
:1040E000D0CB19821A821B821C82CE0101960F94BA
:1040F0005D05C7CB0091151410911614B80190E01E
:1041000080E00F94D2356B017C0120E030E040E28A
:1041100051E40F94CD3587FD11C020E030E04AEF27
:1041200053E4C701B6010F94113F181654F0902FB5
:10413000812F9093350280933602A3CB9AE080E0E2
:10414000F8CF94EF81E0F5CF81E09AE59093661483
:10415000809365148DE290E09093681480936714C7
:1041600087E08093591412E810935C1484E890E07F
:10417000A0E0B0E080935D1490935E14A0935F1470
:10418000B093601489E094E10F94F20610926614E3
:104190001092651405E00093591410935C1480E1AB
:1041A00090E1A0E0B0E080935D1490935E14A09342
:1041B0005F14B093601489E094E10F94F2061092BA
:1041C0006614109265140093591410935C1482E1E4
:1041D00090E1A0E0B0E080935D1490935E14A09312
:1041E0005F14B093601489E094E10F94F20660913B
:1041F00015147091161482E89DE10F94BF060F9478
:104200006E0FE5CB8A3020E19207A105B10509F0D8
:1042100041C08091151490911614813F910509F0C9
:1042200030CB81E09AE5909366148093651486E321
:1042300090E0909368148093671487E080935914FA
:1042400082E880935C1484E890E0A0E0B0E0809382
:104250005D1490935E14A0935F14B093601489E092
:1042600094E10F94F2064EEA59E165EB79E184E0BE
:104270000E949C7960E08BEE90E20F94080A61E066
:1042800080E00E94A57984EA99E19093DF0780930A
:10429000DE079DCB8C309041A105B10509F097CB8D
:1042A0008091151490911614019709F090CB0F94FA
:1042B00013081092FE0781E09AE5909366148093AC
:1042C000651485E390E0909368148093671487E009
:1042D0008093591482E880935C1484E890E0A0E015
:1042E000B0E080935D1490935E14A0935F14B0933C
:1042F000601489E094E10F94F20669CB00911514E3
:1043000010911614B80190E080E00F94D23517FF99
:1043100006C020E030E040E857E40F94B03C20E0D5
:1043200030E048EC52E40F94AB3D6B017C01BC01E2
:10433000A60180E79DE10E940D3320E030E040E1DE
:1043400051ECC701B6010F94113F87FDBAC020E0C0
:1043500030E040E151E4C701B6010F94CD351816A5
:104360000CF4AFC020E030E0A9016091FA12709126
:10437000FB128091FC129091FD120F94B13CA701A9
:1043800096010F94B03C2091251030912610409159
:104390002710509128100F94AB3D4B015C0120E099
:1043A00030E0A9010F94113F18160CF085C0C5012B
:1043B000B4010F948F3D0F941D3E61157105E9F412
:1043C0008FE59DE10E94AB3520E030E0A9016091CE
:1043D000FA127091FB128091FC129091FD120F94D1
:1043E000B13C9B01AC01C701B6010F94113F61E0E4
:1043F00070E0181614F06FEF7FEF88279927861B5F
:10440000970B0E940D9520E030E0A9016091FA120F
:104410007091FB128091FC129091FD120F94B13CAF
:104420008E01045E1F4F23E041E00F949A309F936A
:104430008F9381E59DE19F938F930B5111091F93FA
:104440000F930F946435C8010F9480090F900F905B
:104450000F900F900F900F9020E030E0A901609135
:10446000FA127091FB128091FC129091FD120F9440
:10447000B13C20E030E048EC52E40F9433360F9426
:104480001D3E709366146093651485E08093591403
:1044900082E880935C1486E290E1A0E0B0E0809333
:1044A0005D1490935E14A0935F14B093601489E040
:1044B00094E10F94F206E5C9C501B4010F94533E8F
:1044C0007ACF81E694E00F94800920E030E0A901E2
:1044D0006091FA127091FB128091FC129091FD1282
:1044E0000F94B13C20E030E048EC52E40F943336B6
:1044F0000F941D3E709366146093651485E080935D
:10450000591482E880935C1486E290E1A0E0B0E068
:1045100080935D1490935E14A0935F14B093601425
:1045200089E094E10F94F20697CF80911514909151
:104530001614009709F4A5C98130910509F05EC0F1
:104540008091440D24E6829FC001112481589F4F21
:104550006FEF70E00F94943C70E090E080E00F9477
:10456000D23520E030E0A9010F94CD35811123C070
:1045700081E09AE590936614809365148CE390E053
:10458000909368148093671487E08093591482E8AD
:1045900080935C1484E890E0A0E0B0E080935D1428
:1045A00090935E14A0935F14B093601489E094E13B
:1045B0000F94F20666C981E09AE5909366148093A1
:1045C00065148BE390E0909368148093671487E000
:1045D0008093591482E880935C1484E890E0A0E012
:1045E000B0E080935D1490935E14A0935F14B09339
:1045F000601489E094E10F94F20643C9823091057A
:1046000009F43FC98330910509F072C08091440DCF
:10461000A4E68A9FC001112481589F4F6FEF70E07C
:104620000F94943C70E090E080E00F94D23520E04D
:1046300030E0A9010F94CD3581112FC080E090E0CA
:10464000A8ECB2E489839A83AB83BC83CE01019644
:104650000F945D0581E09AE590936614809365144C
:1046600089E390E0909368148093671487E08093C7
:10467000591482E880935C1484E890E0A0E0B0E0F4
:1046800080935D1490935E14A0935F14B0936014B4
:1046900089E094E10F94F206F4C819821A821B8211
:1046A0001C82CE0101960F945D0581E09AE59093FE
:1046B0006614809365148AE390E090936814809365
:1046C000671487E08093591482E880935C1484E82F
:1046D00090E0A0E0B0E080935D1490935E14A0930E
:1046E0005F14B093601489E094E10F94F206C9C896
:1046F0008530910509F051C080E090E0A4E3B3E477
:1047000089839A83AB83BC8360E0CE0101960F94CA
:10471000A80580E090E0ACE8B2E489839A83AB839B
:10472000BC8366E0CE0101960F94DB0584EB90E03C
:10473000909366148093651405E00093591412E871
:1047400010935C1484E390E1A0E0B0E080935D14EA
:1047500090935E14A0935F14B093601489E094E189
:104760000F94F20686E490E09093661480936514AB
:104770000093591410935C148AE390E1A0E0B0E038
:1047800080935D1490935E14A0935F14B0936014B3
:1047900089E094E10F94F20674C88630910509F01F
:1047A00052C080E090E0A0E7B3E489839A83AB83B2
:1047B000BC8360E0CE0101960F94A80580E090E0F4
:1047C000ACEDB2E489839A83AB83BC8366E0CE010F
:1047D00001960F94DB0580EF90E090936614809330
:1047E000651405E00093591412E810935C1484E3F7
:1047F00090E1A0E0B0E080935D1490935E14A093EC
:104800005F14B093601489E094E10F94F2068EE691
:1048100090E090936614809365140093591410935C
:104820005C148AE390E1A0E0B0E080935D14909383
:104830005E14A0935F14B093601489E094E10F9428
:10484000F2060C94419C813F910511F00C94419C1F
:1048500019821A821B821C82CE0101960F945D057B
:1048600019821A821B821C8260E0CE0101960F948D
:10487000DB0519821A821B821C8266E0CE0101963A
:104880000F94DB05109266141092651405E00093F6
:10489000591412E810935C1484E390E1A0E0B0E0B6
:1048A00080935D1490935E14A0935F14B093601492
:1048B00089E094E10F94F20661E070E080E090E01E
:1048C0000F944C06109266141092651400935914BC
:1048D00010935C148AE390E1A0E0B0E080935D1453
:1048E00090935E14A0935F14B093601489E094E1F8
:1048F0000F94F20661E070E080E090E00F944C06C7
:1049000081E09AE5909366148093651489E390E0C2
:10491000909368148093671487E0809359141093E0
:104920005C1484E890E0A0E0B0E080935D14909384
:104930005E14A0935F14B093601489E094E10F9427
:10494000F20682E08093FE070C94419C0130110531
:1049500029F519821A821B821C8260E0CE01019621
:104960000F94A805109266141092651485E0809348
:10497000591482E880935C1484E390E1A0E0B0E0F5
:1049800080935D1490935E14A0935F14B0936014B1
:1049900089E094E10F94F2060C94419C02301105D9
:1049A00011F00C94419C19821A821B821C8266E0D1
:1049B000CE0101960F94DB051092661410926514D7
:1049C00085E08093591482E880935C148AE390E137
:1049D000A0E0B0E080935D1490935E14A0935F1408
:1049E000B093601489E094E10F94F2060C94419C1A
:1049F000F4E3CF16F0E1DF06E104F10481F4B8013D
:104A000090E080E00F94D23569837A838B839C8316
:104A100060E0CE0101960F94DB050C94419C2AE3E3
:104A2000C21620E1D206E104F10481F4B80190E05D
:104A300080E00F94D23569837A838B839C8366E010
:104A4000CE0101960F94DB050C94419CC11483E1C7
:104A5000D806E104F10421F51093300200932F02EF
:104A6000B801110F880B990B0F94D4352AE037ED5C
:104A700043E25CE30F9433362091890730918A0733
:104A800040918B0750918C070F94333660932B0223
:104A900070932C0280932D0290932E020C94419CD3
:104AA000A2E5CA16A2E1DA06E104F10431F410939A
:104AB0003E0200933D020C94419CB4E5CB16B2E15A
:104AC000DB06E104F10431F410933C0200933B0255
:104AD0000C94419CE0E8CE16E2E1DE06E104F1042C
:104AE000A1F424E6209FC001219F900D1124B0E085
:104AF000A0E08093F90C9093FA0CA093FB0CB09378
:104B0000FC0C0E94E7F70C94419CF2E8CF16F2E10E
:104B1000DF06E104F104A1F424E6209FC001219FF7
:104B2000900D1124B0E0A0E08093FD0C9093FE0C5A
:104B3000A093FF0CB093000D0E94E7F70C94419CEA
:104B400024E8C21622E1D206E104F104A1F42AE02D
:104B5000209FC001219F900D1124B0E0A0E0809320
:104B6000010D9093020DA093030DB093040D0E94CC
:104B7000E7F70C94419CB80190E080E0A6E8CA16E3
:104B8000A2E1DA06E104F104E1F46093050D70930B
:104B9000060D8093070D9093080D0E94E7F7809112
:104BA000151490911614B0E0A0E08093050D909339
:104BB000060DA093070DB093080D0E94E7F70C9423
:104BC000419C0F94D235B8E7CB16B2E1DB06E10485
:104BD000F10451F460931D0D70931E0D80931F0D11
:104BE0009093200D0C94419CEAE7CE16E2E1DE069C
:104BF000E104F10451F46093210D7093220D809330
:104C0000230D9093240D0C94419CFCE7CF16F2E108
:104C1000DF06E104F10451F46093250D7093260D35
:104C20008093270D9093280D0C94419C2EE7C2167B
:104C300022E1D206E104F10451F46093290D70934E
:104C40002A0D80932B0D90932C0D0C94419CAEE17A
:104C5000CA16A0E1DA06E104F10451F469837A830B
:104C60008B839C83CE0101960F945D050C94419C2F
:104C700017FF06C020E030E040E857E40F94B03C56
:104C800020E030E048EC52E40F94AB3D4B015C0176
:104C9000B2E4CB16B2E1DB06E104F10491F420E0CA
:104CA00030E040E251E40F94333660930D0D709381
:104CB0000E0D80930F0D9093100D0E9435F80C94FB
:104CC000419CE6E4CE16E2E1DE06E104F10491F453
:104CD00020E030E040E251E40F9433366093110D50
:104CE0007093120D8093130D9093140D0E9435F85C
:104CF0000C94419CFAE4CF16F2E1DF06E104F104E2
:104D000091F420E030E040E251E40F9433366093B8
:104D1000150D7093160D8093170D9093180D0E942A
:104D200035F80C94419C2EE4C21622E1D206E1042F
:104D3000F104F1F420E030E040E251E40F94333626
:104D40006B017C01C092190DD0921A0DE0921B0DDF
:104D5000F0921C0D0E9435F8C092190DD0921A0DD8
:104D6000E0921B0DF0921C0D0E9435F80C94419CB2
:104D700086E3C81682E1D806E104F10451F480927A
:104D8000F2129092F312A092F412B092F5120C94D7
:104D9000419CAAE3CA16A2E1DA06E104F10451F447
:104DA0008092F6129092F712A092F812B092F91235
:104DB0000C94419CB6E2CB16B0E1DB06E104F104B1
:104DC00051F48092FA129092FB12A092FC12B092CF
:104DD000FD120C94419CE0E7CE16E2E1DE06E10410
:104DE000F10451F480928D0790928E07A0928F0764
:104DF000B09290070C94419CF2E7CF16F2E1DF06E7
:104E0000E104F10451F48092910790929207A092EC
:104E10009307B09294070C94419C24E7C21622E1B8
:104E2000D206E104F10451F480929507909296071E
:104E3000A0929707B09298070C94419C86E7C816F9
:104E400082E1D806E104F10451F48092990790922E
:104E50009A07A0929B07B0929C070C94419CA8E1F2
:104E6000CA16A0E1DA06E104F10469F480919D0715
:104E7000882321F010929D070C94419C81E080933F
:104E80009D070C94419CBAE1CB16B0E1DB06E1042E
:104E9000F10489F48091580C882331F01092580C59
:104EA0000E940E280C94419C81E08093580C0E9433
:104EB0000E280C94419CE6E5CE16E2E1DE06E10404
:104EC000F104E1F52CEA35EC47E25EE36091EE1285
:104ED0007091EF128091F0129091F1120F9433368D
:104EE0006FA378A789A79AA72CEA35EC47E25EE37F
:104EF0006091EA127091EB128091EC129091ED1298
:104F00000F94AB3D6C8F7D8F8E8F9F8F20E030E0B4
:104F100040E251E4C501B4010F94333669837A83CA
:104F20008B839C83AE01495D5F4FBE01645E7F4F02
:104F3000CE0101960F9421300C94419CFAE5CF16D6
:104F4000F2E1DF06E104F104B1F52CEA35EC47E2C9
:104F50005EE36091EE127091EF128091F0129091E9
:104F6000F1120F9433366FA378A789A79AA720E090
:104F700030E040E251E4C501B4010F9433366C8F48
:104F80007D8F8E8F9F8F8091E6129091E712A09176
:104F9000E812B091E91289839A83AB83BC83AE0196
:104FA000495D5F4FBE01645E7F4FCE0101960F9455
:104FB00021300C94419C2EE5C21622E1D206E10478
:104FC000F104B1F520E030E040E251E4C501B40164
:104FD0000F9433366FA378A789A79AA72CEA35ECEC
:104FE00047E25EE36091EA127091EB128091EC125D
:104FF0009091ED120F94AB3D6C8F7D8F8E8F9F8FB4
:105000008091E6129091E712A091E812B091E91216
:1050100089839A83AB83BC83AE01495D5F4FBE0138
:10502000645E7F4FCE0101960F9421300C94419C19
:1050300082E6C81682E1D806E104F104E1F52CEA23
:1050400035EC47E25EE36091C2127091C312809129
:10505000C4129091C5120F9433366FA378A789A715
:105060009AA72CEA35EC47E25EE36091BE1270919C
:10507000BF128091C0129091C1120F94AB3D6C8F02
:105080007D8F8E8F9F8F20E030E040E251E4C5019C
:10509000B4010F94333669837A838B839C83AE018A
:1050A000495D5F4FBE01645E7F4FCE0101960F9454
:1050B0005E300C94419CA6E6CA16A2E1DA06E10431
:1050C000F104B1F52CEA35EC47E25EE36091C212DF
:1050D0007091C3128091C4129091C5120F9433360F
:1050E0006FA378A789A79AA720E030E040E251E4B7
:1050F000C501B4010F9433366C8F7D8F8E8F9F8FD7
:105100008091BA129091BB12A091BC12B091BD12C5
:1051100089839A83AB83BC83AE01495D5F4FBE0137
:10512000645E7F4FCE0101960F945E300C94419CDB
:10513000BAE6CB16B2E1DB06E104F10411F00C94FF
:10514000419C20E030E040E251E4C501B4010F94FD
:1051500033366FA378A789A79AA72CEA35EC47E2E4
:105160005EE36091BE127091BF128091C012909167
:10517000C1120F94AB3D6C8F7D8F8E8F9F8F80916E
:10518000BA129091BB12A091BC12B091BD1289834A
:105190009A83AB83BC83AE01495D5F4FBE01645E01
:1051A0007F4FCE0101960F945E300C94419C80910C
:1051B000151490911614009711F40C94419C8130B1
:1051C000910509F0CCC080917C0C882309F4C1C002
:1051D00083E090E0909366148093651485E080935B
:1051E000591482E880935C1485E490E1A0E0B0E07B
:1051F00080935D1490935E14A0935F14B093601439
:1052000089E094E10F94F2060E946229882309F450
:1052100053C010E000E0E12CE4E0BE2EF5E0DF2E0C
:10522000A2E8CA2EF12CE02FE170AE2E9F2C9E0C2E
:105230008B2D8F19A11001C08F2DF801D89EE00D84
:10524000F11D1124EE0FFF1FEE0FFF1FEC56F34F61
:1052500020E030E04AE754E46081718182819381EB
:105260000F9433360F941D3E70936614609365144B
:10527000D0925914C0925C14892D90E08058974FB9
:10528000880F991F092E000CAA0BBB0B80935D148D
:1052900090935E14A0935F14B093601489E094E13E
:1052A0000F94F206F394F5E0FF12C0CFEF0E0F5FFC
:1052B0001F4F29E1E212B6CF8AE090E09093661486
:1052C0008093651485E08093591482E880935C1480
:1052D00080E092E1A0E0B0E080935D1490935E14D2
:1052E000A0935F14B093601489E094E10F94F206E8
:1052F0000F945F06811130C083E39DE19093DF0737
:105300008093DE0782E08093F80C81E09AE5909329
:1053100066148093651480E490E090936814809301
:10532000671487E08093591482E880935C1484E8C2
:1053300090E0A0E0B0E080935D1490935E14A093A1
:105340005F14B093601489E094E10F94F2060C941A
:10535000419C82E090E03ECF87E29DE1CFCF82305A
:10536000910509F0EFC080E090E0A0E2B1E4809305
:10537000F2079093F307A093F407B093F507809397
:10538000F6079093F707A093F807B093F90784E620
:1053900090E0909366148093651405E0009359148F
:1053A00012E810935C1484E590E1A0E0B0E08093F3
:1053B0005D1490935E14A0935F14B093601489E021
:1053C00094E10F94F20620E030E040E251E4609175
:1053D000F6077091F7078091F8079091F9070F94FD
:1053E00033360F941D3E70936614609365140093DA
:1053F000591410935C1488E590E1A0E0B0E080932C
:105400005D1490935E14A0935F14B093601489E0D0
:1054100094E10F94F2066091CA127091CB128091C0
:10542000CC129091CD120F941D3E70936614609330
:1054300065140093591410935C1486E390E1A0E086
:10544000B0E080935D1490935E14A0935F14B093CA
:10545000601489E094E10F94F2068091CE1290914D
:10546000CF1290936614809365140093591410938F
:105470005C1484E390E1A0E0B0E080935D1490932D
:105480005E14A0935F14B093601489E094E10F94CC
:10549000F20610926614109265140093591410933A
:1054A0005C1480E590E1A0E0B0E080935D149093FF
:1054B0005E14A0935F14B093601489E094E10F949C
:1054C000F20610926614109265140093591410930A
:1054D0005C148EE490E1A0E0B0E080935D149093C2
:1054E0005E14A0935F14B093601489E094E10F946C
:1054F000F20662E070E080E090E00F944C0681E0FC
:105500009AE5909366148093651481E490E09093FB
:1055100068148093671487E08093591410935C1487
:1055200084E890E0A0E0B0E080935D1490935E1476
:10553000A0935F14B093601489E094E10F94F20695
:105540000C94419C8330910521F581E09AE590937C
:1055500066148093651487E490E0909368148093B8
:10556000671487E08093591482E880935C1484E880
:1055700090E0A0E0B0E080935D1490935E14A0935F
:105580005F14B093601489E094E10F94F2060C94D8
:10559000419C8430910511F40C94419C8530910517
:1055A00061F42EE730E140E050E06FE174E089E023
:1055B00094E10E94C1740C94419C069711F00C94E4
:1055C000419C83E29DE19093DF078093DE078BE0AF
:1055D00090E0909366148093651485E0809359144D
:1055E00082E880935C1480E092E1A0E0B0E08093D8
:1055F0005D1490935E14A0935F14B093601489E0DF
:1056000094E10F94F2060C94419C609115147091F2
:10561000161489E19DE10F94A006809115149091D4
:105620001614019711F581E09AE590936614809322
:1056300065148FE390E0909368148093671487E07B
:105640008093591482E880935C1484E890E0A0E091
:10565000B0E080935D1490935E14A0935F14B093B8
:10566000601489E094E10F94F206809115149091F2
:105670001614029711F00C94419C81E09AE59093E6
:1056800066148093651480E490E09093681480938E
:10569000671487E08093591482E880935C1484E84F
:1056A00090E0A0E0B0E080935D1490935E14A0932E
:1056B0005F14B093601489E094E10F94F2060C94A7
:1056C000419C8091810C80FF02C081FD36C087EF34
:1056D0009CE19093DF078093DE0720E030E0A90192
:1056E0006091FA127091FB128091FC129091FD1260
:1056F0000F94B13C20E030E048EC52E40F94333694
:105700000F941D3E709366146093651485E080933A
:10571000591482E880935C1486E290E1A0E0B0E046
:1057200080935D1490935E14A0935F14B093601403
:1057300089E094E10F94F20696C086EE9CE1C9CF11
:1057400020E030E0A9016091FA127091FB12809183
:10575000FC129091FD120F94B13C2DEC3CEC4CEC02
:105760005DE30F94B13C6B017C0120E030E040E14F
:1057700051EC0F94113F87FD76C020E030E040E10E
:1057800051E4C701B6010F94CD3518160CF46BC067
:1057900020E030E040E251E46091150D7091160D6B
:1057A0008091170D9091180D0F94AB3D0F941D3EF5
:1057B000CB010E940D9520E030E0A9016091FA1222
:1057C0007091FB128091FC129091FD120F94B13CEC
:1057D00020E030E048EC52E40F9433360F941D3E45
:1057E000709366146093651485E08093591482E881
:1057F00080935C1486E290E1A0E0B0E080935D14B9
:1058000090935E14A0935F14B093601489E094E1C8
:105810000F94F20620E030E0A9016091FA12709135
:10582000FB128091FC129091FD120F94B13C8E01FD
:10583000045E1F4F23E041E00F949A309F938F93B3
:1058400088ED9CE19F938F930B5111091F930F9348
:105850000F946435C8010F9480090F900F900F903A
:105860000F900F900F908AE090E0909366148093D1
:10587000651485E08093591482E880935C1480E07D
:1058800092E1A0E0B0E080935D1490935E14A09349
:105890005F14B093601489E094E10F94F2060C94C5
:1058A000419C20E030E0A9016091FA127091FB1256
:1058B0008091FC129091FD120F94B13C2DEC3CECC8
:1058C0004CEC5DE30F94B03C6B017C0120E030E0D8
:1058D00040E151EC0F94113F87FDC5CF20E030E04F
:1058E00040E151E4C701B6010F94CD3518160CF410
:1058F000BACF20E030E040E251E46091150D7091A4
:10590000160D8091170D9091180D0F94AB3D905886
:105910000F941D3ECB010E940D9520E030E0A901BF
:105920006091FA127091FB128091FC129091FD121D
:105930000F94B13C20E030E048EC52E40F94333651
:105940000F941D3E709366146093651485E08093F8
:10595000591482E880935C1486E290E1A0E0B0E004
:1059600080935D1490935E14A0935F14B0936014C1
:1059700089E094E10F94F20620E030E0A901609103
:10598000FA127091FB128091FC129091FD120F940B
:10599000B13C8E01045E1F4F23E041E00F949A302A
:1059A0009F938F938AEC9CE14DCF80E00E9402355B
:1059B0000F945F06811120C088EB9CE19093DF0774
:1059C0008093DE0782E08093F80C81E09AE5909363
:1059D00066148093651484E590E090936814809336
:1059E000671487E08093591482E880935C1484E8FC
:1059F00090E0A0E0B0E094CE8AEA9CE1DFCF83E0C3
:105A00008093F80C83E090E0909366148093651483
:105A100085E08093591482E880935C148DE890E1CE
:105A2000A0E0B0E080935D1490935E14A0935F14A7
:105A3000B093601489E094E10F94F206C12C51E117
:105A4000D52EE12CF12C05E012E81092661410928C
:105A500065140093591410935C14C0925D14D09295
:105A60005E14E0925F14F092601489E094E10F9468
:105A7000F20682E0C80ED11CE11CF11CA2E3CA169A
:105A8000A1E1DA06E104F10401F781E09AE59093DF
:105A900066148093651480E490E09093681480937A
:105AA000671487E08093591410935C1484E890E0A5
:105AB000A0E0B0E080935D1490935E14A0935F1417
:105AC000B093601489E094E10F94F2068CE49CE1B9
:105AD0009093DF078093DE07C6CE80E090E0A0E8D9
:105AE000B0E489839A83AB83BC8362E0CE010196E4
:105AF0000E94C692C12CD12C46E1E42E43E4F42E40
:105B0000C982DA82EB82FC8260E0CE0101960E94BB
:105B1000C692C982DA82EB82FC8261E0CE010196F4
:105B20000E94C69286E08093F80C9DCE80E090E0C3
:105B3000A0E8B0E489839A83AB83BC8362E0CE01A2
:105B400001960E94C692C12CD12C30EBE32E31E499
:105B5000F32ED6CF80E090E0A0E8B0E489839A836A
:105B6000AB83BC8362E0CE0101960E94C69280E0C6
:105B700090E0ABE8B3E489839A83AB83BC8360E0B5
:105B8000CE0101960E94C69280E090E0A0EBB1E4C5
:105B900089839A83AB83BC83C0CF80E090E0A0E888
:105BA000B0E489839A83AB83BC8362E0CE01019623
:105BB0000E94C692C12CD12C2BE8E22E23E4F22EB7
:105BC0009FCF80E090E0A0E8B0E489839A83AB8324
:105BD000BC8362E0CE0101960E94C69280E090E014
:105BE000A0EBB1E489839A83AB83BC8360E0CE01F0
:105BF00001960E94C69280E090E0ABE8B3E4C8CF83
:105C000080917C0C811120C083E090E09093661419
:105C10008093651485E08093591482E880935C1426
:105C200085E490E1A0E0B0E080935D1490935E1471
:105C3000A0935F14B093601489E094E10F94F2068E
:105C400081E00E94023549CD82E090E09093661495
:105C50008093651485E08093591482E880935C14E6
:105C600085E490E1A0E0B0E080935D1490935E1431
:105C7000A0935F14B093601489E094E10F94F2064E
:105C800080E0DFCF84E49CE19093DF078093DE0720
:105C900080E894E00F948009E6CD8EE39CE1909338
:105CA000DF078093DE0788E994E0F4CF88E39CE186
:105CB0009093DF078093DE078AEA94E0EBCF88E1D8
:105CC0009CE19093DF078093DE0784EC94E0E2CFC1
:105CD00089EF9BE19093DF078093DE0785ED94E0E9
:105CE000D9CF1092ED071092EC071092EA070F94AB
:105CF0008810B9CD8FEF90E09093ED078093EC077B
:105D000081E08093EA07F3CF8AE08093EF07EFCF3B
:105D100084E6FBCF8091E907882319F01092E90708
:105D2000E6CF81E08093E907E2CF8091EB078A30EC
:105D300019F41092EB07DBCF8AE08093EB07D7CF03
:105D400088EE9BE1C5CE89EC9BE1C2CE83EA9BE164
:105D5000BFCE87E99BE1BCCE8BE79BE10F94BF06EA
:105D600082CD84E08093F80C80910D1490910E14F4
:105D7000A0910F14B0911014609115147091161425
:105D80008834E0E19E07A105B10509F446C08A34D4
:105D9000F0E19F07A105B10509F448C08C3420E16A
:105DA0009207A105B10509F483C0C12CD12C76015D
:105DB00086349041A105B105B9F56330710549F507
:105DC0008AE69BE19093DF078093DE0781E0809372
:105DD000E5071092E4078AE090E0909366148093C0
:105DE000651485E08093591482E880935C1480E008
:105DF00092E1A0E0B0E080935D1490935E14A093D4
:105E00005F14B093601489E094E10F94F2060C944F
:105E1000419C1092F80C0C94419CC12C90E8D92E16
:105E20009DE9E92E93E4F92E10E007C0C12CD12C96
:105E30008BE9E82E83E4F82E11E090E080E00F94E7
:105E4000D23520E030E040E251E40F94AB3D4B010D
:105E50005C01A70196010F94113F18168CF18982FD
:105E60009A82AB82BC82612FCE0101960E94C692BB
:105E70001092F80C8AE090E0909366148093651479
:105E800085E08093591482E880935C1480E092E16D
:105E9000A0E0B0E080935D1490935E14A0935F1433
:105EA000B093601489E094E10F94F2060C94419C45
:105EB000C12CD12C08ECE02E03E4F02E12E0BDCF73
:105EC000C982DA82EB82FC82CECF80910D14909150
:105ED0000E14A0910F14B09110148635F0E19F07B5
:105EE000A105B10509F018C20091151410911614FE
:105EF00020E030E04AE253E46091CA127091CB1284
:105F00008091CC129091CD120F94CD3587FF04C0B3
:105F10000530110508F488C00430110509F404C1E6
:105F200008F05EC00230110509F4D6C008F0F3C0D5
:105F30000130110509F4BDC020E030E040E251E439
:105F40006091F2077091F3078091F4079091F50743
:105F50000F9433360F941D3E70936614609365144E
:105F600005E00093591412E810935C1484E590E165
:105F7000A0E0B0E080935D1490935E14A0935F1452
:105F8000B093601489E094E10F94F20620E030E0D1
:105F900040E251E46091F6077091F7078091F807AD
:105FA0009091F9070F9433360F941D3E7093661449
:105FB000609365140093591410935C1488E590E184
:105FC000A0E0B0E080935D1490935E14A0935F1402
:105FD000B093601489E094E10F94F2060C94419C14
:105FE0000630110571F008F4B0C0013F110509F049
:105FF000A3CF1092FA0761E070E080E090E00F9488
:106000004C0681E09AE5909366148093651481E4D0
:1060100090E0909368148093671487E080935914FC
:1060200082E880935C1467C18AEA90E090936614DA
:106030008093651485E08093591412E810935C14E2
:1060400080E290E1A0E0B0E080935D1490935E1454
:10605000A0935F14B093601489E094E10F94F2066A
:1060600065E070E080E090E00F944C0681E09AE5F6
:10607000909366148093651482E490E09093681482
:106080008093671487E08093591410935C1484E81C
:1060900090E0A0E0B0E080935D1490935E14A09334
:1060A0005F14B093601489E094E10F94F2060C94AD
:1060B000419C2091F2073091F3074091F4075091F1
:1060C000F5076091560D7091570D8091580D909184
:1060D000590D0F94B03C12C02091560D3091570DC0
:1060E0004091580D5091590D6091F2077091F3074E
:1060F0008091F4079091F5070F94B13C6093560D91
:106100007093570D8093580D9093590D8BE992E041
:106110000F94DB0111CF2091F6073091F7074091E2
:10612000F8075091F907CDCF2091560D3091570DBA
:106130004091580D5091590D6091F6077091F707F5
:106140008091F8079091F907D7CF81E08093FA0703
:1061500080E090E0AEE3B3E489839A83AB83BC83B1
:1061600060E0CE0101960F94A80520E030E048ECF5
:1061700052E46091CA127091CB128091CC1290912E
:10618000CD120F9433366B017C016091CE12709169
:10619000CF12072E000C880B990B0F94D4359B015E
:1061A000AC01C701B6010F94AB3D0F94243E653698
:1061B000710510F064E670E07093661460936514E6
:1061C00005E00093591412E810935C1484E290E106
:1061D000A0E0B0E080935D1490935E14A0935F14F0
:1061E000B093601489E094E10F94F2066091CA12B2
:1061F0007091CB128091CC129091CD120F941D3ED4
:1062000070936614609365140093591410935C1492
:1062100086E390E1A0E0B0E080935D1490935E147B
:10622000A0935F14B093601489E094E10F94F20698
:106230008091CE129091CF12909366148093651442
:106240000093591410935C1484E390E1A0E0B0E053
:1062500080935D1490935E14A0935F14B0936014C8
:1062600089E094E10F94F20610926614109265147E
:106270000093591410935C1480E590E1A0E0B0E025
:1062800080935D1490935E14A0935F14B093601498
:1062900089E094E10F94F20610926614109265144E
:1062A0000093591410935C148EE490E1A0E0B0E0E8
:1062B00080935D1490935E14A0935F14B093601468
:1062C00089E094E10F94F20665E070E080E090E0F0
:1062D0000F944C0681E09AE59093661480936514C0
:1062E00084E490E0909368148093671487E080932F
:1062F000591410935C1484E890E0A0E0B0E080931F
:106300005D1490935E14A0935F14B093601489E0C1
:1063100094E10F94F20610CE843520E19207A10596
:10632000B105C1F4609115147091161490E080E0ED
:106330000F94D23520E030E040E251E40F94AB3DC1
:106340006093F2077093F3078093F4079093F50737
:106350000C94419C88359041A105B10511F00C9435
:10636000419C609115147091161490E080E00F9498
:10637000D23520E030E040E251E40F94AB3D609331
:10638000F6077093F7078093F8079093F9070C943A
:10639000419C88E39BE10E94AB3583E39BE19093B2
:1063A000DF078093DE070C94419C81E09AE590938F
:1063B0006614809365148EE590E090936814809342
:1063C000671487E08093591482E880935C1484E812
:1063D00090E0A0E0B0E080935D1490935E14A093F1
:1063E0005F14B093601489E094E10F94F2060C946A
:1063F000419C84EE94E00F94800921E048E060E045
:1064000080913D0290913E020E943BDA0C94419CA7
:1064100087E29BE10E94AB358DE19BE19093DF0722
:106420008093DE070C94419C8FE09BE10E94AB358A
:106430008FEF9AE19093DF078093DE070C94419CE5
:1064400087EF94E00F94800921E044E06FEF8091A2
:106450003B0290913C020E943BDA0C94419C80EFFD
:106460009AE10E94AB358BEE9AE19093DF0780931F
:10647000DE070C94419C8CED9AE10E94AB350C94A4
:10648000419C8EEC9AE10E94AB358091151490915D
:1064900016148130910519F586EB9AE10E94AB350F
:1064A000809143028650823020F01092A60B0C940B
:1064B000419C8091A40B882329F080919D07811134
:1064C0000C943AA782E08093A50B1092A60B83E070
:1064D0008093FE0781E08093E3070C94419C892B15
:1064E00011F00C94419C80EA9AE10E94AB358091B6
:1064F00043028650823010F00C94419C81E08093DE
:10650000A50B1092A60B0C94419C809115149091B0
:1065100016148130910541F48AE99AE19093DF07DE
:106520008093DE070C94419C029711F00C94419CDF
:1065300083E99AE19093DF078093DE070C94419CF6
:10654000C901019697FD4F9615E0959587951A9587
:10655000E1F70197909366148093651405E000932A
:10656000591412E810935C148AE890E1A0E0B0E0BE
:1065700080935D1490935E14A0935F14B0936014A5
:1065800089E094E10F94F20688E090E00C94089E74
:1065900081E89AE10E94AB350F949D0540910D145E
:1065A00050910E1460910F1470911014882331F0E3
:1065B000433DF0E25F0761057105F1F1423D504254
:1065C0006105710511F00C94419C80911514909116
:1065D0001614019709F4D9C18091151490911614DD
:1065E0008230910509F05AC287E59AE10E94AB35E5
:1065F00000910108109102080C5F1F4F0F9467066D
:1066000021E030E04091E007411102C030E020E09D
:10661000280F391F0217130710F00C94419C80912A
:106620000108909102080496909302088093010853
:106630000F9441120C94419C87E79AE10E94AB357C
:10664000809115142FEF280F209300084091E10747
:106650005091E207452B09F03FC09091E007992344
:10666000D9F14091010850910208240F352F311DB6
:10667000232B79F50E942AC48FEF9FEF90933A1352
:10668000809339138091E00781508093E007109246
:10669000E2071092E107811112C010929E070F9439
:1066A0007C068FE69AE10E94AB3590E080E00F9483
:1066B000411210920208109201080C944E9C6FE255
:1066C00070E08EE997E00F94FF3FDC0111961C9279
:1066D000E8CF82508093000871E2C72E72E1D72E76
:1066E000E12CF12CE3E14E2EE0E65E2E612C712CC4
:1066F000AA24AA94BA2CA5E08A2EB2E89B2E0AE01E
:1067000010E0B0926614A092651480925914909291
:106710005C1440925D1450925E1460925F1470920B
:10672000601489E094E10F94F206109366140093CC
:1067300065148092591490925C14C0925D14D092AA
:106740005E14E0925F14F092601489E094E10F947B
:10675000F206B0E14B0E511C611C711CEFEFCE1A1A
:10676000DE0AEE0AFE0AF5E2CF16F2E1DF06E104E8
:10677000F10439F664EDC62E60E2D62EE12CF12C40
:1067800005E012E8109266141092651400935914F3
:1067900010935C14C0925D14D0925E14E0925F146A
:1067A000F092601489E094E10F94F2062FEFC21A80
:1067B000D20AE20AF20A8EEDC81680E2D806E10497
:1067C000F10401F7209100088091010890910208DE
:1067D000820F911D0E94C9772091E31480910108D6
:1067E0009091020860910008680F792F711D25FFB4
:1067F00071C087E69AE10F94BF062091000880914E
:10680000010890910208820F911D0E94C977809122
:10681000E007843008F049CF60E472E18EE997E048
:106820000F94F43F67E075E08EE997E00F94F43F32
:1068300019821C82809121156EE175E1811102C0DF
:1068400063E075E121E040E452E1CE0101960E944F
:106850002CCD8823B1F18BE1FE013196AEE1B5E19B
:1068600001900D928A95E1F78091E3148F7B8093DC
:10687000E314A091D814AA3080F481E08A0F8093A9
:10688000D8148BE18A9FD0011124A75CBA4EEEE1A7
:10689000F5E101900D928A95E1F7CE0101960E94F3
:1068A00036288FEF9FEF90933A138093391380919E
:1068B000E0078F5F8093E0071092E2071092E107F4
:1068C000F4CE0E94BD3160E472E18EEB99E10E944A
:1068D0003DEFE3CF8EE59AE10F94BF0620910008CB
:1068E0008091010890910208820F911D0E94C97742
:1068F00024ED30E240E050E060E472E189E094E1B0
:106900000E94C174809115149091161454E0880F60
:10691000991F5A95E1F78D5F9F49B0E0A0E020EF05
:1069200037E830936614209365140093591410933C
:106930005C1480935D1490935E14A0935F14B093E5
:10694000601489E094E10F94F206809115149091FF
:106950001614805E9D4EB0E0A0E026E030E030935B
:106960006614209365140093591410935C1480935B
:106970005D1490935E14A0935F14B093601489E04B
:1069800094E10F94F2060C94419C0F949D0588238A
:1069900009F422CE2091000880910108909102080C
:1069A000820F911D0E94C97780E492E10E9459C430
:1069B000C12C40E2D42EE12CF12C05E012E810921B
:1069C0006614109265140093591410935C14C092CD
:1069D0005D14D0925E14E0925F14F092601489E02E
:1069E00094E10F94F206AFEFCA1ADA0AEA0AFA0A39
:1069F000BAE0CB16B0E2DB06E104F10401F7209126
:106A000000088091010890910208820F911D0E9458
:106A1000C97720E030E240E050E060E472E189E0D4
:106A200094E10E94C17462E070E080E090E00F9415
:106A30004C0662E070E080E090E00F944C0681E04C
:106A40009AE5909366148093651485E390E09093A3
:106A500068148093671487E08093591410935C1432
:106A600084E890E0A0E0B0E080935D1490935E1421
:106A7000A0935F14B093601489E094E10F94F20640
:106A800081E08093FD0783E08093FE071092020867
:106A900010920108109200080C94419C83309105DB
:106AA000B1F482E59AE10E94AB35809101089091A2
:106AB00002088430910510F40C94419C0497909343
:106AC0000208809301080F9441120C94419C049792
:106AD00011F00C94419C8AE49AE10E94AB3582E467
:106AE0009AE19093DF078093DE070C94419C253652
:106AF000310558F08FEF90E09093ED078093EC070D
:106B000081E08093EA070C94619EAFEFB0E00F94B0
:106B1000653C24E630E040E050E00F94333C309395
:106B2000ED072093EC07ECCF87E195E00F946E140E
:106B300060911514709116148AE29AE10F94BF06C1
:106B400080911514909116148A30910568F48AE0AA
:106B50008093EF076091EF0782E19AE10E94373B53
:106B60000F9488100C94419C8536910588F384E637
:106B7000EFCF89E295E00F946E14809115149091F7
:106B800016148A30910528F48AE08093EE070C945D
:106B9000619E85369105C8F384E6F7CF8536910569
:106BA00010F40C947D9E84E690E00C947D9EC09041
:106BB0000D14D0900E14E0900F14F0901014E1E139
:106BC000DE1AE108F108F694E794D794C7948C2D67
:106BD00065E00F94743C182F8BEF189F802D1124C3
:106BE000082F0C0D10FF04C0E4E0EC190E2F081B59
:106BF0006C2D87E09AE10E94373B602F81E09AE19B
:106C00000E94373B612F8BEF99E10E94373B209127
:106C1000151430911614B90190E080E037FF74C06C
:106C20000F94D23520E030E040E857E40F94B03CB8
:106C300020E030E04AE754E40F94AB3D6B017C0167
:106C4000BC01A60182EF99E10E940D3320E030E003
:106C500040EA50ECC701B6010F94CD3587FD57C00F
:106C600020E030E040EA50E4C701B6010F94113F44
:106C7000181634F4C12CD12C20EAE22E20E4F22E96
:106C8000B701A6018FED99E10E940D33053090F414
:106C9000153080F425E0029FF0011124E10FF11D71
:106CA000EE0FFF1FEE0FFF1FEC56F34FC082D18295
:106CB000E282F38280900D1490900E14A0900F1435
:106CC000B090101420E030E04AE754E4C701B60168
:106CD0000F9433360F941D3E7093661460936514C1
:106CE00085E08093591482E880935C1480925D144F
:106CF00090925E14A0925F14B092601489E094E1C7
:106D00000F94F2060C94419C0F94D23591CFC12C74
:106D1000D12C90EAE92E90ECF92EB2CF0FEF1FEFB5
:106D20000C94C29B08E010E00C94C29B03E010E0BE
:106D30000C94C29B0FE010E00C94C29B8E34E0E1F7
:106D40009E07A105B10511F40C94EF9B8C39F0E17D
:106D50009F07A105B10511F40C94EF9B863220E149
:106D60009207A105B10511F00C94F19B06E010E02B
:106D70000C941D9C8A34E2E19E07A105B10511F433
:106D80000C94EF9BD0F4823422E19207A105B10567
:106D900011F40C94EF9B8634E2E19E07A105B10546
:106DA00011F40C94EF9B8A33F2E19F07A105B10522
:106DB00011F00C94F19B0C94EF9B823522E1920729
:106DC000A105B10511F40C94EF9B50F48E34F2E15F
:106DD0009F07A105B10511F00C94F19B0C94EF9B5A
:106DE000843522E19207A105B10511F40C94EF9BC3
:106DF0008635E2E19E07A105B10511F00C94F19BE7
:106E00000C94EF9B8837F2E19F07A105B10511F4BF
:106E10000C94EF9B08F048C08A36E2E19E07A1057A
:106E2000B10511F40C94EF9BD0F4823622E1920765
:106E3000A105B10511F40C94EF9B8636E2E19E07A3
:106E4000A105B10511F40C94EF9B8E35F2E19F077B
:106E5000A105B10511F00C94F19B0C94EF9B8237C6
:106E600022E19207A105B10511F40C94EF9B50F4B7
:106E70008037F2E19F07A105B10511F00C94F19B59
:106E80000C94EF9B843722E19207A105B10511F420
:106E90000C94EF9B8637E2E19E07A105B10511F046
:106EA0000C94F19B0C94EF9B8038F2E19F07A105B5
:106EB000B10511F40C94EF9BD0F48C37E2E19E07FE
:106EC000A105B10511F40C94EF9B8E37F2E19F07F9
:106ED000A105B10511F40C94EF9B8A3722E19207CA
:106EE000A105B10511F00C94F19B0C94EF9B843833
:106EF000E2E19E07A105B10511F40C94EF9B50F45B
:106F0000823822E19207A105B10511F00C94F19BA2
:106F10000C94EF9B8638E2E19E07A105B10511F4C0
:106F20000C94EF9B8115F3E19F07A105B10511F0CA
:106F30000C94F19B0C94EF9BCF93882389F0C82F7E
:106F40000E94BD3184E50E94702F8C2F0E946CD06E
:106F500080E20E94702F88E790E2CF910C94772F07
:106F6000CF9108956F927F928F929F92AF92BF922E
:106F7000CF92DF92EF92FF920F931F93CF93DF9305
:106F8000CDB7DEB7C655D1090FB6F894DEBF0FBE38
:106F9000CDBF5C017B016DB67EB6BE016F5F7F4FDA
:106FA000C5010E94197718160CF06BC08C8588718A
:106FB000803109F081C08DB69EB610E000E0E1148A
:106FC000F10439F0F70101900020E9F78F010E1963
:106FD0001F09C8010D962DB73EB7281B390B0FB6F8
:106FE000F8943EBF0FBE2DBF8DB79EB701966C01C2
:106FF000080F191FE114F10439F0B7010F940A408A
:107000008FE2F80131978083BE016F5F7F4FC80127
:107010000E94D4C41CAE1FAE21E0A801B501CE0170
:10702000CC960E942CCD8823E1F08BE1FE01FC96EA
:10703000DE01919601900D928A95E1F7B601CE019D
:1070400081960E94B2B7CE0181960E943628CE0169
:10705000CC960E9436280FB6F8949EBE0FBE8DBE09
:107060009CCF0E94BD31B80184E490E20E943DEFC4
:10707000CE01CC960E9436280FB6F8949EBE0FBE65
:107080008DBE0FB6F8947EBE0FBE6DBECA5ADF4FDE
:107090000FB6F894DEBF0FBECDBFDF91CF911F9129
:1070A0000F91FF90EF90DF90CF90BF90AF909F90A7
:1070B0008F907F906F900895CE0101960E94B7C483
:1070C000882309F46ACFE114F10431F0C7010E946A
:1070D0001EC48FE20E94702FBE016F5F7F4F80E45D
:1070E00092E10E94D4C40E941EC480E20E94702FCC
:1070F0006D8D7E8D8F8D98A10E94AF768AE00E9463
:10710000702F4BCF4F925F926F927F92AF92BF9250
:10711000CF92DF92EF92FF921F93CF93DF9300D035
:1071200000D01F92CDB7DEB75C017B012C833D837D
:107130004E835F834091830C45FB442740F96FEFFA
:107140007FE1CE0101960E94E23481E00E948B7CB7
:1071500069E170E080E090E00E94862CBE016C5FE7
:107160007F4FC7010F944F171091820C147080E06D
:107170000E948B7C1092820C82E00F9432020F945A
:10718000BE02CE0101960E94D934C090520DD0901B
:10719000530DE090540DF090550D2091FA1230915E
:1071A000FB124091FC125091FD1260E070E080EA09
:1071B00090E40F94B03C2B013C018091830C85FF3F
:1071C00026C0112341F0A3019201C701B6010F941B
:1071D000113F18163CF5C5010E94772F85E390E218
:1071E0000E94772F111104C088E290E20E94772F4D
:1071F000A3019201C701B6010F94113F181624F4A0
:1072000086E190E20E94772F8AE00E94702F11237E
:10721000F9F011E0A3019201C701B6010F94113FEB
:1072200018160CF010E0812F27960FB6F894DEBFE9
:107230000FBECDBFDF91CF911F91FF90EF90DF90F8
:10724000CF90BF90AF907F906F905F904F900895D8
:1072500011E0E9CF2F923F924F925F926F927F920F
:107260008F929F92AF92BF92CF92DF92EF92FF9256
:107270000F931F93CF93DF93CDB7DEB76E970FB603
:10728000F894DEBF0FBECDBF1C017D8F6C8F4B8F7E
:107290002E8F4091830C45FB442740F969EE7FE136
:1072A000CE0148960E94E2348091830C85FF57C03E
:1072B00020915A0D30915B0D40915C0D50915D0D08
:1072C000F10160817181828193810F94B13CAB01A6
:1072D000BC0184EE9FE10E94233220915E0D30912B
:1072E0005F0D4091600D5091610DEC8DFD8D6081C1
:1072F0007181828193810F94B13CAB01BC0181EE1D
:107300009FE10E942332FB8D68E575E0F33051F078
:107310006EE575E0F23031F06FE675E0F13011F4B2
:107320006AE675E08EED9FE10E946A3D8BED9FE17C
:107330000E94772F8E8D0E946CD064E775E088EDF7
:107340009FE10E946A3D8CEC9FE10E94772F43EB06
:107350005FE168EB7FE18AE49DE00E94AC34F101DB
:10736000408051806280738049825A826B827C8225
:10737000EC8DFD8DC080D180E280F380CD82DE82F5
:10738000EF82F8868090520D9090530DA090540D8E
:10739000B090550D89869A86AB86BC86BE016B5F20
:1073A0007F4FCE0101960E94E67D81110FC0809132
:1073B000830C85FF04C08BE99FE10E94772FC12CCD
:1073C000D12C90ECE92E9FE7F92EF5C00091FE122A
:1073D0001091FF12F8012081318142815381C30154
:1073E000B2010F94B03C2B013C0149825A826B825E
:1073F0007C82F8012481358146815781C701B6011D
:107400000F94B03C9B01AC012D833E834F83588782
:107410008091310290913202A0913302B0913402F6
:107420008D879E87AF87B88BCE010D966C01850145
:107430007401C301B2010F94511681E00F94BE177D
:1074400081115EC14091830C45FB442740F96AE4F9
:107450007FE1CE0145960E94E2348091810C82FF4B
:10746000C9C02091FA123091FB124091FC12509148
:10747000FD1260E070E080EA90EC0F94B03C698B04
:107480007A8B8B8B9C8B20E030E040E451E4BE0192
:107490006F5E7F4F85E49FE10E9482B8882309F4E4
:1074A000AEC0C12CD12C30ECE32E3FE7F32ECE0141
:1074B00045960E94D9342091FA123091FB124091E6
:1074C000FC125091FD12C701B6010F94B13C6B0143
:1074D0007C01AC019B010F94A33F811159C09B8D8E
:1074E000933009F000C120E030E040EA50E46091C0
:1074F000520D7091530D8091540D9091550D0F9434
:10750000B13C6D877E878F87988B67E073E0CE01F3
:107510000D960F944F17EE8DE33008F446C020917E
:107520005A0D30915B0D40915C0D50915D0DF10154
:1075300060817181828193810F94B13CAB01BC0168
:1075400083E99FE10E94233220915E0D30915F0D0F
:107550004091600D5091610DEC8DFD8D60817181C8
:10756000828193810F94B13CAB01BC018EE89FE115
:107570000E942332B701A60189E89FE10E940D33E2
:10758000A7019601C701B6010F94A33F882369F0B4
:107590000E944D2360E08AE79FE10F94080A0E9451
:1075A000C1308AE69FE10E94772FB701A6018DE5E1
:1075B0009FE10E940D33CE0148960E94D934C70145
:1075C000B6016E960FB6F894DEBF0FBECDBFDF9149
:1075D000CF911F910F91FF90EF90DF90CF90BF90D0
:1075E000AF909F908F907F906F905F904F903F9063
:1075F0002F90089560E070E080E291EC40CFC09061
:10760000520DD090530DE090540DF090550D809197
:10761000830C85FF06C0B701A60188E39FE10E94A5
:107620000D3320E030E040EA50E46091520D70915B
:10763000530D8091540D9091550D0F94B13C6D8771
:107640007E878F87988B67E073E0CE010D960F944D
:107650004F1720E030E040EC50E4BE016F5E7F4FFA
:1076600083E39FE10E9482B881111BCF4090520DAD
:107670005090530D6090540D7090550D8091830C77
:1076800085FF12C0B301A20186E29FE10E9423326E
:10769000A3019201C701B6010F94B03CAB01BC013C
:1076A00088E19FE10E940D3320E030E040E450E4A7
:1076B000C301B2010F9433362B013C01A70196019F
:1076C000C701B6010F94B13C9B01AC01C301B201EB
:1076D0000F94B13C2DEC3CEC4CE45EE30F9433365C
:1076E0006B017C01E4CE8B8D8150823008F013CF8A
:1076F0000E944D23882309F40ECFFE8DF33038F419
:10770000C12CD12C80ECE82E8FE7F82E41CFC12C74
:10771000D12C20ECE22E2FE7F22E01CF6F927F9238
:107720008F929F92AF92BF92CF92DF92EF92FF9291
:107730000F931F93CF93DF9300D000D01F921F921F
:10774000CDB7DEB75C014B013A01F22E6801009122
:107750006E0C0F9454058091CE129091CF128C151F
:107760009D051CF4C6010F94480560E080E00E946E
:107770005D4E81111DC160E089E00E94A5791C1455
:107780001D0444F4C6010F94480540E060E080E029
:107790000E940DD360E088E00E94A57960E081E05E
:1077A0000E945D4E80E090E0A0E7B2E48D839E836E
:1077B000AF83B88780E090E0A0E8B0EC89839A833B
:1077C000AB83BC83BE016B5F7F4FCE0101960F94EC
:1077D000020287E00E94D2FD811168C08091560D9F
:1077E0009091570DA091580DB091590D4091520DA7
:1077F0005091530D6091540D7091550D00915E0C98
:1078000010915F0C2091600C3091610CC0905A0C6B
:10781000D0905B0CE0905C0CF0905D0CC092840CFE
:10782000D092850CE092860CF092870C0093880C25
:107830001093890C20938A0C30938B0C40938C0C02
:1078400050938D0C60938E0C70938F0C8093900CE2
:107850009093910CA093920CB093930C80E090E0E5
:10786000A8E4B2E489839A83AB83BC83CE010196FA
:107870000F9474018091620C9091630CA091640C40
:10788000B091650C80938C0C90938D0CA0938E0C12
:10789000B0938F0C80E090E0A0EAB0E489839A83F3
:1078A000AB83BC83CE0101960F94740180E090E01D
:1078B000A0E7B2E48D839E83AF83B88780E090E039
:1078C000A0E8B0E489839A83AB83BC83BE016B5F7D
:1078D0007F4FCE0101960F9402028091660C909129
:1078E000670CA091680CB091690C8093560D909331
:1078F000570DA093580DB093590D8093900C909311
:10790000910CA093920CB093930C80E99CE00E94A0
:10791000FBFB86E59DE00E94FBFB60E089E00E94A6
:10792000A57961E08FEF9EE10E94A02F8091590C14
:1079300081508093590C47E05FE16FE07FE185E083
:107940000E949C7980913310823011F40F94BC070F
:107950008091590C882381F081508093590C0E94AA
:1079600050C48091580C882339F040E060E070E00A
:1079700080E090E40E94312680E00E948B7C0E948F
:10798000AA2C0E94F57928960FB6F894DEBF0FBE98
:10799000CDBFDF91CF911F910F91FF90EF90DF90BE
:1079A000CF90BF90AF909F908F907F906F900895F1
:1079B000E12C2F2DA301B401C5010E944F80DFCE21
:1079C0008BE1E3E0F5E1AEE1B5E101900D928A953E
:1079D000E1F78091E31480648093E3141092D8144B
:1079E0000895CF9380913D12C1E08823C9F0809122
:1079F0003E1290913F124091351250913612609193
:107A0000371270913812DC01ED91FC910288F389F4
:107A1000E02D25E330E11995C82F811104C0C0E0A5
:107A20008C2FCF9108954091391250913A12609164
:107A30003B1270913C124115510561057105B9F079
:107A400080913E1290913F12DC01ED91FC910288F1
:107A5000F389E02D25E330E11995882301F3109295
:107A6000391210923A1210923B1210923C1210925C
:107A70003D12D6CF0F931F93CF93DF93CDB7DEB7D1
:107A800060970FB6F894DEBF0FBECDBF8C01DC014E
:107A9000ED91FC910280F381E02DBE016F5F7F4F7D
:107AA0001995882309F464C08981807CC9F56F81A8
:107AB000637070E0762F6627770F770F8885B4E0C4
:107AC0008B9FC0011124682B792B8985829586951F
:107AD00086958370682B6F5F7F4F90E080E02A85EA
:107AE0002370220F3B8537FB332730F9232B3E8150
:107AF0003F70230F3327331F2750310904C0660F0F
:107B0000771F881F991F2A95D2F760960FB6F894B1
:107B1000DEBF0FBECDBFDF91CF911F910F910895B2
:107B2000803419F568856695669570E090E080E090
:107B3000CB01772766272A85622B098510E0102F55
:107B40000027012E000C220B330B602B712B822B94
:107B5000932B6F5F7F4F8F4F9F4F4AE0660F771FCA
:107B6000881F991F4A95D1F7D0CF8BE0F801848305
:107B700060E070E0CB01C9CF0895FC0182810895D7
:107B80002F923F924F925F926F927F928F929F922D
:107B9000AF92BF92CF92DF92EF92FF920F931F931B
:107BA000CF93DF9300D000D0CDB7DEB7DC010D90CE
:107BB000BC91A02DBE83AD8318966D917C91072E4C
:107BC000000C880B990B0F94D4356B017C0120E0DD
:107BD00030E0A9010F94CD358823E1F0AD81BE815D
:107BE00014968D919D910D90BC91A02D89839A83BF
:107BF000AB83BC839C01AD01C701B6010F94B03CBF
:107C00004B015C0120E030E040E251EC0F94CD35B7
:107C100087FF08C081E0ED81FE818387C12CD12CD4
:107C20007601DCC020E030E040E251E4C501B4015F
:107C30000F94113F181664F481E0AD81BE811B964C
:107C40008C93C12CD12C8FE7E82E83E4F82EC6C08C
:107C5000ED81FE818385882349F01386148615867D
:107C600016861786148E158E168E178EAD81BE81E0
:107C700094964D905D906D907C9097971C962D9169
:107C80003D914D915C911F97C501B4010F94B13C9A
:107C9000F62EE72ED82EC92E20E030E0A9010F9451
:107CA000CD3587FDB6C0A301920160E070E08FE79B
:107CB00093E40F94AB3D162F072F382E292E2F2D2E
:107CC0003E2D4D2D5C2D0F94CD3587FF02C07801E0
:107CD00061018F2D9E2DAD2DBC2DED81FE81848700
:107CE0009587A687B78720A131A142A153A1C501DD
:107CF000B4010F9433364B015C01AD81BE815496C3
:107D00008D929D92AD92BC9257972F2D3E2D4D2D69
:107D10005C2DC301B2010F9433362B013C01ED8180
:107D2000FE81408E518E628E738EC48CD58CE68C13
:107D3000F78C29813A814B815C81608971898289C4
:107D400093890F94B03CAD81BE8198962D913D9161
:107D50004D915C919B970F943336A70196010F9438
:107D6000B03C20ED3CEC4CE45DE30F943336A701CE
:107D700096010F94B13C6B017C01ED81FE81C48EB4
:107D8000D58EE68EF78E89819A81AB81BC81808BFE
:107D9000918BA28BB38BA3019201C501B4010F9407
:107DA000B13CA70196010F94B13C20E030E0A9015D
:107DB0000F94B13C6B017C0120E030E0A9010F94ED
:107DC000CD3587FD2BCF20E030E04FE753E4C701EE
:107DD000B6010F94113F18160CF433CFC701B6014A
:107DE00026960FB6F894DEBF0FBECDBFDF91CF91C0
:107DF0001F910F91FF90EF90DF90CF90BF90AF90C9
:107E00009F908F907F906F905F904F903F902F90BA
:107E10000895F12CE12CD12CC12C5BCFCF93DF93B3
:107E2000C091CE12D091CF1281E0CE31D105E4F0D5
:107E300020E030E040E05FE36091CA127091CB1225
:107E40008091CC129091CD120F94B13C0F941D3EB5
:107E50006C1B7D0B77FF03C071956195710981E003
:107E6000633071050CF080E0DF91CF9108958F921F
:107E70009F92AF92BF92CF92DF92EF92FF920F93B9
:107E80001F93CF93DF93B0E2A0E06A2F70E0AB01C5
:107E90004B0F511D55954795411119C0E6EAFEE279
:107EA00065917491072E000C880B990B0F94D435B3
:107EB000DF91CF911F910F91FF90EF90DF90CF90C6
:107EC000BF90AF909F908F900895B42FE0CFA417EC
:107ED00011F0B41303C0E2E2FFE2E2CF9A012150B5
:107EE0003109220F331F220F331FF901EC55F14DD9
:107EF000E590F490F901E855F14DC591D4918E15B6
:107F00009F0518F3A42FC817D90708F4BECFF901AD
:107F1000EA55F14D05911491F901E655F14DC590E1
:107F2000D4908E199F09BC0190E080E00F94D23567
:107F30004B015C01B601601B710B072E000C880B16
:107F4000990B0F94D4359B01AC01C501B4010F947A
:107F500033364B015C01CE19DF09BE0190E080E0B1
:107F60000F94D2359B01AC01C501B4010F94AB3D18
:107F70006B017C01B801110F880B990B0F94D4355C
:107F80009B01AC01C701B6010F94B13C91CFEF92B8
:107F9000FF920F931F93E092F716F092F81600935A
:107FA000F9161093FA1660930517709306178093CD
:107FB00007179FEFFF27621B730B840B30F480952C
:107FC00070956195790B890B992790936E06A6E0C1
:107FD0006A9F00926206512DEE277A9F500DE11D97
:107FE0008A9FE00D50936306E0936406AFE06A9FBA
:107FF00000926606512DEE277A9F500DE11D8A9F53
:10800000E00D50936706E0936806AAE06A9F00922D
:108010006A06512DEE277A9F500DE11D8A9FE00DD3
:1080200050936B06E0936C061F910F91FF90EF90B9
:10803000089500008091AF1780FF23C089988FEFCB
:1080400080932B188091AF1781FF1EC08F9A8FEFFE
:1080500080932C188091AF1782FF19C080910B017B
:1080600080958270809309018FEF80932D18809105
:10807000AF1783FF13C016988FEF80932E18000060
:108080000895899A81E0DCCF8F9881E0E1CF8091DB
:108090000B0182708093090181E0E7CF169A81E09D
:1080A000ECCFCF93DF93C091CE12D091CF12209717
:1080B00029F16091CA127091CB128091CC129091EB
:1080C000CD120F941D3E6E5F7F4F24976C177D0776
:1080D000ACF470933217609331170E94BB94605ACE
:1080E00075418F4F9F4F6093331770933417809370
:1080F000351790933617DF91CF910895109233176B
:10810000109234171092351710923617F4CFCF9380
:10811000DF93EC018D810E94263B60E08B81DF9133
:10812000CF910C94B693DF92EF92FF920F931F932F
:10813000CF93DF938C01C62FD22FF32EE42ED52EB2
:108140000E9487C00E940A9B8C2F80640E941A3B69
:108150008D2D0E941A3B8E2D0E941A3B8F2D0E945E
:108160001A3B8D2F0E941A3B87E8C11101C085E997
:108170000E941A3BCC3011F40E941F3BC0E00E94C9
:108180001F3BF801868387FF04C0CF3F11F0CF5F0C
:10819000F6CFDF91CF911F910F91FF90EF90DF907D
:1081A000089561E0FC0183810E94B6938FEF0C94E7
:1081B0001A3B0F931F93CF938C010E9487C00E949C
:1081C0000A9BC82F882371F08DEF0E941A3B0E94F2
:1081D0000A9BC82FC8010E94D1C08C2FCF911F913C
:1081E0000F91089582E1F8018483F4CF8F929F92DA
:1081F000AF92BF92CF92DF92EF92FF920F931F93B5
:10820000CF93DF93EC016A017B01590120E030E05C
:10821000A90167E30E9493C0A501980167E1CE011F
:108220000E9493C0811127C08F81833039F089E08B
:10823000CC0CDD1CEE1CFF1C8A95D1F7A701960122
:1082400069E1CE010E9493C011E0882319F010E08B
:1082500087E08C83CE010E94D1C0812FDF91CF9126
:108260001F910F91FF90EF90DF90CF90BF90AF9054
:108270009F908F90089589E08C8310E0EBCFCF938F
:10828000DF93EC016EBDFA01CA019E5F0DB407FEDB
:10829000FDCF20812EBD0DB407FEFDCF21812EBD67
:1082A0003296E817F90791F70DB407FEFDCF8FEF6F
:1082B0000E941A3B8FEF0E941A3B0E941F3B8E8345
:1082C0008F71853049F083E18C83CE010E94D1C04B
:1082D00080E0DF91CF91089581E0FBCF0F931F9352
:1082E000CF93DF93EC018B010E9487C00E940A9B11
:1082F00081110CC085E18C8310E0CE010E94D1C0B9
:10830000812FDF91CF911F910F910895A8016CEFFC
:10831000CE010E943FC1182F882361F3EECF0F9347
:108320001F93CF93DF93EC0189018F81833039F064
:1083300089E0440F551F661F771F8A95D1F79A0170
:10834000AB0168E1CE010E9493C081112AC0A8014F
:108350006EEFCE010E943FC1182F8823B1F00E941A
:108360000A9B182F8823D1F020E030E0A9016DE0AE
:10837000CE010E9493C0882321F086E18C8310E017
:1083800004C00E941F3B8111F8CFCE010E94D1C0D2
:10839000812FDF91CF911F910F91089587E18C83F9
:1083A000F4CF86E0EBCF1F93CF93DF93EC010E94D5
:1083B00087C020E030E0A9016CE0CE010E9493C0AC
:1083C00011E0882319F010E083E08C83CE010E9435
:1083D000D1C0812FDF91CF911F9108951F93CF932B
:1083E000DF93EC018F81833039F089E0440F551F12
:1083F000661F771F8A95D1F79A01AB0162E1CE0122
:108400000E9493C011E0882319F010E085E08C836E
:10841000CE010E94D1C0812FDF91CF911F9108958D
:108420008F929F92AF92BF92EF92FF920F931F9302
:10843000CF93DF938C01EB017A010E94BB944B0137
:108440005C012CE2820E21E0921EA11CB11C0E9454
:108450001F3BF80186838F3F69F40E94BB94681923
:1084600079098A099B0997FDF2CF81E1F80184839C
:10847000C0E021C08E3F71F5F1E0EF1AF1088FEFF7
:108480008EBDFE012FEF0DB407FEFDCF8EB581939B
:108490002EBDCF018C1B9D0B8E159F05A0F30DB437
:1084A00007FEFDCF8EB5CE0DDF1D88830E941F3BDA
:1084B0000E941F3BC1E0C8010E94D1C08C2FDF91F8
:1084C000CF911F910F91FF90EF90BF90AF909F9031
:1084D0008F9008958FE0CACF0F931F93CF93DF93B0
:1084E000EC018B010E9487C040E052E0B801CE0150
:1084F000DF91CF911F910F910C9410C20F931F9396
:10850000CF93DF93EC0189018F81833039F089E0CB
:10851000440F551F661F771F8A95D1F79A01AB014B
:1085200061E1CE010E9493C081110AC040E052E097
:10853000B801CE01DF91CF911F910F910C9410C221
:1085400084E08C83CE010E94D1C080E0DF91CF9186
:108550001F910F9108958F929F92AF92BF92CF92E9
:10856000DF92EF92FF920F931F93CF93DF93EC0173
:10857000162F1F821C824B830E94BB946B017C01CF
:1085800020EDC20E27E0D21EE11CF11CA89561E08F
:108590008B810E94B69361E08B810E94E493209AC4
:1085A000289A219A2398229A81E00E94263B85E00E
:1085B0008D830E94263B0AE08FEF0E941A3B0150F8
:1085C000D9F7A89520E030E0A90160E0CE010E9433
:1085D00093C08E83813081F00E94BB946C197D0919
:1085E0008E099F0997FDEECF81E08C83CE010E941A
:1085F000D1C01A8280E06AC0A8952AEA31E040E042
:1086000050E068E0CE010E9493C0853041F581E0E2
:108610008F83A8958F81812C912C5401823029F46D
:10862000812C912CA12C80E4B82E20E030E0A9010F
:1086300067E3CE010E9493C0A501940169E2CE01D7
:108640000E9493C08E838823F1F00E94BB946C1922
:108650007D098E099F0997FDE8CF8AE0C6CF04E027
:108660000E941F3B8E830150D9F78A3A11F482E0B1
:10867000CFCF0E94BB946C197D098E099F0997FD8D
:10868000BCCF82E0B2CF8F818230C1F420E030E0F5
:10869000A9016AE3CE010E9493C0882311F088E00B
:1086A000A4CF0E941F3B807C803C11F483E08F8329
:1086B0000E941F3B0E941F3B0E941F3BCE010E9455
:1086C000D1C081E08A83173070F41D83DF91CF9190
:1086D0001F910F91FF90EF90DF90CF90BF90AF90E0
:1086E0009F908F90089588E18C8384CF0F931F9380
:1086F000CF93DF93EC018B0120E030E0A90169E02A
:108700000E9493C081110AC040E150E0B801CE013F
:10871000DF91CF911F910F910C9410C280E18C8357
:10872000CE010E94D1C080E0DF91CF911F910F91C7
:1087300008954091F51621E0422761E070E00C9425
:10874000B97C4091F51621E042276CE070E00C9472
:10875000B97C4091F51621E0422761E070E00C946D
:10876000B97C4091F51621E0422768E070E00C9456
:10877000B97C4091F51621E042276CE070E00C9442
:10878000B97C4091F51621E0422764E070E00C943A
:10879000B97C41E061E070E00C94B97C1F920F92CB
:1087A0000FB60F9211242F933F938F939F93AF9304
:1087B000BF938091650790916607A0916707B0917C
:1087C00068073091731823E0230F2D3758F5019671
:1087D000A11DB11D209373188093650790936607C0
:1087E000A0936707B09368078091690790916A0723
:1087F000A0916B07B0916C070196A11DB11D8093EC
:10880000690790936A07A0936B07B0936C07BF91B9
:10881000AF919F918F913F912F910F900FBE0F902D
:108820001F90189526E8230F0296A11DB11DD2CFE7
:108830008DE00E94702F8AE00C94702FCF93DF930D
:10884000EC018991882319F00E94702FFACFDF91F3
:10885000CF9108958091D8148823C1F081508093DE
:10886000D814E3E0F5E1882351F08150990B2BE116
:10887000289FF001299FF00D1124E75CFA4E8BE14F
:10888000AEE1B5E101900D928A95E1F78091D8149F
:10889000811105C09091E31490649093E3140895BE
:1088A0008091E31484FF04C08460877F8093E31485
:1088B0000895CF92DF92EF92FF920F931F93CF9381
:1088C000DF93CDB7DEB7EDB6FEB6DC010D9000202C
:1088D000E9F79D01281B390B285F3F4FEDB7FEB725
:1088E000E21BF30B0FB6F894FEBF0FBEEDBF0DB742
:1088F0001EB70F5F1F4F9F938F938BEE9FE29F9347
:108900008F931F930F930F9464356801F4E0CF0E9B
:10891000D11C0F900F900F900F900F900F90D601D9
:108920008D916D01882349F0082E000C990B0F944E
:10893000C33FF60131978083F2CF66EE7FE2C80134
:108940000F94FD344FE350E0B8018DEB97E10F94A5
:108950001F400FB6F894FEBE0FBEEDBEDF91CF9163
:108960001F910F91FF90EF90DF90CF900895FC0141
:10897000938591FF02C080E00895987121E09031C5
:1089800009F020E08091E31420FB85F98093E31443
:10899000903141F08085873471F781E091859E3771
:1089A00051F3089581E0FDCFFC0120E03EE2DB01C0
:1089B0004D91BD01403249F0283011F43083319699
:1089C000DB0111974C91408331962F5F2B3079F763
:1089D00010820895CF92DF92EF92FF92CF936B01B6
:1089E0007C01C42F8091351290913612A0913712DC
:1089F000B09138128C159D05AE05BF0529F10E9476
:108A0000F1BC811108C0C0E08C2FCF91FF90EF9096
:108A1000DF90CF90089580913E1290913F12DC013B
:108A2000ED91FC910088F189E02D25E330E1B7015B
:108A3000A6011995882339F3C0923512D0923612C7
:108A4000E0923712F0923812CC2321F081E080932B
:108A50003D12DACFC1E0D8CF4F925F926F927F92F2
:108A60008F929F92AF92BF92CF92DF92EF92FF923E
:108A70000F931F93CF93DF93EC01423051056105B3
:108A8000710590F480E0DF91CF911F910F91FF90DD
:108A9000EF90DF90CF90BF90AF909F908F907F909E
:108AA0006F905F904F90089589859A85AB85BC85BE
:108AB0000196A11DB11D84179507A607B70710F3EE
:108AC0008F898031C9F5852E962EA72EBB248B89E0
:108AD0009C89AD89BE89880E991EAA1EBB1E2801DD
:108AE00039016A017B0141E0C501B4010E94EAC479
:108AF000882341F29F89903181F5DD24EE24FF2403
:108B0000F601EE0FFF1FEB5CFF4E118300839A8985
:108B1000923008F4B8CF4D815E816F817885840EE4
:108B2000951EA61EB71E8092391290923A12A092FC
:108B30003B12B0923C12A7CF803209F0A3CF8B89B1
:108B40009C89AD89BE894A015B01E7E0B694A79490
:108B500097948794EA95D1F7BECFE894C7F8DD24BF
:108B6000EE24FF24F601EE0FFF1FEE0FFF1FEB5C5C
:108B7000FF4E4082518262827382C9CFCF92DF92D0
:108B8000EF92FF920F931F93CF93DF93FC018185A8
:108B90009285A385B4850196A11DB11D8417950703
:108BA000A607B70750F480E0DF91CF911F910F9196
:108BB000FF90EF90DF90CF90089587898031A9F5DD
:108BC000BB27A72F962F852FC388D488E588F688E2
:108BD0008C0D9D1DAE1DBF1DE9016A017B018F013A
:108BE00040913512509136126091371270913812BF
:108BF00084179507A607B70749F5F80187898031DB
:108C000069F5B701A601552766277727440F551F39
:108C10004B5C5F4EFA0180819181B0E0A0E08883D7
:108C20009983AA83BB8381E0BFCF803209F0BBCF99
:108C3000C388D488E588F688DB01CA01C7E0B69509
:108C4000A79597958795CA95D1F7C2CF40E0BC010B
:108C5000CD010E94EAC48111D0CFA5CFB701A601F2
:108C60004F77552766277727440F551F440F551F09
:108C70004B5C5F4EFA0180819181A281B381BF700C
:108C8000CECF4F925F926F927F92AF92BF92CF9270
:108C9000DF92EF92FF920F931F93CF93DF9300D059
:108CA0001F92CDB7DEB78C0149835A836B837C83D7
:108CB0005901C12CD12C7601412C82E0582E612C17
:108CC000712C49815A816B817C819E012F5F3F4FBE
:108CD000C8010E94BEC5882319F1F8018585A3014A
:108CE000920104C0220F331F441F551F8A95D2F7EB
:108CF000DA01C901C80ED91EEA1EFB1E49815A813C
:108D00006B817C8187898031F1F481E0483F5F4F3E
:108D100061057105B0F2F501C082D182E282F38271
:108D20000F900F900F900F90DF91CF911F910F91A7
:108D3000FF90EF90DF90CF90BF90AF907F906F90BB
:108D40005F904F90089581E0483F5F4F6F4F7F40A5
:108D500008F4B7CFE0CF0F931F93CF93DF93FC01BD
:108D60002381222331F080E0DF91CF911F910F9179
:108D700008958B01EC01FB018789803139F582E090
:108D80008B831D8A1E8A1F8A188E808D918DB0E07C
:108D9000A0E025E0880F991FAA1FBB1F2A95D1F7D5
:108DA000898B9A8BAB8BBC8B1A8F098F81E089835F
:108DB000188619861A861B861C821D821E821F82B7
:108DC000188A1C861D861E861F86CECF803259F6D5
:108DD00083E08B83428D538D648D758D4D8B5E8BBF
:108DE0006F8B788F9E012F5E3F4FC8010E9441C656
:108DF0008111DACFB8CF3F924F925F926F927F92FC
:108E00008F929F92AF92BF92CF92DF92EF92FF929A
:108E10000F931F93CF93DF93CDB7DEB72C970FB689
:108E2000F894DEBF0FBECDBF5C01DC0159968D907A
:108E30009C90F40181859285A385B4859C01AD0148
:108E40002F5F3F4F4F4F5F4F29873A874B875C8794
:108E5000D50114964D905D906D907C9017974114BC
:108E600051046104710409F459C0BFEF4B1A5B0A45
:108E70006B0A7B0A312C730162011D821E821F82E4
:108E80001886F40181859285A385B4852D813E8164
:108E90004F815885281739074A075B0708F056C0E5
:108EA00089859A85AB85BC858C159D05AE05BF056A
:108EB00050F482E0C82ED12CE12CF12C92E0492E06
:108EC000512C612C712C9E012F5F3F4FB701A601E1
:108ED000C4010E94BEC58823C9F189819A81AB81F2
:108EE000BC81892B8A2B8B2B01F1260137019FEF47
:108EF000491A590A690A790A2D813E814F8158859C
:108F00002F5F3F4F4F4F5F4F2D833E834F835887D7
:108F10003FEFC31AD30AE30AF30AB3CF408051806C
:108F20006280738033243394A6CFC414D504E6043E
:108F3000F70411F70FEF1FEF2FEF3FE0B701A60186
:108F4000C4010E942CC5782E81111AC0712C872D66
:108F50002C960FB6F894DEBF0FBECDBFDF91CF9138
:108F60001F910F91FF90EF90DF90CF90BF90AF9047
:108F70009F908F907F906F905F904F903F9008955B
:108F8000F50144815581668177814115510561055F
:108F9000710539F097018601C4010E942CC5882310
:108FA000A9F2D5011496CD92DD92ED92FC9217971D
:108FB000332051F0D701C6010196A11DB11DF40166
:108FC00080839183A283B383F50185899689A789DC
:108FD000B08D892B8A2B8B2B09F0B9CFC58AD68A05
:108FE000E78AF08E818180688183B1CFCF93DF9350
:108FF000EC01462F41706C857D858E859F850E9492
:10900000EAC4882351F0888920E2829FC00111249C
:109010008B5C9F4EDF91CF91089590E080E0FACF76
:10902000CF93DF93EC018B81882349F1898187FFFE
:1090300022C061E0CE010E94F6C7FC01892BF9F045
:109040008081853EE1F08B81823040F489899A8964
:10905000AB89BC89848F958FA68FB78F8D899E89A8
:10906000938F828F8D899E89AF89B88DB58BA48BA4
:1090700089818F778983DF91CF910C94F1BC81E056
:10908000888380E0DF91CF9108958F929F92AF9275
:10909000BF92CF92DF92EF92FF920F931F93CF93E5
:1090A000DF93EC018B8181110EC080E0DF91CF91C5
:1090B0001F910F91FF90EF90DF90CF90BF90AF90F6
:1090C0009F908F90089509891A892B893C890417EC
:1090D00015072607370748F34A015B01823031F450
:1090E00088869986AA86BB8681E0E0CF81149104A8
:1090F000A104B10449F4188619861A861B861C82BD
:109100001D821E821F82F0CF088519852A853B8526
:10911000E98DFA8D858590E00996B901A801415045
:10912000510961097109082E04C076956795579514
:1091300047950A94D2F775016401E1E0CE1AD1088F
:10914000E108F10804C0F694E794D794C7948A958F
:10915000D2F7C416D506E606F70620F0012B022B3F
:10916000032B11F58D899E89AF89B88D8C839D83E2
:10917000AE83BF838E010C5F1F4FC114D104E10485
:10918000F10409F4ADCF4C815D816E817F8198013E
:10919000898D9A8D0E94BEC591E0C91AD108E10857
:1091A000F1088111EACF81CFC41AD50AE60AF70A7D
:1091B000E1CF2F923F924F925F926F927F928F9268
:1091C0009F92AF92BF92CF92DF92EF92FF920F9356
:1091D0001F93CF93DF9300D01F92CDB7DEB78C01E2
:1091E0004B011A01DC0113968C911397813009F021
:1091F000CFC011968C9181FFCBC082FDB5C06101BB
:10920000D80118964D915D916D917C911B97C11479
:10921000D10409F41BC159968D919C915A97FC0178
:1092200074802FEF270D2A013B0139E07694679473
:10923000579447943A95D1F7722E74207A01F1E051
:10924000FF22711020C0E114F104E9F414964D914D
:109250005D916D917C9117974115510561057105DF
:1092600009F09CC055968D919D910D90BC91A02DBB
:109270000097A105B10509F0AAC0C8010E94FBC66C
:10928000882309F485C0A12C82E0B82EAE18BF084F
:10929000CA14DB0408F45601D80159964D915C912B
:1092A0005A9714968D919D910D90BC91A02D029787
:1092B000A109B109FA01258504C0880F991FAA1FC9
:1092C000BB1F2A95D2F74685578560897189840F1F
:1092D000951FA61FB71F9C01AD01270D311D411D14
:1092E000511D29013A01A11432E0B30609F07DC0F5
:1092F0008091351290913612A0913712B0913812A8
:10930000481659066A067B0669F410923D128FEFE3
:109310009FEFDC018093351290933612A0933712A1
:10932000B093381280913E1290913F12DC01ED9182
:10933000FC910288F389E02D9401B301A2011995F3
:10934000882331F1F80180859185A285B3858A0D46
:109350009B1DA11DB11D80879187A287B3878A0CB1
:109360009B1CCA18DB084CCFF801418952896389DC
:10937000748980859185A285B385481759076A0746
:109380007B0709F43CCFC8010E9445C8811137CF43
:1093900081E0D8018C938FEF9FEF6EC09E012F5F0D
:1093A0003F4F0E94BEC5882399F389819A81AB8182
:1093B000BC81F801218D328DF9012789203169F4B2
:1093C000883FFFEF9F07A105B10508F056CFF801D0
:1093D00084839583A683B78356CF883F2FEF920768
:1093E000A2072FE0B20798F348CFE114F10431F55A
:1093F000F801408551856285738581899289A389A9
:10940000B489481759076A077B07C0F00E94F1BC6E
:10941000882309F4BDCF81E080933D12409235123C
:10942000509236126092371270923812A501B40130
:10943000C7018B5C9F4E0F94D83F84CF41E0C3019E
:10944000B2010E94EAC48111F1CFA2CFF801818953
:109450009289A389B48984179507A607B70738F4BA
:109460008181418B528B638B748B80688183F8017F
:10947000818183FD18C0C1010F900F900F900F9054
:10948000DF91CF911F910F91FF90EF90DF90CF90E0
:10949000BF90AF909F908F907F906F905F904F9014
:1094A0003F902F900895C8010E9410C88111E3CF0A
:1094B0006FCF2F923F924F925F926F927F928F92D7
:1094C0009F92AF92BF92CF92DF92EF92FF920F9353
:1094D0001F93CF93DF93EC014B017A018B818111B4
:1094E00015C08FEF9FEFDF91CF911F910F91FF90EC
:1094F000EF90DF90CF90BF90AF909F908F907F9034
:109500006F905F904F903F902F900895898180FFDA
:10951000E8CF89899A89AB89BC89488559856A854C
:109520007B85841B950BA60BB70BA70170E060E051
:1095300084179507A607B70708F47C0167011E0189
:1095400024E0220E311CC114D10409F4A9C04885BD
:1095500059856A857B855A0181E0B822898D9A8D6B
:109560002A013B0129E076946794579447942A9501
:10957000D1F72B81FC01223081F5628D738D848DB2
:10958000958D640D751D861D971D00E012E00A196A
:109590001B09C016D10608F486010115E2E01E077A
:1095A00071F44090351250903612609037127090DE
:1095B0003812641575058605970509F04EC040E020
:1095C0000E94EAC4882309F48CCFB5016B5C7F4EFE
:1095D000A801C4010F94D83F52C014811150142126
:1095E000A114B10471F411110CC0452B462B472B6B
:1095F00051F58D899E89AF89B88D8C839D83AE830B
:10960000BF83E98DFA8D4C805D806E807F8022E083
:10961000421A510861087108858504C0440C551C24
:10962000661C771C8A95D2F786859785A089B189B3
:10963000480E591E6A1E7B1EC301B201610F711DC7
:10964000811D911DA2CF4C815D816E817F81910131
:109650000E94BEC58111D5CF44CFA0913E12B091DA
:109660003F12ED91FC9111970088F189E02D940152
:10967000AB01BC01CD011995882309F432CF800ECE
:10968000911E88859985AA85BB85800F911FA11D94
:10969000B11D88879987AA87BB87C01AD10A53CF83
:1096A000C70121CFCF93DF93EB01FC01238121116F
:1096B00004C080E0DF91CF9108952250223028F439
:1096C0008FE28883198281E0F5CF60E00E94F6C7BF
:1096D000009779F3DC0160E080E09EE22D9120327A
:1096E00099F0883031F49E01260F311DF9019083E5
:1096F0006F5F9E01260F311DAD0141505109FA01E6
:109700004081F90140836F5F8F5F8B3039F7FE0135
:10971000E60FF11D1082D7CFCF93DF93EC01CB0181
:10972000E881F981608171810E9452CB2881398161
:10973000D901ED91FC91AA81BB818C9190819923F3
:1097400059F08936C8F4CF010196F90191838083DD
:109750008C918F5F8C93EACF893670F48FE280838F
:10976000E881F98180819181019691838083EA81EA
:10977000FB8180818F5F8083DF91CF9108950F936C
:109780001F93CF93DF9300D000D01F92CDB7DEB7E9
:109790009C012F5F3F4F3F832E832FE2FC012083EC
:1097A00081E08D83CE0106969A83898301979C83FD
:1097B0008B8310E00BE18091D814181758F4109F98
:1097C000B0011124675C7A4ECE0101960E948CCBC9
:1097D0001F5FF1CF8D818B3558F467E476E1CE01C0
:1097E00001960E948CCB8E819F8101979F838E83EF
:1097F000EE81FF81108227960FB6F894DEBF0FBE70
:10980000CDBFDF91CF911F910F910895CF93DF933B
:10981000EC010E9410C81B82DF91CF910895109235
:10982000590C8091E3148F778093E3140E94E82C05
:10983000882321F087E496E10C9406CC0895CF9319
:10984000C091E314C2FF15C0C7FD13C00E94E82CED
:1098500080FBC7F9C093E3148091E3148F7E80648A
:109860008093E3140E94BD3184ED9FE2CF910C946C
:10987000772F0E940FCCF0CFCF93DF938091E3142A
:109880008F7E8093E31480910615882321F083E076
:1098900095E10E9406CC8091E4149091E514DC01DE
:1098A000ED91FC910190F081E02D45E360E0199588
:1098B00081110EC00E94BD3188EC9FE20E94772F7B
:1098C0008091E31484FF34C0DF91CF910C94E0BC0D
:1098D000C091E414D091E51461E0CE010E94327889
:1098E00081110BC060E0CE010E943278811105C069
:1098F0000E94C13084EB9FE2E1CF6AE672E183E02F
:1099000095E10E94ABC6811105C00E94C13083EA77
:109910009FE2D4CF8091E31480618093E3140E948E
:10992000BD3187E99FE20E94772F0F945D14C8CF65
:109930008091FD17882339F061E087E89FE2DF918D
:10994000CF910D94080ADF91CF91089540E050E047
:10995000BA010C9445C80F931F93CF93DF93CDB7F3
:10996000DEB7EB970FB6F894DEBF0FBECDBF8EE12A
:1099700095E10E94A6CC8BE1EEE1F5E1DE01919646
:1099800001900D928A95E1F710E000E0BE016F5F53
:109990007F4FCE0181960E94197718163CF4CE01B4
:1099A00001960E94B7C4080F111DF0CFCE01819619
:1099B0000E943628C801EB960FB6F894DEBF0FBEA2
:1099C000CDBFDF91CF911F910F9108950F931F93FA
:1099D000CF93DF93CDB7DEB7EB970FB6F894DEBF2A
:1099E0000FBECDBF8C018EE195E10E94A6CC8BE12C
:1099F000EEE1F5E1DE01919601900D928A95E1F795
:109A0000BE016F5F7F4FCE0181960E9419771816B5
:109A1000A4F4CE0101960E94B7C4882389F3BE0145
:109A20006F5F7F4F80E492E10E94D4C460E472E1F2
:109A3000C8010F94E13F892B19F7CE0181960E944E
:109A40003628EB960FB6F894DEBF0FBECDBFDF9180
:109A5000CF911F910F9108952F923F924F925F9255
:109A60006F927F928F929F92AF92BF92CF92DF922E
:109A7000EF92FF920F931F93CF93DF93CDB7DEB793
:109A8000C454D1090FB6F894DEBF0FBECDBF7C0120
:109A90004B015A01222E19821C821C8E1F8E6115C9
:109AA000710511F410E0B3C1DC0113968C918111A2
:109AB000F9CFFA0180818B018F32D1F4DB0113964B
:109AC0008C9113978250823060F059966D917C9101
:109AD000CE014C960E94ABC68E01045E1F4F8823B8
:109AE00009F3C5015C010196F50120812F32D1F304
:109AF0009E012F5F3F4F6901290130E2332E2496EA
:109B0000CFAE24972596DFAE25973E013CE1630E4C
:109B1000711C22963FAE229721963FAE21973FAE11
:109B20003EAE3DAE3CAE3BAE3AAE39AE38AE3FAAED
:109B3000950190E047E0D9018D91882361F18F3242
:109B400051F18E3239F44A3009F4ACCF98E04AE052
:109B50009D01F1CFE7E7FFE22491222321F0319626
:109B60008213FACF9FCF491708F49CCF813208F4B3
:109B700099CF8F3709F496CF3FE9380F3A3108F47F
:109B800020EEE7E3F0E0EC0FFD1FE90FF11D820F7F
:109B900080839F5FDDCF8FA9803209F483CF590185
:109BA000D9018C912F5F3F4F8F32C9F38823A9F0E1
:109BB0000815190519F0C8010E9406CC24969FAD1E
:109BC000249725968FAD25974C145D0411F4962D9E
:109BD000872D8601C92ED82E9CCFF801818D928DBC
:109BE000D7015A969C938E935997C8010E94A6CC90
:109BF000C12CF80180859185A285B3854189528960
:109C00006389748984179507A607B70708F053C0BE
:109C100025E0B695A795979587952A95D1F7F82FC2
:109C2000FF70DF2ED80113968C91823008F43ACF62
:109C300041E050E0BE016E5B7F4FC8010E9459CAEF
:109C4000019709F02FCFF80180859185A285B38512
:109C50004F96A11DB11D80879187A287B387F0E23F
:109C6000DF9EB00111246B5C7F4E6115710509F414
:109C700019CFDB018C91882341F0853E09F04DC05E
:109C8000CC2029F0CC24C394B4CFC1100EC0809155
:109C9000351290913612A0913712B0913812F70117
:109CA00084879587A687B787D08ADB018C9181113D
:109CB000E9CFCC24C394822D8274823409F0F2CE91
:109CC000CC2009F4C7C0F701D08861E0C7010E9429
:109CD000F6C7009709F4E6CE20E2DC011D922A9532
:109CE000E9F72BE0FE01F796DC0101900D922A9531
:109CF000E1F721E238E2FC01318B208B40E058E0B3
:109D000057874687338B228B318F208F578B468B1B
:109D10000E94F1BC81110AC0C5CE4BE050E0CE01DB
:109D2000C7960F94CB3F892B09F063CF2D2D30E0E0
:109D3000F901B5E0EE0FFF1FBA95E1F7DF01AB5C6B
:109D4000BF4E1B968C91817121F0822D827109F09A
:109D500020C1D70159968D919C915A974091351207
:109D60005091361260913712709138121C964D93B3
:109D70005D936D937C931F975096DC925097EB5CAC
:109D8000FF4E84889588B12CA12C540199248824F5
:109D900055968D929D92AD92BC925897428D538D5F
:109DA00070E060E0482959296A297B2955964D932E
:109DB0005D936D937C935897A5E0220F331FAA956E
:109DC000E1F7D901AB5CBF4E1B962C91287109F0CD
:109DD000D2C0848D958DA68DB78DF701818B928B26
:109DE000A38BB48B81E08383822D8F70F7018183F5
:109DF00014821582168217821086118612861386A7
:109E000011E024FE04C0C7010E941875182FCE016E
:109E10004C960E943628CE0101960E943628812F4A
:109E2000CC5BDF4F0FB6F894DEBF0FBECDBFDF9126
:109E3000CF911F910F91FF90EF90DF90CF90BF9047
:109E4000AF909F908F907F906F905F904F903F90DA
:109E50002F900895D80113968C911397823009F4AE
:109E600021CE51968D919D910D90BC91A02D803E5B
:109E70009F4FAF41B10508F015CEC8010E94FBC647
:109E8000882309F40FCE0E94F1BC882309F40ACE7E
:109E9000D8015996ED91FC915A9714968D909D900A
:109EA000AD90BC901797B2E08B1A9108A108B10849
:109EB000858504C0880C991CAA1CBB1C8A95D2F706
:109EC00086859785A089B189880E991EAA1EBB1E1A
:109ED00081E080933D128092351290923612A092CA
:109EE0003712B0923812E5E3F0E180E092E0DF0152
:109EF0009C011D9221503040E1F7DD24D394D8011C
:109F00005996ED91FC918481D816C0F480913E124F
:109F100090913F12DC01ED91FC910288F389E02DD4
:109F200025E330E1B501A4014D0D511D611D711DE9
:109F30001995882309F4B6CDD394E1CF258580E027
:109F400092E0A0E0B0E004C0880F991FAA1FBB1FD9
:109F50002A95D2F7F8014189528963897489840F5F
:109F6000951FA61FB71F818B928BA38BB48B85E3A4
:109F700090E1D12CB1CE203161F497012F5E3F4F9B
:109F80000E9441C6882329F084E0D70113968C9360
:109F90002BCFD70113961C9285CD1F93CF93DF93C0
:109FA000CDB7DEB76D970FB6F894DEBF0FBECDBF4D
:109FB0001D8E1C8EAC01BE01645E7F4F80E00E944E
:109FC000AC7510E00097A9F019821C826C8D7D8D14
:109FD00021E0AC01CE0101960E942CCD182F8823E0
:109FE00021F0CE0101960E9406CCCE0101960E947E
:109FF0003628812F6D960FB6F894DEBF0FBECDBF09
:10A00000DF91CF911F910895EF92FF921F93CF930D
:10A01000DF9300D000D000D01F92CDB7DEB7809183
:10A02000E31484FF0E943CCC8091E31484FF3CC085
:10A030000E942428811138C08091D91490E08F9615
:10A040009F938F938CEE90E39F938F93CE01019615
:10A050007C019F938F930F9464358091E3140F904C
:10A060000F900F900F900F900F9084FF1DC0C701AD
:10A070000E94CDCF182F8823B9F00E94E0BCC70101
:10A080000E9459C48091D9148F5F8093D914812F75
:10A090002A960FB6F894DEBF0FBECDBFDF91CF91E9
:10A0A0001F91FF90EF9008951092D91410E0EFCF18
:10A0B000CF9321E04CE453E063E075E188EE94E156
:10A0C0000E942CCDC82F882321F088EE94E10E94B5
:10A0D00006CC8C2FCF910895682F70E090E080E03F
:10A0E0000C94AF768F929F92AF92BF92CF92DF92F5
:10A0F000EF92FF92CF936B017C01B42E20E030E011
:10A10000A9010F94CD3587FF07C08DE20E94702F03
:10A11000F7FAF094F7F8F094C0E060E070E080E0C7
:10A120009FE3CB1541F02DEC3CEC4CEC5DE30F9440
:10A130003336CF5FF6CFA70196010F94B13C6B0188
:10A140007C010F94243E4B015C010E94AF76CC232E
:10A1500071F1C501B4010F94D2359B01AC01C70167
:10A16000B6010F94B03C6B017C018EE20E94702F0F
:10A17000C150E8F020E030E040E251E4C701B60110
:10A180000F9433366B017C010F94243E4B015C012C
:10A190000E94AF76C501B4010F94D2359B01AC018A
:10A1A000C701B6010F94B03C6B017C01E1CFCF91A8
:10A1B000FF90EF90DF90CF90BF90AF909F908F90E7
:10A1C0000895EF92FF920F931F93CF937B018A0123
:10A1D000C2E48F3F09F0C4E580E20E94702F8C2F0B
:10A1E0000E94702F8AE30E94702FF70160817181B5
:10A1F0008281938142E00E9472D083E69FE20E94B6
:10A20000772FF801608171818281938142E00E9401
:10A2100072D062E070E080E090E0CF911F910F91EA
:10A22000FF90EF900C9420941F93CF93DF9300D076
:10A2300000D01F921F92CDB7DEB7182F6091CE12BB
:10A240007091CF12072E000C880B990B0F94D43508
:10A250006D837E838F8398878091CA129091CB12F1
:10A26000A091CC12B091CD1289839A83AB83BC8329
:10A27000AE014B5F5F4FBE016F5F7F4F80E80E9472
:10A28000E1D06091A2127091A312072E000C880BEE
:10A29000990B0F94D4356D837E838F83988780913B
:10A2A0009E1290919F12A091A012B091A112898349
:10A2B0009A83AB83BC83AE014B5F5F4FBE016F5F80
:10A2C0007F4F8FEF0E94E1D06091A4121F3F39F0C1
:10A2D0008CE21802F0011124EA53FD4E628570E011
:10A2E0008BE69FE20E949E356091A41270E086E6A4
:10A2F0009FE20E949E3528960FB6F894DEBF0FBEEF
:10A30000CDBFDF91CF911F9108952F923F924F9231
:10A310005F926F927F928F929F92AF92BF92CF92F5
:10A32000DF92EF92FF920F931F93CF93DF93CDB7FE
:10A33000DEB764970FB6F894DEBF0FBECDBF898B32
:10A340006A8B81E080935E021A821B821C821D82CE
:10A3500019861A861B861C861D862CE32E873CE1F7
:10A360003F8746E4488B312C212C50E85B8B8FEBE8
:10A370008C8B198291E09887812C912C54016091EB
:10A38000A2127091A312072E000C880B990B0F9448
:10A39000D4357B018C01232D322D4B895C890F94A0
:10A3A000CD358823B9F020919E1230919F124091B3
:10A3B000A0125091A112A989B701C801A111EEC044
:10A3C0000F94CD35881F8827881F89833E2C2F2C1A
:10A3D0000B8B1C8B0E94BB946B017C01DC01CB01BD
:10A3E00029853A854B855C85821B930BA40BB50BA5
:10A3F000B7FD2EC0D701C60188519C4FAF4FBF4F4C
:10A4000089879A87AB87BC8780E00E9414D183E755
:10A410009FE20E94772F81149104A104B10409F4F2
:10A42000EAC0C501B40168577C4E8F4F9F4F6C192D
:10A430007D098E099F0928EE33E040E050E00F943B
:10A44000113CCA01B9010E9424228AE00E94702FA7
:10A4500080E00E94EC480E94BB9460932D107093A2
:10A460002E1080932F109093301090919E129E8307
:10A47000A0919F12AF830091A0121091A112292FD9
:10A480003A2FA801632D722D8B899C890F94B03CC3
:10A490002B013C0120E030E0A9010F94113F87FF20
:10A4A00004C077FA709477F8709481149104A10431
:10A4B000B10409F0A4C020E030E040E050E4C30162
:10A4C000B2010F94CD3587FF10C0B885812C912C37
:10A4D0005401BB2331F082E8882E86E0982EA12C0F
:10A4E000B12C8C0C9D1CAE1CBF1C29812223A9F110
:10A4F0008A819B81AC81BD81892B8A2B8B2B61F05A
:10A50000D701C6012A813B814C815D81821B930B5F
:10A51000A40BB50BB7FD21C02E813F81A8016D852D
:10A520007E858F8598890F94B03C20E030E040E82C
:10A530005FE30F94CD3587FD35C0D701C601805A42
:10A540009541AF4FBF4F8A839B83AC83BD839E8170
:10A550009D87AF81AE870F87188BBA89BB2339F0EF
:10A5600080916E1810926E18811110925E02809187
:10A570005E028823B9F081149104A104B10461F052
:10A5800028E8C21A23E1D20AE108F108C818D9085C
:10A59000EA08FB08F7FE06C01886F1CE0F94CD3509
:10A5A00087FF23C0B0915E02B983BB2321F01092D4
:10A5B0005E020E94F579898164960FB6F894DEBF39
:10A5C0000FBECDBFDF91CF911F910F91FF90EF9004
:10A5D000DF90CF90BF90AF909F908F907F906F90C3
:10A5E0005F904F903F902F9008953E2C2F2C0B8B17
:10A5F0001C8B1982EFCE8FE30E94702F26CF20E0B4
:10A6000030E040E450E4C301B2010F94113F18164A
:10A610000CF06BCF4601570168CF2F923F924F92BB
:10A620005F926F927F928F929F92AF92BF92CF92E2
:10A63000DF92EF92FF920F931F93CF93DF93CDB7EB
:10A64000DEB765970FB6F894DEBF0FBECDBF898B1E
:10A650006A8B4B8B81E080935E021A821B821C8284
:10A660001D8219861A861B861C861D862CE32E8762
:10A670003CE13F8746E4488B312C212C50E85C8B31
:10A680008FEB8D8B198291E09887812C912C54014E
:10A690006091CE127091CF12072E000C880B990B8F
:10A6A0000F94D4357B018C01232D322D4C895D898B
:10A6B0000F94CD358823B9F02091CA123091CB1276
:10A6C0004091CC125091CD12AA89B701C801A111B5
:10A6D000EEC00F94CD35881F8827881F89833E2CB4
:10A6E0002F2C0C8B1D8B0E94BB946B017C01DC0119
:10A6F000CB0129853A854B855C85821B930BA40B86
:10A70000B50BB7FD2EC0D701C60188519C4FAF4F86
:10A71000BF4F89879A87AB87BC8789890E9414D1EC
:10A720008FE69FE20E94772F81149104A104B10467
:10A7300009F4EAC0C501B4016053784F8F4F9F4FB1
:10A740006C197D098E099F0928EE33E040E050E046
:10A750000F94113CCA01B9010E9424228AE00E9490
:10A76000702F80E00E94EC480E94BB9460932D10F3
:10A7700070932E1080932F10909330109091CA12E6
:10A780009E83A091CB12AF830091CC121091CD1279
:10A79000292F3A2FA801632D722D8C899D890F9442
:10A7A000B03C2B013C0120E030E0A9010F94113FA7
:10A7B00087FF04C077FA709477F87094811491043D
:10A7C000A104B10409F0A4C020E030E040E85FE358
:10A7D000C301B2010F94CD3587FF10C0B885812C1D
:10A7E000912C5401BB2331F08AE9882E82E0982E07
:10A7F000A12CB12C8C0C9D1CAE1CBF1C29812223CA
:10A80000A9F18A819B81AC81BD81892B8A2B8B2BFD
:10A8100061F0D701C6012A813B814C815D81821B99
:10A82000930BA40BB50BB7FD21C02E813F81A8016E
:10A830006D857E858F8598890F94B03C20E030E04F
:10A8400040EC5FE30F94CD3587FD35C0D701C601DD
:10A85000805A9541AF4FBF4F8A839B83AC83BD83A2
:10A860009E819D87AF81AE870F87188BBB89BB23E5
:10A8700039F080916E1810926E18811110925E025C
:10A8800080915E028823B9F081149104A104B1047F
:10A8900061F020EDC21A27E0D20AE108F108C818D9
:10A8A000D908EA08FB08F7FE06C01886F1CE0F9417
:10A8B000CD3587FF23C0B0915E02B983BB2321F061
:10A8C00010925E020E94F579898165960FB6F89420
:10A8D000DEBF0FBECDBFDF91CF911F910F91FF90D3
:10A8E000EF90DF90CF90BF90AF909F908F907F9030
:10A8F0006F905F904F903F902F9008953E2C2F2C9B
:10A900000C8B1D8B1982EFCE8FE30E94702F26CF08
:10A9100020E030E040E450E4C301B2010F94113F65
:10A9200018160CF06BCF4601570168CF8091530287
:10A930008F3708F44EC08F579091D01290936D18B6
:10A94000992309F444C02C9A2091A41220936C18E6
:10A9500090910201211190959072909300012091A5
:10A96000301730E03595279520936B1890910201B0
:10A97000232B09F090959074909300018F5F809342
:10A98000530280916A1891E0892780936A18809118
:10A990005202980F85300CF090E0823009F47AC0B2
:10A9A0006CF5882309F440C0813009F467C09093A6
:10A9B00052020F94060480918707909188070097B0
:10A9C00029F00197909388078093870708952C9822
:10A9D000BBCF90916D18891708F02C9890916C1846
:10A9E000891728F090910201907290930001909144
:10A9F0006B18891718F290910201BDCF843009F4C9
:10AA000061C00CF45AC0853091F62091691821116B
:10AA100002C08093691880916918815080936918E9
:10AA2000882329F295E0C3CF809151028F5F803156
:10AA30001CF480935102BBCF109251028091681890
:10AA4000811113C02091C6123091C7123093C912E0
:10AA50002093C81220919A1230919B1230939D122C
:10AA600020939C1281E0809368181092C712109274
:10AA7000C61210929B1210929A1299CF88E080937E
:10AA80007B0085E480937C0080917A0080648093D1
:10AA90007A008DCF80917A0086FD27C040917800A2
:10AAA000509179002091C6123091C712240F351FA2
:10AAB0003093C7122093C6127ACF88E080937B0030
:10AAC00086E4E0CF80917A0086FD11C04091780045
:10AAD0005091790020919A1230919B12240F351FCA
:10AAE00030939B1220939A1262CF92E060CF94E051
:10AAF0005ECF0F930FB70F9300916E000D7F009301
:10AB00006E0078940F930BB70F930CB70F921F92B0
:10AB10002F933F934F935F936F937F938F939F9365
:10AB2000AF93BF93EF93FF9311240E9496D4FF91AC
:10AB3000EF91BF91AF919F918F917F916F915F91B5
:10AB40004F913F912F911F900F900CBF0F910BBF12
:10AB50000F910260F89400936E000F910FBF0F9158
:10AB60001895CF93DF93C6ECD2E1198618860E9420
:10AB700051C01A862C98CAE9D2E1198618860E941B
:10AB8000E1281A8680910201807280930001DF9192
:10AB9000CF910895CF92DF92EF92FF920F931F9380
:10ABA000CF93DF93CDB7DEB72C970FB6F894DEBF07
:10ABB0000FBECDBF182F6B017A018091FD17833036
:10ABC00090F00E94C130C6010E94772F86E39EE27A
:10ABD0000E94772F1F3F51F582E39EE20E94772F5C
:10ABE0008AE00E94702F0E94B1D5A89580915218DA
:10ABF00081114FC081E08093521882E08093FD174D
:10AC00000E94B1D505E1015019F1A895409A69E17A
:10AC100070E080E090E00E942094409860E570E051
:10AC200080E090E00E942094A895EDCF17FDD8CF4A
:10AC300080E39EE20E94772F612F012E000C770B9C
:10AC4000880B990B0E9481798AE00E94702FC8CFEF
:10AC5000409A87E00F94AA14811111C08CE0E9E2B8
:10AC6000F3E0DE01119601900D928A95E1F7BE01A5
:10AC70006F5F7F4F80E00F94AD1A0E9459F869E230
:10AC80007EE21F3F11F06DE27EE240E0C7010E94CC
:10AC900017392C960FB6F894DEBF0FBECDBFDF91EB
:10ACA000CF911F910F91FF90EF90DF90CF9008957B
:10ACB0002F923F924F925F926F927F928F929F92CC
:10ACC000AF92BF92CF92DF92EF92FF920F931F93BA
:10ACD000CF93DF9300D000D01F92CDB7DEB79F8314
:10ACE0008E831B016A01298381E090E02F3F11F0E0
:10ACF00090E080E025E0289FF001299FF00D1124CD
:10AD0000E659F34F8481882309F4A9C0AE81BF813D
:10AD100014961C921497FD011582168217821086D4
:10AD2000EE81FF8184818230B9F0833009F41EC145
:10AD3000813009F07BC02581368147815085D10162
:10AD40006D917D918D919C910F94CD3587FD6EC055
:10AD500082E0EE81FF818483C701FF0CAA0BBB0B4D
:10AD60008A839B83AC83BD83998191112EC080918E
:10AD7000440D882339F1D101CD90DD90ED90FC9008
:10AD8000EE81FF8185809680A780B0846A817B8177
:10AD90008C819D810F94D4352B013C0120E030E063
:10ADA00040E85EE30F9433369B01AC01C501B4016A
:10ADB0000F94B03C9B01AC01C701B6010F94113F49
:10ADC00087FD7BC080E8809350020E94BB946B019A
:10ADD0007C016A817B818C819D810F94D4359B019C
:10ADE000AC01AE81BF8115966D917D918D919C9145
:10ADF00018970F94B03C9B01AC01F1016081718107
:10AE0000828193810F94113F87FDA2C09801A8EE23
:10AE1000B3E00F94653CC60ED71EE81EF91EAE8146
:10AE2000BF81CD92DD92ED92FC92139727960FB6DB
:10AE3000F894DEBF0FBECDBFDF91CF911F910F9170
:10AE4000FF90EF90DF90CF90BF90AF909F908F904A
:10AE50007F906F905F904F903F902F900895D60114
:10AE60008D909D90AD90BC90A5019401EE81FF81E5
:10AE700065817681878190850F94CD35882309F48B
:10AE80004FCFAE81BF8115968D929D92AD92BC92AF
:10AE90001897BB24B39420E030E0A901F60160814B
:10AEA0007181828193810F94113F18160CF0B12C9F
:10AEB000AE81BF811496BC9233CF23E830EC4AEACE
:10AEC0005EE3C301B2010F9433369B01AC01C501AF
:10AED000B4010F94B03C9B01AC01C701B6010F94C3
:10AEE000113F87FD02C080E66ECF20E030E040E0F9
:10AEF0005FE3C301B2010F9433369B01AC01C5017E
:10AF0000B4010F94B03C9B01AC01C701B6010F9492
:10AF1000113F87FD02C080E456CF2DEC3CEC4CE4A1
:10AF20005FE3C301B2010F9433369B01AC01C5014D
:10AF3000B4010F94B03C9B01AC01C701B6010F9462
:10AF4000113F87FD02C080E23ECF109250023DCFFC
:10AF5000EE81FF8180819181A281B381C81AD90AD3
:10AF6000EA0AFB0AF7FC62CF83E0848343E45FE2F2
:10AF700063E57FE2898127960FB6F894DEBF0FBEA6
:10AF8000CDBFDF91CF911F910F91FF90EF90DF9098
:10AF9000CF90BF90AF909F908F907F906F905F9079
:10AFA0004F903F902F900C94CAD544E55EE261E645
:10AFB0007EE20C94CAD5CF93DF93A8958091C812F6
:10AFC0009091C9120E9463816093CA127093CB1250
:10AFD0008093CC129093CD1280919C1290919D12EF
:10AFE0000E9437BF60939E1270939F128093A012AD
:10AFF0009093A112C091C812D091C91280915802A9
:10B0000090915902C817D90718F480E00E94D5D74B
:10B010008091CE129091CF121816190674F4809177
:10B020005602909157028C179D0738F444E25FE274
:10B0300061E37FE280E00E94CAD5209170183091D0
:10B04000711880919C1290919D128217930718F4A9
:10B050008FEF0E94D5D78091A2129091A31218165B
:10B060001906A4F4209154023091550280919C124B
:10B0700090919D122817390748F444E25FE261E39A
:10B080007FE28FEFDF91CF910C94CAD5DF91CF9102
:10B0900008958F929F92AF92BF92CF92DF92EF92DC
:10B0A000FF920F931F93CF93DF9300D01F92CDB7E2
:10B0B000DEB78091FD17811112C0A8950F900F90F7
:10B0C0000F900F90DF91CF911F910F91FF90EF9014
:10B0D000DF90CF90BF90AF909F908F900895809118
:10B0E00067188111EBCF81E08093671880912F174B
:10B0F000882339F041E070E060E086E99EE20E943A
:10B10000173980912E17882359F010922E170E941C
:10B1100060FD0E9459F88EEF0F9432020F94BE0228
:10B1200080912D17882359F010922D178091E314E8
:10B1300080688093E31481E99EE20E947B6A80919B
:10B140006818811103C010926718B8CF0E94DBD72E
:10B15000109268180E94BB944B015C0160915C02E4
:10B1600070915D02072E000C880B990B0F94D4355B
:10B170009B01AC016091CA127091CB128091CC12EC
:10B180009091CD120F94113F18161CF480E00E948C
:10B19000D5D780916E0C811119C080916A0C909165
:10B1A0006B0CA0916C0CB0916D0C0097A105B105D2
:10B1B00069F0A5019401281B390B4A0B5B0BDA01DE
:10B1C000C901B7FD03C081E080936E0C6091CE127F
:10B1D0007091CF12072E000C880B990B0F94D43569
:10B1E00069837A838B839C833AE0E32EF12C0CE312
:10B1F00010E020E0AE014F5F5F4F6AEC72E188E83B
:10B2000092E10E9458D6C090CA12D090CB12E09022
:10B21000CC12F090CD1260915A0270915B02072E11
:10B22000000C880B990B0F94D4359B01AC01C7011E
:10B23000B6010F94113F18160CF0D5C060915C0256
:10B2400070915D02072E000C880B990B0F94D4357A
:10B250009B01AC01C701B6010F94CD3587FFC3C078
:10B2600080916E0C90915F18911109C026EC32E12B
:10B2700030935E1820935D1891E090935F188111D0
:10B28000AEC08DE598E10E94C0BD0F941D3E75953E
:10B2900067956093D0128091331790913417A091E5
:10B2A0003517B09136170097A105B105F1F0A5014A
:10B2B0009401281B390B4A0B5B0BDA01C901B7FD5E
:10B2C00014C06091CA127091CB128091CC129091EF
:10B2D000CD120F941D3E2091311730913217621715
:10B2E00073070CF482C00E9451C020E030E046E1B8
:10B2F00053E460919E1270919F128091A0129091E0
:10B30000A1120F94113F18161CF48FEF0E94D5D78D
:10B310008091291790912A17A0912B17B0912C1783
:10B320000097A105B105F1F0A5019401281B390B87
:10B330004A0B5B0BDA01C901B7FD14C060919E1284
:10B3400070919F128091A0129091A1120F941D3EB6
:10B350002091271730912817621773070CF44DC0FE
:10B360000E94E1288091730C811115C080916F0CAF
:10B370009091700CA091710CB091720C0097A10586
:10B38000B10549F0881A990AAA0ABB0AB7FC03C09A
:10B3900081E08093730C6091A2127091A312072E2A
:10B3A000000C880B990B0F94D43569837A838B83B7
:10B3B0009C8392E0E92EF12C02E310E02FEFAE0126
:10B3C0004F5F5F4F6EE972E181E992E10E9458D6CA
:10B3D0008091730C8823D9F11092A412B4CE60E04E
:10B3E00070E0CB0152CF60E054CF43E75EE262E809
:10B3F0007EE280E00E94CAD578CF43E75EE262E851
:10B400007EE28FEF0E94CAD5ADCF20E030E046E16A
:10B4100053E4C701B6010F94CD35181654F180914D
:10B420005518811109C08AE992E1909354188093CC
:10B43000531881E08093551883E598E10E94C0BDC0
:10B440000F941D3E759567956093A4127CCEC090B5
:10B450009E12D0909F12E090A012F090A11220E0D6
:10B4600030E040EA50E4C701B6010F94113F87FF76
:10B47000CCCF60E0E9CF2F923F924F925F926F92D4
:10B480007F928F929F92AF92BF92CF92DF92EF9274
:10B49000FF920F931F93CF93DF93CDB7DEB7CA55BB
:10B4A000D1090FB6F894DEBF0FBECDBF7C01162FB9
:10B4B0004FAF25962FAF25970E94BB946F87788B4F
:10B4C000898B9A8B1F3F09F043C024EB30E03A830D
:10B4D00029830E943F7A1F3F09F407C2C12E012E23
:10B4E000000CDD08F60143E0EE0FFF1F4A95E1F77F
:10B4F000EA5AFD4F868197810F978E159F050CF0B4
:10B500007EC38CE19EE20E94772F8DEF9DE20E9428
:10B51000772F0E943F7A86ED9DE2C65ADF4F0FB625
:10B52000F894DEBF0FBECDBFDF91CF911F910F9179
:10B53000FF90EF90DF90CF90BF90AF909F908F9053
:10B540007F906F905F904F903F902F900C940A39AE
:10B550004CE350E05A834983BCCF3090CA1200912B
:10B56000CB12E091CC126796EFAF6797F091CD12B6
:10B570006696FFAF669796C22496EEADFFAD249710
:10B58000808306C3FBEE4F2E512C612C712CAEC371
:10B5900084E190E0A0E0B0E08B8B9C8BAD8BBE8B08
:10B5A000E4E14E2E512C612C712CB0C34B8A5C8A85
:10B5B0006D8A7E8AABC32496EEADFFAD249780835F
:10B5C00087C4D701C6012AA93BA94CA95DA9821B42
:10B5D000930BA40BB50BB7FD5DC0812F17FD80E069
:10B5E0000E9414D18AE00E94702FD701C6018053B7
:10B5F000984FAF4FBF4F8AAB9BABACABBDAB9DA5DC
:10B60000911196C02AAD3BAD4CAD5DAD632D702F51
:10B6100067968FAD679766969FAD66970F94113FBB
:10B6200018160CF071C020E030E040E050E4632DCB
:10B63000702F67968FAD679766969FAD66970F944C
:10B64000B13C6AAF7BAF8CAF9DAF2EA53FA548A99B
:10B6500059A92C0D3D1D4E1D5F1D2EAB3FAB48AFB4
:10B6600059AF65966CAD7DAD8EAD9FAD65970F946E
:10B67000D4359B01AC0181E08DA7632D702F6796B7
:10B680008FAD679766969FAD66970F94113F18161A
:10B690000CF01DA68F859889A989BA896B968CAF05
:10B6A0009DAFAEAFBFAF6B972F89388D498D5A8D47
:10B6B000281739074A075B0730F46B962CAF3DAF6C
:10B6C0004EAF5FAF6B976B968CAD9DADAEADBFAD22
:10B6D0006B97C81AD90AEA0AFB0A91E8C9169FE4CF
:10B6E000D90692E1E906F104E8F10E943F7A85E08B
:10B6F0009DE20E940A3988EF9CE20E94772F86EE35
:10B700009CE20E94772F76C2D701C6012EA93FA9DD
:10B7100048AD59AD821B930BA40BB50B43E75EE21A
:10B7200062E87EE2B7FDB6CF812F0E94CAD5B2CFC4
:10B7300061966CAD7DAD8EAD9FAD61970F94D435A4
:10B74000232D302F67964FAD679766965FAD66974E
:10B750000F94113F18160CF09DCF43E45FE263E5B0
:10B760007FE2E2CF2296AEADBFAD2297ED81FE81A2
:10B77000AE17BF070CF0B6C033970CF4B3C089ED19
:10B780009CE20E94772F88E89CE20E94772F88E74E
:10B790009CE20E940A391F3F09F086C028E63CE27D
:10B7A0003A83298386E59CE20E94772F89819A81DA
:10B7B0000E94772F4F81588569857A8584E79CE2BE
:10B7C0000E940D3386E59CE20E94772F89819A8141
:10B7D0000E94772F48A159A16AA17BA180E79CE232
:10B7E0000E940D3386E59CE20E94772F89819A8121
:10B7F0000E94772FB501A4018CE69CE20E940D33D4
:10B8000025965FAD25975523A1F12CEA35EC47E24B
:10B810005EE3C501B4010F94AB3D6B017C012CEAE2
:10B8200035EC47E25EE368A179A18AA19BA10F9460
:10B8300033362F81388549855A851F3FD1F12093B2
:10B84000E6123093E7124093E8125093E9126093A6
:10B85000EA127093EB128093EC129093ED12C09267
:10B86000EE12D092EF12E092F012F092F1120E94DA
:10B870004323C65ADF4F0FB6F894DEBF0FBECDBFCD
:10B88000DF91CF911F910F91FF90EF90DF90CF90BC
:10B89000BF90AF909F908F907F906F905F904F90F0
:10B8A0003F902F900C943F7A47E65CE25A8349839D
:10B8B00079CF2093BA123093BB124093BC125093AD
:10B8C000BD126093BE127093BF128093C01290930A
:10B8D000C112C092C212D092C312E092C412F0926E
:10B8E000C512C7CF0F94621BB9C03DE8E316F1043F
:10B8F0000CF007CE89EC9DE20E94772F81EC9DE24F
:10B900000E94772F0E94B1D58FE78093A4122981DE
:10B910003A81A8EEB3E00F94653C6EA77FA788AB91
:10B9200099ABDC01CB012F85388949895A89820F6F
:10B93000931FA41FB51F8EAB9FABA8AFB9AF60E03C
:10B9400086EB9DE20F94080A81E080935E028F856A
:10B950009889A989BA898F8B988FA98FBA8F8AAB5A
:10B960009BABACABBDAB812C912C540188A299A2AE
:10B97000AAA2BBA28F829886A986BA862FE730E05A
:10B9800040E050E02B8B3C8B4D8B5E8B198230E47A
:10B990003B874CE14E8F56E45F8F212C1B8E1C8E13
:10B9A0001D8E3FE7432E512C612C712C1DA68AAEB3
:10B9B0009BAEACAEBDAE19A61AA61BA61CA681E016
:10B9C00088A71E821D82312C00E067961FAE679704
:10B9D00066961FAE669797010F2C000C440B550B13
:10B9E00029962CAF3DAF4EAF5FAF29974FAD042ED8
:10B9F000000C550B22965FAF4EAF22975CE215020A
:10BA0000C0011124DC01A053BD4E2496BFAFAEAFE0
:10BA10002497C7014E969C01092E000C440B550B30
:10BA20002D962CAF3DAF4EAF5FAF2D97CC979C01BD
:10BA3000990F440B550B61962CAF3DAF4EAF5FAFE6
:10BA4000619736E0E31AF108C701FF0CAA0BBB0BA4
:10BA500065968CAF9DAFAEAFBFAF659780915E022C
:10BA6000882309F4C7C00E94BB946B017C019091AC
:10BA700068189EAF992309F49BC00E94DBD71092EF
:10BA800068181F3F09F069CD30909E1200919F12F7
:10BA9000A091A0126796AFAF6797B091A11266967A
:10BAA000BFAF6697222D3B8D4C8D5D8D632D702F22
:10BAB00067968FAD679766969FAD66970F94113F17
:10BAC000181654F4232C0B8F67962FAD67972C8F85
:10BAD00066963FAD66973D8F29813B854E8D5F8D84
:10BAE000632D702F67968FAD679766969FAD6697AB
:10BAF0000F94CD3587FF0AC039820B8767964FAD0B
:10BB000067974E8F66965FAD66975F8F29966CAD8F
:10BB10007DAD8EAD9FAD29970F94D4356CA37DA3D9
:10BB20008EA39FA388A5882309F47EC09B014EA104
:10BB3000592F632D702F67968FAD679766969FADCF
:10BB400066970F94113F18169CF5B701A6018F89CF
:10BB5000988DA98DBA8D481B590B6A0B7B0BDB01A5
:10BB6000CA0188589341A109B109B7FD21C08B8949
:10BB70009C89AD89BE8984199509A609B709B5952F
:10BB8000A795979587951F3F09F0F6CC8093A4124F
:10BB900049A75AA76BA77CA72CA0FDA1FB8F2EA1BC
:10BBA0002C8F3FA13D8FCF86D88AE98AFA8A18A6C2
:10BBB0002D966CAD7DAD8EAD9FAD2D970F94D43588
:10BBC000232D302F67964FAD679766965FAD6697CA
:10BBD0000F94CD3587FFF5CC8EE39DE20E94772F41
:10BBE0008FE19DE20E94772F0E943F7A86ED9DE2D1
:10BBF0000E940A3910925E020E94B1D53ACE89ECB9
:10BC00009DE20E94772F81EC9DE20E94772F0E9497
:10BC1000B1D58CE28C9DF0018D9DF00D1124EA537D
:10BC2000FD4E8FE7828773CE2CA13DA14EA15FA16F
:10BC3000632D702F67968FAD679766969FAD669759
:10BC40000F94CD3587FFB4CFD701C6012F85388932
:10BC500049895A89821B930BA40BB50BAC01BD011A
:10BC6000485853416109710977FDA2CF4D815E812A
:10BC7000452B09F41CC129A53AA54BA55CA5280FA5
:10BC8000391F4A1F5B1F2F8B388F498F5A8F29A569
:10BC90003AA54BA55CA5281B390B4A0B5B0BC301CE
:10BCA000B2010F94013C2F89388D498D5A8D0F9424
:10BCB000333C4B885C886D887E88420E531E641E20
:10BCC000751E34E143165104610471040CF460CC18
:10BCD0004CEE44165104610471040CF053CC50E84E
:10BCE00045165104610471040CF460CC4B8A5C8AE3
:10BCF0006D8A7E8A8EEF90E0A0E0B0E09C01AD01FD
:10BD0000241935094609570929013A018EEA9DE2AD
:10BD10000E94772F6B897C898D899E890E942422BD
:10BD200089EA9DE20E94772FC301B2010E9424227A
:10BD300049815B856E8D7F8D82EA9DE20E94233270
:10BD4000422D5B8D6C8D7D8D8BE99DE20E942332AF
:10BD5000AD81BE8113970CF4AAC0C301B2010F9448
:10BD6000D43520E030E040E850E40F9433364B0106
:10BD70005C0129813B854E8D5F8D622D7B8D8C8D85
:10BD80009D8D0F94B03C2BED3FE049E450E40F94BF
:10BD9000333620E030E040E05FE30F9433369B0120
:10BDA000AC01C501B4010F94AB3D6B877C878D87D7
:10BDB0009E876F89788D898D9A8D0F94D4352FE663
:10BDC00032E143E85AE30F94333669837A838B83F5
:10BDD0009C831E3F59F02AE939E949E15FE3812C50
:10BDE000912CA12C6EE3B62E1F3F59F42DEC3CECA8
:10BDF0004CE45EE37BEA872E7AEA972EA92C7EE359
:10BE0000B72E6B857C858D859E850F9433366F8329
:10BE1000788789879A879B01AC010F94B13C29816F
:10BE20003A814B815C810F94AB3D68A379A38AA3CF
:10BE30009BA329813A814B815C816F8178858985BB
:10BE40009A850F943336A50194010F9433364B0134
:10BE50005C014B855C856D857E8585E99DE20E9450
:10BE6000233249815A816B817C818FE89DE20E9457
:10BE70000D3380E89DE21E3F10F481E79DE20E94B1
:10BE8000772F4F81588569857A858BE69DE20E94E0
:10BE9000233248A159A16AA17BA185E69DE20E94B7
:10BEA0002332B501A4018FE59DE20E940D338B89F9
:10BEB0009C89AD89BE89840D951DA61DB71DB595BC
:10BEC000A795979587951F3F09F075CB8093A4128E
:10BED0002296FFAD2297FF932FAD2F933E813F9384
:10BEE0004D814F938BE49DE29F938F9386E59DE276
:10BEF0009F938F931F920E94797B8D819E810196E3
:10BF00009E838D830FB6F894DEBF0FBECDBFBCA15C
:10BF1000B983EDA1EB87FEA1FE8F2FA12F8FCF8AD2
:10BF2000D88EE98EFA8E3EAD38A742CECF92DF9200
:10BF3000EF92FF92CF93DF93EC01C880D980EA8023
:10BF4000FB808CE49CE20E94772FC701B6010E941F
:10BF50002422CC80DD80EE80FF8088EA90E20E947F
:10BF6000772FC701B6010E942422C884D984EA84AD
:10BF7000FB8484EA90E20E94772FC701B6010E94F9
:10BF800024228AE0DF91CF91FF90EF90DF90CF9055
:10BF90000C94702FCF93C82F0E94EEFB94E0C99FA2
:10BFA00090011124F901E55FF84E295E384ED90160
:10BFB0004D915D916D917C91408351836283738338
:10BFC00091E090930A17882319F0CF910C94E52BF8
:10BFD000CF910895FC0190E1A7E1B7E101900D92A6
:10BFE0009A95E1F70895BC012091501830915118AD
:10BFF00040915018509151182417350731F481E0C1
:10C000002617370709F080E008959A01F1CF6132D1
:10C0100071058105910538F4ECE4F8E265917491BD
:10C0200090E080E00895AB01BC01405251096109E4
:10C030007109411528E0520761057105C8F024E037
:10C04000529FC0011124845B9B4DFC0132962591C7
:10C050003491FC0185919491AA27439FF001429F5E
:10C06000000CE11DFA1F11248E1B9F0BBC01D8CFC1
:10C07000DB01CA01B695A795979587958C7F9C01A2
:10C08000245B374DF90185919491F9013296A59180
:10C09000B49147704A9F90014B9F300D112443E0AB
:10C0A000369527954A95E1F7821B930BDFCF0F93C7
:10C0B0000FB70F9300916E000F930D7F00936E00EA
:10C0C00000916F000D7F00936F000F930BB70F93DC
:10C0D0000CB70F921F922F933F934F935F936F93E1
:10C0E0007F938F939F93AF93BF93EF93FF9311240D
:10C0F0000E94F8E0FF91EF91BF91AF919F918F91D6
:10C100007F916F915F914F913F912F911F900F9071
:10C110000CBF0F910BBF0F910260F89400936F005A
:10C120000F9100936E000F910FBF0F9118958091A2
:10C13000FE17877F8093FE17129A81E00895129868
:10C140008091FE1788608093FE17089521E030E00B
:10C15000082E02C0220F331F0A94E2F72095309573
:10C160009091FE1729232093FE17813061F020F073
:10C17000823071F081E008955F9A8091810C8E7F0A
:10C180008093810CF7CF8A9A8091810C8D7FF8CFB4
:10C190008091080180958170809306018091810CC7
:10C1A0008B7FEECF80E00E94A6E081E00E94A6E0B7
:10C1B00082E00E94A6E00C9497E0813089F070F054
:10C1C000823081F021E030E001C0220F8A95EAF749
:10C1D0008091FE17822B8093FE1708955F98F2CF0F
:10C1E0008A98F0CF90910801917090930601EACF60
:10C1F0002F923F924F925F926F927F928F929F9277
:10C20000AF92BF92CF92DF92EF92FF920F931F9364
:10C21000CF93DF93CDB7DEB767970FB6F894DEBF45
:10C220000FBECDBF8FEF9FEF909389008093880062
:10C230002AE02983312C212C789480914C189091FC
:10C240004D18A0914E18B0914F18892B8A2B8B2B2B
:10C2500009F029C280910A17882371F18091501842
:10C260009091511810920A17892B09F41CC2109250
:10C270005118109250181092091790910313809141
:10C280000413981731F0809104138F5F87708093A7
:10C2900004134FEF5FEFBA0140934C0250934D02ED
:10C2A00060934E0270934F024093480250934902AC
:10C2B00060934A0270934B028091501890915118EC
:10C2C000892B09F4F0C140914818509149186091A8
:10C2D0004A1870914B188091441890914518A0917C
:10C2E0004618B0914718481759076A077B0708F0A6
:10C2F000DAC100916D0710E030E020E0841B950B5F
:10C30000A60BB70B081719072A073B0710F4D9012A
:10C31000C8018E8B840F951FA61FB71F80934818E6
:10C3200090934918A0934A18B0934B1877247394AC
:10C3300000910718109108182091091830910A18D7
:10C340008091171890911818A0911918B0911A1887
:10C35000080F191F2A1F3B1F009317181093181856
:10C360002093191830931A1837FD18C080910318BC
:10C3700090910418A0910518B09106184801590130
:10C38000881A990AAA0ABB0AD501C4018093171812
:10C3900090931818A0931918B0931A1840910B187D
:10C3A00050910C1860910D1870910E1880911B1807
:10C3B00090911C18A0911D18B0911E18480F591F7C
:10C3C0006A1F7B1F40931B1850931C1860931D1805
:10C3D00070931E1877FD18C080910318909104186F
:10C3E000A0910518B09106185A016B01A81AB90A54
:10C3F000CA0ADB0AD601C50180931B1890931C184A
:10C40000A0931D18B0931E18C0900F18D09010184C
:10C41000E0901118F090121880911F189091201838
:10C42000A0912118B09122188C0D9D1DAE1DBF1D2D
:10C4300080931F1890932018A0932118B09322186E
:10C44000B7FD18C0C0900318D0900418E0900518EC
:10C45000F09006184C015D018C189D08AE08BF08CD
:10C4600075016401C0921F18D0922018E092211823
:10C47000F09222188090131890901418A09015181C
:10C48000B0901618C0902318D0902418E09025186A
:10C49000F0902618C80CD91CEA1CFB1CC09223186B
:10C4A000D0922418E0922518F0922618F7FC55C077
:10C4B0008090031890900418A0900518B09006186A
:10C4C000C818D908EA08FB08C0922318D09224188B
:10C4D000E0922518F0922618C0905018D09051186C
:10C4E000E6E4CE0ED11CF601C080D180E280F3805C
:10C4F000CD28CE28CF2809F45FC180902E18082CB3
:10C50000000C9908AA08BB08C0902317D0902417E4
:10C51000E0902517F0902617C818D908EA08FB08FC
:10C52000C0922317D0922417E0922517F092261775
:10C53000C0903818D0903918E0903A18F0903B1815
:10C54000F1E0CF1AD108E108F108C0923818D09272
:10C550003918E0923A18F0923B18F12C711004C08F
:10C56000C0908400D090850037FD1CC040902B18EF
:10C57000042C000C550866087708809017179090D7
:10C580001817A0901917B0901A17840C951CA61CA8
:10C59000B71C8092171790921817A0921917B09293
:10C5A0001A17889A77FD1CC040902C18042C000C98
:10C5B00055086608770880901B1790901C17A0906C
:10C5C0001D17B0901E17840C951CA61CB71C8092DA
:10C5D0001B1790921C17A0921D17B0921E178E9ACF
:10C5E000B7FD21C040902D18042C000C550866089A
:10C5F000770880901F1790902017A0902117B09077
:10C600002217840C951CA61CB71C80921F179092B1
:10C610002017A0922117B0922217F0910B01F095EC
:10C62000F870F0930901FF20E1F040902E18042CDF
:10C63000000C5508660877088090231790902417FF
:10C64000A0902517B0902617840C951CA61CB71C2B
:10C650008092231790922417A0922517B092261744
:10C66000149AC0908400D0908500C0908400D0902F
:10C67000850037FF889877FF8E98B7FD05C08091B9
:10C680000B01887080930901F11014988E8888201E
:10C6900021F080918400909185002E8921502E8B6D
:10C6A000712C211145CE80914C0290914D02A091A8
:10C6B0004E02B0914F020097A105B10509F07FC06D
:10C6C00040912718509128186091291870912A18C4
:10C6D0008091FF1790910018A0910118B091021855
:10C6E000840F951FA61FB71F8093271890932818B3
:10C6F000A0932918B0932A18B7FD4DC040912E1869
:10C70000042E000C550B660B770B0091231710912C
:10C7100024172091251730912617040F151F261F67
:10C72000371F009323171093241720932517309356
:10C730002617009138181091391820913A18309125
:10C740003B18400F511F621F731F409338185093BE
:10C75000391860933A1870933B1840910318509120
:10C7600004186091051870910618841B950BA60B90
:10C77000B70B8093271890932818A0932918B0938B
:10C780002A18149A809184009091850080918400E9
:10C790009091850014988091480290914902A0914F
:10C7A0004A02B0914B0280934C0290934D02A093A9
:10C7B0004E02B0934F0208C0FF24F394CFCE8F3FB8
:10C7C0009F4FAF4FBF4F39F380903F029090400290
:10C7D000A0904102B09042028A829B82AC82BD82CC
:10C7E00089288A288B2809F055C0A0903110B09074
:10C7F0003210BF8AAE8AA114B10409F43AC0109174
:10C800000901127082E00E94DDE0000080910B01BE
:10C810001A141B040CF080958270809309010000AB
:10C8200080910B01809588708093090100C0000001
:10C830008EE090E00197F0F780910B018870809373
:10C840000901000080910B01111180958270809385
:10C8500009010000CE88DF8880913110909132105C
:10C860001C141D040CF0E2C00197909332108093C9
:10C8700031100E94EB2B882309F4DAC080ED97E099
:10C88000A0E0B0E080933F0290934002A093410269
:10C89000B093420280914C1890914D18A0914E187F
:10C8A000B0914F18892B8A2B8B2B09F027C38090CE
:10C8B0005018909051189F8A8E8A8114910409F41F
:10C8C000AEC08091481890914918A0914A18B09133
:10C8D0004B1840914418509145186091461870913A
:10C8E000471884179507A607B70708F4A5C08091D5
:10C8F0009D07882309F46DC0F40185899689A7896D
:10C90000B08D892B8A2B8B2BA1F4818D928DA38DD9
:10C91000B48D892B8A2B8B2B61F4858D968DA78DF9
:10C92000B0A1892B8A2B8B2B21F48091590C882361
:10C93000B1F1AE89BF8991966D917D918D919C9158
:10C940009497C090FB16D090FC16E090FD16F090E6
:10C95000FE16AB5BBF4F2C9123FF07C090958095CF
:10C96000709561957F4F8F4F9F4F0F94D4352091D5
:10C97000291030912A1040912B1050912C100F94B7
:10C9800033369B01AC01C701B6010F94B03C6093F4
:10C99000FB167093FC168093FD169093FE16809103
:10C9A00004178730B1F48091031780FF10C0809185
:10C9B000FF1690910017A0910117B0910217809374
:10C9C000FB169093FC16A093FD16B093FE161092E2
:10C9D0000317109251181092501810920917909145
:10C9E000031380910413981731F0809104138F5F23
:10C9F00087708093041388248A94982C5401809221
:10CA00004C0290924D02A0924E02B0924F02809240
:10CA1000480290924902A0924A02B0924B0220ED45
:10CA2000822E27E0922EA12CB12C94C001961DCF0E
:10CA30008FEF9FEFDC0126CF4091401850914118B5
:10CA40006091421870914318481759076A077B078D
:10CA500008F497C480913C1890913D18A0913E181D
:10CA6000B0913F18EE89FF8945A956A967A970AD15
:10CA700084179507A607B70708F07AC40097A105A1
:10CA8000B10509F010C3C0900517D0900617E090CB
:10CA90000717F0900817C701B6010E9469934B0170
:10CAA0005C0180913C1890913D18A0913E18B09186
:10CAB0003F18880D991DAA1DBB1D80933C189093AB
:10CAC0003D18A0933E18B0933F18E0915018F09194
:10CAD0005118FF8BEE8BEA5BFF4F80819181A28121
:10CAE000B3810097A105B105A9F1EE89FF89E55B46
:10CAF000FF4F0081118130E020E0409038185090C5
:10CB0000391860903A1870903B184016510662062A
:10CB100073061CF080E090E0DC01BC01CD016C0DDF
:10CB20007D1D8E1D9F1D0E9407E02E893F89265B7B
:10CB30003F4FD9012C9104C0660F771F881F991FA2
:10CB40002A95D2F7609348027093490280934A0273
:10CB500090934B028091501890915118892B09F0B5
:10CB6000C5C10E94B9FB9093511880935018892B2E
:10CB700009F4BCC1C0905018D0905118DF8ACE8AF9
:10CB8000D6018C9183FF02C00C9461ECF601E05A4F
:10CB9000FF4F80819181A281B38180934D0C90934E
:10CBA0004E0CA0934F0CB093500C80E13496A9EA40
:10CBB000BBE001900D928A95E1F7EE89FF89058926
:10CBC00016892789308D81E0011511052105310570
:10CBD00009F480E0AE89BF8959964D905D906D90C3
:10CBE0007C905C97411451046104710411F00C9421
:10CBF0008EECAE89BF895D968D909D90AD90BC9076
:10CC0000909781149104A104B10409F08460809389
:10CC1000091710922F181092301810923118109294
:10CC2000321810923C1810923D1810923E18109233
:10CC30003F18EE89FF89C5A0D6A0E7A0F0A4C09256
:10CC40004418D0924518E0924618F09247184427AD
:10CC50005527BA014C195D096E097F0940932718C1
:10CC6000509328186093291870932A184093171826
:10CC7000509318186093191870931A1840931B1842
:10CC800050931C1860931D1870931E1840931F1822
:10CC90005093201860932118709322184093231802
:10CCA00050932418609325187093261841A152A11F
:10CCB00063A174A1440F551F661F771F000F111F3A
:10CCC000221F331F00930718109308182093091888
:10CCD00030930A18440C551C661C771C40920B18A4
:10CCE00050920C1860920D1870920E18880C991CB6
:10CCF000AA1CBB1C80920F1890921018A0921118B9
:10CD0000B09212184093131850931418609315188A
:10CD100070931618CC0CDD1CEE1CFF1CC09203187F
:10CD2000D0920418E0920518F09206181092481854
:10CD30001092491810924A1810924B1881A592A58A
:10CD4000A3A5B4A58093401890934118A0934218CE
:10CD5000B093431885A596A5A7A5B0A980933418CC
:10CD600090933518A0933618B0933718EA5BFF4FAD
:10CD700080819181A281B381892B8A2B8B2BA1F099
:10CD8000EE89FF89E65BFF4F808104C0440F551F89
:10CD9000661F771F8A95D2F74093FF1750930018AC
:10CDA00060930118709302182E893F892B5B3F4FC7
:10CDB000D9018C919091AF17891721F08093AF170B
:10CDC0000E9419C00F94060488248A94982C540158
:10CDD0008092440290924502A0924602B09247028D
:10CDE000A0905018B0905118F501FD96E080F180A8
:10CDF00002811381D501D1962D913D914D915C9188
:10CE0000D497AD5ABF4FBF8BAE8B6D917D918D91F5
:10CE10009C910E94C7BF10923318EE89FF896081F0
:10CE20007181828193810E9469934B015C018091A1
:10CE30003C1890913D18A0913E18B0913F18880D74
:10CE4000991DAA1DBB1D80933C1890933D18A0937B
:10CE50003E18B0933F18C0905018D0905118DF8AF8
:10CE6000CE8AF601EA5BFF4F80819181A281B38176
:10CE70000097A105B105D1F135960081118130E00F
:10CE800020E0C0903818D0903918E0903A18F0900F
:10CE90003B18C016D106E206F3061CF080E090E0D5
:10CEA000DC01EE89FF89ED5AFF4F0081118122815B
:10CEB0003381BC01CD01600F711F821F931F0E943F
:10CEC00007E02E893F89265B3F4FD9012C9104C092
:10CED000660F771F881F991F2A95D2F76093480223
:10CEE0007093490280934A0290934B0280924C18AF
:10CEF00090924D18A0924E18B0924F188A809B8045
:10CF0000AC80BD8089288A288B28D1F480914C1868
:10CF100090914D18A0914E18B0914F188A3F9105ED
:10CF2000A105B10568F43AEFA32EB12CC12CD12C88
:10CF3000A0924C18B0924D18C0924E18D0924F1833
:10CF400040913F0250914002609141027091420233
:10CF5000C0904C18D0904D18E0904E18F0904F189B
:10CF60004F3F2FEF52076207720799F0D701C601B2
:10CF7000B695A79597958795481759076A077B0730
:10CF800040F480933F0290934002A0934102B093FB
:10CF9000420240913F0250914002609141027091E3
:10CFA000420200914C0210914D0220914E023091AC
:10CFB0004F02DB01CA01C416D506E606F70610F4D7
:10CFC000D701C6010097E1E0AE07B10520F08FEF71
:10CFD0009FEFA0E0B0E0081719072A073B0710F4FD
:10CFE000D901C801C81AD90AEA0AFB0AC0924C182A
:10CFF000D0924D18E0924E18F0924F180F3FFFEF6D
:10D000001F072F073F0761F0081B190B2A0B3B0B6B
:10D0100000934C0210934D0220934E0230934F0226
:10D020004F3F2FEF52076207720761F0481B590B01
:10D030006A0B7B0B40933F02509340026093410286
:10D0400070934202F8942091840030918500205F13
:10D050003F4F498141504983442309F462C4280E5B
:10D06000391E2216330608F4E7C830928900209250
:10D070008800789467960FB6F894DEBF0FBECDBFD8
:10D08000DF91CF911F910F91FF90EF90DF90CF90A4
:10D09000BF90AF909F908F907F906F905F904F90D8
:10D0A0003F902F90089550E04E81682FC92E8A2F0F
:10D0B000AF81F885E9857A853B852C859D85309102
:10D0C000F716369FE12D77272091F816269FE00D61
:10D0D000711D1090F916169E700D3C9DE00D711D8E
:10D0E0002C9D700D389F700DAE2FF72FAE9F312DF8
:10D0F00022279927A79F300D211D951FFE9F300DD8
:10D10000211D951FF79F200D911DA22FF92FAE9F76
:10D11000412D22279927A79F400D211D951FFE9F76
:10D12000400D211D951FF79F200D911DA22FF92F56
:10D13000332760910517C09006178091071700905C
:10D140006E06052A09F484C020916A062A9F3119C7
:10D15000650BC50A850B90916B069A9F3019610982
:10D16000C50A850B40916C064A9F6019C108850B62
:10D170002F9F30196109C50A850B9F9F6019C1084F
:10D18000850B4F9FC0188109AE9F412D22279927FB
:10D19000A79F400D211D951FFE9F400D211D951F2E
:10D1A000F79F200D911DA22FF92F209166062A9F2F
:10D1B000310D651FC51E851F909167069A9F300D22
:10D1C000611DC51E851F409168064A9F600DC11CE8
:10D1D000851F2F9F300D611DC51E851F9F9F600DF0
:10D1E000C11C851F4F9FC00C811DAE9F412D222762
:10D1F0009927A79F400D211D951FFE9F400D211DC2
:10D20000951FF79F200D911DA22FF92F20916206E7
:10D210002A9F3119650BC50A850B909163069A9F69
:10D2200030196109C50A850B409164064A9F60194F
:10D23000C108850B2F9F30196109C50A850B9F9F77
:10D240006019C108850B4F9FC01881090C94AAE989
:10D2500020916A062A9F310D651FC51E851F90917A
:10D260006B069A9F300D611DC51E851F40916C068F
:10D270004A9F600DC11C851F2F9F300D611DC51E6B
:10D28000851F9F9F600DC11C851F4F9FC00C811D76
:10D29000AE9F412D22279927A79F400D211D951F45
:10D2A000FE9F400D211D951FF79F200D911DA22F60
:10D2B000F92F209166062A9F3119650BC50A850B47
:10D2C000909167069A9F30196109C50A850B4091B4
:10D2D00068064A9F6019C108850B2F9F30196109A4
:10D2E000C50A850B9F9F6019C108850B4F9FC01809
:10D2F0008109AE9F412D22279927A79F400D211D0F
:10D30000951FFE9F400D211D951FF79F200D911D1C
:10D31000A22FF92F209162062A9F310D651FC51E8D
:10D32000851F909163069A9F300D611DC51E851F54
:10D33000409164064A9F600DC11C851F2F9F300DD0
:10D34000611DC51E851F9F9F600DC11C851F4F9FBE
:10D35000C00C811D11244E83AF83F887E9877A873B
:10D360003B872C879D87DC2CC62EF12CE82E93CB97
:10D37000AE89BF89D196CD90DD90ED90FC90D49789
:10D380008ACB4091341850913518609136187091BD
:10D390003718481759076A077B0708F040C2809181
:10D3A00033188111AAC0EE89FF89EF5BFF4FE0803F
:10D3B000F18002811381EE89FF89E95AFF4F2081B4
:10D3C000318142815381EE89FF8961A972A983A9C4
:10D3D00094A90E94C7BFF1E0F0933318AE89BF89CA
:10D3E000D196CD90DD90ED90FC90D497C701B60119
:10D3F0000E9469934B015C0180912F189091301825
:10D40000A0913118B0913218880D991DAA1DBB1D2D
:10D4100080932F1890933018A0933118B09332183E
:10D42000E0915018F0915118FF8BEE8BEA5BFF4FA3
:10D430004080518062807380411451046104710402
:10D4400009F488CBEE89FF89E35BFF4F80819181EE
:10D45000B0E0A0E0409138185091391860913A1826
:10D4600070913B1884179507A607B7070CF05BC2AD
:10D47000C414D504E604F70409F46CCBC414D50431
:10D48000E604F70408F059C2C301B2016C197D0922
:10D490008E099F0911E00E9407E02E893F89265BD3
:10D4A0003F4FD9012C9104C0660F771F881F991F29
:10D4B0002A95D2F7609348027093490280934A02FA
:10D4C00090934B028091AF1783FB992790F919171E
:10D4D00009F440CBB8E08B278093AF1780912E18CA
:10D4E000819580932E180000C414D504E604F70437
:10D4F00008F093C1169800002DCB80912F189091C1
:10D500003018A0913118B0913218EE89FF8941ADE1
:10D5100052AD63AD74AD84179507A607B70708F041
:10D5200072C10097A105B10549F4C0900517D090CC
:10D530000617E0900717F090081758CF50E04E8577
:10D54000282FC92E8A2FFF85E88979896A893B8926
:10D550009C89AD893091F716329F712D6627909185
:10D56000F816929F700D611D1090F916129E600DB5
:10D570003C9D700D611D9C9D600D389F600DF72FC7
:10D58000E62FF79F312D9927AA27F69F300D911D81
:10D59000A51FE79F300D911DA51FE69F900DA11DB2
:10D5A000F92FEA2FF79F412D9927AA27F69F400DC3
:10D5B000911DA51FE79F400D911DA51FE69F900D92
:10D5C000A11DF92FEA2F332720910517C0900617C8
:10D5D0008091071700906E06052A09F484C0909187
:10D5E0006A069F9F3119250BC50A850BA0916B0612
:10D5F000AF9F30192109C50A850B40916C064F9FDA
:10D600002019C108850B9E9F30192109C50A850B79
:10D61000AE9F2019C108850B4E9FC0188109F79F46
:10D62000412D9927AA27F69F400D911DA51FE79F21
:10D63000400D911DA51FE69F900DA11DF92FEA2F0A
:10D64000909166069F9F310D251FC51E851FA091D5
:10D650006706AF9F300D211DC51E851F40916806CE
:10D660004F9F200DC11C851F9E9F300D211DC51E83
:10D67000851FAE9F200DC11C851F4E9FC00C811DB4
:10D68000F79F412D9927AA27F69F400D911DA51FB1
:10D69000E79F400D911DA51FE69F900DA11DF92F3D
:10D6A000EA2F909162069F9F3119250BC50A850BC1
:10D6B000A0916306AF9F30192109C50A850B4091DF
:10D6C00064064F9F2019C108850B9E9F30192109C0
:10D6D000C50A850BAE9F2019C108850B4E9FC01847
:10D6E00081090C94F5EB90916A069F9F310D251FDF
:10D6F000C51E851FA0916B06AF9F300D211DC51E55
:10D70000851F40916C064F9F200DC11C851F9E9F59
:10D71000300D211DC51E851FAE9F200DC11C851F0C
:10D720004E9FC00C811DF79F412D9927AA27F69F78
:10D73000400D911DA51FE79F400D911DA51FE69F60
:10D74000900DA11DF92FEA2F909166069F9F311928
:10D75000250BC50A850BA0916706AF9F30192109DB
:10D76000C50A850B409168064F9F2019C108850B9B
:10D770009E9F30192109C50A850BAE9F2019C1084B
:10D78000850B4E9FC0188109F79F412D9927AA2725
:10D79000F69F400D911DA51FE79F400D911DA51FF0
:10D7A000E69F900DA11DF92FEA2F909162069F9F91
:10D7B000310D251FC51E851FA0916306AF9F300D3B
:10D7C000211DC51E851F409164064F9F200DC11C61
:10D7D000851F9E9F300D211DC51E851FAE9F200DEC
:10D7E000C11C851F4E9FC00C811D11244E87FF87D1
:10D7F000E88B798B6A8B3B8B9C8BAD8BDC2CC22EA0
:10D80000F12CE82EF3CD2E893F89295A3F4FD901BB
:10D81000CD90DD90ED90FC90E9CD169A6CCE809184
:10D82000440290914502A0914602B0914702B7FF91
:10D830003EC0EE89FF89E15BFF4F6081718182818B
:10D8400093810E9469936093440270934502809390
:10D8500046029093470280905018909051189F8AEA
:10D860008E8AF401EA5BFF4F80819181A281B381AE
:10D87000892B8A2B8B2BD9F039966081718182811B
:10D8800093810E9407E09401265B3F4FD9012C91C0
:10D8900004C0660F771F881F991F2A95D2F76093DF
:10D8A00048027093490280934A0290934B02809001
:10D8B000440290904502A0904602B09047020C941A
:10D8C000AAE58E899F8945960E94EADF1092511839
:10D8D000109250181092091790910313809104131D
:10D8E000981731F0809104138F5F87708093041331
:10D8F000CC24CA94DC2C7601C0924C02D0924D020A
:10D90000E0924E02F0924F02C0924802D092490239
:10D91000E0924A02F0924B020C94B1E582600C94C2
:10D92000F9E51901A2CB412C512C3201C114D104CB
:10D93000E104F10411F40C94AAE5C701B6016419DD
:10D9400075098609970910E0A6CD64E070E00C9493
:10D95000539461E070E00C94539461E070E00C9497
:10D9600053946CE070E00C945394CF92DF92EF925A
:10D97000FF92A9EFBCE090E080E0FC01E850FC4D94
:10D9800045915591659174914D935D936D937D9300
:10D99000FC01E851FC4D459155916591749150966B
:10D9A0004D935D936D937C935397FC01E852FC4D2E
:10D9B000459155916591749190964D935D936D93BA
:10D9C0007C939397049680319105B9F680E29EE4AA
:10D9D000A0E0B0E08093090D90930A0DA0930B0D89
:10D9E000B0930C0D80E090E8ABE3B4E480932D0D90
:10D9F00090932E0DA0932F0DB093300D80E090E00A
:10DA0000AAE7B4E48093310D9093320DA093330DC7
:10DA1000B093340D80E090E0A6E9B3E48093350D37
:10DA20009093360DA093370DB093380D1092390DA9
:10DA300010923A0D10923B0D10923C0D10923D0D3C
:10DA400010923E0D10923F0D1092400DC12CD12C22
:10DA500080E2E82E81E4F82EC0928D07D0928E07E6
:10DA6000E0928F07F092900780E090E0A0EAB0E4A7
:10DA70008093910790939207A0939307B093940794
:10DA80004AE959E969E97EE340939507509396077F
:10DA900060939707709398078093990790939A07DC
:10DAA000A0939B07B0939C071092B9171092BA17D6
:10DAB0001092BB171092BC171092B5171092B617A0
:10DAC0001092B7171092B8171092B1171092B217A0
:10DAD0001092B3171092B41781E080939D07809342
:10DAE0000417C092FF16D0920017E0920117F0922F
:10DAF00002170E94AA2CC092F116D092F216E09260
:10DB0000F316F092F4160E94413580E090E0A8ED03
:10DB1000B1EC8093F2129093F312A093F412B093AD
:10DB2000F5121092F6121092F7121092F81210924B
:10DB3000F9121092FA121092FB121092FC1210922B
:10DB4000FD1280E090E0AAECB1E48093E61290939D
:10DB5000E712A093E812B093E91285E698E0A6EBED
:10DB6000BEE38093EA129093EB12A093EC12B09371
:10DB7000ED1281E09FE1A0EEB3E48093EE1290936A
:10DB8000EF12A093F012B093F11283EC95E9ACE29E
:10DB9000B4E48093BA129093BB12A093BC12B093DA
:10DBA000BD1280E29BE1A2E9B1E48093BE129093A2
:10DBB000BF12A093C012B093C11287EF9CEDABECE3
:10DBC000B5E48093C2129093C312A093C412B09391
:10DBD000C5121092580C0E940E281092F01680E088
:10DBE00090E0A0EEBFE38093EC169093ED16A09327
:10DBF000EE16B093EF161092AE171092AD170F9469
:10DC0000DE04109283071092840710928507109209
:10DC1000860780E090E0A6E9B2E48093E416909352
:10DC2000E516A093E616B093E7168093E816909356
:10DC3000E916A093EA16B093EB160F94F3020E9434
:10DC4000BD3184EF91E20E94AB35FF90EF90DF9001
:10DC5000CF900D94D306AF92BF92CF92DF92EF9206
:10DC6000FF920F931F93CF93DF9381E08093F5167C
:10DC70000E9423F71092F516882309F4E9C00E9448
:10DC800023F7F82E83EC91E20E94AB350E946229C3
:10DC9000882309F4BFC010E000E0D0E034E0C32ED8
:10DCA00045E0D42E52E8E52EC0E0802F8170B82EDA
:10DCB000AC2EAD0E8C2D8C1BB11001C08C2FF80139
:10DCC000D89EE00DF11D1124EE0FFF1FEE0FFF1F78
:10DCD000EC56F34F20E030E04AE754E46081718174
:10DCE000828193810F9433360F941D3E7093661496
:10DCF00060936514D0925914E0925C148A2D90E0E0
:10DD00008058974F880F991F092E000CAA0BBB0B48
:10DD100080935D1490935E14A0935F14B09360148D
:10DD200089E094E10F94F206CF5FC53009F6DB5F1E
:10DD30000F5F1F4FD93109F0B7CF83E090E0909388
:10DD4000661480936514C0935914E0925C1485E4C2
:10DD500090E1A0E0B0E080935D1490935E14A093F6
:10DD60005F14B093601489E094E10F94F20681E0AF
:10DD70000E94023520E030E0A9016091FA12709112
:10DD8000FB128091FC129091FD120F94B13CAB01FB
:10DD9000BC018AEA91E20E940D3320E030E0A90143
:10DDA0006091FA127091FB128091FC129091FD1219
:10DDB0000F94B13C20E030E048EC52E40F9433364D
:10DDC0000F941D3E709366146093651485E08093F4
:10DDD000591482E880935C1486E290E1A0E0B0E000
:10DDE00080935D1490935E14A0935F14B0936014BD
:10DDF00089E094E10F94F2060F9488108F2DDF9143
:10DE0000CF911F910F91FF90EF90DF90CF90BF9037
:10DE1000AF90089582E090E090936614809365142B
:10DE200085E08093591482E880935C1485E490E146
:10DE3000A0E0B0E080935D1490935E14A0935F1413
:10DE4000B093601489E094E10F94F20680E090CFE3
:10DE50000E94B5EC0F944A0A0E94BD3180EE91E217
:10DE60000E94772FF12CCACFBC0185EF9FE20E9460
:10DE70006A3D82EF9FE20C94772F0E946A3D8AE010
:10DE80000C94702F1F93CF93DF93182FEB010E94F8
:10DE9000BD3187EE90E30E94772F83ED90E3113040
:10DEA00011F489ED90E30E94772FBE018FED90E38E
:10DEB000DF91CF911F910C943DEFEF92FF920F9362
:10DEC0001F93CF93DF931F921F92CDB7DEB72091A0
:10DED000E31424FF38C07C01BC0182E00E9442EFC1
:10DEE0001092DA148091E314877F8B7F8093E31480
:10DEF0000E940FCCA701BE016F5F7F4F80E00E94A0
:10DF0000AC758C01C7010115110539F169817A8160
:10DF100026E5A80187E496E10E942CCD8823E1F054
:10DF20008091E31481608093E314C8010E94E6CCE1
:10DF30001092D714B80181EC90E30E943DEF60E0AD
:10DF4000C8010F9472140F900F90DF91CF911F9121
:10DF50000F91FF90EF900895C8010E9434EFF3CF26
:10DF6000CF939091E31494FF20C09091EB14911102
:10DF70001CC02AE5811121E0C82F4CE453E063E086
:10DF800075E188EE94E10E942CCD811105C08CE4EE
:10DF900093E0CF910C9434EFC11107C06CE473E0AF
:10DFA00081EC90E3CF910C943DEFCF910895FF92D7
:10DFB0000F931F93CF93DF93CDB7DEB76D970FB657
:10DFC000F894DEBF0FBECDBF2091E31424FF2AC01A
:10DFD000AC01BE01645E7F4F80E00E94AC758C0195
:10DFE000009701F16C8D7D8D19821C8222E0AC01BD
:10DFF000CE0101960E942CCD811120C0F12CCE01C2
:10E0000001960E943628B801FF2069F183EB90E366
:10E010000E943DEF1092DF141092E0141092E11470
:10E020001092E2146D960FB6F894DEBF0FBECDBF0E
:10E03000DF91CF911F910F91FF900895CE0101962E
:10E040000E9418758823D1F261E0CE0101960E94EA
:10E05000F6C7009799F225EEFC0120831C820E94EE
:10E06000F1BCF82ECCCF8BE990E30E946A3D88E9A1
:10E0700090E30E94772FD6CF0E9458D0882331F0AA
:10E080000E9406288CE493E00C94D7EF0895EF9259
:10E09000FF920F931F93CF93DF931F921F92CDB7E1
:10E0A000DEB77C018091E31484FD04C0C7010E94A7
:10E0B00034EF5FC0613009F46CC008F463C06230B3
:10E0C00009F4C0C08091E314877F8B7F8093E314B1
:10E0D0000E940FCCA701BE016F5F7F4F81E00E94BD
:10E0E000AC758C01009711F369817A8121E0AC0154
:10E0F00087E496E10E942CCD882309F4AAC0809180
:10E10000581690915916A0915A16B0915B168093AB
:10E11000DB149093DC14A093DD14B093DE14109202
:10E12000DF141092E0141092E1141092E214B8017E
:10E1300080E290E30E946A3D4091DB145091DC1430
:10E140006091DD147091DE1488E190E30F94AC06C9
:10E1500089E090E30E94772FC8010E94E6CC80916D
:10E160004D12882311F00DE412E160E0C8010F9414
:10E1700072140F900F90DF91CF911F910F91FF902C
:10E18000EF900895B70182E00E9442EF1092DA14F6
:10E1900099CF0E94E82C811105C0B70181E00E944F
:10E1A00042EF90CF8091DA14882379F00E94C13039
:10E1B00061E070E089E790E30F94CE0640E070E004
:10E1C00060E088E690E30E9417398BE397E10E94B4
:10E1D000BFCBE091DA1484E0E89FF0011124E95C00
:10E1E000F84E8091DF149091E014A091E114B09169
:10E1F000E21480839183A283B3830E94BD31B7016F
:10E200008FE490E30E946A3D6091DA1489E6689F8A
:10E21000B0011124655C784E84E490E30E946A3D6D
:10E220004091DF145091E0146091E1147091E21478
:10E230008EE390E30F94AC068091DA148F5F8093A5
:10E24000DA1440CF0E94BD318EE290E30E94772F16
:10E2500039CFC8012CCF2F923F924F925F926F928D
:10E260007F928F929F92AF92BF92CF92DF92EF9266
:10E27000FF920F931F93CF93DF93CDB7DEB7C758AD
:10E28000D1090FB6F894DEBF0FBECDBF2DB73EB794
:10E29000CA57DF4F39832883C658D04041E064E035
:10E2A00070E0CE0183589F4F0E94B97C43E050E05C
:10E2B000BE0163587F4F88E493E00F941140892B8F
:10E2C00009F44BC0C058DF4F8881C058D040882324
:10E2D00039F08FE3EE968FAFEE97EF961FAEEF9784
:10E2E0000E94BD31BE0163587F4F8BE294E20E94D1
:10E2F0006A3D8DE194E20E94772F88E094E20E94CB
:10E300000A3981E08093F6169091F61681E089270C
:10E31000CA57DF4F28813981C658D0400FB6F894CC
:10E320003EBF0FBE2DBFC957DF4F0FB6F894DEBFFB
:10E330000FBECDBFDF91CF911F910F91FF90EF9056
:10E34000DF90CF90BF90AF909F908F907F906F9015
:10E350005F904F903F902F90089541E062E070E011
:10E36000CE018F579F4F0E94B97CED961CAE1DAE1B
:10E370001EAE1FAEED971092691210926812CE0178
:10E380008D579F4F0E94C9C3CDB6DEB6CD57DF4F24
:10E390000881C358D04010E00D5F1F4F000F111FC0
:10E3A000000F111F8DB79EB7801B910B0FB6F8940D
:10E3B0009EBF0FBE8DBFEDB7FEB731965F012DB783
:10E3C0003EB7201B310B0FB6F8943EBF0FBE2DBFDA
:10E3D0008DB79EB701964C01EDB7FEB7E01BF10B70
:10E3E0000FB6F894FEBF0FBEEDBF2DB73EB72F5F3F
:10E3F0003F4F7901B801C5010E942FF74091F516F2
:10E4000081E0482764E070E089E09DE00E94B97CEB
:10E41000B801C4010E942FF7B801C7010E942FF76D
:10E420001091F51611114DC0CD57DF4F8881C3589B
:10E43000D04090E00296A9EFBCE070E060E030E0F0
:10E4400020E044E054E2821793070CF4B4C0F501D5
:10E45000E60FF71F40805180628073804D925D927D
:10E460006D927D92821793070CF4ABC0F401E60F16
:10E47000F71F208031800281E3812101602E7E2EF2
:10E4800050964D925D926D927C92539782179307AE
:10E490000CF4A1C0F701E60FF71F20803180028144
:10E4A000E3812101602E7E2E90964D925D926D92B9
:10E4B0007C9293972F5F3F4F6C5F7F4F24303105E5
:10E4C00011F68DE29DE00E94C1C381E39DE00E94B0
:10E4D000C1C385E39DE00E94C1C389E39DE00E9422
:10E4E000C1C38DE39DE00E94C1C341E0412760E1CB
:10E4F00070E08DE897E00E94B97CCE0187589F4F6D
:10E500000E94C1C30FB6F894DEBE0FBECDBE81EB34
:10E5100097E10E94B9C3CE0183599F4F0E94A9C3BE
:10E520008E010F5F1F4FC8010E94C1C3CE018C57DF
:10E530009F4F0E9499C38091F51681111AC0AE9623
:10E540008FADAE9780939D0789819A81AB81BC8105
:10E550008093FF1690930017A0930117B0930217B2
:10E56000CC57DF4F8881C458D040809304170E9455
:10E57000AA2C81EF96E10E94C1C3CE0187589F4F1C
:10E580000E94C1C3C8010E94C9C3CE0183599F4FD5
:10E590000E94C9C3E980AE968FADAE97E89E700128
:10E5A000112431E0E31AF10800F1CE0187589F4FA2
:10E5B0000E94C1C3F6CFFA014590559065907490C2
:10E5C0004DCFE4EFF3E245905590659074901201C1
:10E5D000062DE72D52CFE4EEF3E24590559065907D
:10E5E00074901201062DE72D5CCF82EF92E10E941C
:10E5F000B9C38AE0F82EFA94CE01FF2029F087589B
:10E600009F4F0E94C1C3F7CF8C579F4F0E94C9C331
:10E61000CE018B579F4F0E94C9C3C8010E94B1C34E
:10E62000CE0183599F4F0E94B1C3CC57DF4F8881E1
:10E63000C458D040853009F0B7C1CB57DF4F98811F
:10E64000C558D040953009F0AFC18091F5168111C1
:10E6500002C00E940235BE0163597F4FC8010E946B
:10E66000782B4091F51681E0482764E670E084E954
:10E670009CE00E94B97CC8010E94A9C3CE018359C5
:10E680009F4F0E9499C34091F516FF24F3944F25A4
:10E6900060E170E0C8010E94B97CC8010E94A9C372
:10E6A0004091F5164F2564E170E0C8010E94B97CE5
:10E6B000F090F516F1103AC089809A80AB80BC804A
:10E6C000A5019401C501B4010F94A33F81112EC08F
:10E6D00049845A846B847C846D817E818F81988586
:10E6E0008092E6129092E712A092E812B092E9129C
:10E6F0002CEA35EC47E25EE30F9433366093EA127E
:10E700007093EB128093EC129093ED122CEA35EC9F
:10E7100047E25EE3C301B2010F94AB3D6093EE129A
:10E720007093EF128093F0129093F11241E04F2515
:10E7300062E070E0C8010E94B97CC8010E94A1C3D8
:10E74000F090F516F1103AC089809A80AB80BC80B9
:10E75000A5019401C501B4010F94A33F81112EC0FE
:10E7600049845A846B847C846D817E818F819885F5
:10E770008092BA129092BB12A092BC12B092BD12BB
:10E780002CEA35EC47E25EE30F9433366093BE1219
:10E790007093BF128093C0129093C1122CEA35EC93
:10E7A00047E25EE3C301B2010F94AB3D6093C21236
:10E7B0007093C3128093C4129093C512C8010E9433
:10E7C000A1C3C8010E9499C3C8010E9499C3C8018E
:10E7D0000E9499C385E0F80111928A95E9F741E01A
:10E7E0004F2565E070E0C8010E94B97CC8010E9415
:10E7F000A9C34091F516411103C089818093580C3B
:10E80000FF24F3944F2560E270E0C8010E94B97CB8
:10E81000CE0183599F4F0E94A9C34091F5164F2501
:10E8200069E070E0C8010E94B97C4091F516411181
:10E830000FC089818093F0168A819B81AC81BD8154
:10E840008093EC169093ED16A093EE16B093EF160E
:10E85000FF24F3944F2562E170E0C8010E94B97C67
:10E860004091F5164F2564E270E0C8010E94B97C22
:10E870004091F5164F2560E170E0C8010E94B97C17
:10E880004091F5164F2562E070E0C8010E94B97C06
:10E89000C8010E94C1C34091F51641110CC0898185
:10E8A0009A81AB81BC818093830790938407A09366
:10E8B0008507B0938607FF24F3944F2560E170E04D
:10E8C000C8010E94B97C4091F5164F256CE670E0B6
:10E8D000C8010E94B97C4091F5164F2568E070E0B0
:10E8E00084EE96E10E94B97CC8010E94B9C3CE01B2
:10E8F0008C579F4F0E9499C3CE0183599F4F0E940E
:10E90000C1C380E3F80111928A95E9F74091F516A9
:10E910004F2560E370E0C8010E94B97C8091F51634
:10E92000811114C08CE0F801DE01A359BF4F0190A2
:10E930000D928A95E1F789819A810C9709F447C075
:10E940008CE293E20E94772F0F94D3068091410DC1
:10E950009091420D8233934009F494C00E94C130DB
:10E9600086E192E20E94772F81E08093F6160E9462
:10E97000BD316091410D7091420D6456710980ED79
:10E9800093E20E949E356EEC72E088EC93E20F9465
:10E99000BF068091F5168111B7CC8091F6168111D2
:10E9A000B3CC0F94F302B0CCCB57DF4FE880C558FF
:10E9B000D0408E9D7001112491E0E91AF10808F40D
:10E9C0005ACECE0187589F4F0E94C1C3F5CF8B818D
:10E9D000813019F086EE92E2B5CF80EC92E20E948F
:10E9E000772F8CE0FE01E359FF4FA6EEB7E00190D0
:10E9F0000D928A95E1F76091EF078AEA92E20E9410
:10EA0000373B6091EE0787E992E20E94373B6091C5
:10EA1000F0077091F1078FE792E20F94CE06109104
:10EA2000EB078BE692E20E94772F612F110F770B95
:10EA3000880B990B0E9481798AE00E94702F609167
:10EA4000EC077091ED0789E592E20F94CE061091E4
:10EA5000E90783E492E20E94772F812F0E945023DE
:10EA60008AE00E94702F1091EA078EE292E20E94E3
:10EA7000772F812F0E9450238AE00E94702F0F94DD
:10EA8000881064CF1092F6162091681230916912A6
:10EA9000CF57DF4F88819981C158D0402817390757
:10EAA000E1F081E08093F6160E94C130CF57DF4F2E
:10EAB00068817981C158D04088EA93E20F94A0061A
:10EAC000609168127091691283EA93E20F94A00634
:10EAD00083E993E20E94772F5CCF8091F516811134
:10EAE00058CF0E94BD3188E493E00E941EC460911B
:10EAF000410D7091420D6456710986E793E20E94C0
:10EB00009E35C0906812D0906912F12CE12C89E6F4
:10EB100093E20E94772FC701B6010E94AF7686E686
:10EB200093E2D8CF9F92AF92BF92CF92DF92EF92B3
:10EB3000FF920F931F93CF93DF9300D01F921F92EA
:10EB4000CDB7DEB7ECE7F9E30027BB27462F572FF9
:10EB5000A82FAA2341F4A52F542FB85FAA2319F494
:10EB6000A52F5527B85FA03138F45295A295452FAF
:10EB70004F70507FA42BBC5FA03428F4550FAA1F00
:10EB8000550FAA1FBE5FA03818F4550FAA1FB395E2
:10EB9000550FAA1FEA0FF01F449151E0AA27B85061
:10EBA00081F1C8F0B0FF02C0440F551FB1FF04C08F
:10EBB000440F551F440F551FB2FF06C05295429592
:10EBC000142F1F70407F512BB3FF1BC0A52F542F54
:10EBD00044270C9401F6B195B0FF02C055954795B6
:10EBE000B1FF04C05595479555954795B2FF05C0AF
:10EBF0005295407F4295452B5F70B3FF02C0452F71
:10EC00005527DD24CC24BB24B2E0649FD018C10872
:10EC1000B00AB00B749FC018B108B00B849FB01835
:10EC2000B109659FC018B108B00B759FB018B10944
:10EC3000859FB0196A9FB018B1097A9FB0194D9D90
:10EC4000A12C99243327992722275D9DA00C911C84
:10EC5000301F901F201FAD9D900C311D901F201F55
:10EC60004C9DA00C911C301F901F201F5C9D900C90
:10EC7000311D901F201FAC9D300D911D201F4B9DFD
:10EC8000900C311D901F201F5B9D300D911D201F8A
:10EC9000AB9D900D211D4B9F300D911D201F5B9F43
:10ECA000900D211DAB9F200DB1E0BB24CC24DD24B1
:10ECB000639FD018C108B00AB00B739FC018B10889
:10ECC000B00B839FB018B109699FC018B108B00B91
:10ECD000799FB018B109899FB019629FB018B10926
:10ECE000729FB019D61AC70AB80A20F0B1E03B0FDC
:10ECF000901F201F1124792F632F90E0822F0F90F7
:10ED00000F900F900F900F90DF91CF911F910F9167
:10ED1000FF90EF90DF90CF90BF90AF909F900895BD
:10ED2000FC017081472F50E0062E02C05595479593
:10ED30000A94E2F740FF14C04091CB1850E0062E31
:10ED400002C0559547950A94E2F740FF09C021E0BB
:10ED500030E001C0220F6A95EAF72095272320832F
:10ED600008958091A60B811106C081E09091A70BB8
:10ED700093300CF480E00895809103139091041374
:10ED8000891B877089F48091530E81110DC0809189
:10ED9000DE079091DF07892B39F481E09091BD1750
:10EDA000911103C080E0089581E00895CF93C82FAA
:10EDB000CB010E94772F89E195E30E94772F8AE0AB
:10EDC00095E3CC2311F08FE095E3CF910C94AB3514
:10EDD000CF93DF93C091B918D091BA18DF772097FD
:10EDE00059F58091E31483FD2BC00E94E82C882301
:10EDF00019F18091DB149091DC14A091DD14B09195
:10EE0000DE140097A105B105B9F0BC01CD01615F29
:10EE1000784D8F4F9F4F20E137E240E050E00F9454
:10EE2000113C6091DF147091E0148091E114909195
:10EE3000E2140F94113CE901CE01DF91CF910895C6
:10EE4000C0E1D7E2F9CF84E690E09093420D809341
:10EE5000410D10926912109268120C942BF140919E
:10EE6000F51621E042270C94B97C4F925F926F9285
:10EE70007F928F929F92AF92BF92CF92DF92EF924A
:10EE8000FF92CF93DF9300D000D0CDB7DEB79E8343
:10EE90008D830E9477294B015C01AD81BE8118965C
:10EEA0004D905D906D907C901B97AC019B01C301D0
:10EEB000B2010F94B03C6B017C0180917D0C90916C
:10EEC0007E0CA0917F0CB091800C89839A83AB83D8
:10EED000BC8320E030E0A901BC01CD010F94CD3509
:10EEE000882349F020E030E0A901C701B6010F9462
:10EEF000CD351816ECF0AD81BE811896CD92DD921D
:10EF0000ED92FC921B9726960FB6F894DEBF0FBECB
:10EF1000CDBFDF91CF91FF90EF90DF90CF90BF906A
:10EF2000AF909F908F907F906F905F904F900895DB
:10EF300029813A814B815C81C301B2010F94113F59
:10EF400087FFE1CF2091780C3091790C40917A0CB9
:10EF500050917B0CC501B4010F9433369B01AC0179
:10EF600060E070E080E89FE30F94B03C9B01AC014F
:10EF7000C701B6010F94AB3DED81FE8160877187BB
:10EF800082879387C0CFCF93DF938091CC18811174
:10EF900019C0C0915F02D0916002219720E030E05B
:10EFA00040E05FE36091CA127091CB128091CC1265
:10EFB0009091CD120F94B13C0F941D3E21E06C173F
:10EFC0007D070CF020E0822FDF91CF910895AF9262
:10EFD000BF92CF92DF92EF92FF920F931F93CF9346
:10EFE000DF93C9EFDCE00FE617E089E0A82E8DE0A3
:10EFF000B82EC12CD12C7601C39469917991899155
:10F0000099910F94D235288939894A895B890F945F
:10F0100033360F94243EF801619371938193919359
:10F020008F01C616D706E806F90610F46B017C01BD
:10F03000AC16BD0611F76FEF7FEFCB01A70196016C
:10F040000F94113C20937F073093800740938107F2
:10F0500050938207DF91CF911F910F91FF90EF9016
:10F06000DF90CF90BF90AF9008950F931F93CF93F1
:10F07000DF930DE01DE0CDE1D0E1F8012191319168
:10F08000419151918F0160E070E080E89FE30F941F
:10F09000AB3D6993799389939993F0E1CD32DF0782
:10F0A00061F70E942C82DF91CF911F910F910C94F8
:10F0B000E7F79091031380910413981306C0809191
:10F0C000870790918807892B21F080E00E94EC4807
:10F0D000F0CF08959091031380910413981308C002
:10F0E0008091870790918807892B11F40C94D2E0C6
:10F0F00080E00E94EC48EECFCF92DF92EF92FF9239
:10F10000CF93DF9320917C0C222311F1EC01089620
:10F110000E94022C6B017C0120E030E0A9010F94D9
:10F12000CD358823A9F0CE010E9477299B01AC013F
:10F13000C701B6010F9433369B01AC016885798510
:10F140008A859B850F94B13C688779878A879B87DE
:10F15000DF91CF91FF90EF90DF90CF900895CF9205
:10F16000DF92EF92FF928091F016882309F457C046
:10F17000C090EC16D090ED16E090EE16F090EF16E1
:10F1800020E030E0A901C701B6010F94CD358823F6
:10F1900009F445C020E030E040E05FE3C701B6017C
:10F1A0000F9433369B01AC010F9433362BED3FE0C7
:10F1B00049E450E40F9433369B01AC0160E070E009
:10F1C00080E89FE30F94AB3D6B017C01C0928907FF
:10F1D000D0928A07E0928B07F0928C0760912F0201
:10F1E00070913002072E000C880B990B0F94D435C8
:10F1F0002AE037ED43E25CE30F943336A701960132
:10F200000F94333660932B0270932C0280932D025F
:10F2100090932E02FF90EF90DF90CF900895C12C35
:10F22000D12C80E8E82E8FE3F82ED0CF2F923F929A
:10F230004F925F926F927F928F929F92AF92BF9206
:10F24000CF92DF92EF92FF920F931F93CF93DF93B2
:10F25000CDB7DEB7A0970FB6F894DEBF0FBECDBF17
:10F260001C017B015E834D83FC01E15BFF4F20812C
:10F2700031814281538129833A834B835C83CA0164
:10F28000B9010F94D2354B015C01D7012D913D910D
:10F290004D915C910F9433360F948F3D2B013C01BF
:10F2A000ED81FE812081318142815381C501B4010C
:10F2B0000F9433360F948F3D6B017C01C301B20173
:10F2C0000F94243E6D877E878F87988B68377105F2
:10F2D0008105910540F428E730E040E050E02D87BB
:10F2E0003E874F87588BC701B6010F94243E6D832C
:10F2F0007E838F839887683771058105910540F477
:10F3000088E790E0A0E0B0E08D839E83AF83B8876C
:10F31000D10195962D913D914D915C9198972987BA
:10F320003A874B875C87F101E55AFF4F6081718115
:10F3300082819381611571058105910509F4FCC1F4
:10F340000F94D4356D8B7E8B8F8B988F9B01AC0186
:10F3500060E070E080E89FE30F94AB3D698F7A8FA7
:10F360008B8F9C8F20E030E040E05FE30F943336DA
:10F370006B017C01A5019401C501B4010F943336E2
:10F380002B013C016D817E818F8198850F94D23550
:10F390009B01AC010F9433369B01AC01C301B20158
:10F3A0000F94B03CA70196010F9433364B015C01DA
:10F3B0006D857E858F8598890F94D2359B01AC0130
:10F3C0000F9433366D8F7E8F8F8F98A39B01AC0186
:10F3D000C301B2010F94B03CA70196010F943336DC
:10F3E0002B013C010F948F3D0F94243E6B017C0157
:10F3F000C501B4010F94533E0F94243E698B7A8B60
:10F400008B8B9C8BDC01CB018C0D9D1DAE1DBF1D1C
:10F4100029853A854B855C85281B390B4A0B5B0B8C
:10F42000DA01C901B7FF61C069857A858B859C8542
:10F430000F94D235A30192010F94B13CA501940120
:10F440000F94B03C20E030E040E05FE30F943336AF
:10F450000F948F3D6B017C0120E030E0A9010F94F7
:10F46000113F18161CF0C12CD12C7601C701B60132
:10F470000F94243E6B017C0189859A85AB85BC8500
:10F480008C159D05AE05BF0510F46C017D01298525
:10F490003A854B855C852C193D094E095F09298BFE
:10F4A0003A8B4B8B5C8BC701B6010F94D2354B0165
:10F4B0005C012D893E894F89588DCA01B9010F948D
:10F4C000B13C9B01AC01C501B4010F9433362D8DC5
:10F4D0003E8D4F8D58A10F94B13C0F945F3F0F9418
:10F4E000243E69837A838B839C8320E034E244EF5B
:10F4F00059E4698D7A8D8B8D9C8D0F9433364B0139
:10F500005C0169817A818B819C812D853E854F8547
:10F510005889621B730B840B950B0F94D235A50190
:10F5200094010F9433360F94243E2B013C016981E2
:10F530007A818B819C812D813E814F815885621B10
:10F54000730B840B950B0F94D235A50194010F9486
:10F5500033360F94243E4B015C013FE643165104C1
:10F560006104710408F0F4C0F201EE0FFF1FEE0F0A
:10F57000FF1FE054F84C85919591A591B4918C01B1
:10F58000AD8BB9874FE684169104A104B10408F04D
:10F59000E7C0F401EE0FFF1FEE0FFF1FE054F84C21
:10F5A0004591559165917491342F252F698F7D8FE9
:10F5B000D1019996CD92DD92ED92FC929C97959611
:10F5C000CD90DD90ED90FC909897B701A6018989C8
:10F5D0009A89AB89BC89481B590B6A0B7B0BD101FB
:10F5E0009D964D935D936D937C93D097F101ED5A69
:10F5F000FF4F8D859E85AF85B88980839183A283D7
:10F60000B383D101D5964D925D926D927C92D8973D
:10F61000F10181AE92AEA3AEB4AEFD96008311832C
:10F620004D89428359855383349630832183898D54
:10F6300082839D8D938329813A814B815C81D19610
:10F640002D933D934D935C93D49776962D813E8177
:10F650004F81588520833183428353837197808102
:10F660009181A281B381892B8A2B8B2B09F44BC00A
:10F67000D10191966D917D918D919C9194970F946C
:10F68000D2352091830730918407409185075091AE
:10F6900086070F9433364B015C01C701B6010F9406
:10F6A000D2359B01AC01C501B4010F94AB3D6B0198
:10F6B0007C01F101E55BFF4FFA87E98769817A8177
:10F6C0008B819C810F94D235A70196010F9433361C
:10F6D0000F94243EA985BA856D937C93F101E35B79
:10F6E000FF4FFA83E9836D817E818F8198850F9426
:10F6F000D235A70196010F9433360F94243EA98189
:10F70000BA816D937C93A0960FB6F894DEBF0FBEBE
:10F71000CDBFDF91CF911F910F91FF90EF90DF90C0
:10F72000CF90BF90AF909F908F907F906F905F90A1
:10F730004F903F902F900895198E1A8E1B8E1C8E1D
:10F74000198A1A8A1B8A1C8AC12CD12C7601CDCE2B
:10F75000C301B2010E9492F58B018D8B998712CF64
:10F76000C501B4010E9492F5362F272F898F9D8FF6
:10F770001FCF8091031390910413891B877019F494
:10F7800090E080E0089590910013992351F0833028
:10F7900030F48FEF890F19F080930013F1CF10929E
:10F7A00000138091041324E7829FC00111248C5F11
:10F7B000974FFC01208120FDE3CF209104132F5FA0
:10F7C00027702093011330910413209102133213F8
:10F7D00004C02091011320930213089590916F00AB
:10F7E00081E091FD02C080E0089590916F009D7FBF
:10F7F00090936F000895CF92DF92EF92FF92FC01F9
:10F80000C080D180E280F3802091190D30911A0DD3
:10F8100040911B0D50911C0DC701B6010F9433365A
:10F820000F941E3F60932113709322138093231330
:10F8300090932413C0921113D0921213E0921313D9
:10F84000F09214139091031380910413981731F0E0
:10F85000FF90EF90DF90CF900C94F3810E9459F8C5
:10F860000E94EEFB409121135091221360912313CB
:10F8700070912413409323175093241760932517F6
:10F8800070932617882331F0FF90EF90DF90CF9090
:10F890000C94E52BFF90EF90DF90CF9008954F925E
:10F8A0005F926F927F928F929F92AF92BF92CF9210
:10F8B000DF92EF92FF92CF93DF93EC0180E1FE01A4
:10F8C000A5E0B3E101900D928A95E1F72091190D21
:10F8D00030911A0D40911B0D50911C0D6C857D854A
:10F8E0008E859F850F9433360F941E3F6B017C01EC
:10F8F0002091150D3091160D4091170D5091180D56
:10F90000688579858A859B850F9433360F941E3FD1
:10F910004B015C012091110D3091120D4091130D9E
:10F920005091140D6C817D818E819F810F943336AF
:10F930000F941E3F2B013C0120910D0D30910E0DB7
:10F9400040910F0D5091100D688179818A819B81C2
:10F950000F9433360F941E3F609315137093161354
:10F9600080931713909318134092191350921A13FF
:10F9700060921B1370921C1380921D1390921E13A1
:10F98000A0921F13B0922013C0922113D092221381
:10F99000E0922313F09224139091031380910413A7
:10F9A000981781F0DF91CF91FF90EF90DF90CF908B
:10F9B000BF90AF909F908F907F906F905F904F908F
:10F9C0000C94F3810E9459F80E94EEFBC82F85E148
:10F9D00093E10E94EADFCC2381F0DF91CF91FF9089
:10F9E000EF90DF90CF90BF90AF909F908F907F90DF
:10F9F0006F905F904F900C94E52BDF91CF91FF902B
:10FA0000EF90DF90CF90BF90AF909F908F907F90BE
:10FA10006F905F904F900895CF92DF92EF92FF9298
:10FA2000CF93DF93C82F0E94EEFB94E0C99FE001C3
:10FA30001124FE01E95EF84EC080D180E280F3809F
:10FA400081110E94E52BC35EDF4EC701B6010F9402
:10FA5000D435288139814A815B810F943336DF9117
:10FA6000CF91FF90EF90DF90CF900895CF92DF92EB
:10FA7000EF92FF92CF93DF93C82F0E94EEFB94E0AA
:10FA8000C99FE0011124FE01E55FF84EC080D180DE
:10FA9000E280F38081110E94E52BC35EDF4EC70137
:10FAA000B6010F94D435288139814A815B810F9446
:10FAB0003336DF91CF91FF90EF90DF90CF90089594
:10FAC0000E94EEFB90910413909303139093021302
:10FAD0009093011394E69093001320ED33E030935C
:10FAE00088072093870781110E94E52B81E080938E
:10FAF0000A170895CF92DF92EF92FF920F931F9310
:10FB0000CF93DF93C82FD0E08E01000F111F000F9D
:10FB1000111FC801865A924F6C01F801EF54F84E3C
:10FB20007F010154174EF8012081318142815381B8
:10FB3000F70160817181828193810F94B13CF6015C
:10FB400060837183828393838091830C85FF21C0BE
:10FB5000C652DC4F68818AEB97E30E94982FF70129
:10FB600040815181628173818AEA97E30E94233246
:10FB7000F801408151816281738187E997E3DF91C8
:10FB8000CF911F910F91FF90EF90DF90CF900C9449
:10FB90000D33DF91CF911F910F91FF90EF90DF9088
:10FBA000CF900895CF93DF931F92CDB7DEB78983AF
:10FBB00060E0CE0101960E9490F661E0CE010196D0
:10FBC0000E9490F662E0CE0101960E9490F6898133
:10FBD0000F90DF91CF9108958F929F92AF92BF9235
:10FBE000CF92DF92EF92FF92CF93DF932091110299
:10FBF000222309F48EC0EC018091CB18E82E80FFFF
:10FC00002CC08090130290901402A0901502B09026
:10FC10001602288139814A815B81C501B4010F94A4
:10FC2000113F181624F488829982AA82BB828090A0
:10FC30001F0290902002A0902102B0902202288101
:10FC400039814A815B81C501B4010F94CD3587FFAD
:10FC500004C088829982AA82BB82E1FE2CC0809077
:10FC6000170290901802A0901902B0901A022C81ED
:10FC70003D814E815F81C501B4010F94113F18167B
:10FC800024F48C829D82AE82BF8280902302909069
:10FC90002402A0902502B09026022C813D814E8145
:10FCA0005F81C501B4010F94CD3587FF04C08C82FC
:10FCB0009D82AE82BF82E2FE2CC0C0901B02D0901B
:10FCC0001C02E0901D02F0901E02288539854A85AD
:10FCD0005B85C701B6010F94113F181624F4C8863E
:10FCE000D986EA86FB86C0902702D0902802E09051
:10FCF0002902F0902A02288539854A855B85C7014B
:10FD0000B6010F94CD3587FF04C0C886D986EA8630
:10FD1000FB86DF91CF91FF90EF90DF90CF90BF9067
:10FD2000AF909F908F9008952F923F924F925F9245
:10FD30006F927F928F929F92AF92BF92CF92DF92FB
:10FD4000EF92FF920F931F93CF93DF93CDB7DEB760
:10FD5000AC970FB6F894DEBF0FBECDBF84E89CE031
:10FD60000E94ECFD8091830C83FD70C02091560DA4
:10FD70003091570D4091580D5091590D6091900C54
:10FD80007091910C8091920C9091930C0F94CD35C1
:10FD9000882309F45BC00E94C3F7182F882331F031
:10FDA0000E94BD3184EC95E30E94772F2091560D7F
:10FDB0003091570D4091580D5091590D6091900C14
:10FDC0007091910C8091920C9091930C0F94B03C97
:10FDD0006B017C0120E030E0A9010F94113F87FF07
:10FDE00004C0F7FAF094F7F8F09420912B023091C8
:10FDF0002C0240912D0250912E02C701B6010F94A2
:10FE0000333620E030E84BE354E40F94113F1816EA
:10FE1000DCF40E94BD3185EA95E30E94772F809142
:10FE2000900C9091910CA091920CB091930C8093B6
:10FE3000560D9093570DA093580DB093590D80E92E
:10FE40009CE00E94FBFB02C01111E9CF2AE037EDD4
:10FE500043E25CE36091370270913802809139028D
:10FE600090913A020F9433366B017C016091350218
:10FE700070913602072E000C880B990B0F94D43525
:10FE80009B01AC01C701B6010F9433366D8F7E8F95
:10FE90008F8F98A380917C0C882311F180907D0C2A
:10FEA00090907E0CA0907F0CB090800CC0908C0C39
:10FEB000D0908D0CE0908E0CF0908F0C20E030E014
:10FEC000A901C501B4010F94CD35882309F440C0C0
:10FED000A7019601C501B4010F94113F1816C4F192
:10FEE00019821A821B821C821D821E821F82188622
:10FEF00019861A861B861C86AE014F5F5F4FBE01B6
:10FF0000635E7F4F84E89CE00E948F9280E1E4E88A
:10FF1000FCE0AAE4BDE001900D928A95E1F7AC9671
:10FF20000FB6F894DEBF0FBECDBFDF91CF911F910A
:10FF30000F91FF90EF90DF90CF90BF90AF909F9088
:10FF40008F907F906F905F904F903F902F9008958B
:10FF500020914A0D30914B0D40914C0D50914D0D1B
:10FF60006091840C7091850C8091860C9091870C27
:10FF70000F94B03C69A37AA38BA39CA320914E0D50
:10FF800030914F0D4091500D5091510D6091880C62
:10FF90007091890C80918A0C90918B0C0F94B03CDD
:10FFA0006DA37EA38FA398A72091520D3091530D7E
:10FFB0004091540D5091550DC701B6010F94B03CBE
:10FFC00069A77AA78BA79CA72091560D3091570D52
:10FFD0004091580D5091590D6091900C7091910C79
:10FFE0008091920C9091930C0F94B03C4B015C016A
:10FFF00020E030E0A90169A17AA18BA19CA10F9416
:020000022000DC
:10000000CD3581110CC020E030E0A9016DA17EA1A9
:100010008FA198A50F94CD35882309F461CF29A12C
:100020003AA14BA15CA1CA01B9010F9433366B010F
:100030007C012DA13EA14FA158A5CA01B9010F9481
:1000400033369B01AC01C701B6010F94B13C6B0183
:100050007C0129A53AA54BA55CA5CA01B9010F945D
:1000600033369B01AC01C701B6010F94B13C6B0163
:100070007C01A5019401C501B4010F9433369B01A5
:10008000AC01C701B6010F94B13C0F945F3F6B0107
:100090007C012DEB37E346E855E30F94CD3587FF20
:1000A0000FC020E030E0A901C501B4010F94113F59
:1000B0007501640187FF04C0F7FAF094F7F8F09433
:1000C0002DEB37E346E855E3C701B6010F94CD3574
:1000D00087FD1CCF20E030E040EA50E4C701B601C4
:1000E0000F94AB3D0F94243E1B01672B19F422247F
:1000F0002394312CB10190E080E00F94D2359B0124
:10010000AC0160E070E080E89FE30F94AB3D2B0111
:100110003C01AC019B0169A17AA18BA19CA10F9428
:10012000333669A37AA38BA39CA3A30192016DA18B
:100130007EA18FA198A50F9433366DA37EA38FA3C4
:1001400098A7A301920169A57AA58BA59CA50F94F8
:10015000333669A77AA78BA79CA7A3019201C50193
:10016000B4010F9433364B015C01A3019201C70126
:10017000B6010F943336698B7A8B8B8B9C8B1D8ADF
:100180001E8A1F8A188E198E1A8E1B8E1C8E80E175
:10019000EAE4FDE08E010F5F1F4FD80101900D9240
:1001A0008A95E1F70E94BB946B017C0128ECC20E9A
:1001B000D11CE11CF11C81E0281A310809F455C05A
:1001C0000E94BB942B013C014C185D086E087F080F
:1001D00077FC4FC06B017C0128ECC20ED11CE11CE6
:1001E000F11C80E00E94EC4829A13AA14BA15CA13E
:1001F00069817A818B819C810F94B13C69837A8378
:100200008B839C832DA13EA14FA158A56D817E813A
:100210008F8198850F94B13C6D837E838F839887FF
:1002200029A53AA54BA55CA569857A858B859C8512
:100230000F94B13C69877A878B879C87A5019401CD
:100240006D857E858F8598890F94B13C6D877E87FB
:100250008F87988BAE014F5E5F4FBE01635E7F4F0D
:10026000C8010E948F928111A6CFAE014F5E5F4FF1
:1002700046CE0E9449D8B8CF8091001990910119BB
:10028000A0910219B091031980933702909338021C
:10029000A0933902B0933A028091FE189091FF1812
:1002A00090933602809335020895809137029091A1
:1002B0003802A0913902B0913A02809300199093CC
:1002C0000119A0930219B0930319809135029091FE
:1002D00036029093FF188093FE1884E690E0909386
:1002E00036028093350208958F929F92AF92BF920B
:1002F000CF92DF92EF92FF92CF93DF9380903702FD
:1003000090903802A0903902B0903A02FC01C0806F
:10031000D180E280F38020E030E0A901C701B6017E
:100320000F94CD35882341F0C0923702D092380225
:10033000E0923902F0923A02C0913502D091360231
:1003400084E690E09093360280933502C0902B02B1
:10035000D0902C02E0902D02F0902E0280E090E0F0
:10036000A0E8BFE380932B0290932C02A0932D0270
:10037000B0932E020E9494FE80923702909238022F
:10038000A0923902B0923A02D0933602C09335025D
:10039000C0922B02D0922C02E0922D02F0922E02FB
:1003A000DF91CF91FF90EF90DF90CF90BF90AF9013
:1003B0009F908F900895CF93DF93CDB7DEB72C97A2
:1003C0000FB6F894DEBF0FBECDBF19821A821B8212
:1003D0001C821D821E821F82188619861A861B8621
:1003E0001C86AE014F5F5F4FBC018AE49DE00E9416
:1003F0008F922C960FB6F894DEBF0FBECDBFDF9163
:10040000CF910895EF92FF920F931F93CF93DF93B5
:100410007C018B010E94AA2CCAE4DDE020912B0212
:1004200030912C0240912D0250912E02F7016081F3
:100430007181828193810F94AB3D2C853D854E85E2
:100440005F850F94B13C6C877D878E879F87C8013D
:100450000F94DB01DF91CF911F910F91FF90EF90EF
:100460000C9459F88F929F92AF92BF92CF92DF92E5
:10047000EF92FF921F93CF93DF93CDB7DEB76097D4
:100480000FB6F894DEBF0FBECDBF182F80E00E94DC
:100490000CFD4B015C018092F2189092F318A0922F
:1004A000F418B092F51881E00E940CFD6B017C01FC
:1004B000C092F618D092F718E092F818F092F91856
:1004C00082E00E940CFD6093FA187093FB188093F1
:1004D000FC189093FD181D861E861F86188A898237
:1004E0009A82AB82BC82CD82DE82EF82F8866987F7
:1004F0007A878B879C8783E00E940CFD6D877E87BF
:100500008F87988B80917C0C882321F0CE010196F7
:100510000E9435F71E3FD9F480E1FE013196AAE42E
:10052000BDE001900D928A95E1F760960FB6F894C0
:10053000DEBF0FBECDBFDF91CF911F91FF90EF9037
:10054000DF90CF90BF90AF909F908F90089584E000
:10055000189FF0011124DF01A65BB24F81E090E00B
:100560008C0F9D1FE80FF91F4081518162817381BB
:100570004D935D936D937C931397D7CF8091830CAC
:1005800085FF08C043E655E36AE775E38AE49DE02A
:100590000E94AC340C942C82CF93DF93CDB7DEB79E
:1005A0002C970FB6F894DEBF0FBECDBF0E941D7C06
:1005B0000E94EEFB9CE0E7E1F7E1DE01119601907D
:1005C0000D929A95E1F781110E94E52BCE010196DB
:1005D0000E9496DF2C960FB6F894DEBF0FBECDBFFB
:1005E000DF91CF9108952F923F924F925F926F9239
:1005F0007F928F929F92AF92BF92CF92DF92EF92B3
:10060000FF920F931F93CF93DF9300D000D000D0C1
:10061000CDB7DEB740904A0D50904B0D60904C0D19
:1006200070904D0D80904E0D90904F0DA090500DFC
:10063000B090510DC090520DD090530DE090540DDC
:10064000F090550D8091560D9091570DA091580D39
:10065000B091590D8C839D83AE83BF830E94E7F7D1
:100660000E9443230E94AFF885EE282E8AE3382E9D
:10067000A1E1B2E0B987A88709ED1AE3EAEDF3E05A
:10068000FB83EA83198289810E947AFDC1010E945D
:100690004723A885B98512966D937D938D939C937E
:1006A0001597C8010E944723E885F98566877787F3
:1006B000808B918B8091830C85FF1DC0AA81BB81AB
:1006C0006C9183ED9AE30E94982FE885F985428129
:1006D0005381648175818DEC9AE30E942332A88551
:1006E000B9851E964D915D916D917C91519787ECE6
:1006F0009AE30E940D33B981BF5FB983E4E02E0E07
:10070000311C888599850496998788870C5F1F4FCF
:10071000AA81BB811196BB83AA83B981B33009F04A
:10072000B2CF81EF96E10E94D17F0E94642B0E949C
:1007300035F8A301920160914A0D70914B0D8091A3
:100740004C0D90914D0D0F94CD3581112CC0A5010C
:10075000940160914E0D70914F0D8091500D9091CC
:10076000510D0F94CD3581111EC0A70196016091E6
:10077000520D7091530D8091540D9091550D0F9421
:10078000CD35811110C02C813D814E815F816091FA
:10079000560D7091570D8091580D9091590D0F94F1
:1007A000CD358823D1F029960FB6F894DEBF0FBE61
:1007B000CDBFDF91CF911F910F91FF90EF90DF9010
:1007C000CF90BF90AF909F908F907F906F905F90F1
:1007D0004F903F902F900D94CC0229960FB6F8942D
:1007E000DEBF0FBECDBFDF91CF911F910F91FF9064
:1007F000EF90DF90CF90BF90AF909F908F907F90C1
:100800006F905F904F903F902F9008958091AE171A
:10081000811105C08091B017882309F45DC08091D3
:10082000F118659B53C081608093F118909103018A
:100830008091F11891FF4CC082608093F1188091F3
:10084000F1184A9B47C084608093F1188091091782
:1008500080FF10C08091AF1780FF0CC08091F1180D
:1008600080FF08C08091820C81608093820C80E0C0
:100870000E94CADF8091091781FF10C08091AF17D5
:1008800081FF0CC08091F11881FF08C08091820C1B
:1008900082608093820C81E00E94CADF80910917F8
:1008A00082FF1AC08091AF1782FF16C08091B017E7
:1008B000882391F08091F11882FF0EC08091820C04
:1008C00084608093820C82E00C94CADF8E7FACCF70
:1008D0008D7FB3CF8B7FB8CF0895CF93DF9389E41B
:1008E00095E30E94772F8CB163E475E385FB88273D
:1008F00080F90E94D6F6809103016DE375E3869539
:1009000081700E94D6F689B167E375E382FB882780
:1009100080F90E94D6F6C09104178EE295E3C230AA
:1009200051F10E94772F8BE295E30E94772FCC2321
:10093000E1F0C73009F03FC08CE195E30E94772FCA
:1009400082E00E948D93EC0189E195E30E94772F6C
:100950008FE095E3CD2B11F08AE095E30E94772F8D
:100960008AE0DF91CF910C94702F86E295E3DF91BE
:10097000CF910C94772F0E94772F8BE295E30E9402
:10098000772FC1E0D0E082E00E948D93C817D9078D
:1009900049F08EEF94E30E94772F8AE0DF91CF91A8
:1009A0000C94702F86E095E30E94772F8AE0DF9108
:1009B000CF910C94702FD0E0C0E0E5CF8091AE17BE
:1009C000811104C08091B017882331F062E070E09B
:1009D00080E090E00C94862C08958091820C88230E
:1009E00019F01092820C089540E070E060E080EF12
:1009F00094E30E9417390F931F9380913310813035
:100A000019F50E94BB940091E9181091EA18209101
:100A1000EB183091EC18601B710B820B930B28EED6
:100A200033E040E050E00F94113C6091BB187091AE
:100A3000BC188091BD189091BE18620F731F841F5F
:100A4000951F1F910F9108956091ED187091EE1808
:100A50008091EF189091F018D6CF10923310109229
:100A6000E9181092EA181092EB181092EC181092F4
:100A7000ED181092EE181092EF181092F0181092D4
:100A8000BB181092BC181092BD181092BE18089591
:100A90008C3221E0920714F08CE291E09093CF1217
:100AA0008093CE120C943C28EAE6FCE0108211827E
:100AB0001282138214820C943C28CF92DF92EF9220
:100AC000FF92FC01C080D180E280F38020E030E022
:100AD000A901C701B6010F94CD3520E030E0A9018E
:100AE00087FD14C020E030E048EC52E4C701B601B5
:100AF0000F94113F24E630E040E050E0181634F047
:100B0000C701B6010F941D3E9B01AC01AFEFB0E0F1
:100B10000F94523C24E630E040E050E00F94333C28
:100B20002F3F310519F010F02FEF30E02093440DE6
:100B3000FF90EF90DF90CF9008958091090180FFA2
:100B400005C08091E31482958170089581E0089535
:100B5000CF92DF92EF92FF92FC01C080D180E280C1
:100B6000F3800F94540520E030E0A901C701B601DD
:100B70000F94CD3587FD1BC020E030E046E953E4FB
:100B8000C701B6010F94113F181634F4C12CD12CB3
:100B900086E9E82E83E4F82EC701B6010F941E3FC4
:100BA000CB01FF90EF90DF90CF900D944805C12CC2
:100BB000D12C7601F1CFCF92DF92EF92FF92FC0120
:100BC000C080D180E280F380663059F510926F0CBE
:100BD0001092700C1092710C1092720C1092730C97
:100BE0000E94E12820E030E0A901C701B6010F947E
:100BF000CD3587FF25C0C12CD12C7601C701B601A8
:100C00000F941E3F6C38710514F06CE870E070931F
:100C1000A3126093A212FF90EF90DF90CF900C94FC
:100C2000E1280F94540520E030E0A901C701B60186
:100C30000F94CD3587FF15C0C12CD12C760121C072
:100C400020E030E04CE053E4C701B6010F94113FBF
:100C50001816A4F6C12CD12C9CE0E92E93E4F92EB1
:100C6000CDCF20E030E046E953E4C701B6010F9450
:100C7000113F181634F4C12CD12C86E9E82E83E4F8
:100C8000F82EC701B6010F941E3FCB01FF90EF90E5
:100C9000DF90CF900D9448052091B81820FF0DC02B
:100CA00020E83EE3629FA001639F500D729F500DAC
:100CB0001124CA010497F0F708950C94862C9091A2
:100CC000810C977081E0973009F080E00895809161
:100CD000391390913A138F3F980731F48091E314C0
:100CE00084FF07C00E94ABCC90933A1380933913D2
:100CF000089590E080E0F8CFCF93DF9310929E07A5
:100D00001092E0071092E2071092E1071092E818A3
:100D10001092E718CFEFDFEF8091E31486FD07C054
:100D20000E942AC4D0933A13C0933913F5CF8FEFA2
:100D30009FEF90933A1380933913DF91CF910895E9
:100D4000CF93DF93EB010E94772FBE0190E080E00C
:100D5000DF91CF910C94AF76CF92DF92EF92FF921A
:100D60006A017B010E94772FC701B6010E94AF760E
:100D70008AE0FF90EF90DF90CF900C94702FCF938C
:100D8000DF93EB010E94772FBE0190E080E00E948C
:100D9000AF768AE0DF91CF910C94702F0E949E3540
:100DA0008AE00C94702FE6EEF7E08CE090E09183FF
:100DB000808381E082838383848380E290E09783D1
:100DC00086838FE0808784E681878CE390E0938739
:100DD000828715820E94B0351092B71884E694E39A
:100DE0000C94AB358F929F92AF92BF92CF92DF92CD
:100DF000EF92FF920F931F93CF93DF937C0121E536
:100E0000E20EF11CD7014C914A3509F0A4C06C01E7
:100E1000B2E5CB0ED11CF6013081353A09F09BC00A
:100E2000EC01C05BDF4F2881233008F494C08C01B3
:100E300000561F4FD8014C93E15BFF4F3083319632
:100E40002083EF54F1093081E05BFF4F308330386D
:100E5000B1F43196AC54B1093C913083E854F109B6
:100E6000AF5ABF4F50E040E02250330B42175307B8
:100E7000CCF4808132968D934F5F5F4FF7CF233054
:100E800031F5313809F074C0FC01EC55FF4FDC013D
:100E9000AC5ABF4F2C9120833196885A9F4FDC016A
:100EA0008C9180834801B12CA12C888190E002961E
:100EB0008A159B050CF43FC0F40181914F010E94FB
:100EC000D52D0E94BA74FFEFAF1ABF0AEECF3238A9
:100ED00021F5FC01EC5AFF4F30814181E05BFF4F6F
:100EE000408331963083DC01AA55BF4F50E040E08B
:100EF0002350330B42175307ACF6FA01EE7FE45A46
:100F0000FF4FE80FF91F608171817C9311966C93FC
:100F100011974E5F5F4F1296EDCF243019F633389C
:100F200009F6FC01EC5AFF4F20813181E05BFF4F55
:100F300030833196B0CF80E5DE011D928A95E9F7C6
:100F40008EE2F80111928A95E9F78AE5D7018C9330
:100F500085EAF6018083DF91CF911F910F91FF9079
:100F6000EF90DF90CF90BF90AF909F908F900895BB
:100F7000323809F097CFADCF88ED94E30E94AB35BE
:100F80008091F80C873059F183E08093FE0761E08F
:100F900070E080E090E00F944C0681E09AE5909339
:100FA00066148093651485E390E0909368148093B1
:100FB000671487E08093591482E880935C1484E876
:100FC00090E0A0E0B0E080935D1490935E14A09355
:100FD0005F14B093601489E094E10F94F20680915D
:100FE00033108130F1F08230C9F40F94FB04609328
:100FF000BB187093BC188093BD189093BE1881E005
:10100000809333100E94BB946093E9187093EA18A0
:101010008093EB189093EC1881E008950F942D05C0
:10102000EECF80E008950E94F5791092A60B109201
:101030005E020E94F62C882331F08CEA94E39093B0
:10104000DF078093DE0761E085EA94E30E94A02F2A
:101050000D94BC070F931F930E94BB940091A91796
:101060001091AA172091AB173091AC1701151105FB
:101070002105310509F064C020912713222309F4CA
:101080005CC0E091251321502093271321E02E0FFF
:101090002093251330912813231302C01092251397
:1010A00024E0E29FF0011124E75DFC4E00811181F4
:1010B000228133810093A5171093A6172093A717B9
:1010C0003093A817600F711F811D911D6093A917A0
:1010D0007093AA178093AB179093AC178091A717C2
:1010E0009091A817892B49F11FB7F89480EB94E3EE
:1010F0000E94AB3584E096E090936614809365146B
:1011000080EA90E8909368148093671487E0809356
:10111000591482E880935C1480EA90E0A0E0B0E08B
:1011200080935D1490935E14A0935F14B093601449
:1011300089E094E10F94F2061FBF1F910F9108956B
:10114000601B710B820B930B97FDF7CF40981092A9
:10115000A9171092AA171092AB171092AC17EDCFE7
:101160000F931F93CF93DF938C01EB019091271383
:1011700020912813921305C00F942A080E9449D881
:10118000F5CF8091261334E0839FF0011124E75DB1
:10119000FC4E11830083D383C2839F5F90932713F8
:1011A0008F5F281739F080932613DF91CF911F911D
:1011B0000F91089510922613F8CFBF92CF92DF922D
:1011C000EF92FF920F931F93CF93DF930E946229B8
:1011D000882309F477C0D0E0C0E000E034E0D32EEB
:1011E00045E0E42E52E8F52E10E08C2F8170C82ED9
:1011F000B12EB00E8D2D811BC11001C0812FFE01BB
:10120000E89EE00DF11D1124EE0FFF1FEE0FFF1FF2
:10121000EC56F34F20E030E04AE754E460817181FE
:10122000828193810F9433360F941D3E7093661420
:1012300060936514E0925914F0925C148B2D90E049
:101240008058974F880F991F092E000CAA0BBB0BD3
:1012500080935D1490935E14A0935F14B093601418
:1012600089E094E10F94F2061F5F153009F60B5FD9
:101270002196093109F0B8CF83E090E0909366148D
:101280008093651410935914F0925C1485E490E1F6
:10129000A0E0B0E080935D1490935E14A0935F147F
:1012A000B093601489E094E10F94F20681E0DF913D
:1012B000CF911F910F91FF90EF90DF90CF90BF9053
:1012C0000C94023582E090E090936614809365144C
:1012D00085E08093591482E880935C1485E490E162
:1012E000A0E0B0E080935D1490935E14A0935F142F
:1012F000B093601489E094E10F94F20680E0D7CFB8
:10130000AF92BF92CF92DF92EF92FF920F931F9313
:10131000CF93DF93EC0184E6C82E80E2D82EE12C37
:10132000F12C02E8A12C90E2B92E15E000935C1498
:10133000C0925D14D0925E14E0925F14F09260143B
:10134000B0926614A09265141093591489E094E148
:101350000F94F2068FEFC81AD80AE80AF80A88E74D
:10136000C81680E2D806E104F10401F724E630E271
:1013700040E050E0BE0189E094E1DF91CF911F9100
:101380000F91FF90EF90DF90CF90BF90AF900C94B3
:10139000C174809133108130C9F581EC94E30E94CF
:1013A000AB3581E09AE590936614809365148EE4E2
:1013B00090E0909368148093671487E080935914A9
:1013C00082E880935C1484E890E0A0E0B0E0809331
:1013D0005D1490935E14A0935F14B093601489E041
:1013E00094E10F94F2068AE795E00F94800982E079
:1013F000809333100E94BB946093ED187093EE18A5
:101400008093EF189093F01881E0089580E008959C
:101410000F931F93CF93DF938C016F3F19F41092BA
:101420001C1060E020911C10862F062E000C990BDA
:101430002817190609F04CF560931C10C8010F9489
:101440001A35800F911FEC01C01BD10BC034D105A0
:101450003CF00197FC012491207C2038D1F3F3CF9C
:10146000DD27AE01B8018CED9FE00F943B35C452EF
:10147000D04F1882C8010E940A398CED9FE0DF919D
:10148000CF911F910F910D948009DF91CF911F9102
:101490000F9108958F929F92AF92BF92DF92EF9239
:1014A000FF920F931F93CF93DF93CDB7DEB7CA5A46
:1014B000D1090FB6F894DEBF0FBECDBFCF55DF4FB9
:1014C000188219821A821B82C15AD04080918505E8
:1014D00090918605A0918705B0918805CB55DF4F87
:1014E00088839983AA83BB83C55AD04084E690E061
:1014F0009093420D8093410D1092691210926812E0
:101500001092F61664E070E0CE018B559F4F0E945A
:1015100053948091410D9091420D02969093420D0B
:101520008093410D109269121092681281E0C655A5
:10153000DF4F8883CA5AD040CE0186559F4F0E9404
:10154000A9EC68E470E089EF9CE00E94539460E1AC
:1015500070E08DE897E00E9453948AE097EDA3EA4B
:10156000BCE3CF55DF4F88839983AA83BB83C15ADD
:10157000D040CE018F559F4F0E94A5EC81EB97E1A3
:101580000E94B1EC8DE997E00E94ADEC8FEF96E1FF
:101590000E94A5EC84E097E10E94A9EC80917D0C6B
:1015A00090917E0CA0917F0CB091800C89839A83DE
:1015B000AB83BC838E010F5F1F4FC8010E94A5EC57
:1015C000CF55DF4F188219821A821B82C15AD04030
:1015D0007E018DE6E80EF11C83E0F70180838983AC
:1015E000CE018F559F4F0E94A5ECC7010E94A9EC28
:1015F000C8010E94A9EC3AE0D32EDA94DD2031F044
:10160000CE018F559F4F0E94A5ECF7CF82EF92E15C
:101610000E94B1ECCF55DF4F188219821A821B82CB
:10162000C15AD0402AE0D22EDA94DD2031F0CE012A
:101630008F559F4F0E94A5ECF7CF85E0D82ED98219
:10164000F701D082C8010E94A9ECC7010E94A9EC51
:1016500068E070E085ED98E10E94539468E070E0E6
:101660008DEC98E10E94539464E670E084E99CE07C
:101670000E9453941982AA24AA94F701A082C80157
:101680000E94ADECC7010E94A9EC90E1B92EF801CF
:101690008B2D11928A95E9F760E170E0C8010E94F4
:1016A00053941982C8010E94ADEC8091E61290918A
:1016B000E712A091E812B091E91289839A83AB8373
:1016C000BC832CEA35EC47E25EE36091EA1270914C
:1016D000EB128091EC129091ED120F94AB3D6D8363
:1016E0007E838F8398872CEA35EC47E25EE3609136
:1016F000EE127091EF128091F0129091F1120F940E
:10170000333669877A878B879C8780E090E0A0E8F2
:10171000BFE38D879E87AF87B88B198A1A8A1B8A89
:101720001C8A64E170E0C8010E94539484E190E057
:101730009A83898362E070E0C8010E94539480918B
:10174000BA129091BB12A091BC12B091BD128983C4
:101750009A83AB83BC832CEA35EC47E25EE360916D
:10176000BE127091BF128091C0129091C1120F945D
:10177000AB3D6D837E838F8398872CEA35EC47E2FF
:101780005EE36091C2127091C3128091C412909175
:10179000C5120F94333669877A878B879C876CE0F4
:1017A00070E0C8010E9453948CE0E1E5F3E0D801B9
:1017B00001900D928A95E1F76CE070E0C8010E94FB
:1017C00053941982C8010E94A9EC8FE78983C8014C
:1017D0000E94A9ECA982C8010E94A9ECEDE5F3E002
:1017E000D80101900D92DA94E1F765E070E0C8014C
:1017F0000E9453948091580C8983C8010E94ADECDB
:1018000080E2E2E6F3E0D80101900D928A95E1F7DB
:1018100060E270E0C8010E945394F7011082C70192
:101820000E94ADEC80EF96E10E94ADEC8CEE96E16B
:101830000E94A5ECCF55DF4F188219821A821B82B5
:10184000C15AD040CE018F559F4F0E94A5EC82E136
:10185000F80111928A95E9F762E170E0C8010E94EF
:10186000539484E2E2E8F3E0D80101900D928A9566
:10187000E1F764E270E0C8010E945394F8018B2DF7
:1018800011928A95E9F760E170E0C8010E945394D3
:101890001A82198262E070E0C8010E94539483E8C2
:1018A00097E00E94A5ECF8011192BA94E9F760E183
:1018B00070E0C8010E9453948CE6F80111928A9559
:1018C000E9F76CE670E0C8010E94539468E070E0AC
:1018D00084EE96E10E9453941CE0F701812F11924F
:1018E0008A95E9F7C755DF4F1882C95AD04080E082
:1018F00090E0A0E4B0E4C356DF4F88839983AA83C5
:10190000BB83CD59D040C7010E94B1ECCE018755B1
:101910009F4F0E94A9ECCE0183569F4F0E94A5ECD9
:1019200080E3F70111928A95E9F781EF9AE30E942B
:10193000772FE6EEF7E0D70101900D921A95E1F7C7
:1019400060E370E0C7010E945394D090F616D11066
:1019500046C00091410D1091420D0456110980912D
:10196000681290916912F7019183808384E690E078
:101970009093420D8093410D64E070E088E493E021
:101980000E94539462E070E0C7010E9453940E9449
:10199000BD31B8018BE49BE30F94A006F701808072
:1019A0009180B12CA12C8EE39BE30E94772FC5017F
:1019B000B4010E94AF768BE39BE30E94772F0E3C2D
:1019C000124041F00E94C13086E192E20E94772FDE
:1019D000DD24D3948091F6168D298093F61680919C
:1019E000F616811109C060E08BE29BE30F94080AB0
:1019F0008BE29BE30E940A3986E19BE30E94AB35B0
:101A00009091F61681E08927C655DF4F0FB6F894FE
:101A1000DEBF0FBECDBFDF91CF911F910F91FF9021
:101A2000EF90DF90BF90AF909F908F9008951F939D
:101A3000CF93DF93CDB7DEB7A8970FB6F894DEBF8C
:101A40000FBECDBF9C0184E08093FE0790914302BE
:101A50008091E618E92F092E000CFF0B8E171F0648
:101A600021F42755344309F44DC09C3008F0A2C13D
:101A70008827E25CF24F8E4F0D94A83CC601C2004D
:101A80001001D40064015001260126015E01C0014D
:101A900068015E0181E09AE5909366148093651475
:101AA0008EE490E0909368148093671487E08093AD
:101AB000591482E880935C1484E890E0A0E0B0E0E0
:101AC00080935D1490935E14A0935F14B0936014A0
:101AD00089E094E10F94F20689E895E00F9480097B
:101AE000109143021093E6188BE294E30E94772F43
:101AF000612F110F770B880B990B0E9481798AE077
:101B00000E94702FA8960FB6F894DEBF0FBECDBF0F
:101B1000DF91CF911F91089581E09AE5909366142B
:101B2000809365148EE490E090936814809367141A
:101B300087E08093591482E880935C1484E890E0F5
:101B4000A0E0B0E080935D1490935E14A0935F14C6
:101B5000B093601489E094E10F94F2068FE995E068
:101B6000BDCF81E09AE590936614809365148EE46E
:101B700090E0909368148093671487E080935914E1
:101B800082E880935C1484E890E0A0E0B0E0809369
:101B90005D1490935E14A0935F14B093601489E079
:101BA00094E10F94F20683EC95E098CF81E09AE5FA
:101BB00090936614809365148EE490E0909368147B
:101BC0008093671487E08093591482E880935C14B3
:101BD00084E890E0A0E0B0E080935D1490935E1400
:101BE000A0935F14B093601489E094E10F94F2061F
:101BF00088E0E6EAF3E0DE01119601900D928A9505
:101C0000E1F7FE01399680E2DF011D928A95E9F73E
:101C10008091A40B811106C080919D076AEB75E04D
:101C2000811102C06BEE75E0CE0101960F94F43F76
:101C300064EF75E0CE0101960F94F43FCE0101965A
:101C40004DCF81E09AE590936614809365148EE4FD
:101C500090E0909368148093671487E08093591400
:101C600082E880935C1484E890E0A0E0B0E0809388
:101C70005D1490935E14A0935F14B093601489E098
:101C800094E10F94F2068BE096E028CF81E09AE58C
:101C900090936614809365148EE490E0909368149A
:101CA0008093671487E08093591482E880935C14D2
:101CB00084E890E0A0E0B0E080935D1490935E141F
:101CC000A0935F14B093601489E094E10F94F2063E
:101CD00086E196E003CF81E09AE5909366148093C5
:101CE00065148EE490E0909368148093671487E005
:101CF0008093591482E880935C1484E890E0A0E01B
:101D0000B0E080935D1490935E14A0935F14B09341
:101D1000601489E094E10F94F20680E396E0DECE51
:101D200081E09AE590936614809365148EE490E0C8
:101D3000909368148093671487E08093591482E825
:101D400080935C1484E890E0A0E0B0E080935D14A0
:101D500090935E14A0935F14B093601489E094E1B3
:101D60000F94F2068DE396E0B9CE81E09AE5909368
:101D700066148093651484E490E0909368148093D3
:101D8000671487E08093591482E880935C1484E898
:101D900090E0A0E0B0E080935D1490935E14A09377
:101DA0005F14B093601489E094E10F94F2068AE422
:101DB00096E094CE82E08093A50B1092A60B85E46A
:101DC00094E30E94AB358CCECF92DF92EF92FF92DC
:101DD0000F931F93CF93DF93CDB7DEB77C01CDB6C2
:101DE000DEB60F941A3501962DB73EB7281B390B76
:101DF0000FB6F8943EBF0FBE2DBF0DB71EB70F5FD5
:101E00001F4FB701C8010F941335C8010F94170D68
:101E10000FB6F894DEBE0FBECDBEDF91CF911F91FD
:101E20000F91FF90EF90DF90CF900895CF93DF93C5
:101E300000D01F92CDB7DEB783E194E30E94AB35AB
:101E40008091F80C833061F119821A821B821C8206
:101E5000CE0101960F945D051092FD0781E09AE591
:101E6000909366148093651483E390E090936814D4
:101E70008093671487E08093591482E880935C1400
:101E800084E890E0A0E0B0E080935D1490935E144D
:101E9000A0935F14B093601489E094E10F94F2066C
:101EA0000F900F900F900F90DF91CF910895809138
:101EB00033108150823080F40F94160F109233103B
:101EC0000E94BB946093ED187093EE188093EF1806
:101ED0009093F01881E0089580E008951092A60B89
:101EE00010925E020E94E82C9091E31480FB97F917
:101EF0009093E31461E085E894E30E94A02F0F948F
:101F0000570F47E05FE16AE974E385E00E949C793E
:101F100060E08CE894E30D94080A8F929F92AF9250
:101F2000BF92CF92DF92EF92FF920F931F93CF93C6
:101F3000DF930F947C063AE0C32E30E2D32EE12CDF
:101F4000F12C15E002E846015701CAE0D0E01092FA
:101F50006614109265141093591400935C148092C7
:101F60005D1490925E14A0925F14B092601489E0A8
:101F700094E10F94F20621978FEF881A980AA80A25
:101F8000B80A209721F78AE0C80ED11CE11CF11C89
:101F900082EDC81680E2D806E104F104A1F6C12C56
:101FA00020E2D22EE12CF12CD5E0C2E8109266148A
:101FB00010926514D0935914C0935C14C0925D14B0
:101FC000D0925E14E0925F14F092601489E094E184
:101FD0000F94F2061092661410926514D09359145F
:101FE000C0935C14D701C6018C529F4FAF4FBF4FB7
:101FF00080935D1490935E14A0935F14B09360146B
:1020000089E094E10F94F2068FEFC81AD80AE80A23
:10201000F80A8AE0C81680E2D806E104F10431F635
:102020009EEDC92E90E2D92EE12CF12CD5E0C2E82C
:102030001092661410926514D0935914C0935C14D6
:10204000C0925D14D0925E14E0925F14F09260141E
:1020500089E094E10F94F2068FEFC81AD80AE80AD3
:10206000F80A86EEC81680E2D806E104F10401F70A
:10207000CC24C39482E1D82EE12CF12C0AE010E0AC
:10208000D5E0C2E81093661400936514D0935914F8
:10209000C0935C14C0925D14D0925E14E0925F1401
:1020A000F092601489E094E10F94F20610936614A4
:1020B00000936514D0935914C0935C14D701C601E2
:1020C0008096A11DB11D80935D1490935E14A09322
:1020D0005F14B093601489E094E10F94F2068FEFDF
:1020E000C81AD80AE80AF80A85E1C81682E1D806B3
:1020F000E104F10439F6DF91CF911F910F91FF9028
:10210000EF90DF90CF90BF90AF909F908F90089509
:102110000F931F93CF93DF9300D000D01F921F9295
:10212000CDB7DEB78091EF0790E08A3091050CF0D3
:1021300067C18AE08093EF078091F0079091F107E3
:102140008A3091050CF062C18AE090E09093F1072B
:102150008093F0078091EA07882309F45EC188EB39
:102160009091E907911184609091EB079A3009F4FE
:1021700082601A8219829AE599839FEF9B838C83F0
:10218000BE016F5F7F4F80E890E00E941A7A209135
:10219000F0073091F10744E6429FC001439F900D44
:1021A00011242091EF072D832091EE072E839F832A
:1021B0008887BE016B5F7F4F82E890E00E941A7AA9
:1021C0008091EA0781112BC1109266141092651458
:1021D00005E00093591412E810935C148AE890E12A
:1021E000A0E0B0E080935D1490935E14A0935F1420
:1021F000B093601489E094E10F94F20689E090E0D6
:1022000090936614809365140093591410935C1492
:102210008CE890E1A0E0B0E080935D1490935E14B0
:10222000A0935F14B093601489E094E10F94F206D8
:102230008091EC079091ED0790936614809365145C
:1022400005E00093591412E810935C1488E890E1BB
:10225000A0E0B0E080935D1490935E14A0935F14AF
:10226000B093601489E094E10F94F2068091EC073A
:1022700010926514809366140093591410935C14A3
:1022800081EA90E0A0E0B0E080935D1490935E144A
:10229000A0935F14B093601489E094E10F94F20668
:1022A0002091EC073091ED0737FDE4C02F3F310559
:1022B00019F014F02FEF30E0032E000C440B550BF7
:1022C000A4E6B0E00F94523C2FEF30E040E050E045
:1022D0000F94333C309366142093651405E000930B
:1022E000591412E810935C1480E491E1A0E0B0E08E
:1022F00080935D1490935E14A0935F14B093601468
:1023000089E094E10F94F2068091EF0790E09093BA
:102310006614809365140093591410935C1482E43E
:1023200091E1A0E0B0E080935D1490935E14A093DF
:102330005F14B093601489E094E10F94F2068091E9
:10234000EE0790E0909366148093651400935914FF
:1023500010935C1484E491E1A0E0B0E080935D14FC
:1023600090935E14A0935F14B093601489E094E19D
:102370000F94F2068091F0079091F1079093661404
:10238000809365140093591410935C1488E491E1D0
:10239000A0E0B0E080935D1490935E14A0935F146E
:1023A000B093601489E094E10F94F2068091E907FC
:1023B000882309F463C083E090E0909366148093CF
:1023C00065140093591410935C1486E491E1A0E025
:1023D000B0E080935D1490935E14A0935F14B0936B
:1023E000601489E094E10F94F20628960FB6F894F1
:1023F000DEBF0FBECDBFDF91CF911F910F9108952A
:10240000853691050CF498CE84E694CE80399240BE
:102410000CF4A0CE8FE892E099CE80EBA1CE209173
:10242000EC073091ED07C901019697FD4F9625E025
:10243000959587952A95E1F7019790936614809377
:10244000651405E00093591412E810935C148AE8AF
:1024500090E1A0E0B0E080935D1490935E14A093AF
:102460005F14B093601489E094E10F94F20688E061
:1024700090E0C6CE20E030E0A90122CF82E090E0DB
:102480009CCF2F923F924F925F926F927F928F924A
:102490009F92AF92BF92CF92DF92EF92FF920F93F3
:1024A0001F93CF93DF93009709F0AAC11092E20720
:1024B0001092E1079093E8188093E718BAE0CB2ECA
:1024C000B0E2DB2EE12CF12C15E002E846015701C9
:1024D000C4E1D0E0109298131092971310938B13CD
:1024E00000938E1380928F1390929013A092911369
:1024F000B09292138BE393E10F94F20621972FEFA2
:10250000821A920AA20AB20A209721F744E1C40E65
:10251000D11CE11CF11C8AE5C81680E2D806E10452
:10252000F104A1F6C12CA0E2DA2EE12CF12CD5E0C9
:10253000C2E81092981310929713D0938B13C09304
:102540008E13C0928F13D0929013E0929113F09259
:1025500092138BE393E10F94F2061092981310926A
:102560009713D0938B13C0938E13D701C6018C524F
:102570009F4FAF4FBF4F80938F1390939013A093B3
:102580009113B09392138BE393E10F94F206EFEF64
:10259000CE1ADE0AEE0AFE0AFAE0CF16F0E2DF06F5
:1025A000E104F10431F6FEEDCF2EF0E2DF2EE12C56
:1025B000F12CD5E0C2E81092981310929713D093A3
:1025C0008B13C0938E13C0928F13D0929013E0920E
:1025D0009113F09292138BE393E10F94F2062FEF95
:1025E000C21AD20AE20AF20A46EEC41640E2D40641
:1025F000E104F10401F7CC24C394E2E1DE2EE12CE6
:10260000F12C0AE010E0D5E0C2E810939813009393
:102610009713D0938B13C0938E13C0928F13D092C5
:102620009013E0929113F09292138BE393E10F9445
:10263000F2061093981300939713D0938B13C093C3
:102640008E13D701C6018096A11DB11D80938F13F3
:1026500090939013A0939113B09392138BE393E113
:102660000F94F2068FEFC81AD80AE80AF80AE5E0D4
:10267000CE16E2E1DE06E104F10439F60091E1074D
:102680001091E2070115110509F0D6C08091E0070D
:10269000882309F4E1C02AE030E240E050E064E53C
:1026A00076E08BE393E10E94C174C1E0D0E003E0E7
:1026B00010E0E090E107F090E20735E0332E42E8C9
:1026C000242E44244A94542C64E0662E712C7FE11D
:1026D000C72E74E0D72E8091E1079091E207800F1A
:1026E000911FE816F90608F0D5C0C7010E94C97706
:1026F000882309F481C080914D1260E472E188233F
:1027000011F06DE472E1FB0101900020E9F7CF01C7
:102710000197861B970BF4E1FC9F9001FD9F300D04
:102720001124265F3F4D50E040E0459710F0FB013B
:10273000128A8BE393E10E94C174CE018F5F9D4E9C
:10274000B0E0A0E021964E0124E0880C991C2A9567
:10275000E1F7FDEF8F1AFFE99F0AB12CA12C209120
:10276000E31425FF7EC07092981360929713309205
:102770008B1320928E1380938F1390939013A093BA
:102780009113B09392138BE393E10F94F206D092DE
:102790009813C092971330928B1320928E138092CD
:1027A0008F1390929013A0929113B09292138BE397
:1027B00093E10F94F206B70183E894E30F94A00627
:1027C00080914D126DE472E1811102C060E472E10A
:1027D00080E894E30E946A3D6EE977E08CE794E339
:1027E0000E946A3D60E472E18BE794E30E946A3DD7
:1027F00087E794E30E94772F2FEFE21AF20A6BCF5C
:102800002091E1073091E207A901415051096091FF
:10281000E7187091E8186817790738F42C5F3F4F74
:102820003093E2072093E10745CE4430510508F488
:102830003DCE24503109F4CF0430110569F4809164
:10284000E007882331F083E090E09093E2078093E3
:10285000E107D0E0C0E02DCFD0E0C0E004E010E020
:1028600028CF109298131092971330928B132092C6
:102870008E1380938F1390939013A0939113B09322
:1028800092138BE393E10F94F206509298134092C7
:10289000971381CFDF91CF911F910F91FF90EF9010
:1028A000DF90CF90BF90AF909F908F907F906F9070
:1028B0005F904F903F902F9008958AEF93E30E948E
:1028C000AB350F947C0690E080E00F94411210929B
:1028D0000208109201081092000808950E941EC478
:1028E0000C9418C40F931F93CF93DF9320911C1067
:1028F00021112BC08C0160E08CEB90E20E94A02F94
:10290000C8010F946E14F80101900020E9F7319787
:10291000EF01C01BD10BC034D1052CF08291807C1B
:102920008038E1F3F5CFDD27AE01B8018CED9FE0F3
:102930000F941F40C452D04F18828CED9FE0DF915E
:10294000CF911F910F910D948009DF91CF911F912D
:102950000F910895CF92DF92EF92FF920F931F9302
:10296000CF93DF93CDB7DEB7A6970FB6F894DEBF4F
:102970000FBECDBF182F0E94D2FD812309F46BC07A
:102980004091430450914404609145047091460481
:102990004F8F58A369A37AA330E020E0E0E090E0F5
:1029A000AC01022E02C0559547950A94E2F740FF0C
:1029B00011C063E270E06C0F7D1F6E0F711D4FE15F
:1029C00050E04C0F5D1F420F531FDA014C91DB01A9
:1029D0004C93EF5F2F5F3F4F2330310509F78E0196
:1029E0000D5D1F4FE00FF12FF11D10821F930F930C
:1029F0008FEDC82E85E3D82EDF92CF92CE010196BF
:102A00007C019F938F930F9464350E94BD31C70161
:102A10000F946E141F930F93DF92CF92FF92EF9259
:102A20000F94643560E0C7010F9472140FB6F894E8
:102A3000DEBF0FBECDBF81E0A6960FB6F894DEBF15
:102A40000FBECDBFDF91CF911F910F91FF90EF90FF
:102A5000DF90CF90089580E0EFCF6F927F928F92BA
:102A60009F92AF92BF92CF92DF92EF92FF920F931D
:102A70001F93CF93DF93CDB7DEB7A3970FB6F8942C
:102A8000DEBF0FBECDBFF82E4A015B0138016901E0
:102A90004091830C45FB442740F96FEF75E3CE016D
:102AA00081960E94E23420E030E0A901B801C6011D
:102AB0000F94CD358111E4C0FF2019F081E0F812A8
:102AC000DAC060E070E88BE395E420E030E040E7B6
:102AD00052E40F94AB3D362F272F432F522FBC01CA
:102AE0004D8F5E8F6F8F78A30F2D10E08091830C38
:102AF00085FF25C0F801E652FC4F60818AEF95E31F
:102B00000E94982FB501A40187EF95E30E9423321C
:102B100084EF95E30E94772F20E030E0A901B30114
:102B2000C6010F94CD35882309F4AEC042E0B3014D
:102B3000C6010E9472D08DEE95E30E94772FF801B6
:102B4000ED57F84CE491CC24C3941E160CF4C12C20
:102B5000DD24D39420E030E0A901C501B4010F9435
:102B6000113F18160CF0D12CCD1471F092E0F9122F
:102B70000BC0EE2049F081E00E948B7C69E170E09F
:102B800080E090E00E94862C80E00E940CFD69832A
:102B90007A838B839C8381E00E940CFD6D837E830E
:102BA0008F83988782E00E940CFD69877A878B87E4
:102BB0009C8783E00E940CFD6D877E878F87988BB2
:102BC000000F111F000F111FE1E0F0E0EC0FFD1FDF
:102BD0000E0F1F1FF8011082118212821382CE0184
:102BE00001960E944FFCF80180829182A282B382FA
:102BF000198A1A8A1B8A1C8A1D8A1E8A1F8A188EA5
:102C0000198E1A8E1B8E1C8E8091870790918807D3
:102C1000892B51F4AE014F5E5F4FBE01635E7F4F63
:102C2000CE0101960E9450820E9459F8CD1451F0B5
:102C3000F2E0FF1205C0EE2019F080E00E948B7CCC
:102C40000F94ED04CE0181960E94D934A3960FB65D
:102C5000F894DEBF0FBECDBFDF91CF911F910F91D2
:102C6000FF90EF90DF90CF90BF90AF909F908F90AC
:102C70007F906F90089560E070E086E194E425CF46
:102C8000302F272DC60129CF4D8D5E8D6F8D78A1F8
:102C900082EF95E30E94233280EF95E30E94772F25
:102CA0004ACFCF92DF92EF92FF920F931F93CF9371
:102CB000DF93CDB7DEB767970FB6F894DEBF0FBED0
:102CC000CDBF6C877D878E879F87288B398B4A8BFA
:102CD0005B8BEC8AFD8A0E8B1F8B4091830C45FB2E
:102CE000442740F961E975E3CE0109960E94E23478
:102CF0008091830C85FF0EC010E000E02EE835E3E4
:102D0000AE014C5E5F4FBE01605F7F4FCE010C96FF
:102D10000E946934F601E080F1800281138120E095
:102D200030E0A901B701C8010F94CD35811190C0E1
:102D3000509131024091320230913302209134029D
:102D4000852F942FA32FB22F89839A83AB83BC83C3
:102D500020E030E0A901B701C8010F94CD35811101
:102D600004C0E12CF12C00E211E4C701D8018D83ED
:102D70009E83AF83B887CC88DD88EE88FF88A70163
:102D800096016091520D7091530D8091540D909168
:102D9000550D0F94CD3587FF0CC0C092520DD092C7
:102DA000530DE092540DF092550DCE0105960F94FF
:102DB000DB0188899989AA89BB894C855D856E85E7
:102DC0007F8540934A0D50934B0D60934C0D70934B
:102DD0004D0D80934E0D90934F0DA093500DB093D9
:102DE000510DCE0101960F94DB01CC88DD88EE8871
:102DF000FF88A70196016091520D7091530D80914B
:102E0000540D9091550D0F94113F181664F4C09213
:102E1000520DD092530DE092540DF092550DCE010B
:102E200005960F94DB010E9459F8CE0109960E9485
:102E3000D93467960FB6F894DEBF0FBECDBFDF91D1
:102E4000CF911F910F91FF90EF90DF90CF90089559
:102E50005E2D4F2D302F212F73CFCF92DF92EF9227
:102E6000FF920F931F936A01E090520DF090530D63
:102E70000091540D1091550DFB012081318142814B
:102E80005381FC0160817181828193810F9451167D
:102E90001F910F91FF90EF90DF90CF900895CF9208
:102EA000DF92EF92FF920F931F936B01FC01E08082
:102EB000F18002811381EAE4FDE0248135814681BD
:102EC000578160817181828193810F9451161F9186
:102ED0000F91FF90EF90DF90CF900895AF92BF9247
:102EE000CF92DF92EF92FF920F931F93CF93DF93D6
:102EF00000D01F92CDB7DEB7FC01E080F1800281E7
:102F00001381611112C0A090520DB090530DC0906A
:102F1000540DD090550D9501A601B701C8010F942D
:102F2000CD3587FF02C07501860120E030E048EC16
:102F300053E4B701C8010F94CD3587FD04C0E12CDF
:102F4000F12C08EC13E4C701D80189839A83AB8381
:102F5000BC836EED73E0CE0101960F944F170F9076
:102F60000F900F900F90DF91CF911F910F91FF90D5
:102F7000EF90DF90CF90BF90AF900895BF92CF9227
:102F8000DF92EF92FF920F931F93CF93DF9300D0C6
:102F90001F92CDB7DEB7B82E8091830C85FF12C08B
:102FA0004BE95AE363EB7AE38AE49DE00E94AC3498
:102FB00082E99AE30E94772F8B2D0E9450238AE0AA
:102FC0000E94702F8091B0178B1509F461C0BB204F
:102FD000D1F18091830C85FF0CC040E050E060E2AD
:102FE00071E48FE79AE30E9423328CE79AE30E9410
:102FF000772F80E090E0A0E2B1E489839A83AB83ED
:10300000BC83C090FA12D090FB12E090FC12F090BA
:10301000FD1220E030E0A901C701B6010F94CD35C3
:1030200087FF0CC0A701960160E070E080E291E4A8
:103030000F94B03C69837A838B839C8360E0CE01DC
:1030400001960F946E1760914A0D70914B0D80910F
:103050004C0D90914D0D20914E0D30914F0D4091A2
:10306000500D5091510D19821A821B821C82E090E2
:10307000520DF090530D0091540D1091550DFE011D
:1030800031966F010F945116B092B0170F94DE0471
:1030900080E00F900F900F900F90DF91CF911F91D4
:1030A0000F91FF90EF90DF90CF90BF9008952F92F7
:1030B0003F924F925F926F927F928F929F92AF92C8
:1030C000BF92CF92DF92EF92FF920F931F93CF9315
:1030D000DF93CDB7DEB764970FB6F894DEBF0FBEAF
:1030E000CDBFF82EC82ED12C8091830C85FF0CC04B
:1030F000F601E652FC4F608189E897E30E94982F21
:1031000086E897E30E94772FF601ED57F84C14916B
:1031100082E0F8122FC081E00F94BE178111CDC15B
:103120008FE797E30E94472320E030E0A9010F9446
:10313000CD358823F9F0612F110F770B880B990B90
:103140000F94D4354B015C018FE797E30E9447232E
:103150002B013C0120E030E040EA50E40F94CD35F3
:1031600011E087FF1CC0412C512C40EA642E40E442
:10317000742E15C0612F110F770B880B990B0F94CC
:10318000D4354B015C01C601880F991F880F991F28
:103190008958984C0E9447232B013C0110E0A5015F
:1031A0009401C301B2010F9433362B013C01160187
:1031B000220C331C220C331CC1018559984C0E94EF
:1031C000472320E030E040EC5FE30F943336A50165
:1031D00094010F943336698B7A8B8B8B9C8B809107
:1031E000830C85FF0CC049895A896B897C898FE5DE
:1031F00097E30E9423328BE597E30E94772FEE241A
:10320000E394E12600E010E0980149895A896B892E
:103210007C898F2D0F942D1520E030E0A901C3018A
:10322000B2010F94CD35882309F469C0D301C201DE
:10323000B058898B9A8BAB8BBC8B8091830C85FFAC
:103240000CC049895A896B897C898FE497E30E9475
:1032500023328BE497E30E94772F92E000E010E0A6
:1032600020E431E4F91619F000E010E09801E12CB7
:1032700049895A896B897C898F2D0F942D15A3015B
:103280009201C301B2010F94B13C2B013C0180912A
:10329000830C85FF0AC0B301A20181E497E30E9479
:1032A00023328DE397E30E94772FA2E000E010E045
:1032B00020EC30E4FA16E1F0F601E05DF94C64919F
:1032C000611107C00E94BD318EE096E30E94772F06
:1032D0006AE070E090E080E00F94D2359B01AC0191
:1032E00060E070E088E492E40F94AB3D8B019C01B8
:1032F000EE24E394B301A2018F2D0F942D1580913C
:10330000830C85FF0CC0F601E652FC4F60818FED07
:1033100096E30E94982F8CED96E30E94772F81E030
:1033200090E00F2C01C0880F0A94EAF79091810C6D
:10333000982B9093810C9091CB18892B8093CB186C
:10334000C1018053994C0E9447238601000F111F31
:10335000000F111FF801E65BF24F608371838283D7
:103360009383B2E0FB1226C04090FA125090FB12F9
:103370006090FC127090FD12A30192016091520DB9
:103380007091530D8091540D9091550D0F94B03C58
:103390006093520D7093530D8093540D9093550D7F
:1033A0008091830C85FF06C0B301A2018CE796E3F0
:1033B0000E940D33F801E154F74E108211821282FF
:1033C00013828F2D0E947AFD8091830C85FF25C08A
:1033D000F601E652FC4FE0806E2D8DE696E30E94EA
:1033E000982FF801EF54F84E40815181628173812A
:1033F00088E696E30E940D334FE456E364E576E3F6
:103400008AE49DE00E94AC346E2D86E396E30E9430
:10341000982F83E396E30E94772F0F94BE02F80162
:10342000E65BF24F80819181A281B381F801EC5774
:10343000F34F80839183A283B3838091830C85FFB4
:1034400008C049E057E369E277E38AE49DE00E941F
:10345000AC34E2E0FE1669F18CE0EEECF3E0DE0164
:10346000119601900D928A95E1F7E1E0F0E0EC0F02
:10347000FD1FE00FF11F408051806280738020E0CB
:1034800030E0A901C301B2010F94CD3581112EC0E6
:103490008091830C85FF11C0F601E652FC4F6081DC
:1034A0008BEF96E30E94982F88EF96E30E94772F88
:1034B00004C00E944D23882379F264960FB6F894D5
:1034C000DEBF0FBECDBFDF91CF911F910F91FF9057
:1034D000EF90DF90CF90BF90AF909F908F907F90B4
:1034E0006F905F904F903F902F90089520E030E0D4
:1034F000A901C301B2010F94113F87FF04C077FAFD
:10350000709477F87094065B124FA3019201C50185
:10351000B4010F9433369B01AC01D8016D917D91BC
:103520008D919C910F94B03CF801608371838283EC
:103530009383F2E080E090E0A0E4B1E4FF1621F094
:1035400080E090E0A8E4B2E48D879E87AF87B88BD7
:10355000CE010D960F94DB019BCF8F929F92AF927D
:10356000BF92CF92DF92EF92FF920F931F93CF9370
:10357000DF93CDB7DEB760970FB6F894DEBF0FBE0E
:10358000CDBF8B0140E050E068E472E449875A8780
:103590006B877C8740E050E060EA70E44D875E878F
:1035A0006F87788B8130B9F1823009F462C020E0F6
:1035B00030E040E050E46091520D7091530D8091E5
:1035C000540D9091550D0F94B13C4B017C0120E0BE
:1035D00030E048EC53E40F94113F181634F4812C7A
:1035E000912C88ECE82E93E4F92EF801A084B184A4
:1035F000C284D3849401A701B501C6010F94113F81
:10360000181614F054016701C501D60189839A8305
:10361000AB83BC8351C0BE01635F7F4FC801089676
:103620000F944F1788E0F801DE01119601900D927A
:103630008A95E1F7AE01475F5F4FBE016B5F7F4F39
:10364000CE0101960F942D170F94CC0260960FB601
:10365000F894DEBF0FBECDBFDF91CF911F910F91C8
:10366000FF90EF90DF90CF90BF90AF909F908F90A2
:103670000895F80120853185428553856091520D6A
:103680007091530D8091540D9091550D0F94B13C54
:103690006B017C0120E030E048EC53E40F94CD3521
:1036A00087FD06C0C12CD12C28ECE22E23E4F22E9B
:1036B000C982DA82EB82FC82BE01635F7F4FCE015A
:1036C0000196AECF2F923F924F925F926F927F9270
:1036D0008F929F92AF92BF92CF92DF92EF92FF9222
:1036E0000F931F93CF93DF9300D01F92CDB7DEB718
:1036F000ADB6BEB649E0642E44E1742E5AE5452EBF
:1037000065EA562E9091DE188091741820917518F4
:10371000821B8F7309F4E8C0913009F43FC0A8F10F
:10372000923009F443C0933079F7809174189091E6
:103730007518891B8F739091DD18891708F4D4C010
:103740000E94262E282E8091DD1833243A94380EBC
:10375000EDB6FEB68150990BADB7BEB7A81BB90B3D
:103760000FB6F894BEBF0FBEADBF0DB71EB70F5F4B
:103770001F4F680148013A94BFEF3B1611F10E94B8
:10378000262EF40181934F01F6CF0E94262E8A3512
:1037900009F0B8CF21E02093DE18B4CF0E94262E86
:1037A000853A69F482E08093DE18ACCF0E94262E21
:1037B0008093DD1883508E3710F483E0F4CF80E0DF
:1037C000F2CFF2E82F1212C0D8018C918F3409F099
:1037D00084C011968C918B3409F07FC01092DE1852
:1037E0000FB6F894FEBE0FBEEDBE8CCFB3E82B1221
:1037F00074C0F801608171817627672776279280EF
:10380000492D440FCB01B0E0A0E080930D149093BC
:103810000E14A0930F14B09310149092091490E01A
:1038200080E050E0F2E0CF0ED11C8417950770F4D1
:10383000FC01EE7FEB5EFB4ED60111963C91119799
:1038400012962C91318320830296ECCF89EA92E381
:103850000F94A006692D81EA92E30E94373BF8019C
:10386000D3808CE992E30E94772F8D2D0E946CD03B
:10387000D80114966C9185E992E30E94373BF801D8
:10388000D58080E992E30E94772F8D2D0E946CD025
:10389000D80116966C9189E892E30E94373B10920A
:1038A000DE1888E692E30E94AB356091F80C16169C
:1038B0008CF4062E000C770B86E592E30F94CE066F
:1038C000F30120E511922A95E9F740920A145092EB
:1038D0000B1486CF0E943A9B83CF1092DE180FB64E
:1038E000F894FEBE0FBEEDBE8091B618882319F184
:1038F0008091E5188837F8F48F5F8093E5180FB64C
:10390000F894BEBE0FBEADBE0F900F900F900F90FB
:10391000DF91CF911F910F91FF90EF90DF90CF90AB
:10392000BF90AF909F908F907F906F905F904F90DF
:103930003F902F9008951092E5188091E318909190
:10394000E4189C012F5F3F4F3093E4182093E31855
:103950008E3E9240A0F26091CA127091CB1280917B
:10396000CC129091CD120F941D3E7093661460930B
:10397000651405E00093591412E810935C1486E373
:1039800090E1A0E0B0E080935D1490935E14A0936A
:103990005F14B093601489E094E10F94F206609193
:1039A0009E1270919F128091A0129091A1120F947B
:1039B0001D3E709366146093651400935914109320
:1039C0005C148CE390E1A0E0B0E080935D149093F0
:1039D0005E14A0935F14B093601489E094E10F9497
:1039E000F2068091CE129091CF129093661480933C
:1039F00065140093591410935C1484E390E1A0E0E3
:103A0000B0E080935D1490935E14A0935F14B09324
:103A1000601489E094E10F94F2068091A2129091D3
:103A2000A312909366148093651400935914109315
:103A30005C148AE390E1A0E0B0E080935D14909381
:103A40005E14A0935F14B093601489E094E10F9426
:103A5000F206109266141092651400935914109394
:103A60005C1480E590E1A0E0B0E080935D14909359
:103A70005E14A0935F14B093601489E094E10F94F6
:103A8000F206109266141092651400935914109364
:103A90005C148EE490E1A0E0B0E080935D1490931C
:103AA0005E14A0935F14B093601489E094E10F94C6
:103AB000F2060E94B1F6882391F090914302209182
:103AC000E618E92F092E000CFF0B2E171F06B9F47C
:103AD0002091E1183091E2182436310584F4909158
:103AE000E30791117CC0882339F18091E11890910E
:103AF000E21801969093E2188093E1181DC09C3063
:103B000008F068C08827E857F24E8E4F0D94A83C05
:103B1000B4019A01D600CE00E2009C005A0178015F
:103B20006C010601AA0188018DEE93E30F94E40E67
:103B30001092E2181092E11881E08093B61810926A
:103B4000E4181092E3188091F80C811174C010925F
:103B5000E0188091E018853620F01092E01810925D
:103B6000F80CE091F80CE150E73008F0A3C00E2EFD
:103B7000000CFF0B8827E054F24E8E4F0D94A83CAA
:103B8000F8001E018A0102019E01BC0092018CED29
:103B900093E3CCCF8EEC93E3C9CF8AEB93E3C6CF0C
:103BA00087EA93E3C3CF87E594E3C0CF8AE993E341
:103BB000BDCF8CE893E3BACF8CE793E3B7CF8FE622
:103BC00093E3B4CF8FE593E3B1CF83E593E30E9412
:103BD000AB35AECF82E493E30F94170DA9CF8111DB
:103BE00025C081E09AE5909366148093651485E37F
:103BF00090E0909368148093671487E08093591441
:103C000082E880935C1484E890E0A0E0B0E08093C8
:103C10005D1490935E14A0935F14B093601489E0D8
:103C200094E10F94F2061092E30782CF1092E3071B
:103C300084E690E05FCF0E94BCF6811188CF80912E
:103C4000E0188F5F8093E01884CF0F945F0688237D
:103C500089F184E393E30E94AB3581E09AE5909388
:103C600066148093651486E390E0909368148093C3
:103C7000671487E08093591482E880935C1484E889
:103C800090E0A0E0B0E080935D1490935E14A09368
:103C90005F14B093601489E094E10F94F2061092DF
:103CA000F80C08C00F945F06882321F00E94BCF630
:103CB0008823A9F380917C0C882309F4B9C583E09B
:103CC00090E0909366148093651485E08093591476
:103CD00082E880935C1485E490E1A0E0B0E08093FA
:103CE0005D1490935E14A0935F14B093601489E008
:103CF00094E10F94F20680919D07882309F49BC5F7
:103D000083E090E0909366148093651485E080933F
:103D1000591482E880935C1488E190E1A0E0B0E05F
:103D200080935D1490935E14A0935F14B09360141D
:103D300089E094E10F94F2068091580C882309F4ED
:103D40007DC583E090E0909366148093651485E0D0
:103D50008093591482E880935C148AE190E1A0E09A
:103D6000B0E080935D1490935E14A0935F14B093C1
:103D7000601489E094E10F94F2068091B7188111E4
:103D800060C589E18093B71868EB7BE080E090E044
:103D90000F944C062091B718822F90E0253608F03A
:103DA0008CC5909366148093651485E080935914B4
:103DB00082E880935C1480E090E1A0E0B0E0809322
:103DC0005D1490935E14A0935F14B093601489E027
:103DD00094E10F94F2060E94BCF681117FC5109108
:103DE000E31412FB002700F912FF02C017FF76C58B
:103DF0000E94F62C811172C580913310813009F434
:103E00006DC5002311F017FF69C50E94022D8111B5
:103E100065C52091EC073091ED0737FD02C00D9488
:103E2000662720E030E0A901A4E6B0E00F94523C00
:103E30002FEF30E040E050E00F94333C30936614B5
:103E40002093651405E00093591412E810935C1454
:103E500080E491E1A0E0B0E080935D1490935E1463
:103E6000A0935F14B093601489E094E10F94F2067C
:103E70008091EF0790E0909366148093651400930F
:103E8000591410935C1482E491E1A0E0B0E08093B7
:103E90005D1490935E14A0935F14B093601489E056
:103EA00094E10F94F2068091EE0790E090936614EF
:103EB000809365140093591410935C1484E491E189
:103EC000A0E0B0E080935D1490935E14A0935F1423
:103ED000B093601489E094E10F94F2068091F007AA
:103EE0009091F10790936614809365140093591490
:103EF00010935C1488E491E1A0E0B0E080935D143D
:103F000090935E14A0935F14B093601489E094E1E1
:103F10000F94F2068091E907882309F4E3C783E050
:103F200090E0909366148093651400935914109355
:103F30005C1486E491E1A0E0B0E080935D1490937E
:103F40005E14A0935F14B093601489E094E10F9421
:103F5000F20620E030E040E251E460910D0D7091F6
:103F60000E0D80910F0D9091100D0F9433360F941C
:103F7000243E709366146093651405E00093591411
:103F800012E810935C1482E492E1A0E0B0E0809328
:103F90005D1490935E14A0935F14B093601489E055
:103FA00094E10F94F20620E030E040E251E46091A9
:103FB000110D7091120D8091130D9091140D0F94AD
:103FC00033360F94243E7093661460936514009307
:103FD000591410935C1486E492E1A0E0B0E0809361
:103FE0005D1490935E14A0935F14B093601489E005
:103FF00094E10F94F20620E030E040E251E4609159
:10400000150D7091160D8091170D9091180D0F944C
:1040100033360F94243E70936614609365140093B6
:10402000591410935C148AE492E1A0E0B0E080930C
:104030005D1490935E14A0935F14B093601489E0B4
:1040400094E10F94F20620E030E040E251E4609108
:10405000190D70911A0D80911B0D90911C0D0F94EC
:1040600033360F94243E7093661460936514009366
:10407000591410935C148EE492E1A0E0B0E08093B8
:104080005D1490935E14A0935F14B093601489E064
:1040900094E10F94F2066091F90C7091FA0C809102
:1040A000FB0C9091FC0C0F94D23520E030E048ECF2
:1040B00052E40F94AB3D0F94243E709366146093CA
:1040C00065140093591410935C1480E892E1A0E009
:1040D000B0E080935D1490935E14A0935F14B0934E
:1040E000601489E094E10F94F2066091FD0C7091E8
:1040F000FE0C8091FF0C9091000D0F94D23520E0C2
:1041000030E048EC52E40F94AB3D0F94243E7093A2
:104110006614609365140093591410935C1482E83C
:1041200092E1A0E0B0E080935D1490935E14A093C0
:104130005F14B093601489E094E10F94F2066091EB
:10414000010D7091020D8091030D9091040D0F945B
:10415000D23520E030E040E251E40F94AB3D0F94C3
:10416000243E709366146093651400935914109361
:104170005C1484E892E1A0E0B0E080935D14909339
:104180005E14A0935F14B093601489E094E10F94DF
:10419000F2066091050D7091060D8091070D9091CA
:1041A000080D0F94D2350F94243E709366146093DB
:1041B00065140093591410935C1486E892E1A0E012
:1041C000B0E080935D1490935E14A0935F14B0935D
:1041D000601489E094E10F94F20660911D0D7091D6
:1041E0001E0D80911F0D9091200D0F94243E709311
:1041F0006614609365140093591410935C1488E757
:1042000092E1A0E0B0E080935D1490935E14A093DF
:104210005F14B093601489E094E10F94F20660910A
:10422000210D7091220D8091230D9091240D0F94FA
:10423000243E709366146093651400935914109390
:104240005C148AE792E1A0E0B0E080935D14909363
:104250005E14A0935F14B093601489E094E10F940E
:10426000F2066091250D7091260D8091270D909199
:10427000280D0F94243E7093661460936514009388
:10428000591410935C148CE792E1A0E0B0E08093A5
:104290005D1490935E14A0935F14B093601489E052
:1042A00094E10F94F2066091290D70912A0D80918E
:1042B0002B0D90912C0D0F94243E709366146093F7
:1042C00065140093591410935C148EE792E1A0E0FA
:1042D000B0E080935D1490935E14A0935F14B0934C
:1042E000601489E094E10F94F20620E030E048EC9D
:1042F00052E460918D0770918E0780918F079091A5
:1043000090070F9433360F94243E70936614609395
:1043100065140093591410935C1480E792E1A0E0B7
:10432000B0E080935D1490935E14A0935F14B093FB
:10433000601489E094E10F94F20620E030E048EC4C
:1043400052E4609191077091920780919307909148
:1043500094070F9433360F94243E70936614609341
:1043600065140093591410935C1482E792E1A0E065
:10437000B0E080935D1490935E14A0935F14B093AB
:10438000601489E094E10F94F20620E030E048ECFC
:1043900052E46091950770919607809197079091EC
:1043A00098070F9433360F94243E709366146093ED
:1043B00065140093591410935C1484E792E1A0E013
:1043C000B0E080935D1490935E14A0935F14B0935B
:1043D000601489E094E10F94F20620E030E048ECAC
:1043E00052E46091990770919A0780919B07909190
:1043F0009C070F9433360F94243E70936614609399
:1044000065140093591410935C1486E792E1A0E0C0
:10441000B0E080935D1490935E14A0935F14B0930A
:10442000601489E094E10F94F20620E030E048EC5B
:1044300052E46091F2127091F3128091F412909113
:10444000F5120F9433360F941D3E709366146093EB
:1044500065140093591410935C1486E392E1A0E074
:10446000B0E080935D1490935E14A0935F14B093BA
:10447000601489E094E10F94F20620E030E048EC0B
:1044800052E46091F6127091F7128091F8129091B7
:10449000F9120F9433360F941D3E70936614609397
:1044A00065140093591410935C148AE392E1A0E020
:1044B000B0E080935D1490935E14A0935F14B0936A
:1044C000601489E094E10F94F20680913D0290918E
:1044D0003E029093661480936514009359141093D0
:1044E0005C1482E592E1A0E0B0E080935D149093CB
:1044F0005E14A0935F14B093601489E094E10F946C
:10450000F20680913B0290913C0290936614809356
:1045100065140093591410935C1484E592E1A0E0B3
:10452000B0E080935D1490935E14A0935F14B093F9
:10453000601489E094E10F94F20620E030E040E25C
:1045400051E46091E6127091E7128091E812909127
:10455000E9120F9433360F94243E709366146093DF
:1045600065140093591410935C1486E592E1A0E061
:10457000B0E080935D1490935E14A0935F14B093A9
:10458000601489E094E10F94F2062CEA35EC47E2DE
:104590005EE36091EA127091EB128091EC129091BF
:1045A000ED120F94AB3D20E030E040E251E40F9477
:1045B00033360F94243E7093661460936514009311
:1045C000591410935C148AE592E1A0E0B0E0809366
:1045D0005D1490935E14A0935F14B093601489E00F
:1045E00094E10F94F2062CEA35EC47E25EE3609129
:1045F000EE127091EF128091F0129091F1120F94DF
:10460000333620E030E040E251E40F9433360F942B
:10461000243E7093661460936514009359141093AC
:104620005C148EE592E1A0E0B0E080935D1490937D
:104630005E14A0935F14B093601489E094E10F942A
:10464000F20620E030E040E251E46091BA1270914D
:10465000BB128091BC129091BD120F9433360F940F
:10466000243E70936614609365140093591410935C
:104670005C1482E692E1A0E0B0E080935D14909338
:104680005E14A0935F14B093601489E094E10F94DA
:10469000F2062CEA35EC47E25EE36091BE127091BF
:1046A000BF128091C0129091C1120F94AB3D20E0D7
:1046B00030E040E251E40F9433360F94243E70937F
:1046C0006614609365140093591410935C1486E685
:1046D00092E1A0E0B0E080935D1490935E14A0930B
:1046E0005F14B093601489E094E10F94F2062CEA11
:1046F00035EC47E25EE36091C2127091C312809183
:10470000C4129091C5120F94333620E030E040E29D
:1047100051E40F9433360F94243E709366146093E3
:1047200065140093591410935C148AE692E1A0E09A
:10473000B0E0DAC186E293E30E94AB3581E09AE50E
:10474000909366148093651480E490E090936814CD
:104750008093671417E01093591482E880935C14D7
:1047600084E890E0A0E0B0E080935D1490935E1444
:10477000A0935F14B093601489E094E10F94F20663
:104780001093F80C97CA8091E507882309F492CA20
:104790000F945F06882309F48DCA0E94BCF681112C
:1047A00089CA88E193E30E94AB351092E50777CA86
:1047B0000F945F06882309F47DCA0E94BCF681111C
:1047C00079CA1092F80C8AE093E30E94AB3581E03D
:1047D0009AE590936614809365148EE490E090932C
:1047E00068148093671487E08093591482E880935B
:1047F0005C1484E890E0A0E0B0E080935D149093B6
:104800005E14A0935F14B093601489E094E10F9458
:10481000F20650CA0E94BCF681114CCA19821A8253
:104820001B821C8262E0CE0101960E94C69237CAAA
:1048300082E090E046CA82E090E064CA82E090E0C4
:1048400082CA8A3F08F0A6CA0F949D05882371F199
:104850000F945D148EEF8093B71881EF92E30E945E
:10486000AB3581E09AE590936614809365148DE2F0
:1048700090E0909368148093671487E080935914B4
:1048800082E880935C1484E890E0A0E0B0E080933C
:104890005D1490935E14A0935F14B093601489E04C
:1048A00094E10F94F2061092B61829C882E093E3BF
:1048B0009093DF078093DE07CDCF845691099093C4
:1048C00066148093651485E08093591482E8809380
:1048D0005C1481E090E1A0E0B0E071CA8091440DE9
:1048E00090915002899FC0011124880F892F881F41
:1048F000990B9195A4E68A9FC001112481589F4F7E
:104900006FEF70E00F94943C70936614609365149D
:1049100015E01093591482E880935C148EE190E1C5
:10492000A0E0B0E080935D1490935E14A0935F14B8
:10493000B093601489E094E10F94F2060F94FB04A5
:1049400020E13EE040E050E00F94113C211531059C
:10495000B1E04B07510508F475C0509366144093BD
:104960006514309368142093671487E0809359147A
:1049700012E810935C1480E190E1A0E0B0E0809335
:104980005D1490935E14A0935F14B093601489E05B
:1049900094E10F94F2060F94FB0420E13EE040E026
:1049A00050E00F94113C2CE330E040E050E00F94D5
:1049B000113C309366142093651405E0009359145C
:1049C00010935C1482E190E1A0E0B0E080935D146C
:1049D00090935E14A0935F14B093601489E094E107
:1049E0000F94F2060E94E8F624E630E0B9010F9435
:1049F000803C662309F465C26F5F6093DF18E62E82
:104A0000F12C633330F5EE0CFF1CF0926614E0924B
:104A100065140093591410935C148EE090E1A0E0AB
:104A2000B0E080935D1490935E14A0935F14B093F4
:104A3000601489E094E10F94F206109266141092CB
:104A4000651429C03093661420936514109359148B
:104A50008FCF3093661420936514009359141093EC
:104A60005C148EE090E1A0E0B0E080935D14909340
:104A70005E14A0935F14B093601489E094E10F94E6
:104A8000F206E2E3EE1AE0E8FE0AEE0CFF1CF092FA
:104A90006614E09265140093591410935C148FE02F
:104AA00090E1A0E0B0E080935D1490935E14A09339
:104AB0005F14B093601489E094E10F94F2060E94B1
:104AC000E8F664E670E00F94803C772770936614F4
:104AD0006093651485E08093591482E880935C1498
:104AE00086E190E1A0E0B0E080935D1490935E14C5
:104AF000A0935F14B093601489E094E10F94F206E0
:104B000020E030E0A9016091FA127091FB128091CF
:104B1000FC129091FD120F94B13C20E030E048EC83
:104B200052E40F9433360F941D3E709366146093D5
:104B3000651405E00093591412E810935C1486E2A2
:104B400090E1A0E0B0E080935D1490935E14A09398
:104B50005F14B093601489E094E10F94F2068091A1
:104B60002F02909130029093661480936514009305
:104B7000591410935C1480E093E1A0E0B0E08093BE
:104B80005D1490935E14A0935F14B093601489E059
:104B900094E10F94F2068091FA07811105C080918B
:104BA000FC07882309F469C020E030E048EC52E4B7
:104BB0006091CA127091CB128091CC129091CD125B
:104BC0000F9433366B017C016091CE127091CF123D
:104BD000072E000C880B990B0F94D4359B01AC0168
:104BE000C701B6010F94AB3D0F94243E65367105A5
:104BF00010F064E670E0709366146093651405E04D
:104C00000093591412E810935C1484E290E1A0E040
:104C1000B0E080935D1490935E14A0935F14B09302
:104C2000601489E094E10F94F206C090CA12D0900B
:104C3000CB12E090CC12F090CD1220E030E04AE2AE
:104C400053E4C701B6010F94113F181624F4809164
:104C5000FA0781114AC16091CE127091CF12072ECE
:104C6000000C880B990B0F94D4359B01AC01C70144
:104C7000B6010F94113F87FFB0C18091E5078823EB
:104C800039F18091E40791E0980F9093E40790E068
:104C9000909366148093651485E08093591482E89C
:104CA00080935C1482E490E1A0E0B0E080935D1416
:104CB00090935E14A0935F14B093601489E094E124
:104CC0000F94F2068091E4078A3010F01092E40706
:104CD0000F949D05882309F4B3C160910108709178
:104CE0000208EE24E394F12C61157105A9F090E01F
:104CF00080E00F94D23520E030E040E85EE30F948E
:104D000033360F948F3D20E030E040E85FE30F94AE
:104D1000B13C0F94243E7B0101E010E08091E0075C
:104D2000811102C010E000E00F946706800F911F10
:104D3000BC0190E080E00F94D23520E030E040E804
:104D40005EE30F9433360F948F3D2B013C01F092BC
:104D50006614E092651405E00093591412E810936C
:104D60005C1480E193E1A0E0B0E080935D14909347
:104D70005E14A0935F14B093601489E094E10F94E3
:104D8000F206C301B2010F94243E7093661460933F
:104D900065140093591410935C1482E193E1A0E030
:104DA000B0E080935D1490935E14A0935F14B09371
:104DB000601489E094E10F94F20680910D149091B3
:104DC0000E14A0910F14B09110148C34F0E19F07D1
:104DD000A105B10509F467CD8A349041A105B1055B
:104DE00009F461CD20E030E040E251E460914A0DE9
:104DF00070914B0D80914C0D90914D0D0F94333669
:104E00000F941D3E709366146093651405E0009343
:104E1000591412E810935C1488E490E1A0E0B0E02B
:104E200080935D1490935E14A0935F14B09360140C
:104E300089E094E10F94F20620E030E040E251E492
:104E400060914E0D70914F0D8091500D9091510DCC
:104E50000F9433360F941D3E70936614609365145F
:104E60000093591410935C148AE490E1A0E0B0E040
:104E700080935D1490935E14A0935F14B0936014BC
:104E800089E094E10F94F20620E030E040E251E442
:104E90006091520D7091530D8091540D9091550D6C
:104EA0000F9433360F941D3E70936614609365140F
:104EB0000093591410935C148CE490E1A0E0B0E0EE
:104EC000E6CC1092661410926514A3CD2F3F3105E5
:104ED00019F014F02FEF30E0032E000C440B550BAB
:104EE0000D94141F82E090E01CC81092FA0720E095
:104EF00030E040E251E46091F2077091F307809155
:104F0000F4079091F5070F9433360F941D3E70937C
:104F10006614609365140093591410935C1484E52F
:104F200090E1A0E0B0E080935D1490935E14A093B4
:104F30005F14B093601489E094E10F94F20620E0CE
:104F400030E040E251E46091F6077091F7078091FC
:104F5000F8079091F9070F9433360F941D3E709324
:104F60006614609365140093591410935C1488E5DB
:104F700090E1A0E0B0E080935D1490935E14A09364
:104F80005F14B093601489E094E10F94F20680ED11
:104F900092E30E94AB3581E09AE59093661480938A
:104FA000651481E490E0909368148093671487E01F
:104FB0008093591410935C1484E890E0A0E0B0E072
:104FC00080935D1490935E14A0935F14B09360146B
:104FD00089E094E10F94F20650CE6091FC076623BD
:104FE00009F44BCE062E000C770B87EB92E30F945F
:104FF000CE061092FC0784E090E0909366148093B4
:10500000651485E08093591412E810935C148EE8BF
:1050100090E1A0E0B0E080935D1490935E14A093C3
:105020005F14B093601489E094E10F94F20681E07C
:105030009AE5909366148093651483E590E0B3CF6E
:10504000109266141092651405E00093591412E84A
:1050500010935C1480E193E1A0E0B0E080935D14D4
:1050600090935E14A0935F14B093601489E094E170
:105070000F94F20610926614109265148ACECF93A4
:10508000DF9388EE94E10E94362887E496E10E943F
:105090003628C7E4D6E16B97CE010E94362885E119
:1050A000C933D807C1F78EE195E10E94362883E025
:1050B00095E1DF91CF910C9436280F931F93CF93F6
:1050C000DF93109203151092061510921E15109280
:1050D0002115E9E3F5E187E496E1108213827B96DE
:1050E0008E179F07D1F78FE093E09093DD168093A2
:1050F000DC161092DE1689E18093E0161092E3161A
:10510000109281121092471610924A16C1E0C09375
:10511000D1121092D2121092D3121092D412109275
:10512000D5121092D6121092D7121092D812109255
:10513000D9121092DA121092DB121092DC12109235
:10514000DD121092DE121092DF121092E012109215
:10515000E1121092E2121092E3121092E4121092F5
:10516000E5121092E6121092E7121092E8121092D5
:10517000E9121092EA121092EB121092EC121092B5
:10518000ED121092EE121092EF121092F012109295
:10519000F112C093A5121092A6121092A7121092AB
:1051A000A8121092A9121092AA121092AB12109289
:1051B000AC121092AD121092AE121092AF12109269
:1051C000B0121092B1121092B2121092B312109249
:1051D000B4121092B5121092B6121092B712109229
:1051E000B8121092B9121092BA121092BB12109209
:1051F000BC121092BD121092BE121092BF121092E9
:10520000C0121092C1121092C2121092C3121092C8
:10521000C4121092C5121092881210928912109224
:105220008A1210928B1210928C121092911210927C
:10523000921210929312109294121092951282EF81
:1052400092E19093FF128093FE121092211310921C
:105250002213109223131092241310921D131092F4
:105260001E1310921F1310922013109219131092F4
:105270001A1310921B1310921C13109215131092F4
:1052800016131092171310921813109211131092F4
:105290001213109213131092141310920D131092F4
:1052A0000E1310920F1310921013109209131092F4
:1052B0000A1310920B1310920C13109205131092F4
:1052C000061310920713109208131092D81610921A
:1052D000D9161092DA161092DB161092D41610928C
:1052E000D5161092D6161092D7161092D01610928C
:1052F000D1161092D2161092D3161092CC1610928C
:10530000CD161092CE161092CF161092C81610928B
:10531000C9161092CA161092CB161092041310924E
:10532000031310920213109201131092001384E0E1
:10533000809328131092261310922513109227138E
:105340001AE510938C1310933C13D5EAD0938D1368
:10535000D0933D130EE2EBEDF3E1DF01202F1D9220
:105360002A95E9F78FEF9FEF90933A1380933913C3
:105370000F947C0610935A1410930A14D0935B1464
:10538000D0930B14E9EAF4E1DF011D920A95E9F7E5
:105390001092E8141092EB14C093D7148CED96E1A0
:1053A0009093E5148093E4148091E314847E8B7FC2
:1053B0008093E3141092DF141092E0141092E11421
:1053C0001092E2141092DB141092DC141092DD148F
:1053D0001092DE141092DA141092D9141092D8148C
:1053E000E9E3F5E18EE091E0DF019C011D9221509F
:1053F0003040E1F780910A018E7F80930A0180910D
:105400000B018095817080930901C093E61410927E
:10541000E714DF91CF911F910F910895CF93DF9300
:10542000CDB7DEB7EB970FB6F894DEBF0FBECDBF9A
:10543000789484B5826084BD84B5816084BD85B56F
:10544000826085BD85B5816085BD80916E0081607B
:1054500080936E0010928100809181008260809321
:105460008100809181008160809381008091800023
:105470008160809380008091B10084608093B1004E
:105480008091B00081608093B00080919100826033
:105490008093910080919100816080939100809130
:1054A00090008160809390008091A1008260809341
:1054B000A1008091A10081608093A1008091A00053
:1054C00081608093A00080912101826080932101FE
:1054D0008091210181608093210180912001816070
:1054E0008093200180917A00846080937A0080917B
:1054F0007A00826080937A0080917A008160809344
:105500007A0080917A00806880937A001092C100BE
:1055100000910A1914BE1092C0008091C0008260F0
:105520008093C0001092C50087E08093C4008091F2
:10553000C10080618093C1008091C1008860809328
:10554000C1008091C10080688093C1000E94BB941B
:105550006B017C0128EEC20E23E0D21EE11CF11C7F
:1055600086EE94E10E94102D882309F48FC086EC0A
:1055700091E30E94772F269A2E988091350390917F
:105580003603A0913703B091380389A39AA3ABA344
:10559000BCA3CE0181969BAB8AABFE01B596FEA360
:1055A000EDA3812CE4E29E2EE4EFAE2EB12CEAA90D
:1055B000FBA96191FBABEAABCE0101960E94122DD3
:1055C0008A89811105C18989882309F401C1FF8570
:1055D000F9A7EE24EA94F12CF23019F0EE24EA94C3
:1055E000FE2C29813A813DAB2CAB8B819C8198A705
:1055F0008FA38EE0E9E3F3E0DE01539601900D9274
:105600008A95E1F799A5923009F049C0E1E0E8AF49
:10561000F3E0F9AFCE0143969FAB8EAB11E091E082
:105620009AA719AAEFEFF0E0F8ABEFA75DEF252EF0
:10563000312CEEA9FFA9C190D190FFABEEABF9A53B
:10564000F23091F120E2C216D10409F491C030E8A1
:10565000C316D10409F48CC088EE93E0C89E900173
:10566000C99E300DD89E300D112450E040E0C50198
:10567000B4010F94333CC9010197369527950097E3
:10568000A9F4E1E0F0E0FCA7EBA717C00E94BB94EF
:105690006C197D098E099F0997FDF8CF68CF2AE024
:1056A00028AF3EE039AFB6CF9701C701FCA6EBA605
:1056B0008E159F0510F49CA78BA72115310509F4C1
:1056C000A0C1FEA6EDA62E153F0510F43EA72DA7FE
:1056D0008BA59CA501968C9D90018D9D300D9C9D68
:1056E000300D112450E040E0C501B4010F94333C6B
:1056F00029013BAF2AAFCC0CDD1C8DA59EA5C89E11
:105700009001C99E300DD89E300D112450E040E02C
:10571000C501B4010F94333CF90199EE291693E0C9
:10572000390608F471C1B10188EE93E0DB01A81BD2
:10573000B90B8AAD9BAD893E934008F469C1B201B3
:1057400088EE93E0681B790BE93EF34008F464C1EE
:10575000C901E8EEF3E08E1B9F0B6A177B0724F468
:10576000861797070CF05CC18A179B070CF461C180
:105770001F5F183009F05DCFECA9FDA980818C7FF7
:105780009AA59370892B8083EFA1F8A52081FAA5B3
:105790008F2F90E09595879595958795A3E0880F35
:1057A000991FAA95E1F7277E822BEFA1F8A58083A8
:1057B0008081887FF9A98F2BEFA1F8A58083F9A5B7
:1057C000F23031F0ED85FE852FA538A93183208395
:1057D0008DA19EA1EAA9FBA98E179F0709F0E7CE2C
:1057E0000E94E42C00FF04C08DEB91E30E94772F10
:1057F00001FF04C08CEA91E30E94772F02FF04C0EE
:105800008AE991E30E94772F03FF04C089E891E3BE
:105810000E94772F05FF04C088E791E30E94772F4D
:1058200088E691E30E94772F0E94BD3184E391E3E3
:105830000E94772F0E94BD318CE191E30E94772F67
:105840000E94BD318091041990910519BE016F5FCE
:105850007F4F009709F4F6C0681B790B8DE091E348
:105860000E949E3560EA73E086EF90E30F94BF06D6
:10587000389A40981092A9171092AA171092AB1755
:105880001092AC170E94B0350E94F57980916F1884
:10589000811107C00E942BEE882319F081E08093CC
:1058A0006F182091B1173091B2174091B3175091F2
:1058B000B41760914A0D70914B0D80914C0D9091F1
:1058C0004D0D0F94B13C60934A0D70934B0D809336
:1058D0004C0D90934D0D2091B5173091B617409116
:1058E000B7175091B81760914E0D70914F0D809180
:1058F000500D9091510D0F94B13C60934E0D7093EB
:105900004F0D8093500D9093510D2091B917309108
:10591000BA174091BB175091BC176091520D70910E
:10592000530D8091540D9091550D0F94B13C60939F
:10593000520D7093530D8093540D9093550D0F9409
:10594000BE02249A2C98809101018062809301010B
:105950008091020180728093000180910101806436
:1059600080930101809102018095807480930001F1
:1059700087ED80937A0010927E0010927D008091D6
:105980007D00806280937D0080917D0080648093A3
:105990007D0080E887BD80916E00826080936E00FC
:1059A000EEE0F8E1C590D490F5E0CF16D1041CF4F8
:1059B000E5E0CE2ED12CD0925B02C0925A020D2C83
:1059C000000CEE08FF0880915602909157020E9449
:1059D00063814B015C01C701B6010F94D4359B0173
:1059E000AC01C501B4010F94CD3587FF2EC0809165
:1059F0005602909157024097909357028093560217
:105A0000E2CF21E030E062CEC10168EE73E08ECEDD
:105A1000C20168EE73E096CEF90188EE93E09BCE6A
:105A2000120199AD9AA719ABEBA5FCA5F8ABEFA7AE
:105A30009FCE1901F8ADFAA719AB2DA53EA538AB3D
:105A40002FA796CE6A50794109CFE2E1F7E1C590E0
:105A5000D49021E0C21AD1083CE3C31631E0D3064A
:105A600024F07BE3C72EDD24D394D0925D02C09254
:105A70005C020D2C000CEE08FF08809158029091FA
:105A800059020E9463814B015C01C701B6010F946A
:105A9000D4359B01AC01C501B4010F94113F181618
:105AA00054F4809158029091590240969093590273
:105AB00080935802E2CF0091540210915502C80120
:105AC0000E9437BF20E030E040EA50E40F94CD352B
:105AD00087FF07C00051110910935502009354022B
:105AE000EACF0091701810917118C8010E9437BF59
:105AF00020E030E046E153E40F94113F18163CF4E7
:105B0000005F1F4F1093711800937018EACF0F9425
:105B10002D056D98759A809104018D7F8093040105
:105B200080910501809582708093030152985A9A62
:105B30001092AE171092AD170F94DE04819A879AD7
:105B400080910A01826080930A010E9A579A5F9AA7
:105B5000829A8A9A809107018160809307018091DF
:105B6000080180958170809306010A9A129A809AA2
:105B700088985F9A8091810C8E7F8093810C869AA1
:105B80008E988A9A8091810C8D7F8093810C809170
:105B90000A01886080930A0180910B0188708093CC
:105BA00009018091080180958170809306018091A0
:105BB000810C8B7F8093810C0C9A1498129A80919F
:105BC00080008C7F8093800080918100877E886038
:105BD00080938100809180008F73809380008091FA
:105BE0008100887F82608093810080E090E49093C0
:105BF00089008093880010928500109284000E9492
:105C0000E52B789486E08093AF170E9419C010921C
:105C1000B0170F94DE0488E198E20FB6F894A895C7
:105C2000809360000FBE909360000E943E3083E03E
:105C30008093FD1721E6D22E3DE0432E4AE0542EFC
:105C40005DECA52E51E3B52E63E0C62E80E00E94E8
:105C5000EC488091E31487FF2FC01092D914877FFE
:105C60008B7F8093E3140E940FCC1092550E1092FC
:105C7000540E1092530E0E9460FD0E9459F88EEF50
:105C80000F9432020F94BE020F94570F0E94B1D5A9
:105C90001092440D10925E020E9406280E9458D075
:105CA000882331F00E9406288CE493E00E94D7EF0D
:105CB000B092DF07A092DE078091FD178DB69EB6E9
:105CC00010E000E0843009F441C08DB69EB66091CA
:105CD000DE077091DF0710E000E06115710509F043
:105CE0007BC08091BD17882309F419C1EDEBF7E162
:105CF0008F010D5B1741F190FF2019F02AE0F2129D
:105D0000F7CF0115110559F0F801E354F84E108250
:105D10008DEB97E10E94262280E00E94FB5481E0F7
:105D2000F11001C080E0800F982FE92FF0E0E354DC
:105D3000F84E2081E92FE81BF0E0E354F84E208371
:105D4000222309F485C09F5FF0CF8C01F801E45154
:105D5000FE4CE491C8010196EE2311F0EA30A9F758
:105D6000EDB7FEB7E81BF90B0FB6F894FEBF0FBEF8
:105D7000EDBF2DB73EB72F5F3F4F7901A8016CEE05
:105D800071E3C9010F94F434F701E00FF11F1082A1
:105D9000F70180818B33C9F08091530E8430A8F4D1
:105DA0008091550E8D9DC0011124B7018A5A914FE3
:105DB0000F940A4081E00E949C7B0FB6F8949EBE2F
:105DC0000FBE8DBEC092FD1780CF0FB6F8949EBE59
:105DD0000FBE8DBE7ACF8301FB01E00FF11F34901F
:105DE0003801FFEF6F1A7F0A332019F02AE03212D0
:105DF000F2CF8DB79EB7861997090FB6F8949EBF5C
:105E00000FBE8DBFEDB7FEB731967F01A801CF0160
:105E10000F94F434F701E00FF11F1082332009F4DE
:105E20007BC08091DE079091DF07680E791E70922B
:105E3000DF076092DE07012B31F0C7010E942622A6
:105E400080E00E94FB540FB6F8949EBE0FBE8DBE3C
:105E50009091820C80917218981709F4F7CE809176
:105E6000820C809372188091820C882309F4EECE04
:105E70000E94BD3187E492E30E94772F8091820CCB
:105E800010E280FF0AC080E00E9436FDAB01BC0139
:105E900083E492E30E94233218E58091820C00E2B1
:105EA00081FF0AC081E00E9436FDAB01BC018FE397
:105EB00092E30E94233209E58091820C82FFBEC0EA
:105EC00082E00E9436FDAB01BC018BE392E30E94AD
:105ED00023329AE5F92E8AE00E94702F1F9280E209
:105EE0008F931F92FF921F920F931F921F9383E233
:105EF00092E39F938F938CE292E39F938F931F92F1
:105F00000E94797B2DB73EB7235F3F4F0FB6F894C1
:105F10003EBF0FBE2DBF9ACE712C612C88CF8091D1
:105F2000530E882309F494CF8091E31480FF80C03E
:105F30000091540E0D9D800111240A5A114F6FE1FA
:105F400072E3C8010F944A35009731F0FC01838158
:105F500080538A3008F057C0F80101900020E9F71B
:105F600031977F01E01AF10A109247166EE470E053
:105F7000C8010F94FF3F4C010097B1F5F1E0EF1A13
:105F8000F108F801EE0DFF1D418252821382F801E3
:105F900001900020E9F73197AF01401B510BB80188
:105FA00087E496E10E94D9C880914716882331F092
:105FB0000E94C13085EF91E30E94772F8091E31416
:105FC00081FD36C0E091540EDE9EF0011124EA54AA
:105FD000F14F808181111FC082EF91E30E94772FE2
:105FE0008AE00E94702F17C060E270E00F94FF3FBC
:105FF0008C010F5F1F4F6AE270E0C4010F94FF3FF6
:10600000FC013197C1CF0E949F7C8CE092E30E94FB
:10601000772F0E94852F8091540E8F5F843058F423
:106020008093540E8091530E81508093530E10CF65
:106030000E94F873F0CF1092540EF4CF80E2F82E45
:106040004ACFCF92DF92EF92FF920F931F93CF939D
:10605000DF93FC01DA01CD90DD90ED90FC90DB0147
:106060006D917D918D919C9100811181228133816F
:10607000C6ECD2E108A319A32AA33BA32CEA35EC72
:1060800047E25EE30F9433366CA37DA38EA39FA3F8
:106090002CEA35EC47E25EE3C701B6010F94AB3D55
:1060A00068A779A78AA79BA7DF91CF911F910F912E
:1060B000FF90EF90DF90CF900C944323CF92DF922C
:1060C000EF92FF920F931F93CF93DF93FC01DA01BE
:1060D000CD90DD90ED90FC90DB016D917D918D91E7
:1060E0009C910081118122813381CAE9D2E108A308
:1060F00019A32AA33BA32CEA35EC47E25EE30F94F5
:1061000033366CA37DA38EA39FA32CEA35EC47E224
:106110005EE3C701B6010F94AB3D68A779A78AA7D4
:106120009BA7DF91CF911F910F91FF90EF90DF9090
:10613000CF900895EF920F931F93CF93DF93E801D1
:1061400034E047FD34E1042E000C550B57FF03C02B
:10615000519541955109E32E022F242FAE010F9442
:10616000A238CE01DF91CF911F910F91EF9008954A
:106170008F929F92AF92BF92CF92DF92EF92FF9257
:10618000CF93DF93EC01688179818A819B816115CE
:1061900071058105910521F464E279ED8BE597E0C5
:1061A0002DE133EF41E050E00F94333C49015A01B7
:1061B0009B01AC01A7EAB1E40F94523C6B017C0156
:1061C000ACEEB4EFA50194010F94603CC60ED71E4F
:1061D000E81EF91EF7FE06C081E0C81AD108E108E2
:1061E00080E8F80AC882D982EA82FB82C701B60138
:1061F0009F77DF91CF91FF90EF90DF90CF90BF908E
:10620000AF909F908F9008958F929F92AF92BF9280
:10621000CF92DF92EF92FF926091610270916202E1
:106220008091630290916402611571058105910569
:1062300021F464E279ED8BE597E02DE133EF41E065
:1062400050E00F94333C49015A019B01AC01A7EA8D
:10625000B1E40F94523C6B017C01ACEEB4EFA501AC
:1062600094010F94603CC60ED71EE81EF91EF7FE7F
:1062700006C081E0C81AD108E10880E8F80AC09297
:106280006102D0926202E0926302F0926402C7015E
:10629000B6019F77FF90EF90DF90CF90BF90AF90C7
:1062A0009F908F9008956093610270936202809333
:1062B00063029093640208958F929F92AF92BF926F
:1062C000CF92DF92EF92FF920F931F93CF93DF93C2
:1062D0005C017B016115710519F0DB018D939C93C5
:1062E00085010F5F1F4FF501D0818D2F90E00F9436
:1062F000EB346C01892BB9F5DD32B9F50F5F1F4F17
:10630000D5011196DC91C1E05801F1E0AF1AB10856
:1063100043E050E068E973E0C5010F942335892B11
:1063200069F5680182E0C80ED11C45E050E063E9E0
:1063300073E0C6010F942335892B21F4680197E09F
:10634000C90ED11CE114F10419F0D701CD92DC92F1
:1063500060E070E080E89FEFC111FFC060E070E096
:1063600080E89FE7FAC05801BBCFDB3229F48501F2
:106370000E5F1F4FF501D181C0E0C6CF43E050E072
:1063800060E973E0C5010F942335892BE9F0F8012A
:1063900010E000E020E030E0A9015F01B0ED8B2EBD
:1063A0008D0E89E08815C8F19C2E689491F88C2F89
:1063B0008870C2FF16C0811102C00F5F1F4F319657
:1063C000D501DC91C92DE9CFE114F10429F00E5F6C
:1063D0001F4FF7011183008360E070E080EC9FE7BE
:1063E000BCC0882311F001501109A5E0B0E00F9462
:1063F000523C9B01AC01220F331F441F551F280D37
:10640000311D411D511D283999E93907490799E185
:106410005907A8F2C6609C2ED2CFAEEF8A1206C0F2
:10642000C3FD3CC09C2E689493F8C9CFDF7DD53462
:10643000A9F580818D3239F4C061DF011296818126
:1064400062E070E006C0DF018B32C1F3119661E0BB
:1064500070E080535D01A61AB70A8A30F8F4E0E8CC
:10646000CE16ECE0DE065CF4B601660F771F660F11
:10647000771FC60ED71ECC0CDD1CC80ED11C5D01CB
:10648000FFEFAF1ABF0A8C9180538A30A8F1C4FF86
:1064900003C0D194C194D1080C0D1D1DC1FF09C0CA
:1064A000E114F10431F081E0A81AB108D701AD92EE
:1064B000BC92CA01B9010F94D235C370C33009F43C
:1064C00090584B015C0120E030E0A9010F94CD35DC
:1064D000882309F440C0C7ECD3E017FF05C011952D
:1064E00001951109CFEAD3E06E01B8E1CB1AD108CA
:1064F00080E2E82EF12C0FC0D501B1CFFE0125912D
:106500003591459154910E191F09C501B4010F949D
:1065100033364B015C01D501C4010E151F0574F71C
:106520002497F594E794CC16DD06A9F78A2F880FF7
:106530008B2F881F8F3F49F020E030E0A901C50173
:10654000B4010F94CD35811106C082E290E09093A2
:10655000091980930819C501B401DF91CF911F91EA
:106560000F91FF90EF90DF90CF90BF90AF909F90F2
:106570008F9008953F924F925F926F927F928F9289
:106580009F92AF92BF92CF92DF92EF92FF920F93C2
:106590001F93CF93DF935C016B017A016115710545
:1065A00019F0FB0191838083E114F10451F0C701DC
:1065B0000297839730F040E030E020E090E06BC03D
:1065C0005E01E5012196F5011081812F90E00F9485
:1065D000EB34892BA9F71D3201F52196F5011181C4
:1065E00001E0E114F10409F4E6C0F0E1EF16F10472
:1065F00009F088C0103359F488818F7D883509F0FF
:106600007CC0198122960260F0E1EF2EF12C812CE2
:10661000912CA12C88E0B82E92C01B3221F4E50108
:106620002296F501118100E0DCCFEAE0EE16F104DC
:1066300009F4C7C0F0E1EF16F10409F073C0E7CF29
:1066400078E0E72EF12C812C912CA12C60E1B62E64
:1066500076C021E0ADC0302F3170C114D10431F0CB
:10666000222371F12197F601D183C08327FF2EC029
:1066700060E070E080E090E8311104C06FEF7FEFE0
:106680008FEF9FE722E230E0309309192093081939
:10669000462F372F282F642F732F822FDF91CF9112
:1066A0001F910F91FF90EF90DF90CF90BF90AF9030
:1066B0009F908F907F906F905F904F903F90089544
:1066C00001FF04C02297F601D183C083332341F038
:1066D00090958095709561957F4F8F4F9F4FD8CF44
:1066E00097FFD6CF82E290E0909309198093081922
:1066F0006FEF7FEF8FEF9FE7CBCF10E3E114F10453
:1067000009F49ECF28E0E216F10409F49CCF0CF0C6
:106710008CCF812C912CA12CE0E4BE2E82E0E816D7
:10672000F10469F060E070E080E090E897010F2CE0
:10673000000C440B550B0F94113C49015A0120E009
:1067400060E070E0CB0127010F2C000C6608770891
:10675000FE0150ED352E310E39E0331570F43FEB6C
:10676000310F49EC342E3A3138F03FE9310F3A31EC
:1067700008F071CF39EA332E310E3E141F040CF0AD
:106780006ACF27FD15C086169706A806B90678F0C9
:10679000A30192010F94013C630D711D811D911D98
:1067A00061307105810520E8920708F452CF2FEF80
:1067B00021961081CDCF103309F41ECF2AE0E22EAE
:1067C000F12C9CEC892E982CA82C9CE0B92EB7CFEC
:1067D0003F924F925F926F927F928F929F92AF9271
:1067E000BF92CF92DF92EF92FF920F931F93CF93BE
:1067F000DF935C016B017A016115710519F0FB01F2
:1068000091838083E114F10449F0C70102978397D3
:1068100028F060E070E0CB019BC05E01E5012196AD
:10682000F5011081812F90E00F94EB34892BA9F7AB
:106830001D3209F05CC02196F501118101E0E114DF
:10684000F10409F4BBC0F0E1EF16F10409F09BC0BC
:10685000103341F488818F7D883509F08FC019810C
:1068600022960260E0E1EE2EF12C88248A94982C86
:10687000A82CFFE0BF2E20E060E070E0CB012701F4
:106880000F2C000C66087708FE0150ED352E310EF6
:1068900039E0331568F43FEB310F49EC342E3A31CF
:1068A00030F03FE9310F3A31B0F539EA332E310E8D
:1068B0003E141F0484F52F3FB9F086169706A806EC
:1068C000B90638F1A30192010F94013C232D30E069
:1068D00050E040E0620F731F841F951F621773071B
:1068E00084079507B0F021E021961081CDCF1B32AF
:1068F00021F4E5012296F501118100E0A0CF78E0B6
:10690000E72EF12C88248A94982CA82C6FE1B62EBF
:10691000B2CF2FEFE9CFC114D10431F0222351F1CE
:106920002197F601D183C08300FF07C09095809521
:10693000709561957F4F8F4F9F4F2F3F49F482E2B3
:1069400090E090930919809308196FEF7FEFCB01C6
:10695000DF91CF911F910F91FF90EF90DF90CF903B
:10696000BF90AF909F908F907F906F905F904F906F
:106970003F90089501FFD8CF2297D3CF10E3E114C1
:10698000F10409F4BCCF3AE0E316F104E9F080E148
:10699000E816F10409F466CFE8E0EE16F10409F414
:1069A000B1CF6FEF7FEFCB0197010F2C000C440BA1
:1069B000550B0F94113C49015A015DCF103309F476
:1069C00049CF9AE0E92EF12C89E9882E982CA82C41
:1069D00089E1B82E50CF91110D94F33A803219F01D
:1069E00089508550C8F70895FB01DC0102C005906D
:1069F0000D9241505040D8F70895FB01DC010D90F5
:106A00000020E9F7119705900D920020E1F7089515
:106A1000FC010590061621F00020D9F7C001089569
:106A20003197CF010895FB01DC0105900D92002004
:106A3000E1F70895FC0105900020E9F78095909515
:106A40008E0F9F1F0895FB01DC014150504088F0DC
:106A50008D9181341CF08B350CF4805E659161342E
:106A60001CF06B350CF4605E861B611171F3990BA1
:106A70000895881BFCCFFB01DC014150504048F0D9
:106A800005900D920020C9F701C01D924150504061
:106A9000E0F70895FB0155915523A9F0BF01DC01F2
:106AA0004D9145174111E1F759F4CD0105900020B2
:106AB00049F04D9140154111C9F3FB014111EFCF50
:106AC00081E090E0019708950F931F93CF93DF9398
:106AD000CDB7DEB72E970FB6F894DEBF0FBECDBF91
:106AE0000E891F898EE08C831A8309838FEF9FE7BD
:106AF0009E838D83AE01465E5F4F688D798DCE019A
:106B000001960F94A0362F813885020F131FF801CC
:106B100010822E960FB6F894DEBF0FBECDBFDF9168
:106B2000CF911F910F9108950F931F93CF93DF93F0
:106B3000CDB7DEB72E970FB6F894DEBF0FBECDBF30
:106B40008C01FA018EE08C831A83098377FF02C0DF
:106B500060E070E8615071097E836D83A901BF0117
:106B6000CE0101960F94A0364D815E8157FD0AC07B
:106B70002F813885421753070CF49A01020F131F17
:106B8000F80110822E960FB6F894DEBF0FBECDBF6F
:106B9000DF91CF911F910F9108950F940F3608F454
:106BA00081E00895E89409C097FB3EF490958095A4
:106BB000709561957F4F8F4F9F4F9923A9F0F92FC3
:106BC00096E9BB279395F695879577956795B79541
:106BD000F111F8CFFAF4BB0F11F460FF1BC06F5F27
:106BE0007F4F8F4F9F4F16C0882311F096E911C039
:106BF000772321F09EE8872F762F05C0662371F05A
:106C000096E8862F70E060E02AF09A95660F771F6D
:106C1000881FDAF7880F9695879597F90895990F49
:106C20000008550FAA0BE0E8FEEF16161706E80756
:106C3000F907C0F012161306E407F50798F0621B77
:106C4000730B840B950B39F40A2661F0232B242B4C
:106C5000252B21F408950A2609F4A140A6958FEF6B
:106C6000811D811D08950F9446360D94B13B0F94FC
:106C7000A33B38F00F94AA3B20F0952311F00D941C
:106C80009A3B0D94A03B11240D94E53B0F94C23B1D
:106C900070F3959FC1F3950F50E0551F629FF0016F
:106CA000729FBB27F00DB11D639FAA27F00DB11D88
:106CB000AA1F649F6627B00DA11D661F829F222711
:106CC000B00DA11D621F739FB00DA11D621F839F98
:106CD000A00D611D221F749F3327A00D611D231F6E
:106CE000849F600D211D822F762F6A2F11249F57BC
:106CF00050409AF0F1F088234AF0EE0FFF1FBB1FBF
:106D0000661F771F881F91505040A9F79E3F51057D
:106D100080F00D949A3B0D94E53B5F3FE4F3983E81
:106D2000D4F3869577956795B795F795E7959F5F27
:106D3000C1F7FE2B880F911D9695879597F90895B9
:106D40002F923F924F925F926F927F928F929F927B
:106D5000AF92BF92CF92DF92EF92FF920F931F9369
:106D6000CF93DF9300D000D000D01F921F92CDB7F9
:106D7000DEB77C013B018A01FC0117821682838108
:106D800081FFDDC1CE0101965C01F7019381F30122
:106D900093FD859193FF81913F01882309F453C1AD
:106DA000853239F493FD859193FF81913F018532BE
:106DB00029F4B70190E00F940C3BE7CF912C212CE4
:106DC000312CFFE1F31538F08B3211F190F4803261
:106DD00009F1833229F137FC3CC020ED280F2A301D
:106DE00050F536FE20C08AE0989E200D1124922E88
:106DF00006C08D3291F0803371F7689430F8F3015A
:106E000093FD859193FF81913F018111DACF21C0DC
:106E1000689431F8689432F8F2CF689433F8EFCF81
:106E2000689434F8ECCFEAE02E9E200D1124222E37
:106E3000689435F8E4CF8E3229F436FC04C16894A6
:106E400036F8DDCF8C3619F4689437F8D8CF883609
:106E5000B1F2982F9F7D95549330E0F08336A1F1E5
:106E60008337C1F1833509F063C02801F2E04F0E8A
:106E7000511CF801C080D180692D70E036FC02C041
:106E80006FEF7FEFC6010F94F63A4C01689437F824
:106E900082010AC00C5F1F4FFFE3F98388248394AB
:106EA000912C6501E89437F833FE2DC0522C8114E3
:106EB000910471F5552009F468CFB70180E290E0A4
:106EC0000F940C3B5A94F6CFF801808189830E5FB2
:106ED0001F4FE4CF2801F2E04F0E511CF801C08093
:106EE000D180692D70E036FC02C06FEF7FEFC601E4
:106EF0000F94013B4C018201D5CFB70180E290E0B5
:106F00000F940C3B2A942814190409F0B0F7CECF43
:106F1000F60137FC859137FE81916F01B70190E052
:106F20000F940C3B51105A94F1E08F1A9108BFCF87
:106F3000843619F0893609F077C0F80137FE6BC046
:106F400060817181828193810C5F1F4FF32DFF76E9
:106F50003F2E97FF09C090958095709561957F4F62
:106F60008F4F9F4F689437F82AE030E0A5010F94C7
:106F70003C3BC82ECA188C2C432C36FE0CC0E8941F
:106F800040F8C91440F434FE05C032FC03C0F32DB0
:106F9000FE7E4F2E892C44FEAAC0FE01EC0DF11D91
:106FA0008081803309F09CC0242D297E422E842DBF
:106FB0008870582E43FCAAC040FEA4C09C2C8214AA
:106FC00018F42C0C922C981844FEA6C0B70180E34C
:106FD00090E00F940C3B42FE09C088E790E041FE30
:106FE00002C088E590E0B7010F940C3BC91408F487
:106FF0009FC0CA94D12C9FEFC91AD90ACA0CDB1CB6
:10700000F60182916F01B70190E00F940C3BAC1434
:10701000BD04B1F74FCF60817181072E000C880B42
:10702000990B0E5F1F4F92CFD32CE894D4F82AE02F
:1070300030E08537E1F1232D297FD22E8F36A9F15B
:10704000F0F4883551F1F701868197812B960FB6C0
:10705000F894DEBF0FBECDBFDF91CF911F910F918E
:10706000FF90EF90DF90CF90BF90AF909F908F9068
:107070007F906F905F904F903F902F900895803752
:1070800049F0883701F7D4FE02C06894D2F820E1B5
:1070900030E00DC06894D4F8F6CF34FE03C0822FE0
:1070A0008660D82E20E132E002C028E030E0F8010E
:1070B000D7FE0FC060817181828193810C5F1F4F69
:1070C000A5010F943C3BC82ECA183D2CE89437F814
:1070D00052CF6081718190E080E00E5F1F4FF0CF52
:1070E00042FC02C0839463CF8394839460CF842D49
:1070F000867809F45CCFF6CFB70180E290E00F9478
:107100000C3B83948214C0F3512C5ECF522C581840
:10711000821408F459CFF8CF842D867809F466CF0D
:107120008BE241FE80E247FC8DE2B70190E05CCF4C
:10713000B70180E390E00F940C3B9A9457CF8FEF08
:107140009FEF84CF8F929F92AF92BF92CF92DF92A8
:10715000EF92FF920F931F93CF93DF9300D000D055
:1071600000D0CDB7DEB76A01F22EB02E102FFBE3B0
:10717000AF2EA01608F41BE31F5F012F27E0AE011E
:107180004F5F5F4F0F941B3ABC018981982F997014
:10719000913009F44EC09BE2E1FC04C09E2D917039
:1071A000E0FC49C05E2D5071E82FE87083FF55C0A8
:1071B00084E0911101C083E0EF2DE81B8F1508F0EA
:1071C000E0E0D6018E2F20E25523C9F1992329F062
:1071D000D6019C93C60101966C0196012D5F3F4F2D
:1071E000E2FE33C08EE4D6018C9391E411969C9319
:1071F000119712968C93D9018E2F90E281112AC09B
:10720000E20FF32FF11D10828EEF9FEF29960FB63C
:10721000F894DEBF0FBECDBFDF91CF911F910F91CC
:10722000FF90EF90DF90CF90BF90AF909F908F90A6
:1072300008959DE2B7CF90E2B5CF2D938150811193
:10724000FCCFCE0ED11CE0E0C1CF8EE6D6018C93F0
:1072500091E6CCCF9D938150D1CF482F447082FFCF
:107260003DC084E0911101C083E08F1510F4EF2D33
:10727000E81BD6018E2F20E2552309F1992329F02E
:10728000D6019C93C60101966C0196012D5F3F4F7C
:10729000E2FE1BC089E4D6018C938EE411968C9398
:1072A000119786E412968C93D9018E2F90E2882351
:1072B00009F4A6CF9D938150FACF2D93815081116F
:1072C000FCCFCE0ED11CE0E0D9CF89E6D6018C935D
:1072D0008EE611968C93119786E6E4CF9B0177FF9B
:1072E00002C030E020E0A1E0B0E0911102C0B0E0C7
:1072F000A0E0F9013196AE0FBF1F8B2C912CBB2063
:1073000009F461C05401EFEFAE1ABE0AAA0DBB1D0D
:10731000FA161B0619F014F04F2D4A1B511188C0A4
:10732000E3FC59C07601A42FB0E2A1114FC0C40EF6
:10733000D11C992309F45BC040E0D6011196F601F7
:1073400090836D01552309F448C0012F060F9A81DF
:10735000582F507184FF03C0913309F40150101667
:107360000CF047C0093008F008E0EEE2FE2E5B01A9
:10737000A01AB10885019194819491082F3F32079A
:1073800029F4D601FC92F60131966F01621773075A
:1073900094F1021713077CF5DB01A21BB30BAA249F
:1073A000A394B12CAC0EBD1EAA0DBB1D11968C91E1
:1073B00021503109D601119628153905F4F0F6014E
:1073C00080836D01DBCFB12CA12CA0CFF701B1934D
:1073D0007F01A150AACF9111B0CFD601942F50E3D5
:1073E00002C05D9391509111FCCFC40ED11C40E0BE
:1073F000ACCF01E0BACF80E3DBCF6217730731F483
:10740000963388F4953311F4552369F0F60180839F
:10741000FD01842F90E2811108C0A40FB11D1C92C0
:1074200090E080E0F3CE81E3F1CF91938150F3CFF0
:10743000911183CF8ACF283008F027E03327DA0173
:10744000990F311D87FD916000966105710539F432
:1074500032602E5F3D9330E32A95E1F708959F3F18
:1074600030F080387105610509F03C5F3C5F3D9369
:10747000913008F08068911DDF93CF931F930F9395
:10748000FF92EF92192F987F9695E92F96959695F2
:10749000E90FFF27EB5DFB4F99273327EE24FF24ED
:1074A000A701E70105900894079428F4360FE71E1A
:1074B000F81E491F511D660F771F881F991F0694DC
:1074C000A1F70590079428F4E70EF81E491F561FF0
:1074D000C11D770F881F991F661F0694A1F705909D
:1074E000079428F4F80E491F561FC71FD11D880F97
:1074F000991F661F771F0694A1F70590079420F443
:10750000490F561FC71FD81F990F661F771F881F67
:107510000694A9F784911095177041F0D695C795F8
:1075200057954795F794E7941A95C1F7EBECF3E07C
:1075300068941590159135916591959105907FE22C
:107540007395E118F10A430B560BC90BD009C0F72C
:10755000E10CF11E431F561FC91FD01D7EF470336E
:1075600011F48A95E6CFE894015030F0080F0AF440
:107570000027021708F4202F2395022F7A3328F0D2
:1075800079E37D932A95E9F710C07D932A9589F6D2
:10759000069497956795379517951794E118F10A12
:1075A000430B560BC90BD00998F023957E91739528
:1075B0007A3308F070E37C932013B8F77E91706102
:1075C0007D9330F0839571E37D9370E32A95E1F725
:1075D0001124EF90FF900F911F91CF91DF91992788
:1075E00087FD90950895992788270895FC010590B7
:1075F000615070400110D8F7809590958E0F9F1FB5
:107600000895FC016150704001900110D8F78095F9
:1076100090958E0F9F1F08950F931F93CF93DF9325
:10762000182F092FEB018B8181FD09C01FEF0FEF90
:10763000812F902FDF91CF911F910F91089582FF9D
:1076400014C02E813F818C819D81281739073CF41D
:10765000E881F981CF0101969983888310838E8117
:107660009F8101969F838E83E3CFE885F985812FE3
:107670001995892BA1F3DACFFA01AA27283051F105
:10768000203181F1E8946F936E7F6E5F7F4F8F4F53
:107690009F4FAF4FB1E03ED0B4E03CD0670F781FB2
:1076A000891F9A1FA11D680F791F8A1F911DA11D97
:1076B0006A0F711D811D911DA11D20D009F46894D0
:1076C0003F912AE0269F11243019305D3193DEF678
:1076D000CF010895462F4770405D4193B3E00FD02E
:1076E000C9F7F6CF462F4F70405D4A3318F0495D19
:1076F00031FD4052419302D0A9F7EACFB4E0A695FC
:107700009795879577956795BA95C9F7009761051D
:10771000710508959B01AC010A2E06945795479573
:1077200037952795BA95C9F7620F731F841F951F68
:10773000A01D089597F99F6780E870E060E00895C4
:107740009FEF80EC089500240A9416161706180679
:107750000906089500240A94121613061406050655
:107760000895092E0394000C11F4882352F0BB0FE6
:1077700040F4BF2B11F460FF04C06F5F7F4F8F4F49
:107780009F4F089557FD9058440F551F59F05F3F84
:1077900071F04795880F97FB991F61F09F3F79F033
:1077A00087950895121613061406551FF2CF4695B5
:1077B000F1DF08C0161617061806991FF1CF869537
:1077C0007105610508940895E894BB27662777271B
:1077D000CB0197F90895F999FECF92BD81BDF89A32
:1077E000992780B50895262FF999FECF1FBA92BD2B
:1077F00081BD20BD0FB6F894FA9AF99A0FBE019692
:107800000895DB018F939F930F94523CBF91AF91EA
:10781000A29F800D911DA39F900DB29F900D1124EA
:107820000895A1E21A2EAA1BBB1BFD010DC0AA1FC1
:10783000BB1FEE1FFF1FA217B307E407F50720F0D9
:10784000A21BB30BE40BF50B661F771F881F991F54
:107850001A9469F760957095809590959B01AC019D
:10786000BD01CF010895052E97FB1EF400940F94DF
:107870004A3C57FD07D00F94113C07FC03D04EF44F
:107880000D944A3C50954095309521953F4F4F4F70
:107890005F4F089590958095709561957F4F8F4FBC
:1078A0009F4F08950F94653CA59F900DB49F900D38
:1078B000A49F800D911D11240895B7FF0D94523C93
:1078C0000F94523C821B930B0895A29FB001B39F6B
:1078D000C001A39F700D811D1124911DB29F700DD9
:1078E000811D1124911D0895991B79E004C0991FF1
:1078F000961708F0961B881F7A95C9F7809508950A
:10790000AA1BBB1B51E107C0AA1FBB1FA617B707C5
:1079100010F0A61BB70B881F991F5A95A9F78095E1
:107920009095BC01CD01089597FB072E16F40094A5
:1079300007D077FD09D00F94803C07FC05D03EF4BA
:10794000909581959F4F0895709561957F4F08950B
:10795000EE0FFF1F881F8BBF0790F691E02D199443
:107960005058BB27AA270F94C83C0D94B13B0F94E5
:10797000A33B38F00F94AA3B20F039F49F3F19F451
:1079800026F40D94A03B0EF4E095E7FB0D949A3B92
:10799000E92F0F94C23B58F3BA17620773078407A5
:1079A000950720F079F4A6F50D94E43B0EF4E095EC
:1079B0000B2EBA2FA02D0B01B90190010C01CA01A9
:1079C000A0011124FF27591B99F0593F50F4503E54
:1079D00068F11A16F040A22F232F342F4427585F46
:1079E000F3CF469537952795A795F0405395C9F75E
:1079F0007EF41F16BA0B620B730B840BBAF0915016
:107A0000A1F0FF0FBB1F661F771F881FC2F70EC0B4
:107A1000BA0F621F731F841F48F487957795679587
:107A2000B795F7959E3F08F0B0CF9395880F08F073
:107A30009927EE0F9795879508950F94A33B60F0D3
:107A400080E891E009F49EEF0F94AA3B28F040E80B
:107A500051E071F45EEF0CC00D94A03B0D94E43B3B
:107A6000E92FE0780F94C23B40F3092E052AB1F3C9
:107A7000261737074807590738F00E2E07F8E02574
:107A800069F0E025E0640AC0EF6307F8009407FAA4
:107A9000DB01B9019D01DC01CA01AD01EF930F9437
:107AA000C23D0F94B13B0F94603D5F91552339F077
:107AB0002BED3FE049E450FD49EC0D94B13C0895B5
:107AC000DF93DD27B92FBF7740E85FE3161617066F
:107AD00048075B0718F4D92F0F94163F9F938F9395
:107AE0007F936F930F949F3FE4EEF0E00F94933EEB
:107AF0000F94B13B2F913F914F915F910F94463678
:107B0000DD2351F09058A2EA2AED3FE049EC5FE313
:107B1000D0785D270F94C83CDF910D94B13B0F9452
:107B2000F93E90F09F3748F4911116F40D94E53B1F
:107B300060E070E080E89FE3089526F01B16611D69
:107B4000711D811D0D946A3E0D94853E0F94BC3EBF
:107B5000E3950D94E53E0F94BF3D0D94B13B0F941A
:107B6000AA3B58F00F94A33B40F029F45F3F29F063
:107B70000D949A3B51110D94E53B0D94A03B0F944D
:107B8000C23B68F39923B1F3552391F3951B550B31
:107B9000BB27AA2762177307840738F09F5F5F4FE0
:107BA000220F331F441FAA1FA9F335D00E2E3AF01F
:107BB000E0E832D091505040E695001CCAF72BD037
:107BC000FE2F29D0660F771F881FBB1F2617370788
:107BD0004807AB07B0E809F0BB0B802DBF01FF27BA
:107BE00093585F4F3AF09E3F510578F00D949A3BC1
:107BF0000D94E53B5F3FE4F3983ED4F3869577958B
:107C00006795B795F7959F5FC9F7880F911D969572
:107C1000879597F90895E1E0660F771F881FBB1FCE
:107C2000621773078407BA0720F0621B730B840B7B
:107C3000BA0BEE1F88F7E09508950F94243E6894E0
:107C4000B1110D94E53B08950F94CA3B88F09F57FE
:107C500098F0B92F9927B751B0F0E1F0660F771F70
:107C6000881F991F1AF0BA95C9F714C0B13091F066
:107C70000F94E43BB1E008950D94E43B672F782F17
:107C80008827B85F39F0B93FCCF38695779567952B
:107C9000B395D9F73EF490958095709561957F4F97
:107CA0008F4F9F4F08950F94F93E90F09F3748F4FF
:107CB000911116F00D94E53B60E070E080E89FEBD9
:107CC000089526F41B16611D711D811D0D946A3ED9
:107CD0000D94853E882371F4772321F09850872BEB
:107CE000762F07C0662311F499270DC09051862B7B
:107CF00070E060E02AF09A95660F771F881FDAF728
:107D0000880F9695879597F908959F3F31F0915088
:107D100020F4879577956795B795880F911D96956F
:107D2000879597F90895DF93CF931F930F93FF9251
:107D3000EF92DF927B018C01689406C0DA2EEF018E
:107D40000F944636FE01E894A59125913591459111
:107D50005591A6F3EF010F94C83CFE019701A801CD
:107D6000DA9469F7DF90EF90FF900F911F91CF9118
:107D7000DF9108950D94A03B0F94CA3BD8F3E8948B
:107D8000E0E0BB279F57F0F02AED3FE049EC06C04A
:107D9000EE0FBB0F661F771F881F28F0B23A6207ED
:107DA0007307840728F0B25A620B730B840BE395B8
:107DB0009A9572F7803830F49A95BB0F661F771F3B
:107DC000881FD2F790480D94873EEF93E0FF07C0DD
:107DD000A2EA2AED3FE049EC5FEB0F94C83C0F9418
:107DE000B13B0F90039401FC9058E1E1F1E00D9458
:107DF000AF3F0F94CA3BA0F0BEE7B91788F4BB278A
:107E00009F3860F41616B11D672F782F8827985F6A
:107E1000F7CF869577956795B11D93959639C8F3F9
:107E200008950F940F3608F48FEF08959B01AC016D
:107E300060E070E080E89FE30D94AB3D0F94CA3B97
:107E400058F19E5760F19851A0F0E9F0983020F574
:107E5000092E9927660F771F881F991F0A94D1F75B
:107E600012C0062E672F782F8827985F11F4000C18
:107E700007C0993FB4F38695779567959395D9F7A1
:107E8000611D711D811D3EF49095809570956195E1
:107E90007F4F8F4F9F4F089568940D94E53B0D944D
:107EA000E43B9F930F94BC3E0F9007FCEE5F0D9454
:107EB000E53E19F416F40D94A03B0D94853E0F9405
:107EC000CA3BB8F39923C9F3B6F39F57550B87FF05
:107ED0000F94A83F0024A0E640EA900180585695F0
:107EE000979528F4805C660F771F881F20F026176F
:107EF0003707480730F4621B730B840B20293129A4
:107F00004A2BA69517940794202531254A2758F720
:107F1000660F771F881F20F026173707480730F4B1
:107F2000620B730B840B200D311D411DA09581F751
:107F3000B901842F9158880F9695879508959B01D4
:107F4000AC010D9433360F940F36880B990B0895BE
:107F500091505040660F771F881FD2F708959F9366
:107F60008F937F936F93FF93EF939B01AC010F94DB
:107F70003336EF91FF910F94933E2F913F914F91A4
:107F80005F910D9433369111089581548A5108F40C
:107F9000805E855A0895FB01DC0104C08D9101903B
:107FA000801921F441505040C8F7881B990B08955F
:107FB000FB01DC0102C001900D9241505040D8F706
:107FC0000895FB01DC018D9181341CF08B350CF49C
:107FD000805E619161341CF06B350CF4605E861B31
:107FE000611189F3990B0895FB01DC010D900020CC
:107FF000E9F7119701900D920020E1F70895FC0137
:108000008191861721F08823D9F799270895319710
:10801000CF010895FB01DC0101900D920020E1F7F2
:108020000895FB01DC014150504030F08D910190EA
:10803000801919F40020B9F7881B990B0895FB01EA
:10804000DC014150504048F001900D920020C9F7EA
:1080500001C01D9241505040E0F70895FC0181E0BD
:1080600090E00190061609F4CF010020D1F70197A6
:1080700008950F931F93CF93DF93CDB7DEB72E975D
:108080000FB6F894DEBF0FBECDBF0E891F8986E004
:108090008C831A8309838FEF9FE79E838D83AE01C4
:1080A000465E5F4F688D798DCE0101960F94A036A4
:1080B0002F813885020F131FF80110822E960FB6FC
:1080C000F894DEBF0FBECDBFDF91CF911F910F910E
:1080D00008951DE1C0EBDDE100E006C0802FFE0148
:1080E0000F94A83C2196011DC13BD10780E00807F1
:0680F000A9F7F894FFCF90
:1080F6000D020000803F5CFF79C402C0D401006419
:108106000001000000000000000000000000000068
:10811600809D4300009B430000C8430000803F64ED
:10812600000000484364000000C84146009600FF76
:10813600FFFFFF09FFFFFFFFFFFFFFFFFFFFFFFF3F
:1081460080FF0601FF3FFF3F00000000FF3F01AA3E
:108156000001000000440000000000470048000045
:10816600000000000101010000484200002041001B
:10817600002041000048420000204100002041004C
:1081860000484200004842000080400000004002D3
:108196001000000410000006100000081000000A7D
:1081A6001000000C100000261000003010000032F5
:1081B600100000341000003A1000003E100000408D
:1081C6001000004410000046100000481000004A4D
:1081D6001000004C1000005410000056100000580B
:1081E6001000005C1000005E1000005F10000088A8
:1081F600100000000000000000404100000000AB3D
:10820600C276C3EEC16CC2D3C1F6C06EC1D9C07E00
:10821600C28FC13ABDBDBDBCBD00004842000020B2
:1082260041000020410A05062E01000800200040FA
:108236000080000001000401563837002F504C52D0
:10824600000000C07F0000C07F0000C07FFF003C30
:108256000001000040400000344200000000000021
:108266000000000000000000504100000000000077
:108276000041640000006400000003000000640088
:10828600000064000000030000000300000003007B
:1082960000001E00000059657320746F2000000066
:1082A60000000000000000000000000000000000C8
:1082B60000000000000000000000000000000000B8
:1082C6000041000000410000004058595A45000096
:1082D6004041525344504800544D334420313053AA
:1082E60050726F56322052656164790025642058B9
:1082F600202564205820256400544D334420313015
:108306005350726F5632004457372E342E3700744E
:10831600696E796D616368696E657333642E636F28
:108326006D0044535400505253540042535458590C
:108336005A450058595A005049440054554C00506B
:1083460049442054756E652046696E697368656494
:1083560000526571756573746564204F6666736552
:1083660074204265796F6E64204C696D6974730080
:10837600426567696E6E696E67204732362E2E201B
:1083860048656174696E6700426567696E204D6174
:108396006E75616C204D657368004D6F76696E670A
:1083A60020746F204E657874204D65736820506F79
:1083B600696E74004D6F76656420646F776E203049
:1083C6002E303235004D6F76656420757020302E64
:1083D60030323500486F74656E642050494420532E
:1083E6007461727465640042656420504944205388
:1083F600746172746564002F00566F6C756D654408
:108406006973706C617900446973706C617942724A
:10841600696768746E65737300446973706C61791B
:108426005374616E6462794272696768746E6573CB
:108436007300446973706C61795374616E64627918
:108446005365636F6E64730072616973650073745C
:108456006F7720286C617374290073746F77006ED0
:108466006F6E650070726F62650050617573696E3C
:10847600672E2E2E00455252005072657373205996
:10848600657320746F20436F6E74696E7565004C5A
:108496006F61642046696C616D656E7420746F202F
:1084A60020202020202020202020436F6E74696E1B
:1084B6007565004164642046696C616D656E742063
:1084C600616E642050726573732020202059657395
:1084D60020746F2052656865617400446973616237
:1084E6006C65200020202020202020202020204EE7
:1084F6006F20746F205075726765005061726B69EA
:108506006E672E2E2E00426567696E6E696E672055
:1085160046696C616D656E74204368616E676500BF
:10852600556E6C6F6164696E672E2E2E0052656CF7
:108536006F6164696E672E2E2E00526568656174E0
:10854600696E67005570204469726563746F72794D
:02855600000023
:00000001FF
