:100000000C94CD220C940D230C940D230C940D23F1
:100010000C940D230C940D230C940D230C940D23A0
:100020000C940D230C940D230C940D230C940D2390
:100030000C940D230C940D230C940D230C940D2380
:100040000C940D230C94D49C0C940D230C940D2330
:100050000C940D230C942A920C940D230C94217E65
:100060000C940D230C9454420C944A420C940D238E
:100070000C940D230C940D230C940D230C940D2340
:100080000C94E1360C940D230C940D230C940D2349
:100090000C940D230C940D230C940D230C940D2320
:1000A0000C940D230C940D230C94B3360C940D2357
:1000B0000C940D230C940D230C940D230C940D2300
:1000C0000C940D230C940D230C940D230C94EC37FD
:1000D0000C94B6370C940D230C940D230C940D2323
:1000E0000C940D23084AD73B3BCE016E84BCBFFD68
:1000F000C12F3D6C74319ABD56833DDA3D00C77FF8
:1001000011BED9E4BB4C3E916BAAAABE0000008090
:100110003F05A84CCDB2D44EB93836A9020C50B91F
:10012000918688083CA6AAAA2ABE000000803F004B
:100130000C94D0320C9420340D94DB340C9427743E
:100140000C941DE00D94C4340D94EA310C941E34CB
:100150000D94A12F0C94FD320C9415740D94CC3099
:100160000D94692F0C94FD7C0C94ED320C94E87383
:100170000C9411E00D9428320C9493DD0C9417E04C
:100180000D94BC340C94DE330D94E1310C9486DE76
:100190000C940C330C94EC730C94B1320C94E17B02
:1001A0000D94642F0C94F0730D94552F0D943A31E7
:1001B0000D94AE460C940F740D946E2F0C94023374
:1001C0000C945DDE0C94D2330D945A2F0D9490460E
:1001D0000D94732F0D94CF310C94C2320D940632CE
:1001E0000C9407330C94F7730D94AB300C942234B9
:1001F0000C94FD730D9425320C94397B0D942A30A8
:100200000C94F4730C941D330D94F3310C94257CF1
:100210000D942B320D9461310C940B740D946C3150
:100220000C941AE00C9468340D940A320C94077400
:100230000D94D8310D94AD340C9469DD0C94B074E8
:100240000C94F1320C946A340C9414E00C94FE3348
:100250000D9482310C9442340D9417320C94407CEE
:100260000C94F5320C9433750C94C9DE0C9420E098
:100270000D9489340D9481340C94207D0C94237456
:100280000C9446340C941D740D940C320C94197417
:100290000D9450310C94E2730C9424330C94D07C64
:1002A0000C941C7B0C94B8DE0C9466340C94E232F3
:1002B0000C9401740C94BE7C0C9414330C949ADD51
:1002C0000D94F02E0C9432750D9477310C942274A9
:1002D0000C94F9320D9479300D9422320C94FC3345
:1002E0000C94E9320D94FC310D94C4310C944434D7
:1002F0000D945F2F0C9496DD0C94987B0D94CC3468
:100300004E414E494E495459494E46CDCCCC3D0AFA
:10031000D7233C17B7D13877CC2B329595E6241FDD
:10032000B14F0A000020410000C84200401C462096
:10033000BCBE4CCA1B0E5AAEC59D7400407A10F369
:100340005A00A0724E18090010A5D4E80000E87603
:1003500048170000E40B54020000CA9A3B0000005A
:10036000E1F505000080969800000040420F000073
:1003700000A08601000000102700000000E8030034
:100380000000006400000000000A000000000001FE
:1003900000000000002C76D888DC674F0823DFC1FE
:1003A000DFAE59E1B1B796E5E3E453C63AE65199B9
:1003B0007696E8E6C28426EB898C9B62ED407C6FE2
:1003C000FCEFBC9C9F40F2BAA56FA5F490055A2A99
:1003D000F75C936B6CF9676DC11BFCE0E40D47FEA5
:1003E000F520E6B500D0ED902E030094357705009A
:1003F00080841E080000204E0A000000C80C333321
:1004000033330F986E12831141EF8D2114893BE62F
:100410005516CFFEE6DB18D1844B381BF77C1D90B8
:100420001DA4BBE424203284725E228100C9F12421
:10043000ECA1E53D27434F4D4D554E4943415449AD
:100440004F4E0044525952554E004552524F52534E
:1004500000494E464F004543484F004572726F7247
:100460002077726974696E6720746F204545505219
:100470004F4D210A0053544F505045442E200050F8
:1004800072696E7465722073746F70706564206435
:10049000756520746F206572726F72732E204669C5
:1004A0007820746865206572726F7220616E6420B6
:1004B000757365204D39393920746F2072657374F6
:1004C0006172742E202854656D7065726174757246
:1004D000652069732072657365742E2053657420DE
:1004E00069742061667465722072657374617274D8
:1004F000696E67290A004E6F20436865636B7375E8
:100500006D2077697468206C696E65206E756D6208
:1005100065722C204C617374204C696E653A200022
:100520004E6F20436865636B73756D2077697468DF
:10053000206C696E65206E756D6265722C204C6151
:100540007374204C696E653A2000636865636B7351
:10055000756D206D69736D617463682C204C6173D7
:1005600074204C696E653A20004C696E65204E75AA
:100570006D626572206973206E6F74204C617374B4
:10058000204C696E65204E756D6265722B312C2092
:100590004C617374204C696E653A20004D313130E6
:1005A0000053657269616C20737461747573206D9A
:1005B00069736D617463680A00776169740A005336
:1005C000442072656164206572726F720A00746FF4
:1005D0006F206D75636820696E616374697665204C
:1005E00074696D65202D2063757272656E74206369
:1005F0006F6D6D616E643A20002121204B494C4C97
:10060000206361757365642062792000486F7465AA
:100610006E642049646C652054696D656F75740063
:10062000486F74656E642049646C652054696D651B
:100630006F75740A007061757365004D3630300057
:100640002066696C616D656E745F72756E6F75742E
:10065000200066696C616D656E745F72756E6F7592
:100660007420540046696C616D656E7452756E6FCE
:1006700075742054004D31303030530062757379F9
:100680003A2070617573656420666F7220696E70C0
:1006900075740A00627573793A20706175736564C8
:1006A00020666F7220757365720A00627573793AFD
:1006B0002070726F63657373696E670A0025533A21
:1006C000202553002A2A2A6B696C6C2A2A2A00707A
:1006D0006F7765726F6666004B494C4C45442E201F
:1006E000005072696E7465722068616C7465642E66
:1006F000206B696C6C28292063616C6C6564210A2D
:10070000006563686F3A004572726F723A00576114
:10071000726E696E673A0042696C696E656172203B
:100720004C6576656C696E6720477269643A0A00A9
:100730006E6F74696669636174696F6E20006E6FB5
:1007400074696669636174696F6E200062656769C8
:100750006E00656E640073686F7700627574746F05
:100760006E00486F74656E6420746F6F20636F6CE9
:10077000640A0053656E64204D31303820746F2058
:10078000726573756D650A00496E736572742066D3
:10079000696C616D656E7420616E642073656E6452
:1007A000204D3130380A0052656865617420446F0D
:1007B0006E6500526568656174696E672E2E2E0045
:1007C000526568656174004865617465722054699A
:1007D0006D656F75740053656E64204D313038203F
:1007E000746F2068656174206E6F7A7A6C650A0098
:1007F0004E6F7A7A6C65205061726B65640070612F
:100800007573656400486561642063616E6E6F7422
:10081000206265207061726B65640050617573655C
:10082000004D323453004D323320004739322E39D7
:100830004500473146004731463630305A0047318F
:10084000463330303058004D31303650004D313065
:100850003953004D32303044004739322E395A0076
:100860004D343230530047323852305859004731F6
:10087000463630305A004739322E395A004739321D
:100880002E394530004D31303953004D3139305318
:10089000004D3432305330004732362048656174A1
:1008A000696E67204E6F7A7A6C6500473236204851
:1008B000656174696E672042656400576169746997
:1008C0006E6720666F72206865617475702E0A000D
:1008D0004669786564204C656E677468205072695B
:1008E0006D65004C656176696E6720473236003F62
:1008F00053706563696669656420582C5920636F7D
:100900006F7264696E617465206F7574206F662004
:10091000626F756E64732E0A003F285229657065F8
:1009200061742076616C7565206E6F7420706C61E7
:10093000757369626C653B206D7573742062652008
:100940006174206C6561737420312E0A003F285257
:10095000296570656174206D7573742062652073FC
:100960007065636966696564207768656E206E6F7F
:1009700074207573696E6720616E204C43442E0AA3
:10098000003F537065636966696564206E6F7A7AAB
:100990006C652074656D7065726174757265206E2A
:1009A0006F7420706C61757369626C652E0A003F0C
:1009B0005370656369666965642066696C616D651D
:1009C0006E742073697A65206E6F7420706C617527
:1009D0007369626C652E0A003F53706563696669CE
:1009E0006564207072696D65206C656E677468203F
:1009F0006E6F7420706C61757369626C652E0A008D
:100A00003F5072696D65206C656E677468206D7506
:100A1000737420626520737065636966696564201C
:100A20007768656E206E6F74207573696E672061DC
:100A30006E204C43442E0A003F537065636966691B
:100A40006564206E6F7A7A6C652073697A65206EB2
:100A50006F7420706C61757369626C652E0A003F5B
:100A600052657472616374696F6E204D756C746940
:100A7000706C696572206D75737420626520737087
:100A8000656369666965642E0A003F537065636932
:100A9000666965642052657472616374696F6E2063
:100AA0004D756C7469706C696572206E6F7420701E
:100AB0006C61757369626C652E0A003F53706563E3
:100AC0006966696564206C6179657220686569672B
:100AD0006874206E6F7420706C61757369626C65E8
:100AE0002E0A0043292E0A003F5370656369666928
:100AF0006564206265642074656D706572617475EB
:100B00007265206E6F7420706C61757369626C65BC
:100B1000202834302D004732362073746172746996
:100B20006E672E2E2E0A004F46460A004661646507
:100B3000204865696768742000426564204C6576CA
:100B4000656C696E6720004661696C656420746F2E
:100B500020656E61626C6520426564204C65766537
:100B60006C696E670A00496E76616C6964206D6518
:100B700073682E0A0050726F62696E6720506F6949
:100B80006E740025532025692F2569002E0A002F39
:100B90000050726F62696E67206D65736820706FB8
:100BA000696E742000202844525952554E2900473E
:100BB0003239204175746F20426564204C6576653A
:100BC0006C696E67003F20284C2C522C462C422921
:100BD000206F7574206F6620626F756E64732E0AC5
:100BE000003F2856296572626F7365206C657665D3
:100BF0006C20696D706C61757369626C652028305A
:100C00002D34292E0A00426164205A2076616C75C9
:100C1000650A004E6F2062696C696E6561722067BB
:100C20007269640A005A2050726F626520506173C5
:100C300074204265640A005A2050726F6265205029
:100C4000617374204265640020440020204D3230DE
:100C500030205300202844697361626C6564293A2E
:100C60000046696C616D656E742073657474696E9D
:100C700067730020204D3230312058004D617820BC
:100C8000416363656C65726174696F6E2028756E6F
:100C90006974732F7332290020204D32303320586D
:100CA000004D617820666565647261746573202803
:100CB000756E6974732F73290020520020204D3205
:100CC0003034205000416363656C65726174696FF4
:100CD0006E2028756E6974732F7332292028503C5A
:100CE0007072696E742D616363656C3E20523C7254
:100CF0006574726163742D616363656C3E20543C5E
:100D000074726176656C2D616363656C3E290020A9
:100D1000540020530020204D3230352042004164E1
:100D200076616E6365642028423C6D696E5F736511
:100D3000676D656E745F74696D655F75733E205392
:100D40003C6D696E5F66656564726174653E2054D2
:100D50003C6D696E5F74726176656C5F6665656433
:100D6000726174653E20583C6D61785F6A65726B94
:100D70003E20593C6D61785F6A65726B3E205A3C3B
:100D80006D61785F6A65726B3E20453C6D61785F8E
:100D90006A65726B3E290020440020490020204DE6
:100DA000333031205000486F74656E6420504944E0
:100DB0000020440020490020204D333034205000D2
:100DC00042656420504944004E6F204D6F76652E79
:100DD000002E0A002028302D313029002076616C49
:100DE0007565206F7574206F662072616E6765008F
:100DF000416476616E6365204B3D004732380020C8
:100E00003B0020550020204D363033204C004669F1
:100E10006C616D656E74206C6F61642F756E6C6FA4
:100E200061640020204D343133205300506F7765CA
:100E3000722D6C6F7373207265636F7665727900C3
:100E40004F4646004F4E00203B20486F7374206889
:100E5000616E646C696E672000203B204D6F646595
:100E600020006D6D00203B2044697374616E6365E2
:100E7000200046696C616D656E742072756E6F75C9
:100E80007420003B200047322F47332062616420EA
:100E9000706172616D65746572730A00536C65658B
:100EA000702E2E2E004732384C30005A2050726F70
:100EB000626520506173742042656400205A3A00D4
:100EC00020593A0042656420583A004D6573682005
:100ED000706F696E74206F7574206F662072616E1A
:100EE00067650A00456E642066696C65206C6973ED
:100EF000740A00426567696E2066696C65206C69DA
:100F000073740A004E6F206D656469610A00286E73
:100F10006F2066696C65290043757272656E742076
:100F200066696C653A200043616E6E6F74206F7065
:100F3000656E2073756264697220005072696E7408
:100F40002074696D653A200036372603023C3D382F
:100F50000E0F2E303E13201A1C180A0743090844AE
:100F6000000150726F7465637465642050696E0A85
:100F7000003F43616E6E6F742077726974652074F0
:100F80006F20494E5055540A003F496E76616C6996
:100F9000642050696E204D6F64650A006F6B000A13
:100FA000427566666572204F76657272756E733A29
:100FB00020006F666600560451044A044304350459
:100FC00044454255473A004D313133205300544D8A
:100FD00033442031305350726F5632204F46462EE4
:100FE0000020732E0A00496E616374697669747912
:100FF0002074696D656F75742000432E0A003F49A7
:10100000646C652054696D656F75742028542920BF
:10101000747269676765722074656D70657261745A
:101020007572652073686F756C64206265206F76D9
:1010300065722000434F4E4649475F4558504F5216
:1010400054004D4541545041434B00434F4F4C4594
:10105000525F54454D504552415455524500434806
:10106000414D4245525F54454D50455241545552B1
:10107000450045505F42414259535445500042415A
:1010800042595354455050494E4700415243530032
:101090004D4F54494F4E5F4D4F44455300544845C2
:1010A000524D414C5F50524F54454354494F4E00AE
:1010B000455854454E4445445F4D323000435553E6
:1010C000544F4D5F4649524D574152455F55504C24
:1010D0004F4144004C464E5F5752495445004C4FD7
:1010E0004E475F46494C454E414D45004155544F92
:1010F0005245504F52545F53445F535441545553DB
:101100000053445F5752495445005245504541549D
:10111000004D554C54495F564F4C554D4500534476
:10112000434152440050524F4D50545F535550501C
:101130004F525400484F53545F414354494F4E5F00
:10114000434F4D4D414E445300454D455247454E4A
:1011500043595F50415253455200434153455F4C00
:10116000494748545F4252494748544E45535300FB
:10117000544F47474C455F4C494748545300534FE1
:101180004654574152455F504F57455200425549CA
:101190004C445F50455243454E54004C4556454CD7
:1011A000494E475F44415441005A5F50524F4245B7
:1011B0000052554E4F5554004155544F4C455645DD
:1011C0004C005052494E545F4A4F420050524F47D4
:1011D00052455353004155544F5245504F52545F5E
:1011E00054454D50004155544F5245504F52545F55
:1011F000504F5300564F4C554D45545249430045AE
:101200004550524F4D0042494E4152595F46494C5C
:10121000455F5452414E5346455200534552494151
:101220004C5F584F4E5F584F4646004649524D5707
:101230004152455F4E414D453A4D61726C696E2099
:101240004457372E342E3920544D33442053534DB8
:1012500044424220284175672032322032303235F4
:101260002032313A31333A32352920534F555243E7
:10127000455F434F44455F55524C3A6874747073F0
:101280003A2F2F6769746875622E636F6D2F496EF0
:1012900073616E6974794175746F6D6174696F6E95
:1012A0002F4D61726C696E2F747265652F43726584
:1012B000616C6974794477696E5F322E30205052C8
:1012C0004F544F434F4C5F56455253494F4E3A315E
:1012D0002E30204D414348494E455F545950453AC0
:1012E000544D33442031305350726F5632204B49A5
:1012F0004E454D41544943533A4361727465736995
:10130000616E2045585452554445525F434F554EE7
:10131000543A3120555549443A6365646532613227
:10132000662D343161322D343734382D3962313203
:101330002D633535633632663336376666002F2FB8
:10134000005741524E494E4721204C6F77205A207A
:101350004A65726B206D6179206C65616420746FE1
:1013600020756E77616E7465642070617573657346
:101370002E0A0020580020204D61783A20002000DD
:1013800020204D696E3A2000203B200020204D3265
:101390003131205300536F667420656E6473746F2F
:1013A000707300250A0046523A0020466C6F773A67
:1013B00020003A200020536572766F2000206F7560
:1013C00074206F662072616E67650A0053657276DD
:1013D0006F200050726F6265204F666673657420DF
:1013E0005A0050726F6265204F6666736574205AAA
:1013F0000064697300656E0043290061626C656476
:1014000020286D696E2074656D702000436F6C64D8
:10141000206578747275646573206172652000427E
:101420004C546F756368204853206D6F64652000CD
:101430004D34323120696E636F727265637420704F
:101440006172616D657465722075736167650A000C
:101450004D65736820706F696E74206F7574206FAE
:10146000662072616E67650A00454550524F4D20F7
:101470004F4B0A00290A0020746F20003F5A206F4A
:101480007574206F662072616E6765202800290AD6
:101490000020746F20003F59206F7574206F662004
:1014A00072616E6765202800290A0020746F200091
:1014B0003F58206F7574206F662072616E676520DB
:1014C00028004D383400446F6E65207072696E7468
:1014D000696E672066696C650A004D3737004D33C9
:1014E0003100454550524F4D20496E697469616C19
:1014F000697A65640A0048617264636F6465642098
:1015000044656661756C742053657474696E6773A5
:10151000204C6F616465640020286D6D2900203BBC
:10152000204C6576656C696E67200020204D343252
:10153000302053004175746F20426564204C6576FD
:10154000656C696E670020204D393030204B004CAF
:10155000696E65617220416476616E63650020503A
:101560000020440020204D35393120530046696C5D
:10157000616D656E742072756E6F75742073656E23
:10158000736F7200204A00202047323920572049CB
:101590000020204D3134392043203B20556E6974A2
:1015A0007320696E2043656C736975730A00546516
:1015B0006D706572617475726520556E6974730023
:1015C0002020473231203B004C696E656172205506
:1015D0006E69747300454550524F4D2064617461CB
:1015E00073697A65206572726F722E0A0045727295
:1015F0003A20454550524F4D204352430020286326
:10160000616C63756C6174656429210A0020213D59
:101610002000454550524F4D20435243206D697381
:101620006D61746368202D202873746F726564295E
:101630002000454550524F4D20436F7272757074B3
:101640000A002053697A653A2000496E6465783A49
:10165000200053746F7265642073657474696E67DB
:10166000732072657472696576656400290A0020CA
:1016700062797465733B2063726320002073746F1A
:101680007265642073657474696E67732072657423
:10169000726965766564202800686F74656E645FA2
:1016A00069646C652E63666700524541443A2000C8
:1016B00065787475695F6461746100524541443AAC
:1016C00020004669656C642065787475695F6461A3
:1016D0007461206D69736D617463682E0A004669D8
:1016E000656C643A2065787475695F646174610A39
:1016F000006261636B6C6173685F736D6F6F7468B8
:10170000696E675F6D6D00524541443A2000626129
:10171000636B6C6173685F636F7272656374696F2A
:101720006E00524541443A20006261636B6C617304
:10173000685F64697374616E63655F6D6D005245C7
:1017400041443A20004669656C64206261636B6CB9
:101750006173685F64697374616E63655F6D6D204A
:101760006D69736D617463682E0A004669656C6407
:101770003A206261636B6C6173685F646973746162
:101780006E63655F6D6D0A0066635F73657474698F
:101790006E677300524541443A20004669656C64A7
:1017A0002066635F73657474696E6773206D697317
:1017B0006D617463682E0A004669656C643A206640
:1017C000635F73657474696E67730A00636F6F7229
:1017D00064696E6174655F73797374656D005245F9
:1017E00041443A20004669656C6420636F6F7264FF
:1017F000696E6174655F73797374656D206D69736B
:101800006D617463682E0A004669656C643A2063F2
:101810006F6F7264696E6174655F73797374656DFF
:101820000A006D6F746F725F63757272656E745FBC
:1018300073657474696E6700524541443A200046EE
:1018400069656C64206D6F746F725F637572726529
:101850006E745F73657474696E67206D69736D6112
:101860007463682E0A004669656C643A206D6F7473
:101870006F725F63757272656E745F73657474699D
:101880006E670A0065787472756465725F6164766C
:10189000616E63655F4B00524541443A20004669E2
:1018A000656C6420706C616E6E65725F65787472D1
:1018B000756465725F616476616E63655F4B206D10
:1018C00069736D617463682E0A004669656C643AD9
:1018D00020706C616E6E65725F6578747275646598
:1018E000725F616476616E63655F4B0A00746D635D
:1018F0005F737465616C74685F656E61626C65646A
:1019000000524541443A20004669656C6420746D7C
:10191000635F737465616C74685F656E61626C654A
:1019200064206D69736D617463682E0A0046696591
:101930006C643A20746D635F737465616C74685F86
:10194000656E61626C65640A00746D635F736774D1
:1019500000524541443A20004669656C6420746D2C
:10196000635F736774206D69736D617463682E0AB9
:10197000004669656C643A20746D635F7367740A2E
:1019800000746D635F6879627269645F7468726520
:1019900073686F6C6400524541443A2000466965A3
:1019A0006C6420746D635F6879627269645F7468E7
:1019B000726573686F6C64206D69736D61746368C0
:1019C0002E0A004669656C643A20746D635F68791D
:1019D000627269645F7468726573686F6C640A0030
:1019E00063757272656E747300524541443A20000B
:1019F0004669656C6420746D635F737465707065AF
:101A0000725F63757272656E74206D69736D617457
:101A100063682E0A004669656C643A20746D635FE2
:101A2000737465707065725F63757272656E740A47
:101A30000073746F7261676500524541443A20003B
:101A40004669656C64207061727365725F766F6C55
:101A5000756D65747269635F656E61626C65642043
:101A60006D69736D617463682E0A004669656C6404
:101A70003A207061727365725F766F6C756D657414
:101A80007269635F656E61626C65640A006175749A
:101A90006F726574726163745F656E61626C6564B8
:101AA00000524541443A2000667772657472616362
:101AB000745F73657474696E677300524541443A8C
:101AC00020004669656C6420667772657472616394
:101AD000745F73657474696E6773206D69736D618B
:101AE0007463682E0A004669656C643A20667772F2
:101AF0006574726163745F73657474696E67730A89
:101B0000006265645F74656D705F746872657368A8
:101B10006F6C6400524541443A20007265636F76F1
:101B20006572795F656E61626C656400524541441F
:101B30003A20004669656C64207265636F76657251
:101B4000795F656E61626C6564206D69736D617447
:101B500063682E0A004669656C643A207265636F9B
:101B6000766572795F656E61626C65640A006366B2
:101B70007300524541443A20004669656C64206315
:101B80006F6E74726F6C6C657246616E5F736574B4
:101B900074696E6773206D69736D617463682E0A72
:101BA000004669656C643A20636F6E74726F6C6C8A
:101BB000657246616E5F73657474696E67730A005F
:101BC0006C63645F6272696768746E6573730052F8
:101BD0004541443A20004669656C64206C63645F4B
:101BE0006272696768746E657373206D69736D6185
:101BF0007463682E0A004669656C643A206C6364FD
:101C00005F6272696768746E6573730A006C6364FF
:101C10005F636F6E747261737400524541443A2081
:101C2000004669656C64206C63645F636F6E7472F8
:101C3000617374206D69736D617463682E0A004668
:101C400069656C643A206C63645F636F6E74726183
:101C500073740A00706F7765725F6D6F6E69746F71
:101C6000725F666C61677300524541443A200046DA
:101C700069656C6420706F7765725F6D6F6E6974F3
:101C80006F725F666C616773206D69736D617463F9
:101C9000682E0A004669656C643A20706F77657239
:101CA0005F6D6F6E69746F725F666C6167730A0057
:101CB00070696400524541443A20007069640052E2
:101CC0004541443A20006C70715F6C656E0052456E
:101CD00041443A20004669656C64206C70715F6C09
:101CE000656E206D69736D617463682E0A004669C4
:101CF000656C643A206C70715F6C656E0A00706987
:101D000064636600524541443A2000626C746F750A
:101D100063685F686967685F73706565645F6D6F4E
:101D2000646500524541443A20004669656C642070
:101D3000626C746F7563685F686967685F7370650C
:101D400065645F6D6F6465206D69736D6174636850
:101D50002E0A004669656C643A20626C746F756384
:101D6000685F686967685F73706565645F6D6F64FD
:101D7000650A00626C746F7563685F6F645F3576C7
:101D80005F6D6F646500524541443A2000466965C5
:101D90006C6420626C746F7563685F6F645F357626
:101DA0005F6D6F6465206D69736D617463682E0A81
:101DB000004669656C643A20626C746F7563685F95
:101DC0006F645F35765F6D6F64650A007365727668
:101DD0006F5F616E676C65735F617272005245413F
:101DE000443A20004669656C6420736572766F5FC3
:101DF000616E676C6573206D69736D617463682EC5
:101E00000A004669656C643A20736572766F5F619B
:101E10006E676C65730A0075626C5F73746F7261D4
:101E200067655F736C6F7400524541443A200070DF
:101E30006C616E6E65725F6C6576656C696E675F0E
:101E400061637469766500524541443A20004669F1
:101E5000656C6420706C616E6E65725F6C65766532
:101E60006C696E675F616374697665206D69736D17
:101E7000617463682E0A004669656C643A20706C70
:101E8000616E6E65725F6C6576656C696E675F61C9
:101E900063746976650A0064756D6D7966005245F4
:101EA00041443A20006265646C6576656C2E7A5F09
:101EB00076616C75657300524541443A2000737435
:101EC00061727400524541443A2000737061636945
:101ED0006E6700524541443A2000677269645F634F
:101EE0006865636B00524541443A2000677269643B
:101EF0005F6D61785F7900524541443A2000677216
:101F000069645F6D61785F7800524541443A200012
:101F100064756D6D796600524541443A20007A70CF
:101F20006F00524541443A20004669656C64207058
:101F3000726F62655F6F6666736574206D69736D3D
:101F4000617463682E0A004669656C643A20707299
:101F50006F62655F6F66667365740A0064756D6DA8
:101F6000796600524541443A20006D6573685F63AD
:101F70006865636B00524541443A20006D657368A3
:101F80005F6E756D5F7900524541443A20006D6582
:101F900073685F6E756D5F7800524541443A20006A
:101FA00064756D6D796600524541443A2000706C4D
:101FB000616E6E65722E6175746F74656D702E66DC
:101FC0006163746F7200524541443A2000706C6145
:101FD0006E6E65722E6175746F74656D702E6D69AD
:101FE0006E00524541443A2000706C616E6E65721D
:101FF0002E6175746F74656D702E6D617800524539
:1020000041443A20006E65775F7A5F666164655F80
:1020100068656967687400524541443A20007275EA
:102020006E6F75745F6D6F646500524541443A2070
:102030000072756E6F75745F64697374616E636549
:102040005F6D6D00524541443A200072756E6F75A8
:10205000745F656E61626C656400524541443A206C
:1020600000686F6D655F6F66667365740052454109
:10207000443A20004669656C6420686F6D655F6F47
:102080006666736574206D69736D617463682E0A8A
:10209000004669656C643A20686F6D655F6F6666BF
:1020A0007365740A0064756D6D796600524541442C
:1020B0003A2000706C616E6E65722E6D61785F6A99
:1020C00065726B00524541443A2000706C616E6E3F
:1020D00065722E73657474696E67732E6D696E5FB9
:1020E00074726176656C5F66656564726174655F64
:1020F0006D6D5F7300524541443A2000706C616E13
:102100006E65722E73657474696E67732E6D696E79
:102110005F66656564726174655F6D6D5F730052C3
:102120004541443A2000706C616E6E65722E736595
:102130007474696E67732E74726176656C5F616327
:1021400063656C65726174696F6E00524541443A13
:102150002000706C616E6E65722E73657474696EAA
:1021600067732E726574726163745F616363656C1B
:1021700065726174696F6E00524541443A20007087
:102180006C616E6E65722E73657474696E67732E02
:10219000616363656C65726174696F6E005245417D
:1021A000443A20000000FA430000FA4300002041B6
:1021B00000008C420000A0420000A0420000C84382
:1021C00000000C43EE020000EE020000640000007C
:1021D0003C0000002875696E74385F74202A2974E9
:1021E0006D703300524541443A20002875696E7481
:1021F000385F74202A29746D703200524541443A88
:102200002000706C616E6E65722E73657474696EF9
:1022100067732E6D696E5F7365676D656E745F744D
:10222000696D655F757300524541443A2000287519
:10223000696E74385F74202A29746D7031005245BC
:1022400041443A2000655F666163746F72730052A7
:102250004541443A20004669656C6420655F6661CB
:1022600063746F7273206D69736D617463682E0A95
:10227000004669656C643A20655F666163746F72DD
:10228000730A0073746F7265645F73697A650052D4
:102290004541443A200073746F7265645F637263F2
:1022A00000524541443A2000204D61726C696E3DF8
:1022B000563930290A00454550524F4D20766572F7
:1022C00073696F6E206D69736D6174636820284552
:1022D0004550524F4D3D0073746F7265645F766573
:1022E0007200524541443A200024F4D43050C38D4A
:1022F00020C3A24117828B7011127A900D826CDA82
:102300000AA861E108C7586607615142061F4B5E83
:1023100005C145A6041B411204093D9703723931DA
:10232000034136DB0266339202D4305302812E1D04
:1023300002642CEE01762AC501B128A10110278183
:10234000018F2564012B244A01E1223401AD2120B3
:10235000018D200C01811FFC00851EED00981DDF02
:1023600000B91CD200E71BC700201BBB00651AB2D6
:1023700000B319A9000A19A0006A189800D2179290
:102380000040178A00B616840032167E00B4157914
:10239000003B157400C7146F0058146A00EE1366F2
:1023A000008813620026135E00C8125B006D12578E
:1023B0000016125500C111510070114E0022114C2F
:1023C00000D61049008D104600471045000210420B
:1023D00000C00F4000800F3E00420F3C00060F3A45
:1023E00000CC0E3900930E37005C0E3500270E34FA
:1023F00000F30D3200C10D3100900D2F00610D2F43
:1024000000320D2D00050D2C00D90C2A00AF0C2A2E
:1024100000850C28005D0C2800350C27000E0C25CB
:1024200000E90B2500C40B2400A00B23007D0B2228
:10243000005B0B21003A0B2100190B2000F90A1F49
:1024400000DA0A1F00BB0A1E009D0A1D00800A1C3C
:1024500000640A1C00480A1C002C0A1B00110A1AFE
:1024600000F7091A00DD091900C4091900AB0918A1
:1024700000930918007B091700640917004D09171C
:102480000036091600200915000B091500F608157D
:1024900000E1081500CC081400B8081400A40813C3
:1024A00000910813007E0813006B081200590812EF
:1024B0000047081200350812002308110012081105
:1024C0000001081000F1071100E0071000D007100C
:1024D00000C0070F00B1071000A1070F0092070FFF
:1024E0000083070F0074070E0066070E0058070EE2
:1024F000004A070E003C070E002E070D0021070DB5
:102500000014070D0007070D00FA060D00ED060C7C
:1025100000E1060D00D4060C00C8060C00BC060C39
:1025200000B0060B00A5060C0099060B008E060BEA
:102530000083060B0078060B006D060B0062060B8D
:102540000057060A004D060A0043060B0038060A2B
:10255000002E060A00240609001B060A0011060ABE
:102560000007060900FE050A00F4050900EB05094D
:1025700000E2050900D9050900D0050900C70508D2
:1025800000BF050900B6050900AD050800A505084E
:10259000009D050800950509008C050800840508C4
:1025A000007C050700750508006D05080065050736
:1025B000005E050800560507004F0508004705079F
:1025C000004005070039050700320507002B050705
:1025D00000240507001D050700160507000F050666
:1025E000000905070002050600FC040700F50406C3
:1025F00000EF040700E8040600E2040600DC04061D
:1026000000D6040600D0040700C9040500C404066F
:1026100000BE040600B8040600B2040600AC0406BE
:1026200000A6040500A10406009B0405009604060C
:1026300000900405008B0406008504050080040555
:10264000007B04050076040600700405006B040599
:102650000066040500610405005C040500570405DC
:1026600000520405004D040500480404004404051C
:10267000003F0405003A0404003604050031040557
:10268000002C04040028040500230404001F040592
:10269000001A04040016040400120405000D0404CA
:1026A00000090404000504040001040500FC0304FF
:1026B00000F8030400F4030400F0030400EC030436
:1026C00000E8030400E4030400E0030400DC030466
:1026D00000D8030400D4030300D1030400CD030495
:1026E00000C9030400C5030400000000000000004E
:1026F00000000000000000000000000000000000DA
:1027000000D1036D6403570D0347C6023B8B0232B1
:1027100059022B2E0225090221E8011CCC011AB214
:1027200001179B011487011374011163010F5401F8
:102730000E46010D39010D2C010B21010A17010A6A
:102740000D0109040108FC0008F40007ED0007E68C
:102750000007DF0006D90006D30005CE0006C8003A
:1027600005C30004BF0005BA0004B60004B20004AB
:10277000AE0004AA0004A60003A300049F00039C6B
:1027800000039900039600039300029100038E005A
:10279000028C000389000287000384000282000289
:1027A0008000027E00027C00027A0002780002763D
:1027B00000017500027300027100017000026E00DA
:1027C000016D00026B00016A0002680001670002EF
:1027D0006500016400016300016200026000015FA6
:1027E00000015E00015D00015C00015B00015A0018
:1027F0000159000158000157000156000155000120
:1028000054000153000152000151000051000150D9
:1028100000014F00014E00014D00004D00014C0031
:10282000014B00014A00004A000149000148000034
:1028300048000147000146000046000145000045F0
:102840000001440001430000430001420000420037
:10285000014100004100014000004000013F000034
:102860003F00013E00003E00013D00003D00013CF4
:1028700000003C00013B00003B00013A00003A0030
:10288000013900003900003900013800003800012A
:1028900037000037000037000136000036000036F0
:1028A0000001350000350001340000340000340020
:1028B0000133000033000033000132000032000019
:1028C00032000131000031000031000031000130E0
:1028D00000003000003000012F00002F00002F000A
:1028E000002F00012E00002E00002E00012D000000
:1028F0002D00002D00002D00012C00002C00002CCC
:1029000000002C00012B00002B00002B00002B00EE
:10291000012A00002A00002A00002A00002A0001E3
:1029200029000029000029000029000128000028B2
:1029300000002800002800002800012700002700D0
:1029400000270000270000270001260000260000C5
:102950002600002600002600002600012500002594
:1029600000002500002500002500002500012400AE
:1029700000240000240000240000240000240001A2
:102980002300002300002300002300002300002375
:10299000000122000022000022000022000022008C
:1029A000002200002200012100002100002100007F
:1029B0002100002100002100002100012000002052
:1029C0000000200000200000200000200000200067
:1029D000002000011F00001F00001F00001F00005A
:1029E0001F00001F00001F000020436F756E742041
:1029F000583A0023646566696E6520444546415532
:102A00004C545F0000626564004B6420004B6920F9
:102A1000004B7020005049442074756E696E672029
:102A2000646F6E65002066696E6973686564212055
:102A300050757420746865206C617374204B702C21
:102A4000204B6920616E64204B6420636F6E737449
:102A5000616E74732066726F6D2062656C6F772093
:102A6000696E746F20436F6E666967757261746911
:102A70006F6E2E680A00504944204175746F74755A
:102A80006E6500206661696C6564212074696D65FE
:102A90006F75740A00504944204175746F74756EE7
:102AA00065004175746F74756E65206661696C654B
:102AB00064212054696D656F75742E00206661690C
:102AC0006C6564212054656D706572617475726502
:102AD00020746F6F20686967680A0050494420417C
:102AE00075746F74756E6500504944204379636C4A
:102AF00065730025532025692F256900204B643A12
:102B00002000204B693A2000204B703A20002043DF
:102B10006C617373696320504944200A00204E6F32
:102B2000206F76657273686F6F740A002054753A6F
:102B30002000204B753A2000206D61783A2000205B
:102B40006D696E3A200020643A200020626961734A
:102B50003A200048656174696E672E2E2E0020733E
:102B6000746172740A00504944204175746F747521
:102B70006E65004175746F74756E65206661696C71
:102B80006564212054656D7065726174757265208D
:102B9000746F6F20686967682E00206661696C65D4
:102BA00064212054656D706572617475726520745E
:102BB0006F6F20686967680A005049442041757446
:102BC0006F74756E65000042656400453100626592
:102BD00064002C2073797374656D2073746F70704A
:102BE000656421204865617465725F49443A20003C
:102BF0004572723A204D415854454D50004D415850
:102C000054454D5020747269676765726564004869
:102C1000656174696E67204661696C65640048652A
:102C20006174696E67206661696C6564004D353258
:102C300034004D3131322053687574646F776E0003
:102C40001000C90210012C0140012201700118017D
:102C5000B0010E01F00104015002FA00B002F000D0
:102C60003003E600D003DC009004D2007005C800F9
:102C7000A006BE000008B400B009AA00D00BA00056
:102C8000600E960060118C000015820020197800FB
:102C9000C01D6E00A0226400B0275A00902C500086
:102CA00000314600E0343C0010383200903A2800F1
:102CB000603C1E00A03D1400803E0A00203F000042
:102CC0004572723A204D494E54454D50004D494E83
:102CD00054454D502074726967676572656400548D
:102CE0004845524D414C2052554E41574159005490
:102CF0006865726D616C2052756E617761790061F3
:102D000063746976617465642E0A006465004164C9
:102D10006170746976652046616E20536C6F7769C7
:102D20006E672000202F0020403A0020573A0020F4
:102D3000573A007C3C3E5E2B3D3F2F5B5D3B2C2A8F
:102D4000225C0043616E6E6F74206F70656E20733D
:102D5000756264697220004D6564696120496E691D
:102D600074204661696C0053442063617264206F73
:102D70006B0A006F70656E526F6F74206661696CCC
:102D800065640A00766F6C756D652E696E697420D6
:102D90006661696C65640A004E6F2053442063616C
:102DA00072640A00534420636172642072656C652A
:102DB000617365640A000A4D3234004D32332025B8
:102DC00073002E0A006F70656E206661696C656421
:102DD0002C2046696C653A200046696C6520736555
:102DE0006C65637465640A002053697A653A200053
:102DF00046696C65206F70656E65643A2000454ECB
:102E00004420535542524F5554494E450A00222002
:102E1000706F73002220706172656E743A220053E5
:102E20005542524F5554494E452043414C4C207415
:102E300061726765743A220053756263616C6C203D
:102E40004F766572666C6F7700457863656564657B
:102E500064206D617820535542524F5554494E4578
:102E60002064657074683A002E0A0044656C6574CD
:102E7000696F6E206661696C65642C2046696C65BB
:102E80003A200046696C652064656C657465643A37
:102E9000004E6F74205344207072696E74696E67BF
:102EA0000A005344207072696E74696E67206279FB
:102EB0007465200057726974696E6720746F2066AC
:102EC000696C653A2000667265736800646F696EAC
:102ED00067002066696C653A20004E6F7720002FEE
:102EE0006175746F25632E67002020506C616E6ED3
:102EF000657242756666657242797465733A200040
:102F00002046726565204D656D6F72793A2000200C
:102F1000436F6D70696C65643A2041756720323289
:102F200020323032350A00204C61737420557064B1
:102F3000617465643A20323032342D30342D3038AB
:102F4000207C20417574686F723A2054696E794D07
:102F5000616368696E657333440A004D61726C6920
:102F60006E204457372E342E390A0020536F667472
:102F7000776172652052657365740A002057617429
:102F80006368646F672052657365740A002042723B
:102F90006F776E206F75742052657365740A002018
:102FA00045787465726E616C2052657365740A00B1
:102FB000506F77657255700A0073746172740A00FD
:102FC0004739310A47315A350A4739300A4D3834C2
:102FD0000A4D31303453300A4D3134305330004DC6
:102FE00031303031006572726F72207772697469A6
:102FF0006E6720746F2066696C650A00446F6E65A9
:1030000020736176696E672066696C652E0A004DD3
:10301000323900456E6473746F7073002553202538
:103020006320256320256320256300205A3A002071
:10303000593A0020583A00656E6473746F707320BB
:103040006869743A200000002100240027002A004B
:103050002D003000330001010000040107010A01C6
:1030600000002200250028002B002E003100340033
:1030700002010000050108010B01000020002300EF
:10308000260029002C002F0032000001000003015F
:1030900006010901050505050705080808080202DB
:1030A00002020A0A080804040404010101010101E2
:1030B00001010303030303030303040707070C0CC5
:1030C0000C0C0C0C0C0C020202020606060606068C
:1030D00006060B0B0B0B0B0B0B0B01021020200831
:1030E0000810204010204080020102010804020163
:1030F00001020408102040808040201008040201D2
:10310000800402018040201008040201080402012A
:1031100001020408102040800102040810204080B1
:1031200000000A0B02090C0D0E0807030401000041
:10313000000000000000000000000000000000008F
:10314000000000000000000000000000121110004C
:10315000000000000000000000000000000000006F
:1031600000000000000020204D323036205800487A
:103170006F6D65206F6666736574004F6666736574
:103180007473204170706C696564004D494E2F4D19
:10319000415820546F6F2046617200546F6F206653
:1031A00061722066726F6D204D494E2F4D41580A55
:1031B000004361703A0070726F6D70745F006265F9
:1031C00067696E004D302053746F70004D3120538D
:1031D000746F7000436C69636B20746F2052657369
:1031E000756D652E2E2E00203B0020204D38353188
:1031F0002058005A2D50726F6265204F66667365C5
:103200007400526573756D696E67205344002569BB
:10321000730025696D20256973002569682025697B
:103220006D2025697300256964202569682025695A
:103230006D20256973002569792025696420256939
:10324000682025696D20256973000A5374617473C1
:103250003A2046696C616D656E7420757365643AD9
:1032600020002C204C6F6E67657374206A6F623A81
:103270002000546F74616C2074696D653A200053AE
:10328000746174733A20002C204661696C65643A5D
:1032900020002C2046696E69736865643A200050EE
:1032A00072696E74733A200053746174733A20002B
:1032B000436F6F6C696E672E2E2E004531202553AB
:1032C0000042656420436F6F6C696E672E2E2E007E
:1032D0004265642048656174696E672E2E2E005029
:1032E0004944204175746F74756E6500206661698C
:1032F0006C65642120426164206865617465722098
:1033000069640A00504944204175746F74756E6594
:103310000020540020530020450020204D38362046
:103320004200486F74656E642049646C652054697E
:103330006D656F7574003D3D4477696E20496E6917
:103340007420436F6D706C6574653D3D005258206C
:1033500048616C742044657465637465642E2E2E18
:103360000A003D3D7761697477617920353D3D0004
:103370003D3D7761697477617920333D3D003D3D86
:103380007761697477617920313D3D0050617573D3
:1033900065537461747573004C6F6164696E672E58
:1033A0002E2E000000270A0A0000272027002027D1
:1033B000002D0063616E63656C005072696E74204D
:1033C00041626F727465640055492041626F727486
:1033D000656400726573756D65004D323400486F29
:1033E0006D696E67204661696C6564005052455393
:1033F000454E54004F5554006F70656E005452494D
:10340000474745524544003A20004D4F54494F4EDE
:10341000203A20004F46460A003A200066696C6157
:103420006D656E74007A5F6D696E00795F6D696EAF
:1034300000785F6D696E005265706F7274696E67B7
:1034400020656E6473746F70207374617475730A91
:103450000020746F6F206C6F6E67206578747275D2
:1034600073696F6E2070726576656E7465640A00AC
:1034700020636F6C6420657874727573696F6E2059
:1034800070726576656E7465640A00486F6D6520BC
:103490002573204669727374005761726E696E6796
:1034A0003A20486F6D696E672042756D70204469DF
:1034B0007669736F72203C20310A0002020400001A
:1034C0000000000000000000000000809D4300009C
:1034D0009B430000C8430000004100000041000081
:1034E0000040FFFFFF00000001000000010000801D
:1034F00000555555000000400033333300AAAA2A76
:10350000004992240000002000C7711C00999919FD
:1035100000D1451700555515003BB1130024491241
:103520000011111100000010000F0F0F00E3380E02
:103530000043790D00CCCC0C00C3300C00E8A20B8A
:103540000064210B00AAAA0A00703D0A009DD80958
:1035500000427B090092240900DCD3080088880817
:10356000001042080000000800F0C107008787072C
:103570000075500700711C07003EEB0600A1BC0659
:10358000006990060066660600703E060061180637
:103590000017F4050074D105005BB00500B290057A
:1035A00000627205005555050078390500B81E0502
:1035B00000050505004EEC040087D40400A1BD04FD
:1035C0000090A7040049920400C17D0400EE690444
:1035D00000C7560400444404005C3204000821047F
:1035E0000041100400000004003FF00300F8E00375
:1035F0000026D20300C3C30300CCB503003AA803DE
:10360000000A9B0300388E0300C08103009F7503EE
:1036100000D0690300505E03001D530300344803CB
:1036200000913D03003333030016290300381F03C4
:103630000097150300300C0300030303000BFA028C
:103640000049F10200BAE802005CE002002DD80255
:10365000002DD0020059C80200B0C0020031B902EA
:1036600000DAB10200AAAA0200A0A30200BC9C02D8
:1036700000FA9502005C8F0200DF8802008282025D
:1036800000457C02002776020027700200436A0290
:10369000007C640200D05E02003F590200C8530261
:1036A00000FFFDFCFAF8F6F4F2F0EEECEAE9E7E5EB
:1036B000E3E1E0DEDCDAD9D7D5D4D2D0CFCDCBCAA6
:1036C000C8C7C5C3C2C0BFBDBCBAB9B7B6B4B3B230
:1036D000B0AFADACAAA9A8A6A5A4A2A1A09E9D9C8E
:1036E0009A99989795949392908F8E8D8B8A8988CA
:1036F000878684838281807F7E7D7B7A79787776E6
:103700007574737271706F6E6D6C6B6A69686766E1
:103710006564636261605F5E5D5C5B5A59585857CF
:1037200056555453525150504F4E4D4C4B4A4A49A6
:1037300048474646454443424241403F3E3E3D3C69
:103740003B3B3A393838373635353433323231301D
:10375000302F2E2E2D2C2B2B2A29292827272625C2
:103760002524232322212120201F1E1E1D1C1C1B5B
:103770001B1A1919181817161615151413131212E7
:103780001111100F0F0E0E0D0D0C0C0B0A0A09096A
:1037900008080707060605050404030302020100E2
:1037A0000053544F505045442E20005072696E749F
:1037B00065722073746F7070656420647565207421
:1037C0006F206572726F72732E204669782074685C
:1037D00065206572726F7220616E6420757365205A
:1037E0004D39393920746F20726573746172742E8B
:1037F000202854656D7065726174757265206973F7
:103800002072657365742E2053657420697420617D
:10381000667465722072657374617274696E67296B
:103820000A00206572726F72202D207265737461B8
:1038300072742077697468204D3939390A00424C16
:10384000546F7563680021212053544F50206361E9
:103850006C6C65642062656361757365206F6620BA
:103860000000809D4300009B430000C8430000000F
:1038700000000000000000000053657474696E676A
:10388000732053746F72656400290A002062797492
:1038900065733B20637263200053657474696E67BF
:1038A000732053746F7265642028004669656C64E8
:1038B0002065787475695F64617461206D69736DEA
:1038C000617463682E0A004669656C643A20657805
:1038D0007475695F646174610A004669656C64208F
:1038E0006261636B6C6173685F64697374616E635A
:1038F000655F6D6D206D69736D617463682E0A007C
:103900004669656C643A206261636B6C6173685FE1
:1039100064697374616E63655F6D6D0A0046696505
:103920006C642066635F73657474696E6773206D81
:1039300069736D617463682E0A004669656C643A48
:103940002066635F73657474696E67730A00466905
:10395000656C6420636F6F7264696E6174655F7318
:10396000797374656D206D69736D617463682E0A77
:10397000004669656C643A20636F6F7264696E61BA
:1039800074655F73797374656D0A004669656C646C
:10399000206D6F746F725F63757272656E745F73A2
:1039A000657474696E67206D69736D617463682EE8
:1039B0000A004669656C643A206D6F746F725F63CC
:1039C000757272656E745F73657474696E670A00F0
:1039D0004669656C6420706C616E6E65725F6578B7
:1039E0007472756465725F616476616E63655F4B66
:1039F000206D69736D617463682E0A004669656C99
:103A0000643A20706C616E6E65725F657874727571
:103A10006465725F616476616E63655F4B0A004640
:103A200069656C6420746D635F737465616C746840
:103A30005F656E61626C6564206D69736D6174634E
:103A4000682E0A004669656C643A20746D635F7382
:103A50007465616C74685F656E61626C65640A00B0
:103A60004669656C6420746D635F6879627269642D
:103A70005F7468726573686F6C64206D69736D61E3
:103A80007463682E0A004669656C643A20746D633D
:103A90005F6879627269645F7468726573686F6C7D
:103AA000640A004669656C6420746D635F737465B5
:103AB000707065725F63757272656E74206D697384
:103AC0006D617463682E0A004669656C643A2074FF
:103AD0006D635F737465707065725F637572726534
:103AE0006E740A004669656C642070617273657259
:103AF0005F766F6C756D65747269635F656E616228
:103B00006C6564206D69736D617463682E0A00468C
:103B100069656C643A207061727365725F766F6C70
:103B2000756D65747269635F656E61626C65640A68
:103B3000004669656C6420667772657472616374AF
:103B40005F73657474696E6773206D69736D6174FA
:103B500063682E0A004669656C643A206677726570
:103B600074726163745F73657474696E67730A005D
:103B70004669656C64207265636F766572795F650E
:103B80006E61626C6564206D69736D617463682E2B
:103B90000A004669656C643A207265636F766572E7
:103BA000795F656E61626C65640A004669656C6484
:103BB00020636F6E74726F6C6C657246616E5F73BA
:103BC000657474696E6773206D69736D6174636881
:103BD0002E0A004669656C643A20636F6E74726FDA
:103BE0006C6C657246616E5F73657474696E677341
:103BF0000A004669656C64206C63645F6272696781
:103C000068746E657373206D69736D617463682E7B
:103C10000A004669656C643A206C63645F6272698D
:103C20006768746E6573730A004669656C64206C1E
:103C300063645F636F6E7472617374206D69736D1A
:103C4000617463682E0A004669656C643A206C638F
:103C5000645F636F6E74726173740A004669656CA9
:103C60006420706F7765725F6D6F6E69746F725FDD
:103C7000666C616773206D69736D617463682E0A89
:103C8000004669656C643A20706F7765725F6D6F8E
:103C90006E69746F725F666C6167730A004669656E
:103CA0006C64206368616D626572504944206D697F
:103CB000736D617463682E0A004669656C643A200E
:103CC0006368616D6265725049440A004669656CBB
:103CD0006420626564504944206D69736D6174634A
:103CE000682E0A004669656C643A20626564504932
:103CF000440A004669656C64206C70715F6C656E87
:103D0000206D69736D617463682E0A004669656C85
:103D1000643A206C70715F6C656E0A004669656C70
:103D20006420686F74656E64504944206D69736DDA
:103D3000617463682E0A004669656C643A20686F96
:103D400074656E645049440A004669656C6420627B
:103D50006C746F7563685F686967685F73706565C9
:103D6000645F6D6F6465206D69736D617463682E47
:103D70000A004669656C643A20626C746F7563680A
:103D80005F686967685F73706565645F6D6F6465C0
:103D90000A004669656C6420626C746F7563685FC5
:103DA0006F645F35765F6D6F6465206D69736D61FB
:103DB0007463682E0A004669656C643A20626C740C
:103DC0006F7563685F6F645F35765F6D6F64650AFA
:103DD000004669656C6420736572766F5F616E671B
:103DE0006C6573206D69736D617463682E0A00469B
:103DF00069656C643A20736572766F5F616E676C9B
:103E000065730A004669656C6420706C616E6E654E
:103E1000725F6C6576656C696E675F616374697605
:103E200065206D69736D617463682E0A004669656B
:103E30006C643A20706C616E6E65725F6C6576655D
:103E40006C696E675F6163746976650A00466965CF
:103E50006C642070726F62655F6F66667365742054
:103E60006D69736D617463682E0A004669656C64E0
:103E70003A2070726F62655F6F66667365740A00E0
:103E80004669656C6420706C616E6E65725F617509
:103E9000746F74656D705F6D6178206D69736D61AD
:103EA0007463682E0A004669656C643A20706C6120
:103EB0006E6E65725F6175746F74656D705F6D6154
:103EC000780A004669656C642072756E6F75745F60
:103ED000656E61626C6564206D69736D61746368A1
:103EE0002E0A004669656C643A2072756E6F7574AF
:103EF0005F656E61626C65640A004669656C64208A
:103F0000686F6D655F6F6666736574206D69736D4C
:103F1000617463682E0A004669656C643A20686FB4
:103F20006D655F6F66667365740A004669656C64EB
:103F300020655F666163746F7273206D69736D6174
:103F40007463682E0A004669656C643A20655F6692
:103F50006163746F72730A00455252002001400180
:103F600030013B01400136016001310170012C013B
:103F700090012701B0012201C0011D01F0011801CB
:103F80001002130130020E016002090190020401C7
:103F9000C002FF000003FA004003F5008003F000B8
:103FA000D003EB002004E6007004E100E004DC0034
:103FB0004005D700C005D2004006CD00D006C8009D
:103FC0008007C3003008BE00F008B900C009B40083
:103FD000B00AAF00B00BAA00D00CA500000EA000E4
:103FE000500F9B00C01096005012910000148C00DE
:103FF000C0158700B0178200B0197D00D01B780073
:10400000001E730040206E0090226900F0246400BE
:1040100040275F0090295A00E02B5500102E5000D9
:1040200020304B0010324600E033410090353C0018
:104030001037370070383200A0392D00B03A280010
:10404000A03B2300603C1E00103D1900903D140071
:10405000103E0F00703E0A00C03E0500003F000009
:10406000403FFBFF803FF6FFC03FF1FF44697363B1
:104070006172642052657475726E2E2E2E0A0020B5
:104080002D206434200064333A2000202D20643237
:10409000200064313A2000202D206C656E200056EF
:1040A000502072656365697665643A200020646C0F
:1040B000656E3D002076703D004F56464C0A004329
:1040C000616E6E6F7420656E7465722073756264C4
:1040D00069723A20004D323520500A4D3234005278
:1040E0006573756D65005549205061757365004EA7
:1040F0006F204D61746368203A004D32320A4D32B0
:10410000310049732046696C652000497320446979
:104110007220004D3130303043004D3130303000AE
:10412000496E76616C6964204F7074696F6E004DE2
:10413000353030004D3939390A4D3238305030532E
:10414000313630004D3530320A4D353030004D3586
:104150003030000A202A2A2A7265636461742E6452
:104160006174615B305D203D004732380A47312081
:104170004631303030205A313000556E73757070D2
:104180006F72746564204F7074696F6E2053656C34
:104190006563746564004D36303553300A473238F4
:1041A00058004D36303553310A54300A4732380AF8
:1041B0004D36303553320A473238580A4731583075
:1041C0000A4D3630355333004D36303553310A54AD
:1041D000300A4732380A4D36303553320A473238C2
:1041E000580A47315830004D36303553310A47327E
:1041F00038580A47315830004D32313153300A4770
:1042000039310A47315A302E3032350A4739300AAF
:104210004D3231315331004D32313153300A47394B
:10422000310A47315A2D302E3032350A4739300A9B
:104230004D32313153310047323953320047323930
:104240005331004732365232353500473330582526
:104250007359257300473330582573592573004728
:104260003330582573592573004733305825735917
:10427000257300473330582573592573004D313964
:10428000305335350A4732380A4732390A4D34300F
:10429000300A4D313034533231350A4732380A4D05
:1042A000313039533231350A4D34323053310A47C7
:1042B00031583130305931303046353030300A479E
:1042C000315A300A4D3530300A4D3131372053657F
:1042D00074205A204F66667365740047312046315A
:1042E000303030205A302E30004732380A473120E3
:1042F0004631303030205A302E30005A204F66661A
:10430000736574203A20257300526F756E64696E70
:104310006720746F207374657000526571756573E2
:10432000746564204F666673657420005A204F667A
:1043300066736574203A20257300526F756E646948
:104340006E6720746F2073746570005265717565B7
:1043500073746564204F6666736574200047323855
:104360000A473146313530305A302E300047323826
:104370005A0A473146313530305A302E30004265C6
:1043800064204C6576656C204F7074696F6E2000F8
:1043900052657475726E203A20004D3834004731F2
:1043A00046313030305A302E30004732380A4731EB
:1043B00046313030305A302E300052756E6F757481
:1043C0004D6F64653A20004D34323252004D343224
:1043D0003252005A204F6666736574203A20257366
:1043E00000526F756E64696E6720746F2073746518
:1043F0007000526571756573746564204F666673ED
:10440000657420004D38340068616E646C652077F7
:10441000616974776179203D3D0020746F6F206C75
:104420006F6E6720657874727573696F6E20707235
:104430006576656E7465640A0020636F6C64206540
:104440007874727573696F6E2070726576656E74BC
:1044500065640A00544D33442031305350726F5616
:10446000322052656164792E005072696E74696EF3
:10447000672E2E2E005072696E7420506175736520
:10448000640044697361626C6552756E6F75740087
:1044900050757267654D6F72650050617573656424
:1044A00000436F6E74696E7565004C6F61642046E1
:1044B000696C616D656E742054004C6F61642046B8
:1044C000696C616D656E7400496E73657274206607
:1044D000696C616D656E7420616E642073656E64D5
:1044E000204D3130380A002F2F616374696F6E3AA6
:1044F00000726573756D6564004469736D697373EB
:1045000000526573756D696E6700205A3A2000206D
:10451000593A200042656420583A200050726F6278
:10452000696E67204661696C65640A0050726F624B
:10453000696E67204661696C656400204500205AF9
:104540000020590020204D393220580053746570E6
:10455000732070657220756E697400220A00556EB2
:104560006B6E6F776E20636F6D6D616E643A2022A3
:10457000002042002050006F6B0020453A00205A76
:104580003A0020593A00583A006F6B0A005265739E
:10459000656E643A2000D800E60011241FBECFEFFC
:1045A000D1E2DEBFCDBF00E00CBF84B780939B1883
:1045B00014BE0FB6F894A89580916000886180932E
:1045C0006000109260000FBE14E0A0E0B2E0E8E8E6
:1045D000F1EB02E00BBF02C007900D92A43FB107C0
:1045E000D9F728E1A4EFB4E001C01D92AB39B207BE
:1045F000E1F712E2CCECD2E200E006C0219701091B
:10460000802FFE010F94F954CB3CD10780E00807BE
:10461000A9F70F945B3F0D94B2580C9400002091C1
:104620008A16833021F425FD0CC024FD0CC030E037
:10463000A90102C0559547958A95E2F7CA01817094
:10464000089581E0089580E008958091540784FDE5
:104650000BC08091560787FD07C090915707937054
:1046600081E019F480E0089581E00895CF92DF920F
:10467000EF92FF92CF93DF93EC01CC80DD80EE8050
:10468000FF8027E137EB41ED58EBC701B6010F94EE
:10469000695787FD23C023E030E04BE953E4C701AD
:1046A000B6010F941E4E1816CCF0C880D980EA804F
:1046B000FB8027E137EB41ED58EBC701B6010F94C2
:1046C000695787FD0BC0C1E023E030E84DE953E4B2
:1046D000C701B6010F941E4E18160CF4C0E08C2FC3
:1046E000DF91CF91FF90EF90DF90CF900895682FEA
:1046F00070E090E080E00F94254E20917507309196
:10470000760740917707509178070F94844E209157
:104710006D0730916E0740916F07509170070F94AD
:1047200009550895682F70E090E080E00F94254EC1
:10473000209171073091720740917307509174076F
:104740000F94844E2091690730916A0740916B075E
:1047500050916C070F940955089580916407811159
:104760000EC020913102309132022150310981E096
:104770004091541050915510421753070CF080E0AF
:104780000895269A2E9A08958F929F92AF92BF9283
:10479000CF92DF92EF92FF92FC01828158E5C52E05
:1047A00052E0D52EC81AD10887FDD394CC0CDD1C5D
:1047B000CC0CDD1C0D2C000CEE08FF08818178E884
:1047C000872E912C881A910887FD9394880C991C48
:1047D000880C991C092C000CAA08BB0880818F3F0B
:1047E000D1F190E0FC01EE0FFF1FE80FF91FE65832
:1047F000FF4E8181928133E0880F991F3A95E1F74E
:10480000B0E0A0E044E0B595A795979587954A95C7
:10481000D1F702969C012F5F3F4F032E000C440BF3
:10482000550B281939094A095B09A4EBB0E00F942C
:10483000A354A7019601281939094A095B090F9465
:104840008454C901FF90EF90DF90CF90BF90AF905C
:104850009F908F90089590E080E0DCCFCF93DF931E
:1048600000D01F92CDB7DEB780E090E0A0EAB0E4C0
:1048700089839A83AB83BC8341E061E0CE010196DA
:104880000E9422C50F900F900F900F90DF91CF9153
:104890000895AF92BF92CF92DF92EF92FF920F9363
:1048A0001F93CF935C016B018A01875F9A4F7C0154
:1048B000DC01CC91C7FF3DC0FB0111821082CF5FAC
:1048C000D701CC93CC300CF053C08CE08A9DF00122
:1048D0008B9DF00D1124CF018C0F911DC7FD9A9572
:1048E0002091C2102817190609F00CF441C0F601F6
:1048F00020813181FC01EE0FFF1FE80FF91FE65800
:10490000FF4E81819281820F931FD80111969C9353
:104910008E93808187FF3DC061E08F77CF911F919B
:104920000F91FF90EF90DF90CF90BF90AF900C94DD
:1049300080798CE08A9DF0018B9DF00D1124CF01D0
:104940008C0F911DC7FD9A952091C210281719064A
:1049500009F00CF4B4CFFC01EE0FFF1FE80FF91FB4
:10496000E658FF4E808160E08F770E948079A7CF64
:10497000F6018081918104968034FCE99F0710F450
:1049800080E49CE9D80111969C938E938FEFF701F8
:104990008083CF911F910F91FF90EF90DF90CF9088
:1049A000BF90AF900895FC0101900020E9F79F01AE
:1049B00021503109281B390B2F33310540F4FC01FC
:1049C000E20FF31F60832E33310509F01182089541
:1049D0000F931F93CF93DF9300D01F92CDB7DEB715
:1049E0009C0104EE19E090E1EDEAFAE0D8010190B3
:1049F0000D929A95E1F7F90120813181428153812D
:104A0000F80160857185828593850F940955F801B9
:104A1000608771878287938780E090E0A0EAB0E4A6
:104A200089839A83AB83BC83CE0101960E94ABC37A
:104A30000F900F900F900F90DF91CF911F910F91DA
:104A400008952F923F924F925F926F927F928F9232
:104A50009F92AF92BF92CF92DF92EF92FF921F93FD
:104A6000CF93DF93CDB7DEB72C970FB6F894DEBFA8
:104A70000FBECDBF7A011901DC012D913D914D9101
:104A80005C912D833E834F835887FB01408051808A
:104A9000628073808090AD0A9090AE0AA090AF0AB9
:104AA000B090B00AA50194016D817E818F819885B7
:104AB0000F941E4E81110EC011E0A301920160916E
:104AC000B10A7091B20A8091B30A9091B40A0F941E
:104AD0001E4E811110E0D1012D913D914D915C91BF
:104AE00029873A874B875C87F701C080D180E280B5
:104AF000F380209102023091030240910402509110
:104B00000502C701B6010F941E4E882309F44EC05A
:104B1000C0920202D0920302E0920402F0920502D7
:104B20008091B90A9091BA0AA091BB0AB091BC0ACF
:104B30004091B10A5091B20A6091B30A7091B40ADF
:104B40008092E4099092E509A092E609B092E70903
:104B50004093E8095093E9096093EA097093EB09DF
:104B6000C092EC09D092ED09E092EE09F092EF09C3
:104B70008093F0099093F109A093F209B093F3099F
:104B800020E030E040E05FE36091860A7091870AA0
:104B90008091880A9091890A0F94844E69837A8360
:104BA0008B839C83CE0101960E94ABC32D813E81F5
:104BB0004F8158852093E4093093E5094093E60935
:104BC0005093E7094092E8095092E9096092EA0996
:104BD0007092EB09D1012D913D914D915C916091C5
:104BE000F0097091F1098091F2099091F3090F9405
:104BF00009556093F0097093F1098093F20990933D
:104C0000F30911112FC020E030E0A90169857A85F0
:104C10008B859C850F941E4E811133C060E070E03F
:104C200088EC92E469837A838B839C83CE0101961E
:104C30000E94ABC32C960FB6F894DEBF0FBECDBF5B
:104C4000DF91CF911F91FF90EF90DF90CF90BF90B9
:104C5000AF909F908F907F906F905F904F903F901C
:104C60002F9008952AEF3EE74AE25FE360918A0AB7
:104C700070918B0A80918C0A90918D0A0F94844ECA
:104C8000D1CF60E070E080EA91E4CCCFCF93DF93A6
:104C9000EC0140E450E00F94154DCE01DF91CF912F
:104CA00008950F931F93CF93DF9300D000D01F92EE
:104CB0001F92CDB7DEB78B01FC0123A5211102C0E5
:104CC0000E9436FF1D821E821F82188620E030E07F
:104CD00040E05FE36091B50A7091B60A8091B70A2F
:104CE0009091B80A0F94095569837A838B839C83CA
:104CF0009E012B5F3F4FAE014F5F5F4F61EB7AE04C
:104D00008DEA9AE00E9421251D821E821F8218864C
:104D100020E030E040E05FE3F80160857185828546
:104D200093850F94095569837A838B839C83B8019B
:104D30006C5F7F4F9E012B5F3F4FAE014F5F5F4F18
:104D4000C8010E94212528960FB6F894DEBF0FBE39
:104D5000CDBFDF91CF911F910F910895CF93DF9336
:104D6000EC01FC0101900020E9F7CF0101978C1BB9
:104D70009D0B8F33910540F440E450E0481B590BE4
:104D80008C0F9D1F0F94644DCE01DF91CF9108953C
:104D9000EF92FF920F931F93CF93DF93CDB7DEB7C0
:104DA0002C970FB6F894DEBF0FBECDBF7C017F936A
:104DB0006F938CEF93E09F938F938E010F5F1F4F44
:104DC0001F930F930F948258B801C7010E94AE261B
:104DD0000F900F900F900F900F900F902C960FB692
:104DE000F894DEBF0FBECDBFDF91CF911F910F9121
:104DF000FF90EF900895EF92FF920F931F93CF9340
:104E0000DF93CDB7DEB764970FB6F894DEBF0FBE61
:104E1000CDBF7C01FB0160817181828193818E0114
:104E20000F5F1F4F248141E00F949548BC01C701DB
:104E30000E94AE2664960FB6F894DEBF0FBECDBFBB
:104E4000DF91CF911F910F91FF90EF900895909176
:104E5000E209992321F0682F80E00E94C6C880E013
:104E6000089581E080935710089580917305909183
:104E70007405009731F04AE050E070E060E00D9476
:104E8000E34B60E070E0CB010895FC016591759102
:104E9000859194910895CF93DF93C0915410D09150
:104EA0005510209729F16091501070915110809108
:104EB0005210909153100F9475566E5F7F4F249748
:104EC0006C177D07ACF47093D9056093D8050E94E8
:104ED000607A605A75418F4F9F4F6093DA057093E7
:104EE000DB058093DC059093DD05DF91CF9108957C
:104EF0001092DA051092DB051092DC051092DD05A8
:104F0000F4CF9B01AC01485F5F4FBC016C5F7F4FEA
:104F10000C9421252F923F924F925F926F927F9235
:104F20008F929F92AF92BF92CF92DF92EF92FF92B9
:104F30000F931F93CF93DF93CDB7DEB7A6970FB62E
:104F4000F894DEBF0FBECDBF8C011B015A87498785
:104F50004090AD0A5090AE0A6090AF0A7090B00ACF
:104F6000DB018D919D910D90BC91A02D8B8B9C8B25
:104F7000AD8BBE8B9C01AD01C301B2010F940855EE
:104F80006B017C018090B10A9090B20AA090B30AA4
:104F9000B090B40AD10114968D919D910D90BC9161
:104FA000A02D8F8B988FA98FBA8F9C01AD01C50161
:104FB000B4010F9408556B8F7C8F8D8F9E8FA985C0
:104FC000BA858D919D910D90BC91A02D8B879C876A
:104FD000AD87BE879C01AD01C301B2010F94085596
:104FE0006F8F78A389A39AA3A985BA8514968D910A
:104FF0009D910D90BC91A02D8F87988BA98BBA8B1A
:105000009C01AD01C501B4010F9408556BA37CA3AD
:105010008DA39EA3A7019601C701B6010F94844EEC
:105020006B017C012B8D3C8D4D8D5E8DCA01B901CC
:105030000F94844E9B01AC01C701B6010F94095532
:105040004B015C012B893C894D895E896B857C8590
:105050008D859E850F9408552B013C012F89388D35
:10506000498D5A8D6F85788989899A890F94085559
:105070006B017C01A3019201C301B2010F94844E24
:105080002B013C01A7019601C701B6010F94844E84
:105090009B01AC01C301B2010F9409550F94B7579E
:1050A0006B017C012F8D38A149A15AA1CA01B90118
:1050B0000F94844E2B013C012BA13CA14DA15EA17C
:1050C000CA01B9010F94844E9B01AC01C301B20126
:1050D0000F9409559B01AC01C501B4010F946957A8
:1050E0001816B4F520E030E0A901C701B6010F940D
:1050F000695787FF2AC0C701B601905820E030E009
:1051000040EA50E40F946957181614F5A101698517
:105110007A85C8010E948A27A6960FB6F894DEBF4A
:105120000FBECDBFDF91CF911F910F91FF90EF90F8
:10513000DF90CF90BF90AF909F908F907F906F90B7
:105140005F904F903F902F900895C701B601D6CF42
:1051500020E030E040E050E4C501B4010F9469570D
:10516000181624F4B101C8010E94512619821A822E
:105170001B821C82BE016F5F7F4FC1010E9481278D
:105180002DEC3CEC4CEC5CE3C701B6010F94844E73
:105190009B01AC01F80160817181828193810F9440
:1051A000844E6D837E838F839887D8019B968C91E4
:1051B0009B978823C9F02AE939E949E95FE3149606
:1051C0006D917D918D919C9117970F94844E698379
:1051D0007A838B839C83BE016F5F7F4F84EE99E05F
:1051E0000E948127F80113A6BE016B5F7F4F89855E
:1051F0009A850E94812790CF4F925F926F927F9203
:105200008F929F92AF92BF92CF92DF92EF92FF92D6
:105210000F931F93CF93DF93CDB7DEB768970FB689
:10522000F894DEBF0FBECDBF7C01FB018081C42E90
:10523000C80EF4E0FC1508F4B0C0FB01D180022FC9
:105240000D0D053008F0A9C0ED2DF0E0E659FA4F3C
:10525000E081F0E0082E02C0F595E7950A94E2F7A8
:10526000E0FF9BC0E02FF0E0E659FA4FE081F0E06C
:105270000C2C02C0F595E7950A94E2F7E0FF8DC08B
:10528000122F742E0E9492234B015C01672D660F32
:10529000770B072E000C880B990B0F94254E2B01D2
:1052A0003C01AC019B01C501B4010F9409556D8708
:1052B0007E878F87988B8C2D0E949223A301920169
:1052C0000F94085569837A838B839C838D2D0E946C
:1052D00077234B015C01612F660F770B072E000CC3
:1052E000880B990B0F94254E2B013C01AC019B01BF
:1052F000C501B4010F940955698B7A8B8B8B9C8BFC
:10530000802F0E947723A30192010F9408556D838B
:105310007E838F839887F70180859185A285B385E9
:1053200089879A87AB87BC878D8B9E8BAF8BB88F15
:1053300045E351E061E070E0CE0141960E9464B91E
:1053400045E351E061E070E0CE0105960E9464B94A
:105350004AE351E061E070E0CE010D960E9464B92D
:105360004AE351E061E070E0CE0101960E9464B929
:10537000CE010D960E943623882379F0CE01019646
:105380000E943623882349F0AE014F5F5F4FBE0174
:10539000635F7F4FC7010E948A2768960FB6F89413
:1053A000DEBF0FBECDBFDF91CF911F910F91FF9058
:1053B000EF90DF90CF90BF90AF909F908F907F90B5
:1053C0006F905F904F900895809173059091740550
:1053D000009731F04AE050E070E060E00D94B54A8B
:1053E00060E070E0CB0108950E94E42997FD0CC0B5
:1053F0000E94E4296F3F71058105910509F034F49D
:105400000E94E429862F089580E008958FEF089583
:105410008091730590917405892B41F00E94F429C5
:1054200091E0811101C090E0892F089591E0FCCFB7
:105430000E94E429CB0108950F931F93CF9380918D
:10544000730590917405009709F1FC018F01C191DA
:105450002C2F2F7DA1F0C53431F0C53621F0C83591
:1054600011F0C83799F7F801108270E060E00F94EE
:105470005749F801C083CF911F910F91089570E0B3
:1054800060E0CF911F910F910D94574960E070E05B
:10549000CB01F1CF2FEB280F2A3108F047C0E22FC4
:1054A000F0E08091540790915507A0915607B09174
:1054B000570704C0B695A795979587952A95D2F773
:1054C00080FD02C081700895E65CF84FE081EE2314
:1054D00041F18091A70A9091A80AE80FF92FF11DD8
:1054E000808190ED980F9A3030F08E3251F48181A6
:1054F00080538A3098F4F0937405E093730581E04B
:1055000008958D3211F08B3249F4818190ED980F1E
:105510009A3088F38E3211F48281EACFF0E0E0E035
:10552000EACF1092740510927305E9CF80E00895D8
:105530000F931F93CF930E942523882399F185E42D
:105540000E944A2A882361F0809173059091740526
:10555000892B21F00E94182A811102C00E941C9DF3
:1055600003E912E0C0E0F80121918F0121548091FC
:10557000540790915507A0915607B091570704C062
:10558000B695A795979587952A95D2F780FF03C082
:105590008C2F0E945A9DCF5FC33029F7CF911F9166
:1055A0000F91089588EC9DE00F94DD0180E00E944A
:1055B0005A9D81E00E945A9D82E00E945A9DCF919F
:1055C0001F910F910C941C9D0E944A2A882341F040
:1055D00081E02091730530917405232B09F480E05C
:1055E0000895CF92DF92EF92FF926A017B010E94B1
:1055F000E42A882331F0FF90EF90DF90CF900C9455
:105600001C2AC701B601FF90EF90DF90CF9008955C
:10561000CF93DF93EB010E94E42A882321F0DF91EE
:10562000CF910C94182ACE01DF91CF910895CF939A
:10563000DF93EB010E94E42A882319F00E94E429F9
:10564000EB01CE01DF91CF9108950F931F93CF937C
:1056500083E50E94E42A882301F10E94607A609326
:10566000DA0A7093DB0A8093DC0A9093DD0A0E94C9
:105670001C2A20E030E04AE754E40F94844E0F9453
:105680007C56609306027093070280930802909301
:105690000902CF911F910F9108950E94252388231D
:1056A00039F10E9418BA85E40E944A2A81110E94A9
:1056B000149D03E912E0C0E0F80121918F0121540B
:1056C0008091540790915507A0915607B0915707C4
:1056D00004C0B695A795979587952A95D2F780FF30
:1056E00003C08C2F0E94239DCF5FC33029F7D1CFF9
:1056F000CF911F910F910C9429BA4F925F926F92A4
:105700007F92AF92BF92CF92DF92EF92FF920F9370
:105710001F93CF938091540784FD09C08091560751
:1057200087FD05C080915707837009F48EC083E917
:10573000A82E82E0B82E0AE51AE0C0E0F5018191BA
:105740005F010E94E42A882349F0C330D9F00E9407
:105750001C2AF801648B758B868B978BCF5F0C5F4F
:105760001F4FC43059F7CF911F910F91FF90EF90C9
:10577000DF90CF90BF90AF907F906F905F904F90F1
:105780000C94F4B90E941C2A6B017C0120E030E0EB
:1057900040EA51E40F941E4E87FF4EC0A7019601C8
:1057A00060917A0A70917B0A80917C0A90917D0ABF
:1057B0000F9403562B013C01AC019B016091F8084A
:1057C0007091F9088091FA089091FB080F94844E2B
:1057D0006093F8087093F9088093FA089093FB0897
:1057E000A301920160918A0A70918B0A80918C0AC0
:1057F00090918D0A0F94844E60938A0A70938B0A5D
:1058000080938C0A90938D0A6091E4087091E5086A
:105810008091E6089091E7080F94234EA30192012E
:105820000F94844E0F947C566093E4087093E508BF
:105830008093E6089093E708C0927A0AD0927B0A98
:10584000E0927C0AF0927D0A89CF81E0CF911F918E
:105850000F91FF90EF90DF90CF90BF90AF907F902F
:105860006F905F904F900C940FFDCF93C62F0E94C6
:10587000E42A882319F0CF910C94F4298C2FCF912E
:105880000895CF93DF93C82FD62F0E94E42A882350
:1058900021F0DF91CF910C94082A8C2F0E944A2A84
:1058A000811101C08D2FDF91CF910895CF92DF92AA
:1058B000EF92FF92CF936B017C01C42F8091070977
:1058C0008F5F09F4B5C08093070980910709809321
:1058D000B60920E030E040E752E460915F02709149
:1058E000600280916102909162020F94844E0F9445
:1058F0007C567093190960931809C0921A09D092C6
:105900001B09E0921C09F0921D098091B509C0FBAA
:1059100080F98093B5098CE0E8E6F6E0AEE1B9E005
:1059200001900D928A95E1F78CE0EDEBFAE0AAE2A6
:10593000B9E001900D928A95E1F7809199059091D7
:10594000B50980FB94F99093B509882381F0809183
:10595000950590919605A0919705B0919805809333
:10596000360990933709A0933809B093390980918B
:1059700054109091551090933B0980933A0980916F
:1059800028109091291090933D0980933C098091B3
:10599000A30A80933E098091B5099091DC0990FBA0
:1059A00083F98093B5098091DD099091DE09A0917A
:1059B000DF09B091E00980933F0990934009A093DB
:1059C0004109B09342090E94D2CB6093B009709311
:1059D000B1098093B2099093B30980918A1680939C
:1059E000B409909102098091B50993FB81F99091D6
:1059F000640790FB82F98093B50980E00E9441AC76
:105A000040E050E0BA018CE996E10E94A68340EBA9
:105A100050E067E079E08CE996E10E943A848CE9F5
:105A200096E1CF91FF90EF90DF90CF900C94678735
:105A300081E049CF4F925F926F927F928F929F92B7
:105A4000AF92BF92CF92DF92EF92FF920F931F938C
:105A5000CF93DF9300D01F92CDB7DEB719821A82A1
:105A60001B821C8293E9892E92E0992ECE01019629
:105A70005C0124EEC22E29E0D22E3DEAE32E3AE06C
:105A8000F32E10E000E0F40181914F010E94E42A1E
:105A9000F50181935F01882309F4EDC00E941C2A5F
:105AA0002B013C01802F0E940F23882309F4D3C0CF
:105AB000F7012081318142815381C301B2010F94EA
:105AC0000955F60160837183828393830F5F1F4FB3
:105AD000F4E0CF0ED11C84E0E80EF11C0330110578
:105AE00091F685E40E94E42A8C83882309F4CEC0D1
:105AF0000E941C2A6B017C0183E00E940F238823F3
:105B000071F02091B90A3091BA0A4091BB0A5091C4
:105B1000BC0AC701B6010F9409556B017C01C09204
:105B2000F009D092F109E092F209F092F309809124
:105B3000B709882391F18091971682FF2EC087FDC7
:105B40002CC08C81882349F18981811103C08A810D
:105B5000882319F12DEC3CEC4CE45DE360911009D5
:105B60007091110980911209909113090F940955B0
:105B70009B01AC016091B50A7091B60A8091B70A99
:105B80009091B80A0F94695718163CF440E060E011
:105B900070E080E090E40E94562C40E050E0BA01B2
:105BA00086E40E94F12A20E030E0A9010F946957B1
:105BB000181684F40E941C2A20E030E040E752E4EA
:105BC0000F94035660935F027093600280936102AA
:105BD000909362028091020983FD28C0809154064F
:105BE000882321F12091B90A3091BA0A4091BB0A69
:105BF0005091BC0A6091F0097091F1098091F2090D
:105C00009091F3090F940855209161063091620636
:105C100040916306509164060F94095560936106A4
:105C20007093620680936306909364060F900F90C2
:105C30000F900F90DF91CF911F910F91FF90EF90F8
:105C4000DF90CF90BF90AF909F908F907F906F909C
:105C50005F904F900895F801EE0FFF1FEE0FFF1FAA
:105C6000E354F54F2081318142815381C301B20158
:105C70000F94085526CFF70180819181A281B381CD
:105C8000F60180839183A283B38320CF8091B90AE8
:105C90009091BA0AA091BB0AB091BC0A8093F00916
:105CA0009093F109A093F209B093F30940CFE7E094
:105CB000F9E080EBDF011D928A95E9F70895809164
:105CC000B709811104C00E94572E0C942DAC80910D
:105CD000971682FF09C087FD07C040E060E070E0D2
:105CE00080E090E40C94562C089580910709882355
:105CF00061F09091B609891308C08091971684FFCE
:105D000004C083E499E00C94418B80E00895FC0189
:105D1000238121110C9467870895CF92DF92EF922F
:105D2000FF921F93CF93DF93182F662351F01092A9
:105D3000690510926505109266051092670510922C
:105D400068050E94607A6B017C01809165059091E5
:105D50006605A0916705B0916805A7019601281B0B
:105D6000390B4A0B5B0BDA01C901B7FD3DC020912D
:105D7000690517FD13C0412F012E000C550B4C5F18
:105D80005F4F822F022E000C990B4817590764F1C0
:105D900084EF91E0A0E0B0E0211724F488EE93E0D6
:105DA000A0E0B0E08C0D9D1DAE1DBF1D809365056C
:105DB00090936605A0936705B09368052170C22F84
:105DC00030E0D32F84E28C9FB0018D9F700D7C1B3F
:105DD000112460597C4F82E390E00E945ED680914E
:105DE00069058F5F80936905DF91CF911F91FF90C7
:105DF000EF90DF90CF900895CF93DF93C09128105C
:105E0000D0912910209729F16091241070912510CC
:105E100080912610909127100F9475566E5F7F4FDA
:105E200024976C177D07ACF47093CF056093CE0573
:105E30000E94607A605E70448D4F9F4F6093D005E2
:105E40007093D1058093D2059093D305DF91CF91C4
:105E500008951092D0051092D1051092D20510929B
:105E6000D305F4CF8C38910514F08CE890E0909332
:105E70002910809328100C94FC2E682F70E090E07D
:105E800080E00C94FEF5CF93C1E020E030E0A90162
:105E900060917107709172078091730790917407F8
:105EA0000F941E4E811101C0C0E08C2FCF91089538
:105EB000CF93C82F882321F00E94432F8823C9F055
:105EC0008091DC098C17A9F00E9418BA8DEA9AE03B
:105ED0000E943BBA8091DC0991E089278093DC091C
:105EE000882321F08DEA9AE00E94A6B8CF910C9405
:105EF0005CC6CF9108958F929F92AF92BF92EF921E
:105F0000FF920F931F93CF93DF9380E00E94582F4F
:105F100010926D0710926E0710926F071092700723
:105F20001092690710926A0710926B0710926C0723
:105F300010927507109276071092770710927807E3
:105F400010927107109272071092730710927407E3
:105F500005EF19E0C0E0812C912C80ECA82E8FE792
:105F6000B82E7801D0E0F70181929192A192B1927E
:105F70007F016D2F8C2F0E943BFDDF5FD53099F79D
:105F8000CF5F0C5E1F4FC53061F7DF91CF911F913E
:105F90000F91FF90EF90BF90AF909F908F900895DA
:105FA0004F925F926F927F928F929F92AF92BF9229
:105FB000CF92DF92EF92FF920F931F93CF93DF93D5
:105FC000EC012091690730916A0740916B0750916D
:105FD0006C07688179818A819B810F9408556B01D8
:105FE0007C0120916D0730916E0740916F075091B1
:105FF00070076C817D818E819F810F9408554B01C4
:106000005C01A701960160915C0570915D0580912E
:106010005E0590915F050F941E4E882309F450C0D1
:10602000C0925C05D0925D05E0925E05F0925F053E
:1060300020915405309155054091560550915705D2
:10604000C701B6010F94844E2B013C010F94AB564F
:106050006B017C0120E030E0A9010F941E4E87FD0A
:1060600070C020E030E040E450E4C701B6010F9476
:10607000695718162CF4C12CD12CC0E4EC2EFE2C40
:10608000A7019601C301B2010F94085560934C0516
:1060900070934D0580934E0590934F05C701B6014F
:1060A0000F94755660934A05062E000C770B6F5FB0
:1060B0007F4F6430710514F064E070E06093480530
:1060C000D091460510914A05A501940160916005A3
:1060D0007091610580916205909163050F941E4E49
:1060E000811133C0D11381C020912E0530912F052D
:1060F000409130055091310560914C0570914D05EE
:1061000080914E0590914F050F94844E2091320559
:106110003091330540913405509135050F94095560
:10612000DF91CF911F910F91FF90EF90DF90CF9073
:10613000BF90AF909F908F907F906F905F904F90A7
:106140000895C12CD12C76019BCF8092600590924E
:106150006105A0926205B0926305209158053091C7
:10616000590540915A0550915B05C501B4010F9442
:10617000844E4B015C010F94AB566B017C0120E017
:1061800030E0A9010F941E4E87FDF3C020E030E0FF
:1061900040E450E4C701B6010F94695718162CF477
:1061A000C12CD12CB0E4EB2EFE2CA7019601C50129
:1061B000B4010F9408556093500570935105809376
:1061C000520590935305C701B6010F94755660931D
:1061D0004B05062E000C770B6F5F7F4F6430710507
:1061E00014F064E070E060934905C0914B05D11351
:1061F00005C0809147058C1709F470C080914A054D
:1062000090914B0590934705809346050C2E000C0A
:10621000DD0B25E01203C0011124FC01EC0FFD1F72
:10622000EE0FFF1FEE0FFF1FEB50F64F2081318165
:1062300042815381209342053093430540934405A6
:106240005093450500914905002E000C110BFC01EF
:10625000E00FF11FEE0FFF1FEE0FFF1FEB50F64F89
:1062600060817181828193810F94085560933E050E
:1062700070933F0580934005909341052091480518
:1062800035E02303F0011124CE0FDF1FCC0FDD1FFB
:10629000CC0FDD1FCB50D64F288139814A815B81DD
:1062A00020933A0530933B0540933C0550933D05C0
:1062B000E00FF11FEE0FFF1FEE0FFF1FEB50F64F29
:1062C00060817181828193810F94085560933605B6
:1062D0007093370580933805909339058090500569
:1062E00090905105A0905205B090530520913E0525
:1062F00030913F054091400550914105C501B401E1
:106300000F94844E209142053091430540914405FD
:10631000509145050F9409556B017C01C0923205DF
:10632000D0923305E0923405F09235052091360580
:10633000309137054091380550913905C501B401B8
:106340000F94844E20913A0530913B0540913C05D5
:1063500050913D050F940955A70196010F940855DA
:1063600060932E0570932F0580933005909331052F
:10637000BBCEC12CD12C760118CFECE5F5E080EF37
:106380009FEFA9E7B4EC84839583A683B7838083CA
:106390009183A283B383E6E4F5E08DE98183808372
:1063A00008958F929F92AF92BF92CF92DF92EF9219
:1063B000FF92FC0198E0A1E7B7E001900D929A9559
:1063C000E1F788E0FB01A9E6B7E001900D928A951C
:1063D000E1F7C0907107D0907207E0907307F090DA
:1063E000740720E030E0A901C701B6010F941E4EEA
:1063F0008823E1F1A701960160E070E080E89FE367
:106400000F9403566B017C0180907507909076077E
:10641000A0907707B090780720E030E0A901C5018F
:10642000B4010F941E4E882329F1A501940160E068
:1064300070E080E89FE30F940356C0925405D09219
:106440005505E0925605F0925705609358057093F4
:10645000590580935A0590935B05FF90EF90DF906C
:10646000CF90BF90AF909F908F900895C12CD12C6A
:106470007601CACF60E070E0CB01DFCFEFE6F0E05D
:1064800080818260808308958091DE0A9091DF0A86
:10649000892B79F48091DE0A9091DF0A892B49F4E7
:1064A0002091DE0A3091DF0A81E0232B19F480E08D
:1064B000089581E00895CF92DF92EF92FF926B01F1
:1064C0007C0183E3C816D104E104F10470F082E397
:1064D000C81AD108E108F10862E370E080E090E0BA
:1064E0000E942D7A0E94C394ECCFC701B6010E948E
:1064F0002D7AFF90EF90DF90CF900C94C394109280
:1065000003096091A8057091A9058091AA05909151
:10651000AB050F9475566093A7050895CF93DF934D
:10652000EC019881943108F08FC0E92FF0E08827C2
:10653000E356FD4C8F4F0D94F954B132C232D03234
:10654000E232E9322433ED322433F132F5322433AE
:10655000F932FD322433023307330C33143324333E
:106560001D33603229F038F46A3011F06D3041F497
:10657000DF91CF9108956D3481F081E06E3471F038
:1065800083E10CC06A3338F4603390F7603281F3F2
:106590006D32B1F7EDCF6D3499F782E08883E8CFA3
:1065A000643371F030F4603219F383E06133B1F396
:1065B000E7CF8BE0653391F38EE0683379F3E0CF7A
:1065C00088E0ECCF84E0603349F386E0613331F357
:1065D000D7CF85E06833A1F6E1CF87E0623381F65B
:1065E000DDCF89E0613361F6D9CF8AE0603341F6CF
:1065F000D5CF8CE0623321F6D1CF8DE0643309F042
:10660000BFCFCCCF8FE0673309F0BACFC7CF80E1DF
:10661000663309F0B5CFC2CF603209F4A9CF81E16A
:10662000633509F4BBCFACCF60536A3008F0A0CF1C
:1066300082E18883609364059BCF6A3019F06D30E6
:1066400009F096CF188294CF6A3019F06D3009F0B6
:106650008FCF80918B168823A9F39A3071F140F483
:10666000953031F1973071F781E08093D605EACF0C
:106670009D3039F1923131F7909164058091C90ACA
:106680001092C90A8230B1F0843011F18130D1F614
:106690009923D9F09130B1F682E08093040980917A
:1066A0000309882379F2109229080E947F32CACF09
:1066B00010922C0210920509C5CF81E08093D50578
:1066C000C1CF81E08093D405BDCF80930409BACFB8
:1066D0008AED93E390932F0880932E08B3CF6C98A4
:1066E000749A0C947F329091971694FB882780F9C6
:1066F00094FF06C081E09091FE17911101C080E0E7
:1067000008950E947333882339F08091971682FB95
:10671000882780F991E0892708958091B90981112E
:1067200006C08091B809823011F00C94813381E069
:1067300008950C9458D581E00C94C4D6DC01EC91FA
:106740008E2F90E0FC01EE0FFF1FE80FF91FE658B7
:10675000FF4E80818F7780830895CF93DF93EC0184
:10676000E62F660FFF0BE05EFE4CE491E250E13154
:1067700008F0B0C0F0E08827EF53FC4C8F4F0D9429
:10678000F954D2336A346A346A346A34FC33DE33FF
:1067900020341E34FE334434423422346A346834A4
:1067A0006634463482E1E9E6F2E0DE0101900D92C2
:1067B0008A95E1F7CE01DF91CF91089581E020EB3A
:1067C00030E03983288321EB30E03B832A831D822C
:1067D0001C8223EB30E03F832E8324EB30E03987AB
:1067E00028871B861A861D861C8692E09E878F87C7
:1067F00081E0888B198ADECF80E0E1CF81E08F5F76
:1068000020E930E03983288321E930E03B832A8383
:1068100022E930E03D832C8328E930E03F832E835A
:106820002AE930E0398728872CE930E03B872A873E
:1068300026E930E03D872C8793E0D8CF80E0DFCF9A
:1068400080E0DECF81E08F5F20EA30E0398328836B
:1068500021EA30E03B832A8322EA30E03D832C8327
:1068600028EA30E03F832E832AEA30E03987288700
:106870002CEA30E03B872A8726EA30E03D872C87E8
:1068800094E0B4CF80E0DFCF80E0DECF81E08F5FA7
:1068900020E231E03983288321E231E03B832A83FF
:1068A00022E231E03D832C8328E231E03F832E83D6
:1068B0002AE231E0398728872CE231E03B872A87BA
:1068C00026E231E03D872C8795E090CF80E0DFCF56
:1068D00080E0DECF82E1FE0111928A95E9F76ACF6E
:1068E0008F929F92AF92BF92CF92DF92EF92FF92E0
:1068F0000F93CF93DF931F92CDB7DEB75C017B017F
:1069000049016B01C40ED51EF501808191810F9460
:106910003C548983002311F0F7018083BE016F5F2F
:106920007F4FC4010E94E1F5F501808191810196BC
:1069300091838083FFEFEF1AFF0AEC14FD0421F727
:1069400080E00F90DF91CF910F91FF90EF90DF905B
:10695000CF90BF90AF909F908F900895009719F0BF
:10696000019789F008951092900082E08093910041
:106970001092950010929400C19A809171008260EB
:106980008093710008951092A00082E08093A1008E
:106990001092A5001092A40089BB80937200089504
:1069A0007F928F929F92AF92BF92CF92DF92EF929F
:1069B000FF920F931F93CF93DF936C01EB01FC01C8
:1069C0008081883108F0C6C090E0FC01EE0FFF1F07
:1069D000E80FF91FE658FF4E808161E08F770E9433
:1069E000F179F6011182128280812CE0622F0F94DE
:1069F000C554829FB001112430E020E0AB01420F6A
:106A0000531FFA01EE0FFF1FE40FF51FE658FF4E6C
:106A1000908197FD08C02F5F3F4F2C30310571F7F3
:106A200090E00E94AE34F6017080E72CF12C8701D3
:106A3000000F111FF801EE0DFF1DE658FF4E80817B
:106A40008068808377FC86C0C032F2E0DF070CF0FC
:106A500040C0F601828128E532E0281B310987FD1C
:106A60003395220F331F220F331F032E000C440BCC
:106A7000550B818178E8872E912C881A910887FD23
:106A80009394880C991C880C991C092C000CAA085A
:106A9000BB0860E070E0CB01D7FD0AC0BE01C53B7A
:106AA000D10514F064EB70E0072E000C880B990BF5
:106AB000281939094A095B090F94525424EB30E034
:106AC00040E050E00F948454820E931EA41EB51E25
:106AD000E401F7E1F71558F1F6012281318188E8E8
:106AE00090E0831B910937FD9395880F991F880FBC
:106AF000991FC817D90774F088E592E0821B9109A5
:106B000027FD9395880F991F880F991FC817D907DC
:106B10000CF4CE012FB7F8940E0D1F1DF801E658A6
:106B2000FF4E0297880F991F928381832FBF62E3E4
:106B300070E080E090E0DF91CF911F910F91FF9086
:106B4000EF90DF90CF90BF90AF909F908F907F900D
:106B50000C945B32DF91CF911F910F91FF90EF90DA
:106B6000DF90CF90BF90AF909F908F907F900895CF
:106B70000F931F93CF93C82F8B0183EC90E10E945A
:106B8000C423C817B9F06C2F70E083EC90E10E9429
:106B9000D034F8016081718182819381643FF1E09A
:106BA0007F078105910520F464EF71E080E090E0BB
:106BB0000E945B3289B182FB882780F9CF911F91B7
:106BC0000F910895CF93DF9300D01F92CDB7DEB71A
:106BD0008EEE92E0A0E0B0E089839A83AB83BC8321
:106BE000BE016F5F7F4F8AE50E94B8350F900F900E
:106BF0000F900F90DF91CF910895CF93DF9300D046
:106C00001F92CDB7DEB78EEE92E0A0E0B0E08983B0
:106C10009A83AB83BC83BE016F5F7F4F8AE00E9483
:106C2000B8350F900F900F900F90DF91CF9108958E
:106C3000CF93DF9300D01F92CDB7DEB784EF91E002
:106C4000A0E0B0E089839A83AB83BC83BE016F5F11
:106C50007F4F80EA0E94B8350F900F900F900F90F1
:106C6000DF91CF910895CF92DF92EF92FF921F9321
:106C7000CF93DF9300D01F92CDB7DEB78EEEC82E34
:106C800082E0D82EE12CF12CC982DA82EB82FC82E0
:106C9000BE016F5F7F4F8AE50E94B83581110EC03B
:106CA00010E0812F0F900F900F900F90DF91CF91F8
:106CB0001F91FF90EF90DF90CF9008950E941836BB
:106CC000C982DA82EB82FC82BE016F5F7F4F8AE568
:106CD0000E94B835182F882319F30E9428B8E1CFF5
:106CE000CF92DF92EF92FF921F93CF93DF9300D06A
:106CF0001F92CDB7DEB78EEEC82E82E0D82EE12CE3
:106D0000F12CC982DA82EB82FC82BE016F5F7F4F79
:106D10008AE00E94B83581110EC010E0812F0F90DB
:106D20000F900F900F90DF91CF911F91FF90EF90F8
:106D3000DF90CF9008950E9418360E94E2350E949D
:106D4000FD350E94E235C982DA82EB82FC82BE0107
:106D50006F5F7F4F8AE00E94B835182F8823E9F2D1
:106D60000E9428B8DBCF1F920F920FB60F9211240A
:106D70000BB60F922F933F934F935F936F937F9335
:106D80008F939F93AF93BF93EF93FF9348EA50E0A5
:106D900064EA70E081E090E00E944924FF91EF9165
:106DA000BF91AF919F918F917F916F915F914F9123
:106DB0003F912F910F900BBE0F900FBE0F901F9021
:106DC00018951F920F920FB60F9211240BB60F92C7
:106DD0002F933F934F935F936F937F938F939F93E3
:106DE000AF93BF93EF93FF9348E950E064E970E0FD
:106DF00090E080E00E944924FF91EF91BF91AF9114
:106E00009F918F917F916F915F914F913F912F91C2
:106E10000F900BBE0F900FBE0F901F901895809192
:106E2000EF0F8823D1F10FB607FC2DC090915108C8
:106E300080915208981304C08091D00086FD2DC027
:106E40008091D00085FF1EC080915208209151088A
:106E5000821306C08091D1008F7D8093D10012C033
:106E6000E82FF0E0EF5AF74F92818F5F8F77909382
:106E7000D600809352089091D00090649093D000F7
:106E8000281741F3D3CF909151088091520898135D
:106E900003C08091D00086FFF6CF089591E09093D3
:106EA000EF0F9091D10095FD0CC09091D00095FF0F
:106EB00008C08093D6008091D00080648093D00079
:106EC0000895209151082F5F2F770FB607FC27C038
:106ED00090915208921328C09091D00095FF1EC047
:106EE0009091520840915108941306C09091D1009E
:106EF0009F7D9093D10012C0E92FF0E0EF5AF74F39
:106F000032819F5F9F773093D600909352083091E3
:106F1000D00030643093D000491741F3D9CF90911D
:106F20005208921301C0FBCFE0915108F0E0EF5AF4
:106F3000F74F8283209351088091D1008062809323
:106F4000D10008958091A4079091A5072FEF3FEFFE
:106F5000981751F0E92FF0E0EC55F84F228130E01E
:106F60009F5F9F739093A507C90108951F920F9289
:106F70000FB60F9211240BB60F922F938F939F93FE
:106F8000EF93FF938091520820915108821306C01D
:106F90008091D1008F7D8093D10012C0E82FF0E066
:106FA000EF5AF74F92818F5F8F779093D60080933F
:106FB00052089091D00090649093D000281741F32C
:106FC000FF91EF919F918F912F910F900BBE0F909A
:106FD0000FBE0F901F9018951F920F920FB60F9231
:106FE00011240BB60F920F931F932F933F934F9340
:106FF0005F936F937F938F939F93AF93BF93CF9341
:10700000DF93EF93FF938091D00083FF06C08091C0
:10701000E7078F5F89F18093E7071091D600009111
:10702000A507C091A407D1E0DC0FDF73612F88E0D2
:1070300095E00E948E320D1731F0EC2FF0E0EC5508
:10704000F84F1283CD2FC093A407FF91EF91DF91EA
:10705000CF91BF91AF919F918F917F916F915F91F0
:107060004F913F912F911F910F910F900BBE0F9059
:107070000FBE0F901F9018958FEFCDCF9091C0004D
:1070800095FFFCCF8093C60008958F929F92AF9298
:10709000BF92CF92DF92EF92FF92CF936B017C0170
:1070A000B42E20E030E0A9010F941E4E87FF07C0E8
:1070B0008DE20E943E38F7FAF094F7F8F094C0E0C1
:1070C00060E070E080E09FE3CB1541F02DEC3CECFC
:1070D0004CEC5DE30F94844ECF5FF6CFA701960191
:1070E0000F9409556B017C010F947C564B015C0198
:1070F0000E94FEF5CC2371F1C501B4010F94234E1B
:107100009B01AC01C701B6010F9408556B017C01CE
:107110008EE20E943E38C150E8F020E030E040E2CC
:1071200051E4C701B6010F94844E6B017C010F94AA
:107130007C564B015C010E94FEF5C501B4010F9421
:10714000234E9B01AC01C701B6010F9408556B019A
:107150007C01E1CFCF91FF90EF90DF90CF90BF9077
:10716000AF909F908F900895CF93DF93EC01FE0135
:1071700084912196882319F00E943E38F8CFDF9140
:10718000CF910895CF93DF93EB010E94B438CE01E5
:10719000DF91CF910C94B438CF92DF92EF92FF92AF
:1071A0006A017B010E94B43842E0C701B601FF903A
:1071B000EF90DF90CF900C9445388EE097E00C94E0
:1071C000B43887E097E00C94B43881E097E00C94F1
:1071D000B438811102C00C94E53808954F925F9243
:1071E0006F927F928F929F92AF92BF92DF92EF92B7
:1071F000FF920F931F93CF93DF93CDB7DEB76497C2
:107200000FB6F894DEBF0FBECDBF87E00E94B6BFB9
:10721000811111C08091540790915507A091560794
:10722000B09157076EE0B695A795979587956A95A3
:10723000D1F780FDA1C00E9418BA0E94607A6093C5
:10724000DA0A7093DB0A8093DC0A9093DD0A1092CD
:107250003C026091DC098CE40E94412CD82E80E035
:107260000E94582F0E948CC381E0809366060E9482
:10727000B7C88091540790915507A0915607B091D7
:10728000570759E1B695A795979587955A95D1F7E0
:10729000282F2170F22E10E080FF0DC081E00E94A7
:1072A000B6BF082F82E00E94B6BF11E0811101C075
:1072B00010E0011179C08091540790915507A09179
:1072C0005607B091570747E1B695A79597958795CB
:1072D0004A95D1F780FD68C011110DC00091570784
:1072E000017001130AC0012FF11207C011E001E083
:1072F000FF24F39402C0012F10E082E50E94E42AEB
:10730000E82E812C912C30E8A32E30E4B32E882374
:1073100021F00E941C2A4B015C01898A9A8AAB8A5F
:10732000BC8AE11045C0E12E111104C0E02E01110C
:1073300001C0EF2C8091630761E082FD55C043C01E
:1073400087E39CE00F94DD010E94E53885E29CE034
:107350000E94B4380E945CC68091650680936606E0
:10736000F1100E942E24DD2019F081E00E94582F98
:107370000E9473C30E949CC664960FB6F894DEBF49
:107380000FBECDBFDF91CF911F910F91FF90EF9076
:10739000DF90BF90AF909F908F907F906F905F90A5
:1073A0004F900895F82ED6CF11119DCF11E096CFB2
:1073B00020E030E0A901C501B4010F941E4EEE2477
:1073C000E3948823C1F0A50194016091B50A7091FE
:1073D000B60A8091B70A9091B80A0F940955698B43
:1073E0007A8B8B8B9C8B60E0EE2049F040E0CE01E5
:1073F00041960E9422C50E9418360E94E235112350
:1074000009F45CC0002309F456C01092AD0A109232
:10741000AE0A1092AF0A1092B00A1092B10A1092FE
:10742000B20A1092B30A1092B40A0E945CC68EEDA2
:107430009BE6ADE8B2E48D879E87AF87B88B8EEC74
:1074400094E30E94452720E030E040EC5FE30F9496
:10745000844E905869837A838B839C838AEC94E36F
:107460000E94452720E030E040EC5FE30F94844E1B
:10747000905869877A878B879C879E01235F3F4F4F
:1074800045EB5AE0BE016F5F7F4FCE0109960E9427
:1074900041C40E9413C91092AD0A1092AE0A109214
:1074A000AF0A1092B00A1092B10A1092B20A10926A
:1074B000B30A1092B40A80E00E94FDC9002319F0BB
:1074C00081E00E94FDC9FF2009F444CF8091540758
:1074D00090915507A0915607B091570727E0B695B0
:1074E000A795979587952A95D1F780FD86C083E06B
:1074F0000E94B2F0811156CF0E945CC68091B50AFD
:107500009091B60AA091B70AB091B80A8093EC099D
:107510009093ED09A093EE09B093EF090091D2107A
:107520001091D310F801208131814281538160E0B4
:1075300070E086E193E40F9408554B015C01809262
:10754000E4099092E509A092E609B092E709F801F2
:10755000248135814681578160E070E086E193E4C3
:107560000F9408552B013C014092E8095092E9091B
:107570006092EA097092EB0927E137EB41ED58EB95
:107580000F94695787FDDCCE23E030E04BE953E4EC
:10759000C301B2010F941E4E18160CF4D1CE27E190
:1075A00037EB41ED58EBC501B4010F94695787FDE6
:1075B000C7CE23E030E84DE953E4C501B4010F9490
:1075C0001E4E18160CF4BCCE19861A861B861C8615
:1075D00088E0E4EEF9E0DE01119601900D928A95C3
:1075E000E1F79E01275F3F4F45EB5AE0BE016B5F1D
:1075F0007F4FCE0101960E9441C482E00E94FDC9E6
:10760000A9CECF93DF93EB010E94B438BE01DD0F0A
:10761000880B990BDF91CF910C9489F85F926F9250
:107620007F928F929F92AF92BF92CF92DF92EF9212
:10763000FF920F931F93CF93DF931F92CDB7DEB7C7
:107640007C0139018B015B01A40EB51ED12CC12C2C
:10765000A016B10609F450C0F70180809180F801AE
:1076600051908F015982C4010F943C545816B9F1BE
:10767000652DC4010F944454FFEFCF1ADF0AC601F1
:107680008F779927892B21F162E070E080E090E00C
:107690000E942D7AC4010F943C5499818917F9F006
:1076A0000E94E5388BE594E00E94B43881E00F90A9
:1076B000DF91CF911F910F91FF90EF90DF90CF90CE
:1076C000BF90AF909F908F907F906F905F90089544
:1076D00062E070E080E090E00E945B32DBCFBE01B0
:1076E0006F5F7F4FC3010E94E1F5F70180819181B7
:1076F000019691838083ACCF80E0D9CF8AE00C944F
:107700003E380F931F93CF93811113C0C42F8B0169
:107710000E94E538B80183E89EE00E94C238CC237D
:1077200041F08AE30E943E38CF911F910F910C9453
:107730007E3BCF911F910F910895CF92DF92EF92F0
:10774000FF92CF9380915407887809F04CC08091C4
:10775000550787FD48C080915607867009F043C0E1
:107760000E94E53882E79EE00E94B43880912908A3
:10777000811133C080E49EE00E94B4384091A80596
:107780005091A9056091AA057091AB0585E69EE030
:107790000E94CC3882E69EE00E94B438F09028081F
:1077A00089E59EE00E94B4386F2D70E090E080E0A3
:1077B0000E9489F887E49EE00E94B43880917505A4
:1077C00081110EC080E49EE00E94B438CF91FF90FA
:1077D000EF90DF90CF900C947E3B84E49EE0CCCF82
:1077E00084E49EE0F1CF88E40E944A2A882321F0B5
:1077F0000E94082A80937505C0905407D0905507C1
:10780000E0905607F090570781E1F694E794D794FB
:10781000C7948A95D1F781E0C822DD24EE24FF24A5
:1078200083E50E944A2AC82FCD28CE28CF2811F4FC
:10783000882341F00E947F32CC2321F00E94082A45
:107840008093290884E40E944A2A882311F10E9427
:107850001C2A6093A8057093A9058093AA059093AC
:10786000AB0580E50E944A2A8823C9F00E94182AA5
:107870009C013327233031051CF02730310579F482
:1078800080932808CF91FF90EF90DF90CF900C94D9
:107890006F338CE40E944A2A8111D9CFE2CFCF9175
:1078A000FF90EF90DF90CF900895CF93DF93EB019F
:1078B0000E94B438BE01DD0F880B990B0E9489F835
:1078C000DF91CF910C947E3BCF93DF93C82F41E0A3
:1078D00066EA7DE00E94813B8C2F0E94E938CCE46F
:1078E000D0E148A159A16AA17BA18DE99DE00E9448
:1078F000CC3821E732EB47E25EE36CA17DA18EA19B
:107900009FA10F940356AB01BC018AE99DE00E9440
:10791000CC3821E732EB47E25EE368A579A58AA57A
:107920009BA50F94844EAB01BC0187E99DE00E94AA
:10793000CC38DF91CF910C947E3BCF92DF92EF92C7
:10794000FF926A017B010E94B43842E0C701B60190
:107950000E944538FF90EF90DF90CF900C947E3BD3
:10796000CF92DF92EF92FF920F931F93CF93DF930B
:10797000C090FC08D090FD08E090FE08F090FF0851
:107980008BE40E94E42A882349F10E941C2A8B017F
:10799000D82FC92F20E030E0A9010F94695787FD47
:1079A0000BC020E030E040E251E4B8018D2F9C2F65
:1079B0000F941E4E1816ACF48FE30E943E388BE4F1
:1079C0000E943E388CED9DE00E94B43884ED9DE02D
:1079D0000E94B43881ED9DE00E94B4388601DE2D0E
:1079E000CF2D9601A701B8018D2F9C2F0F941E4E0D
:1079F000882369F00E9418BAC801AD2FBC2F80936C
:107A0000FC089093FD08A093FE08B093FF088091B6
:107A1000540790915507A0915607B0915707892BAD
:107A20008A2B8B2BB1F40E94E5384091FC085091D1
:107A3000FD086091FE087091FF0880EF9DE0DF91E6
:107A4000CF911F910F91FF90EF90DF90CF900C940A
:107A50009D3CDF91CF911F910F91FF90EF90DF90B0
:107A6000CF900895CF93DF9360EC7DE00E94F2FC0D
:107A7000C0E2D0E148A159A16AA17BA187EB9DE0BA
:107A80000E94CC3821E732EB47E25EE36CA17DA196
:107A90008EA19FA10F940356AB01BC0184EB9DE026
:107AA0000E94CC3821E732EB47E25EE368A579A576
:107AB0008AA59BA50F94844EAB01BC0181EB9DE090
:107AC000DF91CF910C949D3CCF93DF936EE17DE0ED
:107AD0000E94F2FC60916A0A70916B0A80916C0AB4
:107AE00090916D0A0F94234EAB01BC0185E19DE09E
:107AF0000E94CC3840919A0A50919B0A60919C0A4E
:107B000070919D0A82E19DE00E94CC3840919E0ACE
:107B100050919F0A6091A00A7091A10A8FE09DE0A8
:107B20000E94CC38CCEED8E0488159816A817B81B3
:107B300083E793E10E94CC384C815D816E817F8127
:107B400081E495E40E94CC38488559856A857B8517
:107B50008EE395E40E94CC384C855D856E857F85EB
:107B60008BE395E4DF91CF910C949D3CCF93DF9311
:107B700065EC7CE00E94F2FCCAE5DAE04CA95DA964
:107B80006EA97FA98CEB9CE00E94CC3848AD59AD22
:107B90006AAD7BAD89EB9CE00E94CC384CAD5DAD0D
:107BA0006EAD7FAD8FE09DE0DF91CF910C949D3C59
:107BB000CF93DF9361EA7CE00E94F2FCCAE5DAE051
:107BC0004CA15DA16EA17FA188E99CE00E94CC3808
:107BD00048A559A56AA57BA581E495E40E94CC3807
:107BE0004CA55DA56EA57FA58EE395E40E94CC38DB
:107BF00048A959A96AA97BA98BE395E40E94CC38CE
:107C0000DF91CF910C947E3BCF93DF936CE77CE0C8
:107C10000E94F2FCCAE5DAE0688179818A819B8161
:107C20000F94234EAB01BC0183E79CE00E94CC384B
:107C30006C817D818E819F810F94234EAB01BC01AD
:107C400081E495E40E94CC38688579858A859B8596
:107C50000F94234EAB01BC018EE395E40E94CC3817
:107C60006C857D858E859F850F94234EAB01BC016D
:107C70008BE395E40E94CC38DF91CF910C947E3B4E
:107C8000CF93811114C00E94E53861E67CE083E85F
:107C90009EE00E94C23880919905811104C084E55C
:107CA0009CE00E94B4380E947E3B0E94E538C0915F
:107CB00099058BE49CE00E94B4386C2F70E090E052
:107CC00080E00E9489F84091950550919605609159
:107CD00097057091980588E49CE0CF910C949D3CA9
:107CE000CF93DF93EC0166EB71E387EE94E40E949F
:107CF000C2388BE597E00E94B43880E20E943E389B
:107D0000CE010E94B438DF91CF910C947E3B66EB9C
:107D100071E387EE94E40E94C23886E597E00E9402
:107D2000B4380C947E3B66EB71E387EE94E40E94DA
:107D3000C23882E597E00E94B4380C947E3B0F93E2
:107D40001F93CF93DF93D82F8B01C42F0E94933EB4
:107D5000D093C90A66EB71E387EE94E40E94C238BF
:107D60008CE497E00E94B43880E20E943E38C8015B
:107D70000E94B438CC2319F08C2F0E943E38DF913A
:107D8000CF911F910F910C947E3B40E0BC0182E0AB
:107D90000E949F3E81EA94E4009711F00E94703E99
:107DA0000C94873EAF92BF92CF92DF92EF92FF92F8
:107DB0000F931F93CF93DF93EC0187E197E00E942D
:107DC000B438209711F4C5EFD9E010E007E0015076
:107DD00021F080E20E943E38FACF812F0E943D2F91
:107DE0001F5F153099F70E947E3B10E080E20E94F1
:107DF0003E38812F0E943D2F5E0105E080E20E9407
:107E00003E38F501C080D180E280F380A701960161
:107E1000C701B6010F94FB57882351F180E20E94FD
:107E20003E388DE30E943E388DE30E943E388DE35C
:107E30000E943E388DE30E943E388DE30E943E381A
:107E40000150F4E1AF0EB11C0111D8CF0E947E3B6E
:107E50001F5F2496153051F6DF91CF911F910F913E
:107E6000FF90EF90DF90CF90BF90AF900C947E3B4F
:107E700020E030E0A901C701B6010F94695787FDE2
:107E800003C08BE20E943E3843E0C701B6010E9466
:107E90004538D6CF811106C080E49EE00E94B438F8
:107EA0000C947E3B84E49EE0F9CF2F923F924F9258
:107EB0005F926F927F928F929F92AF92BF92CF927A
:107EC000DF92EF92FF920F931F93CF93DF93CDB783
:107ED000DEB76D970FB6F894DEBF0FBECDBF83E55A
:107EE0000E944A2A182F3090DC09882319F00E943A
:107EF000082A382E8091AD0A9091AE0AA091AF0A5F
:107F0000B091B00A8A8F9B8FAC8FBD8F8091B10AE0
:107F10009091B20AA091B30AB091B40A8E8B9F8B54
:107F2000A88FB98F8091B50A9091B60AA091B70A2F
:107F3000B091B80A8A8B9B8BAC8BBD8B112329F037
:107F4000311003C080E00E94582F80915407909117
:107F50005507A0915607B091570725E1B695A7950B
:107F6000979587952A95D1F74C015D01E1E08E2226
:107F70009924AA24BB240E94432F882309F4C5C056
:107F800083E40E944A2A882309F4A0C00E941C2A84
:107F90002B013C0185EF99E09F838E839987888729
:107FA000B5E0BD8300E0212CE8ECEE87F2ECFF8722
:107FB0001A861B8628EC2C8782E48D87A885B985D4
:107FC000B98BA88B15E0E889F989C190D190E1902F
:107FD000F190F98BE88B2A853B854C855D85C7013F
:107FE000B6010F941E4E87FF04C0CA86DB86EC865E
:107FF000FD86202F322D4E855F85C701B6010F9477
:108000006957181624F40C2D2D2CEE86FF8611507E
:10801000D1F6FD81F150FD83888599854496998735
:108020008887F111CBCF202F322D4E855F856A8551
:108030007B858C859D850F94095520E030E040E0DC
:108040005FE30F94844EA30192010F9409552B0115
:108050003C012DEB37E346E855EB0F94695787FD5C
:108060000AC02DEB37E346E855E3C301B2010F9494
:108070001E4E18165CF580E00E94582F10E0EE802E
:10808000FF8000E0D7016D917D918D919D917D01E3
:108090006D01B4E0CB1AD108A30192010F940855E9
:1080A000F6016083718382839383602F812F0E9406
:1080B0003BFD0F5F053031F71F5F8E819F81449636
:1080C0009F838E831530D9F60E94BD3189288A2876
:1080D0008B2841F00E94432F882321F090E080E01C
:1080E0000E94D23E8AE50E944A2A882351F00E94CB
:1080F0001C2A69837A838B839C83CE0101960E941C
:1081000056FF832D0E94582F0CC0311004C08928BF
:108110008A288B2839F30E94E53886E69BE00E9486
:10812000B438332051F08091DC09811106C00E94DF
:10813000E13887E49BE00E94B4380E94E53889E387
:108140009BE00E94B4388091DC090E944A3F0E9463
:10815000E5388CE29BE00E94B438C090DD09D090F5
:10816000DE09E090DF09F090E00920E030E0A901AD
:10817000C701B6010F94695718160CF051C042E0C0
:10818000C701B6010E9445380E946B7E2A8D3B8D47
:108190004C8D5D8D6091AD0A7091AE0A8091AF0AF1
:1081A0009091B00A0F941E4E81111FC02E893F89F5
:1081B000488D598D6091B10A7091B20A8091B30ACD
:1081C0009091B40A0F941E4E81110FC02091B50AF0
:1081D0003091B60A4091B70A5091B80A6A897B89F2
:1081E0008C899D890F941E4E81110E949CC66D96AC
:1081F0000FB6F894DEBF0FBECDBFDF91CF911F91B8
:108200000F91FF90EF90DF90CF90BF90AF909F9035
:108210008F907F906F905F904F903F902F90089538
:1082200087E29BE00E94B438B1CF0E94B4380C942E
:108230007E3BCF93DF93C82F41E06EE07EE00E944B
:10824000813B8C2F0E94E938CDE8D5E048815981E7
:108250006A817B8185E09EE00E94CC384C815D8103
:108260006E817F8182E09EE00E94CC388FEF9DE09E
:108270000E94B43888E195E1DF91CF910C941541CB
:10828000CF93DF93EC016EE377E087EE94E40E94F6
:10829000C238CE01DF91CF910C941541CF93DF937B
:1082A000CDB7DEB7A8970FB6F894DEBF0FBECDBF2F
:1082B0008C017B01942E0E947B920115110509F41B
:1082C000CBC00E94E538C8010E941541E114F104B9
:1082D00021F494E0E92E9AE2F92E8091620780FD64
:1082E00089C0816080936207CDB6DEB684EC96E0EB
:1082F0000E94154181E09AE5909319168093181613
:1083000088E590E090931B1680931A1687E080937F
:108310000C1682E880930F1684E890E0A0E0B0E0AD
:108320008093101690931116A0931216B093131603
:108330008CEB95E10E948ED4C8010F94294D5C010D
:10834000C7010F94294D8A0D9B1D03962DB73EB78B
:10835000281B390B0FB6F8943EBF0FBE2DBF8DB74B
:108360009EB701965C01FF92EF921F930F938DEBE6
:1083700096E09F938F93BF92AF920F94B54D8AE290
:1083800089838A838B838C83D501CE010596EDB7D3
:10839000FEB738960FB6F894FEBF0FBEEDBFBE0114
:1083A0006F5F7F4FFC01E61BF70B2D9121110BC076
:1083B000E60FF71F8AE29F01261B370B2832310593
:1083C00034F48193F8CFFC012193CF01EBCF20E669
:1083D00030E140E050E08CEB95E10E946C7A6AE07D
:1083E00070E080E090E00E94ACCE0FB6F894DEBE64
:1083F0000FBECDBE0E94E13881EE96E00E94B438F7
:108400006FEC76E087EE94E40E94C2380E947E3BD7
:1084100089EE93E0019739F000C00000EEE5F9E045
:108420003197F0F7F7CFF89489EE93E0019739F0A0
:1084300000C00000E6EEF3E03197F0F7F7CF0E94BE
:108440007B92992031F00E944F9D0E94C123A895F4
:10845000FECF0E94149DF9CFE114F10421F484E0D1
:10846000E82E8AE2F82E08ED16E037CF8091E00A78
:108470009091E10A2FEF3FEF981751F0E92FF0E0CC
:10848000E052F54F228130E09F5F9F779093E10AA1
:10849000C90108951F920F920FB60F9211240F90E9
:1084A0000FBE0F901F9018951F920F920FB60F924C
:1084B00011240BB60F920F931F932F933F934F935B
:1084C0005F936F937F938F939F93AF93BF93CF935C
:1084D000DF93EF93FF938091C00083FF06C08091EC
:1084E0007B058F5F89F180937B051091C600009119
:1084F000E10AC091E00AD1E0DC0FDF77612F87E06D
:1085000095E00E948E320D1731F0EC2FF0E0E05232
:10851000F54F1283CD2FC093E00AFF91EF91DF91C9
:10852000CF91BF91AF919F918F917F916F915F910B
:108530004F913F912F911F910F910F900BBE0F9074
:108540000FBE0F901F9018958FEFCDCF8EBD0DB43D
:1085500007FEFDCF08958FEF8EBD0DB407FEFDCF52
:108560008EB50895909164009B7F90936400982F3E
:10857000906A96959CBD80FD03C091E0863009F419
:1085800090E09DBD08952F923F924F925F926F921F
:108590007F928F929F92AF92BF92CF92DF92EF9293
:1085A000FF920F931F93CF93DF93CDB7DEB7C658DB
:1085B000D1090FB6F894DEBF0FBECDBF86E19BE0B8
:1085C0000E94B43887E00E94B2F0811164C080E05C
:1085D00090E0A0E8BFE389839A83AB83BC838D835B
:1085E0009E83AF83B8878DEC9CECACE4BEE38987B7
:1085F0009A87AB87BC8780E090E0A0E2B1E48D87EA
:108600009E87AF87B88B8CE390E09A8B898B8DEC3B
:1086100090E09C8B8B8B8DEC9CECACECBEE38D8B5B
:108620009E8BAF8BB88F80E090E0A0EEBFE3898F88
:108630009A8FAB8FBC8F1BA61CA64AE959E969E942
:108640007EE38FE40E94F12A6D8F7E8F8F8F98A337
:1086500060E083E40E94412C89A360E08BE40E94E7
:10866000412C8AA382E40E94E42A882381F10E949B
:10867000182A009761F19C012852310925363105ED
:1086800020F16CE870E088EE9AE00E94013B83EEF6
:108690009AE00E94B438CA57DF4F0FB6F894DEBF95
:1086A0000FBECDBFDF91CF911F910F91FF90EF9043
:1086B000DF90CF90BF90AF909F908F907F906F9002
:1086C0005F904F903F902F9008959A8B898B8CE408
:1086D0000E94E42A8823E1F00E941C2A6B017C019D
:1086E000C986DA86EB86FC8620E030E0A9010F948B
:1086F000695787FD0AC020E030E040E050E4C70140
:10870000B6010F941E4E18161CF48BEB9AE0C1CFE5
:1087100081E50E944A2A882331F180917305909166
:108720007405892BE9F00E941C2A6B017C01CD8223
:10873000DE82EF82F8862DEC3CEC4CE45DE30F9496
:10874000695787FD0AC020E030E040E751E4C701E7
:10875000B6010F941E4E181634F48AE89AE099CFA9
:108760008FE59AE096CF83E50E94E42A8823E9F01A
:108770000E941C2A6B017C01CD8ADE8AEF8AF88E6A
:108780002DEC3CEC4CEC5DE30F94695787FD0AC07F
:1087900020E030E040E050E4C701B6010F941E4EE7
:1087A00018161CF488E39AE074CF80E50E944A2AE8
:1087B000882341F18091730590917405892B19F4F8
:1087C00080E09AE066CF8BA58F5F8BA70E941C2A62
:1087D0006B017C01CD86DE86EF86F88A20E030E0F2
:1087E000A9010F94695787FD0AC020E030E048ECEA
:1087F00051E4C701B6010F941E4E18161CF488ED03
:1088000099E047CF86E40E94E42A8823E9F00E9499
:108810001C2A6B017C01C98EDA8EEB8EFC8E20E067
:1088200030E040E85FE30F94695787FD0AC020E01D
:1088300030E040E850E4C701B6010F941E4E181610
:108840001CF48FEA99E025CFC98CDA8CEB8CFC8C78
:108850008D889E88AF88B88CA7019601C701B601A4
:108860000F94844E9B01AC0160E070E084E490E4DE
:108870000F94035629813A814B815C810F94844E79
:108880002B013C01A5019401C501B4010F94844E54
:10889000A70196010F94844E2CEE31E548EB5DE381
:1088A0000F9403569B01AC01C301B2010F94844E97
:1088B00069837A838B839C8388E40E94E42A8823DB
:1088C00079F00E94182A009759F09C01255A310925
:1088D0002937310518F081E899E0DBCE9C8B8B8B32
:1088E00085E50E944A2A8823C9F00E94607A6115B2
:1088F00071058105910511F00F944E498091730522
:1089000090917405892BF9F00E941C2A60936F05E1
:1089100070937005809371059093720582E50E94B3
:108920004A2A8823A9F08091730590917405892BB8
:1089300091F00E94182AAC968FAFAC9781110FC0AE
:1089400089E199E0A6CE60E070E088E492E4DECFB1
:108950008DE499E09ECE2AE1AC962FAFAC9789E5E5
:108960000E94E42A882381F10E941C2A2091C10AD6
:108970003091C20A4091C30A5091C40A0F9408551D
:108980006B017C0188E50E94E42A882331F10E9472
:108990001C2A2091BD0A3091BE0A4091BF0A509115
:1089A000C00A0F9408556BA37CA38DA39EA3CFA2EE
:1089B000D8A6E9A6FAA6CE0183960E943623811195
:1089C00015C08FEE98E065CEC090B10AD090B20A83
:1089D000E090B30AF090B40AD5CF6091AD0A7091DF
:1089E000AE0A8091AF0A9091B00ADDCF8091540712
:1089F00090915507A0915607B091570733E0B6956F
:108A0000A795979587953A95D1F780959095A095DC
:108A1000B09581700E94582F80E090E0A0EAB0E409
:108A20008DA79EA7AFA7B8AB40E061E0CE018D96C1
:108A30000E9422C530919905CE57DF4F3883C25826
:108A4000D040109299050E94DEBA8BEB98E00E940C
:108A5000B43889899A894A970CF05CC441E06FE781
:108A600088E998E00E9495D88B899C890E9434B946
:108A700041E061E080E00E94938F882309F45AC4AA
:108A80000F94C50063E972E084E690E00E945ED630
:108A900070E060E08AE090E00E945ED66AEB72E0EF
:108AA00084E690E00E945ED61092B90A1092BA0A4B
:108AB0001092BB0A1092BC0A89EB9AE00E94F5BDA5
:108AC0008BA5882309F458C020E030E040E751E44A
:108AD00060918A0A70918B0A80918C0A90918D0A1C
:108AE0000F9403566DA77EA78FA798AB41E06FE761
:108AF00080ED98E00E9495D880E1EDEAFAE0A4EEDE
:108B0000B9E001900D928A95E1F72D853E854F855C
:108B100058896091F0097091F1098091F209909162
:108B2000F3090F9409556093F0097093F10980934C
:108B3000F2099093F309CE018D960E94ABC32D8567
:108B40003E854F8558896091F0097091F1098091B7
:108B5000F2099091F3090F9408556093F00970930E
:108B6000F1098093F2099093F3098CA5811104C057
:108B7000CE0101960E9436FFEAE6F5E085E0DF01CE
:108B80001D928A95E9F780E1EDEAFAE0A4EEB9E0FA
:108B900001900D928A95E1F789859A85AB85BC8510
:108BA0008093EC099093ED09A093EE09B093EF093F
:108BB0001DA61EA61FA618AABE01635D7F4F84EEE8
:108BC00099E00E948127BE01635E7F4F84EE99E0A9
:108BD0000E94812789A1882309F4E9C38091AD0A05
:108BE0009091AE0AA091AF0AB091B00AEA968CAF0C
:108BF0009DAFAEAFBFAFEA978091B10A9091B20A34
:108C0000A091B30AB091B40AE0968CAF9DAFAEAF1D
:108C1000BFAFE097312C212C9FEFA4969FAFA49774
:108C2000AFEFA896AFAFA897BFEFEB96BFAFEB97AC
:108C3000EFE4EC96EFAFEC97F3ECED96FFAFED972A
:108C400027E4EE962FAFEE97CB57DF4F2882C5581B
:108C5000D04081E090E0022C02C0880F991F0A9456
:108C6000E2F7CD57DF4F99838883C358D040AAE6F7
:108C7000B5E0E296BFAFAEAFE29710E0CA57DF4F64
:108C80002882C658D040E296EEADFFADE2978191C2
:108C9000E296FFAFEEAFE29790E0CD57DF4F28812D
:108CA0003981C358D04082239323892B09F0F3C024
:108CB000CB57DF4F8881C558D0400E9492236B016B
:108CC0007C01812F0E947723E6966CAF7DAF8EAF3B
:108CD0009FAFE697A7019601EA966CAD7DAD8EAD8C
:108CE0009FADEA970F9408552B013C01E6962CADF9
:108CF0003DAD4EAD5FADE697E0966CAD7DAD8EAD12
:108D00009FADE0970F9408554B015C01A3019201C0
:108D1000C301B2010F94844E2B013C01A5019401C3
:108D2000C501B4010F94844E9B01AC01C301B20193
:108D30000F9409550F94B7574B015C01A701960199
:108D40006BA17CA18DA19EA10F9408556B017C01A4
:108D5000E6962CAD3DAD4EAD5FADE6976FA178A523
:108D600089A59AA50F9408552B013C01A7019601EE
:108D7000C701B6010F94844E6B017C01A3019201DF
:108D8000C301B2010F94844E9B01AC01C701B6012F
:108D90000F9409550F94B75720E030E040E751E4B5
:108DA0000F940356A50194010F940955D62EE72E72
:108DB000F82E092F80906F0590907005A090710596
:108DC000B090720520E030E040E85FE3C501B401F7
:108DD0000F946957181614F5C501B4010F94755610
:108DE0004B015C0160E070E0CB01181419041A0417
:108DF0001B0434F40F94FF48A50194010F9484548C
:108E00000F94254E9B01AC016D2D7E2D8F2D902F43
:108E10000F940955D62EE72EF82E092F2D2D3E2D15
:108E20004F2D502FEB966FADEB97EC967FADEC97F7
:108E3000ED968FADED97EE969FADEE970F94695737
:108E400018164CF5A4961FAFA497CA57DF4F388168
:108E5000C658D040A8963FAFA897EF96DFAEEF97E1
:108E6000C158DF4FE882CF57D040C058DF4FF8825B
:108E7000C058D040CF57DF4F0883C158D040EB9641
:108E8000DFAEEB97EC96EFAEEC97ED96FFAEED977D
:108E9000EE960FAFEE971F5F153009F0F4CE8FEF0F
:108EA000281A380A95E02916310409F0CDCEA49687
:108EB000AFADA497EA2FF0E0E659FA4F21E030E099
:108EC000A8960FACA89702C0220F331F0A94E2F7AE
:108ED0008081822B8083A896BFADA8976A96BFAF8A
:108EE0006A976B96AFAF6B97EF968FADEF97C158C0
:108EF000DF4F9881CF57D040C058DF4FA881C0586E
:108F0000D040CF57DF4FB881C158D0406F968CAF5B
:108F10009DAFAEAFBFAF6F97A896EFADA897EF3FED
:108F200009F4E0C1A496FFADA497FF3F09F4DAC1AC
:108F30008E2F0E9492238B01382E292ECB01A32D38
:108F4000B22D2D968CAF9DAFAEAFBFAF2D97A4962F
:108F50008FADA4970E9477236B017C016196CCAE04
:108F6000DDAEEEAEFFAE6197CE01875B9F4F0E94F4
:108F70003623882309F4BAC120E030E040EA50E407
:108F8000B801832D922D0F9409554B015C01CB0143
:108F9000D50121968CAF9DAFAEAFBFAF219725967F
:108FA000CCAEDDAEEEAEFFAE2597A8962FADA8975E
:108FB000211135C2A4963FADA497311107C220E01C
:108FC00030E040EA50E4C701B6010F9409556B0147
:108FD0007C01A4968FADA497882309F417C2A496A8
:108FE000AFADA497A4300CF011C222ED822E23E580
:108FF000922E2BE7A22E21E4B22E21964CAC5DAC32
:109000006EAC7FAC219725968CAD9DADAEADBFAD5E
:109010002597A7968CAF9DAFAEAFBFAFA7979C012A
:10902000AD0161966CAD7DAD8EAD9FAD61970F9436
:109030000855AB966CAF7DAF8EAF9FAFAB97A301DA
:1090400092012D966CAD7DAD8EAD9FAD2D970F9499
:10905000085565966CAF7DAF8EAF9FAF6597AB96A9
:109060008CAD9DADAEADBFADAB9769968CAF9DAFEE
:10907000AEAFBFAF6997A30192016091AD0A709145
:10908000AE0A8091AF0A9091B00A0F9408552B0157
:109090003C01A7962CAD3DAD4EAD5FADA79760915D
:1090A000B10A7091B20A8091B30A9091B40A0F94F8
:1090B0000855A7966CAF7DAF8EAF9FAFA7978091F5
:1090C000B90A9091BA0AA091BB0AB091BC0AAB96BA
:1090D0008CAF9DAFAEAFBFAFAB97C801A32DB22D84
:1090E0008DA79EA7AFA7B8ABC9AADAAAEBAAFCAA1C
:1090F000C984DA84EB84FC84CDAADEAAEFAAF8AE98
:109100002DEC3CEC4CEC5CE3C501B4010F94844EB7
:1091100029813A814B815C810F94844EAB962CADB2
:109120003DAD4EAD5FADAB970F94095569AF7AAFCA
:109130008BAF9CAFA3019201C301B2010F94844E87
:109140002B013C01A7962CAD3DAD4EAD5FADA79771
:10915000CA01B9010F94844E9B01AC01C301B20155
:109160000F94095520E030E040E050E40F94695737
:109170001816ACF420E030E040E05FE3C701B60130
:109180000F94095529966CAF7DAF8EAF9FAF29978D
:10919000BE01635C7F4FCE0101960E9451268985F6
:1091A0009A85AB85BC8529968CAF9DAFAEAFBFAF1E
:1091B0002997A3961CAE1DAE1EAE1FAEA397BE018F
:1091C000615A7F4FCE01CD960E9481278CA58823BE
:1091D000C1F02AE939E949E95FE36D817E818F8138
:1091E00098850F94844EA3966CAF7DAF8EAF9FAFE2
:1091F000A397BE01615A7F4F84EE99E00E948127B8
:109200001CA6E090820AF090830A0091840A1091D3
:10921000850AA0907E0AB0907F0AC090800AD09004
:10922000810A9501A601B701C8010F946957181664
:1092300014F47501860180905F0290906002A09006
:109240006102B09062022DEC3CEC4CEC5DE3B701A6
:10925000C8010F94844E60935F0270936002809304
:1092600061029093620240E0BE016F5A7F4FCE01CF
:109270008D960F94D91480E1EDEAFAE0A4EEB9E0FE
:1092800001900D928A95E1F780925F0290926002C0
:10929000A0926102B092620220E04FEFBE01675AD5
:1092A0007F4FCE0101960E94FC2820E041E0BE01E4
:1092B000675A7F4FCE0101960E94FC282FEF40E0B5
:1092C000BE01675A7F4FCE0101960E94FC2821E023
:1092D00040E0BE01675A7F4FCE0101960E94FC28F4
:1092E0000E9418BA8091E00A8093E10AAC969FAD83
:1092F000AC979150AC969FAFAC979923D9F06A96F2
:109300008FAD6A9787FD16C06B968FAD6B9787FF01
:1093100061CC10C041E06FE78BEA98E00E9495D8DD
:1093200089899A890E94322F61E081E00E94E88D4C
:10933000811194CB41E06FEF83EE98E00E9495D8C5
:109340008CA5811104C0CE0101960E9436FF80E0F9
:1093500090E0A0EAB0E48093EC099093ED09A0932B
:10936000EE09B093EF091DA61EA61FA618AABE01FE
:10937000635D7F4F84EE99E00E948127CE57DF4FD7
:10938000A881C258D040A09399050E94DEBA8AA154
:10939000811181C910922910109228100E94FC2E70
:1093A00010925510109254100E944B2774C98BA133
:1093B0009CA1ADA1BEA1EA968CAF9DAFAEAFBFAFF1
:1093C000EA978FA198A5A9A5BAA51ECCC801A32D7F
:1093D000B22D21968CAF9DAFAEAFBFAF219720E0ED
:1093E00030E040EA50E4C701B6010F9408552596D5
:1093F0006CAF7DAF8EAF9FAF2597A4969FADA4971E
:1094000094300CF4DCCD84013A2C2B2C92ED892E77
:1094100093E5992E9BEFA92E90E4B92EEECDA89658
:10942000BFADA897B4300CF44EC0A496EFADA4978E
:10943000E43004F120E030E040EA50E4B801832D4C
:10944000922D0F94085521966CAF7DAF8EAF9FAFD4
:10945000219720E030E040EA50E4C701B6010F94C4
:1094600008556B017C01A4962FADA49724300CF411
:10947000BCCDCCCFC801A32DB22D21968CAF9DAF12
:10948000AEAFBFAF219720E030E040EA50E4C70123
:10949000B6010F94095525966CAF7DAF8EAF9FAF87
:1094A0002597A496FFADA497F111D3CF20E030E02B
:1094B00040EA50E4B801832D922D0F9408558B019A
:1094C000382E292EA3CFA4963FADA49731110CC0FE
:1094D00020E030E040E251E4B401C5010F940855AA
:1094E0008B01382E292E81CDA4968FADA497843080
:1094F00094F020E030E040E251E4B401C5010F9463
:10950000085521966CAF7DAF8EAF9FAF2197840138
:109510003A2C2B2C6ACD84013A2C2B2C82ED882EF0
:1095200083E5982E8BEFA82E81E4B82E66CD2F927E
:109530003F924F925F926F927F928F929F92AF92E3
:10954000BF92CF92DF92EF92FF920F931F93CF9330
:10955000DF9300D000D0CDB7DEB7B82E8091CD0B11
:10956000843008F0ECC10E94607A2B013C018091AC
:10957000CD0B811108C08091E00A9091E10A891B0E
:109580008F7709F4DBC681E6A82E13C08A3019F064
:109590008D3009F00AC11092C80B8091660B909132
:1095A000670BFC01EE59F44F1682892BF1F40E94EF
:1095B000C3948091CD0B843008F000C18091E00A03
:1095C0009091E10A891B8F7709F4F8C00E94364216
:1095D00097FFDCCF0E94E13881EA95E00E94B43821
:1095E0008091E00A8093E10AE4CF1092670B109219
:1095F000660B08E61BE0F8018191803209F449C04E
:109600008E3409F0BDC06CE975E0C8010F944A4D75
:109610004C01892B41F06EE470E0C80104960F9470
:109620005758009709F4C8014AE050E070E060E044
:1096300001960F94B54A6B017C018091620B909169
:10964000630BA091640BB091650BAC01BD014F5F42
:109650005F4F6F4F7F4FC416D506E606F706D9F069
:109660008928C9F4AC01BD01415051096109710952
:10967000C416D506E606F70634F08C159D05AE0532
:10968000BF050CF096CF60E089E695E00E945BFB99
:1096900090CF8F01B0CF6AE270E0C8010F94775885
:1096A0009C01009709F1982F901B912C992339F078
:1096B0009150F801E90FF11D80819826F7CF4AE01B
:1096C00050E070E060E0C90101960F94B54A292D81
:1096D00030E050E040E0621773078407950741F0DF
:1096E00060E08AE495E0D2CF60E080E295E0CECF02
:1096F000C092620BD092630BE092640BF092650B08
:109700008091F4098130D9F467E470E0C8010F94C6
:1097100057580097A1F04AE050E070E060E00196F1
:109720000F94B54A643071058105910540F48FE7C7
:1097300094E00E94B43885E794E00F94DD014092F4
:10974000A90A5092AA0A6092AB0A7092AC0A809160
:10975000680B8B3309F42DCF8091CD0B843008F04A
:1097600028CF8091CF0B8A9DC001112468E67BE051
:109770008053944F0F94625880E00E940BFB19CFE6
:109780008091971680FFBCCF6FE070E3C8010F9403
:109790004A4D009731F0FC01838180538A3008F0F4
:1097A000AFCF60E086EF94E071CF26E63BE048E67D
:1097B0005BE068EC7BE00E94A2EDFBCE8091971607
:1097C00083FDBDC082FFBBC087FDB9C01A8219826C
:1097D00061E6F62E74E0E72EE9E6DE2E8091CD0BF1
:1097E000843008F0ACC00E94DAED8111A8C041E0DD
:1097F00050E0BE016B5F7F4F8BEF97E10E94BA850F
:109800000D8110E0019711F00FEF1FEF8091031809
:1098100090910418A0910518B091061880939316A2
:1098200090939416A0939516B09396160E94DAED35
:109830000F3F100749F4811107C00E94E1388FEBF8
:1098400095E00E94B438CACF4091CF0B242F30E06E
:109850000A3061F00D3051F0882309F462C089812B
:109860009A81009719F001969A83898310920B05CB
:1098700089819A81F29EF001F39EF00D1124E35349
:10988000F44FE80FF91F1382892B59F50E94C394F6
:109890000E94DAED882309F4A1CF8BEF97E10E94B3
:1098A000678780918E16882391F1815080938E1660
:1098B0008D9DC001112462E08E519A4F0E94BCAC74
:1098C000E0918E1624E0E29FF0011124E252FA4F5B
:1098D00060817181828193810E940BED0E947F7F64
:1098E0007DCF1A82198281E00E940BFB8091931632
:1098F00090919416A0919516B09196168093C90BED
:109900009093CA0BA093CB0BB093CC0BC1CF0E940A
:10991000708780919716886080939716E092F4097B
:109920005DCF4F9DA00111244053544F9E012F5FE6
:109930003F4F6BE075E0802F0E94A2ED4FCF0E9459
:10994000607A6B017C01B11005C08091B90920E0FB
:10995000882349F0C092DA0AD092DB0AE092DC0A4E
:10996000F092DD0A21E08091810590918205A0911D
:109970008305B09184050097A105B105B1F0409130
:10998000DA0A5091DB0A6091DC0A7091DD0A840FDB
:10999000951FA61FB71FB701A601481B590B6A0BDD
:1099A0007B0BDB01CA01B7FF16C19091D7108091E4
:1099B000D810981325C1409106025091070260917A
:1099C000080270910902452B462B472B29F0981766
:1099D00009F41FC1109220050E94607A4B015C01BE
:1099E00080910509811125C09091D7108091D810E0
:1099F00098131FC00091850510918605011511056A
:109A0000C1F06091870570918805072E000C880BC6
:109A1000990B0F94254E9B01AC01609150107091F1
:109A2000511080915210909153100F94695787FFF5
:109A3000A8C41092100510921105109212051092F0
:109A400013054090B90A5090BA0A6090BB0A709012
:109A5000BC0A20910C0530910D0540910E055091E6
:109A60000F05C301B2010F941E4E882349F1809166
:109A7000100590911105A0911205B0911305409227
:109A80000C0550920D0560920E0570920F05892B02
:109A90008A2B8B2B09F450C0A0918505B0918605C7
:109AA00028EE33E00F940155680D791D8A1D9B1D2A
:109AB0006093100570931105809312059093130520
:109AC0008091100590911105A0911205B091130598
:109AD0000097A105B10581F1881A990AAA0ABB0A63
:109AE000B7FC2AC0109210051092110510921205B1
:109AF0001092130580E296E00E94B4388CE096E064
:109B00000F94DD018091890590918A052091541070
:109B1000309155108217930714F40E9434B9809144
:109B20008B0590918C052091281030912910821777
:109B3000930714F40E94322F80911C0590911D050B
:109B4000A0911E05B0911F0546015701881A990A78
:109B5000AA0ABB0AD501C401B7FDC7C13091D7100D
:109B60009091D8102091000280911202391709F4C7
:109B700081C0E091D81034E7E39FF0011124E85A46
:109B8000FE4E9081899FC0011124880F892F881F64
:109B9000990B919510E0281719F08093000211E0BD
:109BA0008091D81000E044E7B42E9091D710981718
:109BB00009F473C0B89EF0011124E750FF4E41A193
:109BC00052A163A174A1452B462B472B09F001E05C
:109BD0000E9474BFEACF0E94E13889EF95E00E94AD
:109BE000B4386091A70A7091A80A8EEC95E00E94A3
:109BF000107F40E070E060E090E080E00E944E4125
:109C0000C092DA0AD092DB0AE092DC0AF092DD0A16
:109C1000D2CE2111DFCE0E94607A0091DA0A109133
:109C2000DB0A2091DC0A3091DD0A809006029090D8
:109C30000702A0900802B0900902080D191D2A1D04
:109C40003B1D601B710B820B930B97FDC3CE809164
:109C500020058111C1CE81E08093200580E00E9423
:109C6000239D81E00E94239D82E00E94239D0E940B
:109C7000149DB2CE9091A30A899FC0011124880F30
:109C8000892F881F990B919510E0281719F0809360
:109C9000000211E00E94149D02C00023D9F3112399
:109CA00071F10E94607A20910002222309F49DC084
:109CB0000091140510911505209116053091170596
:109CC000011511052105310581F46C597F4F8F4F26
:109CD0009F4F60931405709315058093160590931C
:109CE000170584EB8093000206C0601B710B820B8A
:109CF000930B97FDF6CF809100028093D70580915A
:109D00001F02882309F4E4C0809017029090180283
:109D1000C40102972091541030915510281739072B
:109D20000CF4D6C0B090D810612C712CA12C1E82DE
:109D30008091D7108B1509F461C08B2D90E044E71A
:109D4000489FF001499FF00D1124E750FF4E4589CF
:109D500056896789708D452B462B472B81F4418DA1
:109D6000528D638D748D452B462B472B41F4458DC9
:109D7000568D678D70A1452B462B472B89F154E7F3
:109D8000589F8001599F100D112407501F4EF80154
:109D900061A172A183A194A10F94234E1B012C01F8
:109DA000F80165A176A187A190A50F94234E9B0190
:109DB000AC01C201B1010F940356F8012181328137
:109DC000438154810F94844E2B018C0193014A2DC1
:109DD0005E810F94695718161CF43201A02E1E8361
:109DE0008B2D0E9474BFB82EA3CF10921405109231
:109DF000150510921605109217057DCF20911B02B4
:109E000030911C0240911D0250911E02B3018A2D17
:109E10009E810F94844E2B013C01B401092C000C4F
:109E2000880B990B0F94254E9B01AC01C301B20125
:109E30000F94095569837A838B839C83409119021F
:109E400050911A02B401CE0101960E9464B9498072
:109E50005A806B807C808090180590901905A090A6
:109E60001A05B0901B05A5019401C301B2010F941E
:109E70001E4E87FF1CC020E037ED43EA5CE3C301C0
:109E8000B2010F94844E2B013C0128E431EE4AE7E5
:109E90005FE3C501B4010F94844E9B01AC01C30183
:109EA000B2010F94095569837A838B839C836981FE
:109EB0007A818B819C81609318057093190580933A
:109EC0001A0590931B050F947556CB010E9434B967
:109ED000F4E6CF0ED11CE11CF11CC0921C05D092FF
:109EE0001D05E0921E05F0921F050E94C39480910B
:109EF000F409882309F4C8C189E298E0892B09F4A0
:109F00008CC080910309811188C08091B9098111A9
:109F10000AC08091B809813031F08091971682FF94
:109F20007CC087FD7AC0F89480912808873009F0BA
:109F3000C4C18CB18295817090912105982780933E
:109F400021058091AC05892B8093AC058091A705F4
:109F5000881F8827881F7894882309F45EC001E051
:109F6000009303098091B909811155C084E0809361
:109F70004D0881E09AE590931916809318168EE4A7
:109F800090E090931B1680931A1687E080930C162E
:109F900082E880930F1684E890E0A0E0B0E0809320
:109FA000101690931116A0931216B09313168CEB03
:109FB00095E10E948ED440E364E676E081E00E9461
:109FC0009F3E0E94873E1091750510276EEF77E047
:109FD00069F462E576E087EE94E40E94C23880E39B
:109FE0000E943E380E947E3B65E376E087EE94E473
:109FF0000E94C23880E496E00E94B43880E30E9458
:10A000003E380E947E3B112331F08BE396E0909323
:10A010002F0880932E080E9418BA90910901892F69
:10A0200080958170109101021817C9F02091971640
:10A030002064209397168093010290FD5CC164EF29
:10A0400071E080E090E00E945B320E94A3878091E3
:10A05000971684FDBAC1111150C10E9431D90E94D6
:10A06000607A6B017C0110910A021123F1F080915A
:10A0700006098823D1F04091220550912305609173
:10A0800024057091250546015701841A950AA60AF0
:10A09000B70AB501A40177FD1AC0833009F449C19C
:10A0A0000CF038C181300CF03DC1212F30E0A8EE1A
:10A0B000B3E00F94B654C60ED71EE81EF91EC09228
:10A0C0002205D0922305E0922405F0922505809187
:10A0D000B809813009F073C00E94607A6B017C017D
:10A0E00080912A0590912B05A0912C05B0912D050A
:10A0F000A7019601281B390B4A0B5B0BDA01C9013A
:10A10000B7FD3AC0D701C601805F984DAF4FBF4F32
:10A1100080932A0590932B05A0932C05B0932D05D1
:10A120008090650790906607A0906707B0906807D9
:10A130000E94D2CBAB01BC014093650750936607E8
:10A1400060936707709368078091590690915A064B
:10A15000A0915B06B0915C0688199909AA09BB0910
:10A16000840F951FA61FB71F8093590690935A0618
:10A17000A0935B06B0935C0680912605909127051D
:10A18000A0912805B0912905B701A601481B590BDC
:10A190006A0B7B0BDB01CA01B7FD11C050E8C50E8D
:10A1A0005EEED51E56E3E51EF11CC0922605D09248
:10A1B0002705E0922805F09229050E9455B80E94D3
:10A1C000DCD50E94E5DB80918005882371F10E9437
:10A1D000607A6B017C0180917C0590917D05A09156
:10A1E0007E05B0917F0546015701881A990AAA0A8F
:10A1F000BB0AD501C401B7FD18C02091800530E02D
:10A20000A8EEB3E00F94B654C60ED71EE81EF91E92
:10A21000C0927C05D0927D05E0927E05F0927F058C
:10A2200080E00E943C8D0E947E3B80917A058823CD
:10A2300059F10E94607A6B017C01809176059091C2
:10A240007705A0917805B0917905A7019601281BA3
:10A25000390B4A0B5B0BDA01C901B7FD15C0209120
:10A260007A0530E0A8EEB3E00F94B654C60ED71EC0
:10A27000E81EF91EC0927605D0927705E092780527
:10A28000F09279050E94487F26960FB6F894DEBFBB
:10A290000FBECDBFDF91CF911F910F91FF90EF9037
:10A2A000DF90CF90BF90AF909F908F907F906F90F6
:10A2B0005F904F903F902F900895882309F446CEE9
:10A2C000649B7EC091E0823009F090E081E09111C2
:10A2D00010C091E098133ACE6091A8057091A9053D
:10A2E0008091AA059091AB050F9475566093A705D0
:10A2F0002DCE90E0EFCF0E948087123008F0AFCED5
:10A300000E9431D9ACCE85E796E090932F088093D8
:10A310002E08A5CE843009F0C8CE0E94E5388CE71F
:10A3200096E004C00E94E5388BEA96E00E94B438BB
:10A33000BCCE0E94E53884E996E0F8CF8091A90A66
:10A340009091AA0AA091AB0AB091AC0AB301A20104
:10A35000481B590B6A0B7B0BDB01CA01885E9340DB
:10A36000A109B109B7FD0FC989EB95E00E94B43886
:10A370004092A90A5092AA0A6092AB0A7092AC0A63
:10A3800002C98091100590911105A0911205B0911C
:10A390001305892B8A2B8B2B09F053CB28EE33E046
:10A3A000D8010F940155680D791D8A1D9B1D60937E
:10A3B000100570931105809312059093130541CBFE
:10A3C000823009F489CF80E084CF123068F40E9493
:10A3D000CECE90E080E00E94DEF210925008109203
:10A3E0004F0810924E083BCE123009F038CE0E9432
:10A3F000CC8B882379F081E00E9441AC40EB50E0A7
:10A4000067E079E08CE996E10E94BA858CE996E1F3
:10A410000E9467870E94752E811175CF0E94572E6A
:10A420000E942DAC81E080938D160E94788B17CE10
:10A430001F93CF93DF9380E50E944A2A882309F473
:10A4400047C070E060E080E50E94082B182F6FEF96
:10A450007FEF83E50E94082BEC0101960397C0F57E
:10A4600017FD36C0E8E4FFE08491181741F13196FA
:10A470008FE0E236F807C1F70E9418BA60E0812F3A
:10A480000E94F179CF3FDC0731F0C130D10569F08E
:10A49000D0E0C0E00AC0812F0E94577931E020E06F
:10A4A000892B09F030E0C32FD22F812F0E945779DA
:10A4B0008C179D0769F080E00E94974AF6CF0E94B2
:10A4C000E13882E69FE0DF91CF911F910C94B43880
:10A4D000DF91CF911F9108952F923F924F925F92FB
:10A4E0006F927F928F929F92AF92BF92CF92DF92A4
:10A4F000EF92FF920F931F93CF93DF93CDB7DEB709
:10A50000C25AD1090FB6F894DEBF0FBECDBF8091FD
:10A51000DC09888B8091540790915507A0915607CC
:10A52000B0915707AC01BD01E6E176956795579567
:10A530004795EA95D1F740FF19C10E94432F811139
:10A5400007C00E94E13883E19CE00E94B438ECC06F
:10A550008AE50E94E42A882339F10E941C2A20916E
:10A56000C50A3091C60A4091C70A5091C80A0F9493
:10A5700008556B017C0120E030E040E251ECC7015E
:10A58000B6010F94695787FD0AC020E030E040E231
:10A5900051E4C701B6010F941E4E181674F40E94C0
:10A5A000E13886E09CE0D1CFC090B50AD090B60AE1
:10A5B000E090B70AF090B80ADECF40E050E060ECDF
:10A5C0007FE788E50E94F12A2091BD0A3091BE0AFA
:10A5D0004091BF0A5091C00A0F9408552B013C01CD
:10A5E00040E050E060EC7FE789E50E94F12A20918D
:10A5F000C10A3091C20A4091C30A5091C40A0F9413
:10A6000008554B015C016FEF89E40E94352C182F2F
:10A610006FEF8AE40E94352C082FA3019201C30139
:10A62000B2010F94FB57811158C0A5019401C501D7
:10A63000B4010F94FB57811150C0209169073091EC
:10A640006A0740916B0750916C07C301B2010F94E8
:10A65000085520917107309172074091730750910E
:10A6600074070F94035620E030E040E05FE30F945E
:10A6700009550F947556162F20916D0730916E076E
:10A6800040916F0750917007C501B4010F940855B0
:10A6900020917507309176074091770750917807A0
:10A6A0000F94035620E030E040E05FE30F9409553B
:10A6B0000F947556062F812F012E000C990B97FDD4
:10A6C0004DC005970CF04CC0802F002E000C990B4C
:10A6D00097FD48C005970CF047C0153028F50530A8
:10A6E00018F580E00E94582F25E01202F001112495
:10A6F000E00FF11D07FDFA95EE0FFF1FEE0FFF1F94
:10A70000EB50F64FC082D182E282F3820E94BD31CB
:10A71000602F812F0E943BFD8889882329F081E0EA
:10A720000E94582F0E949CC6CE55DF4F0FB6F8945A
:10A73000DEBF0FBECDBFDF91CF911F910F91FF9074
:10A74000EF90DF90CF90BF90AF909F908F907F90D1
:10A750006F905F904F903F902F90089510E0B4CF8E
:10A7600014E0B2CF00E0B9CF04E0B7CF59E0B6951E
:10A77000A795979587955A95D1F780FD0CC070E005
:10A7800060E086E50E94082B9A838983059730F064
:10A7900081EE9BE0DACE0E947B2FC6CF60E084E49E
:10A7A0000E94412C8F8740E050E0BA018AE50E9468
:10A7B000F12A6BA77CA78DA79EA740E050E86BE32A
:10A7C00076E483E50E94F12A20E030E040E752E49D
:10A7D0000F9403566093590270935A0280935B0260
:10A7E00090935C020091D2101091D310F801C080B8
:10A7F000D180E280F38020E030E0A901C701B601FA
:10A800000F940955C156DF4F6883CF59D040C056C9
:10A81000DF4F7883C05AD040CF55DF4F8883C15A6D
:10A82000D040CE55DF4F9883C25AD04020E030E070
:10A8300040E450E40F941E4E87FF16C0C156DF4F10
:10A840001882CF59D040C056DF4F1882C05AD0402E
:10A85000F0E4CF55DF4FF883C15AD04020E4CE5505
:10A86000DF4F2883C25AD04020E030E84DE953E45E
:10A87000C701B6010F940955662EC556DF4F788380
:10A88000CB59D040C456DF4F8883CC59D040C356F3
:10A89000DF4F9883CD59D04020E030E844E953E4BD
:10A8A0000F94695718169CF4612C80E8C556DF4F49
:10A8B0008883CB59D04094E9C456DF4F9883CC5954
:10A8C000D040E3E4C356DF4FE883CD59D040F801D0
:10A8D00084809580A680B78020E030E0A901C50182
:10A8E000B4010F9409557B018C0120E030E040E079
:10A8F00051E40F941E4E87FF04C0E12CF12C00E0C0
:10A9000011E420E030E04BE953E4C501B4010F94B9
:10A910000955B62EC72ED82EC256DF4F9883CE5972
:10A92000D04020E030E042E953E40F946957181614
:10A9300054F4B12CC12C42E9D42EF3E4C256DF4FBB
:10A94000F883CE59D04088E40E944A2A882309F42B
:10A9500090C20E941C2A0F9475561B0177FF02C0FB
:10A960006F5F7F4F759567957195619571096A560F
:10A970007F4F072E000C880B990B0F94254E762ED7
:10A98000872E982EA92E9701A8010F9469571816A3
:10A9900024F4E72CF82C092D1A2DC156DF4F2881FD
:10A9A000CF59D040C056DF4F3881C05AD040CF5524
:10A9B000DF4F4881C15AD040CE55DF4F5881C25A2F
:10A9C000D040672D782D892D9A2D0F946957181630
:10A9D000A4F0C156DF4F7880CF59D040C056DF4F2A
:10A9E0008880C05AD040CF55DF4F9880C15AD040A0
:10A9F000CE55DF4FA880C25AD040872D982DA92D63
:10AA0000BA2D8B8B9C8BAD8BBE8BC701D8018F8BE6
:10AA1000988FA98FBA8FB101330C880B990B0F94C3
:10AA2000254E1B012C01AC019B01B701C8010F94FD
:10AA300009557B018C012B2D3C2D4D2DC256DF4F2E
:10AA40005881CE59D0400F941E4E87FF08C0BE2CAF
:10AA5000CF2CD02EC256DF4F1883CE59D040A20142
:10AA60009101672D782D892D9A2D0F9409557B0121
:10AA70008C01262DC556DF4F3881CB59D040C456A6
:10AA8000DF4F4881CC59D040C356DF4F5881CD5954
:10AA9000D0400F941E4E87FF10C06E2CC556DF4F5E
:10AAA000F882CB59D040C456DF4F0883CC59D040F0
:10AAB000C356DF4F1883CD59D040862DC556DF4F82
:10AAC0009881CB59D040C456DF4FA881CC59D04093
:10AAD000C356DF4FB881CD59D0408B8F9C8FAD8F3F
:10AAE000BE8F8B2D9C2DAD2DC256DF4FB881CE5918
:10AAF000D0408F8F98A3A9A3BAA3BE01695E7F4FF0
:10AB0000CE0143960E9405FE882309F401C2BE01CE
:10AB1000615E7F4FCE014B960E9405FEC82E8823B2
:10AB200009F4F6C12F89388D498D5A8D6F8D78A122
:10AB300089A19AA10F94085520E030E040E85EE337
:10AB40000F94844E4B015C012B893C894D895E89B1
:10AB50006B8D7C8D8D8D9E8D0F94085520E030E09F
:10AB600040E85EE30F94844E6BA37CA38DA39EA369
:10AB70008FA298A6A9A6BAA689819A811816190645
:10AB80006CF48FEA9BE00E94B4388F85882321F013
:10AB900085EA9BE00E94B4380E947E3B0E9418BA6E
:10ABA0000E948CC380E00E94582F80E090E0A0E2D9
:10ABB000B1E4CD56DF4F88839983AA83BB83C35901
:10ABC000D04040E061E0CE018D569F4F0E9422C5EB
:10ABD0008F85811143C02091710730917207409198
:10ABE0007307509174076BA17CA18DA19EA10F9456
:10ABF0001E4E811130C0209175073091760740912B
:10AC00007707509178076FA178A589A59AA50F9429
:10AC10001E4E811120C02091690730916A07409132
:10AC20006B0750916C076B897C898D899E890F9485
:10AC30001E4E811110C020916D0730916E0740911A
:10AC40006F07509170076F89788D898D9A8D0F9459
:10AC50001E4E882319F00E947B2F188A60E085E43D
:10AC60000E94412C882309F456C121E0C556DF4FCC
:10AC70002883CB59D0401B861C861D861E861A8AC7
:10AC8000412C512C20EA622E20EC722E1A891530AC
:10AC90000CF05DC16B857C858D859E859B01AC012B
:10ACA0000F94FB57811153C1CC2009F43BC191E0B3
:10ACB000C456DF4F9883CC59D04095E0392E91E0AF
:10ACC000C926D12EDD0CDD0CD10ED394898B1989C8
:10ACD0006A89131509F437C1062E000C770B880B0F
:10ACE000990B0F94254E2FA138A549A55AA50F946D
:10ACF000844E2F89388D498D5A8D0F9409554B01FB
:10AD00005C01612F110F770B880B990B0F94254E67
:10AD10002BA13CA14DA15EA10F94844E2B893C89AF
:10AD20004D895E890F9409556B837C838D839E8347
:10AD30008F829886A986BA8689819A81892B91F01B
:10AD400081E99BE00E94B4388D2D0E943D2F8FE851
:10AD50009BE00E94B43889E10E943D2F8CE89BE083
:10AD60000E94B4381F9289E18F931F92DF9285E78A
:10AD70009BE09F938F9383E89BE09F938F931F9219
:10AD80000F945F1B0FB6F894DEBF0FBECDBF80914E
:10AD9000E309882309F4D0C060E070E080EE90E41D
:10ADA000CD56DF4F488259826A827B82C359D04098
:10ADB000298020E030E040EA50E40F940955C9565C
:10ADC000DF4F688379838A839B83C759D040FE0114
:10ADD000E956FF4F7F018E010D561F4F222DC5569C
:10ADE000DF4F4881CB59D040BE01695F7F4FCE0114
:10ADF00003960F94E1014B015C018B869C86AD8626
:10AE0000BE86AC019B010F94FB57811199C0198933
:10AE10000A8925E0120370011124E00EF11C07FDE0
:10AE2000FA94EE0CFF1CEE0CFF1C81E090E08C0FFE
:10AE30009D1FE80EF91EA50194016BA57CA58DA5AB
:10AE40009EA50F940955F70166A777A780AB91AB34
:10AE5000602F812F0E943BFD188A81E00E94974A53
:10AE6000D3948989C456DF4FF881CC59D0408F0FD5
:10AE70002DCFA701B80186E40E94F12A1B012C0105
:10AE8000C156DF4F4881CF59D040C056DF4F58815F
:10AE9000C05AD040CF55DF4F6881C15AD040CE55FF
:10AEA000DF4F7881C25AD0408CE40E94F12A6B8B2C
:10AEB0007C8B8D8B9E8B2F8A388E498E5A8E4B2D94
:10AEC0005C2D6D2DC256DF4F7881CE59D04082E483
:10AED0000E94F12A6B017C01462DC556DF4F588137
:10AEE000CB59D040C456DF4F6881CC59D040C356AF
:10AEF000DF4F7881CD59D04082E50E94F12A6B8FD7
:10AF00007C8F8D8F9E8FCF8ED8A2E9A2FAA2F5CD2D
:10AF100085EC9BE01ACB83E0C556DF4F8883CB5985
:10AF2000D040A9CEEFEFC456DF4FE883CC59D040D4
:10AF300033243A9484E0C3CE60E070E0CB0130CF9C
:10AF400088890E94582F8A898F5F8A8B9FCE0F94A1
:10AF5000C50080E00E942727882359F088890E9435
:10AF6000582F80E090E0A0ECBFE78B879C87AD87EF
:10AF7000BE876B857C858D859E859B01AC010F947A
:10AF8000FB57811110C08F858823C1F0CE018F96A9
:10AF90000E94D23E8F85882319F08889882319F072
:10AFA00081E00E94582F0E9473C30E942E240E94A9
:10AFB0003FD70E949CC60E943FD7B6CBBE016D5EB4
:10AFC0007F4FCE0183960E94D13184E6FE01BF9669
:10AFD000A5EFB9E001900D928A95E1F70E94BD318D
:10AFE00090E080E0D5CFCF93C82F8091020983FDF8
:10AFF0000AC00E94AD23882331F0809131029091E4
:10B0000032020E9434B9CC2331F040E061E080E0AC
:10B01000CF910C94938F8091640791E0892780935E
:10B020002C0280912C028823F1F020E030E040E0F7
:10B030005FE3609150107091511080915210909187
:10B0400053100F9409550F94755620915410309158
:10B050005510621B730B77FF03C0719561957109E1
:10B060006230710544F410922C028091020983FF32
:10B0700006C081E00FC080E00E94974AD2CF0E94B4
:10B08000AD238823B1F30E94E53882E697E00E9461
:10B09000B43880E0CF910895AF92BF92CF92DF9203
:10B0A000EF92FF920F931F93CF93DF93CDB7DEB74D
:10B0B00064970FB6F894DEBF0FBECDBF8AE50E943D
:10B0C000E42A882309F4B7C040E050E0BA018AE5D9
:10B0D0000E94F12A7B018C012091B50A3091B60AB9
:10B0E0004091B70A5091B80A60E070E088EC93E4B0
:10B0F0000F9408555B016C019701A8010F946957E3
:10B10000181614F075018601C701D8018D839E833E
:10B11000AF83B88720E030E0A901B701C8010F94E0
:10B120001E4E882321F0CE0105960E94E82480E07F
:10B1300090E0A0EAB1E489879A87AB87BC871D8637
:10B140001E861F86188A8CE40E94E42A882309F44C
:10B1500077C00E941C2A6B017C0120E030E0A9012D
:10B16000C701B6010F94695787FF04C0F7FAF0943E
:10B17000F7F8F094C98ADA8AEB8AFC8A00915410B5
:10B180001091551004301105DCF020E030E040E073
:10B190005FE3609150107091511080915210909126
:10B1A00053100F9409550F947556601B710B77FF60
:10B1B00003C071956195710901E0643071050CF46B
:10B1C00000E063E080E00E94F357882369F083E0A9
:10B1D000E82E22E0AE01475F5F4FBE016F5E7F4FFA
:10B1E000CE010D960E94D4FF6D817E818F8198855E
:10B1F0008B019C01305809831A832B833C8320E008
:10B2000030E0A9010F941E4E882321F0CE01019653
:10B210000E94E82464960FB6F894DEBF0FBECDBF3F
:10B22000DF91CF911F910F91FF90EF90DF90CF9022
:10B23000BF90AF900895E12CF12C00E211E44CCFC7
:10B24000C0908D05D0908E05E0908F05F090900510
:10B2500084CF4F925F926F927F92AF92BF92CF92C4
:10B26000DF92EF92FF921F93CF93DF9300D000D035
:10B270001F921F92CDB7DEB75C01642F80E00E9461
:10B28000F357182F882309F46EC080E090E0A0E700
:10B29000B2E48D839E83AF83B88780E090E0A0E81E
:10B2A000B0EC89839A83AB83BC83BE016B5F7F4F15
:10B2B000CE0101960E94A0C568E873E180E090E0AD
:10B2C0000E945B32C12CD12C88ECE82E81E4F82E50
:10B2D000CD82DE82EF82F88680E090E0A0E8B0E4E4
:10B2E00089839A83AB83BC83BE016B5F7F4FCE01A2
:10B2F00001960E94A0C54090920A5090930A6090D7
:10B30000940A7090950AC092920AD092930AE092A1
:10B31000940AF092950A80E090E0A0EAB1E48D836F
:10B320009E83AF83B887F50180819181A281B3812B
:10B3300089839A83AB83BC83BE016B5F7F4FCE0151
:10B3400001960E94A0C54092920A5092930A609280
:10B35000940A7092950A0E94149D64E670E080E061
:10B3600090E00E945B32812F28960FB6F894DEBFE2
:10B370000FBECDBFDF91CF911F91FF90EF90DF9077
:10B38000CF90BF90AF907F906F905F904F90089557
:10B390008F929F92AF92BF92CF92DF92EF92FF92E5
:10B3A000CF93DF9300D000D01F921F92CDB7DEB7AE
:10B3B0008AE50E94E42A812C912C90E2A92E91E446
:10B3C000B92E882379F040E050E0BA018AE50E9466
:10B3D000F12A4B015C0120E030E0A9010F9469578C
:10B3E00018167CF580E090E0A0EAB0E48D839E839F
:10B3F000AF83B8872091B50A3091B60A4091B70A59
:10B400005091B80AC501B4010F9409556B017C0134
:10B4100020E030E048EC53E40F941E4E87FD06C058
:10B42000C12CD12C88ECE82E83E4F82EC982DA8274
:10B43000EB82FC82BE016B5F7F4FCE0101960E94C2
:10B44000FFC485E50E944A2A882309F464C00E944B
:10B450001C2A6B017C0120E030E0A901C701B60184
:10B460000F94695787FF04C0F7FAF094F7F8F09447
:10B47000F7FAF094F7F8F094C982DA82EB82FC8252
:10B4800044E061E0CE0101960E94295920E030E0BD
:10B49000A901C501B4010F94695718165CF580E045
:10B4A00090E0A0EAB0E48D839E83AF83B887A501C6
:10B4B00094016091B50A7091B60A8091B70A909193
:10B4C000B80A0F9408556B017C0120E030E0A90117
:10B4D0000F94695718161CF0C12CD12C7601C98223
:10B4E000DA82EB82FC82BE016B5F7F4FCE01019658
:10B4F0000E94FFC428960FB6F894DEBF0FBECDBFE2
:10B50000DF91CF91FF90EF90DF90CF90BF90AF9001
:10B510009F908F900895C0909105D0909205E090F3
:10B520009305F090940597CF2F923F924F925F92A0
:10B530006F927F928F929F92AF92BF92CF92DF9243
:10B54000EF92FF920F931F93CF93DF9300D000D021
:10B5500000D0CDB7DEB74C018B01498759016EEFA2
:10B5600077E087EE94E40E94C2380E947E3B49EF68
:10B5700054E46BE178E085E00E94F6FB9091B90914
:10B5800081E0890F8093B9098091971682FB222769
:10B5900020F9288782FF08C087FDC7C08B7F809372
:10B5A00097169E5F9093B9098091B809813011F484
:10B5B0000E942BD880E1EDEAFAE0AAEBB9E0019015
:10B5C0000D928A95E1F787E00E94B6BF782E60E081
:10B5D00070E080E090E4711040C02090B50A309097
:10B5E000B60A4090B70A5090B80A20E030E040E038
:10B5F00050E4C201B1010F9409556B017C0120E0B8
:10B6000030E048EC53E40F946957181634F4C12C19
:10B61000D12C88ECE82E93E4F92EF8016084F185B2
:10B62000FD83F801F285FE83F801F385FF8396011F
:10B63000A701662D7D818E819F2F0F946957181663
:10B6400024F06C2CDD82EE82FF82A2019101662D36
:10B650007D818E819F810F9408552885222349F092
:10B660002091B709222329F041E0711040E00E94A7
:10B67000562C0E9418BA81E00E94FBFC20E030E0CA
:10B68000A901F40160817181828193810F941E4E22
:10B69000882391F00E9440B981110EC080E090E0B3
:10B6A000A0E7B2E489839A83AB83BC83BE016F5F5A
:10B6B0007F4FC4010E94A0C5711039C0B80180E05D
:10B6C0000E941FCC20E030E0A901F501608171816A
:10B6D000828193810F941E4E882329F042E0698570
:10B6E000C5010E9429590E94149D64E670E080E023
:10B6F00090E00E945B3281E029960FB6F894DEBF9D
:10B700000FBECDBFDF91CF911F910F91FF90EF90B2
:10B71000DF90CF90BF90AF909F908F907F906F9071
:10B720005F904F903F902F90089518863DCF85E011
:10B7300098E00F94DD01C6CFCF92DF92EF92FF9297
:10B74000CF93DF936B017C01D42FC091060983E076
:10B750008093060981E080930509C114D104E104B6
:10B76000F10431F00E94607AC60ED71EE81EF91E61
:10B7700080910509882389F0C114D104E104F10402
:10B7800021F48D2F0E94974AF3CF0E94607A6C19A2
:10B790007D098E099F0997FDF4CF10920509C0938A
:10B7A0000609DF91CF91FF90EF90DF90CF90089541
:10B7B0000F931F93CF93DF93C82F162F0E94E53866
:10B7C000C1118DC0C3E7D7E0CE010E94B43861E05B
:10B7D000812F0E948D2E0E94607A685370458F4F92
:10B7E0009F4F6093CA097093CB098093CC099093C3
:10B7F000CD091092CE090091060983E080930609D5
:10B8000080EF97E00E94C53E80EF97E00E94FFD84E
:10B8100081E08093050980910509882309F462C0BD
:10B8200060E0812F0E948D2E8091CE09882309F43B
:10B8300052C00E94E53886ED97E00E94B43840E09F
:10B8400067EC77E082E00E949F3E80EC97E00E94E8
:10B85000703E0E94873E87EC97E00E94FFD841E04F
:10B8600060E070E0CB010E949C5B40E063EB77E01E
:10B8700085E00E949F3E0E94873E83EB97E00F94F5
:10B88000DD010E9442CD60E080E00E94F3570E94FB
:10B89000E538CE010E94B4380E94607A6853704542
:10B8A0008F4F9F4F6093CA097093CB098093CC0947
:10B8B0009093CD091092CE0987EA97E00E94C53E89
:10B8C00087EA97E00E94FFD881E08093050961E054
:10B8D000812F0E948D2E81E00E94974A9CCFC8E85C
:10B8E000D7E072CF00930609DF91CF911F910F919E
:10B8F0000895BF92CF92DF92EF92FF920F931F9322
:10B90000CF93DF93CDB7DEB7A0970FB6F894DEBF25
:10B910000FBECDBF0E94C6CE811104C08BEF9DE04B
:10B920000E945CF085E40E94E42A882309F4E2C0C6
:10B930000E941C2A6B017C0120E030E0A9010F94D9
:10B94000695787FF04C0F7FAF094F7F8F094F7FA14
:10B95000F094F7F8F094C98EDA8EEB8EFC8E8CE0C2
:10B96000EBE7F2E0DE01119601900D928A95E1F786
:10B9700088E50E94E42A882351F040E050E0BA01B3
:10B9800088E50E94F12A69837A838B839C8389E509
:10B990000E94E42A882351F040E050E0BA0189E592
:10B9A0000E94F12A6D837E838F8398878AE50E94A7
:10B9B000E42A882351F040E050E0BA018AE50E9471
:10B9C000F12A69877A878B879C87C0909105D090F0
:10B9D0009205E0909305F090940585E50E94E42A95
:10B9E000882321F00E941C2A6B017C0120E030E0BA
:10B9F000A901C701B6010F94695787FF04C0F7FA80
:10BA0000F094F7F8F094F7FAF094F7F8F094CD8EFC
:10BA1000DE8EEF8EF8A262E070E082E40E94082BD6
:10BA2000B82E8091B909811155C09E01235E3F4F08
:10BA300041E0BE016F5F7F4FCE0149960E94945A4C
:10BA4000882309F447C06B2D81E00E94D85B70E029
:10BA500060E082E50E94082B8C0180E090E0A0EA83
:10BA6000B1E48D8B9E8BAF8BB88FC0908D05D0903D
:10BA70008E05E0908F05F09090058CE40E94E42AFA
:10BA8000882321F00E941C2A6B017C0120E030E019
:10BA9000A901C701B6010F94695787FF04C0F7FADF
:10BAA000F094F7F8F094C98ADA8AEB8AFC8A1D864A
:10BAB0001E861F86188A8091B909882359F02B2D7C
:10BAC000AE014B5E5F4FBE016F5E7F4FCE010D96A4
:10BAD0000F94EB1CA0960FB6F894DEBF0FBECDBF3F
:10BAE000DF91CF911F910F91FF90EF90DF90CF905A
:10BAF000BF900895C12CD12C80E8E82E80E4F82E68
:10BB000026CFCF92DF92EF92FF920F931F93CF93A6
:10BB1000DF93CDB7DEB76C970FB6F894DEBF0FBEDC
:10BB2000CDBF8CE40E94E42A882309F4ABC00E94B4
:10BB30001C2A6B017C0120E030E0A9010F946957B9
:10BB400087FF04C0F7FAF094F7F8F094F7FAF0944E
:10BB5000F7F8F094C98EDA8EEB8EFC8E8CE0EBE772
:10BB6000F2E0DE01119601900D928A95E1F788E5E9
:10BB70000E94E42A8823A1F040E050E0BA0188E561
:10BB80000E94F12A2091BD0A3091BE0A4091BF0A5D
:10BB90005091C00A0F94085569837A838B839C83E4
:10BBA00089E50E94E42A8823A1F040E050E0BA0130
:10BBB00089E50E94F12A2091C10A3091C20A409180
:10BBC000C30A5091C40A0F9408556D837E838F83F6
:10BBD00098878AE50E94E42A882351F040E050E0EB
:10BBE000BA018AE50E94F12A69877A878B879C8748
:10BBF0001D861E861F86188A8091B909811133C05F
:10BC00009E01235F3F4F40E0BE016F5F7F4FCE013B
:10BC100049960E94945A882331F160E080E00E94A6
:10BC2000D85B898D9A8DAB8DBC8DB0588D8B9E8BDA
:10BC3000AF8BB88F198A1A8A1B8A1C8A1D861E86AA
:10BC40001F86188A8091B909882369F010E000E006
:10BC500020E0AE014B5E5F4FBE016F5E7F4FCE01B5
:10BC60000D960F94EB1C6C960FB6F894DEBF0FBECA
:10BC7000CDBFDF91CF911F910F91FF90EF90DF909B
:10BC8000CF900895C12CD12C80E8E82E80E4F82EC6
:10BC90005DCFCF93DF93EC0160E377E087EE94E430
:10BCA0000E94C238CE010E94717EDF91CF910C9428
:10BCB0006B7ECF936CE27EE00E94F2FCC091B709EC
:10BCC000C05D83E29EE00E94B4388C2F0E943E3813
:10BCD00086EC93E00E94717E8091B709CF910C941D
:10BCE0004A3F2F923F924F925F926F927F928F9234
:10BCF0009F92AF92BF92CF92DF92EF92FF920F93FB
:10BD00001F93CF93DF93CDB7DEB7C356D1090FB6DC
:10BD1000F894DEBF0FBECDBFA4968FAFA49720913D
:10BD20000609A3962FAFA39781E08093060980911F
:10BD30005D078D3409F409C5843509F4CEC1873413
:10BD400009F0B4C180915B0790915C078B3191053C
:10BD500009F400C208F09CC18430910508F04EC17E
:10BD60002091F4098230910508F4B1C1233008F420
:10BD7000B4C111E0029709F010E00E941A2D198257
:10BD80001A821B821C821D821E821F82188682E5F7
:10BD90000E94E42A882309F4B3C10E941C2A6B0183
:10BDA0007C0120E030E0A9010F941E4E882309F4A5
:10BDB00008C14090AD0A5090AE0A6090AF0A7090F2
:10BDC000B00A8091B10A9091B20AA091B30AB091E1
:10BDD000B40A6E968CAF9DAFAEAFBFAF6E9780903A
:10BDE000E4099090E509A090E609B090E7098091F8
:10BDF000E8099091E909A091EA09B091EB09A296AE
:10BE00008CAF9DAFAEAFBFAFA297A5019401C301A8
:10BE1000B2010F941E4E811111C0A2962CAD3DAD02
:10BE20004EAD5FADA2976E966CAD7DAD8EAD9FAD04
:10BE30006E970F941E4E882309F4C3C0A30192018C
:10BE4000C501B4010F94085520E030E040E05FE305
:10BE50000F94844E6A966CAF7DAF8EAF9FAF6A979A
:10BE60006E962CAD3DAD4EAD5FAD6E97A2966CADAE
:10BE70007DAD8EAD9FADA2970F94085520E030E0C8
:10BE800040E05FE30F94844E2B013C0120E030E062
:10BE9000A901C701B6010F941E4E881F8827881F6D
:10BEA000181709F424C180E090E0A0E8BFEB6E967B
:10BEB0008CAF9DAFAEAFBFAF6E976A962CAD3DAD68
:10BEC0004EAD5FAD6A97CA01B9010F94844E4B0124
:10BED0005C01A3019201C301B2010F94844E9B0146
:10BEE000AC01C501B4010F9409550F94B7574B012C
:10BEF0005C01AC019B01C701B6010F940855A296E5
:10BF00006CAF7DAF8EAF9FAFA297A5019401C70123
:10BF1000B6010F9409559B01AC01A2966CAD7DADA5
:10BF20008EAD9FADA2970F94844E6B017C0120E0F3
:10BF300030E0A9010F94695787FDDEC0C701B60143
:10BF40000F94B7576B017C01C301B2019058A50152
:10BF500094010F9403566E962CAD3DAD4EAD5FAD82
:10BF60006E970F94844EA70196010F94844E6A96A3
:10BF70002CAD3DAD4EAD5FAD6A970F940955698309
:10BF80007A838B839C83A50194016A966CAD7DAD09
:10BF90008EAD9FAD6A970F9403566E962CAD3DAD56
:10BFA0004EAD5FAD6E970F94844EA70196010F942E
:10BFB000844EA30192010F9409556D837E838F8374
:10BFC000988720E030E0A90169817A818B819C818A
:10BFD0000F941E4E8111A8C020E030E0A9016D81B0
:10BFE0007E818F8198850F941E4E81119DC00E9485
:10BFF000E13886E89EE00E94B4386FC08531910533
:10C0000009F46BC08A31910509F4A1C0049709F0C5
:10C010004DC080E50E94E42AC12CD12C76018823F2
:10C0200021F00E9435276B017C0183E50E94E42A00
:10C03000882361F00E941C2A20E030E04AE754E4A3
:10C040000F94844E0F947C566B017C010E9418BAA9
:10C05000C114D104E104F10409F43FC08091AD148E
:10C06000811104C08CE99EE00F94DD010E94607A8A
:10C07000C60ED71EE81EF91E0E94607A6C197D0953
:10C080008E099F0997FF29C080E00E94974AF4CF4C
:10C090008A32910509F4F7C160F48D31910509F4F4
:10C0A00075C008F470C04E9709F4A2C00E94E4FC69
:10C0B00014C08B35910509F495C28C35910509F4AE
:10C0C00095C28A35910591F710928A1606C02330E1
:10C0D00020F00E941A2D0E94EFC0A496EFADA49705
:10C0E000E1110C94DF6A0E948BFC0C94DF6A80E003
:10C0F00090E0A0E8BFE3DBCEC12CD12C760124CFA9
:10C1000089E40E94E42A882331F00E941C2A698372
:10C110007A838B839C838AE40E94E42A882309F42F
:10C1200050CF0E941C2A49CF412FBE016F5F7F4F25
:10C1300084EE99E00F94D9140E94607A6093DA0A31
:10C140007093DB0A8093DC0A9093DD0AC6CF0E94CD
:10C15000C342C3CF87E00E94B2F08111BECF8CE012
:10C16000E7E8F2E0DE01119601900D928A95E1F781
:10C1700070E060E080E50E94172BBE016F5F7F4F8B
:10C180000E941FCCAACF0E94EE38A7CF0E94607AEF
:10C190006093DA0A7093DB0A8093DC0A9093DD0ADD
:10C1A0008091DC0981111DC0809154079091550741
:10C1B000A0915607B09157073DE0B695A795979582
:10C1C00087953A95D1F780FF04C085EA9EE00E94EA
:10C1D0005CF087E00E94B2F081117FCF0E946C5228
:10C1E0007CCF60E08FE40E94412C8823E9F275CF78
:10C1F00088E0EDEAFAE0DE01DB9601900D928A9587
:10C20000E1F788E0EDEAFAE0DE01909601900D9208
:10C210008A95E1F788E50E94E42A082F882381F0B7
:10C220000E941C2A2091BD0A3091BE0A4091BF0A8B
:10C230005091C00A0F94085568A379A38AA39BA3C1
:10C2400089E50E94E42A182F882381F00E941C2A85
:10C250002091C10A3091C20A4091C30A5091C40A88
:10C260000F9408556CA37DA38EA39FA3BE016C5DA4
:10C270007F4FCE0180960E9405FE882309F4FAC004
:10C28000002341F088A199A1AAA1BBA18BAF9CAFCB
:10C29000ADAFBEAF112351F08CA19DA1AEA1BFA146
:10C2A00023968CAF9DAFAEAFBFAF239780E00E94C7
:10C2B000582F0E948CC361E085E40E94412C382EE7
:10C2C0008091E309882309F4D1C060E070E080EE3A
:10C2D00090E400E010E020EA30EC09831A832B831D
:10C2E0003C8320E030E040EA50E40F940955669624
:10C2F0006CAF7DAF8EAF9FAF6697DE01AE5ABF4F7A
:10C300007D018E010F5F1F4F20E0432DBE016C5D4C
:10C310007F4FCE0180960F94E1014B015C01AC018F
:10C320009B010F94FB57811189C02091BD0A309168
:10C33000BE0A4091BF0A5091C00A68A179A18AA1A2
:10C340009BA10F9409556B017C012091C10A30918A
:10C35000C20A4091C30A5091C40A6CA17DA18EA16A
:10C360009FA10F9409552B013C014FE150E064EC73
:10C370007EE0C8010F94154D6196CCAEDDAEEEAEF9
:10C38000FFAE619782E062968FAF6297BE01635BFA
:10C390007F4FC8010E9426EE8C01FC010190002015
:10C3A000E9F7CF010197801B910B8E31910550F475
:10C3B0004FE150E0481B590B60EC7EE0800F911F6D
:10C3C0000F94154D2C964CAE5DAE6EAE7FAE2C9795
:10C3D00082E02D968FAF2D97BE01685B7F4FC8011D
:10C3E0000E9426EE8C0127968CAE9DAEAEAEBFAEFF
:10C3F000279783E028968FAF2897D8010D900020CB
:10C40000E9F7CD010197801B910B8E31910550F416
:10C410004FE150E0481B590B6CEB7EE0800F911F01
:10C420000F94154DBE016D5B7F4FC8010E9426EE33
:10C43000CE0101960E94717E0E946B7E0E9473C3A2
:10C4400019821A821B821C829E012F5F3F4F45EB8F
:10C450005AE0BE01615C7F4FCE01CB960E9441C481
:10C4600031100E942E240E949CC637CE60E070E0FE
:10C47000CB012FCF8BEA9EE00E9415418BEA9EE014
:10C480000F94DD012ACE8091F409833008F425CE83
:10C4900089E40E94E42A182FE12C882319F00E94D5
:10C4A000182AE82E8AE40E94E42A082F882391F0B3
:10C4B0000E94182AF82E112329F0B4E0BE1528F0A6
:10C4C000002359F0E4E0EF1540F48BEC9EE00E946D
:10C4D000B43803CEF12C1111F0CF80E1EDEAFAE08F
:10C4E000A4EEB9E001900D928A95E1F7112359F07D
:10C4F0008E2D0E9492236093E4097093E509809346
:10C50000E6099093E709002359F08F2D0E947723C5
:10C510006093E8097093E9098093EA099093EB0925
:10C5200060E080E50E94412C8823C1F11123D1F005
:10C53000E091D210F091D31020813181428153815A
:10C540006091E4097091E5098091E6099091E7090D
:10C550000F9408556093E4097093E5098093E60908
:10C560009093E7090023D1F0E091D210F091D3101D
:10C5700024813581468157816091E8097091E909EC
:10C580008091EA099091EB090F9408556093E809AE
:10C590007093E9098093EA099093EB0940E050E039
:10C5A000BA0186E40E94F12A6B017C0120E030E0B0
:10C5B000A9010F94695718168CF420E030E040E789
:10C5C00052E4C701B6010F94035669837A838B83C3
:10C5D0009C83CE0101960E94ABC37FCD60E070E0EA
:10C5E000CB01F3CF8FE080938A1677CD80915A07E5
:10C5F000882381F1893009F070CD93E9A92E92E06A
:10C60000B92E2DEAC22E2AE0D22EE12CF12C10E018
:10C61000D5018D915D010E94E42A082F882361F0E5
:10C62000133011F0E82E0F2D0E941C2AF6016083B2
:10C63000718382839383F02E1F5FF4E0CF0ED11CB1
:10C64000143031F7EE2009F46EC00E945CC60E94DF
:10C650009CC643CD03E9202E02E0302E8DEBC82E80
:10C660008AE0D82E8DEA9AE068969FAF8EAF6897E1
:10C67000F12C10E0D1018D911D010E94E42AE82ED9
:10C68000882309F440C00E941C2A2B013C0113306E
:10C6900049F0F60120813181428153810F94085580
:10C6A0002B013C016896AEADBFAD68972D913D91D1
:10C6B0004D915C91C301B2010F9408554B015C018F
:10C6C0002DEB37E346E855EB0F94695787FD0AC019
:10C6D0002DEB37E346E855E3C501B4010F941E4E38
:10C6E00018168CF4133039F1A5019401F60160811C
:10C6F0007181828193810F940955D6016D937D9349
:10C700008D939C9313971F5FB4E0CB0ED11C68965A
:10C71000EEADFFAD689734966896FFAFEEAF6897C1
:10C72000143009F0A7CFFF2009F491CF89EB9AE0EC
:10C730000E94F5BD8CCF4092B90A5092BA0A60921D
:10C74000BB0A7092BC0AFE2CDECF80915B079091F1
:10C750005C078937910511F40C94AD6C08F089C21F
:10C760008E34910509F419C708F0FFC08B3191058B
:10C7700009F4BEC408F079C08531910509F494C468
:10C7800008F043C08131910509F484C430F4029764
:10C7900008F08CCC0E9445F2A0CC8231910511F4B6
:10C7A0000C94D46B449709F081CC8091971684FF48
:10C7B00074C483EF9EE00E94B43860E08CE40E9471
:10C7C000412C182F8091971684FF1AC087EB96E1B1
:10C7D0000E941E888BE1E7EBF6E1DE0111960190E5
:10C7E0000D928A95E1F730E020E0412F70E060E0A3
:10C7F000CE0101960E94E08BCE0101960E94872E09
:10C8000084EE9EE00E94B43868CC8831910509F42A
:10C8100067C4A8F48631910509F449C4E09158072A
:10C82000F0915907479709F041CC8191882309F489
:10C830004AC48032D1F7DF0111971C92F6CF8931BB
:10C84000910509F451C44A9709F030CC80919716AC
:10C8500084FF43CC83E50E94E42A882309F43DCC7D
:10C860000E94E4290E940BED38CC8132910509F435
:10C87000BCC408F040C08E31910509F4A6C468F428
:10C880008C31910509F499C44D9709F00FCC809132
:10C8900097168E7F8093971620CC8F31910509F4DF
:10C8A0005BC5809709F002CC8091971682FF03C088
:10C8B00087FF0E9418BA8091971684FF0ECC60E023
:10C8C00080E50E94412C182F682F80915807909185
:10C8D00059070E94BCAC83E50E94E42A882321F01A
:10C8E0000E94E4290E940BED0E947F7F1111F5CB7D
:10C8F0000E949933F2CB8B34910509F440C650F570
:10C900008A32910509F446C58934910509F0CECBE8
:10C9100080E50E94E42A8823A1F00E941C2A20E0DE
:10C9200030E048EC52E40F94844E0F947C56603112
:10C93000E7E27E0710F060E177E270935F076093B3
:10C940005E0782E50E94E42A882309F4C6CB0E9490
:10C950003527C3CB8C34910509F415C68D34910568
:10C9600009F0A4CB0E949B33B8CB8B36910509F418
:10C9700045C608F07DC08635910509F437C708F033
:10C980003FC08335910509F407C778F481359105D7
:10C9900009F4E8C68235910509F088CB80918A16A2
:10C9A0008F7D806180938A1698CB8435910509F438
:10C9B000FBC68535910509F079CB83E50E944A2AAB
:10C9C000882309F4F5C60E94607A6093DA0A7093AE
:10C9D000DB0A8093DC0A9093DD0A0E941C2A20E087
:10C9E00030E04AE754E40F94844E0F947C566093F1
:10C9F00081057093820580938305909384056DCBA8
:10CA00008836910509F4CDC558F48735910509F4A8
:10CA100043C78C35910509F049CB0E947D2B5DCB36
:10CA20008936910509F4C2C58A36910509F03ECBD5
:10CA300060E080E50E94352C81114FCB8091540736
:10CA40006091A30A062F80FD02C00FEF10E083E57E
:10CA50000E94E42A882349F00E94E4298B016F3F59
:10CA6000710519F010F00FEF10E00093A30A35CB19
:10CA70008137910509F42EC6D0F48E36910509F45C
:10CA8000C8C560F48C36910509F427CB8D36910525
:10CA900009F00CCB81E00E9496EB1FCB8F369105FD
:10CAA00009F4CAC58037910509F417CBFFCA853749
:10CAB000910509F4FFC608F0CEC08237910509F44C
:10CAC000F1C68337910509F0F1CA8BE292E10E9429
:10CAD000B4380E947E3B60E08BE192E10E94EEEF71
:10CAE00060E086E092E10E94EEEF61E08FEF91E17D
:10CAF0000E94EEEF61E084EF91E10E94EEEF60E0D2
:10CB000085EE91E10E94EEEF61E085ED91E10E94FA
:10CB1000EEEF60E08CEC91E10E94EEEF61E082ECE0
:10CB200091E10E94EEEF61E088EB91E10E94EEEF6F
:10CB300061E081EB91E10E94EEEF61E089EA91E131
:10CB40000E94EEEF61E08BE991E10E94EEEF61E07F
:10CB50008DE891E10E94EEEF60E08EE791E10E94A6
:10CB6000EEEF60E080E791E10E94EEEF60E08AE5A1
:10CB700091E10E94EEEF61E089E491E10E94EEEF25
:10CB800061E084E391E10E94EEEF61E085E291E1F2
:10CB90000E94EEEF61E08EE191E10E94EEEF60E035
:10CBA00081E191E10E94EEEF60E08AE091E10E9474
:10CBB000EEEF61E081E091E10E94EEEF61E08CEE4A
:10CBC00090E10E94EEEF61E08EED90E10E94EEEFC9
:10CBD00060E084ED90E10E94EEEF60E08DEB90E18B
:10CBE0000E94EEEF61E080EB90E10E94EEEF61E0E9
:10CBF0008DE990E10E94EEEF60E080E990E10E9413
:10CC0000EEEF61E08BE890E10E94EEEF61E08EE7ED
:10CC100090E10E94EEEF60E082E790E10E94EEEF8B
:10CC200060E08EE590E10E94EEEF60E08BE490E141
:10CC30000E94EEEF60E08AE996E10E94FFEF682F24
:10CC4000617082E490E10E94EEEF60E084E390E1A5
:10CC50000E94EEEF42CA8737910509F47AC608F4BC
:10CC60003DC681E080936606809365060E94B7C842
:10CC700034CA8239F1E09F0711F40C94647108F012
:10CC8000E3C08C3D910511F40C941A6F08F058C064
:10CC9000893C910509F491C630F58B39910509F469
:10CCA0003AC560F48D37910509F41EC28C389105A0
:10CCB00009F0FCC980E00E9451EB0FCA8E3B910540
:10CCC00009F424C5883C910509F0F0C98091540706
:10CCD00083FD4BC6809156078C7009F046C681E0F3
:10CCE0000E94403EFAC98D3C910509F40EC7A8F494
:10CCF0008B3C910509F493C68C3C910509F0D6C98B
:10CD00008091550787FDB9C6809156078E7009F04E
:10CD1000B4C681E00E94B63DE0C98E3C910509F49D
:10CD20008BC7833D910509F0C1C983E50E944A2A5A
:10CD3000882309F4B0C70E94082A80933B02CDC91A
:10CD40008D32A1E09A0711F40C946A7090F5883145
:10CD5000E1E09E0711F40C94A26F60F48D3D910503
:10CD600011F40C94606F823E910509F09FC90E94F6
:10CD70001852B3C9823221E0920711F40C94E46F87
:10CD80008C32914009F092C964E071E083E50E9421
:10CD9000172B8C0168EE73E080E50E94172B893811
:10CDA000F3E19F0710F088E893E1B8010E945ED696
:10CDB00094C98033B1E09B0711F40C94B47068F40B
:10CDC0008E32F1E09F0711F40C94FE708F32914087
:10CDD00009F06CC90E9407EB80C98039A1E09A076D
:10CDE00011F40C944E718139914009F05FC9C090E3
:10CDF0005407D0905507E0905607F0905707B7E0DA
:10CE0000F694E794D794C794BA95D1F721E0C2225B
:10CE1000DD24EE24FF2483E50E944A2ACD28CE2873
:10CE2000CF2811F00C94527181110C94547160E070
:10CE300082E50E94412C9091E209911108CC682F63
:10CE400081E00E94C6C803CC8C30E2E09E0711F45A
:10CE50000C94AB7108F0C7C08C3A21E0920711F432
:10CE60000C94957108F091C08D39B1E09B0711F4D5
:10CE70000C94107360F48A39F1E09F0709F42DC90E
:10CE80008C39914009F012C90E949D3B26C9843A11
:10CE9000A1E09A0711F40C948271853A914009F04F
:10CEA00005C96FEF7FEF89E40E94082B082F6FEF11
:10CEB0007FEF8AE40E94082B182F8AE50E94E42A5B
:10CEC000D12C811108C081E50E94E42AD82E882344
:10CED00011F40C94BC73C02E81E0800F863010F0EA
:10CEE0000C948D71912E81E0810F863010F00C949E
:10CEF0008D710E941C2A2B013C01F02E07FDF12CA4
:10CF000007FF02C0A4E0CA2E812E17FD812C17FF57
:10CF100002C0F4E09F2EE5E03E2ECF1410F40C94F6
:10CF20008971E82C3F9C500111249E1410F40C943C
:10CF300086710E2D10E020E030E0A901DD2069F0BF
:10CF4000F501E00FF11FEE0FFF1FEE0FFF1FEB507B
:10CF5000F64F20813181428153810A0D1B1D000F44
:10CF6000111F000F111F0B50164FC301B2010F9478
:10CF70000955D8016D937D938D939C9313976E2DD6
:10CF80008F2D0E943BFDE394D0CF863FE1E09E07CA
:10CF900011F40C949D7168F4843F21E0920711F420
:10CFA0000C949971853F914009F080C80E94B8AAFD
:10CFB00094C8873FB1E09B0711F40C94A171883F9E
:10CFC000914009F073C881E080939E050E940DB8DE
:10CFD00010929E05811181C80E94E53889E694E18E
:10CFE0000E94B4387AC88335F3E09F0711F40C949B
:10CFF0002B7200F58B35A2E09A0711F40C94AF71F7
:10D0000060F48F34E2E09E0709F43ECF8835924009
:10D0100009F04CC80E94795C60C88D3B22E0920701
:10D0200011F40C9427728E3B924009F03FC80E9485
:10D03000C85953C8803AB3E09B0709F47FC160F434
:10D040008C36F3E09F0709F448C88438934009F010
:10D050002DC80E94B03C41C8883EA3E09A0711F455
:10D060000C942273893EB3E09B0711F40C947F73F8
:10D07000873E934009F01AC883E08093F409109228
:10D08000D60860E083E50E94412C811126C80E94E9
:10D0900034FB23C80E94982A20C80E94E53884E007
:10D0A0009FE00E94B43819C80E94A38716C88091D7
:10D0B000971682FF04C087FD02C00C946D600E9429
:10D0C00080870C946D6060E08091580790915907BB
:10D0D0000E94BCAC10925F0710925E070C946D60CA
:10D0E0000E9419ED0C946D600E94815D0C946D603E
:10D0F0008091540790915507A0915607B09157071A
:10D1000012E0B695A795979587951A95D1F780FF68
:10D110002BC088E19FE00E94B4388091FE178823DD
:10D12000F1F0BE016F5F7F4F8BEF97E10E94B386F6
:10D13000CE0101960E94717ECE0101960E947288F6
:10D1400080916C0F882339F080E20E943E388CE693
:10D150009FE00E94717E0E947E3B0C946D608EE089
:10D160009FE00E94B438F7CF83E50E94E42A882329
:10D1700001F10E94F429182F8C3308F08CE380937E
:10D180007A050E94607A6B017C01212F30E0A8EEC5
:10D19000B3E00F94B654C60ED71EE81EF91EC09217
:10D1A0007605D0927705E0927805F09279050C9497
:10D1B0006D600E94487F0C946D608091580790913B
:10D1C00059070E9468AC0C946D608091971684FD9D
:10D1D00002C00C946D600E940CFC809158079091E5
:10D1E00059070E94C8AB0C946D60009158071091CC
:10D1F0005907D12CC12C01151105C1F0F80101907E
:10D200000020E9F731979F01201B310B6901D801FC
:10D21000CD01801B910B8217930744F48D918F32BF
:10D22000B9F7CD010197FC011082F2CF8BE1E7EB5A
:10D23000F6E1DE01909601900D928A95E1F7F12CCE
:10D24000E12CEC14FD040CF05CC0F801EE0DFF1DA8
:10D250008081811103C0FFEFEF1AFF0A5801AE0C65
:10D26000BF1CD5018C91882309F44BC0BFEFEB1A8A
:10D27000FB0AF801EE0DFF1D7F01E01AF10A819112
:10D280008111FACFCE0180960E941E888BE1FE01AB
:10D29000B096DE01119601900D928A95E1F7B501E5
:10D2A000CE0101960E941580CE0101960E94872E24
:10D2B0008FE20E943E3880916C0F882351F18CE6FA
:10D2C0009FE00E94717E8091971685FF1AC0198297
:10D2D0001C8221E0A501BE01605E7F4FCE01019658
:10D2E0000E94A088811118C00E947E3B0E94E538F0
:10D2F000B50187E29FE00E94D4F2CE0101960E9420
:10D30000872E0E947E3BCE0180960E94872E0C9431
:10D310006D608FE59FE0D5CFCE0180960E94678734
:10D320008BE1FE013196DE01909601900D928A9577
:10D33000E1F7CE0101960E94872E83CF20915807F6
:10D340003091590790919716926090939716C90162
:10D350000E9468AC0C946D600E94D2CB68A379A344
:10D360008AA39BA3BE016F5F7F4FCE0180960E9470
:10D370002CEC40E061E0CE0101960E9460D80E9452
:10D38000E538BE016F5F7F4F8BE39FE00E94107F07
:10D390000C946D606DE070E080E50E94082B8C01BC
:10D3A00097FF02C00C946D60D82E60E089E40E9463
:10D3B000412C81110CC0E8E4FFE08491D81611F4EF
:10D3C0000C94B47331962FE0E236F207B1F784E59E
:10D3D0000E94E42AF82E8823B9F00E94F4298130B3
:10D3E00071F040F0823009F189E89FE00E94B43882
:10D3F0000C946D6060E0802F0E94F17905C061E0BF
:10D40000802F0E94F179F12C83E50E94E42A882381
:10D4100011F40C946D600E94F429E82E89E0D81272
:10D4200006C0E092A30A0C946D6062E0E4CFFF2096
:10D4300031F081E79FE00E94B4380C946D6061E0A8
:10D44000802F0E94F1796E2D802F0E948079F12C1F
:10D45000E114F10431F460E0802F0E9480790C9493
:10D460006D609FEFE916F10431F461E0802F0E94B6
:10D4700080790C946D60602FCE0101960E94AD33CF
:10D480008989882309F470C0E981FA818F85288908
:10D49000811129C0608130E083E090E0AC01421B43
:10D4A000530B440F551F042E01C0880F0A94EAF74E
:10D4B0008095862362E070E001C0660F4A95EAF726
:10D4C000862B8083F9013396EE0FFF1FA1E0B0E0B9
:10D4D000AC0FBD1FEA0FFB1F0190F081E02DF18220
:10D4E000E0820C946D609A8991110C946D60AFEF9D
:10D4F000B0E0823029F0AD85BE850D90BC91A02DA5
:10D50000608130E083E090E0AC01421B530B440F9C
:10D51000551F042E01C0880F0A94EAF780958623D0
:10D5200062E070E001C0660F4A95EAF7862B8083BF
:10D530002D5F3F4F220F331FE1E0F0E0EC0FFD1FA6
:10D540002E0F3F1FF9010081118197010F94B654EE
:10D550002FEF30E040E050E00F946254D801119674
:10D560003C932E930C946D6061E0BFE7EB16F104E1
:10D5700008F460E0802F0E9480790C946D600E9416
:10D5800099330C946D608091B809813011F00C943E
:10D590006D600E942BD80C946D600E94FAF40C947C
:10D5A0006D6080E00E9496EB0C946D608CE99FE0CA
:10D5B0000E94B43880E00E943C8D0E947E3BA3967E
:10D5C000FFADA397F0930609CD59DF4F0FB6F8943E
:10D5D000DEBF0FBECDBFDF91CF911F910F91FF90A6
:10D5E000EF90DF90CF90BF90AF909F908F907F9003
:10D5F0006F905F904F903F902F90089560E080E58E
:10D600000E94352C81110C946D601092A30A0C9429
:10D610006D608EE40E94E42A882311F40C946D60FE
:10D620000E94E4296093620B7093630B8093640BF8
:10D630009093650B0C946D6083E50E94E42A882327
:10D6400021F00E94F429809302090E94E53880ECC1
:10D650009FE00E94B43880910209882369F1F6EBBB
:10D66000EF2EFFE0FF2E10E000E020E0F701C59074
:10D67000D490C114D104B9F08091020990E0002E39
:10D6800002C0959587950A94E2F780FF0CC0BB24F1
:10D69000B394B20E222319F08CE20E943E38C601E8
:10D6A0000E94B4382B2D0F5F1F4F82E0E80EF11C53
:10D6B00005301105D9F64FCD82EB9FE00E94B438BA
:10D6C00010917B058FE99FE00E94B438812F0E9462
:10D6D0003D2F41CD83E50E94E42A882369F00E9412
:10D6E000F4298D3320F480930A020C946D608CE34E
:10D6F00080930A020C946D600E94E53860910A02E2
:10D7000087EC9FE00E9402F00C946D6081E00E9423
:10D7100051EB0C946D6083E50E94E42A882311F498
:10D720000C946D600E94F429182F8C3308F08CE360
:10D73000809380050E94607A6B017C01212F30E08C
:10D74000A8EEB3E00F94B654C60ED71EE81EF91E1D
:10D75000C0927C05D0927D05E0927E05F0927F0517
:10D760000C946D600E9429BA1092A30A0E947B92C9
:10D770000E949B331092A50A1092A40A68EE73E0EF
:10D7800080E090E00E945B328EEC9FE00F94DD0120
:10D790000E94C1230C946D6080918A168F7E8062F6
:10D7A00080938A160C946D600E94252B0C946D60FA
:10D7B0006091810570918205809183059091840527
:10D7C00028EE33E040E050E00F94625469017A01A2
:10D7D00086EE9FE00E94B438C701B6010E94FEF5B4
:10D7E00081EE9FE00E94B4380C946D6080915407E4
:10D7F00090915507A0915607B0915707892B8A2B16
:10D800008B2B29F481E00E94E4EA0C946D6083E59F
:10D810000E94E42A882331F00E94E429709386054F
:10D820006093850584E50E94E42A882331F00E94F4
:10D83000182A909388058093870585E40E94E42A3E
:10D84000882331F00E94182A90938A0580938905D5
:10D8500082E40E94E42A882331F00E94182A9093DF
:10D860008C0580938B056091890570918A056D5FA9
:10D870007F4F80918705909188056817790714F488
:10D880000C946D608EEF9FE00E94013B8AEF9FE059
:10D890000E94B4380C946D60109286051092850534
:10D8A0000C946D600E9426FC89EE90E10E94649CBD
:10D8B0000C946D608091580790915907009751F032
:10D8C000DC012C91222331F040E061E00E9460D81D
:10D8D0000C946D600F94C5000C946D600091580716
:10D8E0001091590794E0F12C40E09150F9F0F801C3
:10D8F0008081282F2B7F213499F421812133B1F4A9
:10D90000813421F1853409F441E098012E5F3F4FC5
:10D9100089012F5F3F4FF80180818032C9F3E5CF45
:10D92000803521F4818180538A3078F341110E943F
:10D93000E538FF2021F08EE393E10E94B438C8015E
:10D940000E94717E0E946B7E0C946D60FF24F394A4
:10D95000DCCF0E9407C80C946D601092660610928E
:10D9600065060E94B7C80C946D601091990584E417
:10D970000E94E42A082F8823A1F00E941C2A6B0130
:10D980007C0120E030E0A9010F941E4E882399F01D
:10D99000C0929505D0929605E0929705F092980571
:10D9A000102F612F83E50E94412C809399050E94DE
:10D9B000DEBA0C946D6080E0F8CF8091540784FD4E
:10D9C0000DC080915607887849F48091570783707D
:10D9D00029F481E00E94043E0C946D6003E912E09A
:10D9E000EAE5EE2EEAE0FE2ED8018D918D010E942F
:10D9F000E42A882359F00E941C2A0F947C56F701D0
:10DA000060837183828393830E94A6B9F4E0EF0E52
:10DA1000F11C22E00739120739F70C946D608091F0
:10DA2000540784FD0DC080915607887849F4809191
:10DA30005707837029F481E00E94D83D0C946D60F3
:10DA400073E9E72E72E0F72E10E000E0D7018D9128
:10DA50007D010E94E42A882349F00E941C2AF801D3
:10DA6000E65AF54F64A375A386A397A30C5F1F4FD7
:10DA70000031110559F70C946D6083E50E94E42A8A
:10DA8000882391F00E941C2A60938E0A70938F0A5B
:10DA90008093900A9093910A6093960A7093970AE4
:10DAA0008093980A9093990A80E50E94E42A88233B
:10DAB00051F00E941C2A60938E0A70938F0A809303
:10DAC000900A9093910A82E50E94E42A882351F0FB
:10DAD0000E941C2A6093920A7093930A8093940A7E
:10DAE0009093950A84E50E94E42A882311F40C940B
:10DAF0006D600E941C2A6093960A7093970A809327
:10DB0000980A9093990A0C946D60809154079091B3
:10DB10005507A0915607B0915707892B8A2B8B2B5D
:10DB200029F481E00E94643D0C946D6082E40E94BF
:10DB3000E42A882351F00E94352760936A0A709383
:10DB40006B0A80936C0A90936D0A83E50E94E42A25
:10DB5000882351F00E941C2A60939A0A70939B0AB2
:10DB600080939C0A90939D0A84E50E94E42A88236E
:10DB700051F00E941C2A60939E0A70939F0A809322
:10DB8000A00A9093A10A88E50E94E42A882351F014
:10DB90000E941C2A6093EC087093ED088093EE08B5
:10DBA0009093EF0889E50E94E42A882351F00E94AF
:10DBB0001C2A6093F0087093F1088093F208909308
:10DBC000F3088AE50E94E42A182F882351F00E9466
:10DBD0001C2A6093F4087093F5088093F6089093DC
:10DBE000F70885E40E94E42A882351F00E941C2A49
:10DBF0006093F8087093F9088093FA089093FB08F3
:10DC0000112311F40C946D602DEC3CEC4CEC5DE3B5
:10DC10006091F4087091F5088091F6089091F708EA
:10DC20000F941E4E181614F40C946D6081E493E169
:10DC30000E94B4380C946D60809154079091550700
:10DC4000A0915607B091570703E912E068E6E62E67
:10DC500066E0F62E892B8A2B8B2B29F481E00E941B
:10DC60000CF00C946D60F80181918F010E94E42A00
:10DC7000882341F00E941C2AD7016D937D938D93D8
:10DC80009C931397B4E0EB0EF11CE2E006391E07FB
:10DC900051F70C94276365E973E181E00E94F2FC7F
:10DCA00010913B02105D8CE893E10E94B438812F03
:10DCB0000E943E3888E893E10E94B43880913B028C
:10DCC0000E944A3F4090BD0A5090BE0A6090BF0A31
:10DCD0007090C00A20913D0230913E0240913F0277
:10DCE00050914002C301B2010F9409556A966CAF7E
:10DCF0007DAF8EAF9FAF6A978090C10A9090C20AA5
:10DD0000A090C30AB090C40A20914102309142020F
:10DD10004091430250914402C501B4010F9409554A
:10DD20006E966CAF7DAF8EAF9FAF6E97C090C50AF9
:10DD3000D090C60AE090C70AF090C80A2091450228
:10DD4000309146024091470250914802C701B60106
:10DD50000F940955A2966CAF7DAF8EAF9FAFA2977F
:10DD60002091490230914A0240914B0250914C025D
:10DD7000C301B2010F9409552B013C0120914D02C2
:10DD800030914E0240914F0250915002C501B401B2
:10DD90000F9409554B015C012091510230915202C0
:10DDA0004091530250915402C701B6010F94095596
:10DDB0006B017C0180E893E10E94B4386A964CAD17
:10DDC0005DAD6EAD7FAD6A9783E793E10E94CC387D
:10DDD0006E964CAD5DAD6EAD7FAD6E9781E495E412
:10DDE0000E94CC38A2964CAD5DAD6EAD7FADA297D2
:10DDF0008EE395E40E94CC388EE793E10E94B4381C
:10DE000086E793E10E94B438B301A20183E793E16E
:10DE10000E94CC38B501A40181E495E40E94CC387D
:10DE2000B701A6018EE395E40E94CC380E947E3BA8
:10DE30000C946D608091540790915507A0915607FE
:10DE4000B091570760915D0270915E020097A10545
:10DE5000B10551F486EA93E10E94013B83EA93E124
:10DE60000E94B4380C946D608C019D0151E136958F
:10DE70002795179507955A95D1F700FF08C020916F
:10DE80000B0230910C0230935E0220935D02B69536
:10DE9000A7959795879580FF04C070930C026093B7
:10DEA0000B0283E50E94E42A882311F40C946D6030
:10DEB0000E94182A90935E0280935D020C946D601C
:10DEC00083E50E94E42A882331F10E94182A909366
:10DED000360280933502BC01990F880B990B0F9481
:10DEE000254E2AE037ED43E25CE30F94844E209107
:10DEF0002A0830912B0840912C0850912D080F943E
:10DF0000844E60935502709356028093570290930B
:10DF100058020C946D600E94E53885E40E943E38FA
:10DF200080E30E943E3860913502709136028AEAA1
:10DF300093E10E94013B85E20E943E380E947E3BB5
:10DF40000C946D6080E50E94E42A882311F40C94FF
:10DF50006D600E94182A8C01892B49F583E50E9487
:10DF6000E42A882389F00E94182A97FD07C0BC0183
:10DF700083EC90E10E94D0340C946D6083EC90E1CE
:10DF80000E949E330C946D600E94E53870E060E062
:10DF900085EB93E10E94013B83EC90E10E94C42356
:10DFA000BC0182EB93E10E94553C0C946D600E9491
:10DFB000E138B8018CEC93E10E94013B8DEB93E1D9
:10DFC0000E94B4380C946D608AE50E94E42A88238C
:10DFD00009F45CC00E941C2A20E030E040E050ECD4
:10DFE0000F941E4EC12CD12CE12C30ECF32E87FD6A
:10DFF00013C00E941C2A20E030E040E050E40F945F
:10E000006957C12CD12CE12C20E4F22E181624F0F3
:10E010000E941C2A6B017C012091760A3091770ABC
:10E020004091780A5091790AC701B6010F94844E45
:10E030000F947556CB010E948AFB61E080E50E9437
:10E04000412C882341F1A70196016091CE10709177
:10E05000CF108091D0109091D1100F9409556093FA
:10E06000CE107093CF108093D0109093D1100E9457
:10E07000E5384091CE105091CF106091D010709142
:10E08000D11082EE93E10E949D3C05C083E50E9481
:10E09000E42A81119FCF8091560787FD14C080919B
:10E0A0005707837081F40E94E5384091CE1050915B
:10E0B000CF106091D0107091D11083ED93E10E9448
:10E0C0009D3C0C946D6082E50E944A2A8111EBCF41
:10E0D0000C946D608091540783FD09C080915507B1
:10E0E000817829F481E00E94643C0C946D6080E5A5
:10E0F0000E94E42A882351F00E941C2A60936C102D
:10E1000070936D1080936E1090936F1089E40E944D
:10E11000E42A882381F00E941C2A21E732EB47E29F
:10E120005EE30F94844E609370107093711080932F
:10E1300072109093731084E40E94E42A882381F083
:10E140000E941C2A21E732EB47E25EE30F9403565C
:10E15000609374107093751080937610909377107D
:10E160000E9431270C946D608091540783FD09C093
:10E1700080915507817829F481E00E94323D0C940A
:10E180006D6080E50E94E42A882351F00E941C2AD9
:10E19000609340107093411080934210909343100D
:10E1A00089E40E94E42A882381F00E941C2A21E746
:10E1B00032EB47E25EE30F94844E60934410709319
:10E1C0004510809346109093471084E40E94E42AFF
:10E1D000882311F40C946D600E941C2A21E732EB15
:10E1E00047E25EE30F940356609348107093491022
:10E1F00080934A1090934B100C946D6083E50E94BD
:10E200004A2A182F882331F00E94182A909332024C
:10E210008093310280E50E944A2A811102C01123B5
:10E2200091F02091310230913202232B41F088236A
:10E2300041F00E94082A809364070C946D6081E08D
:10E24000FACF80E0F8CF0E94E538009131021091BA
:10E2500032028091640795EFE92E93E1F92E811146
:10E2600004C081EFE82E83E1F82E8CE094E10E9457
:10E27000B438C7010E94B4388BEF93E10E94B438E0
:10E28000B801110F880B990B0E9489F888EF93E170
:10E290000E94B4380E947E3B0C946D600E9418BAB4
:10E2A0000C946D60882321F00E94082A8093E30972
:10E2B0000E94E5388FE194E10E94B4388091E3092F
:10E2C0000E944A3F0C946D6060E082E50E94412C00
:10E2D0009091E209992321F0682F80E00E94C6C83E
:10E2E00080E090E0A0EAB0E489839A83AB83BC83AA
:10E2F00040E061E0CE0101960E9422C50E949CC6CA
:10E300000C946D600E94553F0C946D60F3940C94D6
:10E310008D670E94BD310C946D600E94E13880E5EC
:10E3200094E10E94B4380C946D600E9442F10C9408
:10E330006D600E94FCCE0C946D600E940EA90C943E
:10E340006D6061E083E50E94412C91E089270E9485
:10E35000F2A70C946D600E9416CD0C946D608091B4
:10E36000550783FD09C080915607887129F481E023
:10E370000E9419410C946D6085E50E94E42A88236F
:10E3800009F10E941C2A6B017C0120E030E0A90108
:10E390000F94695787FF04C0F7FAF094F7F8F094E8
:10E3A00020E030E84BE354E4C701B6010F9469570D
:10E3B000181694F1C0929105D0929205E0929305BF
:10E3C000F09294058CE40E94E42A882311F40C94C2
:10E3D0006D600E941C2A6B017C0120E030E0A901E5
:10E3E0000F94695787FF04C0F7FAF094F7F8F09498
:10E3F00020E030E84BE354E4C701B6010F946957BD
:10E400001816BCF0C0928D05D0928E05E0928F0553
:10E41000F09290050C946D6080E090E8ABE3B4E47A
:10E420008093910590939205A0939305B0939405E2
:10E43000C9CF80E090E8ABE3B4E480938D0590937E
:10E440008E05A0938F05B09390050C946D600E948B
:10E450004C580C946D608091560787FD09C08091DF
:10E460005707837029F481E00E94F6ED0C946D60EB
:10E470002090C6103090C7100091C8104090C9106D
:10E480005090CA106090CB107090CC10B091CD100D
:10E490006796BFAF6797C090CE10D090CF10E09036
:10E4A000D010F090D11088E50E94E42A182F88231C
:10E4B00009F482C00E941C2A4B015C0120E030E07C
:10E4C00046E953EC0F94695787FD0BC020E030E01C
:10E4D00046E953E4B401C5010F941E4E18160CF022
:10E4E0006DC064ED7EEF80EB94E10E94013B6CE235
:10E4F00071E08BEA94E10E94013B88EA94E10E947A
:10E50000B43810E089E50E94E42A882341F10E9492
:10E510001C2A4B015C0120E030E046E953EC0F94EB
:10E52000695787FD0BC020E030E046E953E4B401B1
:10E53000C5010F941E4E18160CF044C064ED7EEF1A
:10E5400086E994E10E94013B6CE271E081E994E18B
:10E550000E94013B8EE894E10E94B43810E08AE505
:10E560000E94E42A8823A9F10E941C2A6B017C01E5
:10E5700020E030E040EA51EC0F94695787FD0AC073
:10E5800020E030E040EA51E4C701B6010F941E4E8E
:10E590001816FCF46CEE7FEF8CE794E10E94013BCF
:10E5A00064E170E087E794E10E94013B84E794E135
:10E5B0000E94B4380C946D6011E0A4CF14010A2DB0
:10E5C0004B2CA0CF582C692C7A2C6796BFAE67973E
:10E5D000C6CF112311F40C946D60C101A02FB42D8E
:10E5E0008093C6109093C710A093C810B093C91021
:10E5F000852D962DA72D6796BFAD67978093CA107E
:10E600009093CB10A093CC10B093CD10C092CE10AD
:10E61000D092CF10E092D010F092D1100C946D6097
:10E6200083E50E944A2A882341F00E94082A8093A9
:10E63000B7090E945F2E0C946D6081E00E94595EC4
:10E640000C946D600E94752E882311F40C946D60FB
:10E650008091540790915507A0915607B0915707A4
:10E66000AC01BD0132E176956795579547953A958E
:10E67000D1F740FF29C08EEF8093610710926007A9
:10E6800081E09AE590931916809318168CE490E037
:10E6900090931B1680931A1687E080930C1682E8DD
:10E6A00080930F1684E890E0A0E0B0E0809310160D
:10E6B00090931116A0931216B09313168CEB95E15C
:10E6C0000E948ED40C946D6022E0B695A795979524
:10E6D00087952A95D1F780FF0EC00E94572E0E9481
:10E6E0002DAC8091590A833011F40C946D600E9416
:10E6F0008BD60C946D600F94F03B0C946D600E946F
:10E7000018BA80919716877F8B7F80939716809198
:10E710008D16811123C00E94572E0E942DAC0E949D
:10E72000D2CB6D3371058105910520F08EED94E11A
:10E730000E945CF08AED94E10E945CF080E197EA2F
:10E7400090935F0780935E0786EC94E10E94B43853
:10E7500082EC94E10E945CF00C946D600E94788BD6
:10E7600081110C946D60D7CF0E94E13882E69FE062
:10E770000E94B4380C946D600E94E13880E394E10B
:10E780000E94B4380C946D608150823108F05AC0F8
:10E79000E82FF0E08827E053FC488F4F0D94F954A0
:10E7A000F073F473E273E873EC732274F773FD7320
:10E7B000017407740B740F741574197422741D742A
:10E7C00023742774809180008F7780938000089550
:10E7D000809180008F7DF9CF80918000877FF5CF79
:10E7E00084B58F7784BD089584B58F7DFBCF8091EC
:10E7F000B0008F778093B00008958091B0008F7D36
:10E80000F9CF809190008F77809390000895809148
:10E8100090008F7DF9CF80919000877FF5CF809118
:10E82000A0008F778093A00008958091A0008F7D35
:10E83000F9CF8091A000877FF5CF809120018F775D
:10E84000809320010895809120018F7DF9CF8091E0
:10E850002001877FF5CF3FB7F894809136079091DC
:10E860003707A0913807B091390726B5A89B05C096
:10E870002F3F19F00196A11DB11D3FBFBA2FA92F3F
:10E88000982F8827BC01CD01620F711D811D911D3C
:10E8900042E0660F771F881F991F4A95D1F70895A8
:10E8A0008BE1E7EBF6E1A2EDB6E101900D928A95DE
:10E8B000E1F78091971680648093971610928C16DA
:10E8C0008FEF9FEF90933402809333020895CF939C
:10E8D00080915C0FC1E08823C9F080915D0F909119
:10E8E0005E0F4091540F5091550F6091560F7091EB
:10E8F000570FDC01ED91FC910288F389E02D24E5AE
:10E900003DE01995C82F811104C0C0E08C2FCF9134
:10E9100008954091580F5091590F60915A0F70917E
:10E920005B0F4115510561057105B9F080915D0FCF
:10E9300090915E0FDC01ED91FC910288F389E02D4E
:10E9400024E53DE01995882301F31092580F1092A9
:10E95000590F10925A0F10925B0F10925C0FD6CF86
:10E960000F931F93CF93DF93CDB7DEB760970FB6AA
:10E97000F894DEBF0FBECDBF8C01DC01ED91FC91A0
:10E980000280F381E02DBE016F5F7F4F19958823D0
:10E9900009F464C08981807CC9F56F81637070E07F
:10E9A000762F6627770F770F8885B4E08B9FC0019D
:10E9B0001124682B792B898582958695869583709D
:10E9C000682B6F5F7F4F90E080E02A852370220FD5
:10E9D0003B8537FB332730F9232B3E813F70230FD4
:10E9E0003327331F2750310904C0660F771F881F54
:10E9F000991F2A95D2F760960FB6F894DEBF0FBE26
:10EA0000CDBFDF91CF911F910F910895803419F5FB
:10EA100068856695669570E090E080E0CB01772789
:10EA200066272A85622B098510E0102F0027012E0A
:10EA3000000C220B330B602B712B822B932B6F5FFF
:10EA40007F4F8F4F9F4F4AE0660F771F881F991F98
:10EA50004A95D1F7D0CF8BE0F801848360E070E075
:10EA6000CB01C9CF0895FC01828108952F923F9276
:10EA70004F925F926F927F928F929F92AF92BF92CE
:10EA8000CF92DF92EF92FF920F931F93CF93DF937A
:10EA900000D000D0CDB7DEB7DC010D90BC91A02D29
:10EAA000BE83AD8318966D917C91072E000C880B68
:10EAB000990B0F94254E6B017C0120E030E0A901F9
:10EAC0000F941E4E8823E1F0AD81BE8114968D9186
:10EAD0009D910D90BC91A02D89839A83AB83BC83BB
:10EAE0009C01AD01C701B6010F9408554B015C01B3
:10EAF00020E030E040E251EC0F941E4E87FF08C04A
:10EB000081E0ED81FE818387C12CD12C7601DCC0B0
:10EB100020E030E040E251E4C501B4010F946957B0
:10EB2000181664F481E0AD81BE811B968C93C12CD4
:10EB3000D12C8FE7E82E83E4F82EC6C0ED81FE814C
:10EB40008385882349F013861486158616861786D2
:10EB5000148E158E168E178EAD81BE8194964D90B3
:10EB60005D906D907C9097971C962D913D914D9165
:10EB70005C911F97C501B4010F940955F62EE72E3D
:10EB8000D82EC92E20E030E0A9010F941E4E87FD3B
:10EB9000B6C0A301920160E070E08FE793E40F94A8
:10EBA0000356162F072F382E292E2F2D3E2D4D2D93
:10EBB0005C2D0F941E4E87FF02C0780161018F2DDE
:10EBC0009E2DAD2DBC2DED81FE8184879587A68776
:10EBD000B78720A131A142A153A1C501B4010F946F
:10EBE000844E4B015C01AD81BE8154968D929D9205
:10EBF000AD92BC9257972F2D3E2D4D2D5C2DC3010C
:10EC0000B2010F94844E2B013C01ED81FE81408EB8
:10EC1000518E628E738EC48CD58CE68CF78C2981D4
:10EC20003A814B815C8160897189828993890F94D3
:10EC30000855AD81BE8198962D913D914D915C9185
:10EC40009B970F94844EA70196010F94085520EDD1
:10EC50003CEC4CE45DE30F94844EA70196010F94C5
:10EC600009556B017C01ED81FE81C48ED58EE68E47
:10EC7000F78E89819A81AB81BC81808B918BA28B2D
:10EC8000B38BA3019201C501B4010F940955A701EB
:10EC900096010F94095520E030E0A9010F94095521
:10ECA0006B017C0120E030E0A9010F941E4E87FD2E
:10ECB0002BCF20E030E04FE753E4C701B6010F94BB
:10ECC000695718160CF433CFC701B60126960FB654
:10ECD000F894DEBF0FBECDBFDF91CF911F910F9192
:10ECE000FF90EF90DF90CF90BF90AF909F908F906C
:10ECF0007F906F905F904F903F902F900895F12CF0
:10ED0000E12CD12CC12C5BCFCF93DF93C091541059
:10ED1000D091551081E0CE31D105E4F020E030E013
:10ED200040E05FE36091501070915110809152105B
:10ED3000909153100F9409550F9475566C1B7D0BD1
:10ED400077FF03C071956195710981E063307105AA
:10ED50000CF080E0DF91CF9108958F929F92AF9257
:10ED6000BF92CF92DF92EF92FF920F931F93CF93B8
:10ED7000DF93B0E2A0E06A2F70E0AB014B0F511DB2
:10ED800055954795411119C0E2E4FCE265917491F3
:10ED9000072E000C880B990B0F94254EDF91CF9115
:10EDA0001F910F91FF90EF90DF90CF90BF90AF90A9
:10EDB0009F908F900895B42FE0CFA41711F0B41353
:10EDC00003C0EEEBFCE2E2CF9A0121503109220FA1
:10EDD000331F220F331FF901E05CF34DE590F490EF
:10EDE000F901EC5BF34DC591D4918E159F0518F395
:10EDF000A42FC817D90708F4BECFF901EE5BF34D75
:10EE000005911491F901EA5BF34DC590D4908E19E8
:10EE10009F09BC0190E080E00F94234E4B015C0100
:10EE2000B601601B710B072E000C880B990B0F9419
:10EE3000254E9B01AC01C501B4010F94844E4B01DA
:10EE40005C01CE19DF09BE0190E080E00F94234EF3
:10EE50009B01AC01C501B4010F9403566B017C0109
:10EE6000B801110F880B990B0F94254E9B01AC0133
:10EE7000C701B6010F94095591CFCF93DF93C6EC2C
:10EE8000DBE220E030E048E452E460915010709101
:10EE9000511080915210909153100F94695787FF31
:10EEA00013C080E0FE01C4912091020190E002C0F5
:10EEB00095958795CA95E2F780FD0EC02071209345
:10EEC0000001DF91CF910895FE01949181E001C08E
:10EED000880F9A95EAF7E6CF2095F0CF611528E0E4
:10EEE000720781059105B8F081114BC023E0729F34
:10EEF000A00111244751594DFA0125913491FA018D
:10EF00003296E4916E9F412D1124000C411DC901E0
:10EF1000841B91090895613271058105910560F1A5
:10EF2000AB01BC014052510961097109DB01CA0101
:10EF300023E0B695A795979587952A95D1F7880FE1
:10EF4000991F880F991F87519D4DFC012591349180
:10EF5000FC013296A591B49147704A9FC0014B9F26
:10EF6000900D112443E0969587954A95E1F7A90104
:10EF7000481B590BCA010895E9EEF2E2859194917C
:10EF800008958EE190E0089520911102203148F01B
:10EF900044E096958795779567954A95D1F72295A0
:10EFA0002F70243048F032E09695879577956795D5
:10EFB0003A95D1F726952695223020F0969587959B
:10EFC000779567950C946E77EF92FF920F931F934E
:10EFD000E092A305F092A4050093A5051093A60561
:10EFE0006093AD057093AE058093AF059FEFFF274B
:10EFF000621B730B840B30F4809570956195790BCF
:10F00000890B992790930005A6E06A9F0092F4046B
:10F01000512DEE277A9F500DE11D8A9FE00D5093F0
:10F02000F504E093F604AFE06A9F0092F804512DD6
:10F03000EE277A9F500DE11D8A9FE00D5093F90451
:10F04000E093FA04AAE06A9F0092FC04512DEE2797
:10F050007A9F500DE11D8A9FE00D5093FD04E093CF
:10F06000FE041F910F91FF90EF90089500C08091D2
:10F07000791080FF29C0899A81E08093E20680910F
:10F08000791081FD24C08F9A8FEF8093E3069091D1
:10F09000791080910B0192FB222720F930E092FF3A
:10F0A00080958270809309018FEF232B09F081E016
:10F0B0008093E4068091791083FF0CC0169A81E05A
:10F0C0008093E50600C0089589988FEFD6CF8F987A
:10F0D00081E0DBCF16988FEFF3CF0F9300919E0561
:10F0E00021E0022721EA35E041E050E0BC018FE950
:10F0F00095E00E9470340F9108950F9300919E0542
:10F1000021E0022721EA35E04CE050E0BC018FE924
:10F1100095E00E9470340F9108950F9300919E0521
:10F1200021E0022721EA35E041E050E0BC018FE90F
:10F1300095E00E9470340F9108950F9300919E0501
:10F1400021E0022721EA35E048E050E0BC018FE9E8
:10F1500095E00E9470340F9108950F9300919E05E1
:10F1600021E0022721EA35E04CE050E0BC018FE9C4
:10F1700095E00E9470340F9108950F9300919E05C1
:10F1800021E0022721EA35E042E050E0BC018FE9AE
:10F1900095E00E9470340F9108950F9300919E05A1
:10F1A00021E0022721EA35E044E050E0BC018FE98C
:10F1B00095E00E9470340F9108950F9301E021EAC9
:10F1C00035E041E050E0BC018FE995E00E947034E9
:10F1D0000F9108950F9301E021EA35E042E050E0FD
:10F1E000BC018FE995E00E9470340F910895EF9271
:10F1F000FF920F931F93CF93DF93CDB7DEB72C977A
:10F200000FB6F894DEBF0FBECDBF8C017F936F9316
:10F210005F934F938AEC93E09F938F939E012F5FB0
:10F220003F4F79013F932F930F948258F80101903B
:10F230000020E9F7CF010197801B910B0FB6F894DE
:10F24000DEBF0FBECDBF8431910548F445E150E0EB
:10F25000481B590BB701800F911F0F94644DC801D3
:10F260002C960FB6F894DEBF0FBECDBFDF91CF91C5
:10F270001F910F91FF90EF900895CF93DF93EC01D2
:10F28000FC0101900020E9F7CF0101978C1B9D0B39
:10F290008436910540F445E650E0481B590B8C0F2D
:10F2A0009D1F0F94644DCE01DF91CF910895CF93B0
:10F2B000DF93282F30E0F901E05EFE4C8491F901E4
:10F2C000E652FF4CD491F901EC56FF4CC491CC238B
:10F2D000A1F081110E94C473EC2FF0E0EE0FFF1F2C
:10F2E000E658FF4CA591B491EC91ED2381E090E0BC
:10F2F00009F480E0DF91CF91089580E090E0FACFAB
:10F300001F93CF93DF93282F30E0F901E05EFE4C8E
:10F310008491F901E652FF4CD491F901EC56FF4C6F
:10F32000C491CC23A9F0162F81110E94C473EC2F35
:10F33000F0E0EE0FFF1FE05AFF4CA591B4918FB79C
:10F34000F894EC91111108C0D095DE23DC938FBFA7
:10F35000DF91CF911F910895DE2BF8CFCF93DF93EC
:10F36000EC018D810E94B24260E08B81DF91CF91F0
:10F370000C94807961E0FC0183810E9480798FEF99
:10F380000C94A642CF93DF93EC016EBDFA01CA0143
:10F390009E5F0DB407FEFDCF20812EBD0DB407FE8C
:10F3A000FDCF21812EBD3296E817F90791F70DB4F4
:10F3B00007FEFDCF8FEF0E94A6428FEF0E94A6426C
:10F3C0000E94AB428E838F71853049F083E18C833C
:10F3D000CE010E94BA7980E0DF91CF91089581E05B
:10F3E000FBCFCF93DF9390E0FC01E652FF4C2491DA
:10F3F0008C569F4CFC0184918823C9F090E0880FC3
:10F40000991FFC01EA5BFF4CA591B491FC01E05A05
:10F41000FF4CC591D49161110DC09FB7F8948C91A8
:10F42000209582238C938881282328839FBFDF9196
:10F43000CF910895623051F49FB7F8943C91822F98
:10F44000809583238C93E8812E2BEFCF8FB7F89490
:10F45000EC912E2B2C938FBFEACF8F929F92AF927D
:10F46000BF92CF92DF92EF92FF926B017C010E94DC
:10F470002B744B015C01C114D104E104F104B9F017
:10F480000E942B74681979098A099B09683E7340A8
:10F490008105910580F321E0C21AD108E108F10845
:10F4A00088EE880E83E0981EA11CB11CE4CFFF906B
:10F4B000EF90DF90CF90BF90AF909F908F90089586
:10F4C0002FB7F89460913207709133078091340719
:10F4D000909135072FBF0895AF92BF92CF92DF92E0
:10F4E000EF92FF920F931F93CF93DF93FB01019055
:10F4F0000020E9F73197AF01461B570B09F46FC0A5
:10F500004932510514F048E250E08C0100561F4F7B
:10F51000EAE5D801EC93FC01EF55FF4FA5EAA08383
:10F52000D42E3196A3E0A40FA0833196A2E8A08345
:10F5300031963083319620833196DB018D91819312
:10F54000CD01861B970B84179507C4F35801F12C46
:10F55000E12CEA012596CE15DF055CF0F5018191DD
:10F560005F010E944E370E94F7F5FFEFEF1AFF0A86
:10F57000F2CFC6E0CD0D0E94607A6B017C0128EECF
:10F58000C20E23E0D21EE11CF11C80915208909122
:10F590005108891B990B9C012150310937FF02C08A
:10F5A0002F573F4F2C1788F40E94607A6C197D0901
:10F5B0008E099F0997FF13C00E940F3762E370E026
:10F5C00080E090E00E942D7AE0CF0F945C3A18160C
:10F5D0001906DCF38EE2D8011D928A95E9F7DF91D6
:10F5E000CF911F910F91FF90EF90DF90CF90BF9040
:10F5F000AF900895CF92DF92EF92FF920E94607ACF
:10F600006B017C0128E5C20E22E0D21EE11CF11C38
:10F610000E94AB428F3F71F00E94607A6C197D09A5
:10F620008E099F0997FDF4CF80E0FF90EF90DF9067
:10F63000CF90089581E0F9CF0F931F93CF938C0162
:10F640000E94AE790E94FA7AC82F81110BC082E124
:10F65000F8018483C8010E94BA798C2FCF911F9141
:10F660000F9108958DEF0E94A6420E94FA7AC82F4A
:10F67000F1CFEF92FF921F93CF93DF93EC017B01C9
:10F680000E94AE790E94FA7A182F81110CC085E190
:10F690008C83CE010E94BA79812FDF91CF911F9187
:10F6A000FF90EF900895A7016CEFCE010E94C27900
:10F6B000182FEFCFDF92EF92FF920F931F93CF930C
:10F6C000DF938C01C62FD22FF32EE42ED52E0E946D
:10F6D000AE790E94FA7A8C2F80640E94A6428D2D0A
:10F6E0000E94A6428E2D0E94A6428F2D0E94A64205
:10F6F0008D2F0E94A64287E8C11101C085E90E94B2
:10F70000A642CC3011F40E94AB42C0E00E94AB4252
:10F71000F801868387FF04C0CF3F11F0CF5FF6CF9B
:10F72000DF91CF911F910F91FF90EF90DF9008959F
:10F730008F929F92AF92BF92CF92DF92EF92FF9201
:10F740000F931F93CF93DF93EC016A017B01590163
:10F7500020E030E0A90167E30E945A7BA5019801EF
:10F7600067E1CE010E945A7B811127C08F818330CF
:10F7700039F089E0CC0CDD1CEE1CFF1C8A95D1F71A
:10F78000A701960169E1CE010E945A7B11E088230E
:10F7900019F010E087E08C83CE010E94BA79812FA6
:10F7A000DF91CF911F910F91FF90EF90DF90CF905D
:10F7B000BF90AF909F908F90089589E08C8310E068
:10F7C000EBCF0F931F93CF93DF93EC0189018F81D0
:10F7D000833039F089E0440F551F661F771F8A95E3
:10F7E000D1F79A01AB0168E1CE010E945A7B8823D0
:10F7F00021F086E08C8310E008C0A8016EEFCE01F6
:10F800000E94C27981110AC011E0CE010E94BA792A
:10F81000812FDF91CF911F910F9108950E94FA7A65
:10F82000182F811103C087E18C83EFCF20E030E0F7
:10F83000A9016DE0CE010E945A7B811104C00E9493
:10F84000AB42882309F386E1D5CF1F93CF93DF9393
:10F85000EC010E94AE7920E030E0A9016CE0CE011D
:10F860000E945A7B11E0882319F010E083E08C831A
:10F87000CE010E94BA79812FDF91CF911F91089517
:10F880001F93CF93DF93EC018F81833039F089E0B0
:10F89000440F551F661F771F8A95D1F79A01AB0158
:10F8A00062E1CE010E945A7B11E0882319F010E03A
:10F8B00085E08C83CE010E94BA79812FDF91CF91B0
:10F8C0001F9108958F929F92AF92BF92EF92FF92F5
:10F8D0000F931F93CF93DF938C01EB017A010E946A
:10F8E000607A4B015C012CE2820E21E0921EA11C89
:10F8F000B11C0E94AB42F80186838F3F69F40E94DD
:10F90000607A681979098A099B0997FDF2CF81E12C
:10F91000F8018483C0E021C08E3F71F5F1E0EF1A59
:10F92000F1088FEF8EBDFE012FEF0DB407FEFDCF66
:10F930008EB581932EBDCF018C1B9D0B8E159F051F
:10F94000A0F30DB407FEFDCF8EB5CE0DDF1D88836D
:10F950000E94AB420E94AB42C1E0C8010E94BA794A
:10F960008C2FDF91CF911F910F91FF90EF90BF905F
:10F97000AF909F908F9008958FE0CACF0F931F9301
:10F98000CF93DF93EC018B010E94AE7940E052E00F
:10F99000B801CE01DF91CF911F910F910C94627C41
:10F9A0000F931F93CF93DF93EC0189018F818330F5
:10F9B00039F089E0440F551F661F771F8A95D1F7EC
:10F9C0009A01AB0161E1CE010E945A7B81110AC00C
:10F9D00040E052E0B801CE01DF91CF911F910F912D
:10F9E0000C94627C84E08C83CE010E94BA7980E022
:10F9F000DF91CF911F910F9108950F931F93CF9394
:10FA0000DF93EC018B0120E030E0A90169E00E9466
:10FA10005A7B81110AC040E150E0B801CE01DF916C
:10FA2000CF911F910F910C94627C80E18C83CE0169
:10FA30000E94BA7980E0DF91CF911F910F910895D4
:10FA40008F929F92AF92BF92CF92DF92EF92FF92EE
:10FA50000F931F93CF93DF93EC01162F1F821C820D
:10FA60004B830E94607A6B017C0120EDC20E27E07F
:10FA7000D21EE11CF11CA89561E08B810E94807967
:10FA800061E08B810E94F179209A289A219A23982B
:10FA9000229A81E00E94B24285E08D830E94B242A8
:10FAA0000AE08FEF0E94A6420150D9F7A89520E006
:10FAB00030E0A90160E0CE010E945A7B8E83813044
:10FAC00081F00E94607A6C197D098E099F0997FD6B
:10FAD000EECF81E08C83CE010E94BA791A8280E059
:10FAE0006AC0A8952AEA31E040E050E068E0CE0123
:10FAF0000E945A7B853041F581E08F83A8958F81E4
:10FB0000812C912C5401823029F4812C912CA12C30
:10FB100080E4B82E20E030E0A90167E3CE010E9426
:10FB20005A7BA501940169E2CE010E945A7B8E8323
:10FB30008823F1F00E94607A6C197D098E099F0973
:10FB400097FDE8CF8AE0C6CF04E00E94AB428E83E7
:10FB50000150D9F78A3A11F482E0CFCF0E94607A3F
:10FB60006C197D098E099F0997FDBCCF82E0B2CF49
:10FB70008F818230C1F420E030E0A9016AE3CE0138
:10FB80000E945A7B882311F088E0A4CF0E94AB42E8
:10FB9000807C803C11F483E08F830E94AB420E9402
:10FBA000AB420E94AB42CE010E94BA7981E08A83C7
:10FBB000173070F41D83DF91CF911F910F91FF904B
:10FBC000EF90DF90CF90BF90AF909F908F9008956F
:10FBD00088E18C8384CFCF93DF93C0915410D09170
:10FBE0005510209729F1609150107091511080911B
:10FBF0005210909153100F9475566E5F7F4F24975B
:10FC00006C177D07ACF47093D9056093D8050E94FA
:10FC1000607A605A75418F4F9F4F6093DA057093F9
:10FC2000DB058093DC059093DD05DF91CF9108958E
:10FC30001092DA051092DB051092DC051092DD05BA
:10FC4000F4CF1F920F920FB60F9211242F933F9370
:10FC50008F939F93AF93BF93809132079091330717
:10FC6000A0913407B09135073091310723E0230F7D
:10FC70002D3758F50196A11DB11D209331078093B2
:10FC8000320790933307A0933407B09335078091E0
:10FC9000360790913707A0913807B0913907019640
:10FCA000A11DB11D8093360790933707A0933807A5
:10FCB000B0933907BF91AF919F918F913F912F9151
:10FCC0000F900FBE0F901F90189526E8230F0296F5
:10FCD000A11DB11DD2CF8DE00E943E388AE00C9468
:10FCE0003E38CF93DF93EC018991882319F00E946D
:10FCF0003E38FACFDF91CF910895EF92FF920F93A4
:10FD00001F93CF93DF93CDB7DEB7E8970FB6F89484
:10FD1000DEBF0FBECDBF7A0122E48F3F09F024E59C
:10FD200080E289831A828E010F5F1F4FF8010190D4
:10FD30000020E9F7CF010197801B910B82339105D9
:10FD400010F5F801E80FF91F20838133910521F0A8
:10FD50008C0F9D1FFC011282F80101900020E9F731
:10FD6000CF010197801B910B8233910560F42AE348
:10FD7000F801E80FF91F20838133910521F08C0FE2
:10FD80009D1FFC011282FB0180819181A281B381C0
:10FD90008CAB9DABAEABBFAB82E088AFBE016C5C01
:10FDA0007F4FC8010E944AF8F80101900020E9F74E
:10FDB000CF010197801B910B8233910550F443E3EF
:10FDC00050E0481B590B64E27DE2800F911F0F94B5
:10FDD000154DF70180819181A281B3818CAB9DABE0
:10FDE000AEABBFAB82E088AFBE016C5C7F4FC80199
:10FDF0000E944AF8C8010E94717E62E070E080E0D3
:10FE000090E00E942D7AE8960FB6F894DEBF0FBE00
:10FE1000CDBFDF91CF911F910F91FF90EF9008958B
:10FE2000CF93DF93EB010E94B438CE010E94717E24
:10FE3000DF91CF910C947E3B80918C168823F1F05A
:10FE40002FEF3FEF309334022093330281508093A1
:10FE50008C16E7EBF6E1882351F08150990B2BE1EA
:10FE6000289FF001299FF00D1124E351F94E8BE1F9
:10FE7000A2EDB6E101900D928A95E1F780918C1682
:10FE8000811105C0909197169064909397160895EC
:10FE9000CF92DF92EF92FF928091971682FD04C07D
:10FEA0000E948133882319F1C0909316D090941644
:10FEB000E0909516F090961682EA9EE20E94B43881
:10FEC000C701B6010E94FEF58FE20E943E386091A4
:10FED0008F167091901680919116909192160E94B3
:10FEE000FEF5FF90EF90DF90CF900C946B7E81E950
:10FEF0009EE2FF90EF90DF90CF900C94B438809109
:10FF0000971684FF04C08460877F809397160895B6
:10FF1000CF92DF92EF92FF920F931F93CF93DF93D5
:10FF2000CDB7DEB7EDB6FEB6DC010D900020E9F7E7
:10FF30009D01281B390B285F3F4FEDB7FEB7E21B31
:10FF4000F30B0FB6F894FEBF0FBEEDBF0DB71EB793
:10FF50000F5F1F4F9F938F938BEB9DE29F938F9328
:10FF60001F930F930F94B54D6801F4E0CF0ED11C91
:10FF70000F900F900F900F900F900F90D6018D91D2
:10FF80006D01882349F0082E000C990B0F941B5823
:10FF9000F60131978083F2CF66EB7DE2C8010F94C2
:10FFA000F84CC8010E94BFCE0FB6F894FEBE0FBE3B
:10FFB000EDBEDF91CF911F910F91FF90EF90DF90F9
:10FFC000CF900895FC01938591FF02C080E00895D1
:10FFD000987121E0903109F020E08091971620FB84
:10FFE00085F980939716903141F08085873471F7B9
:10FFF00081E091859E3751F3089581E0FDCFFC01AA
:020000021000EC
:1000000020E03EE2DB014D91BD01403249F0283055
:1000100011F430833196DB0111974C914083319676
:100020002F5F2B3079F710820895EF92FF920F9394
:100030001F93CF93DF93CDB7DEB7A0970FB6F89499
:10004000DEBF0FBECDBF7C018B01BE016F5F7F4F56
:10005000C7010E9468F61816A4F4CE0101960E940A
:10006000E27F882391F3BE016F5F7F4F8FE59FE0B2
:100070000E94FF7F6FE57FE0C8010F943958892BFC
:1000800021F7A0960FB6F894DEBF0FBECDBFDF916B
:10009000CF911F910F91FF90EF900895CF92DF9233
:1000A000EF92FF92CF936B017C01C42F8091540F8C
:1000B0009091550FA091560FB091570F8C159D053B
:1000C000AE05BF0521F10E946774811107C080E071
:1000D000CF91FF90EF90DF90CF90089580915D0FCA
:1000E00090915E0FDC01ED91FC910088F189E02D8B
:1000F00024E53DE0B701A6011995882341F3C0929C
:10010000540FD092550FE092560FF092570F81E0A6
:10011000CC23F1F280935C0FDBCF4F925F926F9212
:100120007F928F929F92AF92BF92CF92DF92EF9287
:10013000FF920F931F93CF93DF93EC014230510551
:100140006105710590F480E0DF91CF911F910F91CF
:10015000FF90EF90DF90CF90BF90AF909F908F90E7
:100160007F906F905F904F90089589859A85AB85B9
:10017000BC850196A11DB11D84179507A607B70779
:1001800010F38F898031C9F5852E962EA72EBB24BA
:100190008B899C89AD89BE89880E991EAA1EBB1EBB
:1001A000280139016A017B0141E0C501B4010E94C7
:1001B0004E80882341F29F89903181F5DD24EE2421
:1001C000FF24F601EE0FFF1FEC5AF24F118300835C
:1001D0009A89923008F4B8CF4D815E816F8178851D
:1001E000840E951EA61EB71E8092580F9092590F2E
:1001F000A0925A0FB0925B0FA7CF803209F0A3CF25
:100200008B899C89AD89BE894A015B01E7E0B69480
:10021000A79497948794EA95D1F7BECFE894C7F84E
:10022000DD24EE24FF24F601EE0FFF1FEE0FFF1F6B
:10023000EC5AF24F4082518262827382C9CFCF92D0
:10024000DF92EF92FF920F931F93CF93DF93FC0106
:1002500081859285A385B4850196A11DB11D841762
:100260009507A607B70750F480E0DF91CF911F9163
:100270000F91FF90EF90DF90CF90089587898031A4
:10028000A9F5BB27A72F962F852FC388D488E5888B
:10029000F6888C0D9D1DAE1DBF1DE9016A017B0115
:1002A0008F014091540F5091550F6091560F7091EE
:1002B000570F84179507A607B70749F5F8018789EF
:1002C000803169F5B701A601552766277727440FC6
:1002D000551F4C5A524FFA0180819181B0E0A0E045
:1002E00088839983AA83BB8381E0BFCF803209F0E2
:1002F000BBCFC388D488E588F688DB01CA01C7E094
:10030000B695A79597958795CA95D1F7C2CF40E046
:10031000BC01CD010E944E808111D0CFA5CFB70185
:10032000A6014F77552766277727440F551F440F9F
:10033000551F4C5A524FFA0180819181A281B3819D
:10034000BF70CECF4F925F926F927F92AF92BF926B
:10035000CF92DF92EF92FF920F931F93CF93DF9391
:1003600000D01F92CDB7DEB78C0149835A836B83CF
:100370007C835901C12CD12C7601412C82E0582E6E
:10038000612C712C49815A816B817C819E012F5F88
:100390003F4FC8010E941F81882319F1F80185850C
:1003A000A301920104C0220F331F441F551F8A95D9
:1003B000D2F7DA01C901C80ED91EEA1EFB1E498117
:1003C0005A816B817C8187898031F1F481E0483FDB
:1003D0005F4F61057105B0F2F501C082D182E28202
:1003E000F3820F900F900F900F90DF91CF911F919C
:1003F0000F91FF90EF90DF90CF90BF90AF907F90E4
:100400006F905F904F90089581E0483F5F4F6F4F2E
:100410007F4008F4B7CFE0CF0F931F93CF93DF93C4
:10042000FC012381222331F080E0DF91CF911F91E5
:100430000F9108958B01EC01FB018789803139F51B
:1004400082E08B831D8A1E8A1F8A188E808D918D73
:10045000B0E0A0E025E0880F991FAA1FBB1F2A95D6
:10046000D1F7898B9A8BAB8BBC8B1A8F098F81E06C
:100470008983188619861A861B861C821D821E8215
:100480001F82188A1C861D861E861F86CECF80324C
:1004900059F683E08B83428D538D648D758D4D8B22
:1004A0005E8B6F8B788F9E012F5E3F4FC8010E943D
:1004B000A2818111DACFB8CF3F924F925F926F92B3
:1004C0007F928F929F92AF92BF92CF92DF92EF92E4
:1004D000FF920F931F93CF93DF93CDB7DEB72C9787
:1004E0000FB6F894DEBF0FBECDBF5C01DC0159969C
:1004F0008D909C90F40181859285A385B4859C01A3
:10050000AD012F5F3F4F4F4F5F4F29873A874B8792
:100510005C87D50114964D905D906D907C901797F7
:10052000411451046104710409F459C0BFEF4B1A1E
:100530005B0A6B0A7B0A312C730162011D821E82E9
:100540001F821886F40181859285A385B4852D814B
:100550003E814F815885281739074A075B0708F005
:1005600056C089859A85AB85BC858C159D05AE05E1
:10057000BF0550F482E0C82ED12CE12CF12C92E082
:10058000492E512C612C712C9E012F5F3F4FB701DA
:10059000A601C4010E941F818823C9F189819A8123
:1005A000AB81BC81892B8A2B8B2B01F12601370172
:1005B0009FEF491A590A690A790A2D813E814F81B4
:1005C00058852F5F3F4F4F4F5F4F2D833E834F83A3
:1005D00058873FEFC31AD30AE30AF30AB3CF408028
:1005E00051806280738033243394A6CFC414D50421
:1005F000E604F70411F70FEF1FEF2FEF3FE0B7010D
:10060000A601C4010E948D80782E81111AC0712C20
:10061000872D2C960FB6F894DEBF0FBECDBFDF91AD
:10062000CF911F910F91FF90EF90DF90CF90BF90EF
:10063000AF909F908F907F906F905F904F903F9082
:100640000895F501448155816681778141155105F1
:100650006105710539F097018601C4010E948D8002
:100660008823A9F2D5011496CD92DD92ED92FC92E9
:100670001797332051F0D701C6010196A11DB11D76
:10068000F40180839183A283B383F50185899689E0
:10069000A789B08D892B8A2B8B2B09F0B9CFC58AFE
:1006A000D68AE78AF08E818180688183B1CFCF932B
:1006B000DF93EC01462F41706C857D858E859F858B
:1006C0000E944E80882351F0888920E2829FC001D9
:1006D00011248C5A924FDF91CF91089590E080E0E1
:1006E000FACFCF93DF93EC018B81882349F1898185
:1006F00087FF22C061E0CE010E945783FC01892B55
:10070000F9F08081853EE1F08B81823040F4898967
:100710009A89AB89BC89848F958FA68FB78F8D8975
:100720009E89938F828F8D899E89AF89B88DB58B75
:10073000A48B89818F778983DF91CF910C94677423
:1007400081E0888380E0DF91CF9108958F929F921E
:10075000AF92BF92CF92DF92EF92FF920F931F93CF
:10076000CF93DF93EC018B8181110EC080E0DF918C
:10077000CF911F910F91FF90EF90DF90CF90BF909E
:10078000AF909F908F90089509891A892B893C8991
:10079000041715072607370748F34A015B01823023
:1007A00031F488869986AA86BB8681E0E0CF8114E1
:1007B0009104A104B10449F4188619861A861B868F
:1007C0001C821D821E821F82F0CF088519852A8512
:1007D0003B85E98DFA8D858590E00996B901A801E0
:1007E0004150510961097109082E04C07695679539
:1007F000579547950A94D2F775016401E1E0CE1A46
:10080000D108E108F10804C0F694E794D794C7949E
:100810008A95D2F7C416D506E606F70620F0012B16
:10082000022B032B11F58D899E89AF89B88D8C839E
:100830009D83AE83BF838E010C5F1F4FC114D10413
:10084000E104F10409F4ADCF4C815D816E817F81BB
:100850009801898D9A8D0E941F8191E0C91AD10853
:10086000E108F1088111EACF81CFC41AD50AE60A5E
:10087000F70AE1CF2F923F924F925F926F927F9251
:100880008F929F92AF92BF92CF92DF92EF92FF92A0
:100890000F931F93CF93DF9300D01F92CDB7DEB796
:1008A0008C014B011A01DC0113968C911397813056
:1008B00009F0CFC011968C9181FFCBC082FDB5C0ED
:1008C0006101D80118964D915D916D917C911B97B6
:1008D000C114D10409F41BC159968D919C915A976A
:1008E000FC0174802FEF270D2A013B0139E076943B
:1008F0006794579447943A95D1F7722E74207A01F1
:10090000F1E0FF22711020C0E114F104E9F4149623
:100910004D915D916D917C91179741155105610540
:10092000710509F09CC055968D919D910D90BC91DB
:10093000A02D0097A105B10509F0AAC0C8010E9429
:100940005C82882309F485C0A12C82E0B82EAE1801
:10095000BF08CA14DB0408F45601D80159964D911A
:100960005C915A9714968D919D910D90BC91A02DFC
:100970000297A109B109FA01258504C0880F991FC2
:10098000AA1FBB1F2A95D2F74685578560897189B2
:10099000840F951FA61FB71F9C01AD01270D311DA8
:1009A000411D511D29013A01A11432E0B30609F09D
:1009B0007DC08091540F9091550FA091560FB0912A
:1009C000570F481659066A067B0669F410925C0FA9
:1009D0008FEF9FEFDC018093540F9093550FA093FE
:1009E000560FB093570F80915D0F90915E0FDC0111
:1009F000ED91FC910288F389E02D9401B301A201ED
:100A00001995882331F1F80180859185A285B385F8
:100A10008A0D9B1DA11DB11D80879187A287B38779
:100A20008A0C9B1CCA18DB084CCFF80141895289FB
:100A30006389748980859185A285B3854817590794
:100A40006A077B0709F43CCFC8010E94A683811185
:100A500037CF81E0D8018C938FEF9FEF6EC09E015E
:100A60002F5F3F4F0E941F81882399F389819A81CC
:100A7000AB81BC81F801218D328DF90127892031AC
:100A800069F4883FFFEF9F07A105B10508F056CF35
:100A9000F80184839583A683B78356CF883F2FEFD1
:100AA0009207A2072FE0B20798F348CFE114F104B0
:100AB00031F5F80140855185628573858189928978
:100AC000A389B489481759076A077B07C0F00E94B9
:100AD0006774882309F4BDCF81E080935C0F409256
:100AE000540F5092550F6092560F7092570FA501F8
:100AF000B401C7018C5A924F0F94305884CF41E013
:100B0000C301B2010E944E808111F1CFA2CFF80142
:100B100081899289A389B48984179507A607B707A5
:100B200038F48181418B528B638B748B8068818315
:100B3000F801818183FD18C0C1010F900F900F90C3
:100B40000F90DF91CF911F910F91FF90EF90DF9069
:100B5000CF90BF90AF909F908F907F906F905F905D
:100B60004F903F902F900895C8010E94718381118A
:100B7000E3CF6FCF2F923F924F925F926F927F920F
:100B80008F929F92AF92BF92CF92DF92EF92FF929D
:100B90000F931F93CF93DF93EC014B017A018B816D
:100BA000811115C08FEF9FEFDF91CF911F910F91B2
:100BB000FF90EF90DF90CF90BF90AF909F908F907D
:100BC0007F906F905F904F903F902F900895898114
:100BD00080FFE8CF89899A89AB89BC894885598586
:100BE0006A857B85841B950BA60BB70BA70170E06C
:100BF00060E084179507A607B70708F47C01670132
:100C00001E0124E0220E311CC114D10409F4A9C034
:100C1000488559856A857B855A0181E0B822898D8E
:100C20009A8D2A013B0129E0769467945794479462
:100C30002A95D1F72B81FC01223081F5628D738DCD
:100C4000848D958D640D751D861D971D00E012E045
:100C50000A191B09C016D10608F486010115E2E045
:100C60001E0771F44090540F5090550F6090560F2E
:100C70007090570F641575058605970509F04EC0ED
:100C800040E00E944E80882309F48CCFB5016C5A55
:100C9000724FA801C4010F94305852C014811150F2
:100CA0001421A114B10471F411110CC0452B462B71
:100CB000472B51F58D899E89AF89B88D8C839D8393
:100CC000AE83BF83E98DFA8D4C805D806E807F801E
:100CD00022E0421A510861087108858504C0440C5D
:100CE000551C661C771C8A95D2F786859785A08946
:100CF000B189480E591E6A1E7B1EC301B201610FE5
:100D0000711D811D911DA2CF4C815D816E817F81FE
:100D100091010E941F818111D5CF44CFA0915D0F19
:100D2000B0915E0FED91FC9111970088F189E02D53
:100D30009401AB01BC01CD011995882309F432CF90
:100D4000800E911E88859985AA85BB85800F911F8D
:100D5000A11DB11D88879987AA87BB87C01AD10AB0
:100D600053CFC70121CFCF93DF93EB01FC01238148
:100D7000211104C080E0DF91CF91089522502230EC
:100D800028F48FE28883198281E0F5CF60E00E9429
:100D90005783009779F3DC0160E080E09EE22D91BB
:100DA000203299F0883031F49E01260F311DF9016F
:100DB00090836F5F9E01260F311DAD014150510997
:100DC000FA014081F90140836F5F8F5F8B3039F703
:100DD000FE01E60FF11D1082D7CFCF93DF93EC0118
:100DE000CB01E881F981608171810E94B3862881FD
:100DF0003981D901ED91FC91AA81BB818C919081BF
:100E0000992359F08936C8F4CF010196F9019183ED
:100E100080838C918F5F8C93EACF893670F48FE258
:100E20008083E881F981808191810196918380831B
:100E3000EA81FB8180818F5F8083DF91CF9108956C
:100E40000F931F93CF93DF9300D000D01F92CDB7A5
:100E5000DEB79C012F5F3F4F3F832E832FE2FC01C3
:100E6000208381E08D83CE0106969A838983019742
:100E70009C838B8310E00BE180918C16181758F43B
:100E8000109FB00111246351794ECE0101960E944A
:100E9000ED861F5FF1CF8D818B3558F46BEF77E1D5
:100EA000CE0101960E94ED868E819F8101979F83DE
:100EB0008E83EE81FF81108227960FB6F894DEBFF5
:100EC0000FBECDBFDF91CF911F910F910895CF93AA
:100ED000DF93EC010E9471831B82DF91CF91089513
:100EE0001092B909809197168F77809397160E9478
:100EF0007333882321F08BEF97E10C946787089573
:100F0000CF93C0919716C2FF1BC0C7FD19C00E94A6
:100F1000733380FBC7F9C0939716809197168F7E25
:100F20008064809397168FEF9FEF909334028093A5
:100F300033020E94E53884EA9DE2CF910C94B438E4
:100F40000E947087EACFCF93DF93809197168F7EB0
:100F5000809397168FEF9FEF909334028093330224
:100F60008091BA16882321F087EB96E10E9467876B
:100F70008091981690919916DC01ED91FC91019069
:100F8000F081E02D45E360E0199581110EC00E94CB
:100F9000E53888E99DE20E94B4388091971684FF75
:100FA0003EC0DF91CF910C945074C0919816D091AF
:100FB000991661E0CE010E94C5F881110BC060E076
:100FC000CE010E94C5F8811105C00E94DD3884E879
:100FD0009DE2E1CF60EF7FE087EB96E10E940C821B
:100FE000811105C00E94DD3883E79DE2D4CF809156
:100FF00097168061809397160E94E53887E69DE2F8
:101000000E94B4380E94CECE90E080E00E94DEF2D2
:101010001092500810924F0810924E08BECF809147
:10102000F409882341F041E061E087E59DE2DF912A
:10103000CF910C9495D8DF91CF91089540E050E086
:10104000BA010C94A6830F931F93CF93DF93CDB770
:10105000DEB7EB970FB6F894DEBF0FBECDBF809121
:10106000971684FF3CC0809133029091340297FF21
:1010700027C08BE1E2EDF6E1DE01919601900D9241
:101080008A95E1F7CE0181960E941E8810E000E06B
:10109000BE016F5F7F4FCE0181960E9468F61816E1
:1010A0003CF4CE0101960E94E27F080F111DF0CFA3
:1010B0001093340200933302CE0181960E94872E52
:1010C0008091330290913402EB960FB6F894DEBF14
:1010D0000FBECDBFDF91CF911F910F91089590E08A
:1010E00080E0F2CF0F931F93CF93DF93CDB7DEB79E
:1010F0006B970FB6F894DEBF0FBECDBF8C0182EDAB
:1011000096E10E941E888BE1E2EDF6E1DE01119688
:1011100001900D928A95E1F7B801CE0101960E94E7
:101120001580CE0101960E94872E6B960FB6F8941B
:10113000DEBF0FBECDBFDF91CF911F910F910895FC
:101140002F923F924F925F926F927F928F929F92D7
:10115000AF92BF92CF92DF92EF92FF920F931F93C5
:10116000CF93DF93CDB7DEB7C454D1090FB6F8944F
:10117000DEBF0FBECDBF7C014B015A01222E19826A
:101180001C821C8E1F8E6115710511F410E0B3C115
:10119000DC0113968C918111F9CFFA0180818B01CA
:1011A0008F32D1F4DB0113968C91139782508230E9
:1011B00060F059966D917C91CE014C960E940C8204
:1011C0008E01045E1F4F882309F3C5015C0101965F
:1011D000F50120812F32D1F39E012F5F3F4F69012E
:1011E000290130E2332E2496CFAE24972596DFAE28
:1011F00025973E013CE1630E711C22963FAE22977B
:1012000021963FAE21973FAE3EAE3DAE3CAE3BAEEB
:101210003AAE39AE38AE3FAA950190E047E0D90129
:101220008D91882361F18F3251F18E3239F44A3039
:1012300009F4ACCF98E04AE09D01F1CFE3E3FDE291
:101240002491222321F031968213FACF9FCF4917A0
:1012500008F49CCF813208F499CF8F3709F496CFE8
:101260003FE9380F3A3108F420EEE7E3F0E0EC0F05
:10127000FD1FE90FF11D820F80839F5FDDCF8FA9D6
:10128000803209F483CF5901D9018C912F5F3F4FF0
:101290008F32C9F38823A9F00815190519F0C80180
:1012A0000E94678724969FAD249725968FAD25973A
:1012B0004C145D0411F4962D872D8601C92ED82E6D
:1012C0009CCFF801818D928DD7015A969C938E9375
:1012D0005997C8010E941E88C12CF801808591850C
:1012E000A285B385418952896389748984179507DA
:1012F000A607B70708F053C025E0B695A7959795C0
:1013000087952A95D1F7F82FFF70DF2ED801139615
:101310008C91823008F43ACF41E050E0BE016E5B20
:101320007F4FC8010E94BA85019709F02FCFF801BD
:1013300080859185A285B3854F96A11DB11D8087BB
:101340009187A287B387F0E2DF9EB00111246C5A27
:10135000724F6115710509F419CFDB018C91882357
:1013600041F0853E09F04DC0CC2029F0CC24C39437
:10137000B4CFC1100EC08091540F9091550FA09121
:10138000560FB091570FF70184879587A687B787C7
:10139000D08ADB018C918111E9CFCC24C394822DBA
:1013A0008274823409F0F2CECC2009F4C7C0F70170
:1013B000D08861E0C7010E945783009709F4E6CE08
:1013C00020E2DC011D922A95E9F72BE0FE01F79659
:1013D000DC0101900D922A95E1F721E238E2FC014F
:1013E000318B208B40E058E057874687338B228B28
:1013F000318F208F578B468B0E94677481110AC0F2
:10140000C5CE4BE050E0CE01C7960F942358892BF0
:1014100009F063CF2D2D30E0F901B5E0EE0FFF1F8D
:10142000BA95E1F7DF01AC5AB24F1B968C918171EE
:1014300021F0822D827109F020C1D70159968D913A
:101440009C915A974091540F5091550F6091560FAF
:101450007091570F1C964D935D936D937C931F97DE
:101460005096DC925097EC5AF24F84889588B12CB4
:10147000A12C54019924882455968D929D92AD9269
:10148000BC925897428D538D70E060E048295929ED
:101490006A297B2955964D935D936D937C9358975C
:1014A000A5E0220F331FAA95E1F7D901AC5AB24F3C
:1014B0001B962C91287109F0D2C0848D958DA68D34
:1014C000B78DF701818B928BA38BB48B81E08383E3
:1014D000822D8F70F7018183148215821682178204
:1014E000108611861286138611E024FE04C0C701FF
:1014F0000E94B6F7182FCE014C960E94872ECE017F
:1015000001960E94872E812FCC5BDF4F0FB6F89497
:10151000DEBF0FBECDBFDF91CF911F910F91FF9026
:10152000EF90DF90CF90BF90AF909F908F907F9083
:101530006F905F904F903F902F900895D801139631
:101540008C911397823009F421CE51968D919D9103
:101550000D90BC91A02D803E9F4FAF41B10508F08A
:1015600015CEC8010E945C82882309F40FCE0E9428
:101570006774882309F40ACED8015996ED91FC913D
:101580005A9714968D909D90AD90BC901797B2E0AD
:101590008B1A9108A108B108858504C0880C991C94
:1015A000AA1CBB1C8A95D2F786859785A089B1892C
:1015B000880E991EAA1EBB1E81E080935C0F80924C
:1015C000540F9092550FA092560FB092570FE4E52A
:1015D000FDE080E092E0DF019C011D92215030404F
:1015E000E1F7DD24D394D8015996ED91FC918481E3
:1015F000D816C0F480915D0F90915E0FDC01ED91E3
:10160000FC910288F389E02D24E53DE0B501A401B9
:101610004D0D511D611D711D1995882309F4B6CD1D
:10162000D394E1CF258580E092E0A0E0B0E004C053
:10163000880F991FAA1FBB1F2A95D2F7F80141896D
:10164000528963897489840F951FA61FB71F818BE8
:10165000928BA38BB48B84E59DE0D12CB1CE20314D
:1016600061F497012F5E3F4F0E94A281882329F0E9
:1016700084E0D70113968C932BCFD70113961C923D
:1016800085CD1F93CF93DF93CDB7DEB76D970FB6A0
:10169000F894DEBF0FBECDBF1D8E1C8EAC01BE0107
:1016A000645E7F4F80E00E9414FA10E00097A9F07A
:1016B00019821C826C8D7D8D21E0AC01CE010196DA
:1016C0000E94A088182F882321F0CE0101960E9445
:1016D0006787CE0101960E94872E812F6D960FB6E7
:1016E000F894DEBF0FBECDBFDF91CF911F9108955B
:1016F000EF92FF921F93CF93DF9300D000D000D0E2
:101700001F92CDB7DEB78091971684FF0E94A38702
:101710008091971684FF3CC00E94752E811138C0BD
:1017200080918D1690E08F969F938F938FED9EE220
:101730009F938F93CE0101967C019F938F930F947B
:10174000B54D809197160F900F900F900F900F90BE
:101750000F9084FF1DC0C7010E94418B182F882362
:10176000B9F00E945074C7010E94887F80918D1645
:101770008F5F80938D16812F2A960FB6F894DEBF67
:101780000FBECDBFDF91CF911F91FF90EF900895D5
:1017900010928D1610E0EFCFCF9321E04AEB52E08C
:1017A00067EB76E18CE996E10E94A088C82F882338
:1017B00021F08CE996E10E9467878C2FCF910895E4
:1017C0002F923F924F925F926F927F928F929F9251
:1017D000AF92BF92CF92DF92EF92FF920F931F933F
:1017E000CF93DF93CDB7DEB7CA55D1090FB6F894C2
:1017F000DEBF0FBECDBF4C017B01542E69012DB75A
:101800003EB76B963FAF2EAF6B97342F3170432EA0
:10181000BE016F5F7F4FC4010E9468F618160CF07E
:10182000CAC08C858871803109F0E8C06DB67EB67B
:1018300010E000E0E114F10439F0F701019000201C
:10184000E9F78F010E191F09C8010D962DB73EB794
:10185000281B390B0FB6F8943EBF0FBE2DBF8DB7B6
:101860009EB701965C01080F191FE114F10439F0CD
:10187000B7010F9462588FE2F80131978083BE015F
:101880006F5F7F4FC8010E94FF7F19A21CA221E059
:10189000A801B401CE0181960E94A088882309F492
:1018A0007AC0442009F461C0EDB7FEB76996FFAF76
:1018B000EEAF699710E000E0C114D10439F0F601F1
:1018C00001900020E9F78F010C191D09ECE6FFE0FB
:1018D00001900020E9F7CF01800F911F8C569F40A7
:1018E0002DB73EB7281B390B0FB6F8943EBF0FBE7D
:1018F0002DBF8DB79EB701961C01080F191FC1148B
:10190000D10439F0B6010F9462588FE2F801319793
:1019100080836CE67FE0C8010F9462588BE1FE0182
:10192000B196DE01DC9601900D928A95E1F7910166
:10193000452DB501CE01CC960E94E08BCE01CC9610
:101940000E94872E6996EEADFFAD69970FB6F894A9
:10195000FEBF0FBEEDBFCE0181960E94872E0FB64F
:10196000F8947EBE0FBE6DBE53CF8BE1FE01B196E3
:10197000DE01DC9601900D928A95E1F730E020E0DF
:10198000452DB501CE01CC960E94E08BCE01CC96C0
:101990000E94872EE0CF0E94E538B80183E49DE2E3
:1019A0000E94107FCE0181960E94872E0FB6F89478
:1019B0007EBE0FBE6DBE6B962EAD3FAD6B970FB664
:1019C000F8943EBF0FBE2DBFC65ADF4F0FB6F89436
:1019D000DEBF0FBECDBFDF91CF911F910F91FF9062
:1019E000EF90DF90CF90BF90AF909F908F907F90BF
:1019F0006F905F904F903F902F900895CE01019689
:101A00000E94E27F882309F403CFE114F10431F04E
:101A1000C7010E94717E8FE20E943E38BE016F5F57
:101A20007F4F8FE59FE00E94FF7F0E94717E80E2E2
:101A30000E943E386D8D7E8D8F8D98A10E94FEF59F
:101A40004420A1F080E20E943E38C114D10431F05C
:101A5000C6010E94717E8FE20E943E3880916C0F19
:101A6000811107C08FE59FE00E94717E0E947E3B3E
:101A7000CFCE8CE69FE0F8CFDF92EF92FF920F93EC
:101A80001F93CF93DF93CDB7DEB7C157D1090FB600
:101A9000F894DEBF0FBECDBFF82E8E010A591F4F3E
:101AA0006091541070915510072E000C880B990B03
:101AB0000F94254EF8016083718382839383809114
:101AC000501090915110A0915210B09153108983F1
:101AD0009A83AB83BC83A801BE016F5F7F4F80E810
:101AE0000E947D7E6091281070912910072E000CB5
:101AF000880B990B0F94254EF801608371838283C4
:101B000093838091241090912510A0912610B0917C
:101B1000271089839A83AB83BC83A801BE016F5FC2
:101B20007F4F8FEF0E947D7EFFEFE0902A10FF161F
:101B300041F08F2D9CE28902F0011124E45BFF4EFD
:101B4000E284F12C45E650E067E27DE2CE010196A9
:101B50000F94154DFF92EF928CEFE82E83E0F82E54
:101B6000FF92EF921F930F930F948258B801CE010A
:101B700001960E943D79D0902A106EEC73E0CE0160
:101B800001960E943D791F92DF92FF92EF921F9380
:101B90000F930F948258B801CE0101960E943D79AF
:101BA000CE0101960E94717E0FB6F894DEBF0FBE83
:101BB000CDBFCF58DF4F0FB6F894DEBF0FBECDBFFD
:101BC000DF91CF911F910F91FF90EF90DF900895DB
:101BD0002F923F924F925F926F927F928F929F923D
:101BE000AF92BF92CF92DF92EF92FF920F931F932B
:101BF000CF93DF93CDB7DEB7AB970FB6F894DEBFC8
:101C00000FBECDBF8AA76BA781E080932C021B8EED
:101C10001C8E1D8E1E8E1AA21BA21CA21DA21EA20D
:101C20002CE32FA33CE138A746E449A71E8A1F8A6C
:101C300050E8588F8FEB898F1A8E91E099A3812CF1
:101C4000912C5401DE0111961D01609128107091B4
:101C50002910072E000C880B990B0F94254E7B0141
:101C60008C012E893F89488D598D0F941E4E8823F3
:101C7000B9F02091241030912510409126105091F8
:101C80002710BAA5B701C801B111F5C00F941E4EB7
:101C9000881F8827881F8A8FEE8AFF8A088F198FEE
:101CA0000E94607A6B017C01DC01CB012AA13BA17F
:101CB0004CA15DA1821B930BA40BB50BB7FD35C0E6
:101CC000D701C60188519C4FAF4FBF4F8AA39BA33A
:101CD000ACA3BDA380E00E943C8D45E150E06FE2E3
:101CE0007DE2C1010F94154D1D8A81149104A10458
:101CF000B10409F4ECC0C501B40168577C4E8F4FA4
:101D00009F4F6C197D098E099F0928EE33E040E052
:101D100050E00F946254BA01A901C1010E94F77802
:101D2000C1010E94717E0E947E3B80E00E94974A22
:101D30000E94607A6093DA0A7093DB0A8093DC0A6F
:101D40009093DD0AB0912410BF8FE0912510E8A395
:101D500000912610109127102B2F3E2FA8016E897D
:101D60007F89888D998D0F9408552B013C0120E0C7
:101D700030E0A9010F94695787FF04C077FA709487
:101D800077F8709481149104A104B10409F0BDC0E6
:101D900020E030E040E050E4C301B2010F941E4E59
:101DA00087FF10C0F9A1812C912C5401FF2331F041
:101DB00082E8882E86E0982EA12CB12C8C0C9D1CDC
:101DC000AE1CBF1C2A8D2223A9F18B8D9C8DAD8D5D
:101DD000BE8D892B8A2B8B2B61F0D701C6012B8DF1
:101DE0003C8D4D8D5E8D821B930BA40BB50BB7FD07
:101DF00021C02F8D38A1A8016EA17FA188A599A52A
:101E00000F94085520E030E040E85FE30F941E4E49
:101E100087FD35C0D701C601805A9541AF4FBF4FEE
:101E20008B8F9C8FAD8FBE8F9F8D9EA3A8A1AFA3DC
:101E300008A719A7BBA5BB2339F080912E071092E4
:101E40002E07811110922C0280912C028823B9F068
:101E500081149104A104B10461F0E8E8CE1AE3E131
:101E6000DE0AE108F108C818D908EA08FB08F7FEFD
:101E700006C019A2EACE0F941E4E87FF22C0109111
:101E80002C02112321F010922C020F94C500812FF7
:101E9000AB960FB6F894DEBF0FBECDBFDF91CF91EA
:101EA0001F910F91FF90EF90DF90CF90BF90AF9078
:101EB0009F908F907F906F905F904F903F902F906A
:101EC0000895EE8AFF8A088F198F1A8EE9CED10104
:101ED0000D900020E9F7CD01019782199309843113
:101EE000910508F01DCFF101E80FF91FBFE3B083A2
:101EF0008331910509F414CFE2E0F0E0EC0FFD1F0F
:101F00008E0F9F1FDC011C920BCF20E030E040E4DD
:101F100050E4C301B2010F94695718160CF052CF68
:101F2000460157014FCF2F923F924F925F926F928F
:101F30007F928F929F92AF92BF92CF92DF92EF9259
:101F4000FF920F931F93CF93DF93CDB7DEB7AD977B
:101F50000FB6F894DEBF0FBECDBF8BA76CA74DA701
:101F600020911F022AA710921F0281E080932C0269
:101F70001B8E1C8E1D8E1E8E1AA21BA21CA21DA2C1
:101F80001EA23CE33FA34CE148A756E459A71E8A92
:101F90001F8A80E8888F9FEB998F1A8EA1E0A9A3F2
:101FA000812C912C5401FE0131961F016091541037
:101FB00070915510072E000C880B990B0F94254E2D
:101FC0007B018C012E893F89488D598D0F941E4EBF
:101FD0008823B9F020915010309151104091521047
:101FE00050915310FCA5B701C801F111F5C00F9431
:101FF0001E4E881F8827881F8A8FEE8AFF8A088FC7
:10200000198F0E94607A6B017C01DC01CB012AA14F
:102010003BA14CA15DA1821B930BA40BB50BB7FD9B
:1020200035C0D701C60188519C4FAF4FBF4F8AA31F
:102030009BA3ACA3BDA38BA50E943C8D45E150E0C2
:102040006BE27DE2C1010F94154D1D8A811491044C
:10205000A104B10409F4EFC0C501B4016053784F85
:102060008F4F9F4F6C197D098E099F0928EE33E031
:1020700040E050E00F946254BA01A901C1010E94EE
:10208000F778C1010E94717E0E947E3B80E00E9431
:10209000974A0E94607A6093DA0A7093DB0A809311
:1020A000DC0A9093DD0AB0915010BF8FE09151107F
:1020B000E8A300915210109153102B2F3E2FA8012E
:1020C0006E897F89888D998D0F9408552B013C016D
:1020D00020E030E0A9010F94695787FF04C077FA28
:1020E000709477F8709481149104A104B10409F0FC
:1020F000C0C020E030E040E85FE3C301B2010F94CC
:102100001E4E87FF10C0F9A1812C912C5401FF2392
:1021100031F08AE9882E82E0982EA12CB12C8C0C0B
:102120009D1CAE1CBF1C2A8D2223A9F18B8D9C8D7A
:10213000AD8DBE8D892B8A2B8B2B61F0D701C6010B
:102140002B8D3C8D4D8D5E8D821B930BA40BB50B9F
:10215000B7FD21C02F8D38A1A8016EA17FA188A550
:1021600099A50F94085520E030E040EC5FE30F9410
:102170001E4E87FD35C0D701C601805A9541AF4F2D
:10218000BF4F8B8F9C8FAD8FBE8F9F8D9EA3A8A1BD
:10219000AFA308A719A7BDA5BB2339F080912E07CF
:1021A00010922E07811110922C0280912C0288230C
:1021B000B9F081149104A104B10461F0E0EDCE1AEC
:1021C000E7E0DE0AE108F108C818D908EA08FB08C8
:1021D000F7FE06C019A2EACE0F941E4E87FF25C057
:1021E00010912C02112321F010922C020F94C500A3
:1021F000FAA5F0931F02812FAD960FB6F894DEBFBB
:102200000FBECDBFDF91CF911F910F91FF90EF9047
:10221000DF90CF90BF90AF909F908F907F906F9006
:102220005F904F903F902F900895EE8AFF8A088F1D
:10223000198F1A8EE6CED1010D900020E9F7CD015D
:102240000197821993098431910508F01ACFF101A1
:10225000E80FF91FBFE3B0838331910509F411CF73
:10226000E2E0F0E0EC0FFD1F8E0F9F1FDC011C92DF
:1022700008CF20E030E040E450E4C301B2010F9405
:10228000695718160CF04FCF460157014CCF80917B
:1022900016028F3708F44EC08F57909156109093C6
:1022A0002D07992309F444C02C9A20912A102093D9
:1022B0002C0790910201211190959072909300014A
:1022C0002091D70530E03595279520932B079091E5
:1022D0000201232B09F090959074909300018F5F79
:1022E0008093160280912A0791E0892780932A071C
:1022F00080911502980F85300CF090E0823009F43F
:102300007AC06CF5882309F440C0813009F467C0B5
:10231000909315020E94A0C7809100099091010935
:10232000009729F00197909301098093000908957F
:102330002C98BBCF90912D07891708F02C9890917D
:102340002C07891728F09091020190729093000158
:1023500090912B07891718F290910201BDCF84301C
:1023600009F461C00CF45AC0853091F62091290718
:10237000211102C080932907809129078150809301
:102380002907882329F295E0C3CF809114028F5F3B
:1023900080311CF480931402BBCF10921402809100
:1023A0002807811113C020914C1030914D103093AB
:1023B0004F1020934E102091201030912110309317
:1023C00023102093221081E08093280710924D1053
:1023D00010924C10109221101092201099CF88E08A
:1023E00080937B0085E480937C0080917A008064F8
:1023F00080937A008DCF80917A0086FD27C040912E
:1024000078005091790020914C1030914D10240F9C
:10241000351F30934D1020934C107ACF88E0809375
:102420007B0086E4E0CF80917A0086FD11C0409168
:102430007800509179002091201030912110240FC4
:10244000351F309321102093201062CF92E060CF8F
:1024500094E05ECF0F930FB70F9300916E000D7F46
:1024600000936E0078940F930BB70F930CB70F92F5
:102470001F922F933F934F935F936F937F938F930D
:102480009F93AF93BF93EF93FF9311240E944791C3
:10249000FF91EF91BF91AF919F918F917F916F913C
:1024A0005F914F913F912F911F900F900CBF0F9113
:1024B0000BBF0F910260F89400936E000F910FBF55
:1024C0000F911895209154103091551026353105F3
:1024D0003CF420912810309129102630310524F049
:1024E000882341F00C949933662321F00E949B339A
:1024F0000D94C5000895CF93DF9310921F02CCE492
:10250000D0E1198618860E94EB7D1A862C98C0E2CD
:10251000D0E1198618860E94FC2E1A86809102014D
:10252000807280930001DF91CF910895CF92DF9266
:10253000EF92FF920F931F93CF93DF93CDB7DEB748
:102540002C970FB6F894DEBF0FBECDBF182F6B01CE
:102550007A018091F409833088F00E94E138C60145
:102560000E94B43882ED9BE20E94B4381F3F49F5C7
:102570008EEC9BE20E94B4380E947E3B0E947B92CC
:10258000A89580910E0781114BC081E080930E07C2
:1025900082E08093F4090E947B9205E10150F9F0FA
:1025A000A895409A69E170E080E090E00E942D7A61
:1025B000409860E570E080E090E00E942D7AA89558
:1025C000EDCF17FDD9CF85E40E943E38612F012E53
:1025D000000C770B880B990B0E9489F8CDCF409A9D
:1025E00087E00E94B2F0811111C08CE0E7E9F2E0CF
:1025F000DE01119601900D928A95E1F7BE016F5FA1
:102600007F4F80E00E941FCC0E9418BA67EC7BE2EB
:102610001F3F11F06BEC7BE240E0C7010E944E418E
:102620002C960FB6F894DEBF0FBECDBFDF91CF91D1
:102630001F910F91FF90EF90DF90CF9008953F9200
:102640004F925F926F927F928F929F92AF92BF92C2
:10265000CF92DF92EF92FF920F931F93CF93DF936E
:10266000EC015B014A01322E81E090E02FEF32163F
:1026700011F090E080E025E0289FF001299FF00D07
:102680001124E653F64F8481882309F476C01C8216
:102690001D821E821F8218868C818230A9F08330B1
:1026A00009F4E5C0813009F0C4C02D813E814F811D
:1026B0005885F50160817181828193810F941E4E4E
:1026C00087FDB7C082E08C83F50120813181428192
:1026D00053816D817E818F8198850F9408554B01C0
:1026E0005C0180911302882309F48AC0311088C0EC
:1026F0008091A30A882309F465C020E030E040E817
:102700005EE3C701B6010F94844EA50194010F94B6
:10271000695787FF57C023E830EC4AEA5EE3C701F8
:10272000B6010F94844EA50194010F94695720E6D9
:10273000722E87FF49C020E030E040E05FE3C70130
:10274000B6010F94844EA50194010F94695790E44B
:10275000792E87FF39C02DEC3CEC4CE45FE3C701D8
:10276000B6010F94844EA50194010F946957712C02
:1027700087FD2AC080E2782E27C0F4014080518076
:1027800062807380A30192016D817E818F81988523
:102790000F941E4E882309F47FCF4D825E826F8294
:1027A00078867724739420E030E0A901F4016081F9
:1027B0007181828193810F94695718160CF0712CE6
:1027C0007C826ACF30E8732E8091020981FF16C0A7
:1027D00060901202962D9078872D8078891771F07D
:1027E0008EE09DE20E94B43867FC04C08BE09DE25D
:1027F0000E94B4388FEF9CE20E94B43870921202AB
:102800000E94607A2B013C01A7019601C501B40129
:102810000F941E4E1816FCF09801A8EEB3E00F942A
:10282000B654460E571E681E791E488259826A8227
:102830007B82DF91CF911F910F91FF90EF90DF90FE
:10284000CF90BF90AF909F908F907F906F905F9050
:102850004F903F90089588819981AA81BB81481A41
:10286000590A6A0A7B0A77FCE4CF83E08C834FED38
:102870005CE26FEE7CE2832DDF91CF911F910F918F
:10288000FF90EF90DF90CF90BF90AF909F908F9090
:102890007F906F905F904F903F900C94969240EF96
:1028A0005BE26DEF7BE20C949692CF93DF93A89559
:1028B00080914E1090914F100F944D0160935010E5
:1028C0007093511080935210909353108091221066
:1028D000909123100E94AD76609324107093251080
:1028E0008093261090932710C0914E10D0914F10D6
:1028F0008091260290912702C817D90718F480E02A
:102900000E944F94809154109091551018161906FA
:1029100074F480912402909125028C179D0738F45D
:1029200040EC5CE26DEC7CE280E00E9496922091AB
:10293000220230912302809122109091231082175D
:10294000930718F48FEF0E944F9480912810909174
:10295000291018161906A4F42091200230912102A2
:1029600080912210909123102817390748F440ECE9
:102970005CE26DEC7CE28FEFDF91CF910C9496924C
:10298000DF91CF9108958F929F92AF92BF92CF9295
:10299000DF92EF92FF920F931F93CF93DF9300D0BC
:1029A0001F92CDB7DEB78091F409811112C0A895AE
:1029B0000F900F900F900F90DF91CF911F910F917B
:1029C000FF90EF90DF90CF90BF90AF909F908F904F
:1029D0000895809127078111EBCF81E0809327072D
:1029E0008091D605882339F041E070E060E082E311
:1029F0009CE20E944E418091D505882359F01092A7
:102A0000D5050E945ABF0E9418BA8EEF0E94D0C509
:102A10000E945CC68091D405882359F01092D40599
:102A2000809197168068809397168DE29CE20E94B1
:102A30005CF080912807811103C010922707B8CF5E
:102A40000E945594109228070E94607A4B015C0105
:102A500060912A0270912B02072E000C880B990BB3
:102A60000F94254E9B01AC01609150107091511054
:102A700080915210909153100F94695718161CF4BE
:102A800080E00E944F948091CE09811119C08091FD
:102A9000CA099091CB09A091CC09B091CD090097BA
:102AA000A105B10569F0A5019401281B390B4A0B5A
:102AB0005B0BDA01C901B7FD03C081E08093CE0949
:102AC0006091541070915510072E000C880B990BD3
:102AD0000F94254E69837A838B839C83C12CD12CE0
:102AE00030E2E32E31E4F32E0CE310E020E0AE01FF
:102AF0004F5F5F4F60E570E18EE090E10E941F93B1
:102B0000C0905010D0905110E0905210F09053109F
:102B10006091280270912902072E000C880B990BF6
:102B20000F94254E9B01AC01C701B6010F94695764
:102B300018160CF0F9C060912A0270912B02072E32
:102B4000000C880B990B0F94254E9B01AC01C7011B
:102B5000B6010F941E4E87FFE7C08091CE09909179
:102B60001F07911109C02CE430E130931E07209318
:102B70001D0791E090931F078111D2C08DE197E06E
:102B80000E9436750F94755675956795609356102B
:102B90008091DA059091DB05A091DC05B091DD050F
:102BA0000097A105B105F1F0A5019401281B390B8F
:102BB0004A0B5B0BDA01C901B7FD14C060915010DC
:102BC0007091511080915210909153100F9475563E
:102BD0002091D8053091D905621773070CF4A6C06F
:102BE0000E94EB7D8091190790911A07A0911B0715
:102BF000B0911C07A5019401281B390B4A0B5B0BF4
:102C0000DA01C901B7FD10C0D501C4018C53964F3C
:102C1000AF4FBF4F8093190790931A07A0931B07DC
:102C2000B0931C070E943D7720E030E046E153E47A
:102C3000609124107091251080912610909127109A
:102C40000F94695718161CF48FEF0E944F948091CF
:102C5000D0059091D105A091D205B091D3050097F0
:102C6000A105B105F1F0A5019401281B390B4A0B10
:102C70005B0BDA01C901B7FD14C06091241070919B
:102C8000251080912610909127100F947556209151
:102C9000CE053091CF05621773070CF44FC00E9428
:102CA000FC2E8091D309811115C08091CF0990919C
:102CB000D009A091D109B091D2090097A105B10521
:102CC00049F0881A990AAA0ABB0AB7FC03C081E036
:102CD0008093D3096091281070912910072E000C61
:102CE000880B990B0F94254E69837A838B839C8381
:102CF000C12CD12CE12C90E4F92E02E310E02FEF4F
:102D0000AE014F5F5F4F64E270E187E190E10E94A6
:102D10001F938091D3098823D9F110922A108DCE68
:102D200060E070E0CB012ECF60E030CF4FE05CE29E
:102D30006EE17CE280E00E94969254CF4FE05CE22C
:102D40006EE17CE28FEF0E949692ABCF20E030E004
:102D500046E153E4C701B6010F941E4E181654F114
:102D600080911107811109C080E290E190931007D2
:102D700080930F0781E0809311078FE097E00E9416
:102D800036750F9475567595679560932A1055CED4
:102D9000C0902410D0902510E0902610F0902710BD
:102DA00020E030E040EA50E4C701B6010F946957D3
:102DB00087FFCCCF60E0E9CF2F923F924F925F9296
:102DC0006F927F928F929F92AF92BF92CF92DF923B
:102DD000EF92FF920F931F93CF93DF93CDB7DEB7A0
:102DE000CA55D1090FB6F894DEBF0FBECDBF7C0126
:102DF000162F4FAF25962FAF25970E94607A6B87CD
:102E00007C878D879E871F3F09F045C024EB30E00B
:102E10003A8329838B859C85AD85BE858C53964FDF
:102E2000AF4FBF4F8093190790931A07A0931B07CA
:102E3000B0931C070F947D1B1F3F09F0AAC33DE808
:102E4000E316F1040CF423C289EB9BE20E94B43830
:102E50008AE99BE20E94B4380F947D1B83E79BE2D2
:102E6000C65ADF4F0FB6F894DEBF0FBECDBFDF915D
:102E7000CF911F910F91FF90EF90DF90CF90BF9077
:102E8000AF909F908F907F906F905F904F903F900A
:102E90002F900C9440414CE350E05A834983BACFC1
:102EA0000E94E5DB2D966CAD7DAD8EAD9FAD2D976F
:102EB0000F94254E232D302F67964FAD679766965A
:102EC0005FAD66970F941E4E87FF47C08BED9AE269
:102ED0000E94B4388CEB9AE20E94B4380F947D1BA8
:102EE00083E79BE20E94404110922C020E947B9259
:102EF00091C130905010009151105091521067962E
:102F00005FAF67978091531066968FAF6697BAC28E
:102F10002496EEADFFAD249780832AC3FBEE4F2E9F
:102F2000512C612C712CB0C384E190E0A0E0B0E0A2
:102F30008B8B9C8BAD8BBE8BE4E14E2E512C612C88
:102F4000712CB2C34B8A5C8A6D8A7E8AADC324968B
:102F5000EEADFFAD2497808389C4D701C6012AA9AD
:102F60003BA94CA95DA9821B930BA40BB50BB7FD24
:102F70005CC0812F17FD80E00E943C8D0E947E3B4B
:102F8000D701C6018053984FAF4FBF4F8AAB9BAB61
:102F9000ACABBDAB9DA5911196C02EA93FA948AD84
:102FA00059AD632D702F67968FAD679766969FAD6D
:102FB00066970F94695718160CF071C020E030E046
:102FC00040E050E4632D702F67968FAD679766964B
:102FD0009FAD66970F9409556EAB7FAB88AF99AFE5
:102FE0002EA53FA548A959A92C0D3D1D4E1D5F1DBD
:102FF0002AAF3BAF4CAF5DAF65966CAD7DAD8EAD8E
:103000009FAD65970F94254E9B01AC0181E08DA784
:10301000632D702F67968FAD679766969FAD669705
:103020000F94695718160CF01DA68B859C85AD85ED
:10303000BE856B968CAF9DAFAEAFBFAF6B972F8940
:10304000388D498D5A8D281739074A075B0730F4A8
:103050006B962CAF3DAF4EAF5FAF6B976B968CAD61
:103060009DADAEADBFAD6B97C81AD90AEA0AFB0A8F
:1030700091E8C9169FE4D90692E1E906F104E8F166
:103080000F947D1B82EA9AE20E94404185E99AE210
:103090000E94B43883E89AE20E94B43825CFD70161
:1030A000C6012AAD3BAD4CAD5DAD821B930BA40BAD
:1030B000B50B4FE05CE26EE17CE2B7FDB6CF812F4D
:1030C0000E949692B2CF61966CAD7DAD8EAD9FADF4
:1030D00061970F94254E232D302F67964FAD67973C
:1030E00066965FAD66970F94695718160CF09DCFE2
:1030F0004FED5CE26FEE7CE2E2CF2296AEADBFAD6B
:103100002297E985FA85AE17BF070CF073C1339794
:103110000CF470C186E79AE20E94B43885E29AE224
:103120000E94B43885E19AE20E9440411F3F09F0B5
:1031300090C025E03AE23A83298383EF99E20E9426
:10314000B43889819A810E94B4384D815E816F8143
:10315000788581E19AE20E94CC380E947E3B83EF21
:1031600099E20E94B43889819A810E94B43848A1BA
:1031700059A16AA17BA18DE09AE20E94CC380E94FD
:103180007E3B83EF99E20E94B43889819A810E9444
:10319000B438B501A40189E09AE20E94CC380E94BB
:1031A0007E3B25965FAD25975523A1F121E732EBB4
:1031B00047E25EE368A179A18AA19BA10F94844EA6
:1031C0006B017C0121E732EB47E25EE3C501B4010C
:1031D0000F9403562D813E814F8158851F3FF1F199
:1031E00020936C1030936D1040936E1050936F10BD
:1031F000C0927010D0927110E0927210F092731021
:10320000609374107093751080937610909377107C
:103210000E9431270F947D1B81E080931302C65AD0
:10322000DF4F0FB6F894DEBF0FBECDBFDF91CF9159
:103230001F910F91FF90EF90DF90CF90BF90AF90D4
:103240009F908F907F906F905F904F903F902F90C6
:10325000089544E05AE25A8349836FCF2093401087
:10326000309341104093421050934310C092441049
:10327000D0924510E0924610F092471060934810AB
:103280007093491080934A1090934B10C3CF86E6F9
:103290009BE20E94B4388EE59BE20E94B4380E9403
:1032A0007B928FE780932A1029813A81A8EEB3E0C0
:1032B0000F94B6546EA77FA788AB99AB2B853C853E
:1032C0004D855E85260F371F481F591F2AAF3BAF1C
:1032D0004CAF5DAF1092130283E59BE20F94DD01CA
:1032E00081E080932C028B859C85AD85BE858AAB61
:1032F0009BABACABBDAB8F8B988FA98FBA8F812C5A
:10330000912C540188A299A2AAA2BBA28D829E826E
:10331000AF82B8862FE730E040E050E02B8B3C8B4B
:103320004D8B5E8B198230E43F874CE14E8F56E423
:103330005F8F212C1B8E1C8E1D8E3FE7432E512C40
:10334000612C712C1DA68EAA9FAAA8AEB9AE19A693
:103350001AA61BA61CA681E088A71A861986312CFE
:1033600000E067961FAE679766961FAE6697970157
:103370000F2C000C440B550B29962CAF3DAF4EAFD4
:103380005FAF29974FAD042E000C550B22965FAF0F
:103390004EAF22975CE21502C0011124DC01AA5A4B
:1033A000BF4E2496BFAFAEAF2497C7014E969C0187
:1033B000092E000C440B550B2D962CAF3DAF4EAF94
:1033C0005FAF2D97CC979C01990F440B550B6196DD
:1033D0002CAF3DAF4EAF5FAF619736E0E31AF10817
:1033E000C701FF0CAA0BBB0B65968CAF9DAFAEAFB0
:1033F000BFAF659780912C02882309F475CD0E9498
:10340000607A6B017C01909128079EAF992309F4A3
:1034100047CD0E94559410922807809119079091EA
:103420001A07A0911B07B0911C07A7019601281B42
:10343000390B4A0B5B0BDA01C901B7FD10C0D7018C
:10344000C6018C53964FAF4FBF4F8093190790938F
:103450001A07A0931B07B0931C070E943D770E9498
:10346000E5DB1F3F09F045CD309024100091251079
:103470003091261067963FAF679740912710669668
:103480004FAF6697222D3B8D4C8D5D8D632D702F38
:1034900067968FAD679766969FAD66970F9469574D
:1034A000181654F4232C0B8F67969FAD67979C8F4B
:1034B0006696AFAD6697AD8F29813F854E8D5F8D46
:1034C000632D702F67968FAD679766969FAD669751
:1034D0000F941E4E87FF0AC039820F876796BFADD3
:1034E0006797BE8F6696EFAD6697EF8F29966CADA6
:1034F0007DAD8EAD9FAD29970F94254E6CA37DA316
:103500008EA39FA3F8A5FF2309F45CC09B01AC0127
:10351000632D702F67968FAD679766969FAD669700
:103520000F94695718160CF0BDCCB701A6018F890E
:10353000988DA98DBA8D481B590B6A0B7B0BDB014B
:10354000CA0188589341A109B109B7FDABCC8B8959
:103550009C89AD89BE8984199509A609B709B595D5
:10356000A795979587951F3F09F0D2CC80932A1095
:1035700049A75AA76BA77CA72CA0FDA1FB8F2EA162
:103580002C8F3FA13D8FCB86DC86ED86FE8618A66C
:1035900089CC5EE1E51651E0F5060CF055CC86E6E7
:1035A0009BE20E94B4388EE59BE20E94B4380E94F0
:1035B0007B924CE21402F0011124E45BFF4E8FE792
:1035C000828772CE2CA13DA14EA15FA1632D702FE9
:1035D00067968FAD679766969FAD66970F941E4E60
:1035E00087FF60CCD701C6012B853C854D855E8564
:1035F000821B930BA40BB50BAC01BD014858534182
:103600006109710977FD4ECC49855A85452B09F42E
:103610001CC129A53AA54BA55CA5280F391F4A1F37
:103620005B1F2F8B388F498F5A8F29A53AA54BA541
:103630005CA5281B390B4A0B5B0BC301B2010F942D
:1036400052542F89388D498D5A8D0F9484544B884C
:103650005C886D887E88420E531E641E751E34E1A0
:1036600043165104610471040CF45ECC4CEE441614
:103670005104610471040CF051CC50E8451651041A
:10368000610471040CF45ECC4B8A5C8A6D8A7E8A7C
:103690008EEF90E0A0E0B0E09C01AD012419350967
:1036A0004609570929013A018BE49BE20E94B4388C
:1036B0006B897C898D899E890E9489F886E49BE2CA
:1036C0000E94B438C301B2010E9489F849815F8524
:1036D0006E8D7F8D8FE39BE20E94CC38422D5B8DF7
:1036E0006C8D7D8D88E39BE20E94CC38A985BA85DC
:1036F00013970CF4AAC0C301B2010F94254E20E029
:1037000030E040E850E40F94844E4B015C01298185
:103710003F854E8D5F8D622D7B8D8C8D9D8D0F94A1
:1037200008552BED3FE049E450E40F94844E20E02F
:1037300030E040E05FE30F94844E9B01AC01C50193
:10374000B4010F9403566F87788B898B9A8B6F899E
:10375000788D898D9A8D0F94254E2FE632E143E8BE
:103760005AE30F94844E69837A838B839C831E3F34
:1037700059F02AE939E949E15FE3812C912CA12C28
:103780006EE3B62E1F3F59F42DEC3CEC4CE45EE3A7
:103790007BEA872E7AEA972EA92C7EE3B72E6F85D7
:1037A000788989899A890F94844E6D837E838F836B
:1037B00098879B01AC010F94095529813A814B816F
:1037C0005C810F94035668A379A38AA39BA32981E4
:1037D0003A814B815C816D817E818F8198850F94C8
:1037E000844EA50194010F94844E4B015C014F85DA
:1037F000588969897A8982E39BE20E94CC384981A1
:103800005A816B817C818CE29BE20E949D3C8DE120
:103810009BE21E3F10F48EE09BE20E94B4384D8183
:103820005E816F81788588E09BE20E94CC3848A158
:1038300059A16AA17BA182E09BE20E94CC38B5012C
:10384000A4018CEF9AE20E949D3C8B899C89AD89F2
:10385000BE89840D951DA61DB71DB595A795979595
:1038600087951F3F09F073CB80932A102296FFADF6
:103870002297FF932FAD2F933A853F9349854F931E
:1038800088EE9AE29F938F9383EF9AE29F938F93B0
:103890001F920F945F1B89859A8501969A87898765
:1038A0000FB6F894DEBF0FBECDBFBCA1B983EDA1AA
:1038B000EF87FEA1FE8F2FA12F8FCF8AD88EE98EA2
:1038C000FA8E3EAD38A7EECACF92DF92EF92FF920A
:1038D000CF93DF93EC01C880D980EA80FB8089EE2A
:1038E00099E20E94B438C701B6010E9489F8CC80E1
:1038F000DD80EE80FF8082E895E40E94B438C70145
:10390000B6010E9489F8C884D984EA84FB848EE7D2
:1039100095E40E94B438C701B6010E9489F8DF918E
:10392000CF91FF90EF90DF90CF900C947E3BCF93A0
:10393000C82F0E94E8BD94E0C99F90011124F901AD
:10394000EE54FA4F22543A4FD9014D915D916D9149
:103950007C91408351836283738391E09093B1059E
:10396000882319F0CF910C943E32CF910895FC0139
:1039700090E1AEEBB5E001900D929A95E1F70895D4
:10398000BC0120910C0730910D0740910C0750911C
:103990000D072417350731F481E02617370709F0A2
:1039A00080E008959A01F1CF0F930FB70F93009124
:1039B0006E000F930D7F00936E0000916F000D7FDE
:1039C00000936F000F930BB70F930CB70F921F92DA
:1039D0002F933F934F935F936F937F938F939F9317
:1039E000AF93BF93EF93FF9311240E94759DFF91B6
:1039F000EF91BF91AF919F918F917F916F915F9167
:103A00004F913F912F911F900F900CBF0F910BBFC3
:103A10000F910260F89400936F000F9100936E0075
:103A20000F910FBF0F9118958091B506877F8093F6
:103A3000B506129A81E0089512988091B5068860C3
:103A40008093B506089521E030E0082E02C0220FD1
:103A5000331F0A94E2F7209530959091B5062923FB
:103A60002093B506813061F020F0823071F081E062
:103A700008955F9A8091E1098E7F8093E109F7CFE5
:103A80008A9A8091E1098D7FF8CF80910801809515
:103A90008170809306018091E1098B7FEECF80E0F9
:103AA0000E94239D81E00E94239D82E00E94239D2D
:103AB0000C94149D813089F070F0823081F021E007
:103AC00030E001C0220F8A95EAF78091B506822B7B
:103AD0008093B50608955F98F2CF8A98F0CF9091C1
:103AE0000801917090930601EACF2F923F924F9276
:103AF0005F926F927F928F929F92AF92BF92CF927E
:103B0000DF92EF92FF920F931F93CF93DF93CDB786
:103B1000DEB765970FB6F894DEBF0FBECDBF8FEF4F
:103B20009FEF90938900809388002AE02983712C6D
:103B3000612CCC24CA94DC2C789480910A07909153
:103B40000B07892B09F0B6C18091B105882319F1C3
:103B500080910C0790910D071092B105892B09F403
:103B6000A9C110920D0710920C0710927810909135
:103B7000D7108091D810981731F08091D8100E94FA
:103B800074BF8093D810D0921002C0920F02D092CE
:103B90000E02C0920D0280910C0790910D07892BA7
:103BA00009F488C1009100071091010720910207D4
:103BB000309103074091FC065091FD066091FE068E
:103BC0007091FF06041715072607370708F072C122
:103BD0008091110290E0B0E0A0E0401B510B620B1D
:103BE000730B84179507A607B70710F4AC01BD0146
:103BF000942F400F511F621F731F40930007509373
:103C000001076093020770930307E1E080E00091F1
:103C1000BA061091BB062091BC063091BD064091BA
:103C2000CE065091CF066091D0067091D10680905B
:103C3000BE069090BF06A090C006B090C106480D89
:103C4000591D6A1D7B1D77FD05C081E0401B510B8E
:103C5000620B730B4093CE065093CF066093D00651
:103C60007093D1064091D2065091D3066091D4064C
:103C70007091D5068090C2069090C306A090C406AD
:103C8000B090C506480D591D6A1D7B1D77FD05C006
:103C90008260401B510B620B730B4093D206509312
:103CA000D3066093D4067093D5064091D606509102
:103CB000D7066091D8067091D9068090C60690907C
:103CC000C706A090C806B090C906480D591D6A1DC8
:103CD0007B1D77FD05C08460401B510B620B730B8D
:103CE0004093D6065093D7066093D8067093D906B2
:103CF0004091DA065091DB066091DC067091DD069A
:103D00008090CA069090CB06A090CC06B090CD06CD
:103D1000480D591D6A1D7B1D77FD05C08860401B3D
:103D2000510B620B730B4093DA065093DB066093E2
:103D3000DC067093DD062091F3062223B9F083FFA1
:103D400015C0877F4091EF065091F0066091F10613
:103D50007091F20641505109610971094093EF06D3
:103D60005093F0066093F1067093F206E11104C0DF
:103D70002091840030918500E82FE17080FF1CC005
:103D80000091E206002E000C110B220B330B409128
:103D9000BE055091BF056091C0057091C105400FEF
:103DA000511F621F731F4093BE055093BF05609360
:103DB000C0057093C105889A81FF1CC00091E3067D
:103DC000002E000C110B220B330B4091C2055091B9
:103DD000C3056091C4057091C505400F511F621F56
:103DE000731F4093C2055093C3056093C40570933D
:103DF000C5058E9A82FF21C00091E406002E000CBA
:103E0000110B220B330B4091C6055091C7056091F1
:103E1000C8057091C905400F511F621F731F409361
:103E2000C6055093C7056093C8057093C9052091D6
:103E30000B01209528702093090183FF1CC000917D
:103E4000E506002E000C110B220B330B4091CA0526
:103E50005091CB056091CC057091CD05400F511F5D
:103E6000621F731F4093CA055093CB056093CC0526
:103E70007093CD05149A2091840030918500209193
:103E8000840030918500E111889881FD8E9882FF31
:103E900005C020910B0128702093090183FD14981F
:103EA000992321F020918400309185009150E0E029
:103EB00009F0ACCE20910F0230911002211531058E
:103EC00009F074C04091DE065091DF066091E00673
:103ED0007091E1068091B6069091B706A091B80660
:103EE000B091B906840F951FA61FB71F8093DE06F9
:103EF0009093DF06A093E006B093E106B7FD4DC0B6
:103F00004091E506042E000C550B660B770B0091D3
:103F1000CA051091CB052091CC053091CD05040F39
:103F2000151F261F371F0093CA051093CB0520933A
:103F3000CC053093CD050091EF061091F00620914D
:103F4000F1063091F206400F511F621F731F40931C
:103F5000EF065093F0066093F1067093F2064091DD
:103F6000BA065091BB066091BC067091BD06841BD9
:103F7000950BA60BB70B8093DE069093DF06A093FC
:103F8000E006B093E106149A809184009091850038
:103F90008091840090918500149880910D029091F9
:103FA0000E029093100280930F0207C080910D02C1
:103FB00090910E0282179307A0F380916302909173
:103FC00064029B838A83892B09F050C0E091DE0A4A
:103FD000F091DF0AFD8BEC8BEF2B09F43CC01091C4
:103FE0000901127082E00E945A9D00C080910B016D
:103FF0002C893D89121613060CF0809582708093EF
:10400000090100C080910B0180958870809309019F
:1040100000C000008EE090E00197F0F780910B0166
:1040200088708093090100C080910B011111809567
:1040300082708093090100C08C899D891816190629
:104040000CF096C08091DE0A9091DF0A0197909360
:10405000DF0A8093DE0A0E944432882309F48EC06E
:1040600080ED97E0909364028093630280910A0749
:1040700090910B07892B09F0C0C280918400909128
:104080008500609111026230B8F0209108073091EC
:104090000907280F391F409104075091050742175F
:1040A000530750F0262F30E03595279520931102C5
:1040B00010920707109206079195819591099093A8
:1040C0000907809308071092050710920407E091F2
:1040D0000C07F0910D07FD8BEC8BEF2B09F445C01D
:1040E0008091000790910107A0910207B09103070A
:1040F0004091FC065091FD066091FE067091FF060E
:1041000084179507A607B707E0F18091290888234F
:1041100091F08091AC0580FF0CC06091A805709172
:10412000A9058091AA059091AB050F9475566093EF
:10413000A7051092AC0510920D0710920C07109273
:1041400078109091D7108091D810981731F0809105
:10415000D8100E9474BF8093D810D0921002C092E1
:104160000F02D0920E02C0920D0200ED17E085C042
:104170008091DE0A9091DF0A019669CF8FEF9FEF61
:1041800071CF4091F8065091F9066091FA0670914E
:10419000FB06481759076A077B0708F439C42090C3
:1041A000F4063090F5064090F6065090F706EC893C
:1041B000FD8985A996A9A7A9B0AD281639064A0692
:1041C0005B0608F01AC4211431044104510409F0BB
:1041D000AFC28090AD059090AE05A090AF05B090B5
:1041E000B005C501B4010E94C4778C01280E391EA8
:1041F000411C511C2092F4063092F5064092F606BE
:104200005092F7068091F3068823B9F1EC89FD8975
:10421000E55BFF4F80819181B0E0A0E04091EF0627
:104220005091F0066091F1067091F2064817590717
:104230006A077B070CF0E8C3EC89FD89EA5BFF4F56
:1042400080819181A281B381BC01CD01680D791D6E
:104250008A1D9B1D2C893D89265B3F4FF9012081DA
:1042600004C096958795779567952A95D2F70E9411
:104270006E7790930E0280930D0280910C079091BF
:104280000D07892B09F0B5C10E947ABF90930D07E5
:1042900080930C07892B09F4ACC120910C07309155
:1042A0000D073D8B2C8BF901808183FF02C00C949C
:1042B0008FA7E05AFF4F80819181A281B3818093C3
:1042C000AC099093AD09A093AE09B093AF0980E11A
:1042D0003496A8E0B9E001900D928A95E1F780E06C
:1042E000EC89FD89258836884788508C2114310453
:1042F0004104510411F00C94B0A7EC89FD89818C24
:10430000928CA38CB48C81149104A104B10409F0A3
:104310008260EC89FD89058D168D278D30A10115F0
:1043200011052105310509F0846080937810109201
:10433000E6061092E7061092E8061092E90610923F
:10434000F4061092F5061092F6061092F706EC8924
:10435000FD8945A156A167A170A54093FC06509325
:10436000FD066093FE067093FF0688279927DC01FF
:10437000841B950BA60BB70B8093DE069093DF068C
:10438000A093E006B093E1068093CE069093CF060B
:10439000A093D006B093D1068093D2069093D30613
:1043A000A093D406B093D5068093D6069093D706F3
:1043B000A093D806B093D9068093DA069093DB06D3
:1043C000A093DC06B093DD0681A192A1A3A1B4A1C4
:1043D000880F991FAA1FBB1F220C331C441C551C9D
:1043E0002092BE063092BF064092C0065092C1068F
:1043F000880C991CAA1CBB1C8092C2069092C30612
:10440000A092C406B092C506000F111F221F331FD1
:104410000093C6061093C7062093C8063093C906BA
:104420008093CA069093CB06A093CC06B093CD069A
:10443000440F551F661F771F4093BA065093BB0663
:104440006093BC067093BD0610920007109201079E
:10445000109202071092030741A552A563A574A507
:104460004093F8065093F9066093FA067093FB06A2
:1044700045A556A567A570A94093EB065093EC0699
:104480006093ED067093EE06EA5BFF4F4081518129
:104490006281738121E0411551056105710509F4BF
:1044A00020E02093F306452B462B472BA1F0EC8907
:1044B000FD89E65BFF4F208104C0880F991FAA1F6A
:1044C000BB1F2A95D2F78093B6069093B706A093A8
:1044D000B806B093B9062C893D892B5B3F4F80917C
:1044E0007910F9019081891721F0909379100E9439
:1044F00036780E94A0C710920707109206072091F5
:104500000C0730910D073D8B2C8BF901FD96E08057
:10451000F18002811381F90121A932A943A954A98B
:104520005F01F3E5AF0EB11CF501608171818281FD
:1045300093810E94E4771092EA06F501608171810F
:10454000828193810E94C4778C018091F4069091BE
:10455000F506A091F606B091F706800F911FA11DF8
:10456000B11D8093F4069093F506A093F606B093E0
:10457000F7068091F3068823E1F1EC89FD89E55B7C
:10458000FF4F80819181B0E0A0E04091EF06509113
:10459000F0066091F1067091F206481759076A0714
:1045A0007B070CF0E0C4EC89FD89EA5BFF4F80815A
:1045B0009181A281B381F501408151816281738132
:1045C000840F951FA61FB71F2C893D89265B3F4F7F
:1045D000F9012081BC01CD0104C09695879577959E
:1045E00067952A95D2F70E946E7790930E0280937A
:1045F0000D0210930B0700930A072A813B81232B9E
:1046000069F480910A0790910B078A3F910530F475
:104610008AEF90E090930B0780930A072091630242
:104620003091640240910A0750910B072F3F3207E7
:1046300051F0CA01969587952817390720F4909371
:1046400064028093630220910F0230911002F901FD
:104650004217530708F4FA018091630290916402B3
:10466000BC01E817F90708F4BF01461B570B50932C
:104670000B0740930A072F3F320731F0261B370BF9
:104680003093100220930F028F3F980731F0861B62
:10469000970B9093640280936302660E771EF894E2
:1046A0008091840090918500409629812150298332
:1046B000222321F06816790608F43ECA409184004E
:1046C000509185002091080730910907240F351F6C
:1046D00030930907209308076816790608F047C445
:1046E00020911102203138F4220F209311021092F0
:1046F00007071092060790938900809388006596BB
:104700000FB6F894DEBF0FBECDBFDF91CF911F91E2
:104710000F91FF90EF90DF90CF90BF90AF909F9060
:104720008F907F906F905F904F903F902F90089563
:10473000A0E0FC81922D832C842DED817E816F8100
:10474000588549853A852B854091A305499F612D60
:1047500055273091A405399F600D511D1090A50576
:10476000199E500D489D600D511D389D500D489F5C
:10477000500DE62F752FE69F412D33272227E59F09
:10478000400D311D2A1F769F400D311D2A1F759F38
:10479000300D211DE32F722FE69FF12D33272227A5
:1047A000E59FF00D311D2A1F769FF00D311D2A1F48
:1047B000759F300D211DE32F722F44279091AD0579
:1047C0008090AE058091AF05009000050A2A09F49B
:1047D00084C03091FC043E9F41199A0B8A0A8A0BCF
:1047E0002091FD042E9F401991098A0A8A0BF091AD
:1047F000FE04FE9F901981088A0B379F401991098A
:104800008A0A8A0B279F901981088A0BF79F8018C4
:104810008109E69FF12D33272227E59FF00D311DF9
:104820002A1F769FF00D311D2A1F759F300D211D07
:10483000E32F722F3091F8043E9F410D9A1F8A1E7C
:104840008A1F2091F9042E9F400D911D8A1E8A1FF8
:10485000F091FA04FE9F900D811C8A1F379F400D36
:10486000911D8A1E8A1F279F900D811C8A1FF79F0A
:10487000800C811DE69FF12D33272227E59FF00D47
:10488000311D2A1F769FF00D311D2A1F759F300D97
:10489000211DE32F722F3091F4043E9F41199A0B92
:1048A0008A0A8A0B2091F5042E9F401991098A0AE1
:1048B0008A0BF091F604FE9F901981088A0B379FAE
:1048C000401991098A0A8A0B279F901981088A0B3F
:1048D000F79F801881090C94EFA43091FC043E9F4F
:1048E000410D9A1F8A1E8A1F2091FD042E9F400DA4
:1048F000911D8A1E8A1FF091FE04FE9F900D811C5F
:104900008A1F379F400D911D8A1E8A1F279F900D79
:10491000811C8A1FF79F800C811DE69FF12D332794
:104920002227E59FF00D311D2A1F769FF00D311DC6
:104930002A1F759F300D211DE32F722F3091F8042F
:104940003E9F41199A0B8A0A8A0B2091F9042E9FE7
:10495000401991098A0A8A0BF091FA04FE9F901976
:1049600081088A0B379F401991098A0A8A0B279F71
:10497000901981088A0BF79F80188109E69FF12D15
:1049800033272227E59FF00D311D2A1F769FF00D5A
:10499000311D2A1F759F300D211DE32F722F30917D
:1049A000F4043E9F410D9A1F8A1E8A1F2091F50430
:1049B0002E9F400D911D8A1E8A1FF091F604FE9FC6
:1049C000900D811C8A1F379F400D911D8A1E8A1FE2
:1049D000279F900D811C8A1FF79F800C811D112439
:1049E000FC83ED837E836F83588749873A872B87C3
:1049F000982C892EB12CA82EF4CBEC89FD8981A8A6
:104A000092A8A3A8B4A8EDCB80E090E0DC011CCC78
:104A10004091EB065091EC066091ED067091EE0628
:104A2000481759076A077B0708F042C28090E606DC
:104A30009090E706A090E806B090E9068091EA061B
:104A4000EC89FD8981119FC0EF5BFF4FE080F18011
:104A500002811381EC89FD89E95AFF4F2081318160
:104A600042815381EC89FD8961A972A983A994A926
:104A70000E94E477F1E0F093EA06EC89FD8921A831
:104A800032A843A854A8C201B1010E94C4778C0186
:104A9000880E991EA11CB11C8092E6069092E70632
:104AA000A092E806B092E9068091F306882309F403
:104AB000E4CBEC89FD89E35BFF4F80819181B0E01D
:104AC000A0E04091EF065091F0066091F1067091E0
:104AD000F206812C912C540184179507A607B7077D
:104AE00044F4EC89FD89EA5BFF4F80809180A280CD
:104AF000B380281439044A045B0409F4D3C1FF24A9
:104B0000F39482149304A404B50408F0F12C8214E5
:104B10009304A404B50408F0BCC1D201C1018819F2
:104B20009909AA09BB092C893D89265B3F4FF901E8
:104B30002081BC01CD0104C0969587957795679536
:104B40002A95D2F70E946E7790930E0280930D0201
:104B50008091791083FB992790F9F91609F48DCB90
:104B6000F8E08F27809379108091E50681958093F6
:104B7000E50600C082149304A404B50408F090C1B3
:104B8000169A00C07ACB81AD92ADA3ADB4AD8816B4
:104B90009906AA06BB0608F073C181149104A1040A
:104BA000B10449F42090AD053090AE054090AF05BA
:104BB0005090B00568CFF0E0EC85982D292C8A2D17
:104BC0007D856E855F854889A9893A892B89A09161
:104BD000A305A99F512D44273091A405399F500D5D
:104BE000411D1090A505199E400DA29D500D411D1F
:104BF000329D400DA89F400D752F642F759FA12DEC
:104C000033272227749FA00D311D2F1F659FA00DF4
:104C1000311D2F1F649F300D211D732F622F759F33
:104C2000E12D33272227749FE00D311D2F1F659F33
:104C3000E00D311D2F1F649F300D211D732F622F3A
:104C4000AA279091AD052090AE058091AF05009008
:104C500000050F2A09F484C03091FC04379FA11984
:104C60009F0B2F0A8F0B2091FD04279FA0199109FC
:104C70002F0A8F0BE091FE04E79F901921088F0BFC
:104C8000369FA01991092F0A8F0B269F9019210892
:104C90008F0BE69F20188109759FE12D332722276E
:104CA000749FE00D311D2F1F659FE00D311D2F1FDB
:104CB000649F300D211D732F622F3091F804379FB0
:104CC000A10D9F1F2F1E8F1F2091F904279FA00D5C
:104CD000911D2F1E8F1FE091FA04E79F900D211C5C
:104CE0008F1F369FA00D911D2F1E8F1F269F900D89
:104CF000211C8F1FE69F200C811D759FE12D3327FE
:104D00002227749FE00D311D2F1F659FE00D311D7F
:104D10002F1F649F300D211D732F622F3091F404DB
:104D2000379FA1199F0B2F0A8F0B2091F504279F06
:104D3000A01991092F0A8F0BE091F604E79F9019B3
:104D400021088F0B369FA01991092F0A8F0B269FE0
:104D5000901921088F0BE69F201881090C9432A727
:104D60003091FC04379FA10D9F1F2F1E8F1F209194
:104D7000FD04279FA00D911D2F1E8F1FE091FE04A3
:104D8000E79F900D211C8F1F369FA00D911D2F1E98
:104D90008F1F269F900D211C8F1FE69F200C811DC9
:104DA000759FE12D33272227749FE00D311D2F1FA2
:104DB000659FE00D311D2F1F649F300D211D732F46
:104DC000622F3091F804379FA1199F0B2F0A8F0B88
:104DD0002091F904279FA01991092F0A8F0BE091C8
:104DE000FA04E79F901921088F0B369FA0199109AB
:104DF0002F0A8F0B269F901921088F0BE69F2018F2
:104E00008109759FE12D33272227749FE00D311D05
:104E10002F1F659FE00D311D2F1F649F300D211D39
:104E2000732F622F3091F404379FA10D9F1F2F1E07
:104E30008F1F2091F504279FA00D911D2F1E8F1FFE
:104E4000E091F604E79F900D211C8F1F369FA00D67
:104E5000911D2F1E8F1F269F900D211C8F1FE69FD7
:104E6000200C811D1124EC877D876E875F87488B1E
:104E7000A98B3A8B2B8B322C292E512C482E03CE0A
:104E8000EC89FD89E95AFF4F2080318042805380B0
:104E9000FACDD501C40182199309A409B50943CEFD
:104EA00016986FCED0920E02C0920D020C943DA1C6
:104EB0008091060790910707892B59F50C891D8968
:104EC000015B1F4FF80160817181828193810E9493
:104ED000C47790930707809306078091F306882391
:104EE000C1F02C893D89265B3F4FF9012081F801F3
:104EF000608171818281938104C0969587957795B1
:104F000067952A95D2F70E946E7790930E02809350
:104F10000D0200910607109107070C943DA18C89A2
:104F20009D8945960E94B79C10920D0710920C0720
:104F3000109278109091D7108091D810981731F076
:104F40008091D8100E9474BF8093D810D092100224
:104F5000C0920F02D0920E02C0920D020C9444A196
:104F600081E00C947DA180E090E0DC0124CB809175
:104F7000040790910507841B950B860D971D909350
:104F8000050780930407C301B6CB21EA35E044E06E
:104F900050E0BC018FE995E00C940E3B21EA35E02E
:104FA00041E050E0BC018FE995E00C940E3B21EA12
:104FB00035E042E050E0BC018FE995E00C940E3BF7
:104FC00021EA35E041E050E0BC018FE995E00C9426
:104FD0000E3B21EA35E04CE050E0BC018FE995E062
:104FE0000C940E3B3F924F925F926F927F928F9202
:104FF0009F92AF92BF92CF92DF92EF92FF920F9368
:105000001F93CF93DF93382E41E068EC75E10E9447
:10501000813B832D0E94E93880EC95E10E94B438F1
:1050200088E195E10E94154141E06EEA75E1832D2A
:105030000E94813B832D0E94E93881E995E10E941D
:10504000B438832D0E94403E832D0E940FFD832D96
:105050000E94D83D832D0E94043E832D0E94B63DC0
:10506000832D0E94643D832D0E940CF064E375E162
:10507000832D0E94F2FCC090DD09D090DE09E09003
:10508000DF09F090E009C091DC098BE295E10E9414
:10509000B4386C2F70E090E080E00E9489F88EE3D5
:1050A00095E40E94B43842E0C701B6010E94453839
:1050B0008EE195E10E94B4388091DC090E944A3F5C
:1050C0000E94432F882309F446C0C5EFD9E0C12CC4
:1050D000D12C76018E01812C912C5401832D0E94BC
:1050E000E938F801408051806280738087E895E15B
:1050F0000E94B438C501B4010E94FEF584E895E130
:105100000E94B438C701B6010E94FEF58EE395E413
:105110000E94B43845E0C301B2010E9445380E94A4
:105120007E3B0C5E1F4FFFEF8F1A9F0AAF0ABF0A2C
:1051300085E088169104A104B10481F62496EFEF6E
:10514000CE1ADE0AEE0AFE0AF5E0CF16D104E1041B
:10515000F10409F0BFCF832D0E94643C832D0E948F
:10516000323D832D0E94595E832D0E94F6ED832DE2
:105170000E94E4EA41E06FE475E1832D0E94813BE7
:10518000832D0E94E9384091FC085091FD08609100
:10519000FE087091FF0886E495E10E949D3C832DF6
:1051A0000E9419416DE675E1832D0E94F2FCC091C9
:1051B000290884E695E10E94B4386C2F70E090E0F5
:1051C00080E00E9489F84091A8055091A90560915E
:1051D000AA057091AB0581E695E10E94CC38C0919B
:1051E00028088EE595E10E94B4386C2F70E090E0BD
:1051F00080E00E9489F8DF91CF911F910F91FF907D
:10520000EF90DF90CF90BF90AF909F908F907F9066
:105210006F905F904F903F900C947E3BCF92DF92C7
:10522000EF92FF92CF93AAE5BAE090E080E0FC0114
:10523000EC53FE4D45915591659174914D935D935D
:105240006D937D93FC01EC54FE4D45915591659114
:10525000749150964D935D936D937C935397FC019D
:10526000EC55FE4D459155916591749190964D93F5
:105270005D936D937C939397049680319105B9F675
:1052800080E29EE4A0E0B0E080936A0A90936B0A0B
:10529000A0936C0AB0936D0A80E090E8ABE3B4E4AD
:1052A00080938E0A90938F0AA093900AB093910AEC
:1052B00080E090E0AAE7B4E48093920A9093930A86
:1052C000A093940AB093950A80E090E0A6E9B3E435
:1052D0008093960A9093970AA093980AB093990A9C
:1052E00010929A0A10929B0A10929C0A10929D0AA0
:1052F00010929E0A10929F0A1092A00A1092A10A80
:10530000C12CD12C80E2E82E81E4F82EC092EC086A
:10531000D092ED08E092EE08F092EF0880E090E085
:10532000A0EAB0E48093F0089093F108A093F2080B
:10533000B093F3084AE959E969E97EE34093F40838
:105340005093F5086093F6087093F7088093F80877
:105350009093F908A093FA08B093FB08109268069E
:105360001092690610926A0610926B0610926C06F3
:1053700010926D0610926E0610926F0610927006D3
:10538000109271061092720610927306C1E0C093DB
:105390002908C0932808C092A805D092A905E092D8
:1053A000AA05F092AB050E947F32C0929A05D09276
:1053B0009B05E0929C05F0929D050E947B2F8AEF51
:1053C00090E090931A028093190282ED90E09093FE
:1053D0001802809317028DEC9CECACECBDE380933B
:1053E0001B0290931C02A0931D02B0931E0280E04A
:1053F00090E0A8EDB1EC8093C6109093C710A093F5
:10540000C810B093C9101092CA101092CB1010920D
:10541000CC101092CD101092CE101092CF1010928E
:10542000D0101092D110C093E30980E090E0AAEC74
:10543000B1E480936C1090936D10A0936E10B093B4
:105440006F1088E893EFA5EBBEE380937010909304
:105450007110A0937210B093731084EB98E3A0EED8
:10546000B3E48093741090937510A0937610B0936A
:10547000771083EC95E9ACE2B4E48093401090930C
:105480004110A0934210B093431081E69AE0A2E944
:10549000B1E48093441090934510A0934610B093CC
:1054A000471087E594EFABECB5E4809348109093F8
:1054B0004910A0934A10B0934B101092B7090E9464
:1054C0005F2E1092990580E090E0A0EEBFE38093FC
:1054D000950590939605A0939705B0939805109223
:1054E0006606109265060E94B7C81092FC081092DA
:1054F000FD081092FE081092FF0880E090E0A6E9F7
:10550000B2E48093910590939205A0939305B09394
:10551000940580938D0590938E05A0938F05B0938D
:10552000900584E893E090938605809385058AEA48
:1055300090E0909388058093870510928A051092D9
:10554000890510928C0510928B050E94C3C686EFC8
:1055500094E10E9440410E94E53886EF94E10E9468
:105560001541CF91FF90EF90DF90CF900C94C6EA59
:10557000AF92BF92CF92DF92EF92FF920F931F9361
:10558000CF93DF9381E080939E050E940DB8109227
:105590009E058111D0C00E940DB8FF24F3948111A3
:1055A000F12C0E94432F882309F4A7C010E000E0EB
:1055B000D0E034E0C32E45E0D42E52E8E52EC0E022
:1055C000802F8170B82EAD2EAC0E8C2D8C1BB1109F
:1055D00001C08C2FF801D89EE00DF11D1124EE0FB3
:1055E000FF1FEE0FFF1FEB50F64F20E030E04AE7C1
:1055F00054E460817181828193810F94844E0F9471
:1056000075567093191660931816D0920C16E09286
:105610000F168A2D90E08058974F880F991F092EFA
:10562000000CAA0BBB0B8093101690931116A0933D
:105630001216B09313168CEB95E10E948ED4CF5FB7
:10564000C53009F6DB5F0F5F1F4FD93109F0B7CFC7
:1056500083E090E09093191680931816C0930C166F
:10566000E0920F1685E490E1A0E0B0E08093101680
:1056700090931116A0931216B09313168CEB95E12C
:105680000E948ED481E00E94582F20E030E048EC48
:1056900052E46091CE107091CF108091D010909113
:1056A000D1100F94844E0F94755670931916609311
:1056B000181685E080930C1682E880930F1686E218
:1056C00090E1A0E0B0E08093101690931116A093A3
:1056D0001216B09313168CEB95E10E948ED40E94A3
:1056E0002CDA8F2DDF91CF911F910F91FF90EF90CA
:1056F000DF90CF90BF90AF90089582E090E09093BC
:1057000019168093181685E080930C1682E8809312
:105710000F1685E490E1A0E0B0E08093101690931E
:105720001116A0931216B09313168CEB95E10E94FC
:105730008ED480E0A8CF0E940EA90E94FCCE0E94C9
:10574000E53882EE94E10E94B438F12CCACF0F9371
:105750001F93CF93DF93C82F8B010E94E538C13090
:10576000A1F0C6ECDEE28AED9EE20E94B438CE01E2
:105770000E94B438B80182ED9EE20E94D4F2DF911B
:10578000CF911F910F910C947E3BCCECDEE2EBCFDE
:10579000FF920F931F93CF93DF93CDB7DEB76D9733
:1057A0000FB6F894DEBF0FBECDBF2091971624FF31
:1057B0002AC0AC01BE01645E7F4F80E00E9414FAF3
:1057C0008C01009701F16C8D7D8D19821C8222E085
:1057D000AC01CE0101960E94A088811120C0F12C5D
:1057E000CE0101960E94872EB801FF2069F183E85F
:1057F0009EE20E94107F10929316109294161092BF
:105800009516109296166D960FB6F894DEBF0FBEE1
:10581000CDBFDF91CF911F910F91FF900895CE01E1
:1058200001960E94B6F78823D1F261E0CE0101967D
:105830000E945783009799F225EEFC0120831C8279
:105840000E946774F82ECCCF8BE69EE20E94D4F2C1
:1058500088E69EE20E94B438D6CF0E94CC8B882383
:1058600031F00E94572E8AEB92E00C94C8AB089559
:10587000BC0185EC9DE20E94D4F282EC9DE20C9486
:10588000B438CF939091971694FF20C090919F16B3
:1058900091111CC02AE5811121E0C82F4AEB52E08A
:1058A00067EB76E18CE996E10E94A088811105C042
:1058B0008AEB92E0CF910C9438ACC11107C06AEB2F
:1058C00072E084EB9EE2CF910C94107FCF9108950B
:1058D000EF92FF920F931F93CF93DF931F921F922C
:1058E000CDB7DEB72091971624FF39C07C01BC01EB
:1058F00082E00E94A7AB10928E1680919716877F48
:105900008B7F809397160E947087A701BE016F5FFF
:105910007F4F80E00E9414FA8C01C7010115110528
:1059200041F169817A8126E5A8018BEF97E10E9418
:10593000A0888823E9F0809197168160809397165C
:10594000C8010E94728810928B16B80184EB9EE207
:105950000E94107F40E060E0C8010E9460D80F9074
:105960000F90DF91CF911F910F91FF90EF900895CD
:10597000C8010E9438ACF3CF8F929F92AF92BF9232
:10598000CF92DF92EF92FF920F931F93CF93DF930B
:105990001F921F92CDB7DEB77C018091971684FDD0
:1059A00004C0C7010E9438AC66C0613009F479C0F8
:1059B00008F470C0623009F4D3C080919716877FD5
:1059C0008B7F809397160E947087A701BE016F5F3F
:1059D0007F4F81E00E9414FA8C01009711F36981D6
:1059E0007A8121E0AC018BEF97E10E94A0888823A7
:1059F00009F4BDC080910C1890910D18A0910E185B
:105A0000B0910F1880938F1690939016A0939116D3
:105A1000B0939216109293161092941610929516B7
:105A200010929616B80180EF9DE20E94D4F2C090C9
:105A30008F16D0909016E0909116F090921688EE06
:105A40009DE20E94B438C701B6010E94FEF50E9493
:105A50007E3B89ED9DE20E94B438C8010E947288A5
:105A600080916C0F882311F00CE61FE040E060E0AD
:105A7000C8010E9460D80F900F90DF91CF911F91C5
:105A80000F91FF90EF90DF90CF90BF90AF909F90DD
:105A90008F900895B70182E00E94A7AB10928E16F6
:105AA0008CCF0E947333811105C0B70181E00E9441
:105AB000A7AB83CF80918E16882379F00E94E138BE
:105AC00061E070E089E49EE20E94553C40E070E0B5
:105AD00060E088E39EE20E944E4182EE95E00E94E3
:105AE0002087E0918E1684E0E89FF0011124E252B5
:105AF000FA4F8091931690919416A0919516B091BB
:105B0000961680839183A283B3830E94E538B70100
:105B10008FE19EE20E94D4F260918E1689E6689F22
:105B2000B00111246E517A4F84E19EE20E94D4F2BA
:105B30008090931690909416A0909516B09096161B
:105B40008EE09EE20E94B438C501B4010E94FEF5C9
:105B50000E947E3B80918E168F5F80938E162DCF94
:105B60000E94E5388EEF9DE20E94B43826CFC8012E
:105B700019CF2F923F924F925F926F927F928F92A6
:105B80009F92AF92BF92CF92DF92EF92FF920F93CC
:105B90001F93CF93DF93CDB7DEB7CD58D1090FB6A2
:105BA000F894DEBF0FBECDBF2DB73EB7C457DF4F51
:105BB00039832883CC58D04067ED72E282EE92E2BE
:105BC0000E9494C701E021EA35E044E050E0BE01C4
:105BD00063587F4F8FE995E00E94703443E050E0B6
:105BE000BE0163587F4F86EB92E00F946958892B72
:105BF00009F44DC0C058DF4F8881C058D040882379
:105C000039F08FE3EE968FAFEE97EF961FAEEF97DA
:105C10000E94E538BE0163587F4F86EB92E20E94F6
:105C2000D4F288EA92E20E94B43811E080919E0595
:105C3000811107C08091F409833018F080E00E9440
:105C4000F2A7812FC457DF4FE881F981CC58D040AB
:105C50000FB6F894FEBF0FBEEDBFC357DF4F0FB6B0
:105C6000F894DEBF0FBECDBFDF91CF911F910F9192
:105C7000FF90EF90DF90CF90BF90AF909F908F906C
:105C80007F906F905F904F903F902F90089566E9BE
:105C900072E281EA92E20E9494C7CE018B579F4F35
:105CA0000E94EA78ED961CAE1DAE1EAE1FAEED97BB
:105CB0001092A2051092A10563E872E28FE892E2C9
:105CC0000E9494C7CE018F579F4F0E94EA78CF570A
:105CD000DF4F88819981C158D0408B3D924009F0B7
:105CE0003DC281E792E20E94B43880919F05909175
:105CF000A00510E08C36910539F00E94DD3886E56C
:105D000092E20E94B43812E065E472E28FE492E21B
:105D10000E9494C7CE0189579F4F0E94DD78ADB68F
:105D2000BEB6C957DF4FE880C758D040F12C83E09A
:105D3000E80EF11CEE0CFF1CEE0CFF1CEDB7FEB7DD
:105D4000EE19FF090FB6F894FEBF0FBEEDBF2DB7D9
:105D50003EB72F5F3F4FC657DF4F39832883CA585E
:105D6000D0406EE272E28EE392E20E9494C7B701E5
:105D7000C657DF4F88819981CA58D0400E9419B810
:105D800062E072E287E292E20E9494C700919E056F
:105D900081E0082721EA35E044E050E06AE67AE055
:105DA0008FE995E00E947034C957DF4FE880C758EB
:105DB000D040F12C33E0E30EF11CEE0CFF1CEE0C96
:105DC000FF1C8DB79EB78E199F090FB6F8949EBF22
:105DD0000FBE8DBFEDB7FEB731964F016BEE71E28E
:105DE0008BEF91E20E9494C7B701C4010E9419B8D9
:105DF000C957DF4FC880C758D040D12CF3E0CF0E31
:105E0000D11CCC0CDD1CCC0CDD1C2DB73EB72C19E5
:105E10003D090FB6F8943EBF0FBE2DBF8DB79EB79C
:105E200001967C0164ED71E284EE91E20E9494C7D8
:105E3000B601C7010E9419B880919E05811157C013
:105E4000C957DF4F8881C758D04090E00296AAE535
:105E5000BAE050E040E030E020E060ED71E2E0ECDC
:105E6000CE2EE1E2DE2E821793070CF491C1C657C5
:105E7000DF4FE881F981CA58D040E40FF51F408018
:105E80005180628073804D925D926D927D928217F7
:105E900093070CF483C1F401E40FF51F20803180D7
:105EA0000281E3812101602E7E2E50964D925D92FB
:105EB0006D927C925397821793070CF478C1F70187
:105EC000E40FF51F208031800281E3812101602EE3
:105ED0007E2E90964D925D926D927C9293972F5F5D
:105EE0003F4F4C5F5F4F2430310509F0BCCF6FE767
:105EF00071E28DE991E20E9494C78EE89AE00E94D7
:105F0000CD7862E571E288E791E20E9494C782E968
:105F10009AE00E94CD7866E271E28BE491E20E9401
:105F200094C786E99AE00E94CD786CEF70E28FE129
:105F300091E20E9494C78AE99AE00E94CD786BECC6
:105F400070E285EF90E20E9494C78EE99AE00E9489
:105F5000CD7863EB70E284EC90E20E9494C70091EC
:105F60009E0581E0082721EA35E040E150E06CEE33
:105F700078E08FE995E00E94703465EA70E28CEA7F
:105F800090E20E9494C7CE0187589F4F0E94CD781F
:105F90000FB6F894BEBE0FBEADBE81E990E20E947E
:105FA000B43811110EC080919F059091A005893CD5
:105FB000910539F00E94DD3884E790E20E94B43800
:105FC00012E061E670E28DE690E20E9494C788E6F6
:105FD00096E00E94AD786BE470E28AE590E20E9460
:105FE00094C7CE0183599F4F0E948D7861E370E280
:105FF00084E490E20E9494C7FE0131967F01CF01B4
:106000000E94CD786EE170E28AE290E20E9494C72D
:10601000CE018D579F4F0E946D7880919E05811112
:106020001AC0AE968FADAE978093290889819A8168
:10603000AB81BC818093A8059093A905A093AA0584
:10604000B093AB05CD57DF4F8881C358D0408093C4
:1060500028080E947F3265E070E287E190E20E94AA
:1060600094C78AE995E00E94CD7869EE7FE18EEFD2
:106070009FE10E9494C789E192E00E94BD786DEC97
:106080007FE182EE9FE10E9494C787E192E00E9447
:10609000BD786EEA7FE186EC9FE10E9494C78BE1B8
:1060A00092E00E94CD7860EA7FE187EA9FE10E945A
:1060B00094C7CE0187589F4F0E94CD786EE87FE14C
:1060C00089E99FE10E9494C7CE0183599F4F0E94A6
:1060D000DD786CE77FE187E89FE10E9494C7CE01FD
:1060E0008D579F4F0E94DD786AE67FE185E79FE14B
:1060F0000E9494C7C7010E94EA78AE96CFACAE97D3
:10610000CD57DF4F4881C358D04083EC2C2D282732
:10611000F0E12F9F90011124842790E0982F882789
:106120009295907F8227932729813A81821793073E
:1061300009F0BAC5C49E6001112421E0C21AD10839
:1061400008F43FC06CE57FE183E69FE10E9494C7BD
:10615000CE0187589F4F0E94CD78EFCF0E94DD3847
:1061600085ED95E10E94B4380E94E53860919F0565
:106170007091A005645671098AE496E10E94013B82
:106180006BED72E082E496E10E94E2CE12E04ECD29
:10619000FB01459055906590749075CEF601459041
:1061A0005590659074901201062DE72D7BCEE0EBA3
:1061B000F1E245905590659074901201062DE72DFF
:1061C00085CE87E49FE10E94B43811110EC0809102
:1061D0009F059091A0058331914039F00E94DD38F0
:1061E00089E29FE10E94B43812E06EE17FE182E231
:1061F0009FE10E9494C786EC90E10E94AD780AE08E
:10620000015061F060E17FE187E19FE10E9494C766
:10621000CE0187589F4F0E94CD78F2CF6EEF7EE17E
:1062200089E09FE10E9494C7CE0188579F4F0E944A
:10623000DD786CEE7EE187EF9EE10E9494C7CE018F
:1062400087579F4F0E94DD786AED7EE185EE9EE1E3
:106250000E9494C7CE018D579F4F0E94EA78C8577D
:10626000DF4F8881C858D04033EC8327F0E18F9FFF
:10627000C0011124C757DF4F2881C958D0402327B8
:1062800030E0322F22273295307F82279327CD5757
:10629000DF4F28813981C358D0408217930709F016
:1062A00003C56BEC7EE183ED9EE10E9494C7C701BC
:1062B0000E949D786EEB7EE184EC9EE10E9494C783
:1062C000CE0183599F4F0E949D78C857DF4F888128
:1062D000C858D040853009F098C4C757DF4F98811F
:1062E000C958D040953009F093C480919E05811122
:1062F00002C00E94582FBE0163597F4FC7010E9400
:10630000D13165EA7EE187EB9EE10E9494C700915E
:106310009E0581E0082721EA35E044E650E065EF7C
:1063200079E08FE995E00E94703487E79EE10E9452
:10633000B43811110EC080919F059091A0058B3B40
:10634000914039F00E94DD388EE49EE10E94B4381D
:1063500012E06FE27EE187E49EE10E9494C7C701EC
:106360000E948D7867E17EE188E29EE10E9494C7F9
:10637000CE0183599F4F0E946D7882E09EE10E947A
:10638000B43811110EC080919F059091A0058D3BEE
:10639000914039F00E94DD3884EE9DE10E94B438CE
:1063A00012E06CEC7DE18DED9DE10E9494C70091BF
:1063B0009E0581E0082721EA35E044E050E0B7017E
:1063C0008FE995E00E94703481EB9DE10E94B43822
:1063D00011110EC080919F059091A005813C9140C4
:1063E00039F00E94DD388DE89DE10E94B43812E05A
:1063F00063E77DE186E89DE10E9494C787E696E029
:106400000E948D7883E59DE10E94B43811110EC081
:1064100080919F059091A005823C914039F00E94A7
:10642000DD388AE29DE10E94B43812E06BE07DE144
:1064300083E29DE10E9494C783EE99E00E948D78EB
:106440006EEF7CE184E09DE10E9494C700919E057F
:1064500081E0082721EA35E044E150E0B7018FE907
:1064600095E00E94703480919E0581113AC0898028
:106470009A80AB80BC80A5019401C501B4010F9442
:10648000FB5781112EC049845A846B847C846D81B2
:106490007E818F81988580926C1090926D10A09271
:1064A0006E10B0926F1021E732EB47E25EE30F947B
:1064B000844E60937010709371108093721090935B
:1064C000731021E732EB47E25EE3C301B2010F94A0
:1064D00003566093741070937510809376109093A8
:1064E00077108EEE9CE10E94B43811110EC080919D
:1064F0009F059091A005873D914039F00E94DD38BD
:1065000085ED9CE10E94B43812E066EC7CE18EECF3
:106510009CE10E9494C7C7010E94BD786BEB7CE1AF
:106520008FEB9CE10E9494C7C7010E947D78809107
:106530009E0581113AC089809A80AB80BC80A501FC
:106540009401C501B4010F94FB5781112EC04984F9
:106550005A846B847C846D817E818F819885809242
:10656000401090924110A0924210B092431021E747
:1065700032EB47E25EE30F94844E609344107093D5
:106580004510809346109093471021E732EB47E285
:106590005EE3C301B2010F940356609348107093F9
:1065A000491080934A1090934B1060EB7CE184EB90
:1065B0009CE10E9494C7C7010E947D7884E99CE118
:1065C0000E94B43811110EC080919F059091A005D2
:1065D000813F914039F00E94DD388FE69CE10E94B6
:1065E000B43812E064E57CE188E69CE10E9494C73F
:1065F000C7010E946D788FE39CE10E94B4381111AD
:106600000EC080919F059091A005823F914039F086
:106610000E94DD3881E29CE10E94B43812E06DE016
:106620007CE18AE19CE10E9494C7C7010E946D78D9
:1066300086EF9BE10E94B43811110EC080919F0536
:106640009091A005833F914039F00E94DD3886ED9E
:106650009BE10E94B43812E060EC7BE18FEC9BE19F
:106660000E9494C7C7010E946D7885E0F7011192DE
:106670008A95E9F781EA9BE10E94B43811110EC0B6
:1066800080919F059091A005843F914039F00E9430
:10669000DD3889E79BE10E94B43812E06EE67BE1C9
:1066A00082E79BE10E9494C700919E0581E0082744
:1066B00021EA35E045E050E0B7018FE995E00E941E
:1066C000703485E59BE10E94B43811110EC08091B1
:1066D0009F059091A005893F914039F00E94DD38D7
:1066E00083E39BE10E94B43812E06BE17BE18CE232
:1066F0009BE10E9494C7CE0183599F4F0E948D78E1
:1067000061E07BE184E19BE10E9494C7C7010E94A4
:10671000BD7880919E05811105C0AE968FADAE9774
:106720008093B70986EE9AE10E94B43811110EC029
:1067300080919F059091A0058C3F914039F00E9477
:10674000DD3882EC9AE10E94B43812E068EA7AE11E
:106750008BEB9AE10E9494C700919E0581E0082787
:1067600021EA35E040E250E0B7018FE995E00E9470
:1067700070346DE87AE181EA9AE10E9494C7CE0113
:1067800083599F4F0E948D788BE69AE10E94B4381E
:1067900011110EC080919F059091A0058D319240FE
:1067A00039F00E94DD3880E49AE10E94B43812E0AA
:1067B00061E37AE189E39AE10E9494C700919E0522
:1067C00081E0082721EA35E049E050E0B7018FE990
:1067D00095E00E94703480919E0581110FC08981DF
:1067E000809399058A819B81AC81BD8180939505B9
:1067F00090939605A0939705B093980585E19AE14B
:106800000E94B43811110EC080919F059091A0058F
:106810008632924039F00E94DD3880EF99E10E9483
:10682000B43812E060EE79E189EE99E10E9494C7F4
:1068300000919E0581E0082721EA35E042E150E021
:10684000B7018FE995E00E94703483EC99E10E94D2
:10685000B43811110EC080919F059091A005883326
:10686000924039F00E94DD388DE999E10E94B438F8
:1068700012E061E879E186E999E10E9494C700910C
:106880009E0581E0082721EA35E044E250E0B701A7
:106890008FE995E00E94703481E799E10E94B43855
:1068A00011110EC080919F059091A0058C359240EA
:1068B00039F00E94DD3888E599E10E94B43812E091
:1068C00069E479E181E599E10E9494C700919E0510
:1068D00081E0082721EA35E040E150E0B7018FE987
:1068E00095E00E9470348DE299E10E94B438111154
:1068F0000EC080919F059091A0058C36924039F092
:106900000E94DD3888E099E10E94B43812E06DEE13
:1069100078E181E099E10E9494C700919E0581E0B1
:10692000082721EA35E042E050E0B7018FE995E021
:106930000E9470348AEC98E10E94B43811110EC0A4
:1069400080919F059091A0058E36924039F00E946B
:10695000DD388EE998E10E94B43812E064E878E10D
:1069600087E998E10E9494C7C7010E94CD78809181
:106970009E0581110CC089819A81AB81BC81809375
:10698000FC089093FD08A093FE08B093FF0886E6EC
:1069900098E10E94B43811110EC080919F0590912A
:1069A000A0058237924039F00E94DD388FE398E1EC
:1069B0000E94B43812E062E278E188E398E10E9434
:1069C00094C700919E0581E0082721EA35E040E167
:1069D00050E0CE0101967C01BC018FE995E00E9458
:1069E000703488E098E10E94B43811110EC0809193
:1069F0009F059091A0058238924039F00E94DD38C1
:106A000085EE97E10E94B43812E06CEC77E18EEDF0
:106A100097E10E9494C700919E0581E0082721EA32
:106A200035E04CE650E0B7018FE995E00E94703404
:106A300088EB97E10E94B43811110EC080919F0538
:106A40009091A0058E3E924039F00E94DD388BE98E
:106A500097E10E94B43812E068E877E184E997E1B1
:106A60000E9494C700919E0581E0082721EA35E045
:106A700048E050E06DE875E08FE995E00E947034E1
:106A80008BE697E10E94B43811110EC080919F05EA
:106A90009091A005863F924039F00E94DD3885E450
:106AA00097E10E94B43812E069E277E18EE397E162
:106AB0000E9494C7C7010E94AD786EE077E182E240
:106AC00097E10E9494C7CE018D579F4F0E946D7829
:106AD00061EF76E187E097E10E9494C7CE01835988
:106AE0009F4F0E94CD7880E3F70111928A95E9F7D4
:106AF0008EED96E10E94B43811110DC080919F0572
:106B00009091A0058730934031F00E94DD3882ECEF
:106B100096E10E94B43860EB76E18BEB96E10E943F
:106B200094C700919E0581E0082721EA35E040E303
:106B300050E0B7018FE995E00E94703480919E0586
:106B4000811110C08CE0F701DE01A359BF4F019005
:106B50000D928A95E1F789819A810C9709F474C0A6
:106B60000E94C6EA69E976E189EA96E10E9494C743
:106B700000919E0581E0082721EA35E048E050E0D9
:106B800065E875E08FE995E00E94703480919F057B
:106B90009091A0058F33934009F0E0CA2091A105A0
:106BA0003091A205CB57DF4F88819981C558D040DD
:106BB0002817390709F059C080919E0581111CC022
:106BC0000E94E53886EB92E00E94717E6BED72E0E8
:106BD0008CE796E10E94F0CE6091A1057091A2052C
:106BE0008FE696E10E94F0CE8CE696E10E94B438E2
:106BF00082E596E10E94404180919E05811102C08C
:106C00000E94C3C610E00C9416AE863008F04CC04B
:106C1000C757DF4F9881C958D040963008F044C01C
:106C2000899F6001112421E0C21AD10808F47DCBAC
:106C300067E97EE18EE99EE10E9494C7CE01875804
:106C40009F4F0E94CD78EFCF8B81813009F088CFA4
:106C50008CE0FE01E359FF4FA4E3B8E001900D92F0
:106C60008A95E1F70E942CDA7DCF0E94DD38CB5760
:106C7000DF4F68817981C558D04082E196E10E945A
:106C8000F0CE6091A1057091A2058DE096E10E9481
:106C9000F0CE8DEF95E10E94B4388DEE95E10E9423
:106CA000404113E00C9416AE0E94DD3882E396E179
:106CB0000E94B43814E00C9416AE9F92AF92BF922B
:106CC000CF92DF92EF92FF920F931F93CF93DF93B8
:106CD00000D01F921F92CDB7DEB7E1EAF6E300279E
:106CE000BB27462F572FA82FAA2341F4A52F542F97
:106CF000B85FAA2319F4A52F5527B85FA03138F43F
:106D00005295A295452F4F70507FA42BBC5FA034A5
:106D100028F4550FAA1F550FAA1FBE5FA03818F4FC
:106D2000550FAA1FB395550FAA1FEA0FF01F4491E4
:106D300051E0AA27B85081F1C8F0B0FF02C0440F5B
:106D4000551FB1FF04C0440F551F440F551FB2FF1C
:106D500006C052954295142F1F70407F512BB3FFF0
:106D60001BC0A52F542F44270C94CCB6B195B0FF6F
:106D700002C055954795B1FF04C055954795559567
:106D80004795B2FF05C05295407F4295452B5F70F5
:106D9000B3FF02C0452F5527DD24CC24BB24B2E02D
:106DA000649FD018C108B00AB00B749FC018B10816
:106DB000B00B849FB018B109659FC018B108B00B23
:106DC000759FB018B109859FB0196A9FB018B109B5
:106DD0007A9FB0194D9DA12C9924332799272227FA
:106DE0005D9DA00C911C301F901F201FAD9D900C2D
:106DF000311D901F201F4C9DA00C911C301F901F17
:106E0000201F5C9D900C311D901F201FAC9D300DEC
:106E1000911D201F4B9D900C311D901F201F5B9DCD
:106E2000300D911D201FAB9D900D211D4B9F300DEE
:106E3000911D201F5B9F900D211DAB9F200DB1E088
:106E4000BB24CC24DD24639FD018C108B00AB00B4A
:106E5000739FC018B108B00B839FB018B109699F28
:106E6000C018B108B00B799FB018B109899FB0194B
:106E7000629FB018B109729FB019D61AC70AB80A32
:106E800020F0B1E03B0F901F201F1124792F632FBA
:106E900090E0822F0F900F900F900F900F90DF9146
:106EA000CF911F910F91FF90EF90DF90CF90BF9007
:106EB000AF909F900895FC017081472F50E0062EFF
:106EC00002C0559547950A94E2F740FF14C04091DF
:106ED000630750E0062E02C0559547950A94E2F7E5
:106EE00040FF09C021E030E001C0220F6A95EAF7B7
:106EF000209527232083089580910509811106C0DC
:106F000081E09091060993300CF480E0089590910F
:106F1000D8108091D710891798F0891B99F4809127
:106F2000CD0B81110FC080912E0890912F08892BD5
:106F300049F481E090917406911105C080E00895B4
:106F4000885FEBCF81E00895CF93DF93C091281045
:106F5000D091291081E0CE31D105E4F020E030E07D
:106F600040E05FE36091241070912510809126101D
:106F7000909127100F9409550F9475566C1B7D0B3B
:106F800077FF03C071956195710981E063307105E8
:106F90000CF080E0DF91CF910895CF93DF93C09103
:106FA0005E07D0915F07DF77209759F5809197169C
:106FB00083FD30C00E947333882319F180918F16AE
:106FC00090919016A0919116B09192160097A105FC
:106FD000B105B9F0BC01CD01615F784D8F4F9F4F76
:106FE00020E137E240E050E00F9462546091931644
:106FF0007091941680919516909196160F94625404
:10700000E901CE0164E670E00F94D154862FDF9140
:10701000CF910895C0E1D7E2F4CF84E690E0909359
:10702000A00580939F051092A2051092A1050C94D3
:10703000B9AD0F93AB0100919E0521E0022721EA33
:1070400035E0BC018FE995E00E9470340F910895FE
:107050000E94E13886E498E30E94B4388EE398E316
:107060000E94B43882E298E30E94B4380E947B9276
:107070000E949B3380E00E94FBFC8091F4098130E8
:1070800099F00E94E1388BEA97E30E94B43881EAD4
:1070900097E30F94DD016EE571E080E090E00E94DF
:1070A0005B3281E08093F4090895CF93DF9300D0A1
:1070B0001F92CDB7DEB780915406882389F083E311
:1070C00090E09C838B831A8219829E012F5F3F4F31
:1070D00040E150E065E576E0CE0103960E940E3B6C
:1070E0000F900F900F900F90DF91CF910895CF9355
:1070F000DF9300D01F921F92CDB7DEB781E080935F
:10710000540680E1E5E5F6E0DF011D928A95E9F796
:107110000E9455B886E18D8382E390E09C838B8347
:107120001A8219829E012F5F3F4F41E050E0BE015D
:107130006B5F7F4FCE0103960E940E3B0F900F9026
:107140000F900F900F90DF91CF9108954F925F9223
:107150006F927F928F929F92AF92BF92CF92DF9267
:10716000EF92FF92CF93DF9300D000D0CDB7DEB780
:107170009E838D830E94D02F4B015C01AD81BE8127
:1071800018964D905D906D907C901B97AC019B0183
:10719000C301B2010F9408556B017C018091DD0998
:1071A0009091DE09A091DF09B091E00989839A836B
:1071B000AB83BC8320E030E0A901BC01CD010F947A
:1071C0001E4E882349F020E030E0A901C701B60136
:1071D0000F941E4E1816ECF0AD81BE811896CD921C
:1071E000DD92ED92FC921B9726960FB6F894DEBFC7
:1071F0000FBECDBFDF91CF91FF90EF90DF90CF908A
:10720000BF90AF909F908F907F906F905F904F90C6
:10721000089529813A814B815C81C301B2010F94A9
:10722000695787FFE1CF2091D8093091D909409162
:10723000DA095091DB09C501B4010F94844E9B011A
:10724000AC0160E070E080E89FE30F9408559B017B
:10725000AC01C701B6010F940356ED81FE81608732
:10726000718782879387C0CF8D3121E0920714F018
:107270008DE191E090935510809354100C944B271E
:10728000CF93DF9380916407811119C0C0913102BF
:10729000D0913202219720E030E040E05FE360913E
:1072A00050107091511080915210909153100F9482
:1072B00009550F94755621E06C177D070CF020E0FE
:1072C000822FDF91CF9108958F929F92AF92BF92BC
:1072D000CF92DF92EF92FF920F931F93CF93DF93A2
:1072E000EC018A01072E000C880B990B0F94254E98
:1072F0004B015C01C880D980EA80FB80A701960120
:107300000F94695718162CF488829982AA82BB823E
:1073100010C0B801110F880B990B0F94254E4B012B
:107320005C01AC019B01C701B6010F9469571816A7
:107330005CF3DF91CF911F910F91FF90EF90DF9061
:10734000CF90BF90AF909F908F900895AF92BF92D3
:10735000CF92DF92EF92FF920F931F93CF93DF9321
:10736000CAE5DAE008ED18E08AE6A82E8AE0B82E31
:10737000C12CD12C7601C39469917991899199910D
:107380000F94234E288939894A895B890F94844E4A
:107390000F947C56F80161937193819391938F01BF
:1073A000C616D706E806F90610F46B017C01AC1688
:1073B000BD0611F76FEF7FEFCB01A70196010F9488
:1073C00062542093E8083093E9084093EA08509308
:1073D000EB08DF91CF911F910F91FF90EF90DF901D
:1073E000CF90BF90AF9008950F931F93CF93DF93EB
:1073F0000EE61AE0CAECDAE0F801219131914191F0
:1074000051918F0160E070E080E89FE30F94035694
:107410006993799389939993FAE0CA3DDF0761F7FD
:107420000F942901DF91CF911F910F910C94A6B970
:107430009091D7108091D810981306C080910009C0
:1074400090910109892B21F080E00E94974AF0CFAA
:1074500008959091D7108091D810981308C080910A
:10746000000990910109892B11F40C944F9D80E043
:107470000E94974AEECF8F929F92AF92BF92CF9287
:10748000DF92EF92FF92CF93DF932091DC092223CA
:1074900009F482C0EC018090DD099090DE09A09093
:1074A000DF09B090E00920E030E0A901C501B40196
:1074B0000F941E4E882309F47AC0C884D984EA84C4
:1074C000FB8420E030E0A901C701B6010F941E4EF5
:1074D00018160CF06CC0A7019601C501B4010F94F9
:1074E0001E4E18160CF058C02091D4093091D509C1
:1074F0004091D6095091D709C701B6010F941E4E8D
:10750000882321F1C092D409D092D509E092D609FE
:10751000F092D7092091D8093091D9094091DA0920
:107520005091DB09C701B6010F94844E9B01AC0159
:1075300060E070E080E89FE30F94085560932D02AF
:1075400070932E0280932F0290933002C0902D02F0
:10755000D0902E02E0902F02F090300220E030E038
:10756000A901C701B6010F941E4E8823A9F0CE01D0
:107570000E94D02F9B01AC01C701B6010F94844E2D
:107580009B01AC01688579858A859B850F94095597
:10759000688779878A879B87DF91CF91FF90EF90EB
:1075A000DF90CF90BF90AF909F908F900895C12CA7
:1075B000D12C80E8E82E8FE3F82ED9CFCF92DF923E
:1075C000EF92FF9280919905882309F457C0C090EB
:1075D0009505D0909605E0909705F090980520E0ED
:1075E00030E0A901C701B6010F941E4E882309F4AB
:1075F00045C020E030E040E05FE3C701B6010F94F2
:10760000844E9B01AC010F94844E2BED3FE049E486
:1076100050E40F94844E9B01AC0160E070E080E880
:107620009FE30F9403566B017C01C0922A08D0920D
:107630002B08E0922C08F0922D0860913502709191
:107640003602072E000C880B990B0F94254E2AE06A
:1076500037ED43E25CE30F94844EA70196010F944B
:10766000844E609355027093560280935702909314
:107670005802FF90EF90DF90CF900895C12CD12C4D
:1076800080E8E82E8FE3F82ED0CF2F923F924F92D2
:107690005F926F927F928F929F92AF92BF92CF92A2
:1076A000DF92EF92FF920F931F93CF93DF93CDB7AB
:1076B000DEB7A0970FB6F894DEBF0FBECDBF1C019A
:1076C0007B015E834D83FC01E15BFF4F20813181B3
:1076D0004281538129833A834B835C83CA01B90178
:1076E0000F94234E4B015C01D7012D913D914D919B
:1076F0005C910F94844E0F94E7552B013C01ED8172
:10770000FE812081318142815381C501B4010F94F2
:10771000844E0F94E7556B017C01C301B2010F94B5
:107720007C566D877E878F87988B683771058105BA
:10773000910540F428E730E040E050E02D873E8797
:107740004F87588BC701B6010F947C566D837E839B
:107750008F839887683771058105910540F488E724
:1077600090E0A0E0B0E08D839E83AF83B887D10125
:1077700095962D913D914D915C91989729873A87E7
:107780004B875C87F101E55AFF4F608171818281EF
:107790009381611571058105910509F4FCC10F9470
:1077A000254E6D8B7E8B8F8B988F9B01AC0160E09B
:1077B00070E080E89FE30F940356698F7A8F8B8F78
:1077C0009C8F20E030E040E05FE30F94844E6B013B
:1077D0007C01A5019401C501B4010F94844E2B01D5
:1077E0003C016D817E818F8198850F94234E9B0192
:1077F000AC010F94844E9B01AC01C301B2010F9404
:107800000855A70196010F94844E4B015C016D85CC
:107810007E858F8598890F94234E9B01AC010F9430
:10782000844E6D8F7E8F8F8F98A39B01AC01C30117
:10783000B2010F940855A70196010F94844E2B01B5
:107840003C010F94E7550F947C566B017C01C501F8
:10785000B4010F94AB560F947C56698B7A8B8B8B4B
:107860009C8BDC01CB018C0D9D1DAE1DBF1D2985A0
:107870003A854B855C85281B390B4A0B5B0BDA017B
:10788000C901B7FF61C069857A858B859C850F9496
:10789000234EA30192010F940955A50194010F9461
:1078A000085520E030E040E05FE30F94844E0F94F1
:1078B000E7556B017C0120E030E0A9010F94695786
:1078C00018161CF0C12CD12C7601C701B6010F94FB
:1078D0007C566B017C0189859A85AB85BC858C15AE
:1078E0009D05AE05BF0510F46C017D0129853A8523
:1078F0004B855C852C193D094E095F09298B3A8B14
:107900004B8B5C8BC701B6010F94234E4B015C017E
:107910002D893E894F89588DCA01B9010F940955A7
:107920009B01AC01C501B4010F94844E2D8D3E8D99
:107930004F8D58A10F9409550F94B7570F947C564B
:1079400069837A838B839C8320E034E244EF59E49B
:10795000698D7A8D8B8D9C8D0F94844E4B015C01CB
:1079600069817A818B819C812D853E854F855889DF
:10797000621B730B840B950B0F94234EA50194018E
:107980000F94844E0F947C562B013C0169817A81BF
:107990008B819C812D813E814F815885621B730BA9
:1079A000840B950B0F94234EA50194010F94844EE4
:1079B0000F947C564B015C013FE643165104610471
:1079C000710408F0F4C0F201EE0FFF1FEE0FFF1F6D
:1079D000EB51FB4C85919591A591B4918C01AD8BA8
:1079E000B9874FE684169104A104B10408F0E7C0FA
:1079F000F401EE0FFF1FEE0FFF1FEB51FB4C459103
:107A0000559165917491342F252F698F7D8FD10108
:107A10009996CD92DD92ED92FC929C979596CD90A1
:107A2000DD90ED90FC909897B701A60189899A891D
:107A3000AB89BC89481B590B6A0B7B0BD1019D9606
:107A40004D935D936D937C93D097F101ED5AFF4F69
:107A50008D859E85AF85B88980839183A283B3830A
:107A6000D101D5964D925D926D927C92D897F1019D
:107A700081AE92AEA3AEB4AEFD96008311834D8964
:107A8000428359855383349630832183898D828341
:107A90009D8D938329813A814B815C81D1962D9371
:107AA0003D934D935C93D49776962D813E814F8183
:107AB00058852083318342835383719780819181DC
:107AC000A281B381892B8A2B8B2B09F44BC0D10166
:107AD00091966D917D918D919C9194970F94234EE9
:107AE0002091FC083091FD084091FE085091FF085C
:107AF0000F94844E4B015C01C701B6010F94234ED5
:107B00009B01AC01C501B4010F9403566B017C01CC
:107B1000F101E55BFF4FFA87E98769817A818B8103
:107B20009C810F94234EA70196010F94844E0F94CD
:107B30007C56A985BA856D937C93F101E35BFF4F79
:107B4000FA83E9836D817E818F8198850F94234E1E
:107B5000A70196010F94844E0F947C56A981BA8197
:107B60006D937C93A0960FB6F894DEBF0FBECDBF89
:107B7000DF91CF911F910F91FF90EF90DF90CF9009
:107B8000BF90AF909F908F907F906F905F904F903D
:107B90003F902F900895198E1A8E1B8E1C8E198A75
:107BA0001A8A1B8A1C8AC12CD12C7601CDCEC30126
:107BB000B2010E945DB68B018D8B998712CFC501F2
:107BC000B4010E945DB6362F272F898F9D8F1FCF5E
:107BD00090916F0081E091FD02C080E00895909146
:107BE0006F009D7F90936F000895CF92DF92EF9288
:107BF000FF92FC01C080D180E280F38020917A0A5C
:107C000030917B0A40917C0A50917D0AC701B601F0
:107C10000F94844E0F9476576093F5107093F6107E
:107C20008093F7109093F810C092E510D092E61070
:107C3000E092E710F092E8109091D7108091D81060
:107C4000981731F0FF90EF90DF90CF900D94EC00FB
:107C50000E9418BA0E94E8BD4091F5105091F610AC
:107C60006091F7107091F8104093CA055093CB05BE
:107C70006093CC057093CD05882331F0FF90EF9091
:107C8000DF90CF900C943E32FF90EF90DF90CF903A
:107C900008954F925F926F927F928F929F92AF92D0
:107CA000BF92CF92DF92EF92FF92CF93DF93EC01DE
:107CB00080E1FE01A9EDB0E101900D928A95E1F716
:107CC00020917A0A30917B0A40917C0A50917D0A7A
:107CD0006C857D858E859F850F94844E0F94765795
:107CE0006B017C012091760A3091770A4091780AE5
:107CF0005091790A688579858A859B850F94844E91
:107D00000F9476574B015C012091720A3091730AEF
:107D10004091740A5091750A6C817D818E819F819A
:107D20000F94844E0F9476572B013C0120916E0ADC
:107D300030916F0A4091700A5091710A688179817F
:107D40008A819B810F94844E0F9476576093E9103B
:107D50007093EA108093EB109093EC104092ED102A
:107D60005092EE106092EF107092F0108092F1102D
:107D70009092F210A092F310B092F410C092F5100D
:107D8000D092F610E092F710F092F8109091D71080
:107D90008091D810981781F0DF91CF91FF90EF90EC
:107DA000DF90CF90BF90AF909F908F907F906F901B
:107DB0005F904F900D94EC000E9418BA0E94E8BDAD
:107DC000C82F89EE90E10E94B79CCC2381F0DF910F
:107DD000CF91FF90EF90DF90CF90BF90AF909F90AA
:107DE0008F907F906F905F904F900C943E32DF9118
:107DF000CF91FF90EF90DF90CF90BF90AF909F908A
:107E00008F907F906F905F904F900895CF92DF9208
:107E1000EF92FF92CF93DF93C82F0E94E8BD94E0CA
:107E2000C99FE0011124FE01E254FA4FC080D180C5
:107E3000E280F38081110E943E32C653D54FC701C4
:107E4000B6010F94254E288139814A815B810F94B8
:107E5000844EDF91CF91FF90EF90DF90CF90089507
:107E6000CF92DF92EF92FF92CF93DF93C82F0E94C1
:107E7000E8BD94E0C99FE0011124FE01EE54FA4FE1
:107E8000C080D180E280F38081110E943E32C653CF
:107E9000D54FC701B6010F94254E288139814A81FB
:107EA0005B810F94844EDF91CF91FF90EF90DF9034
:107EB000CF9008950E94E8BD9091D8109093D7106C
:107EC0009093D6109093D51094E69093D41021ED12
:107ED00033E0309301092093000981110E943E3262
:107EE00081E08093B1050895873010F48F5F089585
:107EF00087500895CF93DF939091D8108091D71039
:107F0000891740F0891B41F4D0E0C0E0CE01DF9139
:107F1000CF910895885FF6CF9091D410992351F0B6
:107F2000833030F48FEF890F19F08093D410ECCFA9
:107F30001092D410C091D81084E7C89FE00111249A
:107F4000C750DF4E888180FDDFCF8091D8100E941E
:107F500074BF8093D5109091D8108091D61098134B
:107F6000D5CF8091D5108093D610D0CFCF93DF930B
:107F70001F92CDB7DEB7898360E0CE0101960E94E3
:107F80005BB761E0CE0101960E945BB762E0CE0173
:107F900001960E945BB789810F90DF91CF91089580
:107FA0004F925F926F927F928F929F92AF92BF9209
:107FB000CF92DF92EF92FF92FC014080518062806D
:107FC000738084809580A680B780C084D184E28449
:107FD000F38420E030E0A901C301B2010F941E4EEA
:107FE000811125C020E030E0A901C501B4010F9442
:107FF0001E4E81111CC020E030E0A901C701B6016E
:108000000F94695787FF04C0F7FAF094F7F8F094DB
:10801000C701B601FF90EF90DF90CF90BF90AF9077
:108020009F908F907F906F905F904F900895A301E5
:108030009201C301B2010F94844E2B013C01A501B2
:108040009401C501B4010F94844E9B01AC01C3019E
:10805000B2010F9409554B015C01A7019601C701BC
:10806000B6010F94844E9B01AC01C501B4010F947D
:108070000955FF90EF90DF90CF90BF90AF909F9009
:108080008F907F906F905F904F900D94B7578F9225
:108090009F92AF92BF92CF92DF92EF92FF92CF93D7
:1080A000DF9320913B02222309F48EC0EC018091E2
:1080B0006307E82E80FF2CC080903D0290903E0226
:1080C000A0903F02B0904002288139814A815B81B3
:1080D000C501B4010F946957181624F48882998257
:1080E000AA82BB828090490290904A02A0904B02E3
:1080F000B0904C02288139814A815B81C501B4016D
:108100000F941E4E87FF04C088829982AA82BB8288
:10811000E1FE2CC08090410290904202A090430268
:10812000B09044022C813D814E815F81C501B40134
:108130000F946957181624F48C829D82AE82BF82F8
:1081400080904D0290904E02A0904F02B09050024D
:108150002C813D814E815F81C501B4010F941E4E7B
:1081600087FF04C08C829D82AE82BF82E2FE2CC05B
:10817000C0904502D0904602E0904702F09048023D
:10818000288539854A855B85C701B6010F946957F3
:10819000181624F4C886D986EA86FB86C090510258
:1081A000D0905202E0905302F09054022885398515
:1081B0004A855B85C701B6010F941E4E87FF04C038
:1081C000C886D986EA86FB86DF91CF91FF90EF9033
:1081D000DF90CF90BF90AF909F908F9008952F9297
:1081E0003F924F925F926F927F928F929F92AF9247
:1081F000BF92CF92DF92EF92FF920F931F93CF9394
:10820000DF93CDB7DEB7EC970FB6F894DEBF0FBEA5
:10821000CDBF84EE99E00E9447C08091020983FDA2
:1082200070C02091B90A3091BA0A4091BB0A5091AE
:10823000BC0A6091F0097091F1098091F209909166
:10824000F3090F941E4E882309F45BC00E9440B9C5
:10825000182F882331F00E94E53880E794E30E94CC
:10826000B4382091B90A3091BA0A4091BB0A5091B2
:10827000BC0A6091F0097091F1098091F209909126
:10828000F3090F9408556B017C0120E030E0A9014F
:108290000F94695787FF04C0F7FAF094F7F8F09449
:1082A0002091550230915602409157025091580248
:1082B000C701B6010F94844E20E030E84BE354E44C
:1082C0000F9469571816DCF40E94E53881E594E3B1
:1082D0000E94B4388091F0099091F109A091F209BF
:1082E000B091F3098093B90A9093BA0AA093BB0A9C
:1082F000B093BC0A80EF99E00E94F5BD02C0111155
:10830000E9CF2AE037ED43E25CE360915F027091D0
:10831000600280916102909162020F94844E6B0121
:108320007C0160915D0270915E02072E000C880B4B
:10833000990B0F94254E9B01AC01C701B6010F9418
:10834000844E6DA77EA78FA798AB8091DC09882308
:1083500011F18090DD099090DE09A090DF09B090C6
:10836000E009C090EC09D090ED09E090EE09F090A2
:10837000EF0920E030E0A901C501B4010F941E4EC1
:10838000882309F440C0A7019601C501B4010F94E8
:1083900069571816C4F119821A821B821C821D8229
:1083A0001E821F82188619861A861B861C86AE01BD
:1083B0004F5F5F4FBE01635D7F4F84EE99E00F9486
:1083C000A21480E1E4EEF9E0ADEABAE001900D928A
:1083D0008A95E1F7EC960FB6F894DEBF0FBECDBFDD
:1083E000DF91CF911F910F91FF90EF90DF90CF9091
:1083F000BF90AF909F908F907F906F905F904F90C5
:108400003F902F9008952091AD0A3091AE0A40918F
:10841000AF0A5091B00A6091E4097091E50980912A
:10842000E6099091E7090F94085569AB7AAB8BABDD
:108430009CAB698B7A8B8B8B9C8B2091B10A309192
:10844000B20A4091B30A5091B40A6091E809709160
:10845000E9098091EA099091EB090F9408556DABF9
:108460007EAB8FAB98AF6D8B7E8B8F8B988F20916F
:10847000B50A3091B60A4091B70A5091B80AC701BF
:10848000B6010F94085569AF7AAF8BAF9CAF698F77
:108490007A8F8B8F9C8F2091B90A3091BA0A4091C4
:1084A000BB0A5091BC0A6091F0097091F10980916A
:1084B000F2099091F3090F9408552B013C014D8E60
:1084C0005E8E6F8E78A220E030E0A90169A97AA9BA
:1084D0008BA99CA90F941E4E81110CC020E030E0A6
:1084E000A9016DA97EA98FA998AD0F941E4E88236E
:1084F00009F451CFCE0141960E94D0BF6B017C019F
:108500002DEB37E346E855E30F941E4E87FF0FC06F
:1085100020E030E0A901C301B2010F946957730153
:10852000620187FF04C0F7FAF094F7F8F0942DEB9E
:1085300037E346E855E3C701B6010F941E4E87FDA9
:1085400040CF20E030E040EA50E4C701B6010F948C
:1085500003560F947C561B01672B19F42224239495
:10856000312CB10190E080E00F94234E9B01AC01CF
:1085700060E070E080E89FE30F9403564B015C01DC
:10858000AC019B0169A97AA98BA99CA90F94844E7F
:1085900069AB7AAB8BAB9CABA50194016DA97EA9AD
:1085A0008FA998AD0F94844E6DAB7EAB8FAB98AF17
:1085B000A501940169AD7AAD8BAD9CAD0F94844E4D
:1085C00069AF7AAF8BAF9CAFA5019401C301B20133
:1085D0000F94844E2B013C01A5019401C701B60103
:1085E0000F94844E69A37AA38BA39CA31DA21EA201
:1085F0001FA218A619A61AA61BA61CA680E1EDEAC2
:10860000FAE08E010F5F1F4FD80101900D928A95FD
:10861000E1F70E94607A6B017C0128ECC20ED11C4C
:10862000E11CF11C81E0281A310809F455C00E94B0
:10863000607A4B015C018C189D08AE08BF08B7FC3E
:108640004FC06B017C01A8ECCA0ED11CE11CF11CCF
:1086500080E00E94974A29A93AA94BA95CA969819F
:108660007A818B819C810F94095569837A838B83EE
:108670009C832DA93EA94FA958AD6D817E818F8124
:1086800098850F9409556D837E838F83988729ADD4
:108690003AAD4BAD5CAD69857A858B859C850F9431
:1086A000095569877A878B879C87A30192016D851D
:1086B0007E858F8598890F9409556D877E878F8772
:1086C000988BAE014F5D5F4FBE01635D7F4FC80168
:1086D0000F94A2148111A6CFAE014F5D5F4F6ACEF9
:1086E0000E94C394B8CF8091940790919507A09170
:1086F0009607B091970780935F0290936002A093D2
:108700006102B093620280919207909193079093D7
:108710005E0280935D02089580915F0290916002F5
:10872000A0916102B09162028093940790939507A3
:10873000A0939607B093970780915D0290915E0297
:10874000909393078093920784E690E090935E0263
:1087500080935D0208954F925F926F927F928F9205
:108760009F92AF92BF92CF92DF92EF92FF92CF9300
:10877000DF9380905F0290906002A0906102B090C1
:108780006202C0915D02D0915E0224E630E0309337
:108790005E0220935D024090550250905602609018
:1087A00057027090580240E050E060E87FE3409349
:1087B0005502509356026093570270935802FC0181
:1087C000C080D180E280F38020E030E0A901C701C1
:1087D000B6010F941E4E882341F0C0925F02D092E2
:1087E0006002E0926102F09262020E94EFC0409249
:1087F0005502509256026092570270925802D093DE
:108800005E02C0935D0280925F0290926002A0922D
:108810006102B0926202DF91CF91FF90EF90DF9002
:10882000CF90BF90AF909F908F907F906F905F9010
:108830004F900895CF93DF93CDB7DEB72C970FB647
:10884000F894DEBF0FBECDBF19821A821B821C8234
:108850001D821E821F82188619861A861B861C8618
:10886000AE014F5F5F4FBC018DEA9AE00F94A214F6
:108870002C960FB6F894DEBF0FBECDBFDF91CF911F
:1088800008958F929F92AF92BF92CF92DF92EF9214
:10889000FF920F931F93CF93DF9300D000D01F92CE
:1088A0001F92CDB7DEB77C016B018A01F901808090
:1088B0009180A280B38020E030E0A901B401C5011D
:1088C0000F941E4E811196C05091590240915A0248
:1088D00030915B0220915C02852F942FA32FB22F41
:1088E00089839A83AB83BC8320E030E0A901B40183
:1088F000C5010F941E4E811106C0812C912C80E27F
:10890000A82E91E4B92EC401D5018D839E83AF8337
:10891000B887F80180809180A280B380A50194017E
:108920006091B50A7091B60A8091B70A9091B80A21
:108930000F941E4E87FF0CC08092B50A9092B60A23
:10894000A092B70AB092B80ACE0105960E941AC446
:10895000F60180819181A281B381F701408151812B
:10896000628173814093AD0A5093AE0A6093AF0A5F
:108970007093B00A8093B10A9093B20AA093B30A9D
:10898000B093B40ACE0101960E941AC4F801C080C7
:10899000D180E280F380A70196016091B50A7091C1
:1089A000B60A8091B70A9091B80A0F9469571816C1
:1089B00064F4C092B50AD092B60AE092B70AF09277
:1089C000B80ACE0105960E941AC40E9418BA2896C9
:1089D0000FB6F894DEBF0FBECDBFDF91CF911F91D0
:1089E0000F91FF90EF90DF90CF90BF90AF909F904E
:1089F0008F900895582D492D3A2D2B2D6DCFCF9363
:108A0000DF9300D000D01F921F92CDB7DEB7AC012C
:108A10009B0198E0EDEAFAE0DE01119601900D92DB
:108A20009A95E1F7BE016B5F7F4FCE0101960E94E0
:108A300041C428960FB6F894DEBF0FBECDBFDF91BC
:108A4000CF9108958F929F92AF92BF92CF92DF9273
:108A5000EF92FF921F93CF93DF9300D01F92CDB779
:108A6000DEB7142FFC01C080D180E280F380C98280
:108A7000DA82EB82FC826623D9F08090CE1090904F
:108A8000CF10A090D010B090D11020E030E0A9011C
:108A9000C501B4010F941E4E87FF0AC0A5019401C1
:108AA000C701B6010F94085569837A838B839C8331
:108AB00020E030E048EC53E469817A818B819C812D
:108AC0000F946957181644F480E090E0A8ECB3E4E2
:108AD00089839A83AB83BC838090B50A9090B60A51
:108AE000A090B70AB090B80AC980DA80EB80FC8009
:108AF000111108C0A5019401C701B6010F941E4EC3
:108B000087FD0EC0A5019401C701B6010F941E4E4A
:108B1000882331F060E273E0CE0101960E94FFC429
:108B20000F900F900F900F90DF91CF911F91FF90BA
:108B3000EF90DF90CF90BF90AF909F908F9008956F
:108B4000EF92FF920F931F93CF93DF937C018B01E2
:108B50000E947F32CDEADAE0209155023091560230
:108B60004091570250915802F701608171818281D2
:108B700093810F9403562C853D854E855F850F9418
:108B800009556C877D878E879F87C8010E941AC40C
:108B9000DF91CF911F910F91FF90EF900C9418BA35
:108BA0008F929F92AF92BF92CF92DF92EF92FF92FD
:108BB0001F93CF93DF93CDB7DEB760970FB6F894CE
:108BC000DEBF0FBECDBF182F80E00E9406BF4B0155
:108BD0005C018092860790928707A0928807B092E6
:108BE000890781E00E9406BF6B017C01C0928A0761
:108BF000D0928B07E0928C07F0928D0782E00E9462
:108C000006BF60938E0770938F07809390079093B1
:108C100091071D861E861F86188A89829A82AB82DA
:108C2000BC82CD82DE82EF82F88669877A878B8765
:108C30009C8783E00E9406BF6D877E878F87988B15
:108C40008091DC09882321F0CE0101960E94A6B80C
:108C50001E3FD9F480E1FE013196ADEABAE0019001
:108C60000D928A95E1F760960FB6F894DEBF0FBEBD
:108C7000CDBFDF91CF911F91FF90EF90DF90CF900C
:108C8000BF90AF909F908F90089584E0189FF0015F
:108C90001124DF01A355B54F81E090E08C0F9D1F9B
:108CA000E80FF91F40815181628173814D935D937B
:108CB0006D937C931397D7CF0D9429010F931F9336
:108CC000CF93DF93EC018B018091E309882309F1B5
:108CD00081E00E94FBFC69E170E080E090E00E948E
:108CE0005B32B801CE010E94FFC4C091B406C470CB
:108CF00080E00E94FBFCC11116C01092B40682E015
:108D00000E94D0C50E945CC681E0CC2339F080E08F
:108D100005C00E9470368823D9F281E0DF91CF919F
:108D20001F910F9108958091E3098111E6CF0E9470
:108D30003336882311F3F1CFCF93DF93CDB7DEB76E
:108D40002C970FB6F894DEBF0FBECDBF0E9426FC55
:108D50000E94E8BD9CE0EEEBF5E0DE01119601908B
:108D60000D929A95E1F781110E943E32CE01019653
:108D70000E94649C2C960FB6F894DEBF0FBECDBF48
:108D8000DF91CF9108954F925F926F927F928F9271
:108D90009F92AF92BF92CF92DF92EF92FF920F938A
:108DA0001F93CF93DF9300D000D0CDB7DEB7809173
:108DB000AD0A9091AE0AA091AF0AB091B00A898332
:108DC0009A83AB83BC834090B10A5090B20A609002
:108DD000B30A7090B40A8090B50A9090B60AA09039
:108DE000B70AB090B80AC090B90AD090BA0AE09019
:108DF000BB0AF090BC0A0E94A6B90E9431270E94CB
:108E0000DEBA0DE312E01E821D828D819E818359A0
:108E1000974C0E944527D8016D937D938D939D9328
:108E20008D018D819E818F59974C0E944527F801B5
:108E300060877187828793878D819E8104969E8348
:108E40008D830C9711F78AE995E00E9456FF0E94E6
:108E5000BD310E94F4B929813A814B815C816091D6
:108E6000AD0A7091AE0A8091AF0A9091B00A0F944A
:108E70001E4E81112AC0A30192016091B10A709126
:108E8000B20A8091B30A9091B40A0F941E4E8111D8
:108E90001CC0A50194016091B50A7091B60A809139
:108EA000B70A9091B80A0F941E4E81110EC0A70107
:108EB00096016091B90A7091BA0A8091BB0A9091AB
:108EC000BC0A0F941E4E8823C1F026960FB6F89464
:108ED000DEBF0FBECDBFDF91CF911F910F91FF90ED
:108EE000EF90DF90CF90BF90AF909F908F907F904A
:108EF0006F905F904F900C949CC626960FB6F89496
:108F0000DEBF0FBECDBFDF91CF911F910F91FF90BC
:108F1000EF90DF90CF90BF90AF909F908F907F9019
:108F20006F905F904F900895CF93DF93EB010E9475
:108F3000B438CE010E94B438DF91CF910C947E3BBF
:108F400080916606811105C08091E209882309F4A9
:108F50005DC080918507659B53C0816080938507C4
:108F6000909103018091850791FF4CC082608093AE
:108F70008507809185074A9B47C084608093850759
:108F80008091781080FF10C08091791080FD0CC016
:108F90008091850780FF08C08091B406816080932E
:108FA000B40680E00E94979C8091781081FF10C0E9
:108FB0008091791081FD0CC08091850781FF08C0E8
:108FC0008091B40682608093B40681E00E94979CF1
:108FD0008091781082FF1AC08091791082FD16C0AE
:108FE0008091E209882391F08091850782FF0EC06D
:108FF0008091B40684608093B40682E00C94979CC0
:109000008E7FACCF8D7FB3CF8B7FB8CF08950F937A
:109010001F93CF93DF9300D01F92CDB7DEB784EFBD
:1090200091E0A0E0B0E089839A83AB83BC83BE016A
:109030006F5F7F4F8CE30E94B83587E394E30E9413
:10904000B43881E394E3659B42C00E94B4386DEF6D
:1090500073E387E094E30E9494C78091030181FD4C
:1090600042C08BE294E30E94B43868EF73E387E078
:1090700094E30E9494C785E294E34A9942C00E9417
:10908000B43868EF73E387E094E30E9494C71091CB
:1090900028088CE194E3123009F450C00E94B438DF
:1090A00089E194E30E94B438111130C084E194E363
:1090B0000E94B4384A993FC00E94FD350F900F902E
:1090C0000F900F90DF91CF911F910F9108950E9403
:1090D000B43868EF73E387E094E30E9494C780910B
:1090E000030181FFBECF8BE294E30E94B4386DEFA1
:1090F00073E387E094E30E9494C785E294E34A9B7C
:10910000BECF0E94B4386DEF73E3BDCF173061F569
:109110008AE094E30E94B43882E00E9457796DEFB0
:1091200073E3892B11F068EF73E387E094E30E9407
:1091300094C74A9BC1CF0E94E235C0CF0E94B43889
:1091400089E194E30E94B43801E010E082E00E94DB
:1091500057790817190729F08CEE93E30E941541FF
:10916000A9CF84EF93E3FACF10E000E0EFCF809136
:109170006606811104C08091E209882331F062E023
:1091800070E080E090E00C945B3208950F931F93A1
:10919000CF93DF93CDB7DEB72C970FB6F894DEBF31
:1091A0000FBECDBF182F062F80E090E0A0E2B1E403
:1091B00089839A83AB83BC8340E061E0CE01019652
:1091C0000E9422C588E0EDEAFAE0DE0111960190E6
:1091D0000D928A95E1F7112319F10E947036011161
:1091E00010C019861A861B861C869E01275F3F4F7A
:1091F00045EB5AE0BE016B5F7F4FCE0101960E94A6
:1092000041C41093E2090E94B7C82C960FB6F89497
:10921000DEBF0FBECDBFDF91CF911F910F9108959B
:109220000E943336DCCF8091B406882319F0109267
:10923000B406089540E070E060E08EED93E30E9494
:109240004E414F925F926F927F928F929F92AF9218
:10925000BF92CF92DF92EF92FF920F931F93CF9323
:10926000DF93CDB7DEB7A0970FB6F894DEBF0FBE81
:10927000CDBFF82E4A015B012801390120E030E022
:10928000A901C301B8010F941E4E811111C0FF2026
:1092900019F081E0F812ACC060E070E88BE395E46F
:1092A00020E030E040E752E40F9403562B013C01EC
:1092B0004D8E5E8E6F8E78A20F2D10E0F801EE516C
:1092C000FB4CE491CC24C3941E160CF4C12CDD2479
:1092D000D39420E030E0A901C501B4010F9469578F
:1092E00018160CF0D12CCD1471F092E0F9120BC0CD
:1092F000EE2049F081E00E94FBFC69E170E080E033
:1093000090E00E945B3280E00E9406BF69837A830E
:109310008B839C8381E00E9406BF6D837E838F8355
:10932000988782E00E9406BF69877A878B879C872F
:1093300083E00E9406BF6D877E878F87988B000F22
:10934000111F000F111FE1E0F0E0EC0FFD1F0E0FE9
:109350001F1FF8011082118212821382CE01019622
:109360000E9449BEF80180829182A282B382198A4A
:109370001A8A1B8A1C8A1D8A1E8A1F8A188E198EB9
:109380001A8E1B8E1C8E8091000990910109892BE9
:1093900051F4AE014F5E5F4FBE01635E7F4FCE0161
:1093A00001960F94C7030E9418BACD1451F0F2E051
:1093B000FF1205C0EE2019F080E00E94FBFC0E9425
:1093C00013C9A0960FB6F894DEBF0FBECDBFDF91D4
:1093D000CF911F910F91FF90EF90DF90CF90BF90B2
:1093E000AF909F908F907F906F905F904F90089577
:1093F00060E070E086E194E453CF2F923F924F9269
:109400005F926F927F928F929F92AF92BF92CF9214
:10941000DF92EF92FF920F931F93CF93DF93CDB71D
:10942000DEB764970FB6F894DEBF0FBECDBFF82E3F
:10943000282E312CF101EE51FB4CD49082E0F81231
:1094400036C08091E209811104C060E081E00E9491
:10945000C6C80E947036811169C18EED94E30E94E6
:10946000452720E030E0A9010F941E4E8823F9F033
:109470006D2DDD0C770B880B990B0F94254E2B016E
:109480003C018EED94E30E9445274B015C0120E0F6
:1094900030E040EA50E40F941E4E11E087FF1CC0FC
:1094A000812C912C90EAA92E90E4B92E15C06D2D37
:1094B000DD0C770B880B990B0F94254E2B013C018B
:1094C000C101880F991F880F991F8A529B4C0E94D7
:1094D00045274B015C0110E0A3019201C501B401D5
:1094E0000F94844E4B015C016101CC0CDD1CCC0C53
:1094F000DD1CC60186539B4C0E944527EE24E39455
:10950000E12620E030E040EC5FE30F94844EA301BD
:1095100092010F94844EAB01BC0100E010E0980171
:109520008F2D0E9421C920E030E0A901C501B401BE
:109530000F941E4E8823A9F192E000E010E09801FC
:10954000F9120AC08091E309811102C00E943336EA
:1095500000E010E020E431E4E12CB501A4017058F2
:109560008F2D0E9421C9E2E0FE1609F4D6C0A501A4
:109570009401C501B4010F940955698B7A8B8B8BCB
:109580009C8BF2E0FF12EBC000E010E020EC30E436
:10959000EE24E39449895A896B897C898F2D0E9436
:1095A00021C982E0F81202C00E94333681E090E0C7
:1095B0000F2C01C0880F0A94EAF79091E109982BCB
:1095C0009093E10990916307892B80936307C6010B
:1095D00082549B4C0E9445279B01AC018601035598
:1095E000154FF601E859F94F6081718182819381AD
:1095F0000F940955F8016083718382839383F2E0AD
:10960000FF121AC02091CE103091CF104091D0108F
:109610005091D1106091B50A7091B60A8091B70A45
:109620009091B80A0F9408556093B50A7093B60AE2
:109630008093B70A9093B80AF601E354F54F10826D
:109640001182128213820E945CC6F601E355F54F27
:1096500080819181A281B381F601EC51F64F808324
:109660009183A283B38382E0F81609F495C08CE05D
:10967000EFEBF2E0DE01119601900D928A95E1F791
:10968000E1E0F0E0EC0FFD1FEC0DFD1D808091800E
:10969000A280B38020E030E0A901C501B4010F949D
:1096A0001E4E882309F442C020E030E0A901C50124
:1096B000B4010F94695787FF04C0B7FAB094B7F8A4
:1096C000B094F601E355F54F6F01A5019401C30174
:1096D000B2010F94844E9B01AC01F601608171814F
:1096E000828193810F940855F60160837183828390
:1096F0009383F2E080E090E0A0E4B1E4FF1621F073
:1097000080E090E0A8E4B2E48D879E87AF87B88BB5
:10971000CE010D960E941AC409C08091E3098111FF
:1097200026CF0E947036882309F421CF64960FB6A5
:10973000F894DEBF0FBECDBFDF91CF911F910F9187
:10974000FF90EF90DF90CF90BF90AF909F908F9061
:109750007F906F905F904F903F902F900895F10110
:10976000E554FB4C6491611107C00E94E53889E91A
:1097700094E30E94B4386AE070E090E080E00F94D7
:10978000234E9B01AC0160E070E088E492E40F940A
:1097900003568B019C01FCCE80E00E94272781119B
:1097A000C5CF65CF0F931F938091B809813019F50C
:1097B0000E94607A009198071091990720919A076A
:1097C00030919B07601B710B820B930B28EE33E0EB
:1097D00040E050E00F94625460919C0770919D07A7
:1097E00080919E0790919F07620F731F841F951FA2
:1097F0001F910F9108956091A0077091A10780912A
:10980000A2079091A307D6CF1092B809109298079B
:109810001092990710929A0710929B071092A00736
:109820001092A1071092A2071092A30710929C0712
:1098300010929D0710929E0710929F0708958F9295
:109840009F92AF92BF92CF92DF92EF92FF920F93CF
:109850001F93CF93DF93CDB7DEB760970FB6F89421
:10986000DEBF0FBECDBF8B0140E050E060EA70E488
:109870004D875E876F87788B823009F462C0B8F5B8
:10988000813009F456C020E030E040E050E46091BF
:10989000B50A7091B60A8091B70A9091B80A0F94F0
:1098A00009554B017C0120E030E048EC53E40F9473
:1098B0006957181634F4812C912C88ECE82E93E427
:1098C000F92EF801A084B184C284D3849401A70145
:1098D000B501C6010F946957181614F054016701B9
:1098E000C501D60189839A83AB83BC834DC0833085
:1098F00009F450C0843039F680E090E0A8E4B2E486
:1099000089879A87AB87BC8788E0F801DE011196CA
:1099100001900D928A95E1F79E01275F3F4F45EB3D
:109920005AE0BE016B5F7F4FCE0101960E9441C499
:109930005DC0BE01635F7F4FC80108960E94FFC4EF
:10994000DBCFF80120853185428553856091B50ACA
:109950007091B60A8091B70A9091B80A0F94095590
:109960006B017C0120E030E048EC53E40F941E4E84
:1099700087FD06C0C12CD12C38ECE32E33E4F32E46
:10998000C982DA82EB82FC82BE01635F7F4FCE0127
:109990000196D4CF20E030E040E050E46091B50A79
:1099A0007091B60A8091B70A9091B80A0F94095540
:1099B0006B017C0120E030E048EC53E40F946957E0
:1099C00018164CF120E030E0A901C701B6010F9450
:1099D0001E4E87FD27C0C982DA82EB82FC82BE015F
:1099E000635F7F4FCE0101960E94FFC40E949CC618
:1099F00060960FB6F894DEBF0FBECDBFDF91CF915A
:109A00001F910F91FF90EF90DF90CF90BF90AF909C
:109A10009F908F900895C12CD12C28ECE22E23E446
:109A2000F22ED9CFC12CD12C7601D5CFCF93109265
:109A3000050910922C02C0919716C2FF1EC0C7FDE7
:109A40001CC00E94733380FBC7F9C093971663EB69
:109A500073E387EE94E40E94C2380E947E3B0E942A
:109A60009B3349EF54E468EC73E385E00E94F6FB16
:109A70008AEB93E3CF910D94DD01C4FFE8CF0E9400
:109A80000CFCE5CFEAECF9E010821182128213821D
:109A900014820C944B27CF92DF92EF92FF92FC013D
:109AA000C080D180E280F38020E030E0A901C701CE
:109AB000B6010F941E4E20E030E0A90187FD14C0CE
:109AC00020E030E048EC52E4C701B6010F9469573A
:109AD00024E630E040E050E0181634F0C701B6014B
:109AE0000F9475569B01AC01AFEFB0E00F94A354F7
:109AF00024E630E040E050E00F9484542F3F3105DD
:109B000019F010F02FEF30E02093A30AFF90EF90B0
:109B1000DF90CF9008958091090180FF05C080916A
:109B2000971682958170089581E00895CF92DF9213
:109B3000EF92FF92FC01C080D180E280F38066301A
:109B400019F51092CF091092D0091092D1091092F4
:109B5000D2091092D3090E94FC2E20E030E0A90126
:109B6000C701B6010F941E4E87FF1DC0C12CD12C1A
:109B70007601C701B6010F947657CB01FF90EF90A5
:109B8000DF90CF900C94322F0E9442CD20E030E045
:109B9000A901C701B6010F941E4E87FF15C0C12C45
:109BA000D12C76011BC020E030E04CE053E4C7012B
:109BB000B6010F9469571816E4F6C12CD12C9CE01D
:109BC000E92E93E4F92ED5CF20E030E84EE853E4B7
:109BD000C701B6010F94695718165CF0C701B601AA
:109BE0000F947657CB01FF90EF90DF90CF900C94BD
:109BF00034B9C12C80E8D82E8EE8E82E83E4F82E04
:109C0000EDCF4F925F926F927F928F929F92AF9221
:109C1000BF92CF92DF92EF92FF92CF93DF93EC014E
:109C2000E090D210F090D310F70140805180628014
:109C3000738020E030E0A901C301B2010F940955FF
:109C40004B015C0120E030E040E450E40F941E4EF4
:109C500087FF05C0812C912C30E4A32EBA2C88827A
:109C60009982AA82BB82F70184809580A680B78002
:109C700020E030E0A901C501B4010F9409556B0142
:109C80007C0120E030E040E051E40F941E4E87FF5D
:109C900005C0C12CD12CE12C21E4F22ECC82DD8236
:109CA000EE82FF8220E030E84DE953E4C301B201C7
:109CB0000F9409556B017C0120E030E844E953E43E
:109CC0000F94695718163CF4C12C90E8D92E94E9EA
:109CD000E92E93E4F92EC886D986EA86FB8620E031
:109CE00030E04BE953E4C501B4010F9409556B0111
:109CF0007C0120E030E042E953E40F9469571816E4
:109D000034F4C12CD12C82E9E82E83E4F82ECC86E1
:109D1000DD86EE86FF86CE01DF91CF91FF90EF903A
:109D2000DF90CF90BF90AF909F908F907F906F907B
:109D30005F904F900895282F30E0F901E75DF74FCD
:109D40008081882341F0285D374F81E0F9019081BF
:109D5000911101C080E008952091620720FF0DC09D
:109D600020E83EE3629FA001639F500D729F500D5B
:109D70001124CA010497F0F708950C945B3240E473
:109D800050E0BC0184E796E00D94644D9091E109A8
:109D9000977081E0973009F080E008951092E8070D
:109DA00010923008109232081092310810928407F5
:109DB000109283078091971686FD03C00E941C7F36
:109DC000F9CF0895CF93DF93EB010E94B438BE0121
:109DD00090E080E00E94FEF5DF91CF910C947E3BF5
:109DE000CF93DF93EB010E94B438BE0190E080E096
:109DF000DF91CF910C94FEF58F929F92AF92BF921C
:109E0000CF92DF92EF92FF920F931F93CF93DF9346
:109E1000CDB7DEB7CC5AD1090FB6F894DEBF0FBE6E
:109E2000CDBFCF55DF4F188219821A821B82C15ACB
:109E3000D04044E050E068E57FE3CE018B559F4F72
:109E40000F94154DC855DF4F1882C85AD04084E68C
:109E500090E09093A00580939F051092A205109228
:109E6000A10521EA35E044E050E0BE016B557F4F8B
:109E70008FE995E00E940E3B80919F059091A0058F
:109E800002969093A00580939F051092A2051092D0
:109E9000A1058BED92E0C755DF4F99838883C95A9E
:109EA000D040CE0187559F4F0E94D7A781E0C4556F
:109EB000DF4F8883CC5AD04086E49FE30E94B438B9
:109EC00080919F059091A00510E08C36910539F0A6
:109ED0000E94DD388BE29FE30E94B43812E0CE018D
:109EE00084559F4F0E94CEA721EA35E048E450E018
:109EF0006AE57AE08FE995E00E940E3B21EA35E0C1
:109F000040E150E06CEE78E08FE995E00E940E3B76
:109F10008AE097EDA3EABCE3CF55DF4F88839983AE
:109F2000AA83BB83C15AD040CE018F559F4F0E9458
:109F3000C5A787E19FE30E94B43811110EC080913C
:109F40009F059091A005893C910539F00E94DD386C
:109F50008AEF9EE30E94B43812E088E696E00E9401
:109F6000E9A783EE9EE30E94B43811110EC08091E0
:109F70009F059091A005853D910539F00E94DD383F
:109F800083EC9EE30E94B43812E089E298E00E94DC
:109F9000E0A788EA95E00E94C5A788E298E00E94C1
:109FA000CEA78091DD099091DE09A091DF09B091E3
:109FB000E00989839A83AB83BC83CE0101967C013F
:109FC0000E94C5A786EA9EE30E94B43811110EC014
:109FD00080919F059091A0058F3D910539F00E94D9
:109FE000DD3880E89EE30E94B43812E089E192E017
:109FF0000E94D7A787E192E00E94D7A78BE192E069
:10A000000E94C5A7CF55DF4F188219821A821B8282
:10A01000C15AD04083E0C356DF4F8883CD59D0402A
:10A020006E012DE6C20ED11CD6018C93CE018F5548
:10A030009F4F0E94C5A7CE0183569F4F0E94CEA777
:10A04000C6010E94CEA780E09CE09A838983C70165
:10A050000E94D7A70AE0015031F0CE018F559F4FE3
:10A060000E94C5A7F8CF8BE69EE30E94B438111179
:10A070000EC080919F059091A0058331914039F0E9
:10A080000E94DD388DE49EE30E94B43812E086EC35
:10A0900090E10E94E9A7CF55DF4F188219821A82FA
:10A0A0001B82C15AD0400AE0015031F0CE018F55D9
:10A0B0009F4F0E94C5A7F8CF85E0F6018083C35665
:10A0C000DF4F8883CD59D040C6010E94CEA7CE0174
:10A0D00083569F4F0E94CEA780E69CE69A83898391
:10A0E000C7010E94D7A721EA35E048E050E061E7C8
:10A0F00077E08FE995E00E940E3B21EA35E048E0E9
:10A1000050E069E677E08FE995E00E940E3B21EA96
:10A1100035E044E650E065EF79E08FE995E00E9494
:10A120000E3B8DE29EE30E94B43811110EC0809167
:10A130009F059091A0058B3B914039F00E94DD383E
:10A1400084E09EE30E94B43812E019828FEFD601BA
:10A150008C93C7010E94E0A7C6010E94CEA78FEE94
:10A160009DE30E94B43811110EC080919F0590911B
:10A17000A0058D3B914039F00E94DD3881ED9DE3D3
:10A180000E94B43812E021EA35E044E050E064E295
:10A1900073E08FE995E00E940E3B86EB9DE30E9401
:10A1A000B43811110EC080919F059091A005813C9B
:10A1B000914039F00E94DD3882E99DE30E94B43875
:10A1C00012E0809167068983C7010E94E0A782E7B9
:10A1D0009DE30E94B43811110EC080919F059091AB
:10A1E000A005823C914039F00E94DD3889E49DE36E
:10A1F0000E94B43812E08091E309D6018C93C60125
:10A200000E94E0A787E39DE30E94B43811110EC0BD
:10A2100080919F059091A005833C914039F00E9468
:10A22000DD388CE19DE30E94B43812E080916C101F
:10A2300090916D10A0916E10B0916F1089839A83E8
:10A24000AB83BC8321E732EB47E25EE360917010A1
:10A250007091711080917210909173100F94035649
:10A260006D837E838F83988721E732EB47E25EE33D
:10A2700060917410709175108091761090917710A4
:10A280000F94844E69877A878B879C8780E090E063
:10A29000A0E8BFE38D879E87AF87B88B198A1A8A9B
:10A2A0001B8A1C8A21EA35E044E150E0B7018FE9BE
:10A2B00095E00E940E3B8CE09DE30E94B4381111A2
:10A2C0000EC080919F059091A005873D914039F087
:10A2D0000E94DD3883EF9CE30E94B43812E084E1F1
:10A2E00090E09A838983C7010E94D7A784EE9CE3FC
:10A2F0000E94B43811110EC080919F059091A00565
:10A30000893D914039F00E94DD388CEC9CE30E943D
:10A31000B43812E08091401090914110A091421009
:10A32000B091431089839A83AB83BC8321E732EBDE
:10A3300047E25EE3609144107091451080914610B1
:10A34000909147100F9403566D837E838F83988777
:10A3500021E732EB47E25EE36091481070914910CB
:10A3600080914A1090914B100F94844E69877A87A0
:10A370008B879C8721EA35E04CE050E0B7018FE9FC
:10A3800095E00E940E3B89EB9CE30E94B4381111CA
:10A390000EC080919F059091A005853E914039F0B7
:10A3A0000E94DD388DE99CE30E94B43812E08CE015
:10A3B000EBECF2E0D70101900D928A95E1F721EAEA
:10A3C00035E04CE050E0B7018FE995E00E940E3B8C
:10A3D000198281E89CE30E94B43811110EC080916B
:10A3E0009F059091A005813F914039F00E94DD3892
:10A3F0008CE59CE30E94B43812E0C7010E94CEA70E
:10A4000087E49CE30E94B43811110EC080919F052F
:10A410009091A005823F914039F00E94DD3889E299
:10A420009CE30E94B43812E08FE78983C7010E9441
:10A43000CEA782E19CE30E94B43811110EC0809136
:10A440009F059091A005833F914039F00E94DD382F
:10A4500082EF9BE30E94B43812E08FEF8983C7013B
:10A460000E94CEA783ED9BE30E94B43811110EC069
:10A4700080919F059091A005843F914039F00E9402
:10A48000DD388BEA9BE30E94B43812E085E0E7ED0B
:10A49000F2E0D70101900D928A95E1F721EA35E0CB
:10A4A00045E050E0B7018FE995E00E940E3B82E95C
:10A4B0009BE30E94B43811110EC080919F059091CA
:10A4C000A005893F914039F00E94DD3880E79BE389
:10A4D0000E94B43812E08091B709D6018C931A8299
:10A4E0001982C6010E94E0A7C7010E94D7A785E58F
:10A4F0009BE30E94B43811110EC080919F0590918A
:10A50000A0058C3F914039F00E94DD3881E39BE348
:10A510000E94B43812E080E2ECEDF2E0D701019045
:10A520000D928A95E1F721EA35E040E250E0B7016B
:10A530008FE995E00E940E3BF6011082C6010E9451
:10A54000E0A78FE09BE30E94B43811110EC0809108
:10A550009F059091A0058D31924039F00E94DD3821
:10A5600084EE9AE30E94B43812E089E995E00E94F3
:10A57000E0A785E995E00E94C5A7CF55DF4F188277
:10A5800019821A821B82C15AD040CE018F559F4F2B
:10A590000E94C5A788EC9AE30E94B43811110EC03E
:10A5A00080919F059091A0058632924039F00E94DB
:10A5B000DD3883EA9AE30E94B43812E082E1D701E1
:10A5C0001D928A95E9F721EA35E042E150E0B701B2
:10A5D0008FE995E00E940E3B86E89AE30E94B4382A
:10A5E00011110EC080919F059091A0058833924073
:10A5F00039F00E94DD3880E69AE30E94B43812E018
:10A6000084E2ECEFF2E0D70101900D928A95E1F738
:10A6100021EA35E044E250E0B7018FE995E00E947D
:10A620000E3B80E1F70111928A95E9F721EA35E0C6
:10A6300040E150E0B7018FE995E00E940E3B84E4D1
:10A640009AE30E94B43811110EC080919F05909139
:10A65000A0058C36924039F00E94DD388FE19AE3F4
:10A660000E94B43812E01A82198221EA35E042E0F1
:10A6700050E0B7018FE995E00E940E3B8CEF99E323
:10A680000E94B43811110EC080919F059091A005D1
:10A690008E36924039F00E94DD3880ED99E30E94B9
:10A6A000B43812E08CEF98E00E94C5A782EB99E3E2
:10A6B0000E94B43811110EC080919F059091A005A1
:10A6C0008237924039F00E94DD388BE899E30E948E
:10A6D000B43812E080E1F70111928A95E9F721EA96
:10A6E00035E040E150E0B7018FE995E00E940E3B74
:10A6F00081E799E30E94B43811110EC080919F0543
:10A700009091A0058238924039F00E94DD388EE4A5
:10A7100099E30E94B43812E08CE6D7011D928A9525
:10A72000E9F721EA35E04CE650E0B7018FE995E022
:10A730000E940E3B8AE399E30E94B43811110EC0C7
:10A7400080919F059091A0058E3E924039F00E9425
:10A75000DD388DE199E30E94B43812E021EA35E05A
:10A7600048E050E06DE875E08FE995E00E940E3B0F
:10A770008CE0F60111928A95E9F7C555DF4F1882F2
:10A78000CB5AD04080E090E0A0E4B0E4C356DF4F65
:10A7900088839983AA83BB83CD59D04080E099E315
:10A7A0000E94B43811110EC080919F059091A005B0
:10A7B000863F924039F00E94DD388AED98E30E948E
:10A7C000B43812E0C6010E94E9A7CE0185559F4F1B
:10A7D0000E94CEA7CE0183569F4F0E94C5A784E258
:10A7E000F6013C96DF011D928A95E9F78CE0E4E3DF
:10A7F000F8E0D60101900D928A95E1F787EC98E395
:10A800000E94B43811110EC080919F059091A0054F
:10A810008730934039F00E94DD388BEA98E30E943C
:10A82000B43812E021EA35E040E350E0B6018FE9A8
:10A8300095E00E940E3B21EA35E048E050E065E8F3
:10A8400075E08FE995E00E940E3B111145C0E09044
:10A850009F05F090A005E4E6EE1AF1088091A105AD
:10A860009091A205D6018D939C9384E690E09093FD
:10A87000A00580939F0521EA35E044E050E066EBB7
:10A8800072E08FE995E00E940E3BC6010E94D7A7B7
:10A890000E94E538B70189E998E30E94F0CEF601FD
:10A8A00080809180B12CA12C8CE898E30E94B43870
:10A8B000C501B4010E94FEF589E898E30E94B4380E
:10A8C000FBEDEF16F2E0FF0639F00E94DD3885ED72
:10A8D00095E10E94B43812E001E01123B1F000E0EC
:10A8E000802FC455DF4F0FB6F894DEBF0FBECDBF2B
:10A8F000DF91CF911F910F91FF90EF90DF90CF905C
:10A90000BF90AF909F908F90089589E798E30F9440
:10A91000DD0189E798E30E944041E2CF8F929F9248
:10A92000AF92BF92CF92DF92EF92FF920F931F935D
:10A93000CF93DF937C0121E5E20EF11CD7014C910E
:10A940004A3509F0A4C06C01B2E5CB0ED11CF6016A
:10A950003081353A09F09BC0EC01C05BDF4F2881A4
:10A96000233008F494C08C0100561F4FD8014C933B
:10A97000E15BFF4F308331962083EF54F109308142
:10A98000E05BFF4F30833038B1F43196AC54B109FD
:10A990003C913083E854F109AF5ABF4F50E040E09A
:10A9A0002250330B42175307CCF4808132968D939B
:10A9B0004F5F5F4FF7CF233031F5313809F074C066
:10A9C000FC01EC55FF4FDC01AC5ABF4F2C912083AA
:10A9D0003196885A9F4FDC018C9180834801B12CBD
:10A9E000A12C888190E002968A159B050CF43FC04B
:10A9F000F40181914F010E944E370E94F7F5FFEF5D
:10AA0000AF1ABF0AEECF323821F5FC01EC5AFF4FE6
:10AA100030814181E05BFF4F408331963083DC0120
:10AA2000AA55BF4F50E040E02350330B4217530765
:10AA3000ACF6FA01EE7FE45AFF4FE80FF91F608190
:10AA400071817C9311966C9311974E5F5F4F1296B4
:10AA5000EDCF243019F6333809F6FC01EC5AFF4FDC
:10AA600020813181E05BFF4F30833196B0CF80E5AC
:10AA7000DE011D928A95E9F78EE2F80111928A951E
:10AA8000E9F78AE5D7018C9385EAF6018083DF91A7
:10AA9000CF911F910F91FF90EF90DF90CF90BF90DB
:10AAA000AF909F908F900895323809F097CFADCF37
:10AAB000CF93C091B8098091590A873059F183E04A
:10AAC00080934D0861E070E080E090E00E94ACCEA1
:10AAD00081E09AE5909319168093181685E390E02B
:10AAE00090931B1680931A1687E080930C1682E8C9
:10AAF00080930F1684E890E0A0E0B0E080931016F9
:10AB000090931116A0931216B09313168CEB95E147
:10AB10000E948ED48091B809813089F1823061F52C
:10AB20000E94D2CB60939C0770939D0780939E07F1
:10AB300090939F0781E08093B8090E94607A6093A8
:10AB400098077093990780939A0790939B07C23058
:10AB500089F080915506909156060196909356067D
:10AB6000809355061092650710926607109267074A
:10AB70001092680781E004C00E9404CCDBCF80E023
:10AB8000CF9108950F94C5001092050910922C02E0
:10AB90000E948133882331F08AED93E390932F084C
:10ABA00080932E0863ED73E387EE94E40E94C2382D
:10ABB0000E947E3B0C9458D50F931F930E94607A9D
:10ABC0000091500610915106209152063091530683
:10ABD000011511052105310509F060C020919B1474
:10ABE000222309F458C0E0919914215020939B141A
:10ABF00021E02E0F2093991430919C14231302C04E
:10AC00001092991424E0E29FF0011124E356FB4EC8
:10AC1000008111812281338100934C0610934D06EF
:10AC200020934E0630934F06600F711F811D911DBA
:10AC3000609350067093510680935206909353068A
:10AC400080914E0690914F06892B29F11FB7F894F9
:10AC500084E096E0909319168093181680EA90E8A5
:10AC600090931B1680931A1687E080930C1682E847
:10AC700080930F1680EA90E0A0E0B0E08093101679
:10AC800090931116A0931216B09313168CEB95E1C6
:10AC90000E948ED41FBF1F910F910895601B710BEE
:10ACA000820B930B97FDF7CF4098109250061092AD
:10ACB00051061092520610925306EDCF0F931F9338
:10ACC000CF93DF938C01EB0190919B1420919C1406
:10ACD000921305C00E94DCD50E94C394F5CF8091E9
:10ACE0009A1434E0839FF0011124E356FB4E118344
:10ACF0000083D383C2839F5F90939B148F5F281739
:10AD000039F080939A14DF91CF911F910F9108959C
:10AD100010929A14F8CFCF93DF9300D01F92CDB743
:10AD2000DEB719821A821B821C82CE0101960E9414
:10AD30004BCD10924C0881E09AE5909319168093C0
:10AD4000181683E390E090931B1680931A1687E001
:10AD500080930C1682E880930F1684E890E0A0E0C0
:10AD6000B0E08093101690931116A0931216B09332
:10AD700013168CEB95E10E948ED40F900F900F90DC
:10AD80000F90DF91CF910895CF92DF92EF92FF92D3
:10AD9000CF93C82F8091B8098150823008F06DC0E0
:10ADA0008091590A833011F00E948BD61092B80915
:10ADB0000E94607A6093A0077093A1078093A20716
:10ADC0009093A307C0906507D0906607E09067074F
:10ADD000F09068070E94D2CBAB01BC01409365079D
:10ADE00050936607609367077093680780915906D0
:10ADF00090915A06A0915B06B0915C068C199D0952
:10AE0000AE09BF09840F951FA61FB71F809359066F
:10AE100090935A06A0935B06B0935C06C1110AC0DA
:10AE2000C1E00E9455B88C2FCF91FF90EF90DF903A
:10AE3000CF9008958091570690915806019690936F
:10AE40005806809357060E94D2CBC0905D06D090E2
:10AE50005E06E0905F06F0906006C616D706E8062C
:10AE6000F906F0F60E94D2CB60935D0670935E0601
:10AE700080935F0690936006D3CFC0E0D2CFBF929D
:10AE8000CF92DF92EF92FF920F931F93CF93DF93B6
:10AE90000E94432F882309F477C0D0E0C0E000E08F
:10AEA00034E0D32E45E0E42E52E8F52E10E08C2F4E
:10AEB0008170C82EB12EB00E8D2D811BC11001C026
:10AEC000812FFE01E89EE00DF11D1124EE0FFF1F02
:10AED000EE0FFF1FEB50F64F20E030E04AE754E45E
:10AEE00060817181828193810F94844E0F94755695
:10AEF0007093191660931816E0920C16F0920F16C4
:10AF00008B2D90E08058974F880F991F092E000CC9
:10AF1000AA0BBB0B8093101690931116A0931216D8
:10AF2000B09313168CEB95E10E948ED41F5F153001
:10AF300009F60B5F2196093109F0B8CF83E090E064
:10AF4000909319168093181610930C16F0920F1602
:10AF500085E490E1A0E0B0E0809310169093111684
:10AF6000A0931216B09313168CEB95E10E948ED429
:10AF700081E0DF91CF911F910F91FF90EF90DF90D3
:10AF8000CF90BF900C94582F82E090E090931916C8
:10AF90008093181685E080930C1682E880930F1634
:10AFA00085E490E1A0E0B0E0809310169093111634
:10AFB000A0931216B09313168CEB95E10E948ED4D9
:10AFC00080E0D7CFAF92BF92CF92DF92EF92FF9205
:10AFD0000F931F93CF93DF93EC0184E6C82E80E29A
:10AFE000D82EE12CF12C02E8A12C90E2B92E15E02C
:10AFF00000930F16C0921016D0921116E0921216FE
:10B00000F0921316B0921916A092181610930C16FF
:10B010008CEB95E10E948ED48FEFC81AD80AE80A0B
:10B02000F80A88E7C81680E2D806E104F10401F7BF
:10B0300024E630E240E050E0BE018CEB95E1DF9188
:10B04000CF911F910F91FF90EF90DF90CF90BF9025
:10B05000AF900C946C7A81E09AE5909319168093E6
:10B0600018168EE490E090931B1680931A1687E0D2
:10B0700080930C1682E880930F1684E890E0A0E09D
:10B08000B0E08093101690931116A0931216B0930F
:10B0900013168CEB95E10E948ED483ED93E00E9411
:10B0A000E2D782E08093B8090E94607A6093A0079B
:10B0B0007093A1078093A2079093A30781E008955E
:10B0C0000F931F93CF93DF931F921F92CDB7DEB7DD
:10B0D0002091D608211118C08C014423E1F00E9470
:10B0E000404140E450E0B8018DEA94E10F94154DE1
:10B0F0008FE390E09A838983CE0101960E94A4F8A1
:10B100008DEA94E10E94E2D70F900F90DF91CF91EA
:10B110001F910F9108950E94495E40E450E0B801EC
:10B120008DEA94E10F94644DE3CFFF920F931F9348
:10B13000CF93DF93CDB7DEB7A1970FB6F894DEBFFC
:10B140000FBECDBF8C01F42E67FF03C01092D6084E
:10B1500060E02091D608862F062E000C990B281748
:10B16000190609F03CF56093D608C801FF2071F17B
:10B170000E94404119821F8E4FE150E0B801CE017C
:10B180000196FF2031F10F94154D40E450E0BE01CF
:10B190006F5F7F4F8DEA94E10F94644D8FE390E0F1
:10B1A00099A388A3CE0180960E94A4F88DEA94E129
:10B1B0000E94E2D7A1960FB6F894DEBF0FBECDBFB6
:10B1C000DF91CF911F910F91FF9008950E94495EEA
:10B1D000D1CF0F94644DD9CF24E020934D08209116
:10B1E00082072B3019F48859934341F082E0809311
:10B1F0000409109205098BE0809382070895CF928D
:10B20000DF92EF92FF920F931F93CF93DF93CDB70F
:10B21000DEB77C01CDB6DEB60F94294D01962DB771
:10B220003EB7281B390B0FB6F8943EBF0FBE2DBF9B
:10B230000DB71EB70F5F1F4FB701C8010F940E4D1A
:10B24000C8010E94ECD80FB6F894DEBE0FBECDBE8A
:10B25000DF91CF911F910F91FF90EF90DF90CF90F2
:10B2600008958F929F92AF92BF92CF92DF92EF920A
:10B27000FF920F931F93CF93DF930E94CECE3AE0BD
:10B28000C32E30E2D32EE12CF12C15E002E846016A
:10B290005701CAE0D0E010921916109218161093B8
:10B2A0000C1600930F168092101690921116A09211
:10B2B0001216B09213168CEB95E10E948ED4219752
:10B2C0008FEF881A980AA80AB80A209721F78AE00F
:10B2D000C80ED11CE11CF11C82EDC81680E2D80614
:10B2E000E104F104A1F6C12C20E2D22EE12CF12CD4
:10B2F000D5E0C2E81092191610921816D0930C16C9
:10B30000C0930F16C0921016D0921116E09212162A
:10B31000F09213168CEB95E10E948ED410921916C0
:10B3200010921816D0930C16C0930F16D701C601B1
:10B330008C529F4FAF4FBF4F8093101690931116B2
:10B34000A0931216B09313168CEB95E10E948ED445
:10B350008FEFC81AD80AE80AF80A8AE0C81680E20D
:10B36000D806E104F10431F69EEDC92E90E2D92E03
:10B37000E12CF12CD5E0C2E81092191610921816A3
:10B38000D0930C16C0930F16C0921016D0921116BF
:10B39000E0921216F09213168CEB95E10E948ED477
:10B3A0008FEFC81AD80AE80AF80A86EEC81680E2B3
:10B3B000D806E104F10401F7CC24C39482E1D82E2D
:10B3C000E12CF12C0AE010E0D5E0C2E81093191648
:10B3D00000931816D0930C16C0930F16C092101637
:10B3E000D0921116E0921216F09213168CEB95E1A2
:10B3F0000E948ED41093191600931816D0930C1631
:10B40000C0930F16D701C6018096A11DB11D809370
:10B41000101690931116A0931216B09313168CEB7E
:10B4200095E10E948ED48FEFC81AD80AE80AF80A6C
:10B4300085E1C81682E1D806E104F10439F6DF910E
:10B44000CF911F910F91FF90EF90DF90CF90BF9021
:10B45000AF909F908F9008950F931F93CF93DF939A
:10B4600000D000D01F921F92CDB7DEB780913D086B
:10B4700090E08A3091050CF067C18AE080933D0826
:10B4800080913E0890913F088A3091050CF062C18E
:10B490008AE090E090933F0880933E0880913808BE
:10B4A000882309F45EC188EB90913708911184607C
:10B4B000909139089A3009F482601A8219829AE5CB
:10B4C00099839FEF9B838C83BE016F5F7F4F80E8E2
:10B4D00090E00F94943B20913E0830913F0844E661
:10B4E000429FC001439F900D112420913D082D8360
:10B4F00020913C082E839F838887BE016B5F7F4F1E
:10B5000082E890E00F94943B8091380881112BC120
:10B51000109219161092181605E000930C1612E8F6
:10B5200010930F168AE890E1A0E0B0E08093101627
:10B5300090931116A0931216B09313168CEB95E10D
:10B540000E948ED489E090E090931916809318168B
:10B5500000930C1610930F168CE890E1A0E0B0E079
:10B560008093101690931116A0931216B093131691
:10B570008CEB95E10E948ED480913A0890913B0823
:10B58000909319168093181605E000930C1612E894
:10B5900010930F1688E890E1A0E0B0E080931016B9
:10B5A00090931116A0931216B09313168CEB95E19D
:10B5B0000E948ED480913A08109218168093191622
:10B5C00000930C1610930F1681EA90E0A0E0B0E013
:10B5D0008093101690931116A0931216B093131621
:10B5E0008CEB95E10E948ED420913A0830913B0873
:10B5F00037FDE4C02F3F310519F014F02FEF30E094
:10B60000032E000C440B550BA4E6B0E00F94A3549A
:10B610002FEF30E040E050E00F948454309319163F
:10B620002093181605E000930C1612E810930F16DD
:10B6300080E491E1A0E0B0E08093101690931116A1
:10B64000A0931216B09313168CEB95E10E948ED442
:10B6500080913D0890E090931916809318160093FE
:10B660000C1610930F1682E491E1A0E0B0E08093F5
:10B67000101690931116A0931216B09313168CEB1C
:10B6800095E10E948ED480913C0890E09093191629
:10B690008093181600930C1610930F1684E491E112
:10B6A000A0E0B0E08093101690931116A0931216AC
:10B6B000B09313168CEB95E10E948ED480913E08D6
:10B6C00090913F08909319168093181600930C16CA
:10B6D00010930F1688E491E1A0E0B0E0809310167B
:10B6E00090931116A0931216B09313168CEB95E15C
:10B6F0000E948ED480913708882309F463C083E0C8
:10B7000090E0909319168093181600930C161093DE
:10B710000F1686E491E1A0E0B0E0809310169093BC
:10B720001116A0931216B09313168CEB95E10E949C
:10B730008ED428960FB6F894DEBF0FBECDBFDF9132
:10B74000CF911F910F910895853691050CF498CEF5
:10B7500084E694CE803992400CF4A0CE8FE892E03B
:10B7600099CE80EBA1CE20913A0830913B08C901D7
:10B77000019697FD4F9625E0959587952A95E1F7D7
:10B780000197909319168093181605E000930C16F4
:10B7900012E810930F168AE890E1A0E0B0E08093E1
:10B7A000101690931116A0931216B09313168CEBEB
:10B7B00095E10E948ED488E090E0C6CE20E030E093
:10B7C000A90122CF82E090E09CCF8F929F92AF920E
:10B7D000BF92CF92DF92EF92FF920F931F93CF937E
:10B7E000DF9300D01F92CDB7DEB70F945C3A209163
:10B7F0008007309181072F5F3F4F3093810720935F
:10B800008007181619068CF3809160078823C1F011
:10B8100080917F078837A0F48F5F80937F070F9018
:10B820000F900F900F90DF91CF911F910F91FF908C
:10B83000EF90DF90CF90BF90AF909F908F90089542
:10B8400010927F0780917D0790917E0701969093DB
:10B850007E0780937D078130910509F0ADC060912E
:10B8600050107091511080915210909153100F947C
:10B870007556709319166093181605E000930C1610
:10B8800012E810930F1686E390E1A0E0B0E08093F9
:10B89000101690931116A0931216B09313168CEBFA
:10B8A00095E10E948ED460912410709125108091B2
:10B8B0002610909127100F94755670931916609367
:10B8C000181600930C1610930F168CE390E1A0E06D
:10B8D000B0E08093101690931116A0931216B093B7
:10B8E00013168CEB95E10E948ED4809154109091A8
:10B8F0005510909319168093181600930C161093F8
:10B900000F1684E390E1A0E0B0E0809310169093CE
:10B910001116A0931216B09313168CEB95E10E94AA
:10B920008ED48091281090912910909319168093AD
:10B93000181600930C1610930F168AE390E1A0E0FE
:10B94000B0E08093101690931116A0931216B09346
:10B9500013168CEB95E10E948ED481E080936007F2
:10B9600080917D0790917E078C32914009F0E6C06E
:10B970008091590A8111A3C010927A0780917A07A9
:10B98000853620F010927A071092590AE091590AF0
:10B99000E150E73008F0D2C00E2E000CFF0B8827D4
:10B9A000EB52F3428F4F0D94F95469DD96DD5DDE65
:10B9B00093DD86DEB8DE9ADD8436910539F5109286
:10B9C00019161092181605E000930C1612E8109341
:10B9D0000F1680E590E1A0E0B0E080931016909300
:10B9E0001116A0931216B09313168CEB95E10E94DA
:10B9F0008ED4109219161092181600930C161093EC
:10BA00000F168EE490E1A0E0B0E09BCF883C91055A
:10BA100009F0A3CF0E947CB7882359F09091820748
:10BA20009B30C1F420917B0730917C07243631058F
:10BA30008CF490913308911116C0882309F48DCFAE
:10BA400080917B0790917C07019690937C0780936F
:10BA50007B0783CF8CE893E30E94154110927C070B
:10BA600010927B077ACF811125C081E09AE59093EF
:10BA700019168093181685E390E090931B16809317
:10BA80001A1687E080930C1682E880930F1684E8DC
:10BA900090E0A0E0B0E08093101690931116A09370
:10BAA0001216B09313168CEB95E10E948ED410926F
:10BAB0003308D4CF1092330884E690E0C6CF0E94BA
:10BAC00087B7811159CF80917A078F5F80937A076A
:10BAD00055CF0E94C6CE882389F18EE793E30E945A
:10BAE000154181E09AE5909319168093181686E324
:10BAF00090E090931B1680931A1687E080930C16A3
:10BB000082E880930F1684E890E0A0E0B0E0809394
:10BB1000101690931116A0931216B09313168CEB77
:10BB200095E10E948ED41092590A08C00E94C6CE98
:10BB3000882321F00E9487B78823A9F380917D078D
:10BB400090917E078039914009F03FC18091DC09D6
:10BB5000882309F41BC183E090E090931916809329
:10BB6000181685E080930C1682E880930F1685E402
:10BB700090E1A0E0B0E08093101690931116A0938E
:10BB80001216B09313168CEB95E10E948ED480911F
:10BB9000280881111CC08AE190E0909319168093C7
:10BBA000181685E080930C1682E880930F168CEAB5
:10BBB00090E1A0E0B0E08093101690931116A0934E
:10BBC0001216B09313168CEB95E10E948ED48091DF
:10BBD00028088130E1F48BE190E09093191680936E
:10BBE000181685E080930C1682E880930F168CEA75
:10BBF00090E1A0E0B0E08093101690931116A0930E
:10BC00001216B09313168CEB95E10E948ED480919E
:10BC100028088230E1F48CE190E09093191680932B
:10BC2000181685E080930C1682E880930F168CEA34
:10BC300090E1A0E0B0E08093101690931116A093CD
:10BC40001216B09313168CEB95E10E948ED480915E
:10BC500028088730E1F489E190E0909319168093E9
:10BC6000181685E080930C1682E880930F168CEAF4
:10BC700090E1A0E0B0E08093101690931116A0938D
:10BC80001216B09313168CEB95E10E948ED4E091BE
:10BC90004808E1508BE090E0E73008F07CC0F0E02D
:10BCA0008827EA5AF1428F4F0D94F954C9DE11E00A
:10BCB00014E017E01AE01DE020E080E793E30E9423
:10BCC000154181E09AE5909319168093181680E447
:10BCD00090E090931B1680931A1617E010930C16A1
:10BCE00082E880930F1684E890E0A0E0B0E08093B3
:10BCF000101690931116A0931216B09313168CEB96
:10BD000095E10E948ED41093590A18CF0E94C6CE96
:10BD1000882309F413CF0E9487B781110FCF1092A7
:10BD2000590A82E693E30E94154181E09AE59093D7
:10BD30001916809318168EE490E090931B1680934A
:10BD40001A1687E080930C1682E880930F1684E819
:10BD500090E0A0E0B0E08093101690931116A093AD
:10BD60001216B09313168CEB95E10E948ED4E6CE9A
:10BD70000E9487B78111E2CE19821A821B821C822F
:10BD800062E0CE0101960F94BD1ACDCE82E090E024
:10BD9000E4CE8CE090E0909319168093181685E01D
:10BDA00080930C1682E880930F168EEA90E1A0E053
:10BDB000B0E08093101690931116A0931216B093D2
:10BDC00013168CEB95E10E948ED480917D079091A3
:10BDD0007E07843F914009F58091B709882309F4D3
:10BDE00032C183E090E0909319168093181685E095
:10BDF00080930C1682E880930F168AE190E1A0E010
:10BE0000B0E08093101690931116A0931216B09381
:10BE100013168CEB95E10E948ED4809161078111FD
:10BE200015C189E18093610768EB7BE080E090E0D9
:10BE30000E94ACCE20916107822F90E0253608F059
:10BE40002EC1909319168093181685E080930C16D6
:10BE500082E880930F1680E090E1A0E0B0E080934C
:10BE6000101690931116A0931216B09313168CEB24
:10BE700095E10E948ED40E9487B700917D071091B2
:10BE80007E0781111AC0F0909716F2FAEE24E0F8BE
:10BE9000F2FE02C0F7FE11C00E94813381110DC075
:10BEA0008091B809813049F0EE2011F0F7FE05C00D
:10BEB0000E948D33882309F4E4C10835124009F04B
:10BEC0005BC18091A30A90911202899FC001112445
:10BED000880F892F881F990B919524E6829FC001B6
:10BEE000112481589F4F6FEF70E00F94E5547093C9
:10BEF00019166093181615E010930C1682E88093BB
:10BF00000F168EE190E1A0E0B0E0809310169093C0
:10BF10001116A0931216B09313168CEB95E10E94A4
:10BF20008ED40E94D2CB20E13EE040E050E00F945E
:10BF300062542115310581E04807510508F4C0C05D
:10BF4000509319164093181630931B1620931A1607
:10BF500087E080930C1612E810930F1680E190E1B1
:10BF6000A0E0B0E08093101690931116A0931216E3
:10BF7000B09313168CEB95E10E948ED40E94D2CB25
:10BF800020E13EE040E050E00F9462542CE330E0CA
:10BF900040E050E00F946254309319162093181625
:10BFA00005E000930C1610930F1682E190E1A0E0DB
:10BFB000B0E08093101690931116A0931216B093D0
:10BFC00013168CEB95E10E948ED40E94CDB7882386
:10BFD00009F452C18F5F80937907E82EF12C8333E7
:10BFE00008F075C0EE0CFF1CF0921916E0921816BE
:10BFF00000930C1610930F168EE090E1A0E0B0E0D5
:10C000008093101690931116A0931216B0931316E6
:10C010008CEB95E10E948ED410921916109218168E
:10C020007AC08DE090E0B7CE8EE090E0B4CE8FE0A5
:10C0300090E0B1CE80E190E0AECE81E190E0ABCE79
:10C0400082E190E0A8CE82E090E0CDCE8A3F08F079
:10C05000F1CE8EEF8093610781E09AE590931916F7
:10C06000809318168DE290E090931B1680931A1619
:10C0700087E080930C1682E880930F1684E890E0A6
:10C08000A0E0B0E08093101690931116A0931216C2
:10C09000B09313168CEB95E10E948ED4EAC08456BF
:10C0A0009109909319168093181685E080930C16C9
:10C0B00082E880930F1681E090E1A0E0B0E0CFCE5F
:10C0C000309319162093181610930C1644CF84E65B
:10C0D00090E0909319168093181600930C16109305
:10C0E0000F168EE090E1A0E0B0E0809310169093E0
:10C0F0001116A0931216B09313168CEB95E10E94C3
:10C100008ED422E3E21A20E8F20AEE0CFF1CF09231
:10C110001916E092181600930C1610930F168FE064
:10C1200090E1A0E0B0E08093101690931116A093D8
:10C130001216B09313168CEB95E10E948ED40E94D8
:10C14000CDB790E0909319168093181685E08093F0
:10C150000C1682E880930F1686E190E1A0E0B0E033
:10C160008093101690931116A0931216B093131685
:10C170008CEB95E10E948ED480917D0790917E0793
:10C18000843A26E0920709F0DEC520E030E048EC72
:10C1900052E46091CE107091CF108091D0109091A8
:10C1A000D1100F94844E0F947556709319166093A6
:10C1B000181605E000930C1612E810930F1686E28D
:10C1C00090E1A0E0B0E08093101690931116A09338
:10C1D0001216B09313168CEB95E10E948ED48091C9
:10C1E0003502909136029093191680931816009399
:10C1F0000C1610930F1680E093E1A0E0B0E080935E
:10C20000101690931116A0931216B09313168CEB80
:10C2100095E10E948ED410914908111104C08091BB
:10C220004B08882331F1C0905010D0905110E0900D
:10C230005210F090531020E030E04AE253E4C7017E
:10C24000B6010F946957181614F41111EAC46091DD
:10C25000541070915510072E000C880B990B0F94F9
:10C26000254E9B01AC01C701B6010F94695787FFAA
:10C270003EC510926007D3CA109219161092181674
:10C28000B7CE0C3B82E0180709F0FAC020913A08BB
:10C2900030913B0837FDEDC02F3F310519F014F008
:10C2A0002FEF30E0032E000C440B550BA4E6B0E05A
:10C2B0000F94A3542FEF30E040E050E00F948454EB
:10C2C000309319162093181675E0E72EE0920C169D
:10C2D000E2E8FE2EF0920F1680E491E1A0E0B0E0DB
:10C2E0008093101690931116A0931216B093131604
:10C2F0008CEB95E10E948ED480913D0890E0909364
:10C30000191680931816E0920C16F0920F1682E41C
:10C3100091E1A0E0B0E08093101690931116A093E5
:10C320001216B09313168CEB95E10E948ED4809177
:10C330003C0890E09093191680931816E0920C1622
:10C34000F0920F1684E491E1A0E0B0E08093101623
:10C3500090931116A0931216B09313168CEB95E1DF
:10C360000E948ED480913E0890913F0890931916B8
:10C3700080931816E0920C16F0920F1688E491E163
:10C38000A0E0B0E08093101690931116A0931216BF
:10C39000B09313168CEB95E10E948ED480913708F0
:10C3A000882309F46AC083E090E090931916809383
:10C3B0001816E0920C16F0920F1686E491E1A0E0B8
:10C3C000B0E08093101690931116A0931216B093BC
:10C3D00013168CEB95E10E948ED4043125E01207F0
:10C3E00009F097C120E030E048EC52E46091C610BB
:10C3F0007091C7108091C8109091C9100F94844E0D
:10C400000F947556709319166093181605E00093F3
:10C410000C1612E810930F1686E392E1A0E0B0E04C
:10C420008093101690931116A0931216B0931316C2
:10C430008CEB95E10E948ED420E030E048EC52E491
:10C440006091CA107091CB108091CC109091CD105A
:10C450000F94844E0F9475567093191660931816A6
:10C4600000930C1610930F168AE392E1A0E0B0E05F
:10C4700077CE20E030E0A90119CF82E090E095CF9F
:10C48000003223E0120709F099C020E030E040E2DA
:10C4900051E460916E0A70916F0A8091700A9091D8
:10C4A000710A0F94844E0F947C5670931916609302
:10C4B000181655E0E52EE0920C1662E8F62EF09282
:10C4C0000F1682E492E1A0E0B0E080931016909302
:10C4D0001116A0931216B09313168CEB95E10E94DF
:10C4E0008ED420E030E040E251E46091720A709115
:10C4F000730A8091740A9091750A0F94844E0F9478
:10C500007C567093191660931816E0920C16F092F0
:10C510000F1686E492E1A0E0B0E0809310169093AD
:10C520001116A0931216B09313168CEB95E10E948E
:10C530008ED420E030E040E251E46091760A7091C0
:10C54000770A8091780A9091790A0F94844E0F941B
:10C550007C567093191660931816E0920C16F092A0
:10C560000F168AE492E1A0E0B0E080931016909359
:10C570001116A0931216B09313168CEB95E10E943E
:10C580008ED420E030E040E251E460917A0A70916C
:10C590007B0A80917C0A90917D0A0F94844E0F94BF
:10C5A0007C567093191660931816E0920C16F09250
:10C5B0000F168EE492E1A0E0B0E003CF043883E0F0
:10C5C000180709F030C160915A0A70915B0A809196
:10C5D0005C0A90915D0A0F94234E20E030E048EC15
:10C5E00052E40F9403560F947C567093191660937F
:10C5F000181635E0E32EE0920C1642E8F42EF09285
:10C600000F1680E892E1A0E0B0E0809310169093BE
:10C610001116A0931216B09313168CEB95E10E949D
:10C620008ED460915E0A70915F0A8091600A909149
:10C63000610A0F94234E20E030E048EC52E40F945E
:10C6400003560F947C567093191660931816E09257
:10C650000C16F0920F1682E892E1A0E0B0E0809311
:10C66000101690931116A0931216B09313168CEB1C
:10C6700095E10E948ED46091620A7091630A809164
:10C68000640A9091650A0F94234E20E030E040E266
:10C6900051E40F9403560F947C56709319166093CF
:10C6A0001816E0920C16F0920F1684E892E1A0E0C2
:10C6B000B0E08093101690931116A0931216B093C9
:10C6C00013168CEB95E10E948ED46091660A7091EE
:10C6D000670A8091680A9091690A0F94234E0F941B
:10C6E0007C567093191660931816E0920C16F0920F
:10C6F0000F1686E892E1A0E0B0E0809310169093C8
:10C700001116A0931216B09313168CEB95E10E94AC
:10C710008ED4083785E0180709F016C180913902D8
:10C7200090913A02909319168093181605E00093A1
:10C730000C1612E810930F1682E592E1A0E0B0E02B
:10C740008093101690931116A0931216B09313169F
:10C750008CEB95E10E948ED4809137029091380243
:10C76000909319168093181600930C1610930F16B9
:10C7700084E592E1A0E0B0E080931016909311164A
:10C78000A0931216B09313168CEB95E10E948ED4F1
:10C7900020E030E040E251E460916C1070916D1047
:10C7A00080916E1090916F100F94844E0F947C5670
:10C7B000709319166093181600930C1610930F16A9
:10C7C00086E592E1A0E0B0E08093101690931116F8
:10C7D000A0931216B09313168CEB95E10E948ED4A1
:10C7E00021E732EB47E25EE36091701070917110C7
:10C7F00080917210909173100F94035620E030E0F6
:10C8000040E251E40F94844E0F947C5670931916B5
:10C810006093181600930C1610930F168AE592E198
:10C82000A0E0B0E09DCC083E23E0120709F03AC139
:10C8300060917E0A70917F0A8091800A9091810AAE
:10C840000F947C56709319166093181695E0E92E94
:10C85000E0920C1622E8F22EF0920F1688E792E191
:10C86000A0E0B0E08093101690931116A0931216DA
:10C87000B09313168CEB95E10E948ED46091820ADE
:10C880007091830A8091840A9091850A0F947C5656
:10C890007093191660931816E0920C16F0920F160A
:10C8A0008AE792E1A0E0B0E0809310169093111611
:10C8B000A0931216B09313168CEB95E10E948ED4C0
:10C8C0006091860A7091870A8091880A9091890AFE
:10C8D0000F947C567093191660931816E0920C16FC
:10C8E000F0920F168CE792E1A0E0B0E08093101672
:10C8F00090931116A0931216B09313168CEB95E13A
:10C900000E948ED460918A0A70918B0A80918C0A61
:10C9100090918D0A0F947C56709319166093181697
:10C92000E0920C16F0920F168EE792E1A0E0B0E0D4
:10C930008093101690931116A0931216B0931316AD
:10C940008CEB95E10E948ED40C3D25E0120709F096
:10C9500045C121E732EB47E25EE3609174107091CC
:10C96000751080917610909177100F94844E20E08E
:10C9700030E040E251E40F94844E0F947C56709363
:10C9800019166093181605E000930C1612E8109320
:10C990000F168EE592E1A0E0B0E080931016909320
:10C9A0001116A0931216B09313168CEB95E10E940A
:10C9B0008ED420E030E040E251E46091401070916C
:10C9C000411080914210909143100F94844E0F9427
:10C9D0007C56709319166093181600930C161093DA
:10C9E0000F1682E692E1A0E0B0E0809310169093DB
:10C9F0001116A0931216B09313168CEB95E10E94BA
:10CA00008ED421E732EB47E25EE3609144107091EF
:10CA1000451080914610909147100F94035620E0E6
:10CA200030E040E251E40F94844E0F947C567093B2
:10CA300019166093181600930C1610930F1686E6BD
:10CA400092E1A0E0B0E08093101690931116A093AD
:10CA50001216B09313168CEB95E10E948ED421E749
:10CA600032EB47E25EE3609148107091491080918B
:10CA70004A1090914B100F94844E20E030E040E239
:10CA800051E40F94844E0F947C5670931916609362
:10CA9000181600930C1610930F168AE692E1A0E088
:10CAA000B0E05ECB0C3484E0180709F096CC20E0AF
:10CAB00030E048EC52E46091EC087091ED08809110
:10CAC000EE089091EF080F94844E0F947C5670936B
:10CAD00019166093181605E000930C1612E81093CF
:10CAE0000F1680E792E1A0E0B0E0809310169093DB
:10CAF0001116A0931216B09313168CEB95E10E94B9
:10CB00008ED420E030E048EC52E46091F00870915F
:10CB1000F1088091F2089091F3080F94844E0F94DD
:10CB20007C56709319166093181600930C16109388
:10CB30000F1682E792E1A0E0B0E080931016909388
:10CB40001116A0931216B09313168CEB95E10E9468
:10CB50008ED420E030E048EC52E46091F40870910B
:10CB6000F5088091F6089091F7080F94844E0F9481
:10CB70007C56709319166093181600930C16109338
:10CB80000F1684E792E1A0E0B0E080931016909336
:10CB90001116A0931216B09313168CEB95E10E9418
:10CBA0008ED420E030E048EC52E46091F8087091B7
:10CBB000F9088091FA089091FB080F94844E0F9425
:10CBC0007C56709319166093181600930C161093E8
:10CBD0000F1686E792E1A0E0B0E0C2CA003416402A
:10CBE00009F0CACA20E030E04AE754E46091FC084A
:10CBF0007091FD088091FE089091FF080F94844E7B
:10CC00000F947C56709319166093181685E08093E4
:10CC10000C1682E880930F168AEA90E1A0E0B0E05B
:10CC20009FCA1092490820E030E040E251E4609150
:10CC300040087091410880914208909143080F94F8
:10CC4000844E0F947556709319166093181605E06C
:10CC500000930C1612E810930F1684E590E1A0E003
:10CC6000B0E08093101690931116A0931216B09313
:10CC700013168CEB95E10E948ED420E030E040E268
:10CC800051E4609144087091450880914608909164
:10CC900047080F94844E0F9475567093191660933D
:10CCA000181600930C1610930F1688E590E1A0E07B
:10CCB000B0E08093101690931116A0931216B093C3
:10CCC00013168CEB95E10E948ED481E09AE5909347
:10CCD00019168093181681E490E090931B168093A8
:10CCE0001A1687E080930C1610930F16C7C980910F
:10CCF0004B08882309F4BDCA10924B0884E090E0E9
:10CD0000909319168093181685E080930C1612E8FC
:10CD100010930F168EE890E1A0E0B0E0809310161B
:10CD200090931116A0931216B09313168CEB95E105
:10CD30000E948ED481E09AE590931916809318167C
:10CD400083E590E0CACF883027E0920709F0ADC0B4
:10CD50008091C0159091C115A091C215B091C315D5
:10CD60008C3420E19207A105B10509F482CA8A3406
:10CD70009041A105B10509F47CCA20E030E040E211
:10CD800051E46091AD0A7091AE0A8091AF0A909122
:10CD9000B00A0F94844E0F947556709319166093D1
:10CDA000181605E000930C1612E810930F1688E48D
:10CDB00090E1A0E0B0E08093101690931116A0933C
:10CDC0001216B09313168CEB95E10E948ED420E0DE
:10CDD00030E040E251E46091B10A7091B20A809172
:10CDE000B30A9091B40A0F94844E0F9475567093C1
:10CDF00019166093181600930C1610930F168AE4F8
:10CE000090E1A0E0B0E08093101690931116A093EB
:10CE10001216B09313168CEB95E10E948ED420E08D
:10CE200030E040E251E46091B50A7091B60A809119
:10CE3000B70A9091B80A0F94844E0F947556709368
:10CE400019166093181600930C1610930F168CE4A5
:10CE500090E1A0E0B0E08093101690931116A0939B
:10CE60001216B09313168CEB95E10E948ED480912C
:10CE70007D0790917E07803D974009F0FAC9809127
:10CE80008007909181078A3A9F4050F48DE493E3A4
:10CE90000E94B4381092E6078091A4078093A507FA
:10CEA00010927E0710927D07E4C98C369740F9F600
:10CEB0000E948BCD882309F465C060914F08709162
:10CEC0005008EE24E394F12C61157105A9F090E06F
:10CED00080E00F94234E20E030E040E85EE30F94C2
:10CEE000844E0F94E75520E030E040E85FE30F9474
:10CEF00009550F947C567B0101E010E080913008C9
:10CF0000811102C010E000E00E942388800F911F71
:10CF1000BC0190E080E00F94234E20E030E040E838
:10CF20005EE30F94844E0F94E7554B015C01F09241
:10CF30001916E092181605E000930C1612E81093EB
:10CF40000F1680E193E1A0E0B0E08093101690937B
:10CF50001116A0931216B09313168CEB95E10E9454
:10CF60008ED4C501B4010F947C567093191660934A
:10CF7000181600930C1610930F1682E193E1A0E0AF
:10CF8000B0E069CF109219161092181605E00093C0
:10CF90000C1612E810930F1680E193E1A0E0B0E0C8
:10CFA0008093101690931116A0931216B093131637
:10CFB0008CEB95E10E948ED41092191610921816DF
:10CFC000D8CF6F927F928F929F92AF92BF92CF9263
:10CFD000DF92EF92FF920F931F93CF93DF93CDB722
:10CFE000DEB764970FB6F894DEBF0FBECDBF0E94C8
:10CFF000C5F58AE580930D168093BD1585EA80936B
:10D000000E168093BE15ECE5F6E18EE2DF011D926F
:10D010008A95E9F764EF71E080E090E00E94ACCE81
:10D020000E942CDA84E096E09093191680931816EB
:10D0300080EA90E890931B1680931A1687E08093FD
:10D040000C1612E810930F1680EA90E0A0E0B0E012
:10D050008093101690931116A0931216B093131686
:10D060008CEB95E10E948ED460E971E080E090E065
:10D070000E94ACCE8EED93E00E94E2D784E690E071
:10D08000909319168093181605E000930C161093D0
:10D090000F1686E090E1A0E0B0E080931016909328
:10D0A0001116A0931216B09313168CEB95E10E9403
:10D0B0008ED48BE090E0909319168093181600930D
:10D0C0000C1610930F1680E092E1A0E0B0E0809380
:10D0D000101690931116A0931216B09313168CEBA2
:10D0E00095E10E948ED41092191610921816009392
:10D0F0000C1610930F1684E390E1A0E0B0E080934B
:10D10000101690931116A0931216B09313168CEB71
:10D1100095E10E948ED41092191610921816009361
:10D120000C1610930F168AE390E1A0E0B0E0809314
:10D13000101690931116A0931216B09313168CEB41
:10D1400095E10E948ED460915010709151108091A1
:10D150005210909153100F94755670931916609356
:10D16000181600930C1610930F1686E390E1A0E0BA
:10D17000B0E08093101690931116A0931216B093FE
:10D1800013168CEB95E10E948ED410921916109212
:10D19000181600930C1610930F1680E590E1A0E08E
:10D1A000B0E08093101690931116A0931216B093CE
:10D1B00013168CEB95E10E948ED46091241070912F
:10D1C000251080912610909127100F94755670931A
:10D1D00019166093181600930C1610930F168CE313
:10D1E00090E1A0E0B0E08093101690931116A09308
:10D1F0001216B09313168CEB95E10E948ED4809199
:10D20000A30A90911202899FC0011124880F892FCF
:10D21000881F990B9195B4E68B9FC001112481580A
:10D220009F4F6FEF70E00F94E55470931916609361
:10D23000181600930C1610930F168EE190E1A0E0E3
:10D24000B0E08093101690931116A0931216B0932D
:10D2500013168CEB95E10E948ED4E0E6CE2EE0E131
:10D26000DE2EE12CF12C1092191610921816009354
:10D270000C1610930F16C0921016D0921116E09251
:10D280001216F09213168CEB95E10E948ED4EFEFFC
:10D29000CE1ADE0AEE0AFE0AF4E7CF16F0E1DF0648
:10D2A000E104F10401F7CE0101967C0184E1D7018C
:10D2B0001D928A95E9F781E08F9390E99F938F9370
:10D2C0009CE29F938F939F9382EF93E09F938F9322
:10D2D000FF92EF920F94825820E630E140E050E058
:10D2E0006FEF73E08CEB95E10E946C7A2AE630E1F7
:10D2F00040E050E06DE074E08CEB95E10E946C7AC8
:10D3000024E730E140E050E0B7018CEB95E10E946A
:10D310006C7A2EE730E140E050E065E174E08CEBA0
:10D3200095E10E946C7A10921916109218160093CB
:10D330000C1610930F168EE090E1A0E0B0E0809301
:10D34000101690931116A0931216B09313168CEB2F
:10D3500095E10E948ED4109219161092181600931F
:10D360000C1610930F168FE090E1A0E0B0E08093D0
:10D37000101690931116A0931216B09313168CEBFF
:10D3800095E10E948ED40FB6F894DEBF0FBECDBFDC
:10D390004AE0C42E40E2D42EE12CF12C55E0752E4B
:10D3A00062E8662E460157010AE010E01092191655
:10D3B0001092181670920C1660920F16809210162A
:10D3C00090921116A0921216B09213168CEB95E162
:10D3D0000E948ED401501109FFEF8F1A9F0AAF0AE5
:10D3E000BF0A0115110511F72AE0C20ED11CE11C7C
:10D3F000F11C82EDC81680E2D806E104F10491F632
:10D40000C12C30E2D32EE12CF12C05E012E8109271
:10D4100019161092181600930C1610930F16C0923E
:10D420001016D0921116E0921216F09213168CEB91
:10D4300095E10E948ED4109219161092181600933E
:10D440000C1610930F16D701C6018C529F4FAF4F89
:10D45000BF4F8093101690931116A0931216B0939D
:10D4600013168CEB95E10E948ED49FEFC91AD90A4E
:10D47000E90AF90AAAE0CA16A0E2DA06E104F10410
:10D4800031F62EEDC22E20E2D22EE12CF12C05E059
:10D4900012E8109219161092181600930C16109399
:10D4A0000F16C0921016D0921116E0921216F0923A
:10D4B00013168CEB95E10E948ED4BFEFCB1ADB0ADA
:10D4C000EB0AFB0AE6EECE16E0E2DE06E104F1042A
:10D4D00001F7CC24C39482E1D82EE12CF12C9AE000
:10D4E000A92EB12C05E012E8B0921916A0921816D8
:10D4F00000930C1610930F16C0921016D0921116AE
:10D50000E0921216F09213168CEB95E10E948ED4E5
:10D51000B0921916A092181600930C1610930F16BD
:10D52000D701C6018096A11DB11D8093101690935E
:10D530001116A0931216B09313168CEB95E10E946E
:10D540008ED4FFEFCF1ADF0AEF0AFF0A25E1C216D9
:10D5500022E1D206E104F10439F686E393E30E9466
:10D56000154164960FB6F894DEBF0FBECDBFDF91B4
:10D57000CF911F910F91FF90EF90DF90CF90BF90D0
:10D58000AF909F908F907F906F900895E4E3F8E0C4
:10D590008CE090E09183808381E082838383848325
:10D5A00080E290E0978386838FE0808784E681879E
:10D5B0008CE390E09387828715820E94E1E71092C6
:10D5C0006107089581E00895CF93DF9341E062E21F
:10D5D00073E30E94813BC5E8D5E06E817F818AE1DB
:10D5E00093E30E94013B6C817D8187E193E30E947C
:10D5F000013B6881798184E193E30E94013B6A8168
:10D600007B8181E193E3DF91CF910C94553CFF92B4
:10D610000F931F93CF93DF9370E060E085E40E9447
:10D62000082B182F8F3F89F08823C1F184E093E302
:10D630000E94B4388CEE92E30E94B438DF91CF910F
:10D640001F910F91FF900D947D1BC6E4D0E083E401
:10D650000E94E42A05E0882319F00E94182A082F66
:10D6600083E50E94E42A882319F00E94182AEC011D
:10D6700060E085E50E94412CF82E8FED92E30F9437
:10D68000DD012F2D402F612FCE010E94DC96DF910E
:10D69000CF911F910F91FF900D94C500C4EBD0E086
:10D6A000D6CFCF93DF939091020993FD2BC0C82F63
:10D6B00083E50E94E42AD82F8823E9F00E94182AE3
:10D6C0000E94322F6091281070912910072E000CB3
:10D6D000880B990B0F94254E209124103091251022
:10D6E00040912610509127100F94695718166CF02E
:10D6F00081EC92E30CC0CC2329F082E50E94E42A5D
:10D700008111DCCFDF91CF91089580ED92E30F94EA
:10D71000DD0161E06C278C2F0E946292CC2391F393
:10D7200060E08D2FDF91CF910C94E88D0F931F93C4
:10D73000CF93DF939091020993FD89C0C82F83E5B1
:10D740000E94E42AD82F882331F10E94182A0E94CF
:10D7500034B961E08C2F0E946292609154107091F4
:10D760005510072E000C880B990B0F94254E209115
:10D7700050103091511040915210509153100F940D
:10D78000695718160CF44DC080EB92E3DD2309F4C1
:10D790004AC01D2F03C0C1113EC010E083E50E94A6
:10D7A000E42A882331F00E94182A9093180280936B
:10D7B000170282E40E94E42A882331F00E94182A8A
:10D7C00090931A028093190286E40E944A2A8823C1
:10D7D000D1F10E941C2A60931B0270931C0280935B
:10D7E0001D0290931E0201E020E030E0A9010F9499
:10D7F0001E4E811101C000E000931F02CC2339F1BD
:10D80000112329F140E06D2F80E0DF91CF911F912E
:10D810000F910C94938F82E50E94E42A811195CF99
:10D82000BCCF83E59BE29F938F938BEB92E39F9317
:10D830008F931F920F945F1B0F900F900F900F907C
:10D840000F9011E0ABCF60E070E0CB01C4CFDF916F
:10D85000CF911F910F9108952F923F924F925F9217
:10D860006F927F928F929F92AF92BF92CF92DF92F0
:10D87000EF92FF920F931F93CF93DF93D62FC72F73
:10D88000FC0180809180A280B380C501B40120E8B2
:10D8900031E541E050E00F946254C9016DE671E05A
:10D8A0000F94D1546B017C01C501B40120E13EE02D
:10D8B00040E050E00F946254CA01B90128E130E021
:10D8C00040E050E00F946254362E272E062F172F7B
:10D8D0008CE3482E512C612C712CC501B401A3019D
:10D8E00092010F946254B62EA72ECA01B901A3016A
:10D8F00092010F946254CB01C114D10479F1AF921B
:10D90000BF927F936F932F923F92FF92EF92DF929D
:10D91000CF9286E392E39F938F93CF93DF930F94FD
:10D92000B54D8DB79EB70E960FB6F8949EBF0FBE3D
:10D930008DBF8D2F9C2FDF91CF911F910F91FF9065
:10D94000EF90DF90CF90BF90AF909F908F907F909F
:10D950006F905F904F903F902F900895E114F104E5
:10D96000C9F0AF92BF927F936F932F923F92FF9235
:10D97000EF9286E292E39F938F93CF93DF930F947E
:10D98000B54DEDB7FEB73C960FB6F894FEBF0FBE8F
:10D99000EDBFCFCF012BB9F0AF92BF927F936F93C2
:10D9A0002F923F928AE192E39F938F93CF93DF93DD
:10D9B0000F94B54D8DB79EB70A960FB6F8949EBFDB
:10D9C0000FBE8DBFB6CF892BA9F0AF92BF927F93C8
:10D9D0006F9382E192E39F938F93CF93DF930F94A2
:10D9E000B54DEDB7FEB738960FB6F894FEBF0FBE33
:10D9F000EDBF9FCFAF92BF928EE092E39F938F9344
:10DA0000CF93DF930F94B54D0F900F900F900F9021
:10DA10000F900F908ECFAB01BC01409393165093A3
:10DA2000941660939516709396168BEF97E10C946D
:10DA3000A683CF92DF92EF92FF920F931F93CF9323
:10DA4000DF93CDB7DEB72C970FB6F894DEBF0FBECD
:10DA5000CDBF83E50E94E42A882321F00E94E429B7
:10DA60000E940BED84E50E94E42A8823A9F00E941D
:10DA7000E4296B017C010E9404CCC0929C07D092E7
:10DA80009D07E0929E07F0929F07CD28CE28CF28D1
:10DA900019F081E08093B8098091B909882361F178
:10DAA00080E090E0A0EAB1E489879A87AB87BC87E1
:10DAB0001D821E821F82188619821A821B821C8276
:10DAC00010E000E020E0AE01475F5F4FBE016B5FFA
:10DAD0007F4FCE0101960F94EB1C2C960FB6F89455
:10DAE000DEBF0FBECDBFDF91CF911F910F91FF9091
:10DAF000EF90DF90CF9008950E947333882381F0D8
:10DB00000E947F7F0E94993383E499E00E942087DE
:10DB10001092C90B1092CA0B1092CB0B1092CC0B27
:10DB200063ED73E387EE94E40E94C2380E947E3B6B
:10DB300049EF54E462E072E385E00E94F6FB0F9443
:10DB4000C500CBCFCF93DF93DB01F9019C919130DE
:10DB5000C1F0943080F094509C938830D1F480814F
:10DB60009181009771F0019791838083480F591F2D
:10DB7000EA01188206C08C3539F49C5F9C9394307E
:10DB800041F4DF91CF9108958B3339F781E08C9385
:10DB9000F8CF20813181B9016F5F7F4F718360833E
:10DBA000420F531FEA018883808191818F3591054F
:10DBB0006CF7E7CF0F931F9381E0009193161091BC
:10DBC0009416209195163091961640918F1650918B
:10DBD00090166091911670919216041715072607FA
:10DBE000370708F480E01F910F910895CF93DF93DA
:10DBF00063EF71E30E94F2FCC091D210D091D31078
:10DC0000488159816A817B818AEE91E30E94CC38F8
:10DC10004C815D816E817F8181E495E40E94CC38E6
:10DC20004091CE105091CF106091D0107091D110D2
:10DC30008EE395E40E94CC3887EE91E30E94B438DD
:10DC400088E195E1DF91CF910C941541EF92FF921D
:10DC50000F931F93CF93DF93CDB7DEB764970FB6C3
:10DC6000F894DEBF0FBECDBF7C01FB0160817181E6
:10DC7000828193818E010F5F1F4F248141E00F94B9
:10DC80009548F70101900020E9F79F0121503109E3
:10DC90002E193F092E31310550F44FE150E0421B5F
:10DCA000530BBC01C701820F931F0F94644DC70132
:10DCB00064960FB6F894DEBF0FBECDBFDF91CF9153
:10DCC0001F910F91FF90EF9008954F925F926F9286
:10DCD0007F928F929F92AF92BF92CF92DF92EF92FC
:10DCE000FF920F931F93CF931092590710925807EA
:10DCF0002FE320935D0710925C0710925B07109250
:10DD00005A07109254071092550710925607109216
:10DD100057079C01F90190812F5F3F4F9032D1F35B
:10DD20009E34C9F4818190ED980F9A3020F08D32A5
:10DD300011F08B3281F432969F012F5F3F4F80812B
:10DD400080538A3008F480C09F012F5F3F4F80814D
:10DD5000803209F47BC0F093A80AE093A70A8F01F0
:10DD60000F5F1F4FC0816AE270E0C8010F945758DF
:10DD7000009731F0FC01319780818032E1F311820C
:10DD8000CD3429F0C43519F0C73409F04DC0F8017D
:10DD900080810F5F1F4F8032D1F380538A3008F0AB
:10DDA00043C0C0935D0710925C0710925B074AE086
:10DDB000DF01119620915B0730915C07429FC00103
:10DDC000439F900D1124C0972081820F911D27FD44
:10DDD0009A9590935C0780935B07218130ED320F19
:10DDE0003A30B0F12E3249F432963AE0DF01319602
:10DDF0002C9140ED420F4A3068F19D01D9012F5F0F
:10DE00003F4F4C914032D1F3CD34B9F58E3191056D
:10DE100039F048F58731910519F08C31910569F594
:10DE2000B0935907A0935807CF911F910F91FF907E
:10DE3000EF90DF90CF90BF90AF909F908F907F90AA
:10DE40006F905F904F900895F90176CFF9017CCFE4
:10DE5000FD01AECF40915A07439F200D112420535E
:10DE600020935A07C3CF8537910538F0873791053E
:10DE7000B8F2803A23E0920799F210925907109273
:10DE800058075091A70AC12CD12C7601C394FD01EB
:10DE900031964C91442341F24132A1F4CD3491F4B6
:10DEA0008032910579F4F0935907E093580763E2C3
:10DEB00070E0CF010F945758009709F4B5CFFC01DB
:10DEC0001082B2CF41544A3108F07DC0DF012D915C
:10DED000203209F460C030ED320F3A3008F46CC0E3
:10DEE0002E3209F05AC0218120532A3008F464C030
:10DEF00020915807309159072115310509F05EC06E
:10DF0000BF01615071097093590760935807A42F9E
:10DF1000B0E02601370104C0440C551C661C771C78
:10DF20004A95D2F78090540790905507A0905607D5
:10DF3000B090570784289528A628B72880925407C0
:10DF400090925507A0925607B092570721153105B8
:10DF5000C1F1251BA65CB84F2C9320812154DF0111
:10DF60002A3108F494CFDF012191222309F48FCFC5
:10DF700030ED320F3A30B8F333ED320F323098F3E0
:10DF80002B3289F39D012F5F3F4F4C91403209F0B6
:10DF90007ECFD901F7CFFD0199CF2D3219F02B3269
:10DFA00009F0A6CF218130ED320F3A3028F02E3221
:10DFB00009F09ECF228198CF9F01A9CF30E020E0C9
:10DFC000A6CF20E0C7CF2091580730915907232BC7
:10DFD00021F6B0935907A0935807BFCFCF93C62F10
:10DFE000BC0181EB91E30E94C2388AE30E943E3873
:10DFF00080E38C0F0E943E38CF910C947E3B90E0E2
:10E0000080E00895CF93C62F0E94B4388C2F0E94D1
:10E010003D2FCF910C947E3BCF93DF936FE671E35E
:10E020000E94F2FCC8E6D6E0488159816A817B8172
:10E0300086E691E30E94CC384C815D816E817F81C0
:10E0400081E495E40E94CC38488559856A857B85B2
:10E050008EE395E4DF91CF910C949D3CDF92EF929B
:10E06000FF920F931F93CF93DF93EC01E090A70AE9
:10E07000F090A80A8AE0D82E6AE070E0CE010F94F2
:10E0800057588C01009711F0FC011082CE010E94BC
:10E0900065EE81E00E94715E0115110519F0E8013D
:10E0A000D992EACFC701DF91CF911F910F91FF90D5
:10E0B000EF90DF900C9465EECF92DF92EF92FF929B
:10E0C0000F931F93CF93DF93CDB7DEB7C156D1091E
:10E0D0000FB6F894DEBF0FBECDBF8C01C090A70A6B
:10E0E000D090A80A6AE070E0C8010F94034D7C014B
:10E0F000801B910BE114F10419F4C8010F94294D10
:10E100001982A2961FAEA297AC018036910514F039
:10E1100040E650E04F5F5F4FB801CE0101960F948B
:10E12000154DCE0101960E9465EE81E00E94715E60
:10E13000E114F10421F087010F5F1F4FD3CFC60117
:10E140000E9465EECF59DF4F0FB6F894DEBF0FBEC9
:10E15000CDBFDF91CF911F910F91FF90EF90DF9096
:10E16000CF900895BF92CF92DF92EF92FF920F93DC
:10E170001F93CF93DF93CDB7DEB7A7970FB6F89471
:10E18000DEBF0FBECDBF182F0E94B6BF812309F49A
:10E1900077C0409128045091290460912A0470911D
:10E1A0002B0448A359A36AA37BA330E020E0E0E05E
:10E1B00090E0AC01022E02C0559547950A94E2F713
:10E1C00040FF11C064E270E06C0F7D1F6E0F711D87
:10E1D00040E250E04C0F5D1F420F531FDA014C919B
:10E1E000DB014C93EF5F2F5F3F4F2330310509F781
:10E1F0008E010C5D1F4FE00FF12FF11D108219826F
:10E200001F8E1F930F938BE8C82E84E3D82EDF92C6
:10E21000CF921F929EE1B92EBF92CE0101967C0152
:10E220009F938F930F94784D0E94E538C7010E9409
:10E23000717E0E946B7E1F930F93DF92CF921F928D
:10E24000BF92FF92EF920F94784D40E060E0C701DB
:10E250000E9460D80FB6F894DEBF0FBECDBF81E03C
:10E26000A7960FB6F894DEBF0FBECDBFDF91CF915A
:10E270001F910F91FF90EF90DF90CF90BF90089586
:10E2800080E0EECF2F923F924F925F926F927F92FB
:10E290008F929F92AF92BF92CF92DF92EF92FF92B6
:10E2A0000F931F93CF93DF93CDB7DEB72C970FB6A5
:10E2B000F894DEBF0FBECDBF87E00E94B2F081119F
:10E2C000CBC08EEBC82E84E3D82E9DEA292E9AE08F
:10E2D000392ECE0101967C0110E000E0C6010E94BB
:10E2E0004527F10181909190A190B1901F01A50166
:10E2F00094010F9408552B013C01F7014082518293
:10E300006282738220E030E040EA51EC0F9469575A
:10E3100087FD0AC020E030E040EA51E4C301B201C9
:10E320000F941E4E18167CF4F801EE51FB4CE4914C
:10E330001E164CF4B7FAB094B7F8B094F701808287
:10E340009182A282B382F70181909190A190B190C5
:10E350007F0120E030E040EA51ECC501B4010F94A8
:10E36000695787FD4FC020E030E040EA51E4C50125
:10E37000B4010F941E4E18160CF444C00F5F1F4FCB
:10E38000F4E0CF0ED11C0330110509F0A7CF89812D
:10E390009A81AB81BC818093680690936906A093B3
:10E3A0006A06B0936B068D819E81AF81B88580939C
:10E3B0006C0690936D06A0936E06B0936F068985E8
:10E3C0009A85AB85BC858093700690937106A09367
:10E3D0007206B09373060E949CC68BE791E30F947C
:10E3E000DD0163E972E084E690E00E945ED670E0B1
:10E3F00060E08AE090E00E945ED66AEB72E084E61C
:10E4000090E010C00E94E1388BE991E30E94B4389B
:10E4100041E061E08BE891E30E9495D868E270E00A
:10E4200080E991E02C960FB6F894DEBF0FBECDBF09
:10E43000DF91CF911F910F91FF90EF90DF90CF90E0
:10E44000BF90AF909F908F907F906F905F904F9014
:10E450003F902F900C945ED62C960FB6F894DEBFAA
:10E460000FBECDBFDF91CF911F910F91FF90EF9025
:10E47000DF90CF90BF90AF909F908F907F906F90E4
:10E480005F904F903F902F900895CF92DF92EF9240
:10E49000FF92CF93DF9380E50E94E42AC12CD12C18
:10E4A0007601882321F00E9435276B017C0183E5EA
:10E4B0000E94E42A882361F00E941C2A20E030E0B8
:10E4C0004AE754E40F94844E0F947C566B017C0110
:10E4D0000E9418BA8091580790915907009791F1BE
:10E4E0000E94ECD8C0915807D0915907209779F134
:10E4F0000E94933E82E08093C90A66EB71E387EE47
:10E5000094E40E94C2388EEB91E30E94B43880E21A
:10E510000E943E38CE010E94717E0E947E3B81EABD
:10E5200094E4009711F00E94703E0E94873E40E004
:10E53000C701B601DF91CF91FF90EF90DF90CF90B0
:10E540000C949C5B84ED91E30E94FFD8CBCF80912B
:10E550005B0790915C07892B29F484EC91E30E947E
:10E56000C53EE5CF8CEC91E3FACFCF93DF93C0911A
:10E57000CE0BC093D70881E6C89FE0011124C05399
:10E58000D44F8091020980FF07C00E94E538CE0178
:10E590000E94717E0E946B7ECE010E9465EE80E03B
:10E5A000DF91CF910C94715ECF93DF93EB010E94CA
:10E5B000B438CE01DF91CF910C94717E2F923F92AF
:10E5C0004F925F926F927F928F929F92AF92BF9283
:10E5D000CF92DF92EF92FF920F931F93CF93DF932F
:10E5E000009709F0AAC11092320810923108909356
:10E5F000840780938307BAE0CB2EB0E2DB2EE12CB8
:10E60000F12C15E002E846015701C4E1D0E0109278
:10E610004B1510924A1510933E15009341158092A8
:10E62000421590924315A0924415B09245158EEE76
:10E6300094E10E948ED421972FEF821A920AA20AA7
:10E64000B20A209721F744E1C40ED11CE11CF11C51
:10E650008AE5C81680E2D806E104F104A1F6C12CCF
:10E66000A0E2DA2EE12CF12CD5E0C2E810924B1595
:10E6700010924A15D0933E15C0934115C092421591
:10E68000D0924315E0924415F09245158EEE94E138
:10E690000E948ED410924B1510924A15D0933E15BD
:10E6A000C0934115D701C6018C529F4FAF4FBF4F4A
:10E6B0008093421590934315A0934415B09345154C
:10E6C0008EEE94E10E948ED4EFEFCE1ADE0AEE0AAF
:10E6D000FE0AFAE0CF16F0E2DF06E104F10431F6BB
:10E6E000FEEDCF2EF0E2DF2EE12CF12CD5E0C2E8DA
:10E6F00010924B1510924A15D0933E15C0934115B8
:10E70000C0924215D0924315E0924415F0924515FF
:10E710008EEE94E10E948ED42FEFC21AD20AE20A42
:10E72000F20A46EEC41640E2D406E104F10401F711
:10E73000CC24C394E2E1DE2EE12CF12C0AE010E0BF
:10E74000D5E0C2E810934B1500934A15D0933E15BF
:10E75000C0934115C0924215D0924315E0924415E2
:10E76000F09245158EEE94E10E948ED410934B15D5
:10E7700000934A15D0933E15C0934115D701C601A9
:10E780008096A11DB11D8093421590934315A093CF
:10E790004415B09345158EEE94E10E948ED48FEF10
:10E7A000C81AD80AE80AF80AE5E0CE16E2E1DE0661
:10E7B000E104F10439F60091310810913208011595
:10E7C000110509F0D6C080913008882309F4E1C012
:10E7D0002AE030E240E050E06CE274E08EEE94E13A
:10E7E0000E946C7AC1E0D0E003E010E0E0903108D4
:10E7F000F090320835E0332E42E8242E44244A9427
:10E80000542C64E0662E712C7FE1C72E74E0D72E65
:10E810008091310890913208800F911FE816F90617
:10E8200008F0D5C0C7010E9457F7882309F481C0BA
:10E8300080916C0F6FE57FE0882311F06CE67FE03C
:10E84000FB0101900020E9F7CF010197861B970B90
:10E85000F4E1FC9F9001FD9F300D1124265F3F4D98
:10E8600050E040E0459710F0FB01128A8EEE94E1F3
:10E870000E946C7ACE018F5F9D4EB0E0A0E02196A1
:10E880004E0124E0880C991C2A95E1F7FDEF8F1AC0
:10E89000FFE99F0AB12CA12C2091971625FF7EC07D
:10E8A00070924B1560924A1530923E152092411598
:10E8B0008093421590934315A0934415B09345154A
:10E8C0008EEE94E10E948ED4D0924B15C0924A15E0
:10E8D00030923E1520924115809242159092431538
:10E8E000A0924415B09245158EEE94E10E948ED40C
:10E8F000B70181EB93E30E94F0CE80916C0F6CE640
:10E900007FE0811102C06FE57FE08EEA93E30E9411
:10E91000D4F268EE77E08AEA93E30E94D4F26FE5DE
:10E920007FE089EA93E30E94D4F285EA93E30E94B0
:10E93000B4382FEFE21AF20A6BCF209131083091F0
:10E940003208A901415051096091830770918407F1
:10E950006817790738F42C5F3F4F309332082093C3
:10E96000310845CE4430510508F43DCE24503109DC
:10E97000F4CF0430110569F480913008882331F018
:10E9800083E090E09093320880933108D0E0C0E0BB
:10E990002DCFD0E0C0E004E010E028CF10924B155E
:10E9A00010924A1530923E152092411580934215DF
:10E9B00090934315A0934415B09345158EEE94E1C2
:10E9C0000E948ED450924B1540924A1581CFDF9110
:10E9D000CF911F910F91FF90EF90DF90CF90BF905C
:10E9E000AF909F908F907F906F905F904F903F90EF
:10E9F0002F900895CF93DF93CDB7DEB76A970FB608
:10EA0000F894DEBF0FBECDBF70E060E083E50E94EA
:10EA1000082B8E34910569F40E9477B80F94C500D5
:10EA20006A960FB6F894DEBF0FBECDBFDF91CF91CF
:10EA3000089588EA92E30E94B43860915506709177
:10EA400056068FE992E30E94F0CE609157067091CE
:10EA5000580682E992E30E94F0CE609155067091CB
:10EA600056068091570690915806681B790B809145
:10EA7000B809815021E030E0823010F030E020E031
:10EA8000621B730B87E892E30E94E2CE8FE792E36A
:10EA90000E94B4388091590690915A06A0915B0665
:10EAA000B0915C068F8B988FA98FBA8FBE016F5F74
:10EAB0007F4FCE0147960E942CECBE016F5F7F4FC7
:10EAC00082E792E30E94D4F280915D0690915E0607
:10EAD000A0915F06B09160068F8B988FA98FBA8F37
:10EAE000BE016F5F7F4FCE0147960E942CECBE01A6
:10EAF0006F5F7F4F82E692E30E94D4F220E030E025
:10EB00004AE754E460916106709162068091630661
:10EB1000909164060F940356AB01BC018AE492E322
:10EB20000E94CC388DE60E943E380E947E3B78CF12
:10EB3000CF92DF92EF92FF922091D20A3091D30AC6
:10EB40004091D40A5091D50AFC0160817181828183
:10EB500093810F9403566B017C0120E030E0A90102
:10EB60000F946957181664F4C701B6010F94E7555E
:10EB70000F947556CB01FF90EF90DF90CF900895E2
:10EB8000C701B6010F94AB56F3CFE0EDF0E0108271
:10EB90008081826080831092D50080E18093D400D0
:10EBA000E1EDF0E0808180618083808188608083F6
:10EBB00080818068808380818F7D80831092EF0FB9
:10EBC0000895FC01DB018C9120813181382798E088
:10EBD000A901220F331F57FD05C09150C9F731839A
:10EBE00020830895B1E22B27B0E13B27F6CF00C088
:10EBF000000082E090E00197F0F708958F929F92D5
:10EC0000AF92BF92EF92FF921F93CF93DF93CDB756
:10EC1000DEB7A0970FB6F894DEBF0FBECDBF61156B
:10EC200071058105910591F120E04AE0842E912C37
:10EC3000A12CB12C11E0120FEE24E394F12CEC0E78
:10EC4000FD1EE20EF11C27FDFA94A50194010F941C
:10EC50006254F7016083B901CA01212F6115710562
:10EC60008105910539F7115018F1E1E0F0E0EC0F62
:10EC7000FD1FE10FF11D17FDFA95908187E39A3092
:10EC800008F480E3890F0E943E38EDCF80E3A09620
:10EC90000FB6F894DEBF0FBECDBFDF91CF911F91AD
:10ECA000FF90EF90BF90AF909F908F900C943E3864
:10ECB000A0960FB6F894DEBF0FBECDBFDF91CF9107
:10ECC0001F91FF90EF90BF90AF909F908F9008950D
:10ECD000BF92CF92DF92EF92FF920F931F93CF9349
:10ECE000DF93EB01FC012381223008F4DCC0408576
:10ECF0005185628573854F71552766277727452B88
:10ED0000462B472B09F0CFC08C0110926D0F10924B
:10ED10006C0FC12CDD24DA947E01FBE0EF0EF11CB8
:10ED20005DE0B52E40E250E0BE01C8010E94BA8508
:10ED30009C01809779F081E0232B09F480E0819594
:10ED4000DF91CF911F910F91FF90EF90DF90CF90C7
:10ED5000BF9008952881222309F4A7C0253E11F011
:10ED60002E3229F410926D0F10926C0FDBCF8B8531
:10ED70008F738F3009F05FC08A8D9B8D892B69F569
:10ED80002F718FEF820F853040F58D85213009F48A
:10ED900044C0C81245C02150330BB29EC001B39E7F
:10EDA000900D1124880F991FDC01A459B04FFE016A
:10EDB00020E02B30C0F1468137814C9311963C9373
:10EDC00011972F5F129632962D3099F7288126FFE2
:10EDD00004C08A57904FFC0110828B8583FDA2CF1F
:10EDE000ACE6BFE060EF7FE050E040E01FE5119649
:10EDF0008C9111972C91022E000C330B382BE901CA
:10EE0000CC27D87FFA01E459F04FCA010196C11509
:10EE100008EDD00729F510832CC0C82ED12CBBCF0C
:10EE2000DD24D394B8CF253018F044813581C5CF87
:10EE300041813281C2CFD1100EC0FE0180E080FB43
:10EE4000879587F99191890FEE16FF06C1F7C816CD
:10EE500021F2DD24D39410926D0F10926C0FBDCF70
:10EE6000790100E8E022EF2859F42083232B09F4EC
:10EE700067CF12966A177B0709F462CFAC01B7CF50
:10EE8000CD2B49F6E90136E0D695C7953A95E1F7DD
:10EE9000C06CC0838459904F2F732068FC0120837D
:10EEA000CA010296E6CF8FEF4BCF80E049CFEF92B9
:10EEB000FF920F931F93CF93DF93CDB7DEB7EB97FE
:10EEC0000FB6F894DEBF0FBECDBF8C010E94238821
:10EED00098012F5F3F4F82179307B8F10E94238854
:10EEE00001977C01E01AF10A82ED96E10E941E88EA
:10EEF0008BE1E2EDF6E1DE01919601900D928A95AB
:10EF0000E1F710E000E0BE016F5F7F4FCE01819618
:10EF10000E9468F6181684F4CE0101960E94E27FE2
:10EF2000882389F3E016F106F1F4BE016F5F7F4F8D
:10EF30008FE59FE00E94FF7FCE0181960E94872E81
:10EF400081E090915F0F911101C080E0EB960FB6C8
:10EF5000F894DEBF0FBECDBFDF91CF911F910F910F
:10EF6000FF90EF9008950F5F1F4FCDCF8F929F922C
:10EF7000AF92BF92CF92DF92EF92FF920F931F93C7
:10EF8000CF93DF9300D01F92CDB7DEB7FC01838112
:10EF9000813091F080E00F900F900F900F90DF91F3
:10EFA000CF911F910F91FF90EF90DF90CF90BF9086
:10EFB000AF909F908F900895818181FFEBCF8189E1
:10EFC0009289A389B489892B8A2B8B2B09F460C081
:10EFD0007F0140E050E0BA01CF010E94A683882360
:10EFE000C9F2F701C18CD28C85889688A788B08C2D
:10EFF00082E090E0A0E0B0E0F60180839183A283FC
:10F00000B3839E012F5F3F4FB501A401C6010E944B
:10F010001F81882309F4BECF00E010E09801B501FC
:10F02000A401C6010E948D80882309F4B3CF898092
:10F030009A80AB80BC80F6018789803101F5F8EFBA
:10F040008F16FFEF9F06A104B104D8F2F701158ACD
:10F05000168A178A108E118A128A138A148A81815D
:10F0600080688183C7010E947183882309F492CF4D
:10F0700040E050E0BA01C7010E94A6838CCF88EF20
:10F0800088168FEF9806A8068FE0B806F8F6B9CF75
:10F0900081E081CFEF92FF920F931F93CF93DF9385
:10F0A000CDB7DEB764970FB6F894DEBF0FBECDBF05
:10F0B0007C01FB0160817181828193818E010F5FF0
:10F0C0001F4F22E041E00F949548F7010190002086
:10F0D000E9F79F01215031092E193F0922333105EB
:10F0E00050F443E350E0421B530BBC01C701820FB5
:10F0F000931F0F94644DC70164960FB6F894DEBF5A
:10F100000FBECDBFDF91CF911F910F91FF90EF9078
:10F110000895CF92DF92EF92FF926B017C01F7FE90
:10F120000BC0F094E094D094C094C11CD11CE11C9D
:10F13000F11C8DE20E943E38C701B601FF90EF90AE
:10F14000DF90CF900C94FEF58DEA94E1FC010190E4
:10F150000020E9F7CF018D5E9441813C9F4760F428
:10F16000EDEAF4E18FE390E027AD207C203839F020
:10F1700083559B4EFC0110828DEA94E1089501971E
:10F1800031978F3F980781F7F7CF8F929F92AF9279
:10F19000BF92CF92DF92EF92FF92CF93DF93909343
:10F1A0005E0F80935D0F1092071082E090E0A0E068
:10F1B000B0E08093F00F9093F10FA093F20FB09313
:10F1C000F30F10925C0F1092580F1092590F10927B
:10F1D0005A0F10925B0F8FEF9FEFDC018093540F5B
:10F1E0009093550FA093560FB093570F662309F4D1
:10F1F00070C040E060E070E0CB010E944E80811161
:10F200000DC0C0E08C2FDF91CF91FF90EF90DF9089
:10F21000CF90BF90AF909F908F9008958091120FE4
:10F220008F7779F780911E0F90911F0FA091200F7B
:10F23000B091210F84369105A105B10510F3C0905E
:10F240001A0FD0901B0FE0901C0FF0901D0FC114EF
:10F25000D104E104F104A9F240E0C701B6010E9423
:10F260004E80C82F882369F280915F0D9091600DC8
:10F270008115924031F6A091640DAA2311F260919C
:10F28000620D7091630D6115710509F4BACF20917B
:10F29000610D222309F4B5CFA09302102093F40F3F
:10F2A00090E080E030E0E1E0F0E0D82FAF01082E00
:10F2B00002C0440F551F0A94E2F72417350769F07E
:10F2C00041E0480F01968930910579F74093FD0F91
:10F2D00098CFC12CD12C7601BFCF8093FD0F209108
:10F2E0006A0D30916B0D50E040E02115310541F47D
:10F2F0002091780D3091790D40917A0D50917B0DD0
:10F300002093F50F3093F60F4093F70F5093F80FBB
:10F3100046015701860E971EA11CB11C8092031056
:10F3200090920410A0920510B0920610E091650D25
:10F33000F091660DF0930910E0930810B0E00F947F
:10F34000A354DC01CB01880D991DAA1DBB1D809320
:10F350000A1090930B10A0930C10B0930D1025E0A1
:10F36000EE0FFF1F2A95E1F7E150FE4FEF2FFF2729
:10F37000E6958E0F9F1FA11DB11D8093FE0F9093E8
:10F38000FF0FA0930010B09301108090670D909034
:10F39000680DB12CA12C8114910441F48090740D5E
:10F3A0009090750DA090760DB090770DC81AD90A7F
:10F3B000EA0AFB0AC80CD91CEA1CFB1C04C0F69420
:10F3C000E794D794C794DA95D2F7C092F90FD09208
:10F3D000FA0FE092FB0FF092FC0F85EFC8168FE05A
:10F3E000D806E104F10420F48CE08093071009CFE3
:10F3F00080E125EFC2162FEFD206E104F10488F078
:10F400008091800D9091810DA091820DB091830D1E
:10F4100080930A1090930B10A0930C10B0930D10D2
:10F4200080E280930710EECE2F923F924F925F9230
:10F430006F927F928F929F92AF92BF92CF92DF9204
:10F44000EF92FF920F931F93CF93DF931F921F9220
:10F45000CDB7DEB7382E7B012DB73EB73A8329836F
:10F4600080916F18811107C010925418109257188C
:10F4700081E080936F1880914C18811107C0109221
:10F4800031181092341881E080934C18DA018C9175
:10F490008F3209F083C087EB96E1F7019183808377
:10F4A0004F5F5F4F311010928C16F70140805180F2
:10F4B0008A0124E5C22E28E1D22E3BE1232E01153C
:10F4C0001105C1F16DB67EB66FE270E0C8010F9410
:10F4D00057585C010817190740F5AC01401B510B48
:10F4E00055274F5F5F4F2DB73EB7241B350B0FB627
:10F4F000F8943EBF0FBE2DBF8DB79EB701964C014D
:10F50000B8010F94644DC6010E946787D7016D91C1
:10F510007C9121E0A401C6010E94A088811144C011
:10F52000C4010E9438AC10E000E00FB6F8947EBE33
:10F530000FBE6DBE3320A9F0D701ED91FC918BE198
:10F54000A2EDB6E101900D928A95E1F791E08091EC
:10F550008C16811190E08091971690FB86F980932C
:10F560009716C801E981FA810FB6F894FEBF0FBE65
:10F57000EDBF0F900F90DF91CF911F910F91FF90F2
:10F58000EF90DF90CF90BF90AF909F908F907F9043
:10F590006F905F904F903F902F90089582ED96E18D
:10F5A000D7018D939C9381CFF7018081918148167B
:10F5B000590611F00E946787D701CD92DC92332063
:10F5C00099F0A0918C16AA3078F481E08A0F80938C
:10F5D0008C162A9ED0011124A351B94EF601822D1A
:10F5E00001900D928A95E1F7B4E5CB16B8E1DB0600
:10F5F00069F491E3C92E98E1D92E85010F5F1F4F61
:10F600000FB6F8947EBE0FBE6DBE59CF84E5C82EEE
:10F6100088E1D82EF2CF9091CF0B21E6929FF00196
:10F620001124E05DF34F808384E0989FF001112462
:10F63000EF5DF74E4091C90B5091CA0B6091CB0B17
:10F640007091CC0B40835183628373839F5F9430AE
:10F6500040F49093CF0B8091CD0B8F5F8093CD0BB7
:10F6600008951092CF0BF7CFCF92DF92EF92FF92D7
:10F67000E0EEFAE080818183C090620BD090630B52
:10F68000E090640BF090650B8FEFC81AD80AE80A77
:10F69000F80A8DE895E40E94B438C701B6010E94CB
:10F6A00089F80E947E3B89E895E4FF90EF90DF9017
:10F6B000CF900C94B438CF92DF92EF92FF920F93D9
:10F6C0001F93CF938C01C62F0E94E138C090620B2C
:10F6D000D090630BE090640BF090650BC8010E9422
:10F6E000B438C701B6010E9489F80E947E3B0E948F
:10F6F00036420196E1F78C2F0E9434FB1092670B83
:10F700001092660BCF911F910F91FF90EF90DF90B9
:10F71000CF900895CF93DF93EC0184E00E94B6BFB1
:10F72000811130C080911F18909120188C0F9D1F5F
:10F730009093201880931F188091DE0A9091DF0A21
:10F74000C80FD91FD093DF0AC093DE0A0E94607AE7
:10F750006093DA0A7093DB0A8093DC0A9093DD0AE7
:10F760000E944432882371F0809163029091640278
:10F77000019641F41092640210926302DF91CF91DE
:10F780000C943E32DF91CF910895CF92DF92EF92A9
:10F79000FF92CF93DF93EC01BC01990F880B990B7B
:10F7A0000F94254E2091D20A3091D30A4091D40A69
:10F7B0005091D50A0F94844E6B017C01CE010E94BA
:10F7C0008AFBC6ECD0E1A7019601688579858A8518
:10F7D0009B850F940955688779878A879B87DF9176
:10F7E000CF91FF90EF90DF90CF900895CF93DF936C
:10F7F0009091C90A91110DC0EA0140E00E949F3E1C
:10F80000209719F0CE010E94703EDF91CF910C94A9
:10F81000873EDF91CF9108958BEF97E10E9471832E
:10F820008BEF97E10E946787809197168D7F8E7F7F
:10F830008093971610929316109294161092951624
:10F840001092961681E080938B1608954F925F92E6
:10F850006F927F928F929F92AF92BF92CF92DF92E0
:10F86000EF92FF920F931F93CF93DF93CDEADAE0ED
:10F870004C845D846E847F840DEB1AE0F801248152
:10F880003581468157816C817D818E819F810F9466
:10F8900009554B015C01F80120853185428553856E
:10F8A000688579858A859B850F9409556B017C0154
:10F8B000F8012081318142815381688179818A8177
:10F8C0009B810F940955AB01BC0186E895E40E9429
:10F8D000CC38B501A40182E895E40E94CC38B70188
:10F8E000A6018EE795E40E94CC38B301A2018AE715
:10F8F00095E4DF91CF911F910F91FF90EF90DF90F2
:10F90000CF90BF90AF909F908F907F906F905F90BF
:10F910004F900C94CC38CF93DF930E94607A609321
:10F92000A90A7093AA0A8093AB0A9093AC0AC0917B
:10F93000CE0BD1E6DC9FF0011124E05DF34F808116
:10F9400081113FC087E795E40E94B438CD9FE00164
:10F950001124C053D44F88818E3499F480E20E94E0
:10F960003E388EE40E943E382196899190ED980FA2
:10F970009A3020F08D3211F08B3219F40E943E380B
:10F98000F4CF9091D8108091D7108917C0F0C82F6C
:10F99000C91B84E795E40E94B43887E08C1B0E9461
:10F9A0003D2F8091CD0B64E070E0681B710981E709
:10F9B00095E40E94013BDF91CF910C947E3B885FE0
:10F9C000E6CFDF91CF9108950E94E5386091A70AB4
:10F9D0007091A80A8EE595E40E94D4F28BE595E437
:10F9E0000C94B438CF93C82F41E00E94813B8C2FF8
:10F9F000CF910C94E9389091A50A981779F08093EB
:10FA0000A50A882339F08091A30A8093A40A109252
:10FA1000A30A08958091A40A8093A30A0895CF931E
:10FA2000DF936CE475E40E94F2FCCAE5DAE04C89ED
:10FA30005D896E897F8984E495E40E94CC38488D85
:10FA4000598D6A8D7B8D81E495E40E94CC384C8D74
:10FA50005D8D6E8D7F8D8EE395E40E94CC3848A13C
:10FA600059A16AA17BA18BE395E40E94CC38DF9178
:10FA7000CF910C947E3B6F927F928F929F92AF9228
:10FA8000BF92CF92DF92EF92FF920F931F93CF938B
:10FA9000DF93C82EE62E8091590A833009F043C0C7
:10FAA0000E94C6CE882309F43EC060912810709150
:10FAB0002910072E000C880B990B0F94254E20E07F
:10FAC00030E040E85FE30F94085520912410309116
:10FAD000251040912610509127100F941E4E181695
:10FAE00014F181E09AE5909319168093181680E43A
:10FAF00090E090931B1680931A1687E080930C1663
:10FB000082E880930F1684E890E0A0E0B0E0809354
:10FB1000101690931116A0931216B09313168CEB37
:10FB200095E10E948ED410E000E0D0E024E0B22EF7
:10FB30000C2C000CDD080E2C000CFF0835E0A32E69
:10FB400045E0942E52E8852EC0E0802F8170782EFB
:10FB50006D2E6C0E8B2D8C1B711001C08C2F8C1593
:10FB60001D04D1F50E151F05B9F5AC9CF001AD9C37
:10FB7000F00D1124E00FF11FEE0FFF1FEE0FFF1F1E
:10FB8000EB50F64F20E030E04AE754E460817181A9
:10FB9000828193810F94844E0F9475567093191639
:10FBA0006093181690920C1680920F16462D50E016
:10FBB0004058574F440F551F052E000C660B770B0E
:10FBC00040931016509311166093121670931316EB
:10FBD0008CEB95E10E948ED4CF5FC53009F0B8CF91
:10FBE000DB5F0F5F1F4FD93109F0AECFDF91CF91AF
:10FBF0001F910F91FF90EF90DF90CF90BF90AF904B
:10FC00009F908F907F906F9008954F925F926F9228
:10FC10007F928F929F92AF92BF92CF92DF92EF929C
:10FC2000FF92CF93DF9300D000D01F921F92CDB7E9
:10FC3000DEB75C01DB01CD90DD90ED90FC90E091B2
:10FC4000D210F091D310FE83ED8384819581A6813B
:10FC5000B78189839A83AB83BC839C01AD01C701C3
:10FC6000B6010F9408552B013C01F501808091806D
:10FC7000A280B380AD81BE818D919D910D90BC918C
:10FC8000A02D8D839E83AF83B88727E137EB41EDAD
:10FC900058EBC301B2010F94695787FDD0C023E030
:10FCA00030E04BE953E4C301B2010F941E4E181625
:10FCB0000CF4C5C02D813E814F815885C501B4012A
:10FCC0000F9408552B013C0127E137EB41ED58EB30
:10FCD0000F94695787FDB3C023E030E84DE953E442
:10FCE000C301B2010F941E4E18160CF4A8C020E0F8
:10FCF00030E0A9016D817E818F8198850F9409552F
:10FD00002B013C0120E030E040E450E40F941E4E13
:10FD100087FF05C0412C512C30E4632E762C27E15F
:10FD200037EB41ED58E3C301B2010F9408559B0135
:10FD3000AC01C501B4010F94695787FD80C020E074
:10FD400030E84DE953E46D817E818F8198850F9471
:10FD500009552B013C0120E030E844E953E40F94BD
:10FD6000695718163CF4412C20E8522E24E9622EE3
:10FD700023E4722E27E137EB41ED58E3C301B201D2
:10FD80000F9409559B01AC01C501B4010F941E4E9F
:10FD900018160CF454C020E030E0A90169817A8182
:10FDA0008B819C810F9409554B015C0120E030E070
:10FDB00040E051E40F941E4E87FF05C0812C912C2A
:10FDC000A12C91E4B92E27E137EB41ED58E3C501B1
:10FDD000B4010F9408559B01AC01C701B6010F9403
:10FDE000695787FD2CC020E030E04BE953E469817E
:10FDF0007A818B819C810F9409554B015C0120E035
:10FE000030E042E953E40F946957181634F4812C1A
:10FE1000912C82E9A82E83E4B82E27E137EB41ED3F
:10FE200058E3C501B4010F9409559B01AC01B1E041
:10FE3000B983C701B6010F941E4E18160CF419822F
:10FE4000898128960FB6F894DEBF0FBECDBFDF9133
:10FE5000CF91FF90EF90DF90CF90BF90AF909F90A9
:10FE60008F907F906F905F904F900895CF93DF9326
:10FE700000D01F92CDB7DEB721E0FC0123A784811B
:10FE80009581A681B781B05889839A83AB83BC835F
:10FE9000BE016F5F7F4F84EE99E00E9481270F9033
:10FEA0000F900F900F90DF91CF910895CF92DF9236
:10FEB000EF92FF921F93CF93DF93EC012091DD0926
:10FEC0003091DE094091DF095091E0096881798124
:10FED0008A819B810F941E4E882309F45DC0109186
:10FEE000DC0980E00E94582FC880D980EA80FB801E
:10FEF00020E030E0A901C701B6010F946957181638
:10FF00001CF0C12CD12C7601C092DD09D092DE0903
:10FF1000E092DF09F092E0092DEB37E346E855EB7C
:10FF2000C701B6010F94695787FD0AC02DEB37E36F
:10FF300046E855E3C701B6010F941E4E181644F566
:10FF4000A701960160E070E080E89FE30F940356FC
:10FF50006093D8097093D9098093DA099093DB09EB
:10FF600080EF9FEFA9E7B4EC8093D4099093D50973
:10FF7000A093D609B093D709112371F081E0DF91E6
:10FF8000CF911F91FF90EF90DF90CF900C94582F5E
:10FF900060E070E0CB01DCCFDF91CF911F91FF904B
:10FFA000EF90DF90CF9008958F929F92AF92BF9283
:10FFB000CF92DF92EF92FF920F931F93CF93DF9335
:10FFC00000D01F92CDB7DEB75C016B017A01122F12
:10FFD000002381F10E94E53888EC94E40E94B43853
:10FFE00061E0812F0E948D2E0091060983E08093AD
:10FFF000060981E0809305098AEB94E40E94FFD80A
:020000022000DC
:1000000040E36AEA74E482E00E949F3E81EA94E45D
:100010000E94703E0E94873E80910509882341F02E
:1000200060E0812F0E948D2E81E00E94974AF4CFDC
:100030000093060920E030E0A901F501608171819B
:10004000828193810F941E4E882371F080E090E0AE
:10005000A0ECB0E489839A83AB83BC83BE016F5F5D
:100060007F4FC5010E94A0C520E030E0A901F60144
:1000700060817181828193810F941E4E882351F19A
:100080008090920A9090930AA090940AB090950A5A
:1000900080E090E0A0E7B1E48093920A9093930A05
:1000A000A093940AB093950A80E090E0A0EAB1E4AE
:1000B00089839A83AB83BC83BE016F5F7F4FC60188
:1000C0000E94A0C58092920A9092930AA092940AEC
:1000D000B092950A812C912C80E4A82EBA2C93E042
:1000E000D92E20E030E0A901F70160817181828181
:1000F00093810F946957181654F489829A82AB82BF
:10010000BC82BE016F5F7F4FC7010E94A0C5809176
:10011000030901EA14E4882311F002E814E440E042
:100120006AE974E481E00E949F3E80E994E40E94C1
:10013000703EC8010E94703E0E94873E10910609E1
:10014000D09206091092050980910409811104C01A
:1001500081E00E94974AF8CF10930609813009F494
:10016000C0CF0E94933E81E00F900F900F900F90B0
:10017000DF91CF911F910F91FF90EF90DF90CF9083
:10018000BF90AF909F908F9008950E948D33811102
:100190001DC08091971682FF0FC087FD0DC0809112
:1001A0006C0F811106C08FE59FE040E061E00C9488
:1001B00060D88CE69FE0F9CF8091B809813049F092
:1001C00084E594E441E06FEF0C9495D885E794E4DE
:1001D000F9CF89E694E4F6CFCF93DF939091D810CE
:1001E0008091D710891738F0891B873031F480E06F
:1001F0000E94974AF3CF885FF7CF8091D7100E9473
:1002000074BFA091D71094E7A99FD0011124FD01DC
:10021000E750FF4EEF0119929A95E9F790819860A7
:100220009083A25FBE4E90E1E9EEF0E101900D9265
:100230009A95E1F72091D7109091D810291303C017
:1002400094E69093D4108093D710DF91CF910C94C3
:100250003E32CF93DF93CDB7DEB760970FB6F894F9
:10026000DEBF0FBECDBF80E1EDEAFAE0DE01119600
:1002700001900D928A95E1F7CE0101960E943BBA5A
:10028000CE0101960E9449BE60960FB6F894DEBF7B
:100290000FBECDBFDF91CF9108958F929F92AF9205
:1002A000BF92CF92DF92EF92FF920F931F93CF9363
:1002B000DF93B4E4A0E06A2F70E0AB014B0F511D57
:1002C00055954795411119C0EEE5FFE3659174918D
:1002D000072E000C880B990B0F94254EDF91CF91C0
:1002E0001F910F91FF90EF90DF90CF90BF90AF9054
:1002F0009F908F900895B42FE0CF4A1711F0B41358
:1003000003C0EAE6F0E4E2CF9A0121503109220F5E
:10031000331F220F331FF901E45AF04CE590F4909B
:10032000F901E05AF04CC591D4918E159F0518F350
:10033000A42FC817D90708F4BECFF901E25AF04C30
:1003400005911491F901EE59F04CC590D4908E1995
:100350009F09BC0190E080E00F94234E4B015C01AB
:10036000B601601B710B072E000C880B990B0F94C4
:10037000254E9B01AC01C501B4010F94844E4B0185
:100380005C01CE19DF09BE0190E080E00F94234E9E
:100390009B01AC01C501B4010F9403566B017C01B4
:1003A000B801110F880B990B0F94254E9B01AC01DE
:1003B000C701B6010F94095591CF41E060E00C945C
:1003C00060D82F923F924F925F926F927F928F925E
:1003D0009F92AF92BF92CF92DF92EF92FF920F93D4
:1003E0001F93CF93DF93CDB7DEB76E970FB6F89418
:1003F000DEBF0FBECDBF9D8F8C8F1B014B8F2E8F0D
:10040000FA8EE98E8091E309882319F04A990E94B7
:100410001836E98DFA8DC080D180E280F380A090FB
:10042000B50AB090B60A9090B70A8090B80A9501C4
:10043000492D582DB601C7010F941E4E87FF03C0EA
:100440006501E92CF82CEC8DFD8D40805180628097
:10045000738049825A826B827C82F1018080918014
:10046000A280B3808D829E82AF82B886C601D701FA
:1004700089879A87AB87BC87BE016B5F7F4FCE01B0
:1004800001960E9405FE882309F427C1E090D2104E
:10049000F090D310F7012081318142815381C30153
:1004A000B2010F94085569837A838B839C83F7018B
:1004B0002481358146815781C501B4010F940855C7
:1004C0006D837E838F8398878091590290915A0221
:1004D000A0915B02B0915C028D879E87AF87B88B3D
:1004E0009E01235F3F4FAE01475F5F4FBE016B5FD1
:1004F0007F4FCE0101960E9441C48091E209811193
:1005000004C060E081E00E94C6C84090CE105090C8
:10051000CF106090D0107090D110A3019201F8011B
:1005200060817181828193810F9408554B015C0138
:100530008091E10990E095958795959587958095AF
:100540009095817099272AE0289FB001299F700D0E
:100550001124072E000C880B990B0F94254E9B013C
:10056000AC01C501B4010F9408556D8B7E8B8F8B48
:10057000988F80E090E0A0E4B1E4898B9A8BAB8BFC
:10058000BC8BBE016F5E7F4FCE0145960E945EC65A
:10059000182F8090B50A9090B60AA090B70AB09034
:1005A000B80AA301920160E070E080E490E40F9447
:1005B00008556B017C01A50194010F941E4E87FF25
:1005C00093C060E070E080EC9FE72091CE10309106
:1005D000CF104091D0105091D1100F9409554B017C
:1005E0005C01AC019B010F94FB5781114EC0FB8D48
:1005F000F13050F0F330F0F1F33031F440E061E0ED
:10060000898D9A8D0E9422C5FE8DF33008F44AC070
:100610002091BD0A3091BE0A4091BF0A5091C00A94
:10062000EC8DFD8D60817181828193810F940955DC
:10063000AB01BC0184E195E40E94CC382091C10A51
:100640003091C20A4091C30A5091C40AF1016081FD
:100650007181828193810F940955AB01BC018FE0B8
:1006600095E40E94CC38B501A4018AE095E40E948B
:100670009D3C18C080E00E942727882329F2812C06
:10068000912C90ECA92E9FE7B92E80E00E9427279D
:100690008CE295E40F94DD010E94E1388CE195E451
:1006A0000E94B438C501B4016E960FB6F894DEBF4F
:1006B0000FBECDBFDF91CF911F910F91FF90EF90B3
:1006C000DF90CF90BF90AF909F908F907F906F9072
:1006D0005F904F903F902F900895812C912C80EC4B
:1006E000A82E8FE7B82EDECF11116BCF20E030E0BF
:1006F00040EA50E4C501B4010F9409556D877E8727
:100700008F87988B40E060E0CE010D960E9422C555
:1007100080E090E0A0ECB0E48D879E87AF87B88B37
:10072000BE01635F7F4FCE0145960E945EC6182FC3
:100730004090B50A5090B60A6090B70A7090B80A17
:10074000A3019201C701B6010F941E4E87FD39CF58
:10075000111137CF20E030E040E450E4C301B20192
:100760000F94844E2B013C01A5019401C501B401F5
:100770000F9409559B01AC01C301B2010F940955B7
:100780002DEC3CEC4CE45EE30F94844E1ECF2F9294
:100790003F924F925F926F927F928F929F92AF9211
:1007A000BF92CF92DF92EF92FF920F931F93CF935E
:1007B000DF93CDB7DEB7CF5AD1090FB6F894DEBFBD
:1007C0000FBECDBF8C017B01CF57DF4F59834883CC
:1007D000C158D040DC012D913D914D915C91C557A0
:1007E000DF4F288339834A835B83CB58D0402091E5
:1007F0006E0A30916F0A4091700A5091710AC55784
:10080000DF4F688179818A819B81CB58D0400F94DA
:10081000844E0F947657CD55DF4F688379838A8352
:100820009B83C35AD040D80114962D913D914D9190
:100830005C911797C157DF4F288339834A835B83C5
:10084000CF58D0402091720A3091730A4091740AB7
:100850005091750AC157DF4F688179818A819B81E8
:10086000CF58D0400F94844E0F947657C955DF4F20
:10087000688379838A839B83C75AD040D8011896AE
:100880002D913D914D915C911B97CD56DF4F288363
:1008900039834A835B83C359D0402091760A3091D3
:1008A000770A4091780A5091790ACD56DF4F6881D6
:1008B00079818A819B81C359D0400F94844E0F94D3
:1008C0007657C555DF4F688379838A839B83CB5ADC
:1008D000D040D8011C962D913D914D915C911F9770
:1008E000C358DF4F288339834A835B83CD57D04079
:1008F00020917A0A30917B0A40917C0A50917D0ABE
:10090000C358DF4F688179818A819B81CD57D04060
:100910000F94844E0F947657CD57DF4F68837983B9
:100920008A839B83C358D04080E1F801DE01AF5B2E
:10093000BF4F01900D928A95E1F78091020983FFE4
:1009400020C0CD57DF4F088119812A813B81C358D0
:10095000D0400093F5101093F6102093F7103093C9
:10096000F810C358DF4F288139814A815B81CD5708
:10097000D0402093E5103093E6104093E710509359
:10098000E810D7013C9011962C90119712960C917B
:10099000129768960FAF689713961C91A0961FAF99
:1009A000A0979091D8108091D710891738F0891BA3
:1009B000873031F480E00E94974AF3CF885FF7CF09
:1009C0008091D7100E9474BFC155DF4F8883CF5AE2
:1009D000D0400091D7108091000990910109892B96
:1009E00011F00D9496148091E9109091EA10A09165
:1009F000EB10B091EC10CD55DF4F88809980AA8024
:100A0000BB80C35AD040881A990AAA0ABB0A8091AF
:100A1000ED109091EE10A091EF10B091F010C9552B
:100A2000DF4F488059806A807B80C75AD040481A7F
:100A3000590A6A0A7B0A8091F1109091F210A091F4
:100A4000F310B091F410C555DF4F288139814A81E8
:100A50005B81CB5AD040281B390B4A0B5B0B679646
:100A60002CAF3DAF4EAF5FAF67978091F51090917F
:100A7000F610A091F710B091F810CD57DF4F2881F4
:100A800039814A815B81C358D040281B390B4A0BFE
:100A90005B0BA7962CAF3DAF4EAF5FAFA797232B55
:100AA000242B252B09F48FC00E9440B9882361F1C3
:100AB000CD57DF4F88819981AA81BB81C358D0402F
:100AC0008093F5109093F610A093F710B093F81060
:100AD000C358DF4F288139814A815B81CD57D0408F
:100AE0002093E5103093E6104093E7105093E81000
:100AF0000E94E53889E394E40E94B438A7961CAEBE
:100B00001DAE1EAE1FAEA797A7966CAD7DAD8EAD88
:100B10009FADA7970F94254E209155023091560214
:100B200040915702509158020F94844E6B017C0102
:100B300020E030E0A9010F94695787FF04C0F7FA5D
:100B4000F094F7F8F09420E030E84BE354E460913F
:100B50007A0A70917B0A80917C0A90917D0A0F94A9
:100B6000844EA70196010F941E4E87FF2CC0CD57CF
:100B7000DF4F88819981AA81BB81C358D04080937F
:100B8000F5109093F610A093F710B093F810C35897
:100B9000DF4F288139814A815B81CD57D040209336
:100BA000E5103093E6104093E7105093E8100E9450
:100BB000E5388AE194E40E94B438A7961CAE1DAED5
:100BC0001EAE1FAEA79710E081E0181419041A0496
:100BD0001B040CF080E080FB10F981E01414150474
:100BE000160417040CF080E080FB11F981E0679691
:100BF0002CAD3DAD4EAD5FAD6797121613061406D2
:100C000015060CF080E080FB12F981E0A7962CAD70
:100C10003DAD4EAD5FADA79712161306140615062F
:100C20000CF080E080FB13F9A7966CAD7DAD8EAD26
:100C30009FADA7970F94254E2091550230915602F3
:100C400040915702509158020F94844E6B017C01E1
:100C500020E030E0A9010F94695787FFF8C4C7016D
:100C6000B6019058402F50E0A9965FAF4EAFA997BC
:100C700054E7059F90011124D901A750BF4E6D96EE
:100C8000BFAFAEAF6D970F947C56AD966CAF7DAF96
:100C90008EAF9FAFAD976D96EEADFFAD6D971082A5
:100CA000EB5BFF4F108367960CAD1DAD2EAD3FADD6
:100CB0006797E5960CAF1DAF2EAF3FAFE59737FFB7
:100CC0000DC030952095109501951F4F2F4F3F4F28
:100CD000E5960CAF1DAF2EAF3FAFE597E9964CAE52
:100CE0005DAE6EAE7FAEE99777FE0DC0222733274B
:100CF000A9012419350946095709E9962CAF3DAFDA
:100D00004EAF5FAFE997ED968CAE9DAEAEAEBFAE87
:100D1000ED97B7FE0DC088279927DC01881999093E
:100D2000AA09BB09ED968CAF9DAFAEAFBFAFED97F3
:100D3000ED960CAD1DAD2EAD3FADED976D96AEAD04
:100D4000BFAD6D9755960D931D932D933C9358977A
:100D5000E9960CAD1DAD2EAD3FADE99759960D93BB
:100D60001D932D933C935C97E5960CAD1DAD2EAD78
:100D70003FADE5975D960D931D932D933C93909712
:100D8000C501B4010F94254E2091CA0A3091CB0AB7
:100D90004091CC0A5091CD0A0F94844EC957DF4F31
:100DA000688379838A839B83C758D04069AB7AABC9
:100DB0008BAB9CABC301B2010F94254E2091CE0AA0
:100DC0003091CF0A4091D00A5091D10A0F94844EAD
:100DD0002B013C014DAA5EAA6FAA78AE67966CAD56
:100DE0007DAD8EAD9FAD67970F94254E2091D20AB1
:100DF0003091D30A4091D40A5091D50A0F94844E71
:100E00004B015C0189AE9AAEABAEBCAE2091D60A66
:100E10003091D70A4091D80A5091D90AC701B6013A
:100E20000F94844EE1966CAF7DAF8EAF9FAFE1978C
:100E300021966CAF7DAF8EAF9FAF2197ED960CAD35
:100E40001DAD2EAD3FADED970630110521053105E5
:100E50000CF007C4E9962CAD3DAD4EAD5FADE99702
:100E600026303105410551050CF0FBC3E5968CADEC
:100E70009DADAEADBFADE5970697A105B1050CF0F0
:100E8000F0C320E030E0A901E1966CAD7DAD8EAD00
:100E90009FADE1970F94695787FFDCC3E1968CAD56
:100EA0009DADAEADBFADE197B05824E7A9960EADAC
:100EB0001FADA997209FF001219FF00D1124E7504D
:100EC000FF4E85879687A787B08B84E7A9960EADDE
:100ED0001FADA997809FF001819FF00D1124E7506D
:100EE000FF4EAD962CAD3DAD4EAD5FADAD9721A3A0
:100EF00032A343A354A3458956896789708D018D18
:100F0000128D238D348D858D968DA78DB0A1801780
:100F10009107A207B30710F4D901C80184179507F8
:100F2000A607B70710F4DB01CA01AD960CAD1DADE5
:100F30002EAD3FADAD9780179107A207B30710F410
:100F4000D901C80124E7A9960EAD1FADA997209F2E
:100F5000F001219FF00D1124E750FF4E85A396A3C9
:100F6000A7A3B0A70697A105B10510F40D947914B5
:100F7000E15AFF4F8091A30A8083452B462B472BD4
:100F800019F080E00E945A9D84E7A9960EAD1FAD2E
:100F9000A997809FF001819FF00D1124E750FF4E2B
:100FA000818D928DA38DB48D892B8A2B8B2B19F07B
:100FB00081E00E945A9D84E7A9960EAD1FADA997C6
:100FC000809FF001819FF00D1124E750FF4E858D29
:100FD000968DA78DB0A1892B8A2B8B2B19F082E0DF
:100FE0000E945A9DAD962CAD3DAD4EAD5FADAD9717
:100FF000232B242B252B11F40D9498140E941C9D57
:10100000E0909A0AF0909B0A00919C0A10919D0A28
:101010009701A801632D722D68968FAD6897A096F1
:101020009FADA0970F941E4E87FD08C0E32CF22CB5
:1010300068960FAD6897A0961FADA09784E7A99614
:101040004EAD5FADA997849FF001859FF00D1124EF
:10105000E750FF4E85849684A784B088A50194014B
:1010600060E070E080E89FE30F940356C957DF4FBC
:10107000688379838A839B83C758D0409701A801EE
:101080000F94844E6B017C019091D5108091D71004
:10109000891708F43DC3891BE6968FAFE697A70131
:1010A000960160E074E284E799E40F9403560F948C
:1010B00076572B013C01E6968FADE6978250823041
:1010C000A0F560916A0A70916B0A80916C0A909108
:1010D0006D0A641975098609970916161706180608
:1010E00019061CF5660F771F881F991FE6960FAD2E
:1010F000E697202F30E050E040E00F948454CA017E
:10110000B9010F94254E0F947556640D751D861DFB
:10111000971D0F94254E9B01AC0160E074E284E7BB
:1011200099E40F9403566B017C01A7019601C50158
:10113000B4010F94844EC956DF4F688379838A8344
:101140009B83C759D04084E7A9962EAD3FADA997A0
:10115000829F8001839F100D112407501F4EC95696
:10116000DF4F88819981AA81BB81C759D040F8019E
:1011700081839283A383B48325A136A147A150A57F
:10118000A3962CAF3DAF4EAF5FAFA397CA01B90195
:101190000F94234EE5966CAF7DAF8EAF9FAFE59772
:1011A0009B01AC01C701B6010F94844E0F94E75523
:1011B0000F947C56C556DF4F688379838A839B835F
:1011C000CB59D040F801E15BFF4F6083718382838C
:1011D00093838E010F5C1F4FEB961FAF0EAFEB9703
:1011E00000511109CF55DF4F19830883C15AD040F0
:1011F0000EE71AE0C156DF4F19830883CF59D0405C
:101200008E01035C1F4F63961FAF0EAF6397212CB7
:10121000312C10E864961FAF64970FE368960FAF08
:101220006897EB96AEADBFADEB972D913D914D918B
:101230005D91EB96BFAFAEAFEB97C701B6010F94D0
:10124000844E4B015C01CF55DF4FE881F981C15AD3
:10125000D04081929192A192B192CF55DF4FF98304
:10126000E883C15AD04020E030E0A9010F946957CB
:1012700087FF04C0B7FAB094B7F8B094C156DF4FF7
:10128000A881B981CF59D0404D905D906D907D90EF
:10129000C156DF4FB983A883CF59D040A50194012F
:1012A000C301B2010F941E4E87FF1AC0A50194011D
:1012B000C301B2010F9403565B018C019101649646
:1012C0004FAD649768965FAD68970F941E4E87FF89
:1012D00007C0150164960FAF649768961FAF6897B3
:1012E00063960EAD1FAD6397EB962EAD3FADEB97BA
:1012F0000217130709F095CFA7019601E1966CAD8F
:101300007DAD8EAD9FADE1970F94844E6B017C0156
:10131000CDA6DEA6EFA6F8AA20E030E0A9010F9442
:1013200069574601570187FF04C0B7FAB094B7F870
:10133000B09440908A0A50908B0A60908C0A70900A
:101340008D0AA5019401C301B2010F941E4E87FFBF
:101350001AC0A5019401C301B2010F9403565B01A9
:101360008C01910164964FAD649768965FAD689764
:101370000F941E4E87FF07C0150164960FAF649748
:1013800068961FAF689720E030E040E85FE3B10166
:1013900064968FAD649768969FAD68970F941E4EC4
:1013A00087FF83C0910164964FAD649768965FADE7
:1013B000689769A17AA18BA19CA10F94844E69A31F
:1013C0007AA38BA39CA3910164964FAD6497689612
:1013D0005FAD68976DA17EA18FA198A50F94844EF3
:1013E0006DA37EA38FA398A7910164964FAD6497D8
:1013F00068965FAD689769A57AA58BA59CA50F94A3
:10140000844E69A77AA78BA79CA7910164964FADDC
:10141000649768965FAD6897C701B6010F94844ED4
:101420006DA77EA78FA798AB84E7A9964EAD5FAD59
:10143000A997849F8001859F100D112407501F4E8E
:1014400078015FE4E50EF11CC556DF4F68817981B4
:101450008A819B81CB59D0400F94234E9101649691
:101460004FAD649768965FAD68970F94844E0F9464
:101470007C56D7016D937D938D939C931397910127
:1014800064964FAD649768965FAD6897C956DF4F15
:10149000688179818A819B81C759D0400F94844E9D
:1014A000F8016183728383839483E5962CAD3DAD0F
:1014B0004EAD5FADE597C957DF4F688179818A816D
:1014C0009B81C758D0400F94844EE1966CAF7DAF9E
:1014D0008EAF9FAFE19784E7A9960EAD1FADA99798
:1014E000809FF001819FF00D1124E750FF4E258968
:1014F00036894789508D67962CAF3DAF4EAF5FAFB1
:101500006797232B242B252B09F004C1818D928D05
:10151000A38DB48D892B8A2B8B2B09F0FBC0858D75
:10152000968DA78DB0A1892B8A2B8B2B09F0F2C049
:101530002091920A3091930A4091940A5091950A11
:10154000E1966CAD7DAD8EAD9FADE1970F94844E6D
:101550000F94E7550F947C562B013C01312C84E706
:10156000A9962EAD3FADA997829F8001839F100D54
:10157000112407501F4EF801E55AFF4F4082518257
:1015800062827382C301B2010F94234E4B015C014E
:10159000E1962CAD3DAD4EAD5FADE1970F94035696
:1015A000AD966CAF7DAF8EAF9FAFAD97D801519622
:1015B0006D937D938D939C9354976801B6E4CB0E05
:1015C000D11CF60110821182128213827801FAE492
:1015D000EF0EF11CD7011C92332009F4A7C3209110
:1015E000FC083091FD084091FE085091FF08C501AC
:1015F000B4010F94844E0F947C56F601608371837E
:1016000082839383F80181A192A1A3A1B4A1880F41
:10161000991FAA1FBB1FA3964CAD5DAD6EAD7FADEC
:10162000A39722E076956795579547952A95D1F728
:10163000F701481759076A077B0708F477C3208129
:101640002F5F2083880F991FAA1FBB1FF2CFC701EE
:10165000B60108CBE1968CAD9DADAEADBFADE197C7
:1016600024CCCF57DF4FA881B981C158D040CD904D
:10167000DD90ED90FC9020E030E0A901C701B601BB
:101680000F941E4E882389F084E7A9960EAD1FADF6
:10169000A997809FF001819FF00D1124E750FF4E24
:1016A000C586D686E786F08A10CCC957DF4F2881D9
:1016B00039814A815B81C758D04029833A834B8363
:1016C0005C834D825E826F82788689869A86AB863D
:1016D000BC86E1968CAD9DADAEADBFADE1978D877B
:1016E0009E87AF87B88BCE0101960E94D0BF24E7BA
:1016F000A9960EAD1FADA997209FF001219FF00D77
:101700001124E750FF4E658776878787908BDDCB66
:10171000885FC1CCAD968CAD9DADAEADBFADAD9784
:10172000892B8A2B8B2B09F4E8C120918E0A3091EA
:101730008F0A4091900A5091910AE1966CAD7DAD6F
:101740008EAD9FADE1970F94844E0F94E7550F94A3
:101750007C562B013C01AD960CAD1DAD2EAD3FADC1
:10176000AD97012B022B032B09F4D0C12091FC086B
:101770003091FD084091FE085091FF086B962CAF08
:101780003DAF4EAF5FAF6B9720E030E0A9016B96A5
:101790006CAD7DAD8EAD9FAD6B970F941E4E8823C3
:1017A00009F4B4C1A7968CAD9DADAEADBFADA79702
:1017B000181619061A061B060CF0A8C12091D9109C
:1017C0003091DA104091DB105091DC10C557DF4F9B
:1017D000688179818A819B81CB58D0400F940855CC
:1017E000AD966CAF7DAF8EAF9FAFAD972091DD1002
:1017F0003091DE104091DF105091E010C157DF4F63
:10180000688179818A819B81CF58D0400F94085597
:101810004B015C012091E1103091E2104091E31006
:101820005091E410CD56DF4F688179818A819B8188
:10183000C359D0400F9408556B017C01AD962CAD77
:101840003DAD4EAD5FADAD97CA01B9010F94844E69
:10185000AD966CAF7DAF8EAF9FAFAD97A5019401F4
:10186000C501B4010F94844E9B01AC01AD966CADE3
:101870007DAD8EAD9FADAD970F9409554B015C01C9
:10188000A7019601C701B6010F94844E9B01AC01DC
:10189000C501B4010F9409550F94B7576B017C0132
:1018A0002091E5103091E6104091E7105091E8103A
:1018B000C358DF4F688179818A819B81CD57D040A1
:1018C0000F940855A70196010F9403566B017C01F4
:1018D00020E030E040E450E40F94695718160CF40F
:1018E00015C1A70196016B966CAD7DAD8EAD9FAD18
:1018F0006B970F94844E9B01AC016091F808709136
:10190000F9088091FA089091FB080F940356E1962C
:101910002CAD3DAD4EAD5FADE1970F94844E0F946D
:101920007C56641575058605970510F42B013C015E
:10193000332433948091E8089091E908A091EA0853
:10194000B091EB086D96EEADFFAD6D97C18CD28C6A
:10195000E38CF48C058D168D278D30A16B960CAF22
:101960001DAF2EAF3FAF6B9701A112A123A134A1F0
:10197000AD960CAF1DAF2EAF3FAFAD97A3960CAD9C
:101980001DAD2EAD3FADA39780179107A207B307FA
:1019900008F4BEC067962CAD3DAD4EAD5FAD679708
:1019A000232B242B252B21F16091D8087091D90885
:1019B0008091DA089091DB08641575058605970516
:1019C000B8F4A3962CAD3DAD4EAD5FADA3970F948B
:1019D000525467962CAD3DAD4EAD5FAD67970F94F9
:1019E0006254241535054605570510F429013A01BE
:1019F000C114D104E104F10401F16091DC0870919B
:101A0000DD088091DE089091DF0864157505860574
:101A1000970598F4A3962CAD3DAD4EAD5FADA39761
:101A20000F945254A70196010F9462542415350562
:101A30004605570510F429013A016B968CAD9DAD12
:101A4000AEADBFAD6B97892B8A2B8B2B21F16091AB
:101A5000E0087091E1088091E2089091E308641534
:101A6000750586059705B8F4A3962CAD3DAD4EAD32
:101A70005FADA3970F9452546B962CAD3DAD4EAD18
:101A80005FAD6B970F9462542415350546055705D5
:101A900010F429013A01AD960CAD1DAD2EAD3FAD50
:101AA000AD97012B022B032B09F459CD6091E4086B
:101AB0007091E5088091E6089091E7086415750536
:101AC0008605970508F04BCDA3962CAD3DAD4EADE8
:101AD0005FADA3970F945254AD962CAD3DAD4EAD76
:101AE0005FADAD970F946254241535054605570533
:101AF00008F035CD29013A0132CD2091960A309176
:101B0000970A4091980A5091990A17CE312C12CF1A
:101B100067962CAD3DAD4EAD5FAD6797232B242B63
:101B2000252BD9F16091D8087091D9088091DA08F5
:101B30009091DB08641575058605970570F50F947F
:101B4000234EE5962CAD3DAD4EAD5FADE5970F94C0
:101B5000844E4B015C0167966CAD7DAD8EAD9FAD43
:101B600067970F94234E9B01AC01C501B4010F94FC
:101B700003564B015C01C301B2010F94234E9B013C
:101B8000AC01C501B4010F941E4E87FF06C0C5010C
:101B9000B4010F947C562B013C01C114D104E10423
:101BA000F104B9F16091DC087091DD088091DE08E4
:101BB0009091DF08641575058605970550F50F941B
:101BC000234EE5962CAD3DAD4EAD5FADE5970F9440
:101BD000844E4B015C01C701B6010F94234E9B015B
:101BE000AC01C501B4010F9403566B017C01C30124
:101BF000B2010F94234E9B01AC01C701B6010F94B3
:101C00001E4E87FF06C0C701B6010F947C562B01FC
:101C10003C016B968CAD9DADAEADBFAD6B97892B86
:101C20008A2B8B2BD9F16091E0087091E1088091AB
:101C3000E2089091E308641575058605970570F52F
:101C40000F94234EE5962CAD3DAD4EAD5FADE597BF
:101C50000F94844E6B017C016B966CAD7DAD8EADA7
:101C60009FAD6B970F94234E9B01AC01C701B6014A
:101C70000F9403566B017C01C301B2010F94234EF4
:101C80009B01AC01C701B6010F941E4E87FF06C031
:101C9000C701B6010F947C562B013C01AD960CADEB
:101CA0001DAD2EAD3FADAD97012B022B032B09F4DB
:101CB00056CC6091E4087091E5088091E608909117
:101CC000E708641575058605970508F048CC0F945C
:101CD000234EE5962CAD3DAD4EAD5FADE5970F942F
:101CE000844E6B017C01AD966CAD7DAD8EAD9FAD2C
:101CF000AD970F94234E9B01AC01C701B6010F9421
:101D000003566B017C01C301B2010F94234E9B016A
:101D1000AC01C701B6010F941E4E87FF20CCC7014E
:101D2000B6010F947C562B013C0119CC80E1ECEEFE
:101D3000F8E0DE01519601900D928A95E1F7A796A1
:101D40000CAD1DAD2EAD3FADA79737FF25C06091FF
:101D50001B1870911C1880911D1890911E18611508
:101D6000710581059105C1F00F94234E209117183C
:101D7000309118184091191850911A180F94844EE8
:101D80009B01AC016D8D7E8D8F8D98A10F940955AF
:101D90006D8F7E8F8F8F98A324E7A9960EAD1FAD10
:101DA000A997209FC001219F900D11249C012750CD
:101DB0003F4E6901F901EA5BFF4F80819181A28169
:101DC000B38180931B1890931C18A0931D18B09397
:101DD0001E188091D60A9091D70AA091D80AB09186
:101DE000D90A8093171890931818A0931918B093D4
:101DF0001A1880E1FE01B196DE01119601900D9254
:101E00008A95E1F7E6960FADE697002309F480C0C6
:101E1000E0907718F09078180091791810917A185E
:101E20002DEB37E346E855E3B701C8010F941E4E8A
:101E300087FD6EC0D6011196BC916496BFAF6497C2
:101E4000F601F2816896FFAF6897D60113963C9031
:101E5000139714962C9064962FAD64973F2F432DC3
:101E6000522DB701C8010F94695718160CF431C3ED
:101E700064962FAD649768963FAD6897432D522DB9
:101E8000B701C8010F9403562B013C01FE013196A6
:101E90006F012BE738E165963FAF2EAF65971E01C6
:101EA00031E1230E311CD6012D913D914D915D9173
:101EB0006D016596EEADFFAD659781909190A19013
:101EC000B1906596FFAFEEAF6597CD010497699627
:101ED0009FAF8EAF6997C301B2010F94844EA501E5
:101EE00094010F9408556996AEADBFAD69976D9397
:101EF0007D938D939C9313972C143D04A1F66496C7
:101F0000EFAE64976896FFAE6897302E212E21C3FE
:101F100084E7A9960EAD1FADA997809FF001819F20
:101F2000F00D1124E750FF4E118164961FAF6497A6
:101F3000028168960FAF68973380248011E0A496E1
:101F40001FAFA4978E010F5F1F4FFE017196A196E0
:101F5000FFAFEEAFA1976396FFAFEEAF6397812C13
:101F6000912C20E8A22E2FE3B22ED801CD90DD9047
:101F7000ED90FD908D0120E030E0A901C701B60190
:101F80000F94695787FF04C0F7FAF094F7F8F094BC
:101F9000A196EEADFFADA1974190519061907190E7
:101FA000A196FFAFEEAFA197A5019401C701B601BD
:101FB0000F94844E9B01AC01C301B2010F941E4EDD
:101FC00087FF08C0A7019601C301B2010F94035611
:101FD0004B015C0163962EAD3FAD6397201731072F
:101FE00021F6A501940164966FAD649768967FAD64
:101FF0006897832D922D0F94844E9B01AC010F9412
:10200000844E6B017C01A4960FADA4970111A5C26B
:1020100020E030E040E05FE3AD966CAD7DAD8EAD8D
:102020009FADAD970F94844EE1962CAD3DAD4EAD76
:102030005FADE1970F94035664966FAF649768960F
:102040007FAF6897A4968FAFA497A0969FAFA097F5
:1020500084E7A9962EAD3FADA997829F8001839F0B
:10206000100D112407501F4EC601D701F8018187BA
:102070009287A387B487AD966CAD7DAD8EAD9FADD5
:10208000AD9790589B01AC010F9409556D96AEAD7C
:10209000BFAD6D971D962D913D914D915C915097DF
:1020A0000F94844E9B01AC0164966FAD6497689663
:1020B0007FAD6897A4968FADA497A0969FADA0978B
:1020C0000F9408556B017C0164968FAD64976896F8
:1020D0009FAD6897A496AFADA497A096BFADA0970B
:1020E000F80185839683A783B0876181728183819C
:1020F00094816D96AEADBFAD6D972C9121602C9300
:102100009B01AC010F94844E9B01AC01C701B60149
:102110000F94695787FD07C06D96EEADFFAD6D97C3
:1021200080818260808380E1FE01B196ABE7B8E1F7
:1021300001900D928A95E1F784E7A9960EAD1FAD47
:10214000A997809FF001819FF00D1124E750FF4E69
:1021500081819281A381B4818093771890937818BC
:10216000A0937918B0937A18CD55DF4F2881398123
:102170004A815B81C35AD0402093E9103093EA1022
:102180004093EB105093EC10C955DF4F8881998133
:10219000AA81BB81C75AD0408093ED109093EE1076
:1021A000A093EF10B093F010C555DF4F088119814F
:1021B0002A813B81CB5AD0400093F1101093F2104A
:1021C0002093F3103093F410CD57DF4F28813981DD
:1021D0004A815B81C358D0402093F5103093F610AC
:1021E0004093F7105093F810DF01A05ABF4FE091D1
:1021F000D70834E0E39FF0011124EF5DF74E4081F2
:102200005181628173814D935D936D937C9313979C
:10221000C090E510D090E610E090E710F090E81044
:102220002091C10A3091C20A4091C30A5091C40A58
:102230006091DD107091DE108091DF109091E010C0
:102240000F9409552B013C012091C50A3091C60A13
:102250004091C70A5091C80A6091E1107091E21054
:102260008091E3109091E4100F9409554B015C01AB
:102270006D960EAD1FAD6D970C591F4F2091BD0A85
:102280003091BE0A4091BF0A5091C00A6091D910A6
:102290007091DA108091DB109091DC100F94095549
:1022A000D8016D937D938D939C9313976D96EEADAE
:1022B000FFAD6D97E859FF4F408251826282738271
:1022C0006D96EEADFFAD6D97E459FF4F8082918220
:1022D000A282B3826D96EEADFFAD6D97E059FF4FD0
:1022E000C082D182E282F38280E1FE01EF5BFF4F88
:1022F000A9EDB0E101900D928A95E1F79091D71088
:102300008091D810981303C084E68093D410C155EF
:10231000DF4F0881CF5AD0400093D710CF57DF4FFF
:10232000A881B981C158D0401896FC901897199689
:102330000C9119971A961C911A971B96EC9064961B
:102340002FAD649768963FAD6897A4964FADA4975C
:10235000A0965FADA0976F2D702F812F9E2D0F94AB
:102360006957181664F46496FFAE649768960FAFC9
:102370006897A4961FAFA497A096EFAEA097809100
:10238000D710882309F4F6C081509091D610981781
:1023900009F4CAC11091D710112309F4EDC01150EE
:1023A0000091D6108091D710F12CE12C94E7992E52
:1023B0000813E8C02090D610F12CE12C84E7382EC9
:1023C0008091D710821509F4AFC1822C912C389CD2
:1023D0008001399C100D112407501F4ED8018C919B
:1023E00083FD9DC16D961FAF0EAF6D97E114F10493
:1023F00009F466C0C7010E94C09C811161C0D70169
:102400008C9181FD48C0D80115964D905D906D90DE
:102410007C901897F701A580B680C780D084A6016C
:102420009501C301B2010F9469571816A4F5D7019D
:1024300051966D917D918D919C91549790589B01EF
:10244000AC010F940955F7012585368547855089DC
:102450000F94844E9B01AC01C601B5010F94085541
:102460006B017C01AC019B01C301B2010F94695760
:1024700018168CF4D8018C9181608C936D968EAD7A
:102480009FAD6D970E94C09C882309F43EC1F8015E
:1024900080818E7F8083389CF001399CF00D11245F
:1024A000E750FF4E218532854385548565817681CD
:1024B000878190850F941E4E811102C02092D61004
:1024C000822D0E9474BF282E6D96EEACFFAC6D97E6
:1024D00077CF9701A80164966FAD649768967FAD3A
:1024E0006897832D922D0F9403564B015C010BE7E7
:1024F00018E19E012F5F3F4F29013BE8632E38E131
:10250000732ED8012D913D914D915D918D01F20178
:10251000C190D190E190F1902F01CF010497A59641
:102520009FAF8EAFA597C501B4010F94844E9B0158
:10253000AC01C701B6010F940855A596AEADBFAD6D
:10254000A5976D937D938D939C9313976016710659
:10255000C1F6A4961FAEA497F5CC64966FAF6497AE
:102560006896DFAE6897A4968FAFA497A096FFAE4B
:10257000A0976ECD87E009CF17E012CF6D96EEAC35
:10258000FFAC6D97101709F415CFE12FF0E0A99675
:10259000FFAFEEAFA9979F01929EF001939EF00DC1
:1025A0001124E750FF4E808183FDA8C06D96FFAFD8
:1025B000EEAF6D97A184B284C384D48445805680E5
:1025C00067807084A3019201B501C6010F941E4E6D
:1025D000811116C0E114F10421F0D7018C9180FD26
:1025E00013C0112309F48FC01150802F0091D61011
:1025F000081721F2811709F4DDCE0E9474BFF6CFCF
:10260000E114F10409F465C0F70125803680878064
:10261000F084A9962EAD3FADA997929EF001939EAE
:10262000F00D1124E750FF4E808181FD2BC06189A0
:1026300072898389948990589B01AC010F94095544
:102640006D96AEADBFAD6D971D962D913D914D919F
:102650005C9150970F94844E9B01AC01B101882D81
:102660009F2D0F940855362E872E7C01262F372F4D
:10267000AC01B501C6010F941E4E87FD03C0A32C0B
:10268000B82C67019501A601C301B2010F941E4E3B
:10269000882309F4A6CFA996EEADFFADA9979E9E1B
:1026A000C0019F9E900D11249C0127503F4E79013F
:1026B000D9018C9181608C936D968EAD9FAD6D9795
:1026C0000E94C09C882391F0F70180818E7F8083D7
:1026D00088CF64962FAC649768963FAC6897A496B1
:1026E0008FACA497A096FFACA09793CFC501D6015D
:1026F000F70185839683A783B08773CF6D96FFAE6E
:10270000EEAE6D976ECF17E070CFD8011596CD92D3
:10271000DD92ED92FC9218972092D610BCCE6D9669
:10272000FFAEEEAE6D97CCCEF090D810E090D71003
:1027300024E7FE1409F47FC08FEF8E0DE11001C075
:1027400087E0289FF0011124E750FF4E908193FD10
:1027500070C0A12CB12CC12CD12C10E000E0FE14D3
:1027600009F472C0B4E7FB9EC0011124FC01E750DC
:10277000FF4E6D96FFAFEEAF6D97808183FD5DC01C
:1027800065817681878190850F94B7573B014C0115
:102790000115110509F442C06D96AEADBFAD6D9740
:1027A0008C9180FF04C0F801808181608083D80112
:1027B0008C9180FF33C0C8010E94C09C81112AC047
:1027C000F801218132814381548160E070E080E82A
:1027D0009FE30F9403561B012C01AC019B01B30135
:1027E000C4010F94844E69837A838B839C83950103
:1027F000A601C201B1010F94844E698B7A8B8B8B39
:102800009C8BAE014F5F5F4FBE016F5E7F4FC80173
:102810000E9445BBD8018C918E7F8C938F2D0E9496
:1028200074BFF82E530164016D960EAD1FAD6D9708
:1028300096CFE82E7ECFEF2C8CCF350146016D96DA
:102840001FAF0EAF6D97EACF0115110509F451C006
:1028500064966FAD649768967FAD6897A4968FADC8
:10286000A497A0969FADA0970F94B7576F966CAFA3
:102870007DAF8EAF9FAF6F97F801808181608083BD
:10288000C8010E94C09C811130C0D80111962D91C1
:102890003D914D915C91149760E070E080E89FE37A
:1028A0000F9403562B013C01AC019B016F966CAD5C
:1028B0007DAD8EAD9FAD6F970F94844E69837A8303
:1028C0008B839C83A3019201B501C6010F94844EB2
:1028D000698B7A8B8B8B9C8BAE014F5F5F4FBE01F8
:1028E0006F5E7F4FC8010E9445BBF80180818E7FDB
:1028F00080830E943E3281E0C155DF4F0FB6F894CD
:10290000DEBF0FBECDBFDF91CF911F910F91FF9022
:10291000EF90DF90CF90BF90AF909F908F907F907F
:102920006F905F904F903F902F90089580E0E4CF9C
:10293000E0909E0AF0909F0A0091A00A1091A10ACF
:102940000D940808EF92FF920F931F93CF93DF939C
:10295000CDB7DEB760970FB6F894DEBF0FBECDBF20
:10296000FC018B017A0190E1DE01119601900D923C
:102970009A95E1F7CE0101960E943BBA8091000939
:1029800090910109892B99F4A701B801CE01019614
:102990000F94C70360960FB6F894DEBF0FBECDBF8D
:1029A000DF91CF911F910F91FF90EF90089580E0FC
:1029B000F1CF2F923F924F925F926F927F928F92C0
:1029C0009F92AF92BF92CF92DF92EF92FF920F93BE
:1029D0001F93CF93DF93CDB7DEB7C457D1090FB69E
:1029E000F894DEBF0FBECDBF9AAF89AF29967FAFF7
:1029F0006EAF2997142FDB014D905D906D907C9008
:102A00001397A3019201505829AB3AAB4BAB5CAB87
:102A10001496CD90DD90ED90FC901797D701C601EC
:102A2000B05889A79AA7ABA7BCA7A3019201C3017D
:102A3000B2010F94844E4B015C01A7019601C701BE
:102A4000B6010F94844E9B01AC01C501B4010F94F3
:102A500009550F94B7572A966FAF2A972B967FAFD9
:102A60002B972C968FAF2C972D969FAF2D978090FC
:102A7000AD0A9090AE0AA090AF0AB090B00AA5013E
:102A80009401C301B2010F9409556D966CAF7DAFEF
:102A90008EAF9FAF6D972091B10A3091B20A4091ED
:102AA000B30A5091B40A2DA73EA74FA758ABC70150
:102AB000B6010F940955A1966CAF7DAF8EAF9FAF55
:102AC000A197A9ADBAAD4D905D906D907C906D963B
:102AD0002CAD3DAD4EAD5FAD6D97C301B2010F940E
:102AE00008556DA37EA38FA398A7E9ADFAADC48066
:102AF000D580E680F780A1962CAD3DAD4EAD5FADA3
:102B0000A197C701B6010F94085569A37AA38BA3B7
:102B10009CA3A3019201C501B4010F9408554B0178
:102B20005C012DEB37E346E855EB0F94695787FDC1
:102B30003EC02DEB37E346E855E3C501B4010F94E1
:102B40001E4E1816A4F1A70196016DA57EA58FA5AE
:102B500098A90F9408556B017C012DEB37E346E8EB
:102B600055EB0F94695787FD22C02DEB37E346E8FC
:102B700055E3C701B6010F941E4E1816C4F028E4A1
:102B8000222E312C3BED832E3FE0932E39ECA32EE9
:102B900030E4B32E9BEDC92E9FE0D92E99ECE92E9F
:102BA00090ECF92E111180C0750164017DC02DA13A
:102BB0003EA14FA158A569A97AA98BA99CA90F94F8
:102BC000844E6B017C0129A13AA14BA15CA169A5AE
:102BD0007AA58BA59CA50F94844E9B01AC01C701DF
:102BE000B6010F9409556B017C0129A13AA14BA1B3
:102BF0005CA169A97AA98BA99CA90F94844E4B0169
:102C00005C012DA13EA14FA158A569A57AA58BA570
:102C10009CA50F94844E9B01AC01C501B4010F9497
:102C20000855A70196010F9488556B017C0120E09F
:102C300030E0A9010F941E4E882309F4C0C020E0A3
:102C400030E0A901C701B6010F941E4E87FFD1C025
:102C500082E090E0812B8130910509F4CDC002978C
:102C600009F4D5C020E030E0A901C701B6010F94F6
:102C700069574601570187FF04C0B7FAB094B7F807
:102C8000B0942BED3FE049EC50E4C501B4010F9442
:102C9000035620E030E040E952E40F94844E0F9454
:102CA000E7550F947C561B012091B50A3091B60A66
:102CB0004091B70A5091B80A61962CAF3DAF4EAF24
:102CC0005FAF61978091B90A9091BA0AA091BB0A4F
:102CD000B091BC0A65968CAF9DAFAEAFBFAF6597A4
:102CE000A9ADBAAD18966D917D918D919C911B9770
:102CF0000F9408556DA37EA38FA398A765962CAD5E
:102D00003DAD4EAD5FAD6597E9ADFAAD64857585B6
:102D1000868597850F9408552B013C01A5019401E8
:102D20002A966FAD2A972B967FAD2B972C968FAD59
:102D30002C972D969FAD2D970F94844E6DA77EA74F
:102D40008FA798AB27E137EB41ED58E30F941E4E68
:102D500087FF66C02DEB37E346E855EB6DA17EA1FA
:102D60008FA198A50F94695787FD5AC02DEB37E3C3
:102D700046E855E36DA17EA18FA198A50F941E4E44
:102D800018160CF44DC02DEB37E346E855EBC301A4
:102D9000B2010F94695787FD0AC02DEB37E346E86F
:102DA00055E3C301B2010F941E4E181644F48091EE
:102DB000F409833020F00E941A2D0E94EFC0CC58F5
:102DC000DF4F0FB6F894DEBF0FBECDBFDF91CF91BE
:102DD0001F910F91FF90EF90DF90CF90BF90AF9039
:102DE0009F908F907F906F905F904F903F902F902B
:102DF000089590E080E02ECF2BED3FE049EC50E4C9
:102E0000C701B6010F9408556B017C012BCF2BED48
:102E10003FE049EC50E4C701B6010F940955F4CFE7
:102E20002AE037ED43E25CE360915F02709160025B
:102E300080916102909162020F94844E4B015C017B
:102E400060915D0270915E02072E000C880B990B59
:102E50000F94254E9B01AC01C501B4010F94844E23
:102E60006D8F7E8F8F8F98A36DA57EA58FA598A956
:102E70000F94AB5669A3072F182F892EB10190E04C
:102E800080E00F94234E262E972E5C01262F372F9D
:102E9000AC0169A1702F812F982D0F9469571816D6
:102EA00024F429A0902EA12EB82C222D392DA50175
:102EB0006DA57EA58FA598A90F94035669A37AA343
:102EC0008BA39CA320E030E040E85FE30F946957B8
:102ED00018160CF0B0C26DA57EA58FA598A90F9409
:102EE000E7550F947C567CAF6BAF198A1A8A1B8A00
:102EF0001C8A1D8A1E8A1F8A188E198E1A8E1B8E96
:102F00001C8E2BAD3CAD2230310508F46BC2B901EB
:102F100090E080E00F94234E27966CAF7DAF8EAF8C
:102F20009FAF27979B01AC01C701B6010F940356D1
:102F300021966CAF7DAF8EAF9FAF21979B01AC0107
:102F40000F94844E6B017C01AC019B0121966CAD0A
:102F50007DAD8EAD9FAD21970F94844E20E030E083
:102F600040EC50E40F9403569B01AC0121966CADEC
:102F70007DAD8EAD9FAD21970F940855A5966CAF92
:102F80007DAF8EAF9FAFA59720E030E040E05FE3DC
:102F9000C701B6010F94844E9B01AC0160E070E064
:102FA00080E89FE30F940855A9966CAF7DAF8EAF74
:102FB0009FAFA99727962CAD3DAD4EAD5FAD27973E
:102FC0006DA17EA18FA198A50F940356E1966CAFD9
:102FD0007DAF8EAF9FAFE19727962CAD3DAD4EAD47
:102FE0005FAD2797C301B2010F940356E5966CAF0E
:102FF0007DAF8EAF9FAFE5976196CCACDDACEEAC0C
:10300000FFAC6197C986DA86EB86FC866596CCAC08
:10301000DDACEEACFFAC6597CD86DE86EF86F88A38
:103020000E94607A9B01AC0128533F4F4F4F5F4F86
:10303000AD962CAF3DAF4EAF5FAFAD9700915A0A42
:1030400010915B0A20915C0A30915D0A60915E0AE2
:1030500070915F0A8091600A9091610A06171707C4
:103060002807390710F4C901B8010F94234E699657
:103070006CAF7DAF8EAF9FAF6997E090820AF09002
:10308000830A0091840A1091850AA0907E0AB0906C
:103090007F0AC090800AD090810A9501A601B701ED
:1030A000C8010F946957181614F4750186016D8DC7
:1030B0007E8D8F8D98A19B01AC010F94844E6DA3E2
:1030C00079A31C0169962CAD3DAD4EAD5FAD6997FE
:1030D0002A966FAD2A972B967FAD2B972C968FADA6
:1030E0002C972D969FAD2D970F94844E5B016C010C
:1030F0009701A801B701C8010F94844E7B018C0190
:103100009501A6016DA179A1C1010F946957181607
:103110001CF4ADA2B9A216012DA139A1A101B701DC
:10312000C8010F941E4E87FF03C0EDA2F9A218013B
:1031300039E13DAB41E050E023965FAF4EAF2397BE
:103140000E94C3940E94607A8B019C01AD96CCAC26
:10315000DDACEEACFFACAD970C191D092E093F0993
:1031600037FD0FC09B01AC0128533F4F4F4F5F4FBE
:10317000AD962CAF3DAF4EAF5FAFAD9780E00E94F4
:10318000974A3DA931503DAB2396CEACDFAC239797
:10319000B60190E080E00F94234E2B013C01DDA8A6
:1031A000DD2009F477C129A93AA94BA95CA9A59604
:1031B0006CAD7DAD8EAD9FADA5970F94844E6B0128
:1031C0007C0129A53AA54BA55CA5A9966CAD7DAD62
:1031D0008EAD9FADA9970F94844E9B01AC01C701A2
:1031E000B6010F9409557B018C0129A93AA94BA975
:1031F0005CA9A9966CAD7DAD8EAD9FADA9970F94DE
:10320000844E4B015C0129A53AA54BA55CA5A5966A
:103210006CAD7DAD8EAD9FADA5970F94844E9B0197
:10322000AC01C501B4010F94085569AB7AAB8BAB07
:103230009CABC701D80189A79AA7ABA7BCA729A9AE
:103240003AA94BA95CA96D966CAD7DAD8EAD9FADD5
:103250006D970F94095569837A838B839C8329A585
:103260003AA54BA55CA5A1966CAD7DAD8EAD9FAD8D
:10327000A1970F9409556D837E838F839887A3014F
:103280009201E1966CAD7DAD8EAD9FADE1970F944F
:10329000844E61962CAD3DAD4EAD5FAD61970F9400
:1032A000095569877A878B879C87A3019201E596E8
:1032B0006CAD7DAD8EAD9FADE5970F94844E659658
:1032C0002CAD3DAD4EAD5FAD65970F9409556D8743
:1032D0007E878F87988BCE0101960E9447C02396E8
:1032E000EEADFFAD2397319709F442C12A965FAD49
:1032F0002A972B964FAD2B972C963FAD2C972D965A
:103300002FAD2D97852F942FA32FB22F8D8B9E8BB2
:10331000AF8BB88F27962CAD3DAD4EAD5FAD2797E7
:103320006DA57EA58FA598A90F940356A3019201C0
:103330000F94844E9B01AC016DA57EA58FA598A925
:103340000F9408556B017C0169962CAD3DAD4EADD7
:103350005FAD6997CA01B9010F9409559B01AC0192
:10336000C701B6010F94844E7B018C012DA139A1B8
:10337000A1010F94695718161CF4EDA0F9A0810162
:10338000C701D801898F9A8FAB8FBC8FAE014F5E7A
:103390005F4FBE01635E7F4FCE0101960F94A21472
:1033A000882301F12A968FAD2A972B969FAD2B97F4
:1033B0002C96AFAD2C972D96BFAD2D978D8B9E8BF8
:1033C000AF8BB88F23962EAD3FAD23972F5F3F4F26
:1033D00023963FAF2EAF2397CBACDCACC216D306FF
:1033E00009F0AECE80E1E9ADFAADDE0111960190B3
:1033F0000D928A95E1F7CE0101960E9447C01D8A81
:103400001E8A1F8A188E198E1A8E1B8E1C8EAE0174
:103410004F5E5F4FBE01635E7F4FCE0101960F94FA
:10342000A21480E1E9ADFAADADEABAE001900D92E7
:103430008A95E1F7C4CC2DEC3CEC4CEC5DE369A142
:103440007AA18BA19CA10F941E4E87FF1FC02DEC6B
:103450003CEC4CEC5DE36DA57EA58FA598A90F947F
:1034600003560F94AB564B015C0120E030E040E87E
:103470005FE30F941E4E87FF06C0812C912C80E8DD
:10348000A82E8FE3B82EC501B4012BCD622D792D66
:10349000C50127CDAC019B0121966CAD7DAD8EADF4
:1034A0009FAD21970F94844E6B017C010F94FE55C4
:1034B00069A77AA78BA79CA7C701B6010F94A95744
:1034C0004B015C012996AEADBFAD2997CD90DD9043
:1034D000ED90FC901397F7FAF094F7F8F0941496A7
:1034E0002D913D914D915C9117972DAB3EAB4FAB1C
:1034F00058AFA701960169A57AA58BA59CA50F9445
:10350000844E69AB7AAB8BAB9CAB2DA93EA94FA97E
:1035100058ADC501B4010F94844E9B01AC0169A95B
:103520007AA98BA99CA90F94095569AB7AAB8BAB8F
:103530009CABA7019601C501B4010F94844E6B01A9
:103540007C012DA93EA94FA958AD69A57AA58BA5E7
:103550009CA50F94844E9B01AC01C701B6010F944A
:10356000085569A77AA78BA79CA7B9E1BDAB67CE21
:1035700050E040E030E020E0C5CE7F928F929F92F5
:10358000AF92BF92CF92DF92EF92FF920F931F9371
:10359000CF93DF93FC01F62E80913B02882309F440
:1035A0007DC080913C02811179C021E0621709F44D
:1035B00053C082E0681709F460C000913D02109189
:1035C0003E02D0913F02C0914002B0904902C090AB
:1035D0004A02D0904B02E0904C0270808180928031
:1035E000A38098014D2F5C2F672D782D892D9A2D62
:1035F0000F941E4E87FD11C02B2D3C2D4D2D5E2DA1
:10360000672D782D892D9A2D0F94695718160CF473
:1036100051C0072D182DD92DCA2D24E0F29EC001CE
:103620001124FC01E355F54FA8016D2F7C2F408339
:103630005183628373838F569C4FDF91CF911F918B
:103640000F91FF90EF90DF90CF90BF90AF909F9041
:103650008F907F900C941AC4009141021091420205
:10366000D0914302C0914402B0904D02C0904E02EE
:10367000D0904F02E0905002B0CF009145021091DF
:103680004602D0914702C0914802B0905102C090CA
:103690005202D0905302E09054029FCFB12C80E5AB
:1036A000C82E93ECD92E27E4E22E00E010E5D3ECEF
:1036B000C7EC93CF0B2D1C2DDD2DCE2DAECFCF9390
:1036C000DF93CDB7DEB78091D608811113C09E017C
:1036D000275F3F4F4F8158856FE370E08DEA94E19B
:1036E0000F94E54D8DEA94E10E94495E8DEA94E1E4
:1036F0000E94E2D7DF91CF9108958F929F92AF926F
:10370000BF92CF92DF92EF92FF920F931F93CF93CE
:10371000DF9388E1A82E86E1B82E8091390290913E
:103720003A02F501918380839CE0C92E96E1D92E5F
:1037300025E0E22EF601E0820FE016E132E8F32EFA
:10374000F801F082C0E1D6E182E592E1A0E0B0E0CC
:1037500088839983AA83BB838CEB95E10E948ED4E6
:103760008091370290913802F50191838083F601B0
:10377000E082F801F08284E592E1A0E0B0E0888385
:103780009983AA83BB838CEB95E10E948ED44CE491
:10379000842E40E1942E20E030E040E251E4F40138
:1037A00060A171A182A193A10F94844E0F947C56C5
:1037B000F50171836083F601E082F801F08286E50D
:1037C00092E1A0E0B0E088839983AA83BB838CEB6D
:1037D00095E10E948ED421E732EB47E25EE3F401EB
:1037E00064A175A186A197A10F94035620E030E053
:1037F00040E251E40F94844E0F947C56F50171839E
:103800006083F601E082F801F0828AE592E1A0E0AF
:10381000B0E088839983AA83BB838CEB95E10E94F7
:103820008ED421E732EB47E25EE3F40160A571A597
:1038300082A593A50F94844E20E030E040E251E44D
:103840000F94844E0F947C56F50171836083F601CA
:10385000E082F801F0828EE592E1A0E0B0E088839A
:103860009983AA83BB838CEB95E10E948ED450E2AE
:10387000852E50E1952E20E030E040E251E4F40145
:1038800060A171A182A193A10F94844E0F947C56E4
:10389000F50171836083F601E082F801F08282E62F
:1038A00092E1A0E0B0E088839983AA83BB838CEB8C
:1038B00095E10E948ED421E732EB47E25EE3F4010A
:1038C00064A175A186A197A10F94035620E030E072
:1038D00040E251E40F94844E0F947C56F5017183BD
:1038E0006083F601E082F801F08286E692E1A0E0D2
:1038F000B0E088839983AA83BB838CEB95E10E9417
:103900008ED421E732EB47E25EE3F40160A571A5B6
:1039100082A593A50F94844E20E030E040E251E46C
:103920000F94844E0F947C56F50171836083F601E9
:10393000E082F801F0828AE692E1A0E0B0E08883BC
:103940009983AA83BB838CEB95E10E948ED489E393
:1039500094E0DF91CF911F910F91FF90EF90DF9056
:10396000CF90BF90AF909F908F900C94E2D7CF9262
:10397000DF92EF92FF92FC01C080D180E280F38061
:103980000E9442CD20E030E0A901C701B6010F94AA
:103990001E4E87FD12C020E030E84EE853E4C70118
:1039A000B6010F94695718165CF4C12C80E8D82E24
:1039B0008EE8E82E83E4F82E03C0C12CD12C7601CA
:1039C000C701B6010F947657CB01FF90EF90DF90BF
:1039D000CF900C9434B96F927F928F929F92AF9256
:1039E000BF92CF92DF92EF92FF920F931F93CF93EC
:1039F000DF9300D000D01F921F92CDB7DEB75C01DD
:103A00004B013A01F22E68010091CE090E9442CD8D
:103A100080915410909155108C159D051CF4C60191
:103A20000E9434B960E080E00E94F357882339F0A7
:103A3000E12C2F2DA301B401C5010E94D4FF1C1459
:103A40001D0444F4C6010E9434B940E060E080E007
:103A50000E94938F60E081E00E94F35780E090E045
:103A6000A0E7B2E48D839E83AF83B88780E090E0C7
:103A7000A0E8B0EC89839A83AB83BC83BE016B5F03
:103A80007F4FCE0101960E94A0C587E00E94B6BF7D
:103A9000811168C08091B90A9091BA0AA091BB0ABD
:103AA000B091BC0A4091B50A5091B60A6091B70A2C
:103AB0007091B80A0091BE091091BF092091C00908
:103AC0003091C109C090BA09D090BB09E090BC09FF
:103AD000F090BD09C092E409D092E509E092E609B0
:103AE000F092E7090093E8091093E9092093EA09A5
:103AF0003093EB094093EC095093ED096093EE0984
:103B00007093EF098093F0099093F109A093F20963
:103B1000B093F30980E090E0A8E4B2E489839A834B
:103B2000AB83BC83CE0101960E94ABC38091C209D6
:103B30009091C309A091C409B091C5098093EC0983
:103B40009093ED09A093EE09B093EF0980E090E027
:103B5000A0EAB0E489839A83AB83BC83CE0101964B
:103B60000E94ABC380E090E0A0E7B2E48D839E8327
:103B7000AF83B88780E090E0A0E8B0E489839A83BF
:103B8000AB83BC83BE016B5F7F4FCE0101960E9469
:103B9000A0C58091C6099091C709A091C809B091AC
:103BA000C9098093B90A9093BA0AA093BB0AB0934B
:103BB000BC0A8093F0099093F109A093F209B093A5
:103BC000F30980EF99E00E94F5BD89EB9AE00E942D
:103BD000F5BD61EF74E487EE94E40E94C2380E9460
:103BE0007E3B8091B90981508093B90949EF54E433
:103BF00061E075E485E00E94F6FB8091B8098230AF
:103C000011F40E9458D58091B909882381F0815020
:103C10008093B9090E947F7F8091B709882339F08A
:103C200040E060E070E080E090E40E94562C80E08C
:103C30000E94FBFC0E947F320F94C50028960FB6AD
:103C4000F894DEBF0FBECDBFDF91CF911F910F91D2
:103C5000FF90EF90DF90CF90BF90AF909F908F90AC
:103C60007F906F9008952F923F924F925F926F9244
:103C70007F928F929F92AF92BF92CF92DF92EF92FC
:103C8000FF920F931F93CF93DF93CDB7DEB7E697E5
:103C90000FB6F894DEBF0FBECDBF6091590A16165D
:103CA0000CF486C0C090C015D090C115E090C2152C
:103CB000F090C315E9E2F3E010E000E0819191910A
:103CC000A191B1910097A105B10511F40D94AF3800
:103CD0008C159D05AE05BF0509F080C0D701C60152
:103CE000877F82339041A105B10509F47AC0F4E3DE
:103CF000CF16F0E1DF06E104F10409F456C0C11467
:103D000023E1D206E104F10409F44FC0D701C60152
:103D100088509041A109B1090597A105B10510F49A
:103D20000D94E638D701C60186549041A109B10926
:103D30000797A105B10510F40D94E938D701C60124
:103D400084559041A109B1090597A105B10510F469
:103D50000D94EC3882E5C81682E1D806E104F1043E
:103D600021F108F05EC1A4EACA16A0E1DA06E10476
:103D7000F104D9F008F0FEC0E6E2CE16E0E1DE067E
:103D8000E104F10409F4FCC108F0D1C02AE1C21633
:103D900020E1D206E104F10441F030F598E1C916C2
:103DA00090E1D906E104F10469F508E010E079C07A
:103DB000062E000C770B88E094E40E94553CECEB57
:103DC000F5E180E5DF011D928A95E9F78AE58093A8
:103DD000BD1585EA8093BE150D94B8350F5F1F4F52
:103DE0006DCF08E010E0B6CFACE1CA16A0E1DA066C
:103DF000E104F104D1F2BEE1CB16B0E1DB06E1044F
:103E0000F10499F20830110509F44BC080E4C8169A
:103E100081E1D806E104F10409F4B5C1D701C60176
:103E20008B7F80399041A105B10509F4AFC1F8E954
:103E3000CF16F0E1DF06E104F10409F4A7C122E4A2
:103E4000C21621E1D206E104F10409F4A2C184E41E
:103E5000C81681E1D806E104F10409F49DC198E493
:103E6000C91691E1D906E104F10409F498C1D7011A
:103E7000C6019151A109B109C197A105B10508F485
:103E800091C1D701C6018A509042A109B109833D71
:103E90009105A105B10508F488C10F3F100709F489
:103EA0008ECFFE0131965F01CF010E9401CE498085
:103EB0005A806B807C80C5010E9401CE8D819E81DD
:103EC000AF81B8858BA79CA7ADA7BEA7C5010E94EF
:103ED00001CE89859A85AB85BC858FA798ABA9ABA8
:103EE000BAABC5010E9401CE8D859E85AF85B8898C
:103EF0008BAB9CABADABBEAB0F30110511F40D9489
:103F000034320CF0FBC10630110509F481C50CF008
:103F10008AC10130110509F4D1C30CF049C1012B4C
:103F200009F4CEC28FEE90E40E94154148CFECE92F
:103F3000CE16E0E1DE06E104F10409F436CF48F4E0
:103F400020E5C21620E1D206E104F10409F05ACFBF
:103F50002CCF80EAC81680E1D806E104F10409F408
:103F600024CF92EAC91690E1D906E104F10409F0E0
:103F700049CF1BCFA6E3CA16A2E1DA06E104F10499
:103F800009F413CF18F5EAEACE16E0E1DE06E10403
:103F9000F10409F40ACF48F428EAC21620E1D20657
:103FA000E104F10409F02ECF00CF8CEAC81680E1BD
:103FB000D806E104F10409F4F8CE9EEAC91690E1AE
:103FC000D906E104F10409F01DCFEFCEA6E4CA162C
:103FD000A2E1DA06E104F10409F4E7CE88F4EAE3A9
:103FE000CE16E2E1DE06E104F10409F4DECEF2E4ED
:103FF000CF16F2E1DF06E104F10409F003CFD5CEDC
:104000002AE4C21622E1D206E104F10409F4CDCE7D
:104010008EE4C81682E1D806E104F10409F0F2CE7C
:10402000C4CE94E7C91692E1D906E104F10409F47B
:10403000BCCE08F04FC0B2E6CB16B2E1DB06E1041D
:10404000F10409F4B2CE18F5F6E5CF16F2E1DF0679
:10405000E104F10409F4A9CE48F484E5C81682E12C
:10406000D806E104F10409F0CDCE9FCE9AE5C91639
:1040700092E1D906E104F10409F497CEAEE5CA163F
:10408000A2E1DA06E104F10409F0BCCE8ECEBAE674
:10409000CB16B2E1DB06E104F10409F486CE48F464
:1040A000F6E6CF16F2E1DF06E104F10409F0AACE4C
:1040B0007CCE20E7C21622E1D206E104F10409F425
:1040C00074CE82E7C81682E1D806E104F10409F053
:1040D00099CE6BCE9EE7C91692E1D906E104F104B0
:1040E00009F463CE18F5B8E7CB16B2E1DB06E104BC
:1040F000F10409F45ACE48F4F6E7CF16F2E1DF06F0
:10410000E104F10409F07ECE50CE2AE7C21622E186
:10411000D206E104F10409F448CE8CE7C81682E126
:10412000D806E104F10409F06DCE3FCE94E8C9163B
:1041300092E1D906E104F10409F437CE88F4B0E83D
:10414000CB16B2E1DB06E104F10409F42ECEE2E87D
:10415000CE16E2E1DE06E104F10409F053CE25CEED
:10416000F6E8CF16F2E1DF06E104F10409F41DCE12
:10417000C11423E1D206E104F10409F043CE15CEC7
:1041800006E010E04BCE00E411E18BCE0DE110E033
:1041900088CE02E411E185CE04E411E182CE08E488
:1041A00011E17FCE00E011E17CCE09E110E079CE93
:1041B0000230110509F417C30330110509F0B2CE1E
:1041C000B8E0CB16B0E1DB06E104F10409F0C9C3A5
:1041D0008091C8159091C915803F910509F02DC3B4
:1041E00081E09AE5909319168093181685E390E084
:1041F00090931B1680931A1687E080930C1682E822
:1042000080930F1684E890E0A0E0B0E08093101651
:1042100090931116A0931216B09313168CEB95E1A0
:104220000E948ED45FC30B30110511F40D94662CDF
:10423000DCF50730110509F4CDC40830110509F08B
:1042400071CE0091C8151091C915B2E3CB16B0E13B
:10425000DB06E104F10409F0D7C60115110509F0E8
:1042600084C681E09AE5909319168093181689E325
:1042700090E090931B1680931A1687E080930C169B
:1042800082E880930F1684E890E0A0E0B0E080938D
:10429000101690931116A0931216B09313168CEB70
:1042A00095E10E948ED48BCD0C30110511F40D9444
:1042B000942E0D30110509F035CE6091C81570911E
:1042C000C9158EE793E40E94E2CEE0914808E150E0
:1042D0008AE097EDA3E2BCE3E73010F00D94F42EF2
:1042E000F0E08827E958FE4D8E4F0D94F954600197
:1042F000D400E4007801D000B000DC0009311105E1
:1043000011F40D9438350CF09EC00631110511F4EE
:104310000D94E9343CF50231110511F40D94E132AC
:104320000531110509F0FECD6091C8157091C915D0
:1043300083E591E40E94E2CEE091C815F091C915A1
:10434000E730F10510F00D94E3348827E555FE4D74
:104350008E4F0D94F9543A0138011A01C000A200A1
:104360007E019C000731110511F40D94F5340831DC
:10437000110509F0D7CD8091C8159091C9158F3FCF
:10438000910519F010F08FEF90E090933B08809327
:104390003A0820913A0830913B082115310511F077
:1043A0000D941035109219161092181605E000930E
:1043B0000C1612E810930F168AE890E1A0E0B0E026
:1043C0008093101690931116A0931216B0931316A3
:1043D0008CEB95E10E948ED489E090E090931916C1
:1043E0008093181600930C1610930F168CE890E12A
:1043F000A0E0B0E08093101690931116A0931216CF
:10440000B09313168CEB95E10E948ED480913A08FC
:10441000109218168093191685E080930C1682E886
:1044200080930F1681EA90E0A0E0B0E08093101630
:1044300090931116A0931216B09313168CEB95E17E
:104440000E948ED4BCCC023491E1190711F40D9472
:10445000FB37E4F40115B1E11B0711F40D94263884
:104460000034114109F05ECD2091C8153091C91575
:104470002115310511F00D94DE3710923B08109292
:104480003A08109238080E942CDA99CC0434F1E1F1
:104490001F0711F40D940C380834114109F042CD76
:1044A0008091C8159091C9158530910510F00D9433
:1044B0001D3885E090E090933F0880933E08E3CF5D
:1044C0008091C8159091C9158130910569F590E0EA
:1044D00080E00E94DEF21092500810924F08109275
:1044E0004E0881E09AE590931916809318168EE293
:1044F00090E090931B1680931A1687E080930C1619
:1045000082E880930F1684E890E0A0E0B0E080930A
:10451000101690931116A0931216B09313168CEBED
:1045200095E10E948ED4CAC08230910509F0F9C08D
:104530000E9416CD84E094E490932F0880932E0877
:1045400062E370E080E090E00E94ACCE8BE090E00F
:10455000909319168093181605E000930C1612E834
:1045600010930F1680E092E1A0E0B0E08093101667
:1045700090931116A0931216B09313168CEB95E13D
:104580000E948ED465E070E080E090E00E94ACCEA6
:10459000109219161092181600930C1610930F16FD
:1045A0008EE090E1A0E0B0E0809310169093111699
:1045B000A0931216B09313168CEB95E10E948ED443
:1045C00062E370E080E090E00E94ACCE1092191699
:1045D0001092181600930C1610930F168FE090E1AE
:1045E000A0E0B0E08093101690931116A0931216DD
:1045F000B09313168CEB95E10E948ED465E070E0C9
:1046000080E090E00E94ACCE10921916109218161D
:1046100000930C1610930F1686E190E1A0E0B0E035
:104620008093101690931116A0931216B093131640
:104630008CEB95E10E948ED462E370E080E090E024
:104640000E94ACCE109219161092181600930C16F8
:1046500010930F1680E190E1A0E0B0E08093101677
:1046600090931116A0931216B09313168CEB95E14C
:104670000E948ED465E070E080E090E00E94ACCEB5
:10468000109219161092181600930C1610930F160C
:1046900082E190E1A0E0B0E08093101690931116B3
:1046A000A0931216B09313168CEB95E10E948ED452
:1046B0006AE070E080E090E00E94ACCE8091C81586
:1046C0009091C9158130910509F479CB823091051B
:1046D00009F05AC080914D08843099F181E09AE543
:1046E000909319168093181685E390E090931B160B
:1046F00080931A1687E080930C1682E880930F1639
:1047000084E890E0A0E0B0E080931016909311163A
:10471000A0931216B09313168CEB95E10E948ED4E1
:104720004ECB8330910549F481E09AE590931916B8
:104730008093181689E390E0DCCE049709F0BECF91
:104740003ECB81E09AE5909319168093181686E384
:1047500090E090931B1680931A1687E080930C16B6
:1047600082E880930F1684E890E0A0E0B0E08093A8
:10477000101690931116A0931216B09313168CEB8B
:1047800095E10E948ED41BCB039709F018CB809142
:10479000A30AA4E68A9FC001112481589F4F6FEF9E
:1047A00070E00F94E55470E090E080E00F94234EA9
:1047B00020E030E0A9010F941E4E882361F080E0D4
:1047C00090E0A8ECB2E489839A83AB83BC83C501F3
:1047D0000E944BCDF4CA19821A821B821C82C50129
:1047E0000E944BCDECCA0091C8151091C915B801B3
:1047F00090E080E00F94234E6B017C0120E030E0DC
:1048000040E251E40F941E4E87FD11C020E030E0DD
:104810004AEF53E4C701B6010F946957181654F0D4
:10482000902F812F90935D0280935E02C8CA9AE018
:1048300080E0F8CF94EF81E0F5CF81E09AE59093A6
:104840001916809318168DE290E090931B168093B2
:104850001A1687E080930C1612E810930F1684E85E
:1048600090E0A0E0B0E08093101690931116A09312
:104870001216B09313168CEB95E10E948ED4109211
:1048800019161092181605E000930C1610930F16C7
:1048900080E190E1A0E0B0E08093101690931116B3
:1048A000A0931216B09313168CEB95E10E948ED450
:1048B000109219161092181600930C1610930F16DA
:1048C00082E190E1A0E0B0E0809310169093111681
:1048D000A0931216B09313168CEB95E10E948ED420
:1048E0000E9416CD8091C0159091C115A091C2155E
:1048F000B091C3158C309041A105B10509F05FCA94
:104900008091C8159091C915029709F058CA0E9464
:10491000C2D581E080934B0810924D0881E09AE562
:10492000909319168093181684E490E090931B16C8
:1049300080931A1687E080930C1682E880930F16F6
:1049400084E890E0A0E0B0E08093101690931116F8
:10495000A0931216B09313168CEB95E10E948ED49F
:104960002ECAEAE0CE16E0E1DE06E104F104E1F54C
:104970008091C8159091C915813F910509F01FCA12
:1049800081E09AE5909319168093181686E390E0DB
:1049900090931B1680931A1687E080930C1682E87A
:1049A00080930F1684E890E0A0E0B0E080931016AA
:1049B00090931116A0931216B09313168CEB95E1F9
:1049C0000E948ED44FED50E466EE70E484E00E94C5
:1049D000F6FB85E794E40F94DD0185ED90E4909378
:1049E0002F0880932E087ECFFCE0CF16F0E1DF0683
:1049F000E104F10409F076CF8091C8159091C915B2
:104A0000019709F06FCF0E94C2D510924D08E8CBF4
:104A10000091C8151091C915B80190E080E00F947D
:104A2000234E17FF06C020E030E040E857E40F9423
:104A3000085520E030E048EC52E40F9403566B0137
:104A40007C01BC01A60182EF93E40E949D3C20E022
:104A500030E040E151ECC701B6010F94695787FD82
:104A60008AC020E030E040E151E4C701B6010F9474
:104A70001E4E18160CF47FC0A70196016091CE104F
:104A80007091CF108091D0109091D1100F94085553
:104A900069837A838B839C83C5010E9498F5009774
:104AA000A9F481EE93E40E9415412091CE1030913B
:104AB000CF104091D0105091D110C701B6010F9482
:104AC000695718160CF054C081E090E091958195DB
:104AD00091090E94C5FB6091CE107091CF1080911A
:104AE000D0109091D1108E01045E1F4F23E041E061
:104AF0000F9495489F938F9383ED93E49F938F93A7
:104B0000BF92AF920F94B54DC5010E94E2D70F90AE
:104B10000F900F900F900F900F9020E030E048EC36
:104B200052E46091CE107091CF108091D01090918E
:104B3000D1100F94844E0F9475567093191660938C
:104B4000181685E080930C1682E880930F1686E293
:104B500090E1A0E0B0E08093101690931116A0931E
:104B60001216B09313168CEB95E10E948ED427C9D0
:104B70008FEF9FEFABCF8BE494E00E94E2D720E071
:104B800030E048EC52E46091CE107091CF108091EB
:104B9000D0109091D1100F94844E0F94755670934D
:104BA00019166093181685E080930C1682E880939E
:104BB0000F1686E290E1A0E0B0E08093101690938B
:104BC0001116A0931216B09313168CEB95E10E9468
:104BD0008ED4A3CF8091C8159091C915009709F480
:104BE000EEC88130910519F581E09AE59093191688
:104BF000809318168BE390E090931B1680931A16FF
:104C000087E080930C1682E880930F1684E890E08A
:104C1000A0E0B0E08093101690931116A0931216A6
:104C2000B09313168CEB95E10E948ED4C8C88230E5
:104C3000910509F4C4C88330910509F070C08091D2
:104C4000A30AA4E68A9FC001112481589F4F6FEFE9
:104C500070E00F94E55470E090E080E00F94234EF4
:104C600020E030E0A9010F941E4E81112EC080E09B
:104C700090E0A8ECB2E489839A83AB83BC83C5013E
:104C80000E944BCD81E09AE59093191680931816F7
:104C900089E390E090931B1680931A1687E0809327
:104CA0000C1682E880930F1684E890E0A0E0B0E054
:104CB0008093101690931116A0931216B0931316AA
:104CC0008CEB95E10E948ED47AC819821A821B82DD
:104CD0001C82C5010E944BCD81E09AE59093191684
:104CE0008093181689E390E090931B1680931A1610
:104CF00087E080930C1682E880930F1684E890E09A
:104D0000A0E0B0E08093101690931116A0931216B5
:104D1000B09313168CEB95E10E948ED450C8853069
:104D2000910509F04FC080E090E0A4E3B3E48983EB
:104D30009A83AB83BC83C5010F94B71C80E090E0DD
:104D4000ACE8B2E489839A83AB83BC8366E0C50197
:104D50000E9496CD84EB90E09093191680931816DC
:104D600005E000930C1612E810930F1684E390E10F
:104D7000A0E0B0E08093101690931116A093121645
:104D8000B09313168CEB95E10E948ED486E490E0EC
:104D9000909319168093181600930C1610930F1603
:104DA0008AE390E1A0E0B0E0809310169093111692
:104DB000A0931216B09313168CEB95E10E948ED43B
:104DC0000D94DF1E8630910509F04FC080E090E021
:104DD000A0E7B3E489839A83AB83BC83C5010F94B6
:104DE000B71C80E090E0ACEDB2E489839A83AB839A
:104DF000BC8366E0C5010E9496CD80EF90E0909361
:104E000019168093181605E000930C1612E81093FB
:104E10000F1684E390E1A0E0B0E080931016909329
:104E20001116A0931216B09313168CEB95E10E9405
:104E30008ED48EE690E09093191680931816009306
:104E40000C1610930F168AE390E1A0E0B0E0809377
:104E5000101690931116A0931216B09313168CEBA4
:104E600095E10E948ED40D94DF1E813F910511F0D3
:104E70000D94DF1E19821A821B821C82C5010E94BA
:104E80004BCD19821A821B821C8260E0C5010E94F0
:104E900096CD19821A821B821C8266E0C5010E948F
:104EA00096CD109219161092181605E000930C1664
:104EB00012E810930F1684E390E1A0E0B0E0809335
:104EC000101690931116A0931216B09313168CEB34
:104ED00095E10E948ED461E070E080E090E00E9455
:104EE000ACCE109219161092181600930C1610934F
:104EF0000F168AE390E1A0E0B0E080931016909343
:104F00001116A0931216B09313168CEB95E10E9424
:104F10008ED461E070E080E090E00E94ACCE81E051
:104F20009AE5909319168093181689E390E0909370
:104F30001B1680931A1687E080930C1610930F1699
:104F400084E890E0A0E0B0E08093101690931116F2
:104F5000A0931216B09313168CEB95E10E948ED499
:104F600082E080934D080D94DF1E0130110519F584
:104F700019821A821B821C82C5010F94B71C1092E1
:104F800019161092181685E080930C1682E880930B
:104F90000F1684E390E1A0E0B0E0809310169093A8
:104FA0001116A0931216B09313168CEB95E10E9484
:104FB0008ED40D94DF1E0230110511F00D94DF1E0A
:104FC00019821A821B821C8266E0C5010E9496CD5E
:104FD000109219161092181685E080930C1682E82C
:104FE00080930F168AE390E1A0E0B0E08093101662
:104FF00090931116A0931216B09313168CEB95E1B3
:105000000E948ED40D94DF1EE4E3CE16E0E1DE06AE
:10501000E104F10479F4B80190E080E00F94234EAC
:1050200069837A838B839C8360E0C5010E9496CD5F
:105030000D94DF1EFAE3CF16F0E1DF06E104F10480
:1050400079F4B80190E080E00F94234E69837A836D
:105050008B839C8366E0C5010E9496CD0D94DF1E74
:10506000C11423E1D206E104F10421F510933602C4
:1050700000933502B801110F880B990B0F94254E40
:105080002AE037ED43E25CE30F94844E20912A0836
:1050900030912B0840912C0850912D080F94844E8C
:1050A0006093550270935602809357029093580272
:1050B0000D94DF1E82E5C81682E1D806E104F104F2
:1050C00031F410933A02009339020D94DF1E94E5F7
:1050D000C91692E1D906E104F10431F410933802C3
:1050E000009337020D94DF1EA0E8CA16A2E1DA068B
:1050F000E104F104A1F424E6209FC001219F900D5A
:105100001124B0E0A0E080935A0A90935B0AA09328
:105110005C0AB0935D0A0E94A6B90D94DF1EB2E846
:10512000CB16B2E1DB06E104F104A1F424E6209FF2
:10513000C001219F900D1124B0E0A0E080935E0A91
:1051400090935F0AA093600AB093610A0E94A6B987
:105150000D94DF1EE4E8CE16E2E1DE06E104F10480
:10516000A1F42AE0209FC001219F900D1124B0E0FE
:10517000A0E08093620A9093630AA093640AB093BC
:10518000650A0E94A6B90D94DF1EB80190E080E088
:10519000F6E8CF16F2E1DF06E104F104E1F46093F2
:1051A000660A7093670A8093680A9093690A0E945E
:1051B000A6B98091C8159091C915B0E0A0E0809380
:1051C000660A9093670AA093680AB093690A0E94DE
:1051D000A6B90D94DF1E0F94234E28E7C21622E1D4
:1051E000D206E104F10451F460937E0A70937F0AC1
:1051F0008093800A9093810A0D94DF1EAAE7CA1655
:10520000A2E1DA06E104F10451F46093820A70939A
:10521000830A8093840A9093850A0D94DF1EBCE76D
:10522000CB16B2E1DB06E104F10451F46093860A87
:105230007093870A8093880A9093890A0D94DF1EE1
:10524000EEE7CE16E2E1DE06E104F10451F46093EC
:105250008A0A70938B0A80938C0A90938D0A0D941E
:10526000DF1EFEE1CF16F0E1DF06E104F10449F4B0
:1052700069837A838B839C83C5010E944BCD0D94F7
:10528000DF1E17FF06C020E030E040E857E40F942F
:10529000085520E030E048EC52E40F9403564B01EF
:1052A0005C0122E4C21622E1D206E104F10491F489
:1052B00020E030E040E251E40F94844E60936E0AA7
:1052C00070936F0A8093700A9093710A0E94F4B9E8
:1052D0000D94DF1E86E4C81682E1D806E104F104CD
:1052E000A1F420E030E040E251E4C501B4010F94A4
:1052F000844E6093720A7093730A8093740A909339
:10530000750A0E94F4B90D94DF1E9AE4C91692E161
:10531000D906E104F104A1F420E030E040E251E4D8
:10532000C501B4010F94844E6093760A7093770A96
:105330008093780A9093790A0E94F4B90D94DF1E45
:10534000AEE4CA16A2E1DA06E104F10401F520E0B8
:1053500030E040E251E4C501B4010F94844E6B018A
:105360007C01C0927A0AD0927B0AE0927C0AF09289
:105370007D0A0E94F4B9C0927A0AD0927B0AE09228
:105380007C0AF0927D0A0E94F4B90D94DF1EB6E308
:10539000CB16B2E1DB06E104F10481F48092C61081
:1053A0009092C710A092C810B092C9108DEC93E4EF
:1053B00090932F0880932E080D94DF1EEAE3CE16FB
:1053C000E2E1DE06E104F10481F48092CA109092D9
:1053D000CB10A092CC10B092CD1087EC93E49093B8
:1053E0002F0880932E080D94DF1EF6E2CF16F0E111
:1053F000DF06E104F10451F48092CE109092CF10B8
:10540000A092D010B092D1100D94DF1E20E7C216EA
:1054100022E1D206E104F10451F48092EC0890926A
:10542000ED08A092EE08B092EF080D94DF1E82E71F
:10543000C81682E1D806E104F10451F48092F00824
:105440009092F108A092F208B092F3080D94DF1E3A
:1054500094E7C91692E1D906E104F10451F480926F
:10546000F4089092F508A092F608B092F7080D940F
:10547000DF1EA6E7CA16A2E1DA06E104F10451F440
:105480008092F8089092F908A092FA08B092FB086E
:105490000D94DF1EBAEACB16B0E1DB06E104F1049D
:1054A00079F520E030E040E251E4C501B4010F9409
:1054B00003566B017C0120E030E0A9010F941E4EE1
:1054C00087FD1AC020E030E040E251E4C701B60198
:1054D0000F946957181634F4C12CD12CE0E2EE2E4B
:1054E000E1E4FE2EC092FC08D092FD08E092FE0896
:1054F000F092FF080D94DF1EC12CD12C7601F2CF63
:10550000E8E1CE16E0E1DE06E104F10471F480E0AA
:105510000E949BCE882321F0109229080D94DF1E53
:1055200081E0809329080D94DF1EFCEACF16F0E19C
:10553000DF06E104F10411F58091280890E000975E
:1055400071F481E0809328080E946F3360912808ED
:1055500070E08AEB93E40E94553C0D94DF1E81308D
:10556000910511F482E0EECF8230910511F487E0CD
:10557000E9CF079759F710922808E6CF2EEAC2160E
:1055800020E1D206E104F10469F4809148088F5FBC
:1055900080934808883010F40D94DF1E109248085C
:1055A0000D94DF1E8AE1C81680E1D806E104F104FB
:1055B00089F48091B709882331F01092B7090E94CD
:1055C0005F2E0D94DF1E81E08093B7090E945F2E4D
:1055D0000D94DF1E96E5C91692E1D906E104F104A7
:1055E000E1F521E732EB47E25EE3609174107091E0
:1055F000751080917610909177100F94844E698386
:105600007A838B839C8321E732EB47E25EE36091F0
:1056100070107091711080917210909173100F94AE
:1056200003566C8F7D8F8E8F9F8F20E030E040E29D
:1056300051E4C501B4010F94844E6FA378A789A7E4
:105640009AA7AE014F5F5F4FBE01645E7F4FCE01F0
:1056500087960F9417460D94DF1EAAE5CA16A2E19D
:10566000DA06E104F104B1F521E732EB47E25EE34B
:1056700060917410709175108091761090917710F0
:105680000F94844E69837A838B839C8320E030E07F
:1056900040E251E4C501B4010F94844E6C8F7D8FBC
:1056A0008E8F9F8F80916C1090916D10A0916E10D5
:1056B000B0916F108FA398A7A9A7BAA7AE014F5FAB
:1056C0005F4FBE01645E7F4FCE0187960F941746F1
:1056D0000D94DF1EBEE5CB16B2E1DB06E104F1045A
:1056E000B1F520E030E040E251E4C501B4010F948F
:1056F000844E69837A838B839C8321E732EB47E274
:105700005EE36091701070917110809172109091B1
:1057100073100F9403566C8F7D8F8E8F9F8F8091A7
:105720006C1090916D10A0916E10B0916F108FA3BE
:1057300098A7A9A7BAA7AE014F5F5F4FBE01645EED
:105740007F4FCE0187960F9417460D94DF1EE2E639
:10575000CE16E2E1DE06E104F104E1F521E732EBE9
:1057600047E25EE3609148107091491080914A10C1
:1057700090914B100F94844E69837A838B839C8322
:1057800021E732EB47E25EE36091441070914510EF
:1057900080914610909147100F9403566C8F7D8F27
:1057A0008E8F9F8F20E030E040E251E4C501B401CC
:1057B0000F94844E6FA378A789A79AA7AE014F5F75
:1057C0005F4FBE01645E7F4FCE0187960F945446B3
:1057D0000D94DF1EF6E6CF16F2E1DF06E104F104D8
:1057E000B1F521E732EB47E25EE36091481070913A
:1057F000491080914A1090914B100F94844E698308
:105800007A838B839C8320E030E040E251E4C50141
:10581000B4010F94844E6C8F7D8F8E8F9F8F8091FB
:10582000401090914110A0914210B09143108FA36D
:1058300098A7A9A7BAA7AE014F5F5F4FBE01645EEC
:105840007F4FCE0187960F9454460D94DF1E2AE6B3
:10585000C21622E1D206E104F10411F00D94DF1E1C
:1058600020E030E040E251E4C501B4010F94844EE1
:1058700069837A838B839C8321E732EB47E25EE383
:10588000609144107091451080914610909147109E
:105890000F9403566C8F7D8F8E8F9F8F8091401059
:1058A00090914110A0914210B09143108FA398A7FE
:1058B000A9A7BAA7AE014F5F5F4FBE01645E7F4FDD
:1058C000CE0187960F9454460D94DF1E8091C81523
:1058D0009091C915009711F40D94DF1E8130910548
:1058E00009F0CCC08091DC09882309F4C1C083E0B1
:1058F00090E0909319168093181685E080930C160B
:1059000082E880930F1685E490E1A0E0B0E08093F8
:10591000101690931116A0931216B09313168CEBD9
:1059200095E10E948ED40E94432F882309F453C02E
:1059300010E000E0E12C54E0B52E65E0D62E72E8D0
:10594000C72EF12C802F8170A82E9F2C9E0C8B2DA2
:105950008F19A11001C08F2DF801D89EE00DF11D07
:105960001124EE0FFF1FEE0FFF1FEB50F64F20E04C
:1059700030E04AE754E460817181828193810F9421
:10598000844E0F9475567093191660931816D09222
:105990000C16C0920F16892D90E08058974F880FF3
:1059A000991F092E000CAA0BBB0B80931016909325
:1059B0001116A0931216B09313168CEB95E10E946A
:1059C0008ED4F39495E0F912C0CFE90E0F5F1F4F0C
:1059D000A9E1EA12B6CF8AE090E09093191680937D
:1059E000181685E080930C1682E880930F1680E0ED
:1059F00092E1A0E0B0E08093101690931116A0936E
:105A00001216B09313168CEB95E10E948ED40E946F
:105A1000C6CE811130C08AEA93E490932F08809318
:105A20002E0882E08093590A81E09AE59093191636
:105A30008093181680E490E090931B1680931A16BA
:105A400087E080930C1682E880930F1684E890E03C
:105A5000A0E0B0E08093101690931116A093121658
:105A6000B09313168CEB95E10E948ED40D94DF1E3B
:105A700082E090E03ECF8EE993E4CFCF8230910573
:105A800009F0EFC080E090E0A0E2B1E4809340082C
:105A900090934108A0934208B09343088093440830
:105AA00090934508A0934608B093470884E690E099
:105AB000909319168093181605E000930C1612E8BF
:105AC00010930F1684E590E1A0E0B0E080931016EB
:105AD00090931116A0931216B09313168CEB95E1C8
:105AE0000E948ED420E030E040E251E4609144080E
:105AF0007091450880914608909147080F94844E14
:105B00000F947556709319166093181600930C161F
:105B100010930F1688E590E1A0E0B0E08093101696
:105B200090931116A0931216B09313168CEB95E177
:105B30000E948ED46091501070915110809152103B
:105B4000909153100F947556709319166093181610
:105B500000930C1610930F1686E390E1A0E0B0E0DE
:105B60008093101690931116A0931216B0931316EB
:105B70008CEB95E10E948ED4809154109091551039
:105B8000909319168093181600930C1610930F1605
:105B900084E390E1A0E0B0E080931016909311169A
:105BA000A0931216B09313168CEB95E10E948ED43D
:105BB000109219161092181600930C1610930F16C7
:105BC00080E590E1A0E0B0E080931016909311166C
:105BD000A0931216B09313168CEB95E10E948ED40D
:105BE000109219161092181600930C1610930F1697
:105BF0008EE490E1A0E0B0E080931016909311162F
:105C0000A0931216B09313168CEB95E10E948ED4DC
:105C100062E070E080E090E00E94ACCE81E09AE526
:105C2000909319168093181681E490E090931B16B8
:105C300080931A1687E080930C1610930F1684E851
:105C400090E0A0E0B0E08093101690931116A0931E
:105C50001216B09313168CEB95E10E948ED40D941E
:105C6000DF1E8330910521F581E09AE590931916A6
:105C70008093181687E490E090931B1680931A1671
:105C800087E080930C1682E880930F1684E890E0FA
:105C9000A0E0B0E08093101690931116A093121616
:105CA000B09313168CEB95E10E948ED40D94DF1EF9
:105CB0008430910511F40D94DF1E8530910561F457
:105CC0002EE730E140E050E065E174E08CEB95E1D7
:105CD0000E946C7A0D94DF1E069711F00D94DF1E62
:105CE0008AE993E490932F0880932E088BE090E04C
:105CF000909319168093181685E080930C1682E80D
:105D000080930F1680E092E1A0E0B0E0809310163F
:105D100090931116A0931216B09313168CEB95E185
:105D20000E948ED40D94DF1E6091C8157091C91524
:105D300080E993E40E94F0CE8091C8159091C91536
:105D4000019711F581E09AE5909319168093181642
:105D50008FE390E090931B1680931A1687E0809350
:105D60000C1682E880930F1684E890E0A0E0B0E083
:105D70008093101690931116A0931216B0931316D9
:105D80008CEB95E10E948ED48091C8159091C91535
:105D9000029711F00D94DF1E81E09AE59093191699
:105DA0008093181680E490E090931B1680931A1647
:105DB00087E080930C1682E880930F1684E890E0C9
:105DC000A0E0B0E08093101690931116A0931216E5
:105DD000B09313168CEB95E10E948ED40D94DF1EC8
:105DE0008AE097EDA3EABCE38FA398A7A9A7BAA777
:105DF0002AE037ED43E25CE3C301B2010F94095599
:105E00004B01182F092F2AE037ED43E25CE36BA525
:105E10007CA58DA59EA50F940955F62EE72ED82EAC
:105E2000C92E2AE037ED43E25CE36FA578A989A982
:105E30009AA90F940855762E672E582E492E2AE0DF
:105E400037ED43E25CE36BA97CA98DA99EA90F9471
:105E500008559C018091C8159091C915FC01319796
:105E6000EB31F10508F0FAC28827E65CF04D8E4F61
:105E70000D94F954E800A800FE006A01AE00D600B7
:105E800048010A010E01640128017401EA001801A9
:105E9000C400A40004017201EE00140144012C01AD
:105EA0006C01FA00BA000801F4008DEC9CECACE443
:105EB000BDE39ACF8DEC9CECACECBDE395CF8DECC3
:105EC0009CECACE4BEE390CF80E090E0A0E8BEE3C1
:105ED0008BCF80E090E0A0E0BFE386CF80E090E051
:105EE000A0E8BFE381CF8091E10980FF27C081FF57
:105EF00025C08DE693E490932F0880932E0820E030
:105F000030E048EC52E46091CE107091CF10809157
:105F1000D0109091D1100F94844E0F9475567093B9
:105F200019166093181685E080930C1682E880930A
:105F30000F1686E290E1A0E0B0E001C18DE593E4A8
:105F4000DACF40E050E0BA018BE493E40E949D3C3C
:105F50002091CE103091CF104091D0105091D1109F
:105F60006FA178A589A59AA50F9409556B017C01AD
:105F700020E030E040E151EC0F94695787FD0AC002
:105F800020E030E040E151E4C701B6010F941E4E1D
:105F900018167CF58BE494E00E94E2D720E030E014
:105FA00048EC52E46091CE107091CF108091D010E7
:105FB0009091D1100F94844E0F94755670931916CA
:105FC0006093181685E080930C1682E880930F1674
:105FD00086E290E1A0E0B0E0809310169093111655
:105FE000A0931216B09313168CEB95E10E948ED4F9
:105FF00086CFCE0187960E9498F5009731F48AE308
:1060000093E40E94154181E090E00E94C5FB6091FD
:10601000CE107091CF108091D0109091D1108E0140
:10602000045E1F4F23E041E00F9495489F938F93A8
:106030008CE293E49F938F93BF92AF920F94B54DF0
:10604000C5010E94E2D70F900F900F900F900F9014
:106050000F9055CF40E050E0BA018AE193E40E94EE
:106060009D3C2FA138A549A55AA56091CE107091ED
:10607000CF108091D0109091D1100F9408556B01E2
:106080007C0120E030E040E151EC0F94695787FD3E
:1060900081CF20E030E040E151E4C701B6010F9428
:1060A0001E4E18160CF476CFCE0187960E9498F5F6
:1060B000009731F489E093E40E94154181E090E07B
:1060C0009195819591090E94C5FB6091CE107091C8
:1060D000CF108091D0109091D1108E01045E1F4F8F
:1060E00023E041E00F9495489F938F938BEF92E4C8
:1060F000A1CF80E00E94582F0E94C6CE811149C0D6
:1061000089EE92E490932F0880932E0882E080938A
:10611000590A81E09AE5909319168093181684E540
:1061200090E090931B1680931A1687E080930C16CC
:1061300082E880930F1684E890E0A0E0B0E08093BE
:10614000101690931116A0931216B09313168CEBA1
:1061500095E10E948ED48AE090E090931916809386
:10616000181685E080930C1682E880930F1680E065
:1061700092E1A0E0B0E08093101690931116A093E6
:106180001216B09313168CEB95E10E948ED40D94E9
:10619000DF1E8BED92E4B6CF83E08093590A83E053
:1061A00090E0909319168093181685E080930C1652
:1061B00082E880930F168DE890E1A0E0B0E0809334
:1061C000101690931116A0931216B09313168CEB21
:1061D00095E10E948ED4C12C21E1D22EE12CF12C2C
:1061E00005E012E8109219161092181600930C167A
:1061F00010930F16C0921016D0921116E09212163C
:10620000F09213168CEB95E10E948ED4B2E0CB0E87
:10621000D11CE11CF11CE2E3CE16E1E1DE06E10453
:10622000F10401F781E09AE590931916809318160E
:1062300080E490E090931B1680931A1687E0809379
:106240000C1610930F1684E890E0A0E0B0E0809365
:10625000101690931116A0931216B09313168CEB90
:1062600095E10E948ED48DE792E490932F0880935D
:106270002E0871CF1F9286E98F931F928F9383E729
:1062800092E49F938F93BF92AF920F94B54DC50147
:106290000E94BFCE0FB6F894DEBF0FBECDBF5BCF5E
:1062A000CF92DF92EF92FF920F931F939F928F9264
:1062B00089E692E49F938F93BF92AF920F94B54D6E
:1062C000E6CFCF92DF92EF92FF924F925F926F9262
:1062D0007F928FE592E4EECF3F932F937F936F935E
:1062E0004F925F926F927F9285E592E4E3CF3F9366
:1062F0002F937F936F930F931F939F928F928BE4B3
:1063000092E4D8CF8091DC09811120C083E090E035
:10631000909319168093181685E080930C1682E8E6
:1063200080930F1685E490E1A0E0B0E08093101612
:1063300090931116A0931216B09313168CEB95E15F
:106340000E948ED481E00E94582FD9CD82E090E047
:10635000909319168093181685E080930C1682E8A6
:1063600080930F1685E490E1A0E0B0E080931016D2
:1063700090931116A0931216B09313168CEB95E11F
:106380000E948ED480E0DFCF83E492E490932F08C4
:1063900080932E088AE694E00E94E2D7DCCE8DE35B
:1063A00092E490932F0880932E0882E894E0F4CF33
:1063B00087E392E490932F0880932E0884E994E079
:1063C000EBCF87E192E490932F0880932E088EEA1A
:1063D00094E0E2CF88EF91E490932F0880932E0809
:1063E0008FEB94E0D9CF10923B0810923A081092AC
:1063F00038080E942CDAAFCE8FEF90E090933B08E4
:1064000080933A0881E080933808F3CF8AE0809344
:106410003D08EFCF84E6FBCF80913708882319F041
:1064200010923708E6CF81E080933708E2CF809161
:1064300039088A3019F410923908DBCF8AE080934A
:106440003908D7CF87EE91E410CF88EC91E40DCFD7
:1064500082EA91E40ACF86E991E407CFBC018AE79A
:1064600091E40E94E2CE77CE84E08093590A609155
:10647000C8157091C915B8E4CB16B0E1DB06E1048C
:10648000F10409F443C0EAE4CE16E0E1DE06E104DB
:10649000F10409F444C0FCE4CF16F0E1DF06E104A6
:1064A000F10409F47DC026E4C21620E1D206E1041D
:1064B000F10409F07DC06330710521F589E691E4AE
:1064C00090932F0880932E088AE090E090931916FD
:1064D0008093181685E080930C1682E880930F163F
:1064E00080E092E1A0E0B0E0809310169093111646
:1064F000A0931216B09313168CEB95E10E948ED4E4
:106500000D94DF1E1092590A0D94DF1EC12C90E8E5
:10651000D92E9DE9E92E93E4F92E10E007C0C12C95
:10652000D12C8BE9E82E83E4F82E11E090E080E096
:106530000F94234E20E030E040E251E40F940356E4
:106540002B013C01A70196010F9469571816A4F17D
:1065500049825A826B827C82612FC5010F94BD1AD9
:106560001092590A8AE090E09093191680931816B9
:1065700085E080930C1682E880930F1680E092E10C
:10658000A0E0B0E08093101690931116A09312161D
:10659000B09313168CEB95E10E948ED40D94DF1E00
:1065A000C12CD12C08ECE02E03E4F02E12E0BECF7B
:1065B000C12CD12C7601B1CFC982DA82EB82FC8268
:1065C000CBCF86E5C81680E1D806E104F10409F0D6
:1065D00058C10091C8151091C91520E030E04AE279
:1065E00053E460915010709151108091521090912D
:1065F00053100F941E4E87FF04C00530110508F498
:106600007EC00430110509F4FAC008F05EC0023003
:10661000110509F4CCC008F0E9C00130110509F4F6
:10662000B3C020E030E040E251E460914008709156
:10663000410880914208909143080F94844E0F9432
:106640007556709319166093181605E000930C1692
:1066500012E810930F1684E590E1A0E0B0E080937B
:10666000101690931116A0931216B09313168CEB7C
:1066700095E10E948ED420E030E040E251E4609148
:1066800044087091450880914608909147080F94FE
:10669000844E0F94755670931916609318160093D4
:1066A0000C1610930F1688E590E1A0E0B0E08093FF
:1066B000101690931116A0931216B09313168CEB2C
:1066C00095E10E948ED40D94DF1E0630110571F005
:1066D00008F4A6C0013F110509F0A3CF10924908A4
:1066E00061E070E080E090E00E94ACCE81E09AE54D
:1066F000909319168093181681E490E0A7C08AEA57
:1067000090E0909319168093181685E080930C16EC
:1067100012E810930F1680E290E1A0E0B0E08093C1
:10672000101690931116A0931216B09313168CEBBB
:1067300095E10E948ED465E070E080E090E00E94D8
:10674000ACCE81E09AE5909319168093181682E4F6
:1067500090E090931B1680931A1687E080930C1696
:1067600010930F1684E890E0A0E0B0E0809310163C
:1067700090931116A0931216B09313168CEB95E11B
:106780000E948ED40D94DF1E209140083091410864
:1067900040914208509143086091B90A7091BA0A39
:1067A0008091BB0A9091BC0A0F94085512C02091A9
:1067B000B90A3091BA0A4091BB0A5091BC0A609163
:1067C00040087091410880914208909143080F94CD
:1067D00009556093B90A7093BA0A8093BB0A9093E3
:1067E000BC0A8DE993E00E941AC41BCF2091440893
:1067F000309145084091460850914708CDCF2091EF
:10680000B90A3091BA0A4091BB0A5091BC0A609112
:106810004408709145088091460890914708D7CF69
:1068200081E08093490880E090E0AEE3B3E489839F
:106830009A83AB83BC83C5010F94B71C81E09AE5B2
:10684000909319168093181684E490E090931B1689
:1068500080931A1687E080930C1682E880930F16B7
:1068600084E890E0A0E0B0E08093101690931116B9
:10687000A0931216B09313168CEB95E10E948ED460
:10688000D0CE94E5C91690E1D906E104F104C1F433
:106890006091C8157091C91590E080E00F94234E67
:1068A00020E030E040E251E40F940356609340084A
:1068B0007093410880934208909343080D94DF1E23
:1068C000A8E5CA16A0E1DA06E104F10411F00D947E
:1068D000DF1E6091C8157091C91590E080E00F949B
:1068E000234E20E030E040E251E40F9403566093E1
:1068F00044087093450880934608909347080D9488
:10690000DF1E8EE491E490932F0880932E080D945F
:10691000DF1E81E09AE590931916809318168EE594
:1069200090E090931B1680931A1687E080930C16C4
:1069300082E880930F1684E890E0A0E0B0E08093B6
:10694000101690931116A0931216B09313168CEB99
:1069500095E10E948ED40D94DF1E8EEC94E00E948F
:10696000E2D721E048E060E08091390290913A025C
:106970000E94DC960D94DF1E84E491E490932F082E
:1069800080932E080D94DF1E84E391E490932F08EA
:1069900080932E080D94DF1E81EE94E00E94E2D7D2
:1069A00021E044E06FEF80913702909138020E941D
:1069B000DC960D94DF1E8FE291E490932F08809374
:1069C0002E080D94DF1E80E291E40E9415410D9483
:1069D000DF1E8091C8159091C915019711F00D9493
:1069E000DF1E109205090D94DF1E8091C81590914D
:1069F000C9158130910541F48AE191E490932F0803
:106A000080932E080D94DF1E029711F00D94DF1E67
:106A100083E191E490932F0880932E080D94DF1E5C
:106A2000C901019697FD4F9615E0959587951A95A2
:106A3000E1F70197909319168093181605E00093DB
:106A40000C1612E810930F168AE890E1A0E0B0E06F
:106A50008093101690931116A0931216B0931316EC
:106A60008CEB95E10E948ED488E090E00D94EE21AD
:106A70000E948BCD4091C0155091C1156091C215F7
:106A80007091C315882331F0433DB0E25B07610587
:106A90007105D1F1423D50426105710511F00D942F
:106AA000DF1E8091C8159091C915019709F4DCC1CA
:106AB0008091C8159091C9158230910509F05DC289
:106AC00000914F08109150080C5F1F4F0E942388BF
:106AD00021E030E040913008411102C030E020E078
:106AE000280F391F0217130710F00D94DF1E809135
:106AF0004F089091500804969093500880934F0847
:106B00000E94DEF20D94DF1E8091C8152FEF280F32
:106B100020934E084091310850913208452B09F0DE
:106B20004DC090913008992309F448C040914F0816
:106B300050915008240F352F311D232BE1F50E9471
:106B40001C7F809130088150809330081092320869
:106B500010923108811125C01092E8070E94CECE14
:106B600090E080E00E94DEF21092500810924F08F0
:106B7000E6960FB6F894DEBF0FBECDBFDF91CF9182
:106B80001F910F91FF90EF90DF90CF90BF90AF904B
:106B90009F908F907F906F905F904F903F902F903D
:106BA00008956FE270E088EE97E00F945758DC018B
:106BB00011961C92D5CF825080934E0871E2472ED9
:106BC00072E1572E612C712CE3E1CE2EE0E6DE2E31
:106BD000E12CF12C22242A94322CA5E08A2EB2E852
:106BE0009B2E0AE010E0309219162092181680921F
:106BF0000C1690920F16C0921016D0921116E092B9
:106C00001216F09213168CEB95E10E948ED410931D
:106C100019160093181680920C1690920F16409237
:106C200010165092111660921216709213168CEB79
:106C300095E10E948ED4B0E1CB0ED11CE11CF11C79
:106C4000EFEF4E1A5E0A6E0A7E0AF5E24F16F2E187
:106C50005F066104710439F664EDC62E60E2D62E3B
:106C6000E12CF12C05E012E810921916109218167A
:106C700000930C1610930F16C0921016D092111696
:106C8000E0921216F09213168CEB95E10E948ED4CE
:106C90002FEFC21AD20AE20AF20A8EEDC81680E27B
:106CA000D806E104F10401F720914E0880914F08C5
:106CB00090915008820F911D0E9457F720919716CE
:106CC00080914F089091500860914E08680F792F7D
:106CD000711D25FF6EC08BE091E40E94E2CE2091F1
:106CE0004E0880914F0890915008820F911D0E948C
:106CF00057F780913008843008F032CF6FE57FE09D
:106D000088EE97E00F944C5861EF74E088EE97E0BE
:106D10000F944C5819821C828091D51662ED76E151
:106D2000811102C067EB76E121E04FE55FE0C5012C
:106D30000E94A0888823A1F18BE1F501A2EDB6E1C4
:106D400001900D928A95E1F7809197168F7B809341
:106D50009716A0918C16AA3080F481E08A0F809358
:106D60008C168BE18A9FD0011124A351B94EE2ED1C
:106D7000F6E101900D928A95E1F78FEF9FEF9093E6
:106D8000340280933302C5010E94872E809130081F
:106D90008F5F809330081092320810923108E0CE55
:106DA0000E94E5386FE57FE08FEB90E40E94107F52
:106DB000EACF82E091E40E94E2CE20914E088091D9
:106DC0004F0890915008820F911D0E9457F724EDB3
:106DD00030E240E050E06FE57FE08CEB95E10E940F
:106DE0006C7A8091C8159091C91554E0880F991F4D
:106DF0005A95E1F78D5F9F49B0E0A0E020EF37E8BA
:106E0000309319162093181600930C1610930F1632
:106E10008093101690931116A0931216B093131628
:106E20008CEB95E10E948ED48091C8159091C91584
:106E3000805E9D4EB0E0A0E026E030E03093191671
:106E40002093181600930C1610930F1680931016AB
:106E500090931116A0931216B09313168CEB95E134
:106E60000E948ED40D94DF1E0E948BCD882309F4DE
:106E70001FCE20914E0880914F0890915008820FAC
:106E8000911D0E9457F78FE59FE00E94887FC12CDB
:106E900040E2D42EE12CF12C05E012E810921916F4
:106EA0001092181600930C1610930F16C09210161D
:106EB000D0921116E0921216F09213168CEB95E117
:106EC0000E948ED49FEFC91AD90AE90AF90AAAE0EA
:106ED000CA16A0E2DA06E104F10401F720914E0897
:106EE00080914F0890915008820F911D0E9457F792
:106EF00020E030E240E050E06FE57FE08CEB95E190
:106F00000E946C7A62E070E080E090E00E94ACCE7B
:106F100062E070E080E090E00E94ACCE81E09AE513
:106F2000909319168093181685E390E090931B16A2
:106F300080931A1687E080930C1610930F1684E83E
:106F400090E0A0E0B0E08093101690931116A0930B
:106F50001216B09313168CEB95E10E948ED481E04B
:106F600080934C0883E080934D0810925008109253
:106F70004F0810924E080D94DF1E8330910591F456
:106F800080914F08909150088430910510F40D9431
:106F9000DF1E04979093500880934F080E94DEF202
:106FA0000D94DF1E049711F00D94DF1E8AEF90E41C
:106FB00090932F0880932E080D94DF1E25363105FF
:106FC00058F08FEF90E090933B0880933A0881E06F
:106FD000809338080D944322AFEFB0E00F94B6547D
:106FE00024E630E040E050E00F94845430933B08B6
:106FF00020933A08ECCF8091C8159091C9158A303A
:10700000910528F48AE080933D080D94432285364B
:107010009105C8F384E6F7CF8091C8159091C91502
:107020008A30910528F48AE080933C080D9443222D
:1070300085369105C8F384E6F7CF8536910510F4BF
:107040000D945B2284E690E00D945B22460157018B
:10705000B1E19B1AA108B108B694A79497948794BC
:10706000882D65E00F94C554182F8BEF189F802D45
:107070001124082F080D10FF04C0E4E0E8190E2FBA
:10708000081BA090C815B090C915B50190E080E02C
:107090000F94234EB7FE06C020E030E040E857E4EE
:1070A0000F94085520E030E04AE754E40F9403566B
:1070B0004B015C0120E030E040EA50EC0F941E4EA2
:1070C00087FD46C020E030E040EA50E4C501B4014D
:1070D0000F946957181634F4812C912C20EAA22EB3
:1070E00020E4B22E053090F4153080F425E0029FA4
:1070F000F0011124E10FF11DEE0FFF1FEE0FFF1F36
:10710000EB50F64F80829182A282B38220E030E081
:107110004AE754E4C501B4010F94844E0F947556A8
:10712000709319166093181685E080930C1682E808
:1071300080930F16C0921016D0921116E09212167C
:10714000F09213168CEB95E10E948ED40D94DF1E05
:10715000812C912C90EAA92E90ECB92EC3CF0FEF81
:107160001FEFB2E5CB16B2E1DB06E104F10411F446
:107170000D94D51E08F0D5C0F4EACF16F0E1DF0675
:10718000E104F10411F40D94D51E08F065C086E207
:10719000C81680E1D806E104F10411F40D94C02072
:1071A00090F5AAE1CA16A0E1DA06E104F10411F4AF
:1071B0000D94D51EA0F4E8E1CE16E0E1DE06E10470
:1071C000F10411F00D94061F0D94D51E03E010E09C
:1071D000C8CF0FE010E0C5CF02E110E0C2CFFCE164
:1071E000CF16F0E1DF06E104F10411F40D94D51E91
:1071F0002EE1C21620E1D206E104F10411F00D9453
:10720000061F0D94D51E8CE9C81680E1D806E1044E
:10721000F10411F40D94D51E58F4A0E5CA16A0E1AE
:10722000DA06E104F10411F00D94061F0D94D51E49
:10723000B0EACB16B0E1DB06E104F10411F40D94E1
:10724000D51EE2EACE16E0E1DE06E104F10411F01B
:107250000D94061F0D94D51EF6E3CF16F2E1DF065E
:10726000E104F10411F40D94D51E48F58AEAC8161C
:1072700080E1D806E104F10411F40D94D51E58F410
:10728000A8EACA16A0E1DA06E104F10411F00D94AF
:10729000061F0D94D51EBCEACB16B0E1DB06E10457
:1072A000F10411F40D94D51EEEEACE16E0E1DE06EF
:1072B000E104F10411F00D94061F0D94D51EF6E4BF
:1072C000CF16F2E1DF06E104F10411F40D94D51EAE
:1072D000A0F48AE3C81682E1D806E104F10411F4AF
:1072E0000D94D51E92E4C91692E1D906E104F10489
:1072F00011F00D94061F0D94D51EAAE4CA16A2E142
:10730000DA06E104F10411F40D94D51EBEE4CB16A7
:10731000B2E1DB06E104F10411F00D94061F0D94B7
:10732000D51EE4E7CE16E2E1DE06E104F10411F435
:107330000D94D51E08F05CC022E6C21622E1D206EA
:10734000E104F10411F40D94D51E48F596E5C91633
:1073500092E1D906E104F10411F40D94D51E58F41C
:10736000B4E5CB16B2E1DB06E104F10411F00D94B3
:10737000061F0D94D51EEAE5CE16E2E1DE06E10415
:10738000F10411F40D94D51EFEE5CF16F2E1DF06EF
:10739000E104F10411F00D94061F0D94D51E2AE6A8
:1073A000C21622E1D206E104F10411F40D94D51EB7
:1073B00058F496E6C91692E1D906E104F10411F0F9
:1073C0000D94061F0D94D51EA0E7CA16A2E1DA0699
:1073D000E104F10411F40D94D51EB2E7CB16B2E12D
:1073E000DB06E104F10411F00D94061F0D94D51E87
:1073F000EEE7CE16E2E1DE06E104F10411F40D94AD
:10740000D51E48F528E7C21622E1D206E104F104B0
:1074100011F40D94D51E58F496E7C91692E1D906D9
:10742000E104F10411F00D94061F0D94D51EAAE796
:10743000CA16A2E1DA06E104F10411F40D94D51E96
:10744000BCE7CB16B2E1DB06E104F10411F00D94C8
:10745000061F0D94D51EE4E8CE16E2E1DE06E10437
:10746000F10411F40D94D51EA0F420E8C21622E117
:10747000D206E104F10411F40D94D51E82E8C81679
:1074800082E1D806E104F10411F00D94061F0D9479
:10749000D51E96E8C91692E1D906E104F10411F46B
:1074A0000D94D51EC114A3E1DA06E104F10411F034
:1074B0000D94061F0D94D51E5F926F927F928F924E
:1074C0009F92AF92BF92CF92DF92EF92FF920F9373
:1074D0001F93CF93DF93CDB7DEB7CDB6DEB683E98A
:1074E00098E10E94E2EA811102C00E94C5F58091F4
:1074F000A4079091A507891B8F7371F48091E7070A
:10750000882351F089EB90E40E94B4381092E6078A
:107510008091A4078093A507772473949091E60740
:107520008091A4072091A507821B8F7309F4F9C0ED
:107530009130F1F1A8F1923009F442C0933081F713
:107540008091A4079091A507891B8F7390911618BD
:10755000891708F4E6C00E94A237582E80911618A9
:1075600066246A94680E8DB69EB68150990B2DB72D
:107570003EB7281B390B0FB6F8943EBF0FBE2DBF88
:107580000DB71EB70F5F1F4F580178016A943FEF88
:10759000631601F10E94A237D7018D937D01F6CFCA
:1075A0000E94A2378A3509F0B9CF7092E607B6CFAC
:1075B0000E94A237853A61F482E08093E607AECF5D
:1075C0000E94A23780931618833010F083E0F5CF25
:1075D00080E0F3CFB2E85B1211C0F80180818F34F4
:1075E00009F096C081818B3409F092C01092E607B1
:1075F0000FB6F8949EBE0FBE8DBE90CFF3E85F121B
:1076000087C0D801ED90FC901197FE24EF24FE2452
:1076100012967C90672C660CB70184EB90E40E9474
:10762000F0CE662D8DEA90E40E9402F0C701B0E032
:10763000A0E08093C0159093C115A093C215B0939C
:10764000C3157092BC1590E080E0662D70E0B2E04A
:10765000AB0EB11C8617970788F4FC01EE7FE85348
:10766000FA4ED50111962C91119712963C91232731
:1076700032272327318320830296E9CFB7018FE990
:1076800090E40E94F0CE672D87E990E40E9402F01A
:10769000F801F38082E990E40E94B4388F2D0E94B3
:1076A0003D2FD80114966C918BE890E40E9402F073
:1076B000F801F58086E890E40E94B4388F2D0E948E
:1076C0003D2FD80116966C918FE790E40E9402F04E
:1076D0001092E6070F94331E82E090E00FB6F89404
:1076E0009EBE0FBE8DBE0FB6F894DEBE0FBECDBEE1
:1076F000DF91CF911F910F91FF90EF90DF90CF908E
:10770000BF90AF909F908F907F906F905F90089503
:107710001092E6078CE690E40E94B4388FEF9FEF5A
:10772000DDCF8FEF9FEFDFCFCF92DF92EF92FF920F
:107730001F93CF93DF93C82FF62E172F8AE50E9451
:107740004E3785EA0E944E3787E00E944E3782E826
:107750000E944E3780E00E944E378C2F0E944E3799
:10776000CF2DD12F15E0115021F089910E944E3775
:10777000FACF0E94607A6B017C0128EEC20E23E0F2
:10778000D21EE11CF11C8091520890915108891B76
:10779000990B9C012150310937FF02C02F573F4FF1
:1077A000253088F40E94607A6C197D098E099F0942
:1077B00097FF0EC00E940F3762E370E080E090E018
:1077C0000E942D7AE0CF0F945C3A18161906DCF36C
:1077D000DF91CF911F91FF90EF90DF90CF900895B0
:1077E0002F923F924F925F926F927F928F929F92D1
:1077F000AF92BF92CF92DF92EF92FF920F931F93BF
:10780000CF93DF93CDB7DEB7CB5AD1090FB6F8943B
:10781000DEBF0FBECDBF209108093091090940910C
:107820000A0950910B09CC55DF4F288339834A83CD
:107830005B83C45AD04080910C0990910D09A091AE
:107840000E09B0910F09C855DF4F88839983AA8329
:10785000BB83C85AD040B0901009A0901109309055
:1078600012092090130920911409309115094091B3
:10787000160950911709C056DF4F288339834A8370
:107880005B83C05AD0408091AC099091AD09A09122
:10789000AE09B091AF09C656DF4F88839983AA839A
:1078A000BB83CA59D0408091B50981FF05C0909132
:1078B000020998609093020982FB882780F98093DF
:1078C00064078091971687FDDCC281E998E00E94E9
:1078D0005CF000913C0910913D090115110599F0EA
:1078E0008091971687FDCDC26BE878E0CE010196B6
:1078F0000E944626B801CE0101960E94C826CE01FC
:1079000001960E942EF000913A0910913B09043B28
:10791000110514F404EB10E08091971687FDB1C2B5
:1079200065E878E0CE0101960E944626B801CE01B6
:1079300001960E94C826CE0101960E942EF08091E9
:10794000971687FD9EC220911A0930911B0940911C
:107950001C0950911D096B2D7A2D832D922D0F94AA
:1079600009554B018C018DE798E00E945CF08091F5
:10797000B5096401780180FD04C0CB2CDA2CE32C1E
:10798000F22C8091971687FD7CC2C601D701C057A3
:10799000DF4F88839983AA83BB83C059D04023E0FB
:1079A000722ECC56DF4F7882C459D04066E778E01B
:1079B000CE0101960E944626BE0160577F4FCE0140
:1079C00001960E94FB26CE0101960E942EF09401A2
:1079D000A801B601C7010F941E4E87FF26C08091F3
:1079E000971687FD4EC2C401D801C557DF4F888363
:1079F0009983AA83BB83CB58D040C157DF4F78828D
:107A0000CF58D0406EE678E0CE0101960E9446261F
:107A1000BE0165577F4FCE0101960E94FB26CE0125
:107A200001960E942EF0640178018091971687FDDF
:107A300028C286E698E00E945CF087E08093E10926
:107A4000809363078091971687FD1BC240903F0982
:107A50005090400960904109709042098091B509A9
:107A600083FB882780F9C256DF4F8883CE59D040E8
:107A7000C156DF4F1882CF59D040C256DF4F8880A1
:107A80009980CE59D04090E3890E911C60E678E051
:107A90008E010F5F1F4FC8010E944626B401C80126
:107AA0000E94C826EB964CAE5DAE6EAE7FAEEB97F5
:107AB00099249394EC969FAEEC976AE50E94D324A8
:107AC000BE0169587F4F0E94FB26C8010E942EF01C
:107AD0008091971687FDD5C1C601D701CA57DF4FE0
:107AE00088839983AA83BB83C658D040C657DF4F8B
:107AF0009882CA58D04069E578E0C8010E944626BD
:107B0000BE016A577F4FC8010E94FB26C8010E9430
:107B10002EF08091B50984FF28C08091971687FDCB
:107B2000B0C18091360990913709A0913809B09180
:107B30003909CB56DF4F88839983AA83BB83C55904
:107B4000D04083E0C756DF4F8883C959D04063E5F2
:107B500078E0C8010E944626BE016B567F4FC801DF
:107B60000E94FB26C8010E942EF0E0903A09F09096
:107B70003B098091971687FB882780F9E114F1046F
:107B800071F081117EC16DE478E0C8010E94462643
:107B9000B701C8010E94C826C8010E942EF0E090DB
:107BA0003E09F12C8091971687FB882780F9E11414
:107BB000F10441F1811165C167E478E0C8010E94D8
:107BC00046261F921F928FEB93E09F938F936E0137
:107BD000A2E6CA0ED11CDF92CF920F948258B60152
:107BE000C8010E94AE2663E50E94D324B7010E941B
:107BF000C826C8010E942EF00F900F900F900F9092
:107C00000F900F908091971687FD3BC16EE378E04F
:107C1000C8010E944626CC55DF4F288139814A8110
:107C20005B81C45AD040E6962CAF3DAF4EAF5FAFFC
:107C3000E69793E0F92EE796FFAEE797BE016E5800
:107C40007F4FC8010E94FB26C855DF4F288139812C
:107C50004A815B81C85AD040E1962CAF3DAF4EAF10
:107C60005FAFE197E296FFAEE29769E50E94D32409
:107C7000BE0163597F4F0E94FB26C8010E942EF06F
:107C80008091971687FDFDC08B2D9A2DA32DB22DC7
:107C9000CF57DF4F88839983AA83BB83C158D040D5
:107CA000CB57DF4FF882C558D04066E378E0C80173
:107CB0000E944626BE016F577F4FC8010E94FB26D7
:107CC000C8010E942EF08091971687FDDAC0E090DF
:107CD0001809D090190962E378E0C8010E9446268D
:107CE000DF92EF928FEB93E09F938F936E0132E6DA
:107CF000C30ED11CDF92CF920F948258B601C801F7
:107D00000E94AE26C8010E942EF0809197160F9017
:107D10000F900F900F900F900F9087FDB2C0C0563C
:107D2000DF4F88819981AA81BB81C05AD040C45855
:107D3000DF4F88839983AA83BB83CC57D040C05838
:107D4000DF4FF882C058D0406BE278E0C8010E9453
:107D50004626BE0164587F4FC8010E94FB26C80119
:107D60000E942EF08CE0EEE1F9E0A8E6B6E001908A
:107D70000D928A95E1F78CE0EAE2F9E0ADEBBAE02A
:107D800001900D928A95E1F78091B40980938A164B
:107D900081E08093B7090E945F2E8091971687FD3E
:107DA00070C041E650E066E278E0C8010F94154DDE
:107DB000D8010D900020E9F7CD010197801B910BB0
:107DC0008036910550F441E650E0481B590B63E4BE
:107DD00079E0800F911F0F94644DC8010E942EF02E
:107DE0008091971687FD4DC09090B0098090B109A1
:107DF0007090B2096090B30961E278E0C8010E9416
:107E00004626C356DF4FB881CD59D040BF93C456E4
:107E1000DF4FE881CC59D040EF93C556DF4FF88152
:107E2000CB59D040FF93C656DF4F2881CA59D04066
:107E30002F9382ECE82E83E0F82EFF92EF92DF92F0
:107E4000CF920F948258B601C8010E94AE2664E515
:107E50000E94D3245C016F927F928F929F92FF9237
:107E6000EF92DF92CF920F948258B601C5010E9423
:107E7000AE26C8010E942EF00FB6F894DEBF0FBEEA
:107E8000CDBFC555DF4F0FB6F894DEBF0FBECDBFD7
:107E9000DF91CF911F910F91FF90EF90DF90CF90E6
:107EA000BF90AF909F908F907F906F905F904F901A
:107EB0003F902F900895CF93DF93CDB7DEB7EB9728
:107EC0000FB6F894DEBF0FBECDBF789484B5826044
:107ED00084BD84B5816084BD85B5826085BD85B56E
:107EE000816085BD80916E00816080936E001092EC
:107EF0008100809181008260809381008091810067
:107F000081608093810080918000816080938000F7
:107F10008091B10084608093B1008091B000816055
:107F20008093B00080919100826080939100809155
:107F30009100816080939100809190008160809396
:107F400090008091A10082608093A1008091A100A7
:107F500081608093A1008091A00081608093A00047
:107F600080912101826080932101809121018160B3
:107F70008093210180912001816080932001809174
:107F80007A00846080937A0080917A008260809386
:107F90007A0080917A00816080937A0080917A00E3
:107FA000806880937A001092C10020919B182FA3C3
:107FB00014BE1092C0008091C00082608093C00007
:107FC0001092C50087E08093C4008091C100806159
:107FD0008093C1008091C10088608093C10080912E
:107FE000C10080688093C1000E94607A4B015C01EF
:107FF00038EE830E33E0931EA11CB11C8AE996E192
:108000000E94E2EA882309F49FC089EB9FE20E9464
:10801000B438269A2E98259A2D988091A302909193
:10802000A402A091A502B091A60289A39AA3ABA332
:10803000BCA3CE0181969BAB8AABFE01B596FEA395
:10804000EDA3812CB4E29B2EB4EFAB2EB12CEAA9A8
:10805000FBA96191FBABEAABCE0101960E94AD3367
:108060008A8981110FC18989882309F40BC1FF8591
:10807000FCA722242A94312CF23019F022242A94CD
:10808000322C29813A813DAB2CAB8B819C819BA703
:108090008AA78EE0E7EAF2E0DE01539601900D92A6
:1080A0008A95E1F7910150E040E0EBE0220F331FA9
:1080B000441F551FEA95D1F7C501B4010F946254CE
:1080C00079019FEFE91AF90AACA5A23009F045C081
:1080D000E1E0E8AFF3E0F9AFCE0143969FAB8EABA2
:1080E00011E091E09DA719AAEFEFF0E0F9A7E8A74A
:1080F000EEA9FFA9C190D190FFABEEABC601B0E0F5
:10810000A0E0FCA5F23071F180329105A105B10526
:1081100009F488C080389105A105B10509F482C031
:108120009601A8EEB3E00F94B6549B01AC01C501D3
:10813000B4010F946254C9010197369527950097B1
:1081400099F481E090E015C00E94607A681979097D
:108150008A099B0997FDF8CF58CF2AE028AF3EE067
:1081600039AFBACF9101C1013FA62EA68215930562
:1081700010F49FA78EA72115310509F4A7C128AADD
:10818000032D2215330510F428AB032F2EA53FA590
:108190002F5F3F4FD6010F94B6549B01AC01C50130
:1081A000B4010F94625429013BAF2AAF9601A8A9EC
:1081B000B02F0F94B6549B01AC01220F331F441F04
:1081C000551FC501B4010F946254B901F70188EE3F
:1081D00093E0A9EEEA16A3E0FA0618F4C701E8EE68
:1081E000F3E0E81BF90B8AAD9BAD893E934008F4A0
:1081F00071C1D20188EE93E0A81BB90B693E7340B0
:1082000008F46CC1C90168EE73E0861B970BAE17CA
:10821000BF0720F48A179B0708F064C18E179F07D9
:1082200008F469C11F5F183009F062CFECA9FDA9FD
:1082300080818C7F9DA59370892B8083EAA5FBA507
:108240002081FDA58F2F90E0959587959595879531
:1082500043E0880F991F4A95E1F7277E822BEAA514
:10826000FBA580838081887FF9A98F2BEAA5FBA5D8
:108270008083FCA5F23031F0ED85FE8528A539A577
:10828000318320838DA19EA1EAA9FBA98E179F07A8
:1082900009F0DDCE0E946F33FFA1F0FF04C080EB38
:1082A0009FE20E94B4382FA121FF04C08FE99FE212
:1082B0000E94B4383FA132FF04C08DE89FE20E94C3
:1082C000B4388FA183FF04C08CE79FE20E94B438CA
:1082D0009FA195FF04C08BE69FE20E94B4388BE516
:1082E0009FE20E94B4380E94E53887E29FE20E9434
:1082F000B4380E94E5388FE09FE20E94B4380E94B3
:10830000E5388091951890919618FE0131965F019D
:10831000BF01009709F4F7C0681B790B80E09FE26A
:108320000E94013B60EA73E089EE9EE20E94E2CE89
:10833000389A4098109250061092510610925206A8
:10834000109253060E94E1E70F94C50080912F0719
:10835000811107C00E94B8AA882319F081E0809398
:108360002F07209168063091690640916A06509166
:108370006B066091AD0A7091AE0A8091AF0A909140
:10838000B00A0F9409556093AD0A7093AE0A8093BA
:10839000AF0A9093B00A20916C0630916D0640911F
:1083A0006E0650916F066091B10A7091B20A809189
:1083B000B30A9091B40A0F9409556093B10A70936F
:1083C000B20A8093B30A9093B40A20917006309158
:1083D000710640917206509173066091B50A7091D2
:1083E000B60A8091B70A9091B80A0F940955609324
:1083F000B50A7093B60A8093B70A9093B80A0E94A0
:108400005CC6249A2C9880910101806280930101BE
:10841000809102018072809300018091010180644B
:108420008093010180910201809580748093000106
:1084300087ED80937A0010927E0010927D008091EB
:108440007D00806280937D0080917D0080648093B8
:108450007D0080E887BD80916E00826080936E0011
:1084600080910101806180930101EAE6F0E4C5900A
:10847000D490F5E0CF16D1041CF485E0C82ED12CA1
:10848000D0922902C09228020D2C000CEE08FF08A1
:1084900080912402909125020F944D012B013C0103
:1084A000C701B6010F94254E9B01AC01C301B20177
:1084B0000F941E4E87FF2AC08091240290912502BE
:1084C00040979093250280932402E2CF91E098ABED
:1084D00000E05CCEC201A8EEB3E08ECEB90188EE1A
:1084E00093E093CE720199AD9DA719ABEEA5FFA5C0
:1084F000F9A7E8A797CE7901F8ADFDA719AB28A990
:1085000028A709A78FCE6B59784108CFEEE5FFE386
:10851000C590D49021E0C21AD1083DE2C31631E0E3
:10852000D30624F00CE2C02EDD24D394D0922B028B
:10853000C0922A020D2C000CEE08FF088091260242
:10854000909127020F944D012B013C01C701B60108
:108550000F94254E9B01AC01C301B2010F946957E2
:10856000181654F480912602909127024096909319
:10857000270280932602E2CF00912002109121026F
:10858000C8010E94AD7620E030E040EA50E40F944C
:108590001E4E87FF07C0005111091093210200935E
:1085A0002002EACF0091220210912302C8010E940A
:1085B000AD7620E030E046E153E40F946957181699
:1085C0003CF4005F1F4F1093230200932202EACF76
:1085D0000E9404CC19A282E390E09C8B8B8B1A82C0
:1085E000198201E0950141E050E0BE016F5D7F4FCF
:1085F000CE0143960E94703489A1863109F49CC152
:108600000E9477B881E0809354066D98759A8091A6
:1086100004018D7F80930401809105018095827013
:108620008093030152985A9A10926606109265063A
:108630000E94B7C8819A879A80910A0182608093CC
:108640000A010E9A579A5F9A829A8A9A8091070134
:1086500081608093070180910801809581708093EB
:1086600006010A9A129A809A88985F9A8091E10985
:108670008E7F8093E109869A8E988A9A8091E1098B
:108680008D7F8093E10980910A01886080930A01BF
:1086900080910B0188708093090180910801809579
:1086A0008170809306018091E1098B7F8093E109BD
:1086B0000C9A1498129A809180008C7F809380008D
:1086C00080918100877E8860809381008091800006
:1086D0008F738093800080918100887F8260809377
:1086E000810080E090E4909389008093880010924C
:1086F0008500109284000E943E3278940E94367861
:108700008091C310883108F042C090E0FC01EE0F68
:10871000FF1FE80FF91FE658FF4E808180788B60BD
:10872000808361E08BE00E94F1791092C410109276
:10873000C5108091C3102CE0622F0F94C55490E0B7
:10874000829FB001112430E020E0AB01420F531FA3
:10875000FA01EE0FFF1FE40FF51FE658FF4E4081B0
:1087600047FD07C02F5F3F4F2C30310571F70E9446
:10877000AE34E091C3108E2F90E0FC01EE0FFF1F8E
:10878000E80FF91FE658FF4E80818068808383ECF4
:1087900090E10E949E336AE570E083EC90E10E94D4
:1087A000D0341092E2090E94B7C80E9418360E9485
:1087B000E23580916706811124C00E94FD3576E97B
:1087C000C72ED12CE12CF12CC982DA82EB82FC82FB
:1087D000B5018CE80E94B835C982DA82EB82FC824E
:1087E000B50182E80E94B835C982DA82EB82FC8248
:1087F000B5018CE80E94B8350E94E23581E0809393
:10880000670688E198E20FB6F894A8958093600017
:108810000FBE909360000E94933E83E08093F40922
:1088200021E6722E3DE0432E4AE0542E50ECC52E38
:108830005FE2D52E63E0662E80E00E94974A809129
:10884000971687FF30C010928D16877F8B7F80939D
:1088500097160E9470871092CF0B1092CE0B109239
:10886000CD0B0E945ABF0E9418BA8EEF0E94D0C54D
:108870000E945CC680E00E94C4D60E947B92109247
:10888000A30A10922C020E94572E0E94CC8B8823A0
:1088900031F00E94572E8AEB92E00E94C8ABD09232
:1088A0002F08C0922E088091F409ADB6BEB610E034
:1088B00000E0843009F452C08DB69EB660912E0857
:1088C00070912F0810E000E06115710509F08CC06F
:1088D00080917406882309F429C1E4E7F6E08F014A
:1088E00004571640F190FF2019F02AE0F212F7CF5A
:1088F0000115110559F0F801EC58F94F108284E781
:1089000096E00E9465EE80E00E94715E81E0F110C9
:1089100001C080E0800F982FE92FF0E0EC58F94F6C
:108920002081E92FE81BF0E0EC58F94F2083222347
:1089300009F496C09F5FF0CF83E390E09C8B8B8B14
:108940001A82198201E0950140E150E065E576E088
:10895000CE0143960E94703455CE8C01F801E1524D
:10896000F04DE491C8010196EE2311F0EA30A9F729
:10897000EDB7FEB7E81BF90B0FB6F894FEBF0FBEBC
:10898000EDBF2DB73EB72F5F3F4F7901A8016FEDC7
:108990007FE2C9010F94EF4CF701E00FF11F108245
:1089A000F70180818B33C9F08091CD0B8430A8F41E
:1089B0008091CF0B879DC0011124B7018053944F44
:1089C0000F94625881E00E940BFB0FB6F894BEBE74
:1089D0000FBEADBE6092F4096FCF0FB6F894BEBE65
:1089E0000FBEADBE69CF8501FB01E00FF11F3490D2
:1089F0005801FFEFAF1ABF0A332019F02AE03212F4
:108A0000F2CF8DB79EB78A199B090FB6F8949EBF17
:108A10000FBE8DBFEDB7FEB731967F01A801CF0124
:108A20000F94EF4CF701E00FF11F1082332009F48F
:108A30007AC080912E0890912F08A80EB91EB0928E
:108A40002F08A0922E08012B31F0C7010E9465EE7D
:108A500080E00E94715E0FB6F8949EBE0FBE8DBE80
:108A60009091B40680913007981709F4E5CE809173
:108A7000B406809330078091B406882309F4DCCED5
:108A80000E94E53887E390E30E94B4388091B406F1
:108A900010E280FF0AC080E00E9430BFAB01BC0141
:108AA00083E390E30E94CC3818E58091B40600E29D
:108AB00081FF0AC081E00E9430BFAB01BC018FE2A0
:108AC00090E30E94CC3809E58091B40682FFACC0E7
:108AD00082E00E9430BFAB01BC018BE290E30E94B8
:108AE000CC389AE5F92E0E947E3B1F9280E28F934C
:108AF0001F92FF921F920F931F921F9383E190E3A7
:108B00009F938F938CE190E39F938F931F920F9489
:108B10005F1B2DB73EB7235F3F4F0FB6F8943EBFA4
:108B20000FBE2DBF89CEB12CA12C89CF8091CD0B4A
:108B3000882309F495CF8091971680FF63C0009138
:108B4000CE0B079D800111240053144F6FE070E39A
:108B5000C8010F944A4D009731F0FC018381805386
:108B60008A3008F048C0F80101900020E9F73197F9
:108B70007F01E01AF10A1092FB176EE470E0C80161
:108B80000F9457585C01009739F5F1E0EF1AF1089E
:108B9000F801EE0DFF1D418252821382F80101900F
:108BA0000020E9F73197AF01401B510BB8018BEF63
:108BB00097E10E943A848091FB17882331F00E944C
:108BC000E13885EE9FE20E94B4388091971681FDCE
:108BD00019C00E948BFC18C060E270E00F945758D7
:108BE0008C010F5F1F4F6AE270E0C5010F94575868
:108BF000FC013197D0CF0E940CFC8CEF9FE20E94C9
:108C0000B438E7CF0E94B5F28091CE0B8F5F8430ED
:108C100040F48093CE0B8091CD0B81508093CD0B8F
:108C20001FCF1092CE0BF7CF80E2F82E5CCFCF9201
:108C3000DF92EF92FF920F931F93CF93DF93FC018C
:108C4000DA01CD90DD90ED90FC90DB016D917D918E
:108C50008D919C910081118122813381CCE4D0E1FE
:108C600008A319A32AA33BA321E732EB47E25EE363
:108C70000F94844E6CA37DA38EA39FA321E732EBB8
:108C800047E25EE3C701B6010F94035668A779A7D0
:108C90008AA79BA7DF91CF911F910F91FF90EF9033
:108CA000DF90CF900C943127CF92DF92EF92FF921A
:108CB0000F931F93CF93DF93FC01DA01CD90DD90EA
:108CC000ED90FC90DB016D917D918D919C910081E7
:108CD000118122813381C0E2D0E108A319A32AA324
:108CE0003BA321E732EB47E25EE30F94844E6CA393
:108CF0007DA38EA39FA321E732EB47E25EE3C7018A
:108D0000B6010F94035668A779A78AA79BA7DF919E
:108D1000CF911F910F91FF90EF90DF90CF9008952A
:108D2000CF93DF938CE996E10E94872E8BEF97E13A
:108D30000E94872ECBEFD7E16B97CE010E94872E42
:108D400086E1CD3ED807C1F782ED96E10E94872EDD
:108D500087EB96E1DF91CF910C94872E1F93CF93F1
:108D6000DF931092B7161092BA161092D216109284
:108D7000D516EDEEF6E1108213827B9647E1EB3FCC
:108D8000F407C9F785EA93E090938C1880938B18C9
:108D900010928D1889E180938F181092921810927A
:108DA00007101092FB171092FE1781E08093571066
:108DB000109258101092591010925A1010925B1085
:108DC00010925C1010925D1010925E1010925F1065
:108DD0001092601010926110109262101092631045
:108DE0001092641010926510109266101092671025
:108DF000109268101092691010926A1010926B1005
:108E000010926C1010926D1010926E1010926F10E4
:108E100010927010109271101092721010927310C4
:108E200010927410109275101092761010927710A4
:108E300080932B1010922C1010922D1010922E1047
:108E400010922F1010923010109231101092321098
:108E50001092331010923410109235101092361078
:108E600010923710109238101092391010923A1058
:108E700010923B1010923C1010923D1010923E1038
:108E800010923F1010924010109241101092421018
:108E900010924310109244101092451010924610F8
:108EA00010924710109248101092491010924A10D8
:108EB00010924B1010920E1010920F101092101072
:108EC0001092111010921210109217101092181088
:108ED0001092191010921A1010921B101092791003
:108EE000109278108091C210883108F01AC191E078
:108EF000980F9093C2108093C31090E0FC01EE0F86
:108F0000FF1FE80FF91FE658FF4E88EB9BE09283A6
:108F1000818386EC90E19093D3108093D2101092CD
:108F2000F5101092F6101092F7101092F81010929F
:108F3000F1101092F2101092F3101092F41010929F
:108F4000ED101092EE101092EF101092F01010929F
:108F5000E9101092EA101092EB101092EC1010929F
:108F6000E5101092E6101092E7101092E81010929F
:108F7000E1101092E2101092E3101092E41010929F
:108F8000DD101092DE101092DF101092E01010929F
:108F9000D9101092DA101092DB101092DC1010929F
:108FA0008718109288181092891810928A181092B7
:108FB00083181092841810928518109286181092B7
:108FC0007F181092801810928118109282181092B7
:108FD0007B1810927C1810927D1810927E181092B7
:108FE0007718109278181092791810927A181092B7
:108FF000D8101092D7101092D6101092D51010924F
:10900000D41010923E111092B211109226121092AA
:109010009A1210920E13109282131092F61310925D
:109020006A1484E080939C1410929A1410929914FC
:1090300010929B141092AD141092EC14DAE5D093B8
:109040003F15D093EF14C5EAC0934015C093F014B8
:109050001EE2EEE8F5E1DF01412F1D924A95E9F7A6
:109060000E94CECED0930D16D093BD15C0930E1690
:10907000C093BE15ECE5F6E1DF011D921A95E9F704
:1090800080E08E7F8D7F8B7F877F80938A16109202
:109090009C1610929F1691E090938B162BE838E166
:1090A000309399162093981680919716847E8B7F23
:1090B000809397161092931610929416109295160C
:1090C0001092961610928F1610929016109291167A
:1090D0001092921610928E1610928D1610928C1677
:1090E000EDEEF6E12EE031E0DF01A9011D924150E5
:1090F0005040E1F780910A018E7F80930A018091B0
:109100000B01809581708093090190939A161092BB
:109110009B169093931810929418DF91CF911F9102
:1091200008958FEF8093C310F4CEEF920F931F93A7
:10913000CF93DF93E80134E047FD34E1042E000CC7
:10914000550B57FF03C0519541955109E32E022F4E
:10915000242FAE010F94F350CE01DF91CF911F91D8
:109160000F91EF9008958F929F92AF92BF92CF92FE
:10917000DF92EF92FF92CF93DF93EC0168817981C8
:109180008A819B81611571058105910521F464E255
:1091900079ED8BE597E02DE133EF41E050E00F945E
:1091A000845449015A019B01AC01A7EAB1E40F9430
:1091B000A3546B017C01ACEEB4EFA50194010F94B4
:1091C000B154C60ED71EE81EF91EF7FE06C081E098
:1091D000C81AD108E10880E8F80AC882D982EA8270
:1091E000FB82C701B6019F77DF91CF91FF90EF908F
:1091F000DF90CF90BF90AF909F908F9008958F9207
:109200009F92AF92BF92CF92DF92EF92FF926091C6
:109210006502709166028091670290916802611503
:1092200071058105910521F464E279ED8BE597E004
:109230002DE133EF41E050E00F94845449015A018D
:109240009B01AC01A7EAB1E40F94A3546B017C012C
:10925000ACEEB4EFA50194010F94B154C60ED71E25
:10926000E81EF91EF7FE06C081E0C81AD108E10821
:1092700080E8F80AC0926502D0926602E092670226
:10928000F0926802C701B6019F77FF90EF90DF90E0
:10929000CF90BF90AF909F908F900895609365029C
:1092A00070936602809367029093680208958F928C
:1092B0009F92AF92BF92CF92DF92EF92FF920F9365
:1092C0001F93CF93DF935C017B016115710519F04A
:1092D000DB018D939C9385010F5F1F4FF501D081BA
:1092E0008D2F90E00F94E64C6C01892BB9F5DD329F
:1092F000B9F50F5F1F4FD5011196DC91C1E0580100
:10930000F1E0AF1AB10843E050E068E073E0C50156
:109310000F94324D892B69F5680182E0C80ED11C8B
:1093200045E050E063E073E0C6010F94324D892BB5
:1093300021F4680197E0C90ED11CE114F10419F081
:10934000D701CD92DC9260E070E080E89FEFC11120
:10935000FFC060E070E080E89FE7FAC05801BBCF33
:10936000DB3229F485010E5F1F4FF501D181C0E08A
:10937000C6CF43E050E060E073E0C5010F94324D8A
:10938000892BE9F0F80110E000E020E030E0A901CD
:109390005F01B0ED8B2E8D0E89E08815C8F19C2EF3
:1093A000689491F88C2F8870C2FF16C0811102C09A
:1093B0000F5F1F4F3196D501DC91C92DE9CFE11424
:1093C000F10429F00E5F1F4FF7011183008360E065
:1093D00070E080EC9FE7BCC0882311F001501109B8
:1093E000A5E0B0E00F94A3549B01AC01220F331F02
:1093F000441F551F280D311D411D511D283999E964
:109400003907490799E15907A8F2C6609C2ED2CFC7
:10941000AEEF8A1206C0C3FD3CC09C2E689493F840
:10942000C9CFDF7DD534A9F580818D3239F4C06193
:10943000DF011296818162E070E006C0DF018B32AD
:10944000C1F3119661E070E080535D01A61AB70A7E
:109450008A30F8F4E0E8CE16ECE0DE065CF4B60103
:10946000660F771F660F771FC60ED71ECC0CDD1C4C
:10947000C80ED11C5D01FFEFAF1ABF0A8C9180535B
:109480008A30A8F1C4FF03C0D194C194D1080C0D57
:109490001D1DC1FF09C0E114F10431F081E0A81ADB
:1094A000B108D701AD92BC92CA01B9010F94234E05
:1094B000C370C33009F490584B015C0120E030E0E8
:1094C000A9010F941E4E882309F440C0C7E3D3E0DE
:1094D00017FF05C0119501951109CFE1D3E06E0189
:1094E000B8E1CB1AD10880E2E82EF12C0FC0D501EB
:1094F000B1CFFE0125913591459154910E191F0967
:10950000C501B4010F94844E4B015C01D501C40127
:109510000E151F0574F72497F594E794CC16DD0615
:10952000A9F78A2F880F8B2F881F8F3F49F020E0E3
:1095300030E0A901C501B4010F941E4E811106C08F
:1095400082E290E090939A1880939918C501B40133
:10955000DF91CF911F910F91FF90EF90DF90CF900F
:10956000BF90AF909F908F9008953F924F925F92DF
:109570006F927F928F929F92AF92BF92CF92DF9223
:10958000EF92FF920F931F93CF93DF935C016B01D8
:109590007A016115710519F0FB0191838083E11453
:1095A000F10451F0C7010297839730F040E030E0BA
:1095B00020E090E06BC05E01E5012196F50110818D
:1095C000812F90E00F94E64C892BA9F71D3201F50D
:1095D0002196F501118101E0E114F10409F4E6C0DE
:1095E000F0E1EF16F10409F088C0103359F48881D6
:1095F0008F7D883509F07CC0198122960260F0E1E8
:10960000EF2EF12C812C912CA12C88E0B82E92C049
:109610001B3221F4E5012296F501118100E0DCCF37
:10962000EAE0EE16F10409F4C7C0F0E1EF16F10428
:1096300009F073C0E7CF78E0E72EF12C812C912C54
:10964000A12C60E1B62E76C021E0ADC0302F317084
:10965000C114D10431F0222371F12197F601D18395
:10966000C08327FF2EC060E070E080E090E83111F9
:1096700004C06FEF7FEF8FEF9FE722E230E030937F
:109680009A1820939918462F372F282F642F732F5D
:10969000822FDF91CF911F910F91FF90EF90DF907C
:1096A000CF90BF90AF909F908F907F906F905F9082
:1096B0004F903F90089501FF04C02297F601D18397
:1096C000C083332341F090958095709561957F4FCD
:1096D0008F4F9F4FD8CF97FFD6CF82E290E09093E5
:1096E0009A18809399186FEF7FEF8FEF9FE7CBCF9A
:1096F00010E3E114F10409F49ECF28E0E216F1042E
:1097000009F49CCF0CF08CCF812C912CA12CE0E49F
:10971000BE2E82E0E816F10469F060E070E080E0BF
:1097200090E897010F2C000C440B550B0F946254DA
:1097300049015A0120E060E070E0CB0127010F2CC5
:10974000000C66087708FE0150ED352E310E39E029
:10975000331570F43FEB310F49EC342E3A3138F0C9
:109760003FE9310F3A3108F071CF39EA332E310E2B
:109770003E141F040CF06ACF27FD15C0861697060D
:10978000A806B90678F0A30192010F945254630D14
:10979000711D811D911D61307105810520E89207C1
:1097A00008F452CF2FEF21961081CDCF103309F45A
:1097B0001ECF2AE0E22EF12C9CEC892E982CA82CAE
:1097C0009CE0B92EB7CF3F924F925F926F927F92FB
:1097D0008F929F92AF92BF92CF92DF92EF92FF92C1
:1097E0000F931F93CF93DF935C016B017A01611597
:1097F000710519F0FB0191838083E114F10449F0B4
:10980000C7010297839728F060E070E0CB019BC00E
:109810005E01E5012196F5011081812F90E00F9402
:10982000E64C892BA9F71D3209F05CC02196F501A1
:10983000118101E0E114F10409F4BBC0F0E1EF167D
:10984000F10409F09BC0103341F488818F7D883585
:1098500009F08FC0198122960260E0E1EE2EF12C12
:1098600088248A94982CA82CFFE0BF2E20E060E08A
:1098700070E0CB0127010F2C000C66087708FE0171
:1098800050ED352E310E39E0331568F43FEB310FD2
:1098900049EC342E3A3130F03FE9310F3A31B0F52E
:1098A00039EA332E310E3E141F0484F52F3FB9F0F0
:1098B00086169706A806B90638F1A30192010F94FF
:1098C0005254232D30E050E040E0620F731F841F9C
:1098D000951F6217730784079507B0F021E0219662
:1098E0001081CDCF1B3221F4E5012296F5011181C3
:1098F00000E0A0CF78E0E72EF12C88248A94982C01
:10990000A82C6FE1B62EB2CF2FEFE9CFC114D1044E
:1099100031F0222351F12197F601D183C08300FF5A
:1099200007C090958095709561957F4F8F4F9F4FA1
:109930002F3F49F482E290E090939A18809399180F
:109940006FEF7FEFCB01DF91CF911F910F91FF90D0
:10995000EF90DF90CF90BF90AF909F908F907F90CF
:109960006F905F904F903F90089501FFD8CF22975E
:10997000D3CF10E3E114F10409F4BCCF3AE0E316CD
:10998000F104E9F080E1E816F10409F466CFE8E0BB
:10999000EE16F10409F4B1CF6FEF7FEFCB01970121
:1099A0000F2C000C440B550B0F94625449015A01C3
:1099B0005DCF103309F449CF9AE0E92EF12C89E903
:1099C000882E982CA82C89E1B82E50CF91110D9497
:1099D0004453803219F089508550C8F70895FB012F
:1099E000DC0102C005900D9241505040D8F7089517
:1099F000FB01DC010D900020E9F7119705900D9215
:109A00000020E1F70895FC010590061621F00020E2
:109A1000D9F7C00108953197CF010895FB01DC010A
:109A200005900D920020E1F70895DC01FB01415003
:109A3000504058F049F005900D920020C1F7E61B08
:109A4000F70B3197CF0108951C9205900020E9F79C
:109A5000F6CFFC0105900020E9F7809590958E0FD8
:109A60009F1F0895FB01DC014150504088F08D910B
:109A700081341CF08B350CF4805E659161341CF0F0
:109A80006B350CF4605E861B611171F3990B0895C0
:109A9000881BFCCFFB0155915523A9F0BF01DC01C8
:109AA0004D9145174111E1F759F4CD010590002082
:109AB00049F04D9140154111C9F3FB014111EFCF20
:109AC00081E090E001970895DC01FB014150504096
:109AD00058F049F001900D920020C1F7E61BF70BFA
:109AE0003197CF0108951C9201900020E9F7F6CF3D
:109AF0000F931F93CF93DF93CDB7DEB72E970FB69B
:109B0000F894DEBF0FBECDBF0E891F89888D998D59
:109B10002EE02C831A83098397FF02C080E090E82F
:109B200001979E838D83AE01445E5F4F6A8D7B8D6E
:109B3000CE0101960F94F14E4D815E8157FD0AC012
:109B40002F813885421753070CF49A01020F131F17
:109B5000F80110822E960FB6F894DEBF0FBECDBF6F
:109B6000DF91CF911F910F9108950F931F93CF9382
:109B7000DF93CDB7DEB72E970FB6F894DEBF0FBEDA
:109B8000CDBF0E891F898EE08C831A8309838FEFE6
:109B90009FE79E838D83AE01465E5F4F688D798D12
:109BA000CE0101960F94F14E2F813885020F131FBD
:109BB000F80110822E960FB6F894DEBF0FBECDBF0F
:109BC000DF91CF911F910F9108950F931F93CF9322
:109BD000DF93CDB7DEB72E970FB6F894DEBF0FBE7A
:109BE000CDBF8C01FA018EE08C831A83098377FF45
:109BF00002C060E070E8615071097E836D83A90145
:109C0000BF01CE0101960F94F14E4D815E8157FD4B
:109C10000AC02F813885421753070CF49A01020FAE
:109C2000131FF80110822E960FB6F894DEBF0FBEF8
:109C3000CDBFDF91CF911F910F9108950F94604E8A
:109C400008F481E00895E89409C097FB3EF49095EC
:109C50008095709561957F4F8F4F9F4F9923A9F005
:109C6000F92F96E9BB279395F69587957795679594
:109C7000B795F111F8CFFAF4BB0F11F460FF1BC0D8
:109C80006F5F7F4F8F4F9F4F16C0882311F096E96B
:109C900011C0772321F09EE8872F762F05C0662319
:109CA00071F096E8862F70E060E02AF09A95660FD2
:109CB000771F881FDAF7880F9695879597F908958B
:109CC000990F0008550FAA0BE0E8FEEF16161706CD
:109CD000E807F907C0F012161306E407F50798F035
:109CE000621B730B840B950B39F40A2661F0232B4E
:109CF000242B252B21F408950A2609F4A140A695CA
:109D00008FEF811D811D08950F94974E0D9402547D
:109D10000F94F45338F00F94FB5320F0952311F077
:109D20000D94EB530D94F15311240D9436540F946C
:109D3000135470F3959FC1F3950F50E0551F629F28
:109D4000F001729FBB27F00DB11D639FAA27F00D94
:109D5000B11DAA1F649F6627B00DA11D661F829FBB
:109D60002227B00DA11D621F739FB00DA11D621FA0
:109D7000839FA00D611D221F749F3327A00D611DBD
:109D8000231F849F600D211D822F762F6A2F11249F
:109D90009F5750409AF0F1F088234AF0EE0FFF1FD2
:109DA000BB1F661F771F881F91505040A9F79E3F29
:109DB000510580F00D94EB530D9436545F3FE4F35E
:109DC000983ED4F3869577956795B795F795E7957F
:109DD0009F5FC1F7FE2B880F911D9695879597F988
:109DE00008952F923F924F925F926F927F928F923F
:109DF0009F92AF92BF92CF92DF92EF92FF920F931A
:109E00001F93CF93DF9300D000D000D01F921F92FA
:109E1000CDB7DEB77C013B018A01FC0117821682B7
:109E2000838181FFDDC1CE0101965C01F701938141
:109E3000F30193FD859193FF81913F01882309F4FC
:109E400053C1853239F493FD859193FF81913F0190
:109E5000853229F4B70190E00F945D53E7CF912C40
:109E6000212C312CFFE1F31538F08B3211F190F4F5
:109E7000803209F1833229F137FC3CC020ED280FF4
:109E80002A3050F536FE20C08AE0989E200D11241D
:109E9000922E06C08D3291F0803371F7689430F8BD
:109EA000F30193FD859193FF81913F018111DACFF9
:109EB00021C0689431F8689432F8F2CF689433F88E
:109EC000EFCF689434F8ECCFEAE02E9E200D1124F9
:109ED000222E689435F8E4CF8E3229F436FC04C182
:109EE000689436F8DDCF8C3619F4689437F8D8CFFB
:109EF0008836B1F2982F9F7D95549330E0F08336E9
:109F0000A1F18337C1F1833509F063C02801F2E084
:109F10004F0E511CF801C080D180692D70E036FCD5
:109F200002C06FEF7FEFC6010F9447534C01689456
:109F300037F882010AC00C5F1F4FFFE3F9838824C2
:109F40008394912C6501E89437F833FE2DC0522C90
:109F50008114910471F5552009F468CFB70180E2AE
:109F600090E00F945D535A94F6CFF8018081898375
:109F70000E5F1F4FE4CF2801F2E04F0E511CF80195
:109F8000C080D180692D70E036FC02C06FEF7FEF9A
:109F9000C6010F9452534C018201D5CFB70180E224
:109FA00090E00F945D532A942814190409F0B0F737
:109FB000CECFF60137FC859137FE81916F01B70155
:109FC00090E00F945D5351105A94F1E08F1A91086C
:109FD000BFCF843619F0893609F077C0F80137FE13
:109FE0006BC060817181828193810C5F1F4FF32D63
:109FF000FF763F2E97FF09C09095809570956195EB
:10A000007F4F8F4F9F4F689437F82AE030E0A501CB
:10A010000F948D53C82ECA188C2C432C36FE0CC0BE
:10A02000E89440F8C91440F434FE05C032FC03C083
:10A03000F32DFE7E4F2E892C44FEAAC0FE01EC0DAE
:10A04000F11D8081803309F09CC0242D297E422E91
:10A05000842D8870582E43FCAAC040FEA4C09C2CBE
:10A06000821418F42C0C922C981844FEA6C0B70148
:10A0700080E390E00F945D5342FE09C088E790E0D2
:10A0800041FE02C088E590E0B7010F945D53C9140A
:10A0900008F49FC0CA94D12C9FEFC91AD90ACA0CE0
:10A0A000DB1CF60182916F01B70190E00F945D53C4
:10A0B000AC14BD04B1F74FCF60817181072E000C45
:10A0C000880B990B0E5F1F4F92CFD32CE894D4F8D6
:10A0D0002AE030E08537E1F1232D297FD22E8F361B
:10A0E000A9F1F0F4883551F1F701868197812B961B
:10A0F0000FB6F894DEBF0FBECDBFDF91CF911F9199
:10A100000F91FF90EF90DF90CF90BF90AF909F9016
:10A110008F907F906F905F904F903F902F90089519
:10A12000803749F0883701F7D4FE02C06894D2F82E
:10A1300020E130E00DC06894D4F8F6CF34FE03C0BF
:10A14000822F8660D82E20E132E002C028E030E085
:10A15000F801D7FE0FC060817181828193810C5F0D
:10A160001F4FA5010F948D53C82ECA183D2CE8949B
:10A1700037F852CF6081718190E080E00E5F1F4F11
:10A18000F0CF42FC02C0839463CF8394839460CF6A
:10A19000842D867809F45CCFF6CFB70180E290E099
:10A1A0000F945D5383948214C0F3512C5ECF522CD4
:10A1B0005818821408F459CFF8CF842D867809F402
:10A1C00066CF8BE241FE80E247FC8DE2B70190E072
:10A1D0005CCFB70180E390E00F945D539A9457CF22
:10A1E0008FEF9FEF84CF8F929F92AF92BF92CF92CB
:10A1F000DF92EF92FF920F931F93CF93DF9300D0E4
:10A2000000D000D0CDB7DEB76A01F22EB02E102FED
:10A21000FBE3AF2EA01608F41BE31F5F012F27E01E
:10A22000AE014F5F5F4F0F946C52BC018981982F34
:10A230009970913009F44EC09BE2E1FC04C09E2D60
:10A240009170E0FC49C05E2D5071E82FE87083FFEB
:10A2500055C084E0911101C083E0EF2DE81B8F15FC
:10A2600008F0E0E0D6018E2F20E25523C9F19923B2
:10A2700029F0D6019C93C60101966C0196012D5FD1
:10A280003F4FE2FE33C08EE4D6018C9391E41196E9
:10A290009C93119712968C93D9018E2F90E2811185
:10A2A0002AC0E20FF32FF11D10828EEF9FEF299647
:10A2B0000FB6F894DEBF0FBECDBFDF91CF911F91D7
:10A2C0000F91FF90EF90DF90CF90BF90AF909F9055
:10A2D0008F9008959DE2B7CF90E2B5CF2D93815036
:10A2E0008111FCCFCE0ED11CE0E0C1CF8EE6D601AD
:10A2F0008C9391E6CCCF9D938150D1CF482F447061
:10A3000082FF3DC084E0911101C083E08F1510F4FD
:10A31000EF2DE81BD6018E2F20E2552309F199235A
:10A3200029F0D6019C93C60101966C0196012D5F20
:10A330003F4FE2FE1BC089E4D6018C938EE4119658
:10A340008C93119786E412968C93D9018E2F90E20C
:10A35000882309F4A6CF9D938150FACF2D93815085
:10A360008111FCCFCE0ED11CE0E0D9CF89E6D60119
:10A370008C938EE611968C93119786E6E4CF9B0121
:10A3800077FF02C030E020E0A1E0B0E0911102C010
:10A39000B0E0A0E0F9013196AE0FBF1F8B2C912CDD
:10A3A000BB2009F461C05401EFEFAE1ABE0AAA0D3A
:10A3B000BB1DFA161B0619F014F04F2D4A1B511144
:10A3C00088C0E3FC59C07601A42FB0E2A1114FC0B0
:10A3D000C40ED11C992309F45BC040E0D60111964C
:10A3E000F60190836D01552309F448C0012F060F33
:10A3F0009A81582F507184FF03C0913309F40150A2
:10A4000010160CF047C0093008F008E0EEE2FE2E0E
:10A410005B01A01AB10885019194819491082F3FA6
:10A42000320729F4D601FC92F60131966F016217CA
:10A43000730794F1021713077CF5DB01A21BB30B22
:10A44000AA24A394B12CAC0EBD1EAA0DBB1D11965F
:10A450008C9121503109D601119628153905F4F057
:10A46000F60180836D01DBCFB12CA12CA0CFF701C9
:10A47000B1937F01A150AACF9111B0CFD601942FF3
:10A4800050E302C05D9391509111FCCFC40ED11CDA
:10A4900040E0ACCF01E0BACF80E3DBCF62177307B7
:10A4A00031F4963388F4953311F4552369F0F601AD
:10A4B0008083FD01842F90E2811108C0A40FB11D9B
:10A4C0001C9290E080E0F3CE81E3F1CF9193815034
:10A4D000F3CF911183CF8ACF283008F027E03327BC
:10A4E000DA01990F311D87FD9160009661057105B4
:10A4F00039F432602E5F3D9330E32A95E1F70895F9
:10A500009F3F30F080387105610509F03C5F3C5F8A
:10A510003D93913008F08068911DDF93CF931F9396
:10A520000F93FF92EF92192F987F9695E92F9695AA
:10A530009695E90FFF27EB56FC4F99273327EE241A
:10A54000FF24A701E70105900894079428F4360F2B
:10A55000E71EF81E491F511D660F771F881F991FA0
:10A560000694A1F70590079428F4E70EF81E491FFA
:10A57000561FC11D770F881F991F661F0694A1F7EC
:10A580000590079428F4F80E491F561FC71FD11DC8
:10A59000880F991F661F771F0694A1F705900794EF
:10A5A00020F4490F561FC71FD81F990F661F771F2A
:10A5B000881F0694A9F784911095177041F0D695DD
:10A5C000C79557954795F794E7941A95C1F7EBE32C
:10A5D000F3E06894159015913591659195910590EA
:10A5E0007FE27395E118F10A430B560BC90BD009B2
:10A5F000C0F7E10CF11E431F561FC91FD01D7EF48A
:10A60000703311F48A95E6CFE894015030F0080FCA
:10A610000AF40027021708F4202F2395022F7A331B
:10A6200028F079E37D932A95E9F710C07D932A9568
:10A6300089F6069497956795379517951794E118BD
:10A64000F10A430B560BC90BD00998F023957E9164
:10A6500073957A3308F070E37C932013B8F77E91FA
:10A6600070617D9330F0839571E37D9370E32A955B
:10A67000E1F71124EF90FF900F911F91CF91DF919F
:10A68000992787FD90950895992788270895FC01BB
:10A690000590615070400110D8F7809590958E0F0D
:10A6A0009F1F0895FC016150704001900110D8F780
:10A6B000809590958E0F9F1F08950F931F93CF93B2
:10A6C000DF93182F092FEB018B8181FD09C01FEF4C
:10A6D0000FEF812F902FDF91CF911F910F91089550
:10A6E00082FF14C02E813F818C819D8128173907FC
:10A6F0003CF4E881F981CF01019699838883108326
:10A700008E819F8101969F838E83E3CFE885F985B3
:10A71000812F1995892BA1F3DACFFA01AA272830C6
:10A7200051F1203181F1E8946F936E7F6E5F7F4F1E
:10A730008F4F9F4FAF4FB1E03ED0B4E03CD0670F9A
:10A74000781F891F9A1FA11D680F791F8A1F911DED
:10A75000A11D6A0F711D811D911DA11D20D009F43D
:10A7600068943F912AE0269F11243019305D31937F
:10A77000DEF6CF010895462F4770405D4193B3E068
:10A780000FD0C9F7F6CF462F4F70405D4A3318F00F
:10A79000495D31FD4052419302D0A9F7EACFB4E0C0
:10A7A000A6959795879577956795BA95C9F7009778
:10A7B0006105710508959B01AC010A2E0694579519
:10A7C000479537952795BA95C9F7620F731F841F70
:10A7D000951FA01D089597F99F6780E870E060E0DD
:10A7E00008959FEF80EC089500240A94161617062A
:10A7F00018060906089500240A9412161306140672
:10A8000005060895092E0394000C11F4882352F0D4
:10A81000BB0F40F4BF2B11F460FF04C06F5F7F4F8C
:10A820008F4F9F4F089557FD9058440F551F59F073
:10A830005F3F71F04795880F97FB991F61F09F3F2D
:10A8400079F087950895121613061406551FF2CF56
:10A850004695F1DF08C0161617061806991FF1CFA6
:10A8600086957105610508940895E894BB276627CD
:10A870007727CB0197F90895F999FECF92BD81BD55
:10A88000F89A992780B50895262FF999FECF1FBA17
:10A8900092BD81BD20BD0FB6F894FA9AF99A0FBE09
:10A8A00001960895DB018F939F930F94A354BF915A
:10A8B000AF91A29F800D911DA39F900DB29F900D0F
:10A8C00011240895A1E21A2EAA1BBB1BFD010DC085
:10A8D000AA1FBB1FEE1FFF1FA217B307E407F50750
:10A8E00020F0A21BB30BE40BF50B661F771F881F2C
:10A8F000991F1A9469F760957095809590959B01C2
:10A90000AC01BD01CF010895052E97FB1EF4009404
:10A910000F949B5457FD07D00F94625407FC03D04B
:10A920004EF40D949B5450954095309521953F4F92
:10A930004F4F5F4F089590958095709561957F4F2B
:10A940008F4F9F4F08950F94B654A59F900DB49FBD
:10A95000900DA49F800D911D11240895B7FF0D94B3
:10A96000A3540F94A354821B930B0895A29FB0018C
:10A97000B39FC001A39F700D811D1124911DB29F33
:10A98000700D811D1124911D0895991B79E004C05B
:10A99000991F961708F0961B881F7A95C9F780951E
:10A9A0000895AA1BBB1B51E107C0AA1FBB1FA61716
:10A9B000B70710F0A61BB70B881F991F5A95A9F768
:10A9C00080959095BC01CD01089597FB072E16F454
:10A9D000009407D077FD09D00F94D15407FC05D01F
:10A9E0003EF4909581959F4F0895709561957F4FA6
:10A9F0000895EE0FFF1F881F8BBF0790F691E02D83
:10AA000019940F94B654B7FF0895821B930B0895C1
:10AA10005058BB27AA270F9420550D9402540F9429
:10AA2000F45338F00F94FB5320F039F49F3F19F49E
:10AA300026F40D94F1530EF4E095E7FB0D94EB53DF
:10AA4000E92F0F94135458F3BA176207730784075A
:10AA5000950720F079F4A6F50D9435540EF4E095A1
:10AA60000B2EBA2FA02D0B01B90190010C01CA01C8
:10AA7000A0011124FF27591B99F0593F50F4503E73
:10AA800068F11A16F040A22F232F342F4427585F65
:10AA9000F3CF469537952795A795F0405395C9F77D
:10AAA0007EF41F16BA0B620B730B840BBAF0915035
:10AAB000A1F0FF0FBB1F661F771F881FC2F70EC0D4
:10AAC000BA0F621F731F841F48F4879577956795A7
:10AAD000B795F7959E3F08F0B0CF9395880F08F093
:10AAE0009927EE0F9795879508950F94F45360F08A
:10AAF00080E891E009F49EEF0F94FB5328F040E8C2
:10AB000051E071F45EEF0CC00D94F1530D94355487
:10AB1000E92FE0780F94135440F3092E052AB1F37E
:10AB2000261737074807590738F00E2E07F8E02593
:10AB300069F0E025E0640AC0EF6307F8009407FAC3
:10AB4000DB01B9019D01DC01CA01AD01EF930F9456
:10AB50001A560F9402540F94B8555F91552339F04B
:10AB60002BED3FE049E450FD49EC0D940955089563
:10AB7000DF93DD27B92FBF7740E85FE3161617068E
:10AB800048075B0718F4D92F0F946E579F938F9344
:10AB90007F936F930F94F757E4EEF0E00F94EB562A
:10ABA0000F9402542F913F914F915F910F94974EC4
:10ABB000DD2351F09058A2EA2AED3FE049EC5FE333
:10ABC000D0785D270F942055DF910D9402540F9497
:10ABD000515790F09F3748F4911116F40D94365464
:10ABE00060E070E080E89FE3089526F01B16611D89
:10ABF000711D811D0D94C2560D94DD560F9414578E
:10AC0000E3950D943D570F9417560D9402540F94ED
:10AC1000FB5358F00F94F45340F029F45F3F29F0B0
:10AC20000D94EB5351110D9436540D94F1530F9430
:10AC3000135468F39923B1F3552391F3951B550BE6
:10AC4000BB27AA2762177307840738F09F5F5F4FFF
:10AC5000220F331F441FAA1FA9F335D00E2E3AF03E
:10AC6000E0E832D091505040E695001CCAF72BD056
:10AC7000FE2F29D0660F771F881FBB1F26173707A7
:10AC80004807AB07B0E809F0BB0B802DBF01FF27D9
:10AC900093585F4F3AF09E3F510578F00D94EB5377
:10ACA0000D9436545F3FE4F3983ED4F38695779540
:10ACB0006795B795F7959F5FC9F7880F911D969592
:10ACC000879597F90895E1E0660F771F881FBB1FEE
:10ACD000621773078407BA0720F0621B730B840B9B
:10ACE000BA0BEE1F88F7E09508950F947C56689490
:10ACF000B1110D94365408950F941B5488F09F574A
:10AD000098F0B92F9927B751B0F0E1F0660F771F8F
:10AD1000881F991F1AF0BA95C9F714C0B13091F085
:10AD20000F943554B1E008950D943554672F782F62
:10AD30008827B85F39F0B93FCCF38695779567954A
:10AD4000B395D9F73EF490958095709561957F4FB6
:10AD50008F4F9F4F08950F94515790F09F3748F4AD
:10AD6000911116F00D94365460E070E080E89FEB8E
:10AD7000089526F41B16611D711D811D0D94C25688
:10AD80000D94DD56882371F4772321F09850872B9A
:10AD9000762F07C0662311F499270DC09051862B9A
:10ADA00070E060E02AF09A95660F771F881FDAF747
:10ADB000880F9695879597F908959F3F31F09150A8
:10ADC00020F4879577956795B795880F911D96958F
:10ADD000879597F90895DF93CF931F930F93FF9271
:10ADE000EF92DF927B018C01689406C0DA2EEF01AE
:10ADF0000F94974EFE01E894A591259135914591C8
:10AE00005591A6F3EF010F942055FE019701A8017B
:10AE1000DA9469F7DF90EF90FF900F911F91CF9137
:10AE2000DF9108950D94F1530F941B54D8F3E894D7
:10AE3000E0E0BB279F57F0F02AED3FE049EC06C069
:10AE4000EE0FBB0F661F771F881F28F0B23A62070C
:10AE50007307840728F0B25A620B730B840BE395D7
:10AE60009A9572F7803830F49A95BB0F661F771F5A
:10AE7000881FD2F790480D94DF56EF93E0FF07C08C
:10AE8000A2EA2AED3FE049EC5FEB0F9420550F94C6
:10AE900002540F90039401FC9058E1E1F1E00D940D
:10AEA00007580F941B54A0F0BEE7B91788F4BB27CE
:10AEB0009F3860F41616B11D672F782F8827985F8A
:10AEC000F7CF869577956795B11D93959639C8F319
:10AED00008950F94604E08F48FEF08959B01AC0124
:10AEE00060E070E080E89FE30D9403560F941B54DC
:10AEF00058F19E5760F19851A0F0E9F0983020F594
:10AF0000092E9927660F771F881F991F0A94D1F77A
:10AF100012C0062E672F782F8827985F11F4000C37
:10AF200007C0993FB4F38695779567959395D9F7C0
:10AF3000611D711D811D3EF4909580957095619500
:10AF40007F4F8F4F9F4F089568940D9436540D9402
:10AF500035549F930F9414570F9007FCEE5F0D9498
:10AF60003D5719F416F40D94F1530D94DD560F94DA
:10AF70001B54B8F39923C9F3B6F39F57550B87FFBA
:10AF80000F9400580024A0E640EA9001805856959E
:10AF9000979528F4805C660F771F881F20F026178E
:10AFA0003707480730F4621B730B840B20293129C3
:10AFB0004A2BA69517940794202531254A2758F740
:10AFC000660F771F881F20F026173707480730F4D1
:10AFD000620B730B840B200D311D411DA09581F771
:10AFE000B901842F9158880F9695879508959B01F4
:10AFF000AC010D94844E0F94604E880B990B08950C
:10B0000091505040660F771F881FD2F708959F9385
:10B010008F937F936F93FF93EF939B01AC010F94FA
:10B02000844EEF91FF910F94EB562F913F914F91EA
:10B030005F910D94844E9111089581548A5108F4C2
:10B04000805E855A0895FB01DC0104C08D9101905A
:10B05000801921F441505040C8F7881B990B08957E
:10B06000FB01DC0102C001900D9241505040D8F725
:10B070000895FB01DC018D9181341CF08B350CF4BB
:10B08000805E619161341CF06B350CF4605E861B50
:10B09000611189F3990B0895FB01DC010D900020EB
:10B0A000E9F7119701900D920020E1F70895FC0156
:10B0B0008191861721F08823D9F799270895319730
:10B0C000CF010895FB01DC0101900D920020E1F712
:10B0D0000895FB01DC014150504030F08D9101900A
:10B0E000801919F40020B9F7881B990B0895FC0109
:10B0F00081E090E00190061609F4CF010020D1F71D
:10B10000019708950F931F93CF93DF93CDB7DEB7C9
:10B110002E970FB6F894DEBF0FBECDBF0E891F89E4
:10B1200086E08C831A8309838FEF9FE79E838D834C
:10B13000AE01465E5F4F688D798DCE0101960F940A
:10B14000F14E2F813885020F131FF80110822E96C1
:10B150000FB6F894DEBF0FBECDBFDF91CF911F9128
:10B160000F91089512E2CCECD2E200E006C0802FED
:10B17000FE010F94F9542196011DCD3CD10780E0CA
:08B180000807A9F7F894FFCFBE
:10B188000D025CFF79C4C0D40100026400FFFFFF18
:10B19800FF018001FF0601D200FA00CDCCCC3D00B2
:10B1A800FF3F0000FF3F00000000FF3F010000805C
:10B1B8003FAA00FFFF64004600960001000000005F
:10B1C80000000000000000000000809D4300009B7C
:10B1D800430000C8430000803F0000484364005516
:10B1E800558542FFFF0100000044000000000047B1
:10B1F8000048000000000000010101000048420072
:10B208000020410000204100004842000020410089
:10B2180000204158595A450000484200002041008A
:10B228000020410A05062E01000800200040008089
:10B23800000001000401563930002F504C52000024
:10B2480000004100000041000000400000C07F00F5
:10B2580000C07F0000C07FFF003C000100004040AC
:10B268000000344200000000000000000000000060
:10B278000000504100000000000000416400000090
:10B288006400000003000000640000006400000087
:10B298000300000003000000030000001E0000007F
:10B2A800000040410A005A000B0210000004100080
:10B2B8000006100000081000000A1000000C100022
:10B2C800002610000030100000321000003410007A
:10B2D800003A1000003E100000401000004410002A
:10B2E8000046100000481000004A1000004C1000F2
:10B2F800005410000056100000581000005C1000A8
:10B30800005E1000005F10000088100000000000C0
:10B318000000004842000048420000804000000051
:10B328004000000000207DFD7C407CBE7C257C9890
:10B338007B397B1C7BD07CE17BB0743375327525FF
:10B348007500256C7500203B2000256C64002042A8
:10B35800403A0050617573696E672E2E2E00544D69
:10B3680033442031305350726F5632205265616435
:10B37800790025642058202564205820256400542D
:10B388004D33442031305350726F56320044573792
:10B398002E342E390074696E796D616368696E6543
:10B3A8007333642E636F6D0058595A0055702044EA
:10B3B80069726563746F7279005049442054756EE0
:10B3C800652046696E6973686564005265717565C4
:10B3D80073746564204F6666736574204265796F7F
:10B3E8006E64204C696D69747300426567696E6E9E
:10B3F800696E67204732362E2E2048656174696E63
:10B408006700426567696E204D616E75616C204DFD
:10B41800657368004D6F76696E6720746F204E659E
:10B428007874204D65736820506F696E74004D6F95
:10B4380076656420646F776E20302E303235004D8B
:10B448006F76656420757020302E30323500486F75
:10B4580074656E6420504944205374617274656445
:10B4680000426564205049442053746172746564D5
:04B47800002F0000A1
:00000001FF
