:100000000C94BA1C0C94FA1C0C94FA1C0C94FA1C58
:100010000C94FA1C0C94FA1C0C94FA1C0C94FA1C08
:100020000C94FA1C0C94FA1C0C94FA1C0C94FA1CF8
:100030000C94FA1C0C94FA1C0C94FA1C0C94FA1CE8
:100040000C94FA1C0C94E6E30C94FA1C0C94FA1C25
:100050000C94FA1C0C9403D90C94FA1C0C94E0C672
:100060000C94FA1C0C949B3F0C94913F0C94FA1C3A
:100070000C94FA1C0C94FA1C0C94FA1C0C94FA1CA8
:100080000C94CB300C94FA1C0C94FA1C0C94FA1CB3
:100090000C94FA1C0C94FA1C0C94FA1C0C94FA1C88
:1000A0000C94FA1C0C94FA1C0C949D300C94FA1CC1
:1000B0000C94FA1C0C94FA1C0C94FA1C0C94FA1C68
:1000C0000C94FA1C0C94FA1C0C94FA1C0C949431A9
:1000D0000C945E310C94FA1C0C94FA1C0C94FA1CCF
:1000E0000C94FA1C084AD73B3BCE016E84BCBFFD82
:1000F000C12F3D6C74319ABD56833DDA3D00C77FF8
:1001000011BED9E4BB4C3E916BAAAABE0000008090
:100110003F05A84CCDB2D44EB93836A9020C50B91F
:10012000918688083CA6AAAA2ABE000000803F004B
:100130000C9451400D94AC190C9401B50C9458B624
:100140000C9431BA0D94992A0C94612E0C94B5C478
:100150000C9413320C9420C40C9457320D94B62F87
:100160000D94672A0C9435B40C94AF7C0D948719C8
:100170000D9474240D941B1A0C94E6790C94D87980
:100180000C9447400C94CA790C94D6C40D94E52481
:100190000C94392E0C9469400C941A400C94BB7C3E
:1001A0000C948CB60C94A37C0C94192E0C9435C52D
:1001B0000C945E400C9486C00C9463B30C9422BAE9
:1001C0000D94982F0C9487C00D9417190C94B27C41
:1001D0000C949E7C0D94B4240C9456400C94152ED3
:1001E0000C947CB60C94D52D0C94D2790C94B3C598
:1001F0000C946AB60C94ABB60C9498B50D94D119C6
:100200000C94F2C50D946B240C94AC7C0C94E579A1
:100210000C9444B60C94AB790C943F400C94FBB90D
:100220000C942C400C940B400C94C17C0C947140A9
:100230000C9416BA0D945C240C940ABA0C9497B6DC
:100240000D94401A0C94F32D0C94B87C0C944FB67A
:100250000C9404C00D943C190D9471240C94253217
:100260000C943C320C942C320C9433400C94E3B537
:100270000C941AC50C94B3790C9461B60C943B4061
:100280000C9437400C94E0790C94C92D0C943D2EBD
:100290000C9402B60C945F2E0C94D7B90C943432A3
:1002A0000D9456240C94C5C50C9462320C94A8B6D7
:1002B0000C9473B60D94292A0C94DC790C94A97CC7
:1002C0000C945D2E0C946A320C94CE790C94A57922
:1002D0000C9440320D94F6190C9443400C94CBB915
:1002E0000C94ACB50C94EA790C9404320D945F2410
:1002F0000C94A2B60C9445320D9468240C94A5B6C7
:100300000C9453B40C94A2B30C94D7B40C94303224
:100310000C94C4790D946E240D94B0180C943DC4C3
:100320000C944A320C94BA790C94D5310C94C0795F
:100330000C94BE7C0D94E1240D94522A0D946524F6
:100340000C94A67C0C94BDC60C944C400C946FB5D8
:100350000C94AF790C9486B60D94F2180C94CFB52A
:100360000C943B2E0C94B7790D9462240C94172EA8
:100370000C948AB60C9438320C944F320C94F52DB0
:100380000D9459240C94DC3F0D9423240C94B57CDB
:100390004E414E494E495459494E46CDCCCC3D0A6A
:1003A000D7233C17B7D13877CC2B329595E6241F4D
:1003B000B14F0A000020410000C84200401C462006
:1003C000BCBE4CCA1B0E5AAEC59D7400407A10F3D9
:1003D0005A00A0724E18090010A5D4E80000E87673
:1003E00048170000E40B54020000CA9A3B000000CA
:1003F000E1F505000080969800000040420F0000E3
:1004000000A08601000000102700000000E80300A3
:100410000000006400000000000A0000000000016D
:1004200000000000002C76D888DC674F0823DFC16D
:10043000DFAE59E1B1B796E5E3E453C63AE6519928
:100440007696E8E6C28426EB898C9B62ED407C6F51
:10045000FCEFBC9C9F40F2BAA56FA5F490055A2A08
:10046000F75C936B6CF9676DC11BFCE0E40D47FE14
:10047000F520E6B500D0ED902E0300943577050009
:1004800080841E080000204E0A000000C80C333390
:1004900033330F986E12831141EF8D2114893BE69F
:1004A0005516CFFEE6DB18D1844B381BF77C1D9028
:1004B0001DA4BBE424203284725E228100C9F12491
:1004C000ECA1E53D27434F4D4D554E49434154491D
:1004D0004F4E0044525952554E004552524F5253BE
:1004E00000494E464F004543484F004572726F72B7
:1004F0002077726974696E6720746F204545505289
:100500004F4D210A0053544F505045442E20005067
:1005100072696E7465722073746F707065642064A4
:10052000756520746F206572726F72732E20466934
:100530007820746865206572726F7220616E642025
:10054000757365204D39393920746F207265737465
:100550006172742E202854656D70657261747572B5
:10056000652069732072657365742E20536574204D
:100570006974206166746572207265737461727447
:10058000696E67290A004E6F20436865636B737557
:100590006D2077697468206C696E65206E756D6278
:1005A00065722C204C617374204C696E653A200092
:1005B0004E6F20436865636B73756D20776974684F
:1005C000206C696E65206E756D6265722C204C61C1
:1005D0007374204C696E653A2000636865636B73C1
:1005E000756D206D69736D617463682C204C617347
:1005F00074204C696E653A20004C696E65204E751A
:100600006D626572206973206E6F74204C61737423
:10061000204C696E65204E756D6265722B312C2001
:100620004C617374204C696E653A20004D31313055
:100630000053657269616C20737461747573206D09
:1006400069736D617463680A00776169740A0053A5
:10065000442072656164206572726F720A00746F63
:100660006F206D75636820696E61637469766520BB
:1006700074696D65202D2063757272656E742063D8
:100680006F6D6D616E643A20002121204B494C4C06
:10069000206361757365642062792000486F74651A
:1006A0006E642049646C652054696D656F757400D3
:1006B000486F74656E642049646C652054696D658B
:1006C0006F75740A003D3D6F6E46696C616D656EB5
:1006D0007452756E6F75743D3D0070617573650081
:1006E0004D363030002066696C616D656E745F72E6
:1006F000756E6F7574200066696C616D656E745FF0
:1007000072756E6F757420540046696C616D656E0C
:100710007452756E6F75742054004D313030305303
:1007200000627573793A2070617573656420666F35
:100730007220696E7075740A00627573793A207060
:10074000617573656420666F7220757365720A0047
:10075000627573793A2070726F63657373696E673F
:100760000A0025533A202553002A2A2A6B696C6C0B
:100770002A2A2A00706F7765726F6666004B494CB3
:100780004C45442E20005072696E74657220686179
:100790006C7465642E206B696C6C28292063616C15
:1007A0006C6564210A006563686F3A004572726F78
:1007B000723A0042696C696E656172204C657665BB
:1007C0006C696E6720477269643A0A002F2F616373
:1007D00074696F6E3A006E6F7469666963617469FB
:1007E0006F6E2000656E640073686F7700627574C9
:1007F000746F6E00486F74656E6420746F6F206351
:100800006F6C640A0053656E64204D31303820747B
:100810006F20726573756D650A00496E7365727439
:100820002066696C616D656E7420616E642073650D
:100830006E64204D3130380A00526568656174205D
:10084000446F6E6500526568656174696E672E2E2F
:100850002E00526568656174004865617465722098
:1008600054696D656F75740053656E64204D313049
:100870003820746F2068656174206E6F7A7A6C65B9
:100880000A004E6F7A7A6C65205061726B65640065
:1008900070617573656400506175736500576169B7
:1008A00074696E6720666F72206865617475702E5A
:1008B0000A004C656176696E6720473236003F5307
:1008C000706563696669656420582C5920636F6F91
:1008D0007264696E617465206F7574206F66206242
:1008E0006F756E64732E0A003F285229657065612A
:1008F000742076616C7565206E6F7420706C617504
:100900007369626C653B206D75737420626520614C
:1009100074206C6561737420312E0A003F285229BF
:100920006570656174206D757374206265207370E5
:1009300065636966696564207768656E206E6F74AB
:10094000207573696E6720616E204C43442E0A0047
:100950003F537065636966696564206E6F7A7A6C6F
:10096000652074656D7065726174757265206E6F57
:100970007420706C61757369626C652E0A003F5358
:1009800070656369666965642066696C616D656E32
:10099000742073697A65206E6F7420706C61757352
:1009A00069626C652E0A003F53706563696669650C
:1009B00064207072696D65206C656E677468206E66
:1009C0006F7420706C61757369626C652E0A003FEC
:1009D0005072696D65206C656E677468206D757303
:1009E0007420626520737065636966696564207749
:1009F00068656E206E6F74207573696E6720616E16
:100A0000204C43442E0A003F537065636966696554
:100A100064206E6F7A7A6C652073697A65206E6FD8
:100A20007420706C61757369626C652E0A003F52A8
:100A3000657472616374696F6E204D756C74697052
:100A40006C696572206D75737420626520737065C2
:100A50006369666965642E0A003F53706563696661
:100A60006965642052657472616374696F6E204DAC
:100A7000756C7469706C696572206E6F7420706C2F
:100A800061757369626C652E0A003F537065636916
:100A900066696564206C617965722068656967685C
:100AA00074206E6F7420706C61757369626C652E52
:100AB0000A0043292E0A003F537065636966696521
:100AC00064206265642074656D706572617475720E
:100AD00065206E6F7420706C61757369626C65203F
:100AE0002834302D00473236207374617274696E79
:100AF000672E2E2E0A004F46460A00466164652086
:100B00004865696768742000426564204C657665B5
:100B10006C696E6720004661696C656420746F20A3
:100B2000656E61626C6520426564204C6576656C1B
:100B3000696E670A00496E76616C6964206D657341
:100B4000682E0A0050726F62696E6720506F696E7E
:100B5000740025532025692F2569002E0A002F00D7
:100B600050726F62696E67206D65736820706F697F
:100B70006E742000202844525952554E29004732A5
:100B800039204175746F20426564204C6576656C30
:100B9000696E67003F20284C2C522C462C4229209D
:100BA0006F7574206F6620626F756E64732E0A0015
:100BB0003F2856296572626F7365206C6576656C97
:100BC00020696D706C61757369626C652028302DC9
:100BD00034292E0A00426164205A2076616C7565C2
:100BE0000A004E6F2062696C696E656172206772DF
:100BF00069640A0020440020204D32303020530028
:100C0000202844697361626C6564293A0046696C06
:100C1000616D656E742073657474696E677300200E
:100C2000204D3230312058004D617820416363659A
:100C30006C65726174696F6E2028756E6974732FAC
:100C40007332290020204D3230332058004D617816
:100C5000206665656472617465732028756E6974B9
:100C6000732F73290020520020204D323034205041
:100C700000416363656C65726174696F6E202875ED
:100C80006E6974732F7332292028503C7072696E1C
:100C9000742D616363656C3E20523C7265747261B1
:100CA00063742D616363656C3E20543C747261769D
:100CB000656C2D616363656C3E29002054002053F0
:100CC0000020204D323035204200416476616E6351
:100CD00065642028423C6D696E5F7365676D656E63
:100CE000745F74696D655F75733E20533C6D696E0A
:100CF0005F66656564726174653E20543C6D696E23
:100D00005F74726176656C5F666565647261746557
:100D10003E20583C6D61785F6A65726B3E20593C9D
:100D20006D61785F6A65726B3E205A3C6D61785FD9
:100D30006A65726B3E20453C6D61785F6A65726BD7
:100D40003E290020440020490020204D333031202E
:100D50005000486F74656E64205049440020440080
:100D600020490020204D333034205000426564205B
:100D7000504944003A200020536572766F200020CD
:100D80006F7574206F662072616E67650A00536527
:100D900072766F2000363726033C3D380E2E303EEB
:100DA000131A1C180A43090844000150726F746535
:100DB000637465642050696E0A003F43616E6E6F14
:100DC0007420777269746520746F20494E505554B1
:100DD0000A00496E76616C69642050696E204D6F1F
:100DE00064650A00203B0020550020204D3630333A
:100DF000204C0046696C616D656E74206C6F616497
:100E00002F756E6C6F6164004D323453256C6454E1
:100E1000256C64004739322E394525730047314629
:100E200025640047315A2573463630300047315823
:100E300025735925734633303030004D31303650EC
:100E40002569532569004D313039532569004D32EC
:100E50003030442573004739322E395A2573004DFE
:100E60003432305325635A25730047323852305894
:100E7000590047315A257346363030004739322EF3
:100E8000395A2573004739322E394530004D3130FB
:100E900039532569004D313930532569004D3432BD
:100EA00030205330205A30003D3D4F6E506F7765F3
:100EB000724C6F7373526573756D653D3D00203BD9
:100EC000200020204D343133205300506F7765725D
:100ED0002D6C6F7373207265636F76657279004F46
:100EE0004646004F4E00203B20486F7374206861D7
:100EF0006E646C696E672000203B204D6F64652036
:100F0000006D6D00203B2044697374616E63652041
:100F10000046696C616D656E742072756E6F7574D4
:100F200020003B200020496E76616C696420657862
:100F3000747275646572200047322F4733206261F6
:100F40006420706172616D65746572730A00536C20
:100F50006565702E2E2E005A2050726F62652050EB
:100F6000617374204265640A005A2050726F626592
:100F7000205061737420426564004732384C300061
:100F8000205A3A200020593A200042656420583AFD
:100F900020004D65736820706F696E74206F7574E2
:100FA000206F662072616E67650A004E6F204D6F7C
:100FB00076652E00456E642066696C65206C6973E9
:100FC000740A00426567696E2066696C65206C6909
:100FD00073740A004E6F206D656469610A00286EA3
:100FE0006F2066696C65290043757272656E7420A6
:100FF00066696C653A200043616E6E6F74206F7095
:10100000656E2073756264697220005072696E7437
:101010002074696D653A20006F6B006F666600E6AC
:1010200004E104DA04D304C50444454255473A00B8
:101030004D313133205300544D334420313053501F
:10104000726F5632204F46462E00434F4E46494758
:101050005F4558504F5254004D4541545041434B09
:1010600000434F4F4C45525F54454D5045524154FB
:10107000555245004348414D4245525F54454D50FD
:1010800045524154555245004241425953544550EE
:1010900050494E470041524353004D4F54494F4E23
:1010A0005F4D4F44455300544845524D414C5F50AD
:1010B000524F54454354494F4E00455854454E44B1
:1010C00045445F4D323000435553544F4D5F4649C0
:1010D000524D574152455F55504C4F4144004C468C
:1010E0004E5F5752495445004C4F4E475F46494C5E
:1010F000454E414D45004155544F5245504F525475
:101100005F53445F5354415455530053445F575207
:1011100049544500524550454154004D554C5449A1
:101120005F564F4C554D4500534443415244005087
:10113000524F4D50545F535550504F525400484FEA
:1011400053545F414354494F4E5F434F4D4D414EC1
:10115000445300454D455247454E43595F50415217
:1011600053455200434153455F4C494748545F4201
:1011700052494748544E45535300544F47474C45F6
:101180005F4C494748545300534F465457415245CA
:101190005F504F574552004255494C445F504552AD
:1011A00043454E54004C4556454C494E475F4441DB
:1011B0005441005A5F50524F42450052554E4F55D0
:1011C00054004155544F4C4556454C005052494EE1
:1011D000545F4A4F420050524F47524553530041CB
:1011E00055544F5245504F52545F54454D50004155
:1011F00055544F5245504F52545F504F5300564F25
:101200004C554D455452494300454550524F4D00B1
:1012100042494E4152595F46494C455F5452414EF6
:10122000534645520053455249414C5F584F4E5F1B
:10123000584F4646004649524D574152455F4E4130
:101240004D453A4D61726C696E204457372E342EED
:101250003720544D33442053534D444242202841BB
:10126000756720323220323032352031383A34320C
:101270003A33372920534F555243455F434F444536
:101280005F55524C3A68747470733A2F2F676974C3
:101290006875622E636F6D2F496E73616E69747924
:1012A0004175746F6D6174696F6E2F4D61726C69F9
:1012B0006E2F747265652F437265616C6974794431
:1012C00077696E5F322E302050524F544F434F4C4F
:1012D0005F56455253494F4E3A312E30204D4143CF
:1012E00048494E455F545950453A544D3344203196
:1012F000305350726F56322045585452554445521F
:101300005F434F554E543A3120555549443A636531
:101310006465326132662D343161322D34373438B0
:101320002D396231322D63353563363266333637C7
:101330006666002F2F005741524E494E4721204CE0
:101340006F77205A204A65726B206D6179206C6539
:10135000616420746F20756E77616E7465642070AF
:1013600061757365732E0A0020580020204D617846
:101370003A2000200020204D696E3A2000203B20BA
:101380000020204D323131205300536F66742065A8
:101390006E6473746F707300250A0046523A002021
:1013A000466C6F773A200050726F6265204F666618
:1013B000736574205A0050726F6265204F666673C1
:1013C0006574205A0064697300656E0043290A0041
:1013D00061626C656420286D696E2074656D702093
:1013E00000436F6C64206578747275646573206166
:1013F00072652000424C546F756368204853206D1D
:101400006F646520004D34323120696E636F7272F3
:1014100065637420706172616D65746572207573A7
:101420006167650A004D65736820706F696E74208E
:101430006F7574206F662072616E67650A0045459E
:1014400050524F4D204F4B0A00290A0020746F2044
:10145000003F5A206F7574206F662072616E676559
:10146000202800290A0020746F20003F59206F7542
:1014700074206F662072616E676520282D00290A2E
:101480000020746F20003F58206F7574206F662015
:1014900072616E676520282D002E0A002028302DED
:1014A000313029002076616C7565206F7574206F6E
:1014B000662072616E676500416476616E636520C7
:1014C0004B3D004D383400446F6E65207072696E7C
:1014D00074696E672066696C650A004D3737004D88
:1014E00033310020204D323036205800486F6D6572
:1014F000206F6666736574004F666673657473204B
:101500004170706C696564004572723A20546F6F67
:10151000206661722100546F6F20666172206672CE
:101520006F6D207265666572656E636520706F69A8
:101530006E740A004361703A00626567696E004D1F
:10154000302053746F70004D312053746F7000431E
:101550006C69636B20746F20526573756D652E2EF8
:101560002E00203B0020204D3835312058005A2DC8
:1015700050726F6265204F666673657400526573C2
:10158000756D696E67205344002569730025696D88
:1015900020256973002569682025696D20256973F8
:1015A00000256964202569682025696D20256973F7
:1015B0000025697920256964202569682025696DE1
:1015C00020256973000A53746174733A2046696C6C
:1015D000616D656E7420757365643A20002C204C33
:1015E0006F6E67657374206A6F623A2000546F747F
:1015F000616C2074696D653A200053746174733AAC
:1016000020002C204661696C65643A20002C20463D
:10161000696E69736865643A20005072696E74730C
:101620003A200053746174733A2000436F6F6C6901
:101630006E672E2E2E004531202553004265642012
:10164000436F6F6C696E672E2E2E004265642048D2
:10165000656174696E672E2E2E00504944204175D5
:10166000746F74756E6500206661696C6564212015
:10167000426164206865617465722069640A005083
:101680004944204175746F74756E65003D3D447723
:10169000696E20496E697420436F6D706C65746566
:1016A0003D3D0070012C0190012701B0012201C0D5
:1016B000011D01F00118011002130130020E01603A
:1016C00002090190020401C002FF000003FA004079
:1016D00003F5008003F000D003EB002004E6007067
:1016E00004E100E004DC004005D700C005D2004062
:1016F00006CD00D006C8008007C3003008BE00F049
:1017000008B900C009B400B00AAF00B00BAA00D0FD
:101710000CA500000EA000500F9B00C010960050BA
:1017200012910000148C00C0158700B0178200B021
:10173000197D00D01B7800001E730040206E0090C1
:10174000226900F024640040275F0090295A00E0DD
:101750002B5500102E500020304B0010324600E078
:1017600033410090353C001037370070383200A00C
:10177000392D00B03A2800A03B2300603C1E001029
:101780003D1900903D1400103E0F00703E0A00C04D
:101790003E0500003F0000403FFBFF803FF6FFC0DA
:1017A0003FF1FF00002100240027002A002D003017
:1017B00000330001010000040107010A01000022BA
:1017C00000250028002B002E00310034000201000B
:1017D00000050108010B010000200023002600295C
:1017E000002C002F00320000010000030106010957
:1017F0000105050505070508080808020202020A96
:101800000A080804040404010101010101010103A3
:1018100003030303030303040707070C0C0C0C0C5E
:101820000C0C0C0202020206060606060606060B51
:101830000B0B0B0B0B0B0B010210202008081020C8
:10184000401020408002010201080402010102044C
:10185000081020408080402010080402018004020B
:101860000180402010080402010804020101020462
:101870000810204080010204081020408000000A67
:101880000B02090C0D0E0807030401000000000004
:101890000000000000000000000000000000000048
:1018A0000000000000000000001211100000000005
:1018B0000000000000000000000000000000000028
:1018C0000000004B2600000A1A0000E10F0000EBA8
:1018D000080000C00400007402000040010000A1E4
:1018E00000000020746F6F206C6F6E672065787445
:1018F000727573696F6E2070726576656E7465645B
:101900000A0020636F6C6420657874727573696F68
:101910006E2070726576656E7465640A004D3235AE
:1019200020500A4D323400526573756D650055497B
:101930002050617573650043616E6E6F7420656E33
:10194000746572207375626469723A20004E6F206C
:101950004D61746368203A00436F6E7374726169FD
:101960006E206D65736856616C20006D65736856F6
:10197000616C200079506E74200078506E742000E5
:101980006D657368506F696E742000446973706C84
:1019900061794272696768746E6573732053657408
:1019A0003A2000446973706C6179427269676874A7
:1019B0006E657373204C43443A20004D32320A4D19
:1019C0003231005265667265736800506755700069
:1019D0005067446F776E0049732046696C6520003C
:1019E0004973204469722000476F55704469720042
:1019F000486173204D656469610046696C656E617C
:101A00006D652053656C6563746564004D313030DD
:101A10003043004D31303030002046696C616D65D7
:101A20006E7420526573706F6E7365204E6F005236
:101A30006573756D652059657320647572696E678D
:101A4000207072696E74000A204E6F2046696C61C6
:101A50006D656E7400496E76616C6964204F7074B8
:101A6000696F6E004D3530300053746F72652053CE
:101A7000657474696E6773004D3939390A4D3238AF
:101A80003050305331363000424C546F756368200B
:101A90005265736574004D3530320A4D3530300073
:101AA000496E697420454550524F4D004D353030D8
:101AB0000053746F72652053657474696E677300A8
:101AC000496E4C616E6743686F696365000A202A3E
:101AD0002A2A7265636461742E646174615B305D8F
:101AE000203D004732380A4731204631303030201F
:101AF0005A313000556E737570706F727465642062
:101B00004F7074696F6E2053656C65637465640013
:101B10004D36303553300A47323858004D3630355F
:101B200053310A54300A4732380A4D363035533271
:101B30000A473238580A473158300A4D3630355343
:101B400033004D36303553310A54300A4732380AA3
:101B50004D36303553320A473238580A47315830FB
:101B6000004D36303553310A473238580A4731581C
:101B700030004D32313153300A4739310A47315A3A
:101B8000302E3032350A4739300A4D323131533137
:101B9000004D32313153300A4739310A47315A2D1D
:101BA000302E3032350A4739300A4D323131533117
:101BB0000047323953320047323953310047323609
:101BC00052323535004D3139305335350A473238C8
:101BD0000A4732390A4D3430300A4D3130345332ED
:101BE00031350A4732380A4D313039533231350AEE
:101BF0004D34323053310A47315831303059313059
:101C00003046353030300A47315A300A4D353030A1
:101C10000A4D31313720536574205A204F66667360
:101C20006574004731204631303030205A302E3034
:101C3000004732380A4731204631303030205A30A0
:101C40002E30005A204F6666736574203A20257343
:101C5000005A204F6666736574203A20257300474A
:101C600032385A0A473146313530305A302E30003A
:101C70004732380A473146313530305A302E30003D
:101C8000426564204C6576656C204F7074696F6E98
:101C9000200052657475726E203A20004D38340071
:101CA000473146313030305A302E30004732380A12
:101CB000473146313030305A302E30004D616E752C
:101CC000616C53657454656D70005A204F6666737D
:101CD0006574203A20257300526F756E64696E67D3
:101CE00020746F207374657000526571756573742C
:101CF0006564204F6666736574200053746F7020AE
:101D00005472696767657265640053746F70204E22
:101D10006F0053746F705072696E740048616E6426
:101D20006C6520446174612041646A75737420326B
:101D30002053657474696E672053637265656E2005
:101D40000048616E646C6520446174612050726962
:101D50006E7446696C6520332053657474696E67D0
:101D60002053637265656E200048616E646C652067
:101D700044617461205072696E7446696C652032EA
:101D80002053657474696E672053637265656E20B5
:101D9000004D38340048616E646C652044617461A4
:101DA000205072696E7446696C6520506F737400C0
:101DB00048616E646C652044617461205072696E84
:101DC0007446696C652050726500426567696E53A0
:101DD0007769746368003D3D20436865636B6B659C
:101DE000793D3D007265636461742E6164647220A4
:101DF0003D3D007265636461742E646174615B30A3
:101E00005D203D3D0070726F6D70745F00626567AC
:101E1000696E0044697361626C6552756E6F7574AA
:101E20000050757267654D6F72650050617573651E
:101E30006400436F6E74696E7565004C6F61642059
:101E400046696C616D656E742054004C6F6164204E
:101E500046696C616D656E7400496E7365727420BD
:101E600066696C616D656E7420616E642073656E69
:101E700064204D3130380A00726573756D656400F9
:101E80004469736D69737300526573756D696E672C
:101E90000050726F62696E67204661696C65640A02
:101EA0000050726F62696E67204661696C656400FC
:101EB000205A3A200020593A200042656420583ABE
:101EC0002000204500205A0020590020204D3932A2
:101ED00020580053746570732070657220756E69A8
:101EE0007400220A00556E6B6E6F776E20636F6D03
:101EF0006D616E643A2022002042002050006F6B1A
:101F00000020453A00205A3A0020593A00583A0039
:101F10006F6B0A00526573656E643A20006E6F74D1
:101F2000696669636174696F6E2000544D334420A3
:101F300031305350726F56322052656164792E00F1
:101F40005072696E74696E672E2E2E005072696E23
:101F5000742050617573656400524553554D45209A
:101F60004F5054494F4E533A0048656174696E674B
:101F70002E2E2E000000436C69636B20746F206866
:101F8000656174000000526573756D696E672E2E71
:101F90002E00000050757267696E672E2E2E0000AD
:101FA000004C6F6164696E672E2E2E000000496E32
:101FB0007365727420616E6420436C69636B00000A
:101FC00000436C69636B20746F20636F6E74696E7D
:101FD0007565000000456A656374696E672E2E2E74
:101FE000000000506C6561736520776169742E2E66
:101FF0002E0000005061726B696E672E2E2E00005D
:102000000050617573654D73673D00454550524FF3
:102010004D206461746173697A65206572726F72B4
:102020002E0A0053657474696E6720566F6C756D67
:1020300065204F6E203A200053657474696E6720E6
:102040005374616E646279204F6E203A20005365AC
:102050007474696E6720566F6C756D65203A200048
:1020600053657474696E6720526F746174696F6E22
:10207000203A200053657474696E67205374616E52
:102080006462792054696D65203A20005365747448
:10209000696E67205374616E646279203A20005340
:1020A000657474696E67204272696768746E6573DF
:1020B00073203A20004C6F6164696E672044574971
:1020C0004E204C43442073657474696E67206672B9
:1020D0006F6D20454550524F4D0A0044697363614E
:1020E0007264696E67204457494E204C4344207304
:1020F000657474696E672066726F6D204545505235
:102100004F4D202D2073657474696E67732076655A
:102110007273696F6E20696E636F72726563740AA1
:102120000044697363617264696E67204457494E65
:10213000204C43442073657474696E672066726F27
:102140006D20454550524F4D202D2073697A6520F2
:10215000696E636F72726563740A0053746F72659F
:10216000642073657474696E677320726574726934
:102170006576656400290A002062797465733B20E6
:1021800063726320002073746F72656420736574DA
:1021900074696E6773207265747269657665642010
:1021A0002800454550524F4D2043524320457272FE
:1021B0006F7200202863616C63756C6174656429BB
:1021C000210A0020213D2000454550524F4D20431B
:1021D0005243206D69736D61746368202D202873EC
:1021E000746F7265642920002053697A653A200073
:1021F000496E6465783A20000000FA430000FA4313
:102200000000204100008C420000A0420000A042DB
:102210000000C84300000C43EE020000EE02000084
:10222000640000003C000000454550524F4D2056D0
:10223000657273696F6E204572726F7200204D6116
:10224000726C696E3D563837290A00454550524F29
:102250004D2076657273696F6E206D69736D617460
:1022600063682028454550524F4D3D0024F404D961
:10227000201BC40C5C0E9804C4095F026507710141
:10228000F405F900FB04B30048048700C1036900AA
:102290005803550003034500BE023A008402310092
:1022A00053022A002902250004022000E4011C0038
:1022B000C8011900AF011700980114008401130030
:1022C000710110006101100051010E0043010D0069
:1022D00036010B002B010B0020010B00150109003A
:1022E0000C01090003010800FB000800F3000800CE
:1022F000EB000700E4000600DE000600D800060040
:10230000D2000600CC000500C7000500C200050091
:10231000BD000400B9000400B5000400B1000400D1
:10232000AD000400A9000400A5000300A200030002
:102330009F0004009B00030098000300950002002A
:1023400093000300900003008D0002008B00030047
:102350008800020086000200840003008100020061
:102360007F0002007D0002007B0002007900020075
:102370007700010076000200740002007200010084
:10238000710002006F0002006D0001006C0002008D
:102390006A00010069000200670001006600010098
:1023A000650001006400020062000100610001009C
:1023B000600001005F0002005D0001005C000100A0
:1023C0005B0001005A0001005900010058000100A3
:1023D00057000100560001005500010054000100A3
:1023E00053000000530001005200010051000100A1
:1023F000500001004F0001004E0000004E0001009F
:102400004D0001004C0001004B0000004B0001009A
:102410004A00010049000100480000004800010096
:102420004700010046000000460001004500000092
:10243000450001004400010043000000430001008A
:102440004200000042000100410000004100010084
:10245000400001003F0000003F0001003E0000007E
:102460003E0001003D0000003D0001003C00000076
:102470003C0000003C0001003B0000003B0001006C
:102480003A0000003A000100390000003900010064
:10249000380000003800000038000100370000005C
:1024A0003700010036000000360000003600010051
:1024B0003500000035000000350001003400000048
:1024C000340000003400010033000000330000003D
:1024D0003300010032000000320000003200010031
:1024E0003100000031000000310001003000000028
:1024F00030000000300001002F0000002F0000001D
:102500002F0000002F0001002E0000002E00000010
:102510002E0001002D0000002D0000002D00000005
:102520002D0001002C0000002C0000002C000000F9
:102530002C0001002B0000002B0000002B000000ED
:102540002B0001002A0000002A0000002A000000E1
:102550002A000100290000002900000029000000D5
:1025600029000000290001002800000028000000C8
:1025700028000000280000002800010027000000BB
:1025800027000000270000002700000027000100AE
:1025900026000000260000002600000026000000A3
:1025A0002600010025000000250000002500000095
:1025B0002500000025000000250001002400000087
:1025C000240000002400000024000000240001007A
:1025D000230000002300000023000000230000006F
:1025E000230000002300000023000100220000005F
:1025F0002200000022000000220000002200000053
:102600002200010021000000210000002100000044
:102610002100000021000000210000002100010035
:10262000200000002000000020000000200000002A
:102630002000000020000000200000002000010019
:102640001F0000001F0000001F0000001F0000000E
:102650001F0000001F0000001F0001001E000000FE
:102660001E0000001E0000001E00000024F4D430F4
:1026700050C38E20C2A24017828B7011127A910D26
:10268000816CD90AA861E108C75866076151430601
:102690001E4B5D05C145A7041A411104093D98036D
:1026A000713931034036DB0265339102D430540274
:1026B000802E1D02632CEE01752AC501B028A001F1
:1026C000102781018F2564012B244B01E022340166
:1026D000AC211F018D200D01801FFC00841EED0028
:1026E000971DDF00B81CD200E61BC600201BBC00F3
:1026F000641AB200B219A8000A19A0006A18990059
:10270000D117910040178B00B516840031167E005A
:10271000B31579003A157300C7146F0058146A0096
:10272000EE1366008813630025135E00C7125B007A
:102730006C12570015125400C111510070114F0056
:1027400021114B00D61049008D104700461044005F
:1027500002104200C00F4000800F3E00420F3C00BC
:10276000060F3B00CB0E3800930E37005C0E350091
:10277000270E3400F30D3200C10D3100900D3000F2
:10278000600D2E00320D2D00050D2C00D90C2B00F4
:10279000AE0C2900850C29005C0C2700350C2700A5
:1027A0000E0C2600E80B2400C40B2400A00B230011
:1027B0007D0B23005A0B2100390B2100180B200040
:1027C000F80A1F00D90A1E00BB0A1E009D0A1D0040
:1027D000800A1D00630A1C00470A1B002C0A1B000C
:1027E000110A1A00F7091A00DD091900C4091900B5
:1027F000AB091900920917007B091800630917003B
:102800004C09160036091600200916000A091500A1
:10281000F5081500E0081400CC081400B8081400EE
:10282000A4081400900813007D0812006B08130020
:10283000580812004608120034081100230811003D
:102840001208110001081100F0071000E007100045
:10285000D0071000C0071000B0070F00A10710003C
:1028600091070E0083070F0074070F0065070E0025
:1028700057070E0049070E003B070D002E070E00FC
:1028800020070D0013070D0006070D00F9060C00C8
:10289000ED060D00E0060C00D4060C00C8060C0086
:1028A000BC060C00B0060C00A4060B0099060C0038
:1028B0008D060B0082060B0077060B006C060B00E2
:1028C00061060A0057060B004C060A0042060A0081
:1028D00038060A002E060A0024060A001A060A0014
:1028E0001006090007060A00FD050900F4050900A5
:1028F000EB050900E2050900D9050900D00509002A
:10290000C7050900BE050900B5050800AD050800AA
:10291000A50509009C050800940508008C05080021
:10292000840508007C050800740508006C05070094
:10293000650508005D050700560508004E050700FF
:102940004705070040050800380507003105070066
:102950002A050700230507001C05060016050700C9
:102960000F0507000805060002050700FB04060026
:10297000F5040700EE040600E8040600E204070080
:10298000DB040600D5040600CF040600C9040600D7
:10299000C3040600BD040600B7040600B104050028
:1029A000AC040600A6040600A00405009B04060073
:1029B00095040500900406008A04050085040500BE
:1029C000800406007A040500750405007004050003
:1029D0006B04050066040500610405005C04050045
:1029E00057040500520405004D0405004804050085
:1029F000430405003E0404003A04050035040500C4
:102A0000300404002C0405002704040023040500FE
:102A10001E0404001A040400160405001104040036
:102A20000D0404000904050004040400000404006B
:102A3000FC030400F8030400F4030400F0030400A2
:102A4000EC030400E8030400E4030400E0030400D2
:102A5000DC030400D8030400D4030400D003040002
:102A6000CC030400C8030300C503030020436F75B3
:102A70006E7420583A0023646566696E652044458B
:102A80004641554C545F0000626564004B64200071
:102A90004B6920004B7020005049442074756E69CA
:102AA0006E6720646F6E65002066696E6973686585
:102AB00064212050757420746865206C61737420E3
:102AC0004B702C204B6920616E64204B6420636F37
:102AD0006E7374616E74732066726F6D2062656CC4
:102AE0006F7720696E746F20436F6E6669677572C9
:102AF0006174696F6E2E680A0050494420417574F4
:102B00006F74756E6500206661696C656421207460
:102B1000696D656F75740A00504944204175746F82
:102B200074756E65004175746F74756E65206661AD
:102B3000696C6564212054696D656F75742E002081
:102B40006661696C6564212054656D70657261749D
:102B500075726520746F6F20686967680A00504954
:102B600044204175746F74756E650050494420436C
:102B700079636C65730025532025692F2569002032
:102B80004B643A2000204B693A2000204B703A20D9
:102B90000020436C617373696320504944200A002C
:102BA000204E6F206F76657273686F6F740A002015
:102BB00054753A2000204B753A2000206D61783A18
:102BC0002000206D696E3A200020643A20002062C7
:102BD0006961733A200048656174696E672E2E2E14
:102BE000002073746172740A005049442041757466
:102BF0006F74756E65004175746F74756E652066CF
:102C000061696C6564212054656D706572617475CD
:102C1000726520746F6F20686967682E0020666196
:102C2000696C6564212054656D706572617475729C
:102C30006520746F6F20686967680A0050494420F6
:102C40004175746F74756E650042656400453100AE
:102C50004500626564002C2073797374656D207380
:102C6000746F7070656421204865617465725F4996
:102C7000443A20004572723A204D415854454D5017
:102C8000004D415854454D50207472696767657214
:102C900065640048656174696E67204661696C65AA
:102CA000640048656174696E67206661696C65647B
:102CB000004D353234004D31313220536875746423
:102CC0006F776E001000C90210012C014001220133
:102CD00070011801B0010E01F00104015002FA0068
:102CE000B002F0003003E600D003DC009004D20014
:102CF0007005C800A006BE000008B400B009AA0014
:102D0000D00BA000600E960060118C0000158200B0
:102D100020197800C01D6E00A0226400B0275A0060
:102D2000902C500000314600E0343C001038320056
:102D3000903A2800603C1E00A03D1400803E0A002E
:102D4000203F00004572723A204D494E54454D5087
:102D5000004D494E54454D50207472696767657245
:102D6000656400544845524D414C2052554E4157E0
:102D7000415900546865726D616C2052756E6177BF
:102D8000617900202F002042403A0020403A002084
:102D9000573A0020573A00496E76616C69642065A5
:102DA000787472756465720A007C3C3E5E2B3D3F10
:102DB0002F5B5D3B2C2A225C0043616E6E6F74209A
:102DC0006F70656E2073756264697220004D656472
:102DD000696120496E6974204661696C0053442022
:102DE00063617264206F6B0A006F70656E526F6F63
:102DF00074206661696C65640A00766F6C756D6538
:102E00002E696E6974206661696C65640A004E6F94
:102E100020534420636172640A005344206361724A
:102E2000642072656C65617365640A000A4D323412
:102E3000004D3233202573002E0A006F70656E201E
:102E40006661696C65642C2046696C653A200046B1
:102E5000696C652073656C65637465640A00205352
:102E6000697A653A200046696C65206F70656E6509
:102E7000643A2000454E4420535542524F55544920
:102E80004E450A002220706F730022207061726527
:102E90006E743A2200535542524F5554494E4520C4
:102EA00043414C4C207461726765743A220053753B
:102EB0006263616C6C204F766572666C6F7700455B
:102EC00078636565646564206D617820535542526E
:102ED0004F5554494E452064657074683A002E0A77
:102EE0000044656C6574696F6E206661696C656429
:102EF0002C2046696C653A200046696C6520646543
:102F00006C657465643A004E6F742053442070728F
:102F1000696E74696E670A005344207072696E743A
:102F2000696E672062797465200057726974696EF2
:102F30006720746F2066696C653A2000667265735D
:102F40006800646F696E67002066696C653A2000EE
:102F50004E6F7720002F6175746F25632E670020F8
:102F600020506C616E6E657242756666657242795C
:102F70007465733A20002046726565204D656D6F5B
:102F800072793A200020436F6D70696C65643A2055
:102F900041756720323220323032350A00204C61D0
:102FA000737420557064617465643A203230323332
:102FB0002D30322D3033207C20417574686F723A89
:102FC0002054696E794D616368696E657333440A94
:102FD000004D61726C696E204457372E342E370ACB
:102FE0000020536F66747761726520526573657453
:102FF0000A00205761746368646F672052657365C7
:10300000740A002042726F776E206F7574205265CB
:103010007365740A002045787465726E616C205285
:10302000657365740A00506F77657255700A007396
:10303000746172740A004739310A47315A350A47B8
:1030400039300A4D38340A4D31303453300A4D315D
:1030500034305330004D31303031006572726F7250
:103060002077726974696E6720746F2066696C6579
:103070000A00446F6E6520736176696E6720666929
:103080006C652E0A004D323900456E6473746F70A2
:1030900073002553202563202563202563202563A5
:1030A00000205A3A0020593A0020583A00656E64D0
:1030B00073746F7073206869743A2000202D206447
:1030C00034200064333A2000202D20643220006434
:1030D000313A2000202D206C656E20005650207261
:1030E000656365697665643A200077616974776124
:1030F00079203D3D0020202A2A2A2A2A2A2A5254B1
:10310000535F48616E646C65446174612A2A2A2A9F
:103110002A2A2A2A20002A2A2A4E6F7A7A6C655493
:10312000656D705374617475735B325D203D003D55
:103130003D48656174696E6720446F6E6520436821
:10314000616E67652046696C616D656E743D3D001A
:103150002020737461727470726F6772657373206C
:10316000004D32320A4D3231003D3D77616974774E
:10317000617920353D3D003D3D7761697477617926
:1031800020343D3D003D3D7761697477617920339E
:103190003D3D003D3D7761697477617920313D3D6A
:1031A00000436F6E6669726D20436F6E74696E7551
:1031B0006500506175736553746174757300524591
:1031C00053554D45204F5054494F4E533A00486592
:1031D0006174696E672E2E2E000000436C69636B6C
:1031E00020746F2068656174000000526573756D0E
:1031F000696E672E2E2E00000050757267696E672B
:103200002E2E2E000000496E7365727420616E646C
:1032100020436C69636B000000436C69636B20742E
:103220006F20636F6E74696E7565000000456A6596
:103230006374696E672E2E2E000000506C656173FA
:103240006520776169742E2E2E0000005061726B2C
:10325000696E672E2E2E0000002A2A2A496E697494
:10326000696E672063617264206973204F4B2A2A5C
:103270002A003D3D6F6E5072696E7454696D6572BF
:1032800053746F707065643D3D003D3D6F6E5573C6
:103290006572436F6E6669726D52657175697265AC
:1032A000643D3D005061757365204D6F646520532A
:1032B0007461747573004C6F6164696E672E2E2E95
:1032C0000000003D3D6F6E466163746F7279526518
:1032D0007365743D3D00270A0A000027202700205F
:1032E00027002D0063616E63656C005072696E7417
:1032F0002041626F727465640055492041626F72AB
:1033000074656400726573756D65004D3234002A12
:103310002A2A43506C617920546F6E652A2A2A004C
:103320003D3D6F6E5072696E7454696D6572506187
:10333000757365643D3D00486F6D696E6720466139
:10334000696C65640050524553454E54004F5554C6
:10335000006F70656E00545249474745524544001E
:103360003A20004D4F54494F4E203A20004F4646D8
:103370000A003A200066696C616D656E74007A5FC0
:103380006D696E00795F6D696E00785F6D696E00C2
:103390005265706F7274696E6720656E6473746FC6
:1033A00070207374617475730A0020746F6F206CE1
:1033B0006F6E6720657874727573696F6E207072B6
:1033C0006576656E7465640A0020636F6C642065C1
:1033D0007874727573696F6E2070726576656E743D
:1033E00065640A00486F6D65202573204669727315
:1033F00074005761726E696E673A20486F6D696E2E
:10340000672042756D702044697669736F72203C45
:1034100020310A0002020400000000000000000049
:1034200000000000809D4300009B430000C8430053
:103430000000410000004100000040FFFFFF0000CD
:1034400000010000000100008000555555000000FB
:10345000400033333300AAAA2A0049922400000016
:103460002000C7711C0099991900D14517005555C6
:1034700015003BB113002449120011111100000086
:1034800010000F0F0F00E3380E0043790D00CCCC75
:103490000C00C3300C00E8A20B0064210B00AAAAA8
:1034A0000A00703D0A009DD80900427B0900922461
:1034B0000900DCD3080088880800104208000000DA
:1034C0000800F0C107008787070075500700711CCE
:1034D00007003EEB0600A1BC060069900600666688
:1034E0000600703E06006118060017F4050074D14E
:1034F00005005BB00500B2900500627205005555ED
:10350000050078390500B81E0500050505004EECDC
:10351000040087D40400A1BD040090A704004992D0
:103520000400C17D0400EE690400C7560400444451
:1035300004005C3204000821040041100400000073
:1035400004003FF00300F8E0030026D20300C3C3E9
:103550000300CCB503003AA803000A9B0300388E91
:103560000300C08103009F750300D0690300505E13
:1035700003001D53030034480300913D030033331F
:10358000030016290300381F030097150300300CB1
:103590000300030303000BFA020049F10200BAE83A
:1035A00002005CE002002DD802002DD0020059C8B4
:1035B0000200B0C0020031B90200DAB10200AAAACA
:1035C0000200A0A30200BC9C0200FA9502005C8FDE
:1035D0000200DF88020082820200457C020027761A
:1035E000020027700200436A02007C640200D05E81
:1035F00002003F590200C8530200FFFDFCFAF8F632
:10360000F4F2F0EEECEAE9E7E5E3E1E0DEDCDAD95A
:10361000D7D5D4D2D0CFCDCBCAC8C7C5C3C2C0BFFF
:10362000BDBCBAB9B7B6B4B3B2B0AFADACAAA9A875
:10363000A6A5A4A2A1A09E9D9C9A999897959493C3
:1036400092908F8E8D8B8A898887868483828180F1
:103650007F7E7D7B7A797877767574737271706FFF
:103660006E6D6C6B6A696867666564636261605FF2
:103670005E5D5C5B5A5958585756555453525150D9
:10368000504F4E4D4C4B4A4A4948474646454443A5
:10369000424241403F3E3E3D3C3B3B3A3938383761
:1036A000363535343332323130302F2E2E2D2C2B0F
:1036B0002B2A2929282727262525242323222121AF
:1036C00020201F1E1E1D1C1C1B1B1A191918181741
:1036D0001616151514131312121111100F0F0E0ECA
:1036E0000D0D0C0C0B0A0A09090808070706060548
:1036F000050404030302020100003D3D6F6E507299
:10370000696E7454696D6572537461727465643D59
:103710003D0053544F505045442E20005072696E66
:103720007465722073746F707065642064756520B1
:10373000746F206572726F72732E204669782074E0
:103740006865206572726F7220616E6420757365A2
:10375000204D39393920746F207265737461727429
:103760002E202854656D70657261747572652069CC
:10377000732072657365742E2053657420697420FC
:1037800061667465722072657374617274696E67C4
:10379000290A00206572726F72202D207265737481
:1037A0006172742077697468204D3939390A004292
:1037B0004C546F7563680021212053544F5020638F
:1037C000616C6C65642062656361757365206F660A
:1037D000200000809D4300009B430000C843000080
:1037E00000000000000000000000536176696E6771
:1037F000204457494E204C43442073657474696ECD
:10380000672066726F6D20454550524F4D0A003D4E
:103810003D6F6E53657474696E677353746F726530
:10382000643D3D0053657474696E67732053746F13
:1038300072656400290A002062797465733B206315
:103840007263200053657474696E67732053746FDC
:103850007265642028000A20696E6974207A70728B
:103860006F62655F7A6F6666736574203D20003D08
:103870003D6F6E436F6E66696775726174696F6ED6
:1038800053746F7265526561643D3D004545505209
:103890004F4D20496E697469616C697A65640A00EC
:1038A00048617264636F6465642044656661756C29
:1038B000742053657474696E6773204C6F6164651E
:1038C000640020286D6D2900203B204C6576656CD6
:1038D000696E67200020204D34323020530041753E
:1038E000746F20426564204C6576656C696E670074
:1038F00020204D393030204B004C696E65617220BC
:10390000416476616E63650046696C616D656E74D5
:103910002072756E6F75742073656E736F72002000
:103920004A002020473239205720490020204D31BD
:1039300034392043203B20556E69747320696E2012
:1039400043656C736975730A0054656D70657261C7
:103950007475726520556E6974730020204732318A
:10396000203B004C696E65617220556E697473006E
:10397000AE00E00011241FBECFEFD1E2DEBFCDBF0D
:1039800000E00CBF84B78093D01914BE0FB6F89432
:10399000A89580916000886180936000109260001B
:1039A0000FBE16E0A0E0B2E0E6E1F1E902E00BBFF5
:1039B00002C007900D92AE32B107D9F729E1AEE20D
:1039C000B6E001C01D92A03DB207E1F71CE1C9EBD2
:1039D000DCE100E006C021970109802FFE010F9471
:1039E000B844C83BD10780E00807A9F70F9481319C
:1039F0000D9479480C940000CF93DF93C0910A1383
:103A0000D0910B1381E0CE31D105E4F020E030E01D
:103A100040E05FE3609106137091071380910813F3
:103A2000909109130F94C1440F942D466C1B7D0B8C
:103A300077FF03C071956195710981E0633071056D
:103A40000CF080E0DF91CF910895CF93DF93DB01FD
:103A5000F9019C919130C1F0943080F094509C9386
:103A60008830D1F480819181009771F00197918322
:103A70008083480F591FEA01188206C08C3539F43B
:103A80009C5F9C93943041F4DF91CF9108958B33E8
:103A900039F781E08C93F8CF20813181B9016F5FD4
:103AA0007F4F71836083420F531FEA0188838081B7
:103AB00091818F3591056CF7E7CF0F931F9381E0CC
:103AC00000919315109194152091951530919615AC
:103AD00040918F15509190156091911570919215AC
:103AE000041715072607370708F480E01F910F9188
:103AF000089590E080E0089520914007833021F4FC
:103B000025FD0CC024FD0CC030E0A90102C0559574
:103B100047958A95E2F7CA018170089581E008957A
:103B200080E0089580915B0784FD0BC080915D0764
:103B300087FD07C090915E07937081E019F480E0E3
:103B4000089581E00895CF92DF92EF92FF92CF9394
:103B5000DF93EC01CC80DD80EE80FF8027E137EB46
:103B600041ED58EBC701B6010F94214787FD23C0F3
:103B700023E030E04BE953E4C701B6010F94DD3D8B
:103B80001816CCF0C880D980EA80FB8027E137EB9B
:103B900041ED58EBC701B6010F94214787FD0BC0DB
:103BA000C1E023E030E84DE953E4C701B6010F94CA
:103BB000DD3D18160CF4C0E08C2FDF91CF91FF9003
:103BC000EF90DF90CF900895682F70E090E080E054
:103BD0000F94E43D20919F193091A0194091A119B3
:103BE0005091A2190F94433E209197193091981942
:103BF0004091991950919A190F94C1440895682FD2
:103C000070E090E080E00F94E43D20919B193091AA
:103C10009C1940919D1950919E190F94433E2091FB
:103C200093193091941940919519509196190F94C8
:103C3000C14408952FEB280F2A3108F047C0E22F26
:103C4000F0E080915B0790915C07A0915D07B091D7
:103C50005E0704C0B695A795979587952A95D2F7E4
:103C600080FD02C081700895EF5BF84FE081EE2384
:103C700041F18091460D9091470DE80FF92FF11D0C
:103C8000808190ED980F9A3030F08E3251F481811E
:103C900080538A3098F4F0933107E093300781E045
:103CA00008958D3211F08B3249F4818190ED980F97
:103CB0009A3088F38E3211F48281EACFF0E0E0E0AE
:103CC000EACF1092310710923007E9CF80E00895D3
:103CD0000E941A1E882341F081E020913007309124
:103CE0003107232B09F480E0089580918A1981110E
:103CF0000EC020916802309169022150310981E0A3
:103D00004091361350913713421753070CF080E05F
:103D10000895269A2E9A08952F923F924F925F927D
:103D20006F927F928F929F92AF92BF92CF92DF92CB
:103D3000EF92FF920F931F93CF93DF93D62FC72F4E
:103D4000FC0180809180A280B380C501B40120E88D
:103D500031E541E050E00F942144C9016DE671E086
:103D60000F9490446B017C01C501B40120E13EE059
:103D700040E050E00F942144CA01B90128E130E04D
:103D800040E050E00F942144362E272E062F172FA7
:103D90008CE3482E512C612C712CC501B401A30178
:103DA00092010F942144B62EA72ECA01B901A30196
:103DB00092010F942144CB01C114D10479F1AF9247
:103DC000BF927F936F932F923F92FF92EF92DF9279
:103DD000CF9281EB95E19F938F93CF93DF930F94D5
:103DE000743D8DB79EB70E960FB6F8949EBF0FBE6A
:103DF0008DBF8D2F9C2FDF91CF911F910F91FF9041
:103E0000EF90DF90CF90BF90AF909F908F907F907A
:103E10006F905F904F903F902F900895E114F104C0
:103E2000C9F0AF92BF927F936F932F923F92FF9210
:103E3000EF9281EA95E19F938F93CF93DF930F9455
:103E4000743DEDB7FEB73C960FB6F894FEBF0FBEBB
:103E5000EDBFCFCF012BB9F0AF92BF927F936F939D
:103E60002F923F9285E995E19F938F93CF93DF93B4
:103E70000F94743D8DB79EB70A960FB6F8949EBF07
:103E80000FBE8DBFB6CF892BA9F0AF92BF927F93A3
:103E90006F938DE895E19F938F93CF93DF930F946A
:103EA000743DEDB7FEB738960FB6F894FEBF0FBE5F
:103EB000EDBF9FCFAF92BF9289E895E19F938F931B
:103EC000CF93DF930F94743D0F900F900F900F904E
:103ED0000F900F908ECFAB01BC0140939315509380
:103EE000941560939515709396158BEF96E10C944D
:103EF000C7CB0F931F93CF93DF9300D01F92CDB703
:103F0000DEB79C0104E81CE090E1ECE4FDE0D801A0
:103F100001900D929A95E1F7F9012081318142815A
:103F20005381F80160857185828593850F94C14422
:103F3000F801608771878287938780E090E0A0EA2C
:103F4000B0E489839A83AB83BC83CE0101960F943E
:103F500059050F900F900F900F90DF91CF911F9107
:103F60000F9108952F923F924F925F926F927F929E
:103F70008F929F92AF92BF92CF92DF92EF92FF9279
:103F80001F93CF93DF93CDB7DEB72C970FB6F8947E
:103F9000DEBF0FBECDBF7A011901DC012D913D912D
:103FA0004D915C912D833E834F835887FB01408068
:103FB00051806280738080904C0D90904D0DA09048
:103FC0004E0DB0904F0DA50194016D817E818F81C2
:103FD00098850F94DD3D81110EC011E0A30192017F
:103FE0006091500D7091510D8091520D9091530D33
:103FF0000F94DD3D811110E0D1012D913D914D9146
:104000005C9129873A874B875C87F701C080D18014
:10401000E280F38020910202309103024091040279
:1040200050910502C701B6010F94DD3D882309F4C4
:104030004EC0C0920202D0920302E0920402F092BB
:1040400005028091580D9091590DA0915A0DB09193
:104050005B0D4091500D5091510D6091520D70913A
:10406000530D8092840C9092850CA092860CB09295
:10407000870C4093880C5093890C60938A0C709342
:104080008B0CC0928C0CD0928D0CE0928E0CF09226
:104090008F0C8093900C9093910CA093920CB09302
:1040A000930C20E030E040E05FE36091250D7091DB
:1040B000260D8091270D9091280D0F94433E698322
:1040C0007A838B839C83CE0101960F9459052D81B1
:1040D0003E814F8158852093840C3093850C40930A
:1040E000860C5093870C4092880C5092890C6092F9
:1040F0008A0C70928B0CD1012D913D914D915C9168
:104100006091900C7091910C8091920C9091930C15
:104110000F94C1446093900C7093910C8093920C17
:104120009093930C11112FC020E030E0A901698514
:104130007A858B859C850F94DD3D811133C060E0CD
:1041400070E088EC92E469837A838B839C83CE0150
:1041500001960F9459052C960FB6F894DEBF0FBE4A
:10416000CDBFDF91CF911F91FF90EF90DF90CF9067
:10417000BF90AF909F908F907F906F905F904F9087
:104180003F902F9008952AEF3EE74AE25FE3609167
:10419000290D70912A0D80912B0D90912C0D0F946B
:1041A000433ED1CF60E070E080EA91E4CCCFCF9382
:1041B000DF9300D01F92CDB7DEB780E090E0A0EA99
:1041C000B0E489839A83AB83BC8361E0CE0101961E
:1041D0000F94E3060F900F900F900F90DF91CF9107
:1041E0000895AF92BF92CF92DF92EF92FF920F931A
:1041F0001F93CF935C016B018A018A53994F7C0115
:10420000DC01CC91C7FF3DC0FB0111821082CF5F62
:10421000D701CC93CC300CF053C08CE08A9DF001D8
:104220008B9DF00D1124CF018C0F911DC7FD9A9528
:104230002091A2132817190609F00CF441C0F601C9
:1042400020813181FC01EE0FFF1FE80FF91FE65AB4
:10425000FC4E81819281820F931FD80111969C930D
:104260008E93808187FF3DC061E08F77CF911F9152
:104270000F91FF90EF90DF90CF90BF90AF900C9494
:10428000869A8CE08A9DF0018B9DF00D1124CF0160
:104290008C0F911DC7FD9A952091A213281719061E
:1042A00009F00CF4B4CFFC01EE0FFF1FE80FF91F6B
:1042B000E65AFC4E808160E08F770E94869AA7CFF5
:1042C000F6018081918104968034FCE99F0710F407
:1042D00080E49CE9D80111969C938E938FEFF701AF
:1042E0008083CF911F910F91FF90EF90DF90CF903F
:1042F000BF90AF900895809130079091310700975B
:1043000031F04AE050E070E060E00D94F83B60E08E
:1043100070E0CB0108950F931F93CF93DF9300D0EC
:1043200000D01F921F92CDB7DEB78B01FC0123A5F1
:10433000211102C00E948A841D821E821F8218865B
:1043400020E030E040E05FE36091540D7091550D46
:104350008091560D9091570D0F94C14469837A83D3
:104360008B839C839E012B5F3F4FAE014F5F5F4F5E
:1043700060E57DE08CE49DE00E94B21F1D821E82FC
:104380001F82188620E030E040E05FE3F80160859E
:104390007185828593850F94C14469837A838B8369
:1043A0009C83B8016C5F7F4F9E012B5F3F4FAE0136
:1043B0004F5F5F4FC8010E94B21F28960FB6F89456
:1043C000DEBF0FBECDBFDF91CF911F910F9108953A
:1043D0008091300790913107009731F04AE050E02A
:1043E00070E060E00D94CA3A60E070E0CB0108959F
:1043F000CF93DF93EB010E94681E882319F00E947F
:10440000E821EB01CE01DF91CF9108950E94E821D0
:1044100097FD0CC00E94E8216F3F71058105910551
:1044200009F034F40E94E821862F089580E0089571
:104430008FEF0895CF93C62F0E94681E882319F02E
:10444000CF910C9406228C2FCF9108958091300744
:1044500090913107892B41F00E94062291E0811151
:1044600001C090E0892F089591E0FCCFCF93DF93B6
:10447000C82FD62F0E94681E882321F0DF91CF918C
:104480000C9426228C2F0E941A1E811101C08D2FA0
:10449000DF91CF9108950E94E821CB010895CF9339
:1044A000DF93EB010E94681E882321F0DF91CF91FA
:1044B0000C944B22CE01DF91CF9108950F931F935F
:1044C000CF938091300790913107009709F1FC015B
:1044D0008F01C1912C2F2F7DA1F0C53431F0C5364D
:1044E00021F0C83511F0C83799F7F801108270E053
:1044F00060E00F946C39F801C083CF911F910F9148
:10450000089570E060E0CF911F910F910D946C3988
:1045100060E070E0CB01F1CFCF92DF92EF92FF929B
:104520006A017B010E94681E882331F0FF90EF90A2
:10453000DF90CF900C945E22C701B601FF90EF9000
:10454000DF90CF90089580917018811103C081E0B1
:104550000F94400A80E008958F929F92AF92BF928D
:10456000CF92DF92EF92FF920F931F93CF93DF933F
:104570001092600710925F072FE320936407109258
:104580006307109262071092610710925B07109206
:104590005C0710925D0710925E079C01F901908103
:1045A0002F5F3F4F9032D1F39E34C9F4818190ED5B
:1045B000980F9A3020F08D3211F08B3281F43296C0
:1045C0009F012F5F3F4F808180538A3008F47BC06A
:1045D0009F012F5F3F4F8081803209F476C0F093B6
:1045E000470DE093460D8F010F5F1F4FC0816AE2B8
:1045F00070E0C8010F940F48009731F0FC0131972B
:1046000080818032E1F31182CD3429F0C43519F074
:10461000C73409F04BC0F80180810F5F1F4F803213
:10462000D1F380538A3008F041C0C093640730E072
:1046300020E04AE0DF011196429FC001439F900DA8
:1046400011249C01205331098081280F311D87FDE1
:104650003A95818190ED980F9A30C8F130936307B5
:10466000209362078E3261F4329690E04AE0DF01D7
:1046700031968C9150ED580F5A3058F19093610754
:10468000CD01DC0101964C914032D9F3CD3489F54E
:104690002E31310539F018F52731310519F02C315B
:1046A000310539F5B0936007A0935F07DF91CF9193
:1046B0001F910F91FF90EF90DF90CF90BF90AF9040
:1046C0009F908F900895F9017BCFF90181CFFD0173
:1046D000B1CF949F800D112490ED980FC8CF25374E
:1046E000310538F027373105E8F2203A83E0380702
:1046F000C9F2D091460D40E050E0BA0110E000E070
:10470000C12CD12C7601C394FD0131968C91882364
:1047100009F47FC08132E1F4CD34D1F42032310587
:10472000B9F440935B0750935C0760935D07709307
:104730005E07F0936007E0935F0763E270E0CF01EC
:104740000F940F48009709F4B1CFFC011082AECF4F
:1047500081548A3108F058C0DF019D91903291F068
:10476000A0EDA90FAA30E8F09E3271F49181905328
:104770009A30B8F00115110519F48F010150110993
:1047800090E013C0FD01E8CF9D3211F09B3291F70C
:104790009181A0EDA90FAA3020F09E3259F79281A5
:1047A000E6CF9E2F9D1B309759F3A82FB0E046010E
:1047B000570104C0880C991CAA1CBB1C8A95D2F70F
:1047C000482959296A297B29AF5BB84F9C9380817E
:1047D0008154DF018A3108F497CFDF01819188236A
:1047E00009F492CF90ED980F9A30B8F393ED980FAB
:1047F000923098F38B3289F3CD010196EC91E0323F
:1048000009F082CFDC01F8CF0115110501F78D0108
:10481000DECF1093600700935F0740935B075093D0
:104820005C0760935D0770935E0740CF81E08093E3
:1048300039130895FC0165917591859194910895BE
:1048400080917018882319F080E00F94400A80E06E
:1048500008959B01AC01485F5F4FBC016C5F7F4FC7
:104860000C94B21F2F923F924F925F926F927F9261
:104870008F929F92AF92BF92CF92DF92EF92FF9270
:104880000F931F93CF93DF93CDB7DEB7A6970FB6E5
:10489000F894DEBF0FBECDBF8C011B015A8749873C
:1048A00040904C0D50904D0D60904E0D70904F0DFE
:1048B0008090500D9090510DA090520DB090530DDE
:1048C000DB018D919D910D90BC91A02D8B8B9C8BCC
:1048D000AD8BBE8B9C01AD01C301B2010F94C044EE
:1048E0006B017C01D10114968D919D910D90BC912D
:1048F000A02D8F8B988FA98FBA8F9C01AD01C50118
:10490000B4010F94C0446B8F7C8F8D8F9E8FA985CF
:10491000BA858D919D910D90BC91A02D8B879C8720
:10492000AD87BE879C01AD01C301B2010F94C044A5
:104930006F8F78A389A39AA3A985BA8514968D91C0
:104940009D910D90BC91A02D8F87988BA98BBA8BD0
:104950009C01AD01C501B4010F94C0446BA37CA3BD
:104960008DA39EA3A7019601C701B6010F94433EF4
:104970006B017C012B8D3C8D4D8D5E8DCA01B90183
:104980000F94433E9B01AC01C701B6010F94C14493
:104990004B015C012B893C894D895E896B857C8547
:1049A0008D859E850F94C0442B013C012F89388D45
:1049B000498D5A8D6F85788989899A890F94C04469
:1049C0006B017C01A3019201C301B2010F94433E2C
:1049D0002B013C01A7019601C701B6010F94433E8C
:1049E0009B01AC01C301B2010F94C1440F946F4706
:1049F0006B017C012F8D38A149A15AA1CA01B901CF
:104A00000F94433E2B013C012BA13CA14DA15EA183
:104A1000CA01B9010F94433E9B01AC01C301B2012D
:104A20000F94C1449B01AC01C501B4010F9421470F
:104A30001816B4F520E030E0A901C701B6010F94C3
:104A4000214787FF2AC0C701B601905820E030E017
:104A500040EA50E40F942147181614F5A101698526
:104A60007A85C8010E943224A6960FB6F894DEBF5C
:104A70000FBECDBFDF91CF911F910F91FF90EF90AF
:104A8000DF90CF90BF90AF909F908F907F906F906E
:104A90005F904F903F902F900895C701B601D6CFF9
:104AA00020E030E040E050E4C501B4010F9421471C
:104AB000181624F4B101C8010E948B2119821A82B0
:104AC0001B821C82BE016F5F7F4FC1010E9429249F
:104AD0002DEC3CEC4CEC5CE3C701B6010F94433E7B
:104AE0009B01AC01F80160817181828193810F94F7
:104AF000433E6D837E838F839887D8019B968C91EC
:104B00009B978823C9F02AE939E949E95FE31496BC
:104B10006D917D918D919C9117970F94433E698380
:104B20007A838B839C83BE016F5F7F4F84E89CE018
:104B30000E942924F80113A6BE016B5F7F4F89856F
:104B40009A850E94292490CF4F925F926F927F9214
:104B50008F929F92AF92BF92CF92DF92EF92FF928D
:104B60000F931F93CF93DF93CDB7DEB768970FB640
:104B7000F894DEBF0FBECDBF7C01FB018081C42E47
:104B8000C80EF4E0FC1508F4B0C0FB01D180022F80
:104B90000D0D053008F0A9C0ED2DF0E0EA5DF84FED
:104BA000E081F0E0082E02C0F595E7950A94E2F75F
:104BB000E0FF9BC0E02FF0E0EA5DF84FE081F0E01D
:104BC0000C2C02C0F595E7950A94E2F7E0FF8DC042
:104BD000122F742E0E94FF1D4B015C01672D660F82
:104BE000770B072E000C880B990B0F94E43D2B01DB
:104BF0003C01AC019B01C501B4010F94C1446D8718
:104C00007E878F87988B8C2D0E94FF1DA3019201B8
:104C10000F94C04469837A838B839C838D2D0E947B
:104C2000E41D4B015C01612F660F770B072E000C12
:104C3000880B990B0F94E43D2B013C01AC019B01C7
:104C4000C501B4010F94C144698B7A8B8B8B9C8B0B
:104C5000802F0E94E41DA30192010F94C0446D8334
:104C60007E838F839887F70180859185A285B385A0
:104C700089879A87AB87BC878D8B9E8BAF8BB88FCC
:104C800045E351E061E070E0CE0141960E9452FBA5
:104C900045E351E061E070E0CE0105960E9452FBD1
:104CA0004AE351E061E070E0CE010D960E9452FBB4
:104CB0004AE351E061E070E0CE0101960E9452FBB0
:104CC000CE010D960E94A31D882379F0CE01019696
:104CD0000E94A31D882349F0AE014F5F5F4FBE01C4
:104CE000635F7F4FC7010E94322468960FB6F89425
:104CF000DEBF0FBECDBFDF91CF911F910F91FF900F
:104D0000EF90DF90CF90BF90AF909F908F907F906B
:104D10006F905F904F900895CF92DF92EF92FF9245
:104D2000CF936B017C01C42F8091A90B8F5F09F495
:104D3000B5C08093A90B8091A90B8093580C20E0FB
:104D400030E040E752E46091330270913402809188
:104D50003502909136020F94433E0F94344670937F
:104D6000BB0B6093BA0BC092BC0BD092BD0BE09210
:104D7000BE0BF092BF0B8091570CC0FB80F9809363
:104D8000570C8CE0E2E7F8E1A0ECBBE001900D925B
:104D90008A95E1F78CE0EDE7F9E1ACECBBE001903E
:104DA0000D928A95E1F780919D179091570C80FBA9
:104DB00094F99093570C882381F0809199179091E2
:104DC0009A17A0919B17B0919C178093D80B909342
:104DD000D90BA093DA0BB093DB0B80913613909133
:104DE00037139093DD0B8093DC0B80910A13909125
:104DF0000B139093DF0B8093DE0B8091420D809319
:104E0000E00B8091570C90917D0C90FB83F980937F
:104E1000570C80917E0C90917F0CA091800CB091EA
:104E2000810C8093E10B9093E20BA093E30BB09382
:104E3000E40B0F94810D6093520C7093530C80938C
:104E4000540C9093550C809140078093560C909190
:104E500089078091570C93FB81F990918A1990FBF7
:104E600082F98093570C80E00E94DDF040E050E032
:104E7000BA018CE995E10E94C7CB40EB50E069EAAA
:104E80007BE08CE995E10E945BCC8CE995E1CF91C8
:104E9000FF90EF90DF90CF900C9488CF81E049CFC6
:104EA0004F925F926F927F928F929F92AF92BF923A
:104EB000CF92DF92EF92FF920F931F93CF93DF93E6
:104EC00000D01F92CDB7DEB719821A821B821C82D6
:104ED00098E9892E92E0992ECE0101965C0124E892
:104EE000C22E2CE0D22E3CE4E32E3DE0F32E10E067
:104EF00000E0F40181914F010E94681EF501819349
:104F00005F01882309F4EDC00E945E222B013C0161
:104F1000802F0E947C1D882309F4D3C0F7012081D3
:104F2000318142815381C301B2010F94C144F60122
:104F300060837183828393830F5F1F4FF4E0CF0EF2
:104F4000D11C84E0E80EF11C0330110591F685E4D4
:104F50000E94681E8C83882309F4CEC00E945E22C2
:104F60006B017C0183E00E947C1D882371F02091FD
:104F7000580D3091590D40915A0D50915B0DC7015C
:104F8000B6010F94C1446B017C01C092900CD09289
:104F9000910CE092920CF092930C8091590C882322
:104FA00091F18091971582FF2EC087FD2CC08C81D6
:104FB000882349F18981811103C08A81882319F1ED
:104FC0002DEC3CEC4CE45DE36091B20B7091B30BC3
:104FD0008091B40B9091B50B0F94C1449B01AC012F
:104FE0006091540D7091550D8091560D9091570D13
:104FF0000F94214718163CF440E060E070E080E038
:1050000090E40E948C2640E050E0BA0186E40E94C1
:105010008C2220E030E0A9010F942147181684F477
:105020000E945E2220E030E040E752E40F94BB454E
:10503000609333027093340280933502909336026A
:105040008091890783FD28C080915C18882321F115
:105050002091580D3091590D40915A0D50915B0D92
:105060006091900C7091910C8091920C9091930CA6
:105070000F94C0442091691830916A1840916B18C0
:1050800050916C180F94C1446093691870936A181A
:1050900080936B1890936C180F900F900F900F9057
:1050A000DF91CF911F910F91FF90EF90DF90CF9004
:1050B000BF90AF909F908F907F906F905F904F9038
:1050C0000895F801EE0FFF1FEE0FFF1FE45AF24F95
:1050D0002081318142815381C301B2010F94C044C8
:1050E00026CFF70180819181A281B381F60180836F
:1050F0009183A283B38320CF8091580D9091590D55
:10510000A0915A0DB0915B0D8093900C9093910CEF
:10511000A093920CB093930C40CFE9EAFBE080EBB4
:10512000DF011D928A95E9F708958091590C81114C
:1051300004C00E948D280C9469F18091971582FF1C
:1051400009C087FD07C040E060E070E080E090E4C7
:105150000C948C2608958091A90B882361F090917E
:10516000580C891308C08091971584FF04C085EE00
:105170009BE00C943DD380E00895FC012381211134
:105180000C9488CF0895CF93DF93C0913613D091BC
:105190003713209729F16091321370913313809166
:1051A0003413909135130F942D466E5F7F4F2497E3
:1051B0006C177D07ACF47093E1176093E0170E94C1
:1051C000239B605A75418F4F9F4F6093E2177093F6
:1051D000E3178093E4179093E517DF91CF9108953B
:1051E0001092E2171092E3171092E4171092E5174D
:1051F000F4CFCF92DF92EF92FF921F93CF93DF9382
:10520000182F662351F01092250710922107109253
:10521000220710922307109224070E94239B6B0100
:105220007C018091210790912207A0912307B091E2
:105230002407A7019601281B390B4A0B5B0BDA01E7
:10524000C901B7FD3DC02091250717FD13C0412FAF
:10525000012E000C550B4C5F5F4F822F022E000C6D
:10526000990B4817590764F184EF91E0A0E0B0E092
:10527000211724F488EE93E0A0E0B0E08C0D9D1D92
:10528000AE1DBF1D8093210790932207A093230793
:10529000B09324072170C22F30E0D32F84E28C9F7B
:1052A000B0018D9F700D7C1B112460597C4F82E3EF
:1052B00090E00F946813809125078F5F80932507F6
:1052C000DF91CF911F91FF90EF90DF90CF900895E5
:1052D000CF93DF93C0910A13D0910B13209729F13C
:1052E0006091061370910713809108139091091330
:1052F0000F942D466E5F7F4F24976C177D07ACF49B
:105300007093D7176093D6170E94239B605E7044FA
:105310008D4F9F4F6093D8177093D9178093DA17EA
:105320009093DB17DF91CF9108951092D8171092C8
:10533000D9171092DA171092DB17F4CFCF93DF93BF
:105340009091890793FD41C0C82F83E50E94681E94
:10535000D82F882399F10E944B228C389105C4F5EF
:1053600090930B1380930A130E94682960910A138B
:1053700070910B13072E000C880B990B0F94E43DD2
:10538000209106133091071340910813509109138F
:105390000F94214760E01816F4F48BE496E10F9423
:1053A000C01461E06C278C2F0E943BD9CC2369F09C
:1053B00060E08D2FDF91CF910C9407D5CC2329F09D
:1053C00082E50E94681E8111C6CFDF91CF910895BA
:1053D0008CE890E0C5CF8CE396E1E1CFCF93C1E0BC
:1053E00020E030E0A90160919B1970919C19809197
:1053F0009D1990919E190F94DD3D811101C0C0E06F
:105400008C2FCF910895CF93C82F882321F00E942D
:10541000EE298823C9F080917D0C8C17A9F00E9499
:1054200006FC8CE49DE00E9429FC80917D0C91E0BB
:10543000892780937D0C882321F08CE49DE00E94D5
:1054400094FACF910D94EF07CF9108958F929F9288
:10545000AF92BF92EF92FF920F931F93CF93DF9380
:1054600080E00E94032A10929719109298191092C6
:10547000991910929A1910929319109294191092E6
:1054800095191092961910929F191092A0191092C6
:10549000A1191092A21910929B1910929C191092A6
:1054A0009D1910929E1904E91CE0C0E0812C912CFA
:1054B00080ECA82E8FE7B82E7801D0E0F70181921A
:1054C0009192A192B1927F016D2F8C2F0E948F82B9
:1054D000DF5FD53099F7CF5F0C5E1F4FC53061F7A6
:1054E000DF91CF911F910F91FF90EF90BF90AF9000
:1054F0009F908F9008954F925F926F927F928F92BC
:105500009F92AF92BF92CF92DF92EF92FF920F9352
:105510001F93CF93DF93EC0120919319309194194D
:105520004091951950919619688179818A819B8162
:105530000F94C0446B017C01209197193091981908
:105540004091991950919A196C817D818E819F812A
:105550000F94C0444B015C01A701960160911907AB
:1055600070911A0780911B0790911C070F94DD3DE5
:10557000882309F450C0C0921907D0921A07E0920C
:105580001B07F0921C0720911107309112074091E0
:10559000130750911407C701B6010F94433E2B0126
:1055A0003C010F9463466B017C0120E030E0A901CF
:1055B0000F94DD3D87FD70C020E030E040E450E412
:1055C000C701B6010F94214718162CF4C12CD12C19
:1055D000C0E4EC2EFE2CA7019601C301B2010F948A
:1055E000C0446093090770930A0780930B07909358
:1055F0000C07C701B6010F942D4660930707062ECE
:10560000000C770B6F5F7F4F6430710514F064E01E
:1056100070E060930507D091030710910707A5017B
:10562000940160911D0770911E0780911F07909152
:1056300020070F94DD3D811133C0D11381C020912B
:10564000EB063091EC064091ED065091EE0660912C
:10565000090770910A0780910B0790910C070F942E
:10566000433E2091EF063091F0064091F1065091B3
:10567000F2060F94C144DF91CF911F910F91FF90DB
:10568000EF90DF90CF90BF90AF909F908F907F90E2
:105690006F905F904F900895C12CD12C76019BCFD5
:1056A00080921D0790921E07A0921F07B0922007BC
:1056B0002091150730911607409117075091180750
:1056C000C501B4010F94433E4B015C010F94634646
:1056D0006B017C0120E030E0A9010F94DD3D87FDE6
:1056E000F3C020E030E040E450E4C701B6010F947D
:1056F000214718162CF4C12CD12CB0E4EB2EFE2C33
:10570000A7019601C501B4010F94C04460930D0731
:1057100070930E0780930F0790931007C701B6018F
:105720000F942D4660930807062E000C770B6F5FD1
:105730007F4F6430710514F064E070E060930607F9
:10574000C0910807D11305C0809104078C1709F494
:1057500070C0809107079091080790930407809389
:1057600003070C2E000CDD0B25E01203C0011124F1
:10577000FC01EC0FFD1FEE0FFF1FEE0FFF1FEC569D
:10578000F34F20813181428153812093FF06309372
:105790000007409301075093020700910607002E6F
:1057A000000C110BFC01E00FF11FEE0FFF1FEE0FBD
:1057B000FF1FEC56F34F60817181828193810F94BA
:1057C000C0446093FB067093FC068093FD069093A3
:1057D000FE062091050735E02303F0011124CE0FCA
:1057E000DF1FCC0FDD1FCC0FDD1FCC56D34F288120
:1057F00039814A815B812093F7063093F806409304
:10580000F9065093FA06E00FF11FEE0FFF1FEE0F9F
:10581000FF1FEC56F34F60817181828193810F9459
:10582000C0446093F3067093F4068093F50690935A
:10583000F60680900D0790900E07A0900F07B0908D
:1058400010072091FB063091FC064091FD06509117
:10585000FE06C501B4010F94433E2091FF0630912E
:10586000000740910107509102070F94C1446B015A
:105870007C01C092EF06D092F006E092F106F09221
:10588000F2062091F3063091F4064091F50650910E
:10589000F606C501B4010F94433E2091F7063091FE
:1058A000F8064091F9065091FA060F94C144A701F9
:1058B00096010F94C0446093EB067093EC068093BE
:1058C000ED069093EE06BBCEC12CD12C760118CFFD
:1058D000E9E1F7E080EF9FEFA9E7B4EC84839583DB
:1058E000A683B78380839183A283B383E3E0F7E049
:1058F0008DE98183808308958F929F92AF92BF92AA
:10590000CF92DF92EF92FF92FC0198E0ABE9B9E110
:1059100001900D929A95E1F788E0FB01A3E9B9E1C6
:1059200001900D928A95E1F7C0909B19D0909C1937
:10593000E0909D19F0909E1920E030E0A901C70188
:10594000B6010F94DD3D8823E1F1A701960160E0E7
:1059500070E080E89FE30F94BB456B017C01809071
:105960009F199090A019A090A119B090A21920E0C1
:1059700030E0A901C501B4010F94DD3D882329F170
:10598000A501940160E070E080E89FE30F94BB45BF
:10599000C0921107D0921207E0921307F0921407F9
:1059A0006093150770931607809317079093180755
:1059B000FF90EF90DF90CF90BF90AF909F908F902F
:1059C0000895C12CD12C7601CACF60E070E0CB01E4
:1059D000DFCFEFE6F0E080818260808308958091E0
:1059E0003E1290913F12892B79F480913E12909152
:1059F0003F12892B49F420913E1230913F1281E0F1
:105A0000232B19F480E0089581E00895CF92DF926E
:105A1000EF92FF926B017C0183E3C816D104E1048D
:105A2000F10470F082E3C81AD108E108F10862E3DA
:105A300070E080E090E00E94F09A0E94EEDBECCFF4
:105A4000C701B6010E94F09AFF90EF90DF90CF90CF
:105A50000C94EEDB1092A50B8091AE179091AF17CE
:105A6000A091B017B091B1178093AA179093AB177C
:105A7000A093AC17B093AD17089590914112109276
:105A800041129230B9F09430C1F09130E1F48823A2
:105A900019F0813021F008959093A60B089582E0CB
:105AA0008093A60B8091A50B882369F010929E0726
:105AB0000C942A2D1092A70B08958BE093E39093FA
:105AC000E0078093DF0708956C98749A0C942A2D50
:105AD0009091971594FB882780F994FF06C081E088
:105AE0009091FE16911101C080E008950E94682DEA
:105AF000882339F08091971582FB882780F991E0FF
:105B00008927089580915A0C811106C08091401216
:105B1000823011F00C94762D81E008950D945D1281
:105B200081E00D94BD1A81E00895DC01EC918E2F87
:105B300090E0FC01EE0FFF1FE80FF91FE65AFC4E44
:105B400080818F7780830895CF93DF93EC01E62FD8
:105B5000660FFF0BE358F74EE491E250E13108F095
:105B6000B0C0F0E08827E854F24D8F4F0D94B84450
:105B7000C92D612E612E612E612EF32DD52D172E8C
:105B8000152EF52D3B2E392E192E612E5F2E5D2EF2
:105B90003D2E82E1EEE6F2E0DE0101900D928A9563
:105BA000E1F7CE01DF91CF91089581E020EB30E065
:105BB0003983288321EB30E03B832A831D821C82BA
:105BC00023EB30E03F832E8324EB30E039872887B6
:105BD0001B861A861D861C8692E09E878F8781E031
:105BE000888B198ADECF80E0E1CF81E08F5F20E9EA
:105BF00030E03983288321E930E03B832A8322E99E
:105C000030E03D832C8328E930E03F832E832AE96E
:105C100030E0398728872CE930E03B872A8726E95E
:105C200030E03D872C8793E0D8CF80E0DFCF80E065
:105C3000DECF81E08F5F20EA30E03983288321EADC
:105C400030E03B832A8322EA30E03D832C8328EA3C
:105C500030E03F832E832AEA30E0398728872CEA18
:105C600030E03B872A8726EA30E03D872C8794E0A6
:105C7000B4CF80E0DFCF80E0DECF81E08F5F20E235
:105C800031E03983288321E231E03B832A8322E219
:105C900031E03D832C8328E231E03F832E832AE2EA
:105CA00031E0398728872CE231E03B872A8726E2DA
:105CB00031E03D872C8795E090CF80E0DFCF80E01A
:105CC000DECF82E1FE0111928A95E9F76ACF8F92C9
:105CD0009F92AF92BF92CF92DF92EF92FF920F937B
:105CE000CF93DF931F92CDB7DEB75C017B014901F3
:105CF0006B01C40ED51EF501808191810F94FB4389
:105D00008983002311F0F7018083BE016F5F7F4F0D
:105D1000C4010E94137AF5018081918101969183DB
:105D20008083FFEFEF1AFF0AEC14FD0421F780E0F7
:105D30000F90DF91CF910F91FF90EF90DF90CF9078
:105D4000BF90AF909F908F900895009719F00197A2
:105D500089F008951092900082E080939100109253
:105D6000950010929400C19A809171008260809396
:105D7000710008951092A00082E08093A10010921B
:105D8000A5001092A40089BB8093720008957F92B1
:105D90008F929F92AF92BF92CF92DF92EF92FF923B
:105DA0000F931F93CF93DF93EC017B0188818831A0
:105DB00008F0C4C090E0FC01EE0FFF1FE80FF91FD0
:105DC000E65AFC4E808161E08F770E94B49A198276
:105DD0001A8288812CE0622F0F948444829FB00144
:105DE000112430E020E0AB01420F531FFA01EE0F07
:105DF000FF1FE40FF51FE65AFC4E908197FD08C087
:105E00002F5F3F4F2C30310571F790E00E94A52E97
:105E10007880072D10E06801CC0CDD1CF601E00F46
:105E2000F11FE65AFC4E80818068808377FC86C033
:105E300080E2E81682E0F8060CF03FC08A8128E58F
:105E400032E0281B310987FD3395220F331F220FC3
:105E5000331F032E000C440B550B898178E8872EE5
:105E6000912C881A910887FD9394880C991C880CB2
:105E7000991C092C000CAA08BB0860E070E0CB015B
:105E8000F7FC0AC0B701653B710514F064EB70E0E4
:105E9000072E000C880B990B281939094A095B0950
:105EA0000F94114424EB30E040E050E00F94434461
:105EB000820E931EA41EB51E740187E18715D8F0CB
:105EC000298188E890E0821B910927FD9395880F2E
:105ED000991F880F991FE816F90604F502972FB746
:105EE000F894E601C00FD11FC65ADC4E880F991FE7
:105EF0009A8389832FBF62E370E080E090E0DF91B6
:105F0000CF911F910F91FF90EF90DF90CF90BF90B6
:105F1000AF909F908F907F900C94062D2A8188E5FA
:105F200092E0821B910927FD9395880F991F880F96
:105F3000991FE816F90694F6C701D0CFDF91CF91EB
:105F40001F910F91FF90EF90DF90CF90BF90AF9097
:105F50009F908F907F900895CF93DF93EB01682FF0
:105F600070E083EA93E10E94C72E688179818A817B
:105F70009B81643F21E072078105910520F464EF65
:105F800071E080E090E00E94062D89B182FB8827B5
:105F900080F9DF91CF910895CF93DF9300D01F92C6
:105FA000CDB7DEB78EEE92E0A0E0B0E089839A83B1
:105FB000AB83BC83BE016F5F7F4F8AE50E94AC2F2D
:105FC0000F900F900F900F90DF91CF910895CF9386
:105FD000DF9300D01F92CDB7DEB78EEE92E0A0E047
:105FE000B0E089839A83AB83BC83BE016F5F7F4F30
:105FF0008AE00E94AC2F0F900F900F900F90DF91CE
:10600000CF910895CF93DF9300D01F92CDB7DEB725
:1060100084EF91E0A0E0B0E089839A83AB83BC83F6
:10602000BE016F5F7F4F80EA0E94AC2F0F900F90F0
:106030000F900F90DF91CF910895CF92DF92EF9262
:10604000FF921F93CF93DF9300D01F92CDB7DEB79F
:106050008EEEC82E82E0D82EE12CF12CC982DA8295
:10606000EB82FC82BE016F5F7F4F8AE50E94AC2FFE
:1060700081110EC010E0812F0F900F900F900F90A4
:10608000DF91CF911F91FF90EF90DF90CF90089517
:106090000E940230C982DA82EB82FC82BE016F5F0D
:1060A0007F4F8AE50E94AC2F182F882319F30F9495
:1060B0003018E1CFCF92DF92EF92FF921F93CF93F0
:1060C000DF9300D01F92CDB7DEB78EEEC82E82E0F0
:1060D000D82EE12CF12CC982DA82EB82FC82BE013F
:1060E0006F5F7F4F8AE00E94AC2F81110EC010E0DD
:1060F000812F0F900F900F900F90DF91CF911F91F4
:10610000FF90EF90DF90CF9008950E9402300E94A0
:10611000CC2F0E94E72F0E94CC2FC982DA82EB821B
:10612000FC82BE016F5F7F4F8AE00E94AC2F182F68
:106130008823E9F20F943018DBCF1F920F920FB62D
:106140000F9211240BB60F922F933F934F935F93AF
:106150006F937F938F939F93AF93BF93EF93FF932F
:1061600048EA50E064EA70E081E090E00E94F120AB
:10617000FF91EF91BF91AF919F918F917F916F911F
:106180005F914F913F912F910F900BBE0F900FBEDB
:106190000F901F9018951F920F920FB60F92112417
:1061A0000BB60F922F933F934F935F936F937F9311
:1061B0008F939F93AF93BF93EF93FF9348E950E082
:1061C00064E970E090E080E00E94F120FF91EF919F
:1061D000BF91AF919F918F917F916F915F914F91FF
:1061E0003F912F910F900BBE0F900FBE0F901F90FD
:1061F00018959091D10095FD0CC09091D00095FF1D
:1062000008C08093D6008091D00080648093D00035
:106210000895209144062F5F2F770FB607FC27C003
:1062200090914506921328C09091D00095FF1EC012
:106230009091450640914406941306C09091D10078
:106240009F7D9093D10012C0E92FF0E0EC5BF94FF5
:1062500032819F5F9F773093D600909345063091AF
:10626000D00030643093D000491741F3D9CF9091DA
:106270004506921301C0FBCFE0914406F0E0EC5BD1
:10628000F94F8283209344068091D10080628093ED
:10629000D100089580913619909137192FEF3FEF73
:1062A000981751F0E92FF0E0EA5CF64E228130E0D9
:1062B0009F5F9F7390933719C90108951F920F92A2
:1062C0000FB60F9211240BB60F922F938F939F93BB
:1062D000EF93FF938091450620914406821306C0F8
:1062E0008091D1008F7D8093D10012C0E82FF0E023
:1062F000EC5BF94F92818F5F8F779093D6008093FC
:1063000045069091D00090649093D000281741F3F7
:10631000FF91EF919F918F912F910F900BBE0F9056
:106320000FBE0F901F9018951F920F920FB60F92ED
:1063300011240BB60F920F931F932F933F934F93FC
:106340005F936F937F938F939F93AF93BF93CF93FD
:10635000DF93EF93FF93C091D60000913719D0914E
:10636000361911E01D0F1F7390914306943108F008
:10637000B1C0E92FF0E08827EF53FE4C8F4F0D940A
:10638000B844D5310432133225322C326A323032DD
:106390006A32343238326A323C3240326A32453202
:1063A0004A324F3257326A326232C03229F028F50F
:1063B000CA3011F0CD3031F5011731F0ED2FF0E09A
:1063C000EA5CF64EC283D12FD0933619FF91EF913C
:1063D000DF91CF91BF91AF919F918F917F916F91FD
:1063E0005F914F913F912F911F910F910F900BBE95
:1063F0000F900FBE0F901F901895CD3481F081E063
:10640000CE3471F083E10CC0CA3338F4C033A0F647
:10641000C03291F2CD32B1F7CFCFCD3499F782E0CF
:1064200080934306C9CFC43371F030F4C03221F2F7
:1064300083E0C133A9F3E6CF8BE0C53389F38EE067
:10644000C83371F3DFCF88E0EBCF84E0C03341F392
:1064500086E0C13329F3D6CF85E0C83399F6E0CF83
:1064600087E0C23379F6DCCF89E0C13359F6D8CF63
:106470008AE0C03339F6D4CF8CE0C23319F6D0CFDE
:106480008DE0C43309F0BECFCBCF8FE0C73309F026
:10649000B9CFC6CF80E1C63309F0B4CFC1CFC03287
:1064A00009F48ACF81E1C33509F4BACFABCF80EDCF
:1064B0008C0F8A3008F080CF92E19093430680934E
:1064C00042067ACFCA3019F0CD3009F075CF10925C
:1064D000430672CFCA3019F0CD3009F06DCF8091EC
:1064E0008B158823A1F39A30B9F040F4953079F0F8
:1064F000973069F781E08093DE17E9CF9D3081F016
:10650000923129F7809142060E943D2DE0CF1092F2
:1065100063021092A70BDBCF81E08093DD17D7CF0A
:1065200081E08093DC17D3CF9091C00095FFFCCF22
:106530008093C6000895CF93DF93EC01FE01849110
:106540002196882319F00E949432F8CFDF91CF91E1
:106550000895FF920F931F93CF93DF9370E060E055
:1065600085E40E944F22182F8F3F89F08823C9F1BC
:106570008FE796E10E949B3287E696E10E949B326C
:10658000DF91CF911F910F91FF900C94A47EC6E4F0
:10659000D0E083E40E94681E05E0882319F00E9481
:1065A0004B22082F83E50E94681E882319F00E9461
:1065B0004B22EC0160E085E50E943622F82E60E077
:1065C0008AE596E10F94C0142F2D402F612FCE0144
:1065D0000E94E0DDDF91CF911F910F91FF900C940D
:1065E000C37CC4EBD0E0D5CFCF92DF92EF92FF9285
:1065F0006A017B010E949B32C701B601FF90EF90B8
:10660000DF90CF900C94F17A0F931F93CF938C016E
:10661000C62F84E395E10E949B32C8010E949B3201
:106620008AE30E94943280E38C0F0E9494328AE0C5
:10663000CF911F910F910C9494320F931F93CF938E
:106640008C01C62F8CEC97E00E949B32C8010E94FF
:106650009B32CC2331F08AE0CF911F910F910C94A3
:106660009432CF911F910F910895CF92DF92EF92C4
:10667000FF920F931F93CF93DF93CDB7DEB72C9785
:106680000FB6F894DEBF0FBECDBF83E50E94681E33
:10669000882321F00E94E8210E946B1F84E50E945C
:1066A000681E8823A9F00E94E8216B017C010F94E9
:1066B000B30DC0928B19D0928C19E0928D19F09283
:1066C0008E19CD28CE28CF2819F081E08093401272
:1066D00080915A0C882361F180E090E0A0EAB1E457
:1066E00089879A87AB87BC871D821E821F82188686
:1066F00019821A821B821C8210E000E020E0AE01A9
:10670000475F5F4FBE016B5F7F4FCE0101960E94D6
:10671000EAA12C960FB6F894DEBF0FBECDBFDF9175
:10672000CF911F910F91FF90EF90DF90CF90089540
:106730000E94682D882381F00E9499C70E948E2DA7
:1067400085EE9BE00E9441CF1092510E1092520EA6
:106750001092530E1092540E61E084E093E30E9475
:106760001D3340E85EE16DE775E185E00E946A7CDB
:106770000E94C37CCECF60E085E09EE10E941D3385
:1067800088EE97E00E949B328AE00C949432CF937B
:10679000DF93EC0160E085E09EE10E941D338DEE09
:1067A00097E00E949B3280E20E949432CE010E94C8
:1067B0009B328AE0DF91CF910C94943260E085E0C7
:1067C0009EE10E941D3384EE97E00E949B328AE096
:1067D0000C949432DF92EF92FF920F931F93CF931A
:1067E000DF93D82E7B018A01E9010E94DE33D0922B
:1067F000411260E085E09EE10E941D338DE09EE144
:106800000E949B3280E20E949432C7010E949B3218
:106810008AE00E9494320115110519F0C8010E9406
:10682000C733209719F0CE010E94C733DF91CF9173
:106830001F910F91FF90EF90DF900C94BB3381116B
:1068400007C08FED9EE00E949B328AE00C94943248
:1068500083EE9EE0F8CFCF936BEC7EE00E942B821C
:10686000C091590CC05D82EC9EE00E949B328C2F3F
:106870000E9494328EEB9EE00E949B328091590CD4
:10688000CF910C941F348CEA97E00C949B322F929A
:106890003F924F925F926F927F928F929F92AF92B0
:1068A000BF92CF92DF92EF92FF920F931F93CF93FD
:1068B000DF93CDB7DEB72E970FB6F894DEBF0FBECD
:1068C000CDBF87E00F94152F8111C0C097E1C92E6D
:1068D00094E3D92E8CE49DE09E878D87FE0131964E
:1068E0001F017F0110E000E0C6010E941A24ED851F
:1068F000FE8581909190A190B190FE87ED87A501D2
:1069000094010F94C0442B013C01F7014082518255
:106910006282738220E030E040EA51EC0F9421471C
:1069200087FD0AC020E030E040EA51E4C301B20133
:106930000F94DD3D18167CF4F801E55CFB4CE49106
:106940001E164CF4B7FAB094B7F8B094F7018082F1
:106950009182A282B382F70181909190A190B1902F
:106960007F0120E030E040EA51ECC501B4010F9412
:10697000214787FD42C020E030E040EA51E4C501F4
:10698000B4010F94DD3D1816C4F10F5F1F4FF4E002
:10699000CF0ED11C0330110509F0A6CF82E7E82EF7
:1069A00088E1F82E10E0F10181919191A191B191CE
:1069B0001F01F70181939193A193B1937F01812FDF
:1069C0000F9497011F5F133071F70F942F0860E049
:1069D00088EF94E10F94C01463E972E084E690E0DC
:1069E0000F94681370E060E08AE090E00F94681301
:1069F0006AEB72E084E690E00FC00E94433486E1C7
:106A000095E10E949B3261E088E095E10F94C0140B
:106A100068E270E080E991E02E960FB6F894DEBF50
:106A20000FBECDBFDF91CF911F910F91FF90EF90DF
:106A3000DF90CF90BF90AF909F908F907F906F909E
:106A40005F904F903F902F900D9468132E960FB645
:106A5000F894DEBF0FBECDBFDF91CF911F910F9194
:106A6000FF90EF90DF90CF90BF90AF909F908F906E
:106A70007F906F905F904F903F902F900895DF929E
:106A8000EF92FF920F931F93CF93DF93CDB7DEB7B3
:106A900062970FB6F894DEBF0FBECDBF6DE070E019
:106AA00080E50E944F228C0197FD48C0D82E60E0FF
:106AB00089E40E94362281110CC0E5E9FDE08BEAF1
:106AC0009DE02491D21609F4ECC031968E179F07F1
:106AD000C1F784E50E94681EF82E882311F10E94F8
:106AE00006228130C9F098F08230B1F182ED9DE04C
:106AF00062960FB6F894DEBF0FBECDBFDF91CF9187
:106B00001F910F91FF90EF90DF900C949B3260E00B
:106B1000802F0E94B49A05C061E0802F0E94B49A31
:106B2000F12C83E50E94681E882341F00E94062212
:106B3000E82E89E0D81212C0E092420D62960FB69C
:106B4000F894DEBF0FBECDBFDF91CF911F910F91A3
:106B5000FF90EF90DF90089562E0DACF8AEB9DE03E
:106B6000F110C6CF61E0802F0E94B49A6E2D802F65
:106B70000E94869AF12CE114F10411F460E081C0C6
:106B800061E09FEFE916F10409F47BC0602FCE01AC
:106B900001960E94A42D8989882309F46CC0E9819B
:106BA000FA818F852889811128C0608130E083E0D7
:106BB00090E0AC01421B530B440F551F042E01C043
:106BC000880F0A94EAF78095862362E070E001C09E
:106BD000660F4A95EAF7862B8083F9013396EE0F0C
:106BE000FF1F81E090E08C0F9D1FE80FF91F0190BF
:106BF000F081E02DF182E082A1CF9A8991119ECFA0
:106C0000AFEFB0E0823029F0AD85BE850D90BC912C
:106C1000A02D608130E083E090E0AC01421B530B7B
:106C2000440F551F042E01C0880F0A94EAF780957F
:106C3000862362E070E001C0660F4A95EAF7862B72
:106C400080832D5F3F4F220F331FE1E0F0E0EC0F18
:106C5000FD1F2E0F3F1FF9010081118197010F9435
:106C600075442FEF30E040E050E00F942144F801EC
:106C70003183208363CF61E0FFE7EF16F10408F46E
:106C80007DCF802F62960FB6F894DEBF0FBECDBFCA
:106C9000DF91CF911F910F91FF90EF90DF900C94B7
:106CA000869A0E9443348BEA9DE022CF86EA97E0E1
:106CB0000C949B32811102C00C9456360895CF93E8
:106CC00084E50E94681EC0E0882309F10E94062224
:106CD000C82F1816E4F40E9456368DE40E949432B0
:106CE000609162077091630790E080E00E94877A6C
:106CF00085E29FE00E949B326C2FCC0F770B880BB4
:106D0000990B0E94F17A8AE00E949432CFEF8C2F87
:106D1000CF9108954F925F926F927F92AF92BF9200
:106D2000CF92DF92EF92FF920F931F93CF930E9427
:106D30005F3687FDABC080915B0784FD09C0809101
:106D40005D0787FD05C080915E07837009F48EC0E2
:106D500088E9A82E82E0B82E09EF1CE0C0E0F5011A
:106D600081915F010E94681E882349F0C330D9F0E9
:106D70000E945E22F801648B758B868B978BCF5FA8
:106D80000C5F1F4FC43059F7CF911F910F91FF90A7
:106D9000EF90DF90CF90BF90AF907F906F905F901B
:106DA0004F900C94E2FB0E945E226B017C0120E07C
:106DB00030E040EA51E40F94DD3D87FF4EC0A7016B
:106DC00096016091190D70911A0D80911B0D909193
:106DD0001C0D0F94BB452B013C01AC019B01609144
:106DE0009A0770919B0780919C0790919D070F9443
:106DF000433E60939A0770939B0780939C07909300
:106E00009D07A30192016091290D70912A0D809137
:106E10002B0D90912C0D0F94433E6093290D709390
:106E20002A0D80932B0D90932C0D60917B07709110
:106E30007C0780917D0790917E070F94E23DA3012E
:106E400092010F94433E0F94344660937B077093F6
:106E50007C0780937D0790937E07C092190DD09296
:106E60001A0DE0921B0DF0921C0D89CF81E0CF919D
:106E70001F910F91FF90EF90DF90CF90BF90AF9058
:106E80007F906F905F904F900C946282CF911F9192
:106E90000F91FF90EF90DF90CF90BF90AF907F90D9
:106EA0006F905F904F9008950F931F93CF93811130
:106EB00016C0C42F8B010E94563682E29FE00E94CA
:106EC0009B32C8010E949B32CC2349F08AE30E9486
:106ED00094328AE0CF911F910F910C949432CF910C
:106EE0001F910F910895CF93C82F82E0C11184E0C4
:106EF00060E00E94737C0E94563685E098E0CC23C7
:106F000011F08AE198E0CF910C949B32CF92DF92FE
:106F1000EF92FF926A017B010E949B3242E0C7011F
:106F2000B601FF90EF90DF90CF900C94F4D3CF9206
:106F3000DF92EF92FF92CF9380915B07887809F000
:106F40004DC080915C0787FD49C080915D078670C8
:106F500009F044C00E94563681E19FE00E949B32B6
:106F600080919E07811134C08FED9EE00E949B327C
:106F70004091AE175091AF176091B0177091B11753
:106F800084E09FE00E94863781E09FE00E949B3270
:106F9000F090B31788EF9EE00E949B326F2D70E057
:106FA00090E080E00E94F17A86EE9EE00E949B32A3
:106FB00080912F0781110FC08FED9EE00E949B32C0
:106FC0008AE0CF91FF90EF90DF90CF900C949432B5
:106FD00083EE9EE0CBCF83EE9EE0F0CF88E40E946C
:106FE0001A1E882321F00E94262280932F07C0902A
:106FF0005B07D0905C07E0905D07F0905E0781E151
:10700000F694E794D794C7948A95D1F781E0C82283
:10701000DD24EE24FF2483E50E941A1EC82FCD280C
:10702000CE28CF2811F4882341F00E942A2DCC23AA
:1070300021F00E94262280939E0784E40E941A1E5B
:10704000882311F10E945E226093AE177093AF17F0
:107050008093B0179093B11780E50E941A1E882381
:10706000C9F00E944B229C013327233031051CF0CC
:107070002730310579F48093B317CF91FF90EF90CB
:10708000DF90CF900C94642D8CE40E941A1E811125
:10709000D9CFE2CFCF91FF90EF90DF90CF900895BE
:1070A000CF93DF93C82F41E062E57DE00E94543723
:1070B0008C2F0E945A36CEE2D3E148A159A16AA191
:1070C0007BA189E49DE00E9486372CEA35EC47E2FB
:1070D0005EE36CA17DA18EA19FA10F94BB45AB0186
:1070E000BC0186E49DE00E9486372CEA35EC47E23D
:1070F0005EE368A579A58AA59BA50F94433EAB01E5
:10710000BC0183E49DE00E9486378AE0DF91CF9145
:107110000C9494320E9486378AE00C949432CF9378
:10712000DF936CEE74E10E942B82C2E7D8E14881C4
:1071300059816A817B8183EE94E10E9486374C817C
:107140005D816E817F8188EC9EE10E948637488553
:1071500059856A857B8585EC9EE1DF91CF910C9402
:107160008A38CF93DF936CE67DE00E942B82C2E0E9
:10717000D3E148A159A16AA17BA183E69DE00E94C9
:1071800086372CEA35EC47E25EE36CA17DA18EA147
:107190009FA10F94BB45AB01BC0180E69DE00E941E
:1071A00086372CEA35EC47E25EE368A579A58AA527
:1071B0009BA50F94433EAB01BC018DE59DE0DF91A3
:1071C000CF910C948A38CF93811112C040E06DE0CA
:1071D0007CE00E94543780919D17811104C080E0AB
:1071E0009CE00E949B328AE00E9494320E945636B4
:1071F000C0919D1787EF9BE00E949B326C2F70E03F
:1072000090E080E00E94F17A4091991750919A178E
:1072100060919B1770919C1784EF9BE0CF910C9429
:107220008A38CF93DF936AEC7CE00E942B826091D6
:10723000090D70910A0D80910B0D90910C0D0F941A
:10724000E23DAB01BC0181EC9CE00E94863740919D
:10725000390D50913A0D60913B0D70913C0D8EEBC4
:107260009CE00E94863740913D0D50913E0D60910B
:107270003F0D7091400D8BEB9CE00E948637CEE86D
:10728000D7E0488159816A817B8188E693E10E9439
:1072900086374C815D816E817F8188EC9EE10E9402
:1072A0008637488559856A857B8585EC9EE10E94F5
:1072B00086374C855D856E857F8582EC9EE1DF910A
:1072C000CF910C948A38CF93DF9361E77CE00E94E2
:1072D0002B82C9EFDCE04CA95DA96EA97FA988E6E5
:1072E0009CE00E94863748AD59AD6AAD7BAD85E61E
:1072F0009CE00E9486374CAD5DAD6EAD7FAD8BEBF3
:107300009CE0DF91CF910C948A38CF93DF936DE4AA
:107310007CE00E942B82C9EFDCE04CA15DA16EA154
:107320007FA184E49CE00E94863748A559A56AA500
:107330007BA588EC9EE10E9486374CA55DA56EA5D5
:107340007FA585EC9EE10E94863748A959A96AA9C4
:107350007BA982EC9EE1DF91CF910C948A38CF9388
:10736000DF9368E27CE00E942B82C9EFDCE0688159
:1073700079818A819B810F94E23DAB01BC018FE151
:107380009CE00E9486376C817D818E819F810F9465
:10739000E23DAB01BC0188EC9EE10E948637688526
:1073A00079858A859B850F94E23DAB01BC0185EC14
:1073B0009EE10E9486376C857D858E859F850F9422
:1073C000E23DAB01BC0182EC9EE1DF91CF910C94D8
:1073D0008A38CF93DF93EB010E949B32BE01DD0F11
:1073E000880B990BDF91CF910C94F17A0E94E939C7
:1073F0008AE00C9494328F929F92AF92BF92CF9278
:10740000DF92EF92FF9280E50E94681E882309F4C4
:10741000AAC00E944B227C01892B09F091C083E510
:107420000E94681E8823E9F00E944B2297FD0DC040
:10743000BC0183EA93E1FF90EF90DF90CF90BF9083
:10744000AF909F908F900C94C72E83EA93E1FF90AA
:10745000EF90DF90CF90BF90AF909F908F900C9463
:10746000952D0E94563670E060E087E79DE00E940F
:10747000E9398091A51358E5C52E52E0D52EC81ADA
:10748000D10887FDD394CC0CDD1CCC0CDD1C0D2C5D
:10749000000CEE08FF088091A41378E8872E912C49
:1074A000881A910887FD9394880C991C880C991C64
:1074B000092C000CAA08BB088091A3138F3FE9F1A7
:1074C00090E0FC01EE0FFF1FE80FF91FE65AFC4E9B
:1074D0008181928133E0880F991F3A95E1F7B0E0FE
:1074E000A0E044E0B595A795979587954A95D1F783
:1074F00002969C012F5F3F4F032E000C440B550B4F
:10750000281939094A095B09A4EBB0E00F946244D9
:10751000A7019601281939094A095B090F944344C8
:10752000B90184E79DE0FF90EF90DF90CF90BF908E
:10753000AF909F908F900C94F63990E080E0D9CF77
:107540000E944334B7018EE89DE00E94E9398FE73D
:107550009DE0FF90EF90DF90CF90BF90AF909F9015
:107560008F900C949B32FF90EF90DF90CF90BF9064
:10757000AF909F908F9008955F926F927F928F92BD
:107580009F92AF92BF92CF92DF92EF92FF920F93B2
:107590001F93CF93DF931F92CDB7DEB77C013901E4
:1075A0008B015B01A40EB51ED12CC12CA016B10617
:1075B00009F450C0F70180809180F80151908F014B
:1075C0005982C4010F94FB435816B9F1652DC401CB
:1075D0000F940344FFEFCF1ADF0AC6018F77992774
:1075E000892B21F162E070E080E090E00E94F09A47
:1075F000C4010F94FB4399818917F9F00E94563614
:107600008BEE94E00E949B3281E00F90DF91CF914E
:107610001F910F91FF90EF90DF90CF90BF90AF90B0
:107620009F908F907F906F905F90089562E070E0E0
:1076300080E090E00E94062DDBCFBE016F5F7F4FA0
:10764000C3010E94137AF701808191810196918391
:107650008083ACCF80E0D9CF0E949B328AE00C942B
:1076600094326F927F928F929F92AF92BF92CF92FD
:10767000DF92EF92FF920F931F93CF93DF93CDB7DB
:10768000DEB764970FB6F894DEBF0FBECDBF109281
:10769000D0008091D00082608093D0001092D500FD
:1076A00080E18093D4008091D10080618093D100EB
:1076B0008091D10088608093D1008091D100806852
:1076C0008093D1008091D1008F7D8093D1008AE595
:1076D00080930E158093BE1485EA80930F158093D6
:1076E000BF14EDE5F5E18EE2DF011D928A95E9F721
:1076F00064EF71E080E090E00F947B0F0F942F1CFB
:1077000084E096E090931A158093191580EA90E82A
:1077100090931C1580931B1587E080930D1512E83C
:107720001093101580EA90E0A0E0B0E0809311156E
:1077300090931215A0931315B09314158DEB94E14B
:107740000F94931160E971E080E090E00F947B0F5B
:107750008FEE93E00F94381484E690E090931A151E
:107760008093191505E000930D151093101586E010
:1077700090E1A0E0B0E08093111590931215A093D2
:107780001315B09314158DEB94E10F9493118BE0C6
:1077900090E090931A158093191500930D1510938E
:1077A000101580E092E1A0E0B0E080931115909375
:1077B0001215A0931315B09314158DEB94E10F944B
:1077C000931110921A151092191500930D1510931C
:1077D000101584E390E1A0E0B0E080931115909340
:1077E0001215A0931315B09314158DEB94E10F941B
:1077F000931110921A151092191500930D151093EC
:1078000010158AE390E1A0E0B0E080931115909309
:107810001215A0931315B09314158DEB94E10F94EA
:1078200093116091321370913313809134139091BE
:1078300035130F942D4670931A1560931915009304
:107840000D151093101586E390E1A0E0B0E0809351
:10785000111590931215A0931315B09314158DEB79
:1078600094E10F94931110921A1510921915009328
:107870000D151093101580E590E1A0E0B0E0809325
:10788000111590931215A0931315B09314158DEB49
:1078900094E10F94931160910613709107138091F6
:1078A0000813909109130F942D4670931A15609345
:1078B000191500930D15109310158CE390E1A0E0BD
:1078C000B0E08093111590931215A0931315B09307
:1078D00014158DEB94E10F9493118091420D9091CA
:1078E0004C02899FC0011124880F892F881F990B92
:1078F0009195B4E68B9FC001112481589F4F6FEF83
:1079000070E00F94A44470931A15609319150093B6
:107910000D15109310158EE190E1A0E0B0E080937A
:10792000111590931215A0931315B09314158DEBA8
:1079300094E10F949311E0E6CE2EE0E1DE2EE12CEF
:10794000F12C10921A151092191500930D15109321
:107950001015C0921115D0921215E0921315F092E5
:1079600014158DEB94E10F949311EFEFCE1ADE0A0C
:10797000EE0AFE0AF4E7CF16F0E1DF06E104F104B7
:1079800001F7CE0101967C0184E1D7011D928A9511
:10799000E9F781E08F9390E99F938F939CE29F9307
:1079A0008F939F9383E094E09F938F93FF92EF9246
:1079B0000F94494820E630E140E050E060E174E097
:1079C0008DEB94E10E94307A2AE630E140E050E00D
:1079D0006EE174E08DEB94E10E94307A24E730E1AF
:1079E00040E050E0B7018DEB94E10E94307A2EE741
:1079F00030E140E050E066E274E08DEB94E10E94FB
:107A0000307A10921A151092191500930D151093D3
:107A100010158EE090E1A0E0B0E0809311159093F6
:107A20001215A0931315B09314158DEB94E10F94D8
:107A3000931110921A151092191500930D151093A9
:107A400010158FE090E1A0E0B0E0809311159093C5
:107A50001215A0931315B09314158DEB94E10F94A8
:107A600093110FB6F894DEBF0FBECDBF4AE0C42E0F
:107A700040E2D42EE12CF12C55E0752E62E8662E02
:107A8000460157010AE010E010921A1510921915DC
:107A900070920D156092101580921115909212152A
:107AA000A0921315B09214158DEB94E10F949311DD
:107AB00001501109FFEF8F1A9F0AAF0ABF0A011583
:107AC000110511F72AE0C20ED11CE11CF11C82ED58
:107AD000C81680E2D806E104F10491F6C12C30E228
:107AE000D32EE12CF12C05E012E810921A15109219
:107AF000191500930D1510931015C0921115D09201
:107B00001215E0921315F09214158DEB94E10F9479
:107B1000931110921A151092191500930D151093C8
:107B20001015D701C6018C529F4FAF4FBF4F8093A6
:107B3000111590931215A0931315B09314158DEB96
:107B400094E10F9493119FEFC91AD90AE90AF90A2F
:107B5000AAE0CA16A0E2DA06E104F10431F62EED3D
:107B6000C22E20E2D22EE12CF12C05E012E8109278
:107B70001A151092191500930D1510931015C09237
:107B80001115D0921215E0921315F09214158DEB89
:107B900094E10F949311BFEFCB1ADB0AEB0AFB0AB7
:107BA000E6EECE16E0E2DE06E104F10401F7CC24B5
:107BB000C39482E1D82EE12CF12C9AE0A92EB12CAD
:107BC00005E012E8B0921A15A092191500930D1550
:107BD00010931015C0921115D0921215E092131542
:107BE000F09214158DEB94E10F949311B0921A1545
:107BF000A092191500930D1510931015D701C60109
:107C00008096A11DB11D8093111590931215A0931C
:107C10001315B09314158DEB94E10F949311FFEFAE
:107C2000CF1ADF0AEF0AFF0A25E1C21622E1D206C7
:107C3000E104F10439F68CE896E10E942C3B64964D
:107C40000FB6F894DEBF0FBECDBFDF91CF911F916D
:107C50000F91FF90EF90DF90CF90BF90AF909F90EB
:107C60008F907F906F900895CF93DF936EE675E1CC
:107C70000E942B82C091B213D091B31348815981D5
:107C80006A817B8185E695E10E9486374C815D8122
:107C90006E817F8188EC9EE10E9486374091AE1311
:107CA0005091AF136091B0137091B11385EC9EE1C8
:107CB0000E94863782E695E10E949B3282EC98E32F
:107CC000DF91CF910C942C3BCF93DF93C82F41E0F1
:107CD00063EF7DE00E9454378C2F0E945A36C1E931
:107CE000D7E14C815D816E817F818AEE9DE00E94AB
:107CF0008637488159816A817B8187EE9DE00E94A9
:107D0000863784EE9DE00E949B3282EC98E3DF91FF
:107D1000CF910C942C3BCF93DF93EC0160E086ED88
:107D200097E00E941D33CE01DF91CF910C942C3B44
:107D3000CF93DF93CDB7DEB7A8970FB6F894DEBF29
:107D40000FBECDBF8C017B01942E0E9454D901152A
:107D5000110509F4C8C00E945636C8010E942C3B88
:107D6000E114F10421F497E8E92E9AE2F92E8091CA
:107D70007A1980FD89C0816080937A19CDB6DEB60C
:107D800089E697E00E942C3B81E09AE590931A15D2
:107D90008093191588E590E090931C1580931B152E
:107DA00087E080930D1582E88093101584E890E0B9
:107DB000A0E0B0E08093111590931215A0931315D5
:107DC000B09314158DEB94E10F949311C8010F94A7
:107DD0002A3D5C01C7010F942A3D8A0D9B1D039625
:107DE0002DB73EB7281B390B0FB6F8943EBF0FBE18
:107DF0002DBF8DB79EB701965C01FF92EF921F9346
:107E00000F9382E697E09F938F93BF92AF920F9468
:107E1000743D8AE289838A838B838C83D501CE016A
:107E20000596EDB7FEB738960FB6F894FEBF0FBEB5
:107E3000EDBFBE016F5F7F4FFC01E61BF70B2D917D
:107E400021110BC0E60FF71F8AE29F01261B370B9B
:107E50002832310534F48193F8CFFC012193CF010E
:107E6000EBCF20E630E140E050E08DEB94E10E9462
:107E7000307A6AE070E080E090E00F947B0F0FB6FC
:107E8000F894DEBE0FBECDBE0E94433486E897E074
:107E90000E949B3261E084E797E00E941D3389EEE7
:107EA00093E0019739F000C00000EEE5F9E031976A
:107EB000F0F7F7CFF89489EE93E0019739F000C01E
:107EC0000000E6EEF3E03197F0F7F7CF0E9454D9C7
:107ED000992031F00E9461E40E94891EA895FECF8E
:107EE0000E9426E4F9CFE114F10421F487E8E82E9A
:107EF0008AE2F82E0DE717E03ACF8091680D909155
:107F0000690D2FEF3FEF981751F0E92FF0E0E85996
:107F1000F24F228130E09F5F9F779093690DC901F6
:107F200008951F920F920FB60F9211240F900FBE5B
:107F30000F901F9018951F920F920FB60F92112459
:107F40000BB60F920F931F932F933F934F935F9313
:107F50006F937F938F939F93AF93BF93CF93DF9351
:107F6000EF93FF93C091C6000091690DD091680D09
:107F700011E01D0F1F7790914106943108F0B1C0B8
:107F8000E92FF0E08827E853F04C8F4F0D94B84468
:107F9000DC3F0B401A402C40334071403740714069
:107FA0003B403F4071404340474071404C4051404E
:107FB00056405E4071406940C03229F028F5CA3011
:107FC00011F0CD3031F5011731F0ED2FF0E0E85927
:107FD000F24FC283D12FD093680DFF91EF91DF91C3
:107FE000CF91BF91AF919F918F917F916F915F9151
:107FF0004F913F912F911F910F910F900BBE0F90BA
:108000000FBE0F901F901895CD3481F081E0CE34D3
:1080100071F083E10CC0CA3338F4C033A0F6C0322B
:1080200091F2CD32B1F7CFCFCD3499F782E0809382
:108030004106C9CFC43371F030F4C03221F283E07D
:10804000C133A9F3E6CF8BE0C53389F38EE0C833A3
:1080500071F3DFCF88E0EBCF84E0C03341F386E0FB
:10806000C13329F3D6CF85E0C83399F6E0CF87E056
:10807000C23379F6DCCF89E0C13359F6D8CF8AE034
:10808000C03339F6D4CF8CE0C23319F6D0CF8DE0AF
:10809000C43309F0BECFCBCF8FE0C73309F0B9CFDF
:1080A000C6CF80E1C63309F0B4CFC1CFC03209F4E6
:1080B0008ACF81E1C33509F4BACFABCF80ED8C0F05
:1080C0008A3008F080CF92E1909341068093420677
:1080D0007ACFCA3019F0CD3009F075CF1092410631
:1080E00072CFCA3019F0CD3009F06DCF80918B1569
:1080F0008823A1F39A30B9F040F4953079F09730A5
:1081000069F781E08093DE17E9CF9D3081F09231ED
:1081100029F7809142060E943D2DE0CF1092630224
:108120001092A70BDBCF81E08093DD17D7CF81E0E2
:108130008093DC17D3CF8EBD0DB407FEFDCF08951D
:108140008FEF8EBD0DB407FEFDCF8EB508959091D3
:1081500064009B7F90936400982F906A96959CBDD5
:1081600080FD03C091E0863009F490E09DBD089544
:10817000CF93DF93EB010E949B32CE01DF91CF9131
:108180000C9430C7CF93DF93CDB7DEB76A970FB6A5
:10819000F894DEBF0FBECDBF70E060E083E50E94C3
:1081A0004F228E34910569F40E9465FA0E94C37CC7
:1081B0006A960FB6F894DEBF0FBECDBFDF91CF91A8
:1081C000089583E296E10E949B3260915D18709160
:1081D0005E188AE196E10F94BA0F60915F18709172
:1081E00060188DE096E10F94BA0F60915D18709160
:1081F0005E1880915F1890916018681B790B8091D0
:108200004012815021E030E0823010F030E020E078
:10821000621B730B82E096E10F94D90F8AEF95E110
:108220000E949B328091611890916218A09163180E
:10823000B09164188F8B988FA98FBA8FBE016F5F32
:108240007F4FCE0147960E948C1EBE016F5F7F4F0D
:108250008DEE95E10E94B840809165189091661866
:10826000A0916718B09168188F8B988FA98FBA8FDB
:10827000BE016F5F7F4FCE0147960E948C1EBE01EC
:108280006F5F7F4F8DED95E10E94B84020E030E0B8
:108290004AE754E46091691870916A1880916B18EC
:1082A00090916C180F94BB45AB01BC0185EC95E136
:1082B0000E9486378DE60E9494328AE00E949432B2
:1082C00077CFCF93C62F0E949B328C2F0E94DCD396
:1082D0008AE0CF910C949432AF92BF92CF92DF920A
:1082E000EF92FF920F931F93CF93DF93EC0183EBF9
:1082F00097E00E949B32209711F4C4E9DCE010E083
:1083000007E0015021F080E20E949432FACF812FE1
:108310000E94DCD31F5F153099F78AE00E949432E7
:1083200010E080E20E949432812F0E94DCD35E0133
:1083300005E080E20E949432F501C080D180E280A5
:10834000F380A7019601C701B6010F94B3478823B4
:1083500061F180E20E9494328DE30E9494328DE3B9
:108360000E9494328DE30E9494328DE30E949432F5
:108370008DE30E9494320150F4E1AF0EB11C011163
:10838000D8CF8AE00E9494321F5F2496153049F6B8
:108390008AE0DF91CF911F910F91FF90EF90DF90D6
:1083A000CF90BF90AF900C94943220E030E0A901C0
:1083B000C701B6010F94214787FD03C08BE20E94DD
:1083C000943243E0C701B6010E94F4D3D4CF2F9278
:1083D0003F924F925F926F927F928F929F92AF9255
:1083E000BF92CF92DF92EF92FF920F931F93CF93A2
:1083F000DF93CDB7DEB76D970FB6F894DEBF0FBE33
:10840000CDBF83E50E941A1E182F30907D0C882363
:1084100019F00E942622382E80914C0D90914D0D1E
:10842000A0914E0DB0914F0D8A8F9B8FAC8FBD8F59
:108430008091500D9091510DA091520DB091530D1E
:108440008E8B9F8BA88FB98F8091540D9091550D75
:10845000A091560DB091570D8A8B9B8BAC8BBD8B29
:10846000112329F0311003C080E00E94032A80917B
:108470005B0790915C07A0915D07B0915E0725E1D5
:10848000B695A795979587952A95D1F74C015D01EB
:10849000E1E08E229924AA24BB240E94EE2988239D
:1084A00009F4C5C083E40E941A1E882309F4A0C001
:1084B0000E945E222B013C0184E99CE09F838E8315
:1084C00099878887B5E0BD8300E0212CE8ECEE8732
:1084D000F2ECFF871A861B8628EC2C8782E48D87B6
:1084E000A885B985B98BA88B15E0E889F989C19071
:1084F000D190E190F190F98BE88B2A853B854C85F2
:108500005D85C701B6010F94DD3D87FF04C0CA86B3
:10851000DB86EC86FD86202F322D4E855F85C701D8
:10852000B6010F942147181624F40C2D2D2CEE863D
:10853000FF861150D1F6FD81F150FD838885998524
:10854000449699878887F111CBCF202F322D4E8505
:108550005F856A857B858C859D850F94C14420E06D
:1085600030E040E05FE30F94433EA30192010F949B
:10857000C1442B013C012DEB37E346E855EB0F944A
:10858000214787FD0AC02DEB37E346E855E3C301D9
:10859000B2010F94DD3D18165CF580E00E94032ABD
:1085A00010E0EE80FF8000E0D7016D917D918D910C
:1085B0009D917D016D01B4E0CB1AD108A301920118
:1085C0000F94C044F6016083718382839383602F8C
:1085D000812F0E948F820F5F053031F71F5F8E81E0
:1085E0009F8144969F838E831530D9F60E94682C14
:1085F00089288A288B2841F00E94EE29882321F0BF
:1086000090E080E00E946C418AE50E941A1E882357
:1086100051F00E945E2269837A838B839C83CE0112
:1086200001960E94A186832D0E94032A0CC031105E
:1086300004C089288A288B2839F30E94563685E39E
:108640009BE00E949B32332051F080917D0C811180
:1086500006C00E94433486E19BE00E949B320E9448
:10866000563688E09BE00E949B3280917D0C0E94F0
:108670001F340E9456368BEF9AE00E949B32C090C6
:108680007E0CD0907F0CE090800CF090810C20E06C
:1086900030E0A901C701B6010F94214718160CF06C
:1086A00051C042E0C701B6010E94F4D30E942AC71C
:1086B0002A8D3B8D4C8D5D8D60914C0D70914D0DD3
:1086C00080914E0D90914F0D0F94DD3D81111FC093
:1086D0002E893F89488D598D6091500D7091510DB3
:1086E0008091520D9091530D0F94DD3D81110FC07B
:1086F0002091540D3091550D4091560D5091570DCC
:108700006A897B898C899D890F94DD3D81110F9445
:108710002F086D960FB6F894DEBF0FBECDBFDF9168
:10872000CF911F910F91FF90EF90DF90CF90BF906E
:10873000AF909F908F907F906F905F904F903F9001
:108740002F90089586EF9AE00E949B32B1CFFF925E
:108750000F931F93CF93DF939091890793FD90C060
:10876000C82F0E945F36082F87FD8AC083E50E94CC
:10877000681ED82F882331F10E944B220E9422FBD1
:1087800061E08C2F0E943BD96091361370913713B2
:10879000072E000C880B990B0F94E43D20913213A7
:1087A0003091331340913413509135130F94214776
:1087B00018160CF44FC08BE296E1DD2309F44CC08F
:1087C0001D2F03C0C11140C010E083E50E94681E48
:1087D000882331F00E944B229093510280935002E3
:1087E00082E40E94681E882331F00E944B229093FD
:1087F00053028093520286E40E941A1E8823E1F1FC
:108800000E945E2260935402709355028093560238
:1088100090935702FF24F39420E030E0A9010F94D5
:10882000DD3D811101C0F12CF0925802CC2341F1C1
:10883000112331F140E06D2F802FDF91CF911F91F7
:108840000F91FF900C948FD682E50E94681E8111D3
:1088500093CFBACF86ED9BE29F938F9386E396E109
:108860009F938F931F920E94DE7F0F900F900F9027
:108870000F900F9011E0A9CF60E070E0CB01C2CF64
:10888000DF91CF911F910F91FF9008952F923F920A
:108890004F925F926F927F928F929F92AF92BF9210
:1088A000CF92DF92EF92FF920F931F93CF93DF93BC
:1088B000CDB7DEB7C558D1090FB6F894DEBF0FBEED
:1088C000CDBF85EE9AE00E949B3287E00F94152F72
:1088D00081116EC084E50E94681E882329F00E94E1
:1088E0004B2281110E94E2D380E090E0A0E8BFE338
:1088F00089839A83AB83BC838D839E83AF83B88740
:108900008DEC9CECACE4BEE389879A87AB87BC878F
:1089100080E090E0A0E2B1E48D879E87AF87B88BBE
:108920008CE390E09A8B898B8DEC90E09C8B8B8B09
:108930008DEC9CECACECBEE38D8B9E8BAF8BB88F3B
:1089400080E090E0A0EEBFE3898F9A8FAB8FBC8F61
:108950001BA61CA64AE959E969E97EE38FE40E9457
:108960008C226D8F7E8F8F8F98A360E083E40E94AE
:10897000362289A360E08BE40E9436228AA382E437
:108980000E94681E882381F10E944B22009761F1AA
:108990009C01285231092536310520F16CE870E040
:1089A00087EB9AE00E94E93982EB9AE00E949B32C1
:1089B000CB57DF4F0FB6F894DEBF0FBECDBFDF91B0
:1089C000CF911F910F91FF90EF90DF90CF90BF90CC
:1089D000AF909F908F907F906F905F904F903F905F
:1089E0002F9008959A8B898B8CE40E94681E8823AF
:1089F000E1F00E945E226B017C01C986DA86EB867B
:108A0000FC8620E030E0A9010F94214787FD0AC0D1
:108A100020E030E040E050E4C701B6010F94DD3DB6
:108A200018161CF48AE89AE0C1CF81E50E941A1E4C
:108A3000882331F18091300790913107892BE9F03B
:108A40000E945E226B017C01CD82DE82EF82F8867D
:108A50002DEC3CEC4CE45DE30F94214787FD0AC00C
:108A600020E030E040E751E4C701B6010F94DD3D5E
:108A7000181634F489E59AE099CF8EE29AE096CF01
:108A800083E50E94681E8823E9F00E945E226B0144
:108A90007C01CD8ADE8AEF8AF88E2DEC3CEC4CEC22
:108AA0005DE30F94214787FD0AC020E030E040E0FD
:108AB00050E4C701B6010F94DD3D18161CF487E0A1
:108AC0009AE074CF80E50E941A1E882341F18091BC
:108AD000300790913107892B19F48FEC99E066CF1C
:108AE0008BA58F5F8BA70E945E226B017C01CD86D8
:108AF000DE86EF86F88A20E030E0A9010F94214756
:108B000087FD0AC020E030E048EC51E4C701B6011F
:108B10000F94DD3D18161CF487EA99E047CF86E4F0
:108B20000E94681E8823E9F00E945E226B017C018E
:108B3000C98EDA8EEB8EFC8E20E030E040E85FE3F9
:108B40000F94214787FD0AC020E030E040E850E460
:108B5000C701B6010F94DD3D18161CF48EE799E0AD
:108B600025CFC98CDA8CEB8CFC8C8D889E88AF88E5
:108B7000B88CA7019601C701B6010F94433E9B0133
:108B8000AC0160E070E084E490E40F94BB4529817F
:108B90003A814B815C810F94433E2B013C01A5013E
:108BA0009401C501B4010F94433EA70196010F94AF
:108BB000433E2CEE31E548EB5DE30F94BB459B0152
:108BC000AC01C301B2010F94433E69837A838B8366
:108BD0009C8388E40E94681E882379F00E944B22BF
:108BE000009759F09C01255A31092838310518F0B1
:108BF00080E599E0DBCE9C8B8B8B85E50E941A1E6D
:108C00008823C9F00E94239B611571058105910598
:108C100011F00F9463398091300790913107892BBF
:108C200009F10E945E2260932B0770932C078093BA
:108C30002D0790932E0782E50E941A1E8823B9F013
:108C40008091300790913107892BA1F00E944B222F
:108C5000AD969FAF8EAFAD97181619068CF088EEC3
:108C600098E0A4CE60E070E088E492E4DCCF8CE190
:108C700099E09CCE2AE130E0AD963FAF2EAFAD97A4
:108C800089E50E94681E882381F10E945E2220915E
:108C9000600D3091610D4091620D5091630D0F9404
:108CA000C0446B017C0188E50E94681E882331F175
:108CB0000E945E2220915C0D30915D0D40915E0D11
:108CC00050915F0D0F94C0446BA37CA38DA39EA312
:108CD000CFA2D8A6E9A6FAA6CE0183960E94A31D2C
:108CE000811115C08EEB98E061CEC090500DD090F0
:108CF000510DE090520DF090530DD5CF60914C0D79
:108D000070914D0D80914E0D90914F0DDDCF809162
:108D10005B0790915C07A0915D07B0915E0733E01F
:108D2000B695A795979587953A95D1F780959095A3
:108D3000A095B09581700E94032A80E090E0A0EA9F
:108D4000B0E48DA79EA7AFA7B8AB60E0CE018D962B
:108D50000F94E30630919D17CF57DF4F3883C158EA
:108D6000D04010929D170E94CCFC8DE998E00E94A3
:108D70009B3289899A898A3191050CF045C08B898B
:108D80009C890E9422FB41E061E080E00E948FD636
:108D900081114CC06FEF82EB98E00F94C0148CA54A
:108DA000811104C0CE0101960E948A8480E090E087
:108DB000A0EAB0E480938C0C90938D0CA0938E0C61
:108DC000B0938F0C1DA61EA61FA618AABE01635D38
:108DD0007F4F84E89CE00E942924CF57DF4FB88161
:108DE000C158D040B0939D170E94CCFC8AA181113C
:108DF000DFCD10920B1310920A130E94682990E0A5
:108E000080E00E9422FBD4CD8C38910514F08CE8D0
:108E100090E090930B1380930A130E94682961E0FD
:108E200081E00E9407D58111AACFB4CF1092580DCE
:108E30001092590D10925A0D10925B0D88E59DE02D
:108E40000F9418008BA5882309F452C020E030E06D
:108E500040E751E46091290D70912A0D80912B0D0E
:108E600090912C0D0F94BB456DA77EA78FA798AB53
:108E700080E1ECE4FDE0A4E8BCE001900D928A956D
:108E8000E1F72D853E854F8558896091900C709152
:108E9000910C8091920C9091930C0F94C14460932B
:108EA000900C7093910C8093920C9093930CCE0144
:108EB0008D960F9459052D853E854F855889609173
:108EC000900C7091910C8091920C9091930C0F9456
:108ED000C0446093900C7093910C8093920C90938B
:108EE000930C8CA5811104C0CE0101960E948A8446
:108EF000E6E2F7E085E0DF011D928A95E9F780E17F
:108F0000ECE4FDE0A4E8BCE001900D928A95E1F765
:108F100089859A85AB85BC8580938C0C90938D0C4C
:108F2000A0938E0CB0938F0C1DA61EA61FA618AA88
:108F3000BE01635D7F4F84E89CE00E942924BE014E
:108F4000635E7F4F84E89CE00E94292489A18823E6
:108F500009F494C380914C0D90914D0DA0914E0D4C
:108F6000B0914F0DE9968CAF9DAFAEAFBFAFE99713
:108F70008091500D9091510DA091520DB091530DD3
:108F8000E1968CAF9DAFAEAFBFAFE197A5961FAE98
:108F90001EAEA59733243A9422242A949FEFEE968E
:108FA0009FAFEE97AFE4EF96AFAFEF97B3ECC1583A
:108FB000DF4FB883CF57D040E7E4C058DF4FE88396
:108FC000C058D040A496FFADA497CC57DF4FF8838C
:108FD000C458D04021E030E00F2E02C0220F331FD2
:108FE0000A94E2F7CE57DF4F39832883C258D04026
:108FF00086E297E0A9969FAF8EAFA99710E0CB5776
:10900000DF4FF883C558D040A996AEADBFADA99744
:109010008D91A996BFAFAEAFA99790E0CE57DF4F25
:10902000E881F981C258D0408E239F23892B09F013
:10903000F0C0CC57DF4F8881C458D0400E94FF1D3C
:109040004B015C01812F0E94E41DE5966CAF7DAF62
:109050008EAF9FAFE597A5019401E9966CAD7DAD0C
:109060008EAD9FADE9970F94C0446B017C01E596EE
:109070002CAD3DAD4EAD5FADE597E1966CAD7DADF0
:109080008EAD9FADE1970F94C0442B013C01A70129
:109090009601C701B6010F94433E6B017C01A30109
:1090A0009201C301B2010F94433E9B01AC01C70181
:1090B000B6010F94C1440F946F476B017C01A50169
:1090C00094016BA17CA18DA19EA10F94C0444B0182
:1090D0005C01E5962CAD3DAD4EAD5FADE5976FA162
:1090E00078A589A59AA50F94C0442B013C01A50140
:1090F0009401C501B4010F94433E4B015C01A301EF
:109100009201C301B2010F94433E9B01AC01C50122
:10911000B4010F94C1440F946F4720E030E040E762
:1091200051E40F94BB45A70196010F94C144D62E7C
:10913000E72EF82E092F80902B0790902C07A090F7
:109140002D07B0902E0720E030E040E85FE3C50136
:10915000B4010F942147181614F5C501B4010F94FA
:109160002D464B015C0160E070E0CB01181419043E
:109170001A041B0434F40F941439A50194010F94BC
:1091800043440F94E43D9B01AC016D2D7E2D8F2D4A
:10919000902F0F94C144D62EE72EF82E092FEE966D
:1091A0002FADEE97EF963FADEF97C158DF4F488157
:1091B000CF57D040C058DF4F5881C058D0406D2D98
:1091C0007E2D8F2D902F0F94DD3D87FF22C0312EF5
:1091D000CB57DF4F2880C558D040EA96DFAEEA97DC
:1091E000EB96EFAEEB97EC96FFAEEC97ED960FAFEC
:1091F000ED97EE96DFAEEE97EF96EFAEEF97C15894
:10920000DF4FF882CF57D040C058DF4F0883C05897
:10921000D0401F5F153009F0F7CEA5962EAD3FADBB
:10922000A5972F5F3F4FA5963FAF2EAFA59725304F
:10923000310509F0C7CEE32DF0E0EA5DF84F21E0FB
:1092400030E0022C01C0220F0A94EAF78081822BC1
:1092500080836A962FAE6A976B963FAE6B97EA96BD
:109260008FADEA97EB969FADEB97EC96AFADEC9791
:10927000ED96BFADED976F968CAF9DAFAEAFBFAF24
:109280006F973FEF231609F4DEC1331609F4DBC1F3
:10929000822D0E94FF1DF62E072F182FE92E862FF4
:1092A000902FA12FBE2D65968CAF9DAFAEAFBFAFF7
:1092B0006597832D0E94E41D4B015C0169968CAE7D
:1092C0009DAEAEAEBFAE6997CE018F5A9F4F0E9442
:1092D000A31D882309F4BBC120E030E040EA50E43C
:1092E0006F2D702F812F9E2D0F94C1443B016C0177
:1092F000CB01D60121968CAF9DAFAEAFBFAF21970A
:1093000025968CAE9DAEAEAEBFAE25972110EEC1B8
:109310003110C3C120E030E040EA50E4C501B4019F
:109320000F94C1444B015C01332009F4D6C193E092
:1093300093150CF4D2C122ED422E23E5522E2BE7D9
:10934000622E21E4722E21968CAD9DADAEADBFADE7
:109350002197A7968CAF9DAFAEAFBFAFA7972596CD
:109360008CAD9DADAEADBFAD2597AB968CAF9DAF2F
:10937000AEAFBFAFAB979C01AD0169966CAD7DAD53
:109380008EAD9FAD69970F94C044E1966CAF7DAFF1
:109390008EAF9FAFE197A7962CAD3DAD4EAD5FADC3
:1093A000A79765966CAD7DAD8EAD9FAD65970F941B
:1093B000C0442D966CAF7DAF8EAF9FAF2D97E196D9
:1093C0008CAD9DADAEADBFADE19761968CAF9DAF5D
:1093D000AEAFBFAF6197A7962CAD3DAD4EAD5FADC3
:1093E000A79760914C0D70914D0D80914E0D90910D
:1093F0004F0D0F94C044A7966CAF7DAF8EAF9FAF5B
:10940000A797AB962CAD3DAD4EAD5FADAB976091E0
:10941000500D7091510D8091520D9091530D0F94FC
:10942000C044AB966CAF7DAF8EAF9FAFAB978F2D27
:10943000902FA12FBE2D8DA79EA7AFA7B8AB89AA4D
:109440009AAAABAABCAA89849A84AB84BC848DAA4C
:109450009EAAAFAAB8AE2DEC3CEC4CEC5CE3C30189
:10946000B2010F94433E29813A814B815C810F9474
:10947000433E2091580D3091590D40915A0D509115
:109480005B0D0F94C14469AF7AAF8BAF9CAFA796C9
:109490002CAD3DAD4EAD5FADA797CA01B9010F949C
:1094A000433E6B017C01AB962CAD3DAD4EAD5FAD47
:1094B000AB97CA01B9010F94433E9B01AC01C701B0
:1094C000B6010F94C14420E030E040E050E40F9436
:1094D00021471816ACF420E030E040E05FE3C5011E
:1094E000B4010F94C14429966CAF7DAF8EAF9FAF8E
:1094F0002997BE01635C7F4FCE0101960E948B21AC
:1095000089859A85AB85BC8529968CAF9DAFAEAF1A
:10951000BFAF2997A3961CAE1DAE1EAE1FAEA3977C
:10952000BE01615A7F4FCE01CD960E9429248CA5A1
:109530008823C1F02AE939E949E95FE36D817E8139
:109540008F8198850F94433EA3966CAF7DAF8EAF0D
:109550009FAFA397BE01615A7F4F84E89CE00E94B1
:1095600029241CA6E090210DF090220D0091230DDE
:109570001091240DA0901D0DB0901E0DC0901F0DD8
:10958000D090200D9501A601B701C8010F94214785
:10959000181614F4750186018090330290903402FD
:1095A000A0903502B09036022DEC3CEC4CEC5DE323
:1095B000B701C8010F94433E6093330270933402A5
:1095C000809335029093360240E0BE01675B7F4F87
:1095D000CE018D960E94A69B80E1ECE4FDE0A4E81C
:1095E000BCE001900D928A95E1F78092330290924F
:1095F0003402A0923502B092360220E04FEFBE0155
:10960000675A7F4FCE0101960E94A42520E041E0D9
:10961000BE01675A7F4FCE0101960E94A4252FEF0D
:1096200040E0BE01675A7F4FCE0101960E94A425FB
:1096300021E040E0BE01675A7F4FCE0101960E94B3
:10964000A4250E9406FC8091680D8093690DAD965B
:10965000AEADBFADAD971197AD96BFAFAEAFAD9705
:10966000AB2B09F497CB6A968FAD6A9787FD92CBA7
:109670006B968FAD6B9787FF69CC8CCB8BA19CA130
:10968000ADA1BEA1E9968CAF9DAFAEAFBFAFE997DC
:109690008FA198A5A9A5BAA573CC8F2D902FA12F26
:1096A000BE2D21968CAF9DAFAEAFBFAF219720E00E
:1096B00030E040EA50E4C501B4010F94C04425965F
:1096C0006CAF7DAF8EAF9FAF259783E083150CF015
:1096D00021CEF62C072D1C2DED2C92ED492E93E575
:1096E000592E9BEF692E90E4792E2DCEA3E0A21582
:1096F0000CF04AC0A315FCF420E030E040EA50E44E
:109700006F2D702F812F9E2D0F94C04421966CAF2A
:109710007DAF8EAF9FAF219720E030E040EA50E46C
:10972000C501B4010F94C0444B015C01B3E0B31513
:109730000CF001CED2CF8F2D902FA12FBE2D2196D0
:109740008CAF9DAFAEAFBFAF219720E030E040EAD5
:1097500050E4C501B4010F94C14425966CAF7DAFB0
:109760008EAF9FAF25973110D7CF20E030E040EA91
:1097700050E46F2D702F812F9E2D0F94C044F62E34
:10978000072F182FE92EA9CF31100DC020E030E0AF
:1097900040E251E4B301C6010F94C044F62E072FF6
:1097A000182FE92EC8CDE3E0E3159CF420E030E06B
:1097B00040E251E4B301C6010F94C04421966CAF5E
:1097C0007DAF8EAF9FAF2197F62C072D1C2DED2C72
:1097D000B2CDF62C072D1C2DED2C82ED482E83E505
:1097E000582E8BEF682E81E4782EADCD2F923F92CC
:1097F0004F925F926F927F928F929F92AF92BF92A1
:10980000CF92DF92EF92FF920F931F93CF93DF934C
:1098100000D000D0CDB7DEB7B82E8091550E843081
:1098200008F0EDC10E94239B2B013C018091550E55
:10983000811108C08091680D9091690D891B8F7707
:1098400009F4F2C681E6A82E13C08A3019F08D30D3
:1098500009F00BC11092500E8091EE0D9091EF0D1A
:10986000FC01E651F24F1682892BF1F40E94EEDBE7
:109870008091550E843008F001C18091680D90915F
:10988000690D891B8F7709F4F9C00E947D3F97FF0E
:10989000DCCF0E94433481E396E00E949B328091AA
:1098A000680D8093690DE4CF1092EF0D1092EE0DCC
:1098B00000EF1DE0F8018191803209F449C08E3437
:1098C00009F0BEC06CE276E0C8010F945A3D4C012D
:1098D000892B41F06EE470E0C80104960F940F48A4
:1098E000009709F4C8014AE050E070E060E001969A
:1098F0000F94CA3A6B017C018091EA0D9091EB0DB7
:10990000A091EC0DB091ED0DAC01BD014F5F5F4F2B
:109910006F4F7F4FC416D506E606F706D9F08928A3
:10992000C9F4AC01BD014150510961097109C41666
:10993000D506E606F70634F08C159D05AE05BF0585
:109940000CF096CF60E089EF95E00E94948190CF73
:109950008F01B0CF6AE270E0C8010F943E489C01CD
:10996000009709F1982F901B912C992339F0915071
:10997000F801E90FF11D80819826F7CF4AE050E009
:1099800070E060E0C90101960F94CA3A292D30E0D9
:1099900050E040E0621773078407950741F060E0EC
:1099A0008AED95E0D2CF60E080EB95E0CECFC0921B
:1099B000EA0DD092EB0DE092EC0DF092ED0D80915E
:1099C000BF188130E1F467E470E0C8010F940F48DC
:1099D0000097A9F04AE050E070E060E001960F9433
:1099E000CA3A643071058105910548F48FE095E02D
:1099F0000E949B3260E085E095E00F94C014409295
:109A0000480D5092490D60924A0D70924B0D809115
:109A1000F00D8B3309F42CCF8091550E843008F073
:109A200027CF8091570E8A9DC001112460EF7DE001
:109A3000885A914F0F941A4880E00E94508118CFA5
:109A40008091971580FFBBCF65E870E3C8010F9444
:109A50005A3D009731F0FC01838180538A3008F031
:109A6000AECF60E086E895E070CF2EEE3DE040EFAF
:109A70005DE060E57EE00E94251DFACE809197159D
:109A800083FDBDC082FFBBC087FDB9C01A821982A9
:109A900041E6F42E54E0E52E69E6D62E8091550E6F
:109AA000843008F0ACC00E945D1D8111A8C041E067
:109AB00050E0BE016B5F7F4F8BEF96E10E94DBCDE4
:109AC0000D8110E0019711F00FEF1FEF8091031748
:109AD00090910417A0910517B091061780939315E4
:109AE00090939415A0939515B09396150E945D1DC3
:109AF0000F3F100749F4811107C00E9443348FE4DF
:109B000096E00E949B32CACF4091570E242F30E03E
:109B10000A3061F00D3051F0882309F462C0898168
:109B20009A81009719F001969A8389831092C8064A
:109B300089819A81F29EF001F39EF00D1124EB5A77
:109B4000F14FE80FF91F1382892B59F50E94EEDBC4
:109B50000E945D1D882309F4A1CF8BEF96E10E943E
:109B600088CF80918E15882391F1815080938E1536
:109B70008D9DC001112462E08651984E0E94D1F261
:109B8000E0918E1524E0E29FF0011124EA51F84E95
:109B900060817181828193810E946B1F0E9499C7AD
:109BA0007DCF1A82198281E00E94508180919315A5
:109BB00090919415A0919515B09196158093510EA2
:109BC0009093520EA093530EB093540EC1CF0E94A7
:109BD00091CF80919715886080939715E092BF1878
:109BE0005DCF4F9DA0011124485A514F9E012F5F18
:109BF0003F4F68EC76E0802F0E94251D4FCF0E94DA
:109C0000239B6B017C01B11004C080915A0C882306
:109C100051F0C0923A12D0923B12E0923C12F09274
:109C20003D12BB24B39480913C0790913D07A091D5
:109C30003E07B0913F070097A105B105B1F04091F3
:109C40003A1250913B1260913C1270913D12840F78
:109C5000951FA61FB71FA7019601281B390B4A0B9A
:109C60005B0BDA01C901B7FF12C19091B713809164
:109C7000B813981321C140910702509108026091D6
:109C8000090270910A02452B462B472B29F09817A1
:109C900009F41BC11092DD060E94239B4B015C015D
:109CA0001091A70B111108C09091B7138091B813B0
:109CB00011E0981301C010E020E030E04AE253E4E4
:109CC0006091321370913313809134139091351356
:109CD0000F94214787FD2AC181E0182781E0409138
:109CE000CD065091CE066091CF067091D006452BDF
:109CF000462B472B09F480E0811799F080E090E033
:109D0000DC01112331F0D501C40180569444A24FE7
:109D1000BF4F8093CD069093CE06A093CF06B0930D
:109D2000D0064090580D5090590D60905A0D70908B
:109D30005B0D2091C9063091CA064091CB06509127
:109D4000CC06C301B2010F94DD3D882319F1809147
:109D5000CD069091CE06A091CF06B091D00640924C
:109D6000C9065092CA066092CB067092CC06892B27
:109D70008A2B8B2B09F449C0D501C4018056944429
:109D8000A24FBF4F8093CD069093CE06A093CF06EF
:109D9000B093D0068091CD069091CE06A091CF06CB
:109DA000B091D0060097A105B10579F1881A990AFA
:109DB000AA0ABB0AB7FC29C01092CD061092CE06A3
:109DC0001092CF061092D00680EB96E00E949B3254
:109DD00060E08CE996E00F94C01480913613909166
:109DE00037131816190624F490E080E00E9422FB35
:109DF00080910A1390910B131816190634F41092DF
:109E00000B1310920A130E9468298091D906909131
:109E1000DA06A091DB06B091DC0646015701881AEC
:109E2000990AAA0ABB0AD501C401B7FDABC130919A
:109E3000B7139091B8132091000280914C0239170A
:109E400009F476C0E091B81334E7E39FF0011124E0
:109E5000EC59F74F9081899FC0011124880F892FF9
:109E6000881F990B9195281709F49FC080930002D1
:109E70000E94239B2091000221115DC01092D10607
:109E80001092D2061092D3061092D40677C00E9488
:109E9000433489E896E00E949B326091460D7091B0
:109EA000470D8EE596E00E946AF040E070E060E0C9
:109EB00090E080E00E94983EC0923A12D0923B120D
:109EC000E0923C12F0923D12D6CEB110E3CE0E9449
:109ED000239B00913A1210913B1220913C12309139
:109EE0003D128090070290900802A0900902B09065
:109EF0000A02080D191D2A1D3B1D601B710B820BE8
:109F0000930B97FDC7CE8091DD068111C5CE81E010
:109F10008093DD0680E00E9435E481E00E9435E414
:109F200082E00E9435E40E9426E4B6CE10E0D6CE50
:109F30009091420D90CF0091D1061091D2062091C0
:109F4000D3063091D406011511052105310581F4A0
:109F50006C597F4F8F4F9F4F6093D1067093D206FD
:109F60008093D3069093D40684EB8093000206C0BE
:109F7000601B710B820B930B97FDF6CF20910002B3
:109F8000222389F030E050E040E0215031094109BE
:109F90005109AFEFB0E00F9462442EEF30E040E0A3
:109FA00050E00F9443442093DF1780915802882398
:109FB00009F4DBC08090500290905102C4010297D6
:109FC0002091361330913713281739070CF4CDC080
:109FD0001091B813612C712C00E01E828091B71390
:109FE000811709F458C0812F90E044E7489FF001A1
:109FF000499FF00D1124EB5FF74F4589568967891A
:10A00000708D452B462B472B81F4418D528D638DEE
:10A01000748D452B462B472B41F4458D568D678D0E
:10A0200070A1452B462B472B99F154E7589F90017F
:10A03000599F300D1124C9018B5F974F5C01FC01C2
:10A0400061A172A183A194A10F94E23D1B012C0197
:10A05000F50165A176A187A190A50F94E23D9B0132
:10A06000AC01C201B1010F94BB45F50121813281E0
:10A07000438154810F94433E2B015C019301402F97
:10A080005E810F94214718161CF432010A2DBE82FE
:10A090001F5F1770A3CF2091540230915502409159
:10A0A000560250915702B301802F9E810F94433E78
:10A0B0002B013C01B401092C000C880B990B0F9467
:10A0C000E43D9B01AC01C301B2010F94C14469831B
:10A0D0007A838B839C834091520250915302B40146
:10A0E000CE0101960E9452FB49805A806B807C8091
:10A0F0008090D5069090D606A090D706B090D8064E
:10A10000A5019401C301B2010F94DD3D87FF1CC07E
:10A1100020E037ED43EA5CE3C301B2010F94433E14
:10A120002B013C0128E431EE4AE75FE3C501B401AD
:10A130000F94433E9B01AC01C301B2010F94C14493
:10A1400069837A838B839C8369817A818B819C81EB
:10A150006093D5067093D6068093D7069093D80661
:10A160000F942D46CB010E9422FBF4E6CF0ED11CAA
:10A17000E11CF11CC092D906D092DA06E092DB060F
:10A18000F092DC060E94EEDB8091BF18882309F470
:10A19000EDC180919E07882309F4B0C08091B31768
:10A1A000882309F4ABC08091A50B8111A7C08091D1
:10A1B0005A0C81110AC080914012813031F0809197
:10A1C000971582FF9BC087FD99C0F8948091B317C3
:10A1D000873009F0E4C18CB1829581709091DE06E0
:10A1E00098278093DE068091B217892B8093B2174F
:10A1F0006091AA177091AB178091AC179091AD1731
:10A20000789420E030E0A9010F94DD3D87FF76C00F
:10A2100001E00093A50B80915A0C81116DC085EC73
:10A2200096E00E942C3B84E08093FF0781E09AE552
:10A2300090931A15809319158EE490E090931C1555
:10A2400080931B1587E080930D1582E8809310158D
:10A2500084E890E0A0E0B0E080931115909312158F
:10A26000A0931315B09314158DEB94E10F949311F3
:10A270000E94DE330093411260E085E09EE10E947F
:10A280001D338DE09EE10E949B3280E20E94943259
:10A2900089E097E00E949B3280E30E9494328AE03A
:10A2A0000E9494320E94BB3310912F0760E0102768
:10A2B00080E998E069F487EF96E00E941D3380E31F
:10A2C0000E9494328AE00E94943260E08AED96E027
:10A2D0000E941D3385EE96E00E949B3280E30E942F
:10A2E00094328AE00E949432112331F080EE96E09D
:10A2F0009093E0078093DF070E9406FC909109018C
:10A30000892F80958170109101021817C9F0209152
:10A3100097152064209397158093010290FD61C1E9
:10A3200064EF71E080E090E00E94062D0E94BECFB5
:10A330008091971584FDA0C1111155C10F94341B54
:10A340000E94239B6B017C01109106021123F1F006
:10A350008091A80B8823D1F04091DF065091E00650
:10A360006091E1067091E20646015701841A950A50
:10A37000A60AB70AB501A40177FD1AC0833009F413
:10A380004EC10CF03DC181300CF042C1212F30E0B4
:10A39000A8EEB3E00F947544C60ED71EE81EF91E52
:10A3A000C092DF06D092E006E092E106F092E2066B
:10A3B00080914012813009F073C00E94239B6B0191
:10A3C0007C018091E7069091E806A091E906B091A2
:10A3D000EA06A7019601281B390B4A0B5B0BDA0131
:10A3E000C901B7FD3AC0D701C601805F984DAF4F94
:10A3F000BF4F8093E7069093E806A093E906B093D9
:10A40000EA0680908F1990909019A0909119B090C1
:10A4100092190F94810DAB01BC0140938F19509399
:10A42000901960939119709392198091611890918D
:10A430006218A0916318B091641888199909AA0943
:10A44000BB09840F951FA61FB71F809361189093B7
:10A450006218A0936318B09364188091E3069091FA
:10A46000E406A091E506B091E60646015701881A78
:10A47000990AAA0ABB0AD501C401B7FD11C020E898
:10A48000C20E2EEED21E26E3E21EF11CC092E3069F
:10A49000D092E406E092E506F092E6060E943FFACA
:10A4A0000F94E2120F94E42180913B07882379F105
:10A4B0000E94239B6B017C018091370790913807A4
:10A4C000A0913907B0913A0746015701881A990AB5
:10A4D000AA0ABB0AD501C401B7FD19C020913B07E8
:10A4E00030E0A8EEB3E00F947544C60ED71EE81E08
:10A4F000F91EC0923707D0923807E0923907F092E0
:10A500003A0780E00E9496D48AE00E9494328091BB
:10A510003607882359F10E94239B6B017C018091AF
:10A52000320790913307A0913407B0913507A70106
:10A530009601281B390B4A0B5B0BDA01C901B7FDE9
:10A5400015C02091360730E0A8EEB3E00F947544B3
:10A55000C60ED71EE81EF91EC0923207D0923307EE
:10A56000E0923407F09235070E9462C726960FB634
:10A57000F894DEBF0FBECDBFDF91CF911F910F9139
:10A58000FF90EF90DF90CF90BF90AF909F908F9013
:10A590007F906F905F904F903F902F900895882309
:10A5A00009F426CE649B63C091E0823009F090E00C
:10A5B00081E0911114C091E098131ACE8091AE17EA
:10A5C0009091AF17A091B017B091B1178093AA17CF
:10A5D0009093AB17A093AC17B093AD1709CE90E052
:10A5E000EBCF0E94A1CF123008F0AACE0F94341BFB
:10A5F000A7CE8AE197E09093E0078093DF07A0CE93
:10A60000843009F0C3CE0E94563681E297E004C040
:10A610000E94563680E597E00E949B32B7CE0E949A
:10A62000563689E397E0F8CF8091480D9091490D17
:10A63000A0914A0DB0914B0DA3019201281B390B3B
:10A640004A0B5B0BDA01C901885E9340A109B1098D
:10A65000B7FDF8C889E496E00E949B324092480D0D
:10A660005092490D60924A0D70924B0DEBC88230AA
:10A6700009F4A4CF80E09FCF123018F40F940D217D
:10A680005FCE123009F05CCE0E94C8D3882379F0E7
:10A6900081E00E94DDF040EB50E069EA7BE08CE96C
:10A6A00095E10E94DBCD8CE995E10E9488CF0E9464
:10A6B000AB2881119ECF0E948D280E9469F181E014
:10A6C00080938D150E9474D33BCE1F93CF93DF935D
:10A6D00080E50E941A1E882309F449C070E060E0FA
:10A6E00080E50E944F22182F6FEF7FEF83E50E94D5
:10A6F0004F22EC0101960397D0F517FD38C0E5E92C
:10A70000FDE08491181751F131968DE0EB3AF8078E
:10A71000C1F70E9406FC60E0812F0E94B49ACF3FEF
:10A72000DC0729F02197B9F4C1E0D0E00AC0812FFD
:10A730000E945D9A31E020E0892B09F030E0C32FC0
:10A74000D22F812F0E945D9A8C179D0781F080E0A7
:10A750000E94F64BF6CFD0E0C0E0F3CF0E94433426
:10A760008BEA9DE0DF91CF911F910C949B32DF919A
:10A77000CF911F9108952F923F924F925F926F92C7
:10A780007F928F929F92AF92BF92CF92DF92EF9281
:10A79000FF920F931F93CF93DF93CDB7DEB7CE59C0
:10A7A000D1090FB6F894DEBF0FBECDBF80917D0CEE
:10A7B000888B80915B0790915C07A0915D07B091B9
:10A7C0005E07AC01BD01E6E1769567955795479523
:10A7D000EA95D1F740FF19C10E94EE29811107C007
:10A7E0000E94433482EE9BE00E949B32ECC08AE5DB
:10A7F0000E94681E882339F10E945E222091640D18
:10A800003091650D4091660D5091670D0F94C044D5
:10A810006B017C0120E030E040E251ECC701B60161
:10A820000F94214787FD0AC020E030E040E251E468
:10A83000C701B6010F94DD3D181674F40E9443342D
:10A8400085ED9BE0D1CFC090540DD090550DE09098
:10A85000560DF090570DDECF40E050E060EC7FE702
:10A8600088E50E948C2220915C0D30915D0D409115
:10A870005E0D50915F0D0F94C0442B013C0140E0F0
:10A8800050E060EC7FE789E50E948C222091600D0A
:10A890003091610D4091620D5091630D0F94C04451
:10A8A0004B015C016FEF89E40E941A22182F6FEFB1
:10A8B0008AE40E941A22082FA3019201C301B20167
:10A8C0000F94B347811158C0A5019401C501B4018B
:10A8D0000F94B347811150C020919319309194196E
:10A8E0004091951950919619C301B2010F94C0443B
:10A8F00020919B1930919C1940919D1950919E195E
:10A900000F94BB4520E030E040E05FE30F94C1448A
:10A910000F942D46162F2091971930919819409138
:10A92000991950919A19C501B4010F94C04420910E
:10A930009F193091A0194091A1195091A2190F941B
:10A94000BB4520E030E040E05FE30F94C1440F944A
:10A950002D46062F812F012E000C990B97FD4DC01F
:10A9600005970CF04CC0802F002E000C990B97FD22
:10A9700048C005970CF047C0153028F5053018F58C
:10A9800080E00E94032A25E01202F0011124E00F6A
:10A99000F11D07FDFA95EE0FFF1FEE0FFF1FEC569E
:10A9A000F34FC082D182E282F3820E94682C602F32
:10A9B000812F0E948F828889882329F081E00E945C
:10A9C000032A0F942F08C256DF4F0FB6F894DEBF4C
:10A9D0000FBECDBFDF91CF911F910F91FF90EF90F0
:10A9E000DF90CF90BF90AF909F908F907F906F90AF
:10A9F0005F904F903F902F90089510E0B4CF14E0F7
:10AA0000B2CF00E0B9CF04E0B7CF69E0B695A79523
:10AA1000979587956A95D1F780FD0CC070E060E04E
:10AA200086E50E944F229A838983059730F080EB58
:10AA30009BE0DACE0E94262AC6CF60E084E40E9422
:10AA400036228F8740E050E0BA018AE50E948C22CE
:10AA50006BA77CA78DA79EA740E050E86BE376E448
:10AA600083E50E948C2220E030E040E752E40F941E
:10AA7000BB4560932D0270932E0280932F0290931A
:10AA800030020091B2131091B313F801C080D1804D
:10AA9000E280F38020E030E0A901C701B6010F9405
:10AAA000C144C556DF4F6883CB59D040C456DF4FF1
:10AAB0007883CC59D040C356DF4F8883CD59D040DE
:10AAC000C256DF4F9883CE59D04020E030E040E4BA
:10AAD00050E40F94DD3D87FF16C0C556DF4F188246
:10AAE000CB59D040C456DF4F1882CC59D040F0E447
:10AAF000C356DF4FF883CD59D04020E4C256DF4F14
:10AB00002883CE59D04020E030E84DE953E4C70116
:10AB1000B6010F94C144662EC956DF4F7883C759DA
:10AB2000D040C856DF4F8883C859D040C756DF4F42
:10AB30009883C959D04020E030E844E953E40F94A9
:10AB4000214718169CF4612C30E8C956DF4F388332
:10AB5000C759D04084E9C856DF4F8883C859D040D0
:10AB600093E4C756DF4F9883C959D040F8018480D9
:10AB70009580A680B78020E030E0A901C501B4012E
:10AB80000F94C1447B018C0120E030E040E051E4AF
:10AB90000F94DD3D87FF04C0E12CF12C00E011E4AF
:10ABA00020E030E04BE953E4C501B4010F94C14407
:10ABB000B62EC72ED82EC656DF4F9883CA59D0401E
:10ABC00020E030E042E953E40F942147181654F492
:10ABD000B12CC12C52E9D52EF3E4C656DF4FF883D1
:10ABE000CA59D04088E40E941A1E882309F463C21F
:10ABF0000E945E220F942D461B0177FF02C06F5FFB
:10AC00007F4F759567957195619571096A567F4F6C
:10AC1000072E000C880B990B0F94E43D762E872E9F
:10AC2000982EA92E9701A8010F942147181624F4F5
:10AC3000E72CF82C092D1A2DC556DF4F2881CB594A
:10AC4000D040C456DF4F3881CC59D040C356DF4F77
:10AC50004881CD59D040C256DF4F5881CE59D0409F
:10AC6000672D782D892D9A2D0F9421471816A4F061
:10AC7000C556DF4F7880CB59D040C456DF4F88800F
:10AC8000CC59D040C356DF4F9880CD59D040C256E2
:10AC9000DF4FA880CE59D040872D982DA92DBA2DF1
:10ACA0008B8B9C8BAD8BBE8BC701D8018F8B988F04
:10ACB000A98FBA8FB101330C880B990B0F94E43D27
:10ACC0001B012C01AC019B01B701C8010F94C144C9
:10ACD0007B018C012B2D3C2D4D2DC656DF4F58810D
:10ACE000CA59D0400F94DD3D87FF08C0BE2CCF2C41
:10ACF000D02EC656DF4F1883CA59D040A201910109
:10AD0000672D782D892D9A2D0F94C1447B018C01DC
:10AD1000262DC956DF4F3881C759D040C856DF4F5E
:10AD20004881C859D040C756DF4F5881C959D040D3
:10AD30000F94DD3D87FF10C06E2CC956DF4FF8829F
:10AD4000C759D040C856DF4F0883C859D040C756AE
:10AD5000DF4F1883C959D040862DC956DF4F9881DF
:10AD6000C759D040C856DF4FA881C859D040C756F0
:10AD7000DF4FB881C959D0408B8F9C8FAD8FBE8F6C
:10AD80008B2D9C2DAD2DC656DF4FB881CA59D040B2
:10AD90008F8F98A3A9A3BAA3BE01695E7F4FCE018E
:10ADA00043960E945983882309F4D4C1BE01615E91
:10ADB0007F4FCE014B960E945983082F882309F4B8
:10ADC000C9C12F89388D498D5A8D6F8D78A189A180
:10ADD0009AA10F94C04420E030E040E85EE30F9475
:10ADE000433E6B017C012B893C894D895E896B8DCB
:10ADF0007C8D8D8D9E8D0F94C04420E030E040E826
:10AE00005EE30F94433E6BA37CA38DA39EA3CFA2CE
:10AE1000D8A6E9A6FAA689819A811816190674F4AB
:10AE20008EE79BE00E949B328F85882321F084E788
:10AE30009BE00E949B328AE00E9494320E9406FCB2
:10AE40000F943A0580E00E94032A80E090E0A0E29F
:10AE5000B1E4CD56DF4F88839983AA83BB83C3595E
:10AE6000D04060E0CE018D569F4F0F94E3068F8552
:10AE7000811143C020919B1930919C1940919D19DB
:10AE800050919E196BA17CA18DA19EA10F94DD3DD7
:10AE9000811130C020919F193091A0194091A119C2
:10AEA0005091A2196FA178A589A59AA50F94DD3DAF
:10AEB000811120C0209193193091941940919519D6
:10AEC000509196196B897C898D899E890F94DD3DFF
:10AED000811110C0209197193091981940919919BA
:10AEE00050919A196F89788D898D9A8D0F94DD3DD7
:10AEF000882319F00E94262A188A60E085E40E94BF
:10AF00003622882309F429C121E0C956DF4F28835E
:10AF1000C759D0401B861C861D861E861A8A24E4CB
:10AF2000C22E2BE0D22E32E5A32E3BE0B32EFA88C0
:10AF300084E08F150CF41FC16B857C858D859E8503
:10AF40009B01AC010F94B347811115C199249394CF
:10AF500095E0292E011105C099249A9422242A945F
:10AF600084E091E009271F2D110F110F1F0D1F5FA6
:10AF7000898BF9886A89F21409F4F9C0062E000C4D
:10AF8000770B880B990B0F94E43D2FA138A549A5A9
:10AF90005AA50F94433E2F89388D498D5A8D0F94B1
:10AFA000C1442B013C016F2DFF0C770B880B990BD3
:10AFB0000F94E43D2BA13CA14DA15EA10F94433E13
:10AFC0002B893C894D895E890F94C1446B837C83B6
:10AFD0008D839E834F82588669867A8689819A817D
:10AFE000892B89F080E69BE00E949B32812F0E9492
:10AFF000DCD369E170E08EE59BE00E94E9398BE5E6
:10B000009BE00E949B321F9299E19F931F921F9396
:10B01000DF92CF92BF92AF921F920E94DE7F298172
:10B02000C956DF4F4881C759D040BE01695F7F4F85
:10B03000CE0103960E94AA842B013C014B865C86BC
:10B040006D867E860FB6F894DEBF0FBECDBFAC0115
:10B050009B010F94B347811187C089883A8825E006
:10B06000382D320370011124E30CF11C37FCFA94E3
:10B07000EE0CFF1CEE0CFF1C81E090E08C0F9D1F7E
:10B08000E80EF91EA30192016BA57CA58DA59EA5D6
:10B090000F94C144F70166A777A780AB91AB632DEE
:10B0A000882D0E948F82188A81E00E94F64B1F5FD4
:10B0B0008989890D5DCFA701B80186E40E948C22A1
:10B0C0001B012C01C556DF4F4881CB59D040C456D7
:10B0D000DF4F5881CC59D040C356DF4F6881CD59DE
:10B0E000D040C256DF4F7881CE59D0408CE40E94C8
:10B0F0008C226B8B7C8B8D8B9E8B2F8A388E498E0E
:10B100005A8E4B2D5C2D6D2DC656DF4F7881CA5956
:10B11000D04082E40E948C226B017C01462DC956EE
:10B12000DF4F5881C759D040C856DF4F6881C85992
:10B13000D040C756DF4F7881C959D04082E50E9480
:10B140008C226B8F7C8F8D8F9E8FCF8ED8A2E9A2A1
:10B15000FAA222CE84E99BE047CB33E0C956DF4F09
:10B160003883C759D040D6CE88890E94032A8A895D
:10B170008F5F8A8BDCCE0E94C37C0E9420248823B0
:10B1800059F088890E94032A80E090E0A0ECBFE794
:10B190008B879C87AD87BE876B857C858D859E85DB
:10B1A0009B01AC010F94B347811110C08F85882398
:10B1B000C1F0CE018F960E946C418F85882319F0D3
:10B1C0008889882319F081E00E94032A0F942105C1
:10B1D0000E94D7200F9495130F942F080F94951366
:10B1E000F2CBBE016D5E7F4FCE0183960E947C2C18
:10B1F00084E6FE01BF96A4E9BCE001900D928A9519
:10B20000E1F70E94682C90E080E0D5CFCF93DF93E8
:10B21000C82FD62F8091890783FD0AC00E94751E12
:10B22000882331F080916802909169020E9422FB8C
:10B230006D2F8BE00E94737CCC2339F040E061E0FD
:10B2400080E0DF91CF910C948FD680918A1991E0A4
:10B25000892780936302809163028823F1F020E0C4
:10B2600030E040E05FE360913213709133138091DE
:10B270003413909135130F94C1440F942D462091AF
:10B28000361330913713621B730B77FF03C0719530
:10B29000619571096230710544F4109263028091E6
:10B2A000890783FF06C081E00FC080E00E94F64B53
:10B2B000D2CF0E94751E8823B1F30E94563684EFC8
:10B2C00097E00E949B3280E0DF91CF910895AF928A
:10B2D000BF92CF92DF92EF92FF920F931F93CF9383
:10B2E000DF93CDB7DEB764970FB6F894DEBF0FBE1D
:10B2F000CDBF0E945F3687FDABC08AE50E94681E05
:10B30000882309F4B6C040E050E0BA018AE50E9403
:10B310008C227B018C0163E085E00E94737C20918C
:10B32000540D3091550D4091560D5091570D60E0E0
:10B3300070E088EC93E40F94C0445B016C019701CA
:10B34000A8010F942147181614F075018601C70152
:10B35000D8018D839E83AF83B88720E030E0A901B8
:10B36000B701C8010F94DD3D882321F0CE01059679
:10B370000E94791F80E090E0A0EAB1E489879A8773
:10B38000AB87BC871D861E861F86188A8CE40E94A8
:10B39000681E882309F472C00E945E226B017C0142
:10B3A00020E030E0A901C701B6010F94214787FFD3
:10B3B00004C0F7FAF094F7F8F094C98ADA8AEB8AB5
:10B3C000FC8A009136131091371304301105DCF01C
:10B3D00020E030E040E05FE360913213709133137E
:10B3E00080913413909135130F94C1440F942D46DE
:10B3F000601B710B77FF03C071956195710901E0C6
:10B40000643071050CF400E063E080E00E940659AE
:10B4100081113DC063E089E00E94737C6D817E8173
:10B420008F8198858B019C01305809831A832B8367
:10B430003C8320E030E0A9010F94DD3D882321F01A
:10B44000CE0101960E94791F60E089E00E94737C22
:10B4500064960FB6F894DEBF0FBECDBFDF91CF91DB
:10B460001F910F91FF90EF90DF90CF90BF90AF9022
:10B470000895E12CF12C00E211E44DCFC090951716
:10B48000D0909617E0909717F090981789CF83E0A7
:10B49000E82E22E0AE01475F5F4FBE016F5E7F4F37
:10B4A000CE010D960E941F87B9CF4F925F926F9287
:10B4B0007F92AF92BF92CF92DF92EF92FF921F9353
:10B4C000CF93DF9300D000D01F921F92CDB7DEB78D
:10B4D0005C01E62EF42E642F80E00E940659182F9E
:10B4E00081111BC0EE2021F060E089E00E94737C96
:10B4F000812F28960FB6F894DEBF0FBECDBFDF9127
:10B50000CF911F91FF90EF90DF90CF90BF90AF90C1
:10B510007F906F905F904F900895EE2021F06F2DF7
:10B5200083E00E94737C80E090E0A0E7B2E48D832A
:10B530009E83AF83B88780E090E0A0E8B0EC898379
:10B540009A83AB83BC83BE016B5F7F4FCE010196B4
:10B550000F94330768E873E180E090E00E94062DC5
:10B56000C12CD12C88ECE82E81E4F82ECD82DE822D
:10B57000EF82F88680E090E0A0E8B0E489839A83C7
:10B58000AB83BC83BE016B5F7F4FCE0101960F94EE
:10B5900033074090310D5090320D6090330D709014
:10B5A000340DC092310DD092320DE092330DF092F5
:10B5B000340D80E090E0A0EAB1E48D839E83AF83F8
:10B5C000B887F50180819181A281B38189839A83B3
:10B5D000AB83BC83BE016B5F7F4FCE0101960F949E
:10B5E00033074092310D5092320D6092330D7092BC
:10B5F000340D0E9426E464E670E080E090E00E9452
:10B60000062D76CF8F929F92AF92BF92CF92DF920C
:10B61000EF92FF921F93CF93DF9300D000D01F9241
:10B620001F92CDB7DEB70E945F36182F87FDACC0E2
:10B630008AE50E94681E812C912C90E2A92E91E44B
:10B64000B92E882341F040E050E0BA018AE50E941B
:10B650008C224B015C0164E083E00E94737C20E05B
:10B6600030E0A901C501B4010F94214718167CF5FB
:10B6700080E090E0A0EAB0E48D839E83AF83B8873A
:10B680002091540D3091550D4091560D5091570D0C
:10B69000C501B4010F94C1446B017C0120E030E08E
:10B6A00048EC53E40F94DD3D87FD06C0C12CD12C3E
:10B6B00088ECE82E83E4F82EC982DA82EB82FC82E1
:10B6C000BE016B5F7F4FCE0101960F94C40685E5E6
:10B6D0000E941A1E882309F469C00E945E226B0131
:10B6E0007C0120E030E0A901C701B6010F94214799
:10B6F00087FF04C0F7FAF094F7F8F094F7FAF094A3
:10B70000F7F8F094C982DA82EB82FC8244E061E0CF
:10B71000CE0101960E94555A20E030E0A901C501F2
:10B72000B4010F94214718165CF580E090E0A0EA80
:10B73000B0E48D839E83AF83B887A50194016091A7
:10B74000540D7091550D8091560D9091570D0F9499
:10B75000C0446B017C0120E030E0A9010F94214737
:10B7600018161CF0C12CD12C7601C982DA82EB822A
:10B77000FC82BE016B5F7F4FCE0101960F94C40621
:10B7800060E089E00E94737C28960FB6F894DEBFD3
:10B790000FBECDBFDF91CF911F91FF90EF90DF9053
:10B7A000CF90BF90AF909F908F90089588E018023F
:10B7B000F0011124EF56F84EC080D180E280F38072
:10B7C00090CF2F923F924F925F926F927F928F9283
:10B7D0009F92AF92BF92CF92DF92EF92FF920F9320
:10B7E0001F93CF93DF9300D000D000D0CDB7DEB74A
:10B7F0004C018B014987590161E080E998E00E9482
:10B800001D3340E85EE167E978E085E00E946A7CEC
:10B8100090915A0C81E0890F80935A0C8091971572
:10B8200082FB222720F9288782FF08C087FDC3C03A
:10B830008B7F809397159E5F90935A0C0F94811481
:10B8400080E1ECE4FDE0ABE5BCE001900D928A956F
:10B85000E1F787E00F94B701782E60E070E080E0B8
:10B8600090E4711040C02090540D3090550D4090E0
:10B87000560D5090570D20E030E040E050E4C201FA
:10B88000B1010F94C1446B017C0120E030E048EC31
:10B8900053E40F942147181634F4C12CD12C88ECB2
:10B8A000E82E93E4F92EF8016084F185FD83F80118
:10B8B000F285FE83F801F385FF839601A701662DCB
:10B8C0007D818E819F2F0F942147181624F06C2CB8
:10B8D000DD82EE82FF82A2019101662D7D818E8143
:10B8E0009F810F94C0442885222349F02091590C50
:10B8F000222329F041E0711040E00E948C260E9432
:10B9000006FC81E00E94348220E030E0A901F401CD
:10B9100060817181828193810F94DD3D882391F054
:10B920000E942EFB81110EC080E090E0A0E7B2E4FF
:10B9300089839A83AB83BC83BE016F5F7F4FC40151
:10B940000F943307711004C0B80180E00F94CE0D3E
:10B9500020E030E0A901F50160817181828193814D
:10B960000F94DD3D882329F042E06985C5010E94DE
:10B97000555A0E9426E464E670E080E090E00E9460
:10B98000062D81E029960FB6F894DEBF0FBECDBF1D
:10B99000DF91CF911F910F91FF90EF90DF90CF90AB
:10B9A000BF90AF909F908F907F906F905F904F90DF
:10B9B0003F902F900895188641CFCF92DF92EF925B
:10B9C000FF92CF93DF936B017C01D42FC091A80B22
:10B9D00083E08093A80B81E08093A70BC114D1046E
:10B9E000E104F10431F00E94239BC60ED71EE81E2D
:10B9F000F91E8091A70B882389F0C114D104E104BA
:10BA0000F10421F48D2F0E94F64BF3CF0E94239B6B
:10BA10006C197D098E099F0997FDF4CF1092A70B31
:10BA2000C093A80BDF91CF91FF90EF90DF90CF9064
:10BA30000895CF92DF92EF92FF92CF93DF9380E54C
:10BA40000E94681EC12CD12C7601882321F00E940F
:10BA50007B216B017C0183E50E94681E882361F0D5
:10BA60000E945E2220E030E04AE754E40F94433E17
:10BA70000F9434466B017C010E9406FC80915F07A5
:10BA800090916007009791F10F947D18C0915F0726
:10BA9000D0916007209779F10E94DE3382E0809395
:10BAA000411260E085E09EE10E941D3389E395E14B
:10BAB0000E949B3280E20E949432CE010E9430C7E5
:10BAC0008AE00E94943282E39EE1009711F00E9486
:10BAD000C7330E94BB3340E0C701B601DF91CF916D
:10BAE000FF90EF90DF90CF900C94DD5C8FE495E1B8
:10BAF0000F944A1ACBCF80916207909163076FE34E
:10BB000075E1892B11F067E475E130E020E042E354
:10BB10005EE182E00E94EA33DECFFF920F931F9333
:10BB2000CF93DF93CDB7DEB72D970FB6F894DEBF76
:10BB30000FBECDBF082F162F0E94733761E0812FF3
:10BB40000E94F9280E94239B685370458F4F9F4F96
:10BB500060936B0C70936C0C80936D0C90936E0CD7
:10BB600010926F0CF090A80B83E08093A80B30E04C
:10BB700020E042E35EE162E878E082E00E94EA339E
:10BB800082E898E00F944A1A81E08093A70B809195
:10BB9000A70B882309F46AC060E0812F0E94F9286E
:10BBA00080916F0C882309F45DC060E08AE00E94F8
:10BBB000737C0E94563688E698E00E949B3230E003
:10BBC00020E042E558E069E578E082E00E94EA334F
:10BBD00089E598E00F944A1A41E060E070E0CB01FB
:10BBE0000E94DD5C30E020E050E040E065E478E079
:10BBF00085E00E94EA3365E478E0CE0101960F9477
:10BC0000233DCE0101960F9438140F94830E60E00B
:10BC100080E00E940659802F0E9473370E94239B68
:10BC2000685370458F4F9F4F60936B0C70936C0CF3
:10BC300080936D0C90936E0C10926F0C30E020E0AE
:10BC400042E35EE169E378E082E00E94EA3389E35F
:10BC500098E00F944A1A81E08093A70B61E0812F4E
:10BC60000E94F92881E00E94F64B91CFF092A80B38
:10BC70002D960FB6F894DEBF0FBECDBFDF91CF91EA
:10BC80001F910F91FF900895BF92CF92DF92EF9294
:10BC9000FF920F931F93CF93DF93CDB7DEB7A0979B
:10BCA0000FB6F894DEBF0FBECDBF0E945F3687FD92
:10BCB000DCC061E081E00E94737C85E40E94681E24
:10BCC000882309F4E2C00E945E226B017C0120E01F
:10BCD00030E0A9010F94214787FF04C0F7FAF094E0
:10BCE000F7F8F094F7FAF094F7F8F094C98EDA8E3A
:10BCF000EB8EFC8E8CE0E0E8F2E0DE011196019024
:10BD00000D928A95E1F788E50E94681E882351F01C
:10BD100040E050E0BA0188E50E948C2269837A8372
:10BD20008B839C8389E50E94681E882351F040E044
:10BD300050E0BA0189E50E948C226D837E838F8357
:10BD400098878AE50E94681E882351F040E050E001
:10BD5000BA018AE50E948C2269877A878B879C8743
:10BD6000C0909117D0909217E0909317F09094178D
:10BD700085E50E94681E882321F00E945E226B01E7
:10BD80007C0120E030E0A901C701B6010F942147F2
:10BD900087FF04C0F7FAF094F7F8F094F7FAF094FC
:10BDA000F7F8F094CD8EDE8EEF8EF8A262E070E0B0
:10BDB00082E40E944F22B82E80915A0C811155C006
:10BDC0009E01235E3F4F41E0BE016F5F7F4FCE017A
:10BDD00049960E94E15B882309F447C06B2D81E0FE
:10BDE0000E948D5D70E060E082E50E944F228C0130
:10BDF00080E090E0A0EAB1E48D8B9E8BAF8BB88F92
:10BE0000C0909517D0909617E0909717F0909817DC
:10BE10008CE40E94681E882321F00E945E226B0140
:10BE20007C0120E030E0A901C701B6010F94214751
:10BE300087FF04C0F7FAF094F7F8F094C98ADA8A19
:10BE4000EB8AFC8A1D861E861F86188A80915A0CF2
:10BE5000882359F02B2DAE014B5E5F4FBE016F5E04
:10BE60007F4FCE010D960E94EAA1A0960FB6F894DE
:10BE7000DEBF0FBECDBFDF91CF911F910F91FF901D
:10BE8000EF90DF90CF90BF900895C12CD12C80E827
:10BE9000E82E80E4F82E26CFCF92DF92EF92FF9229
:10BEA0000F931F93CF93DF93CDB7DEB76C970FB689
:10BEB000F894DEBF0FBECDBF8CE40E94681E8823BD
:10BEC00009F4AFC00E945E226B017C0120E030E0EB
:10BED000A9010F94214787FF04C0F7FAF094F7F8FF
:10BEE000F094F7FAF094F7F8F094C98EDA8EEB8EAE
:10BEF000FC8E8CE0E0E8F2E0DE01119601900D92FC
:10BF00008A95E1F788E50E94681E8823A1F040E049
:10BF100050E0BA0188E50E948C2220915C0D30919E
:10BF20005D0D40915E0D50915F0D0F94C04469838B
:10BF30007A838B839C8389E50E94681E8823A1F005
:10BF400040E050E0BA0189E50E948C222091600D0A
:10BF50003091610D4091620D5091630D0F94C0447A
:10BF60006D837E838F8398878AE50E94681E88236D
:10BF700051F040E050E0BA018AE50E948C226987C6
:10BF80007A878B879C8761E080E00E94737C1D86A6
:10BF90001E861F86188A80915A0C811133C09E011B
:10BFA000235F3F4F40E0BE016F5F7F4FCE01499658
:10BFB0000E94E15B882331F160E080E00E948D5DAA
:10BFC000898D9A8DAB8DBC8DB0588D8B9E8BAF8B30
:10BFD000B88F198A1A8A1B8A1C8A1D861E861F869C
:10BFE000188A80915A0C882369F010E000E020E064
:10BFF000AE014B5E5F4FBE016F5E7F4FCE010D966F
:10C000000E94EAA16C960FB6F894DEBF0FBECDBFBA
:10C01000DF91CF911F910F91FF90EF90DF90CF9024
:10C020000895C12CD12C80E8E82E80E4F82E59CF59
:10C030002F923F924F925F926F927F928F929F9238
:10C04000AF92BF92CF92DF92EF92FF920F931F9326
:10C05000CF93DF93CDB7DEB7CC54D1090FB6F894A8
:10C06000DEBF0FBECDBF2D968FAF2D972091A80BB1
:10C070002C962FAF2C9781E08093A80B80916407BA
:10C080008D3409F426C6843511F40C94AE758734CA
:10C0900009F0AFC180916207909163078B319105E0
:10C0A00009F4FEC108F097C18430910508F04EC133
:10C0B0002091BF188230910508F4ACC1233008F4F8
:10C0C000AFC111E0029709F010E00E9450271982D9
:10C0D0001A821B821C821D821E821F82188682E5A4
:10C0E0000E94681E882309F4B1C10E945E226B0180
:10C0F0007C0120E030E0A9010F94DD3D882309F4A4
:10C1000008C140904C0D50904D0D60904E0D7090B8
:10C110004F0D8091500D9091510DA091520DB09105
:10C12000530D27968CAF9DAFAEAFBFAF27978090D2
:10C13000840C9090850CA090860CB090870C809118
:10C14000880C9091890CA0918A0CB0918B0C2B9645
:10C150008CAF9DAFAEAFBFAF2B97A5019401C301CC
:10C16000B2010F94DD3D811111C02B962CAD3DAD78
:10C170004EAD5FAD2B9727966CAD7DAD8EAD9FAD6F
:10C1800027970F94DD3D882309F4C3C0A3019201D2
:10C19000C501B4010F94C04420E030E040E05FE30B
:10C1A0000F94433E23966CAF7DAF8EAF9FAF239726
:10C1B00027962CAD3DAD4EAD5FAD27972B966CAD60
:10C1C0007DAD8EAD9FAD2B970F94C04420E030E045
:10C1D00040E05FE30F94433E2B013C0120E030E060
:10C1E000A901C701B6010F94DD3D881F8827881F6C
:10C1F000181709F422C180E090E0A0E8BFEB279671
:10C200008CAF9DAFAEAFBFAF279723962CAD3DADA2
:10C210004EAD5FAD2397CA01B9010F94433E4B0168
:10C220005C01A3019201C301B2010F94433E9B0143
:10C23000AC01C501B4010F94C1440F946F474B0189
:10C240005C01AC019B01C701B6010F94C0442B9661
:10C250006CAF7DAF8EAF9FAF2B97A5019401C70147
:10C26000B6010F94C1449B01AC012B966CAD7DAD22
:10C270008EAD9FAD2B970F94433E6B017C0120E068
:10C2800030E0A9010F94214787FDDCC0C701B6014A
:10C290000F946F476B017C01C301B2019058A50157
:10C2A00094010F94BB4527962CAD3DAD4EAD5FADCF
:10C2B00027970F94433EA70196010F94433E239680
:10C2C0002CAD3DAD4EAD5FAD23970F94C144698356
:10C2D0007A838B839C83A501940123966CAD7DADFD
:10C2E0008EAD9FAD23970F94BB4527962CAD3DADEA
:10C2F0004EAD5FAD27970F94433EA70196010F9473
:10C30000433EA30192010F94C1446D837E838F83CA
:10C31000988720E030E0A90169817A818B819C8136
:10C320000F94DD3D8111A6C020E030E0A9016D81B0
:10C330007E818F8198850F94DD3D81119BC00E9485
:10C34000433488E39FE00E949B326AC085319105A7
:10C3500009F466C08A31910509F49FC0049709F079
:10C3600048C080E50E94681EC12CD12C760188232C
:10C3700021F00E947B216B017C0183E50E94681EF5
:10C38000882361F00E945E2220E030E04AE754E416
:10C390000F94433E0F9434466B017C010E9406FCCF
:10C3A0008091E911811105C060E08EE49FE00F9457
:10C3B000C0140E94239BC60ED71EE81EF91E0E94C1
:10C3C000239B6C197D098E099F0997FF29C080E086
:10C3D0000E94F64BF4CF8A32910509F41DC360F434
:10C3E0008D31910509F44DC208F473C04E9709F4DC
:10C3F0007AC20E941D8214C08B35910509F4C0C316
:10C400008C35910509F4C0C38A35910591F71092D6
:10C41000400706C0233020F00E9450270F94790275
:10C420002D962FAD2D97211102C00E9494A12C961C
:10C430003FAD2C973093A80BC7C580E090E0A0E8F3
:10C44000BFE3DDCEC12CD12C760126CF89E40E943A
:10C45000681E882331F00E945E2269837A838B8371
:10C460009C838AE40E94681E882309F452CF0E94AC
:10C470005E224BCF412FBE016F5F7F4F84E89CE06F
:10C480000E94A69B0E94239B60933A1270933B12DA
:10C4900080933C1290933D12C3CF0E944644C0CF7C
:10C4A00087E00F94152F8111BBCF8CE0ECE8F2E010
:10C4B000DE01119601900D928A95E1F770E060E03F
:10C4C00080E50E94F821BE016F5F7F4F0F94CE0D73
:10C4D000A7CF87E00F94B701811111C080915B074E
:10C4E00090915C07A0915D07B0915E070EE0B69554
:10C4F000A795979587950A95D1F780FD91CF0E94D2
:10C5000006FC10920E0260917D0C8CE40E94362293
:10C51000E82E80E00E94032A0E94239B60933A1237
:10C5200070933B1280933C1290933D120F943A0506
:10C5300081E080936E180F94310A80915B0790918F
:10C540005C07A0915D07B0915E0719E1B695A795CC
:10C55000979587951A95D1F7E82FE170FE2E10E098
:10C5600080FF0EC081E00F94B701082F82E00F9486
:10C57000B70111E0811101C010E001110C94C375E5
:10C5800080915B0790915C07A0915D07B0915E0779
:10C59000F7E1B695A79597958795FA95D1F780FF1E
:10C5A00002C00C94C37511110DC000915E0701709B
:10C5B00001130AC0012FF11207C011E001E0FF24AE
:10C5C000F39402C0012F10E082E50E94681ED82E6D
:10C5D00060E070E080E890E4D1100E945E226BAFD2
:10C5E0007CAF8DAF9EAF20E030E0A9010F94DD3D20
:10C5F000882391F0D11007C0111105C0011103C0AB
:10C60000FF2009F42EC160E0CE01CB960F94E30623
:10C610000E9402300E94CC2F112309F45AC000233B
:10C6200009F454C010924C0D10924D0D10924E0D05
:10C6300010924F0D1092500D1092510D1092520DFC
:10C640001092530D0F94EF078EED9BE6ADE8B2E428
:10C650008FAB98AFA9AFBAAF87E294E30E941A24D8
:10C6600020E030E040EC5FE30F94433E9058698354
:10C670007A838B839C8383E294E30E941A2420E0D4
:10C6800030E040EC5FE30F94433E90586C8F7D8F19
:10C690008E8F9F8FAE01495C5F4FBE016F5F7F4FF2
:10C6A000CE014C960F94A2060F94C60A10924C0D20
:10C6B00010924D0D10924E0D10924F0D1092500D84
:10C6C0001092510D1092520D1092530D80E00F9464
:10C6D000B00B002319F081E00F94B00BFF2009F498
:10C6E000C0C080915B0790915C07A0915D07B091FD
:10C6F0005E07E7E0B695A79597958795EA95D1F7F8
:10C7000080FD9EC083E00F94152F8111A8C00F9467
:10C71000EF0720917218309173184091741850915E
:10C72000751860E070E086E193E40F94C0444B011B
:10C730005C012091761830917718409178185091CB
:10C74000791860E070E086E193E40F94C0442B0117
:10C750003C018091540D9091550DA091560DB091D2
:10C76000570D80938C0C90938D0CA0938E0CB093EE
:10C770008F0C0091B2131091B313D8012D913D91FC
:10C780004D915C91C501B4010F94C0444B015C0113
:10C790008092840C9092850CA092860CB092870CAB
:10C7A000F8012481358146815781C301B2010F947C
:10C7B000C0442B013C014092880C5092890C60923D
:10C7C0008A0C70928B0C27E137EB41ED58EB0F94FC
:10C7D000214787FD39C023E030E04BE953E4C30132
:10C7E000B2010F94DD3D18167CF127E137EB41EDE6
:10C7F00058EBC501B4010F94214787FD25C023E004
:10C8000030E84DE953E4C501B4010F94DD3D18163D
:10C81000DCF01C8E1D8E1E8E1F8E88E0E4E8FCE08E
:10C82000DE01119601900D928A95E1F7AE01445E0A
:10C830005F4FBE016B5F7F4FCE0101960F94A20642
:10C8400082E00F94B00B0BC060E089E69FE00F948C
:10C85000C0140E94563687E59FE00E949B320E94DA
:10C86000D7200F94EF0780916D1880936E18EE20FB
:10C8700019F081E00E94032A0F9421050F942F08DC
:10C88000CFCD0E94239B60933A1270933B1280930A
:10C890003C1290933D1280917D0C81111DC08091BE
:10C8A0005B0790915C07A0915D07B0915E077DE00A
:10C8B000B695A795979587957A95D1F780FF04C08F
:10C8C0008AE79FE00E94FF7587E00F94152F811182
:10C8D000A7CD0E94BB53A4CD60E08FE40E94362216
:10C8E0008823E9F29DCD88E50E94681E882309F41B
:10C8F00081C00E945E2220915C0D30915D0D4091BF
:10C900005E0D50915F0D0F94C04469837A838B83D1
:10C910009C8389E50E94681E882309F474C00E94E4
:10C920005E222091600D3091610D4091620D509119
:10C93000630D0F94C0446D837E838F839887BE01FF
:10C940006B5F7F4FCE0101960E945983882309F4C3
:10C9500067CD80E00E94032A0F943A0561E085E4E8
:10C960000E943622182F21E0482FBE016B5F7F4FB7
:10C97000CE0101960E94AA846B017C01AC019B014F
:10C980000F94B34781112EC020915C0D30915D0D45
:10C9900040915E0D50915F0D69817A818B819C8100
:10C9A0000F94C144AB01BC018AE89FE00E94863726
:10C9B0002091600D3091610D4091620D5091630D99
:10C9C0006D817E818F8198850F94C144AB01BC013C
:10C9D00085E89FE00E948637B701A60180E89FE0C6
:10C9E0000E948A380F94210511110E94D7200F94BC
:10C9F0002F0816CD60914C0D70914D0D80914E0D0C
:10CA000090914F0D82CF6091500D7091510D80919A
:10CA1000520D9091530D8FCF8091BF18833008F441
:10CA2000FFCC89E40E94681E182FE12C882319F09E
:10CA30000E944B22E82E8AE40E94681E082F882359
:10CA400079F00E944B22F82E112309F490C0F4E0F3
:10CA5000FE1508F089C082E99FE00E949B32E0CC7D
:10CA6000F12C1111F4CF80E1ECE4FDE0A4E8BCE08E
:10CA700001900D928A95E1F7112359F08E2D0E94B5
:10CA8000FF1D6093840C7093850C8093860C9093AB
:10CA9000870C002359F08F2D0E94E41D6093880CB1
:10CAA0007093890C80938A0C90938B0C60E080E5E6
:10CAB0000E9436228823C1F11123D1F0E091B213F4
:10CAC000F091B31320813181428153816091840CB4
:10CAD0007091850C8091860C9091870C0F94C044C6
:10CAE0006093840C7093850C8093860C9093870CD4
:10CAF0000023D1F0E091B213F091B313248135817A
:10CB0000468157816091880C7091890C80918A0CC4
:10CB100090918B0C0F94C0446093880C7093890C97
:10CB200080938A0C90938B0C40E050E0BA0186E42D
:10CB30000E948C226B017C0120E030E0A9010F945F
:10CB400021471816CCF420E030E040E752E4C7015A
:10CB5000B6010F94BB4569837A838B839C83CE0196
:10CB600001960F9459055CCC002309F47CCF24E096
:10CB70002F1508F078CF6FCF60E070E0CB01EBCFDE
:10CB80008FE0809340074CCC80916107882381F12E
:10CB9000893009F045CC58E9A52E52E0B52E6CE459
:10CBA000C62E6DE0D62EE12C00E010E0D5018D916F
:10CBB0005D010E94681EF82E882361F0133011F089
:10CBC000E82EF02E0E945E22F6016083718382833C
:10CBD00093830F2D1F5FF4E0CF0ED11C143031F77B
:10CBE000EE2009F464C00F94EF070F942F0818CCBF
:10CBF00048E9C42E42E0D42EF12CE12C00E010E0F4
:10CC0000D6018D916D010E94681E382E882309F48B
:10CC100047C00E945E224B015C01133059F0F701BE
:10CC2000E45AF24F20813181428153810F94C044F4
:10CC30004B015C01F701E45BF24F208131814281BD
:10CC40005381C501B4010F94C0442B013C012DEB6D
:10CC500037E346E855EB0F94214787FD0AC02DEBDB
:10CC600037E346E855E3C301B2010F94DD3D1816E2
:10CC7000BCF4133021F1F701E358F64E5F01A30134
:10CC8000920160817181828193810F94C144D501A9
:10CC90006D937D938D939C931397812F0F949701A0
:10CCA0001F5FB4E0EB0EF11C143009F0A9CF002394
:10CCB00009F49BCF88E59DE00F94180096CF8092F1
:10CCC000580D9092590DA0925A0DB0925B0D032D04
:10CCD000E7CF80916207909163078D37910509F442
:10CCE000BDC408F034C28E34910509F40DC608F0B5
:10CCF000FFC08B31910509F4B5C408F079C08531C6
:10CD0000910509F48EC408F042C08131910509F4FF
:10CD100037C430F4029708F06CCB0E94195D80CBC9
:10CD20008231910509F48AC6449709F062CB80915B
:10CD3000971584FF6EC483EC9FE00E949B3260E0F5
:10CD40008CE40E943622182F8091971584FF1AC018
:10CD500087EB95E10E9428D08BE1E7EBF5E1DE015E
:10CD6000119601900D928A95E1F730E020E0412F75
:10CD700070E060E0CE0101960E9474F1CE01019650
:10CD80000E94BD2884EB9FE00E949B3249CB8831F2
:10CD9000910509F45FC4B0F48631910509F445C4E6
:10CDA000479709F026CB80915F0790916007FC01BF
:10CDB0002191222309F445C42032D1F7DF011197D4
:10CDC0001C92F6CF8931910509F448C44A9709F0BD
:10CDD00010CB8091971584FF23CB83E50E94681EBA
:10CDE000882309F41DCB0E94E8210E946B1F18CBF9
:10CDF0008132910509F4B4C408F040C08E31910528
:10CE000009F49EC468F48C31910509F491C44D97DE
:10CE100009F0EFCA809197158E7F8093971500CB0C
:10CE20008F31910509F447C5809709F0E2CA8091D6
:10CE3000971582FF03C087FF0E9406FC809197151B
:10CE400084FFEECA60E080E50E943622182F682F2A
:10CE500080915F07909160070E94D1F283E50E9464
:10CE6000681E882321F00E94E8210E946B1F0E9407
:10CE700099C71111D5CA0E948E2DD2CA8B34910543
:10CE800009F43AC550F58A32910509F431C589345F
:10CE9000910509F0AECA80E50E94681E8823A1F0C2
:10CEA0000E945E2220E030E048EC52E40F94433EC2
:10CEB0000F9434466031E7E27E0710F060E177E2DC
:10CEC00070937C1960937B1982E50E94681E882309
:10CED00009F4A6CA0E947B21A3CA8C34910509F4E7
:10CEE0000FC58D34910509F084CA0E94902D98CA0F
:10CEF0008D36910509F411C508F089C08C3591056E
:10CF000009F4F1C508F03FC08335910509F48EC5D9
:10CF100078F48135910509F46EC58235910509F0E3
:10CF200068CA809140078F7D80618093400778CAEE
:10CF30008435910509F482C58535910509F059CAF2
:10CF400083E50E941A1E882309F46ACA0E94239B63
:10CF500060933A1270933B1280933C1290933D126F
:10CF60000E945E2220E030E04AE754E40F94433E02
:10CF70000F94344660933C0770933D0780933E07BF
:10CF800090933F074DCA8A36910509F4CBC4B0F59A
:10CF90008836910509F4BCC48936910509F029CA7F
:10CFA0000E945F36182F87FD0AC088E190E10E9439
:10CFB0009B32812F0E9496D48AE00E9494322C9654
:10CFC000FFAD2C97F093A80BC45BDF4F0FB6F8941E
:10CFD000DEBF0FBECDBFDF91CF911F910F91FF90AC
:10CFE000EF90DF90CF90BF90AF909F908F907F9009
:10CFF0006F905F904F903F902F9008958B369105E2
:10D0000009F4B2C48C36910509F40ACAF2C983370F
:10D01000910509F46CC508F057C08037910509F4F3
:10D02000FFC908F042C08E36910509F4A8C48F36B6
:10D03000910509F0DEC983E50E94681E882321F06E
:10D040000E940622809389070E94563689E290E169
:10D050000E949B3280918907882309F4A3C410E0C1
:10D0600000E020E08091890790E0002E02C09595B5
:10D0700087950A94E2F780FF12C0FF24F394F20E22
:10D08000222319F08CE20E949432F801EE0FFF1F68
:10D09000E15EFF4E859194910E949B322F2D0F5F90
:10D0A0001F4F05301105F1F610C38137910509F4C2
:10D0B0007CC48237910509F09CC90E94B88189EC33
:10D0C00093E10E9437E3ACC98737910509F4FEC5A7
:10D0D00078F58537910509F4CDC58637910509F0B6
:10D0E00088C900915F071091600794E0F12C40E03F
:10D0F000915009F4DAC5D8018C91282F2B7F213467
:10D1000009F0CBC511962C91213309F0CEC581349D
:10D1100009F4D9C5853409F441E098012E5F3F4FE9
:10D1200089012F5F3F4FD8018C918032C9F3E0CF46
:10D130008837910509F4CEC58937910509F059C999
:10D1400010926E1810926D180F94310A69C98A39BD
:10D15000E1E09E0709F464C908F001C18D3D910525
:10D1600011F40C94257108F094C08B3C910509F4DE
:10D1700023C608F04CC08E3B910509F437C468F50E
:10D180008C38910509F42DC48B39910509F031C90A
:10D1900083E50E94681E882309F442C90E94062282
:10D1A000182F8C3308F08CE380933B070E94239B5D
:10D1B0006B017C01212F30E0A8EEB3E00F947544A1
:10D1C000C60ED71EE81EF91EC0923707D092380748
:10D1D000E0923907F0923A0723C9883C910509F497
:10D1E00082C5893C910509F004C980915B0784FDE3
:10D1F000B8C580915D07887809F0B3C580915E0756
:10D20000837009F0AEC581E00E94AF3909C98E3C38
:10D21000910509F4E0C6D8F48C3C910509F400C6E8
:10D220008D3C910509F0E5C880915B07827109F09A
:10D230004CC680915D078C7809F047C680915E07E7
:10D24000837009F042C681E00E941139E9C8833D2C
:10D25000910509F4F3C68C3D910509F0CAC8809187
:10D260005B0790915C07A0915D07B0915E076091AC
:10D270003102709132020097A105B10509F0B9C7DA
:10D280008BE993E10E94E93988E993E10E949B329E
:10D29000C7C88E3221E0920711F40C94967268F59B
:10D2A0008232A1E09A0711F40C94807160F4823EFE
:10D2B000910511F40C947C718831914009F099C862
:10D2C0000E94FB39ADC88C32F1E09F0711F40C9439
:10D2D00006728D32914009F08CC880915B0783FF04
:10D2E00002C00C941C7280915C07817811F00C9440
:10D2F0001C7281E00E94503893C8803931E0930756
:10D3000011F40C94E072D0F48F32B1E09B0711F469
:10D310000C94DC728033914009F06BC880915B07FC
:10D3200083FF02C00C94597280915C07817811F0E0
:10D330000C94597281E00E94B13872C88139F1E0D1
:10D340009F0711F40C94E4728239914009F051C89E
:10D350000E9420240E94D7200F942F0861C88F3488
:10D3600032E0930711F40C94C57308F067C0843F52
:10D37000B1E09B0711F40C94987368F5843AF1E0DE
:10D380009F0711F40C941973C0F48C3931E09307A2
:10D3900011F40C94C5738D39914009F02AC883E5C6
:10D3A0000E941A1E882311F40C949E750E94262256
:10D3B0008093590C0E94952833C8853AB1E09B07A9
:10D3C00011F40C941D738C3A914011F00C94F96196
:10D3D0000E94473425C8873FF1E09F0711F40C9461
:10D3E000A07378F4853F31E0930711F40C949C739B
:10D3F000863F914011F00C94F9610F94FD0F0C944D
:10D400001062883FB1E09B0711F40C94AA738C3032
:10D41000924011F00C94F9611091971512FD02C021
:10D420000C94BD7317FF02C00C94BD730E94682D4D
:10D4300080FB17F9109397150C9410628C36F3E06B
:10D440009F0711F40C94106208F03FC08D3B32E04E
:10D45000930711F40C944C74E0F48835B2E09B0708
:10D4600011F40C94C9738B35924011F00C94F9614E
:10D4700080915C0783FF02C00C94CD7380915D079F
:10D48000887111F00C94CD7381E00E94643E0C947D
:10D4900010628E3BF2E09F0711F40C9450748335B8
:10D4A000934011F00C94F96180915D0787FF02C0F1
:10D4B0000C94547480915E07837011F00C94547432
:10D4C00081E00E94343E0C941062873E33E0930763
:10D4D00011F40C948E75C8F48438B3E09B0711F4F2
:10D4E0000C942675803A934011F00C94F9612091C8
:10D4F0005F07309160079091971592609093971510
:10D50000C9010E948AF00C941062883EF3E09F07E4
:10D5100011F40C94A375893E934011F00C94F961B9
:10D520000E9406FC80919715877F8B7F80939715CB
:10D5300080918D1581110C94A7750E948D280E94F1
:10D5400069F10F94810D6D3371058105910520F00E
:10D550008FED94E10E94FF758BED94E10E94FF75C1
:10D5600080E197EA90937C1980937B1987EC94E192
:10D570000E949B3283EC94E10E94FF750C94106230
:10D580000E94921D882399F185E40E941A1E882327
:10D5900061F08091300790913107892B21F00E9432
:10D5A0004B22811102C00E942EE438E9E32E32E0C2
:10D5B000F32E10E0D7012D917D01215480915B075E
:10D5C00090915C07A0915D07B0915E0704C0B6958D
:10D5D000A795979587952A95D2F780FF03C0812F4D
:10D5E0000E946CE41F5F133029F70C94106260E016
:10D5F0008BEA9FE00F94C01480E00E946CE481E00D
:10D600000E946CE482E00E946CE40E942EE40C9480
:10D6100010620E94563684ED9FE00E949B320C946B
:10D6200010620E94BECF0C9410628091971582FF09
:10D6300004C087FD02C00C9410620E94A1CF0C941C
:10D64000106260E00E94D1F210927C1910927B1956
:10D650000C9410620E9435330C9410620E944C5F4F
:10D660000C94106280915B0790915C07A0915D071C
:10D67000B0915E0722E0B695A795979587952A9574
:10D68000D1F780FF2CC088EE9FE00E949B328091F2
:10D69000FE168823F9F0BE016F5F7F4F8BEF96E196
:10D6A0000E94D4CECE0101960E9430C7CE010196D1
:10D6B0000E946ED080914F12882339F080E20E9440
:10D6C00094328FE492E10E9430C78AE00E94943243
:10D6D0000C9410628EED9FE00E949B32F6CF83E5A2
:10D6E0000E94681E882301F10E940622182F8C33A5
:10D6F00008F08CE3809336070E94239B6B017C012A
:10D70000212F30E0A8EEB3E00F947544C60ED71E6B
:10D71000E81EF91EC0923207D0923307E092340718
:10D72000F09235070C9410620E9462C70C9410624C
:10D7300080915F07909160070E948AF00C941062BC
:10D740008091971584FD02C00C9410620E9448825B
:10D7500080915F07909160070E9404F10C94106221
:10D7600000915F0710916007D12CC12C01151105A4
:10D77000C1F0F80101900020E9F731979F01201BCB
:10D78000310B6901D801CD01801B910B82179307E2
:10D7900044F48D918F32B9F7CD010197FC011082CD
:10D7A000F2CF8BE1E7EBF5E1DE015C9601900D92A3
:10D7B0008A95E1F7F12CE12CEC14FD040CF05DC02E
:10D7C000F801EE0DFF1D8081811103C0FFEFEF1AFC
:10D7D000FF0A5801AE0CBF1CD5018C91882309F4B7
:10D7E0004CC0BFEFEB1AFB0AF801EE0DFF1D7F01E5
:10D7F000E01AF10A81918111FACFCE014C960E9474
:10D8000028D08BE1FE017C96DE01119601900D92ED
:10D810008A95E1F7B501CE0101960E9433C8CE0189
:10D8200001960E94BD288FE20E94943280914F128F
:10D83000882361F18FE492E10E9430C780919715AF
:10D8400085FF1BC019821C8221E0A501BE01645E18
:10D850007F4FCE0101960E949CD081111AC08AE0B0
:10D860000E9494320E945636B50187EF9FE00E94D5
:10D87000B840CE0101960E94BD288AE00E949432F1
:10D88000CE014C960E94BD280C94106282E492E175
:10D89000D3CFCE014C960E9488CF8BE1FE0131960A
:10D8A000DE015C9601900D928A95E1F7CE0101961A
:10D8B0000E94BD2881CF0F94810D6C8F7D8F8E8F3C
:10D8C0009F8FBE016F5F7F4FCE014C960E948C1ED2
:10D8D00060E0CE0101960F94DD2E0E945636BE0107
:10D8E0006F5F7F4F8BE090E10E946AF00C941062B2
:10D8F0000E943F350C9410620E948E2D0C94106291
:10D900000F9481140C9410620E94C2400C94106217
:10D9100080E00E94A7430C94106281E00E94A7431C
:10D920000C94106260E080E50E941A2281110C9430
:10D93000106280915B076091420D062F80FD02C04E
:10D940000FEF10E083E50E94681E882349F00E94D3
:10D95000E8218B016F3F710519F010F00FEF10E017
:10D960000093420D0C94106260E080E50E941A2240
:10D9700081110C9410621092420D0C9410628EE48E
:10D980000E94681E882311F40C9410620E94E82102
:10D990006093EA0D7093EB0D8093EC0D9093ED0D79
:10D9A0000C9410628BE190E197CE83E50E94681E93
:10D9B000882369F00E9406228D3320F480930602AA
:10D9C0000C9410628CE3809306020C9410620E9407
:10D9D00056366091060280E390E10E9461410C940A
:10D9E000106280E00E949E290C94106281E00E94E7
:10D9F0009E290C9410620E9417FC1092420D0E9406
:10DA000054D90E94902D1092440D1092430D68EE4F
:10DA100073E080E090E00E94062D60E087E390E1F3
:10DA20000F94C0140E94891E0C94106280914007CC
:10DA30008F7E8062809340070C94106283E50E9481
:10DA4000681E8823F1F00E94239B60933A12709322
:10DA50003B1280933C1290933D120E945E2220E084
:10DA600030E04AE754E40F94433E0F943446609309
:10DA70000702709308028093090290930A020C94A3
:10DA800010620E94921D882351F10E9406FC85E4D9
:10DA90000E941A1E81110E9426E4B8E9EB2EB2E022
:10DAA000FB2E10E0D7012D917D01215480915B0761
:10DAB00090915C07A0915D07B0915E0704C0B69598
:10DAC000A795979587952A95D2F780FF03C0812F58
:10DAD0000E9435E41F5F133029F70C9410620E94F6
:10DAE00017FC0C9410620E948A360C94106285E335
:10DAF00092E10E949B328AE00E94943260E085E2CB
:10DB000092E10E94043360E080E192E10E940433DC
:10DB100061E089E092E10E94043361E08EEF91E1DF
:10DB20000E94043360E08FEE91E10E94043361E0D3
:10DB30008FED91E10E94043360E086ED91E10E9457
:10DB4000043361E08CEC91E10E94043361E082ECEB
:10DB500091E10E94043361E08BEB91E10E94043378
:10DB600061E083EB91E10E94043361E085EA91E199
:10DB70000E94043361E087E991E10E94043360E090
:10DB800088E891E10E94043360E08AE791E10E9415
:10DB9000043360E084E691E10E94043361E083E5B0
:10DBA00091E10E94043361E08EE391E10E9404332D
:10DBB00061E08FE291E10E94043361E088E291E14B
:10DBC0000E94043360E08BE191E10E94043360E045
:10DBD00084E191E10E94043361E08BE091E10E94D5
:10DBE000043361E086EF90E10E94043361E088EE47
:10DBF00090E10E94043360E08EED90E10E940433D6
:10DC000060E087EC90E10E94043361E08AEB90E1F0
:10DC10000E94043361E087EA90E10E94043360E0EF
:10DC20008AE990E10E94043361E085E990E10E9475
:10DC3000043361E088E890E10E94043360E084E707
:10DC400090E10E94043360E081E690E10E94043399
:10DC500060E08AE995E10E94791D682F617088E58E
:10DC600090E10E94043360E08AE490E10E94043372
:10DC70000C94106280915F0790916007009749F0C3
:10DC8000FC012081222329F061E00F94DD2E0C9409
:10DC900010620E94C37C0C941062803531F4F8014C
:10DCA000818180538A3008F438CA41110E94563667
:10DCB000FF2021F083E393E10E949B32C8010F947F
:10DCC000D92E0C941062FF24F39427CA0F94A10953
:10DCD0000C94106281E080936E1880936D180F94FD
:10DCE000310A0C94106280915B0783FD09C080911A
:10DCF0005D078C7029F481E00E94E3380C94106277
:10DD00000E945F36182F87FF02C00C9410620091AA
:10DD10009D1784E40E94681EF82E8823B1F00E94AB
:10DD20005E224B015C0120E030E0A9010F94DD3D53
:10DD30008823A9F0B4E01B02F0011124E756F84E45
:10DD400080829182A282B3820F2D602F83E50E9490
:10DD5000362280939D170E94CCFC0C94106280E0C8
:10DD6000F8CF0E945F3687FF02C00C94106208E96A
:10DD700012E0F9EFEF2EFCE0FF2EACE9CA2EA2E094
:10DD8000DA2EF80181918F010E94681E882361F0CC
:10DD90000E945E220F943446D7016D937D938D933C
:10DDA0009C9313970E9494FBB4E0EB0EF11CC016F9
:10DDB000D10639F70C94106280915B0784FD0DC089
:10DDC00080915D07887849F480915E07837029F41B
:10DDD00081E00E9485390C9410620E945F3687FFB3
:10DDE00002C00C941062E8E9EE2EE2E0FE2E10E094
:10DDF00000E0F70181917F010E94681E882349F0AD
:10DE00000E945E22F801E750F34F64A375A386A336
:10DE100097A30C5F1F4F0031110559F70C94106246
:10DE200080915C0787FD09C080915D078E7029F4A1
:10DE300081E00E9463390C94106283E50E94681EA1
:10DE4000882391F00E945E2260932D0D70932E0D19
:10DE500080932F0D9093300D6093350D7093360D98
:10DE60008093370D9093380D80E50E94681E8823BB
:10DE700051F00E945E2260932D0D70932E0D8093C1
:10DE80002F0D9093300D82E50E94681E882351F07B
:10DE90000E945E226093310D7093320D8093330D9A
:10DEA0009093340D84E50E94681E882311F40C942D
:10DEB00010620E945E226093350D7093360D809340
:10DEC000370D9093380D0C94106282E40E94681E06
:10DED000882351F00E947B216093090D70930A0DF5
:10DEE00080930B0D90930C0D83E50E94681E882390
:10DEF00051F00E945E226093390D70933A0D809329
:10DF00003B0D90933C0D84E50E94681E882351F0E0
:10DF10000E945E2260933D0D70933E0D80933F0DF5
:10DF20009093400D88E50E94681E882351F00E945E
:10DF30005E2260938E0770938F0780939007909373
:10DF4000910789E50E94681E882351F00E945E2295
:10DF5000609392077093930780939407909395072B
:10DF60008AE50E94681E182F882351F00E945E22C5
:10DF700060939607709397078093980790939907FB
:10DF800085E40E94681E882351F00E945E226093FF
:10DF90009A0770939B0780939C0790939D0711238A
:10DFA00011F40C9410622DEC3CEC4CEC5DE36091B0
:10DFB00096077091970780919807909199070F9411
:10DFC000DD3D181614F40C94106286E393E10E9470
:10DFD0009B320C94106280915B0790915C07A0913A
:10DFE0005D07B0915E0768E9C62E62E0D62E72E743
:10DFF000E72E78E1F72E10E0892B8A2B8B2B29F462
:10E0000081E00E948F380C941062D6018D916D01D1
:10E010000E94681E882351F00E945E22F7016083EF
:10E02000718382839383812F0F9497011F5FF4E0A4
:10E03000EF0EF11C133049F70C94F56583E50E944F
:10E040001A1E882331F00E94262280930D020C9420
:10E0500010626AE873E181E00E942B8210910D0248
:10E06000105D81E893E10E949B32812F0E949432DF
:10E070008DE793E10E949B3280910D020E941F3434
:10E0800040905C0D50905D0D60905E0D70905F0D46
:10E0900020910F0230911002409111025091120212
:10E0A000C301B2010F94C14423966CAF7DAF8EAF14
:10E0B0009FAF23978090600D9090610DA090620DAE
:10E0C000B090630D2091130230911402409115021B
:10E0D00050911602C501B4010F94C14427966CAF4C
:10E0E0007DAF8EAF9FAF2797C090640DD090650D28
:10E0F000E090660DF090670D2091170230911802A4
:10E100004091190250911A02C701B6010F94C144FF
:10E110002B966CAF7DAF8EAF9FAF2B9720911B02DC
:10E1200030911C0240911D0250911E02C301B201A8
:10E130000F94C1442B013C0120911F023091200219
:10E140004091210250912202C501B4010F94C144B3
:10E150004B015C0120912302309124024091250261
:10E1600050912602C701B6010F94C1446B017C0196
:10E1700085E793E10E949B3223964CAD5DAD6EAD79
:10E180007FAD239788E693E10E94863727964CADB2
:10E190005DAD6EAD7FAD279788EC9EE10E9486371E
:10E1A0002B964CAD5DAD6EAD7FAD2B9785EC9EE1B2
:10E1B0000E94863783E793E10E949B328BE693E1CE
:10E1C0000E949B32B301A20188E693E10E94863748
:10E1D000B501A40188EC9EE10E948637B701A60133
:10E1E00085EC9EE10E9486378AE00E9494320C946E
:10E1F00010628C019D0151E1369527951795079581
:10E200005A95D1F700FF08C020910B0230910C0203
:10E210003093320220933102B695A7959795879552
:10E2200080FF04C070930C0260930B0283E50E9490
:10E23000681E882311F40C9410620E944B22909364
:10E240003202809331020C9410620E945F36082FD4
:10E2500087FF02C00C94106283E50E94681E002EA6
:10E26000000C110B7801EE0CFF1C882359F10E9461
:10E270004B22F701E55DFD4F91838083000F111F55
:10E28000000F111F9801295D3D4F7901BC01990FC5
:10E29000880B990B0F94E43D2AE037ED43E25CE3F1
:10E2A0000F94433E0657184FD8012D913D914D9143
:10E2B0005C910F94433EF701608371838283938363
:10E2C0000C9410620E94563685E40E94943280E3DA
:10E2D000800F0E949432F701E55DFD4F60817181EE
:10E2E0008FE993E10E94E93985E20E9494328AE045
:10E2F0000E9494320C9410620E9465530C94106238
:10E300008AE50E94681E882309F45CC00E945E2290
:10E3100020E030E040E050EC0F94DD3DC12CD12CEA
:10E32000E12C00ECF02E87FD13C00E945E2220E05D
:10E3300030E040E050E40F942147C12CD12CE12C77
:10E3400010E4F12E181624F00E945E226B017C016D
:10E350002091150D3091160D4091170D5091180D0B
:10E36000C701B6010F94433E0F942D46CB010E9486
:10E370002F9B61E080E50E943622882341F1A701AE
:10E3800096016091AE137091AF138091B01390918C
:10E39000B1130F94C1446093AE137093AF13809385
:10E3A000B0139093B1130E9456364091AE13509122
:10E3B000AF136091B0137091B11386EB93E10E949B
:10E3C0008A3805C083E50E94681E81119FCF809125
:10E3D0005D0787FD14C080915E07837081F40E9401
:10E3E00056364091AE135091AF136091B0137091B7
:10E3F000B11387EA93E10E948A380C94106282E597
:10E400000E941A1E8111EBCF0C94106264E071E03F
:10E4100083E50E94F8218C0168EE73E080E50E949C
:10E42000F8218938F3E19F0710F088E893E1B801FB
:10E430000F9468130C94106280E50E94681E882374
:10E4400051F00E945E2260934E1370934F1380939D
:10E4500050139093511389E40E94681E882381F021
:10E460000E945E222CEA35EC47E25EE30F94433EC5
:10E4700060935213709353138093541390935513D6
:10E4800084E40E94681E882381F00E945E222CEAA8
:10E4900035EC47E25EE30F94BB45609356137093EF
:10E4A000571380935813909359130E9416240C9479
:10E4B000106280E50E94681E882351F00E945E224F
:10E4C0006093221370932313809324139093251346
:10E4D00089E40E94681E882381F00E945E222CEA53
:10E4E00035EC47E25EE30F94433E6093261370934E
:10E4F0002713809328139093291384E40E94681EA5
:10E50000882311F40C9410620E945E222CEA35ECF0
:10E5100047E25EE30F94BB4560932A1370932B137D
:10E5200080932C1390932D130C94106283E50E941A
:10E530001A1E182F882369F00E944B229C01909389
:10E5400069028093680291E0232B09F090E0909398
:10E550008A1980E50E941A1E882361F020916802C2
:10E5600030916902232B11F00E94262280938A1990
:10E570000C94106211110C9410620E94563681EEB8
:10E5800093E10E949B3280918A19882391F089EC53
:10E5900093E10E949B32609168027091690280ED64
:10E5A00093E10E94E9398CEC93E10E949B320C9438
:10E5B000106285EC93E1EDCF0E94A9320C941062B9
:10E5C0000E9406FC0C941062C0905B07D0905C0720
:10E5D000E0905D07F0905E07B7E0F694E794D7947B
:10E5E000C794BA95D1F721E0C222DD24EE24FF249E
:10E5F00083E50E941A1ECD28CE28CF2841F4811130
:10E6000008C00E94A3220F942F080C941062882344
:10E6100021F00E9426228093830C0E94563684EFBC
:10E6200093E10E949B328091830C0E941F340C94D2
:10E6300010620E94E7410C9410626FEF7FEF89E453
:10E640000E944F22082F6FEF7FEF8AE40E944F2233
:10E65000182F8AE50E94681ED12C811107C081E520
:10E660000E94681ED82E882309F493C2C02E81E030
:10E67000800F863008F054C0912E81E0810F8630E3
:10E6800008F04EC00E945E222B013C01F02E07FDD7
:10E69000F12C07FF02C0A4E0CA2E812E17FD812CA9
:10E6A00017FF02C0F4E09F2EE5E03E2ECF14A0F14C
:10E6B000E82C3F9C500111249E1460F10E2D10E0B7
:10E6C00020E030E0A901DD2069F0F501E00FF11F45
:10E6D000EE0FFF1FEE0FFF1FEC56F34F208131812D
:10E6E000428153810A0D1B1D000F111F000F111FC6
:10E6F0000C56134FC301B2010F94C144D8016D935E
:10E700007D938D939C9313976E2D8F2D0E948F82F6
:10E71000E394D2CFF394CACF0E94682C0C94106279
:10E720000E94433485E294E10E949B320C94106273
:10E730000F9402150C9410620F94E81D0C94106253
:10E7400061E083E50E94362291E089270F941E2123
:10E750000C94106281E08093A2170E9424FA109218
:10E76000A217882311F40C9410620E9456368EE38F
:10E7700094E10E949B320C94106214FD02C00C9430
:10E7800010620E9448820C9410620E9497370C9489
:10E7900010620E94445E0C9410620E945F36082F43
:10E7A00087FF02C00C94106285E50E94681E8823D2
:10E7B00051F10E945E224B015C01E02E002E000C04
:10E7C000FF0820E030E0A9010F94214787FF04C033
:10E7D000B7FAB094B7F8B09420E030E84BE354E4D3
:10E7E000C501B4010F942147970143E0220F331F65
:10E7F0004A95E1F72F56384E1816CCF1F901808270
:10E800009182A282B3828CE40E94681E882311F454
:10E810000C9410620E945E226B017C01002E000CA1
:10E82000110B20E030E0A9010F94214787FF04C0BD
:10E83000F7FAF094F7F8F09420E030E84BE354E472
:10E84000C701B6010F942147980193E0220F331FAF
:10E850009A95E1F72F56384E18169CF0D901149668
:10E86000CD92DD92ED92FC9217970C94106280E0AD
:10E8700090E8ABE3B4E4F90180839183A283B3838E
:10E88000C2CF80E090E8ABE3B4E4F90184839583E0
:10E89000A683B7830C9410620E9467590C9410628F
:10E8A0000E94025B0C9410622090A6133090A71374
:10E8B0000091A8134090A9135090AA136090AB1335
:10E8C0007090AC13F091AD13FFAFC090AE13D09029
:10E8D000AF13E090B013F090B11388E50E94681E6A
:10E8E000182F882309F482C00E945E224B015C012C
:10E8F00020E030E046E953EC0F94214787FD0BC040
:10E9000020E030E046E953E4B401C5010F94DD3D59
:10E9100018160CF06DC06CE271E086E894E10E947C
:10E92000E9396CE271E081E894E10E94E9398EE70F
:10E9300094E10E949B3210E089E50E94681E8823C2
:10E9400041F10E945E224B015C0120E030E046E98B
:10E9500053EC0F94214787FD0BC020E030E046E9DF
:10E9600053E4B401C5010F94DD3D18160CF044C00A
:10E970006CE271E08BE694E10E94E9396CE271E0AF
:10E9800086E694E10E94E93983E694E10E949B3295
:10E9900010E08AE50E94681E882399F10E945E2299
:10E9A0006B017C0120E030E040E151EC0F94214705
:10E9B00087FD0AC020E030E040E151E4C701B60124
:10E9C0000F94DD3D1816ECF467EF7FEF81E594E1DD
:10E9D0000E94E93969E070E08CE494E10E94E93931
:10E9E00089E494E10E949B320C94106211E0A4CF60
:10E9F00014010A2D4B2CA0CF582C692C7A2CBFAEB9
:10EA0000C8CF112311F40C941062C101A02FB42DB2
:10EA10008093A6139093A713A093A813B093A91360
:10EA2000852D962DA72DBFAD8093AA139093AB1380
:10EA3000A093AC13B093AD13C092AE13D092AF13AA
:10EA4000E092B013F092B1130C941062A09083077F
:10EA5000B0908407C0908507D09086078BE40E9411
:10EA6000681E882339F10E945E227B018C0120E020
:10EA700030E0A9010F94214787FD0AC020E030E073
:10EA800040E251E4B701C8010F94DD3D1816A4F42B
:10EA90008FE30E9494328BE40E94943284EA94E1E2
:10EAA0000E949B328CE994E10E949B3289E994E1B7
:10EAB0000E949B32750186019701A801B501C6012C
:10EAC0000F94DD3D882361F00E9406FCC701D80148
:10EAD0008093830790938407A0938507B09386075C
:10EAE00080915B0790915C07A0915D07B0915E07F4
:10EAF000892B8A2B8B2B11F00C9410620E945636B6
:10EB00004091830750918407609185077091860733
:10EB100088EB94E10E948A380C94106283E0809321
:10EB2000BF181092291260E083E50E9436228111FD
:10EB30000C9410620E9479810C94106281E00E9412
:10EB40002B340C9410620E9471760C9410620E9417
:10EB500074D381110C9410620C949D6A1091620719
:10EB60000E94239B60933A1270933B1280933C1255
:10EB700090933D12112311F40C941062812F0E9486
:10EB8000E2D30C94106211110C94DA6211E00C942F
:10EB9000D5620E94433485E094E10E949B320C943C
:10EBA0001062DF92EF92FF920F931F93CF93DF9348
:10EBB000EC01E090460DF090470D8AE0D82E6AE017
:10EBC00070E0CE010F940F488C01009711F0FC010A
:10EBD0001082CE010E94AC2281E00E9418600115D3
:10EBE000110519F0E801D992EACFC701DF91CF9161
:10EBF0001F910F91FF90EF90DF900C94AC224F92F9
:10EC00005F926F927F928F929F92AF92BF92CF92BC
:10EC1000DF92EF92FF920F931F93CF93DF93CDB7C5
:10EC2000DEB77C014DB65EB66090460D7090470D24
:10EC30008DB69EB66AE070E0C7010F94183D6C0176
:10EC40008C010E191F09892B21F4C7010F942A3D4D
:10EC50008C01C80101962DB73EB7281B390B0FB6A2
:10EC6000F8943EBF0FBE2DBF8DB79EB701965C01D5
:10EC7000A801B7010F944B3DF501E00FF11F108281
:10EC8000C5010E94AC2281E00E941860C114D10429
:10EC900051F076019FEFE91AF90A0FB6F8949EBE7B
:10ECA0000FBE8DBEC5CF0FB6F8949EBE0FBE8DBEF3
:10ECB000C3010E94AC220FB6F8945EBE0FBE4DBEDB
:10ECC000DF91CF911F910F91FF90EF90DF90CF9048
:10ECD000BF90AF909F908F907F906F905F904F907C
:10ECE00008952F923F924F925F926F927F928F92F0
:10ECF0009F92AF92BF92CF92DF92EF92FF920F93CB
:10ED00001F93CF93DF93CDB7DEB7C659D1090FB6A6
:10ED1000F894DEBF0FBECDBF0E94AB288823F1F16F
:10ED200080915B0790915C07A0915D07B0915E07B1
:10ED3000AC01BD0132E176956795579547953A95B7
:10ED4000D1F740FF45C088EA9EE00E942C3B8EEF41
:10ED5000809379191092781981E09AE590931A15A9
:10ED6000809319158CE490E090931C1580931B15EB
:10ED700087E080930D1582E88093101584E890E079
:10ED8000A0E0B0E08093111590931215A093131595
:10ED9000B09314158DEB94E10F949311CA56DF4F85
:10EDA0000FB6F894DEBF0FBECDBFDF91CF911F919C
:10EDB0000F91FF90EF90DF90CF90BF90AF909F901A
:10EDC0008F907F906F905F904F903F902F9008951D
:10EDD00022E0B695A795979587952A95D1F780FF5C
:10EDE00007C00E948D280E9469F10F947C1AD6CF2B
:10EDF00040904E0C50904F0C6090500C7090510C05
:10EE00008091570C81FF05C090918907986090937D
:10EE1000890782FB882780F980938A198DE99EE013
:10EE20000E94FF758091DE0B9091DF0B9E012F5F9A
:10EE30003F4F7901009799F09F938F9385E99EE06A
:10EE40009F938F933F932F930F94743DC7010E941C
:10EE5000D1750F900F900F900F900F900F908091A1
:10EE6000DC0B9091DD0B843B910514F484EB90E076
:10EE70009F938F938DE89EE09F938F93FF92EF92E5
:10EE80000F94743DC7010E94D1759091B20BCF567B
:10EE9000DF4F9883C159D0402091B30BCE56DF4F3E
:10EEA0002883C259D0403091B40BCD56DF4F388300
:10EEB000C359D0408091B50BCC56DF4F8883C459DD
:10EEC000D0402091BC0B3091BD0B4091BE0B5091B6
:10EED000BF0B692FCE56DF4F7881C259D040CD5637
:10EEE000DF4F8881C359D040CC56DF4F9881C45939
:10EEF000D0400F94C144962E872E382E292E85E8B7
:10EF00009EE00E94FF758091570C0F900F900F901C
:10EF10000F900F900F9080FDD8C1CF56DF4FA88083
:10EF2000C159D040CE56DF4FB880C259D040CD56DF
:10EF3000DF4FC880C359D040CC56DF4FD880C4596A
:10EF4000D0408E010F571F4F23E041E0B501C601AD
:10EF50000F94AA389F938F938CE79EE09F938F9393
:10EF6000FF92EF920F94743DC7010E94D1750F90EC
:10EF70000F900F900F900F900F909501A601692DA3
:10EF8000782D832D922D0F9421471816FCF423E041
:10EF900041E0692D782D832D922D0F94AA389F93EF
:10EFA0008F9382E79EE09F938F93FF92EF920F944F
:10EFB000743DC7010E94D1750F900F900F900F9074
:10EFC0000F900F90A92CB82CC32CD22C8AE69EE06F
:10EFD0000E94FF7587E08093820C8093891960916D
:10EFE000E10B7091E20B8091E30B9091E40B8E01A9
:10EFF0000F571F4F21E041E00F94AA389F938F9342
:10F000008091570C83FB882780F9CB56DF4F88838C
:10F01000C559D040CA56DF4F1882C659D040CB568A
:10F02000DF4F88819981C559D040C0969F938F93B7
:10F030008FE59EE09F938F93FF92EF920F94743D24
:10F04000C7010E94D17521E041E0B501C6010F94CE
:10F05000AA389F938F9386E59EE09F938F93FF92AC
:10F06000EF920F94743DC7010E94D1758091570CA7
:10F070000FB6F894DEBF0FBECDBF84FF1FC06091F6
:10F08000D80B7091D90B8091DA0B9091DB0B23E0B8
:10F0900041E00F94AA389F938F938EE49EE09F9354
:10F0A0008F93FF92EF920F94743DC7010E94D17528
:10F0B0000F900F900F900F900F900F908091DC0B9E
:10F0C0009091DD0B009799F09F938F9386E49EE0DB
:10F0D0009F938F93FF92EF920F94743DC7010E940C
:10F0E000D1750F900F900F900F900F900F9080910F
:10F0F000E00B8823A1F01F928F931F921F928BE346
:10F100009EE09F938F93FF92EF920F94743DC701FF
:10F110000E94D1750FB6F894DEBF0FBECDBF6091CF
:10F12000AE0B7091AF0B8091B00B9091B10B8E0133
:10F130000F581F4F23E041E00F94AA38D82EC92E54
:10F140006091AA0B7091AB0B8091AC0B9091AD0BC1
:10F15000005F1F4F23E041E00F94AA38CF92DF9267
:10F160009F938F938DE29EE09F938F93FF92EF92F8
:10F170000F94743DC7010E94D17523E041E0CF5642
:10F18000DF4F6881C159D040CE56DF4F7881C259D8
:10F19000D040CD56DF4F8881C359D040CC56DF4F89
:10F1A0009881C459D0400F94AA389F938F9383E2DB
:10F1B0009EE09F938F93FF92EF920F94743DC7014F
:10F1C0000E94D1758091BB0B8F938091BA0B8F9366
:10F1D0008DE19EE09F938F93FF92EF920F94743D89
:10F1E000C7010E94D1756091B60B7091B70B8091E9
:10F1F000B80B9091B90B23E041E00F94AA389F938C
:10F200008F9384E19EE09F938F93FF92EF920F94F0
:10F21000743DC7010E94D1758CE0E0ECFBE0A2E7F1
:10F22000B8E101900D928A95E1F78CE0ECECFBE0FF
:10F23000ADE7B9E101900D928A95E1F780E00F9476
:10F24000970181E00F94970182E00F9497018091DC
:10F25000560C8093400781E08093590C0E949528BA
:10F2600085EE9BE09F938F9381E39EE29F938F9324
:10F27000FF92EF920F94743D0FB6F894DEBF0FBE6D
:10F28000CDBFC7010E94D1758091550C8F9380919D
:10F29000540C8F938091530C8F938091520C8F93C9
:10F2A0007F926F925F924F9288E09EE09F938F9340
:10F2B000FF92EF920F94743DC7010E94D1750FB673
:10F2C000F894DEBF0FBECDBF69CDA92CB82CC32CDE
:10F2D000D22C37CECF93DF93C091560EC0936E07DA
:10F2E00081E6C89FE0011124C85AD14F8091890757
:10F2F00080FF05C00E945636CE010F94D92ECE0154
:10F300000E94AC2280E0DF91CF910C941860815074
:10F31000823108F05AC0E82FF0E08827ED56F64811
:10F320008F4F0D94B844B379B779A579AB79AF799C
:10F33000E579BA79C079C479CA79CE79D279D879A0
:10F34000DC79E579E079E679EA79809180008F7758
:10F35000809380000895809180008F7DF9CF809107
:10F360008000877FF5CF84B58F7784BD089584B5FD
:10F370008F7DFBCF8091B0008F778093B000089590
:10F380008091B0008F7DF9CF809190008F7780932E
:10F3900090000895809190008F7DF9CF809190002A
:10F3A000877FF5CF8091A0008F778093A00008958C
:10F3B0008091A0008F7DF9CF8091A000877FF5CF4D
:10F3C000809120018F778093200108958091200102
:10F3D0008F7DF9CF80912001877FF5CF3FB7F894DB
:10F3E0008091690790916A07A0916B07B0916C07B3
:10F3F00026B5A89B05C02F3F19F00196A11DB11D90
:10F400003FBFBA2FA92F982F8827BC01CD01620FCB
:10F41000711D811D911D42E0660F771F881F991F86
:10F420004A95D1F70895FC01DB018C91208131814F
:10F43000382798E0A901220F331F57FD05C09150CE
:10F44000C9F7318320830895B1E22B27B0E13B2730
:10F45000F6CF00C0000082E090E00197F0F7089539
:10F46000CF92DF92EF92FF920F931F93CF93DF9390
:10F47000FB0101900020E9F73197AF01461B570BC4
:10F48000E9F14932510514F048E250E08C01005690
:10F490001F4FEAE5D801EC93FC01EF55FF4FA5EAB9
:10F4A000A0833196A3E0A40FA0833196A2E8A083A5
:10F4B00031963083319620833196DB018D91819393
:10F4C000CD01861B970B84179507C4F36801F12CB7
:10F4D000E12CEA012596CE15DF055CF0F60181915D
:10F4E0006F010E94F9300E94297AFFEFEF1AFF0A9C
:10F4F000F2CF8EE2D8011D928A95E9F7DF91CF9184
:10F500001F910F91FF90EF90DF90CF9008958F9211
:10F510009F92AF92BF92EF92FF921F93CF93DF9390
:10F52000CDB7DEB7A0970FB6F894DEBF0FBECDBF44
:10F53000611571058105910591F120E04AE0842E65
:10F54000912CA12CB12C11E0120FEE24E394F12C9C
:10F55000EC0EFD1EE20EF11C27FDFA94A5019401AC
:10F560000F942144F7016083B901CA01212F61156D
:10F5700071058105910539F7115018F1E1E0F0E0CE
:10F58000EC0FFD1FE10FF11D17FDFA95908187E348
:10F590009A3008F480E3890F0E949432EDCF80E323
:10F5A000A0960FB6F894DEBF0FBECDBFDF91CF910E
:10F5B0001F91FF90EF90BF90AF909F908F900C9411
:10F5C0009432A0960FB6F894DEBF0FBECDBFDF9188
:10F5D000CF911F91FF90EF90BF90AF909F908F9031
:10F5E0000895CF92DF92EF92FF926B017C01F7FEBC
:10F5F0000BC0F094E094D094C094C11CD11CE11CC9
:10F60000F11C8DE20E949432C701B601FF90EF9089
:10F61000DF90CF900C94877ABF92CF92DF92EF92D7
:10F62000FF920F931F93CF93DF93EB01FC01238194
:10F63000223008F4DCC040855185628573854F71A6
:10F64000552766277727452B462B472B09F0CFC038
:10F650008C011092501210924F12C12CDD24DA94BA
:10F660007E01FBE0EF0EF11C5DE0B52E40E250E0C4
:10F67000BE01C8010E94DBCD9C01809779F081E03A
:10F68000232B09F480E08195DF91CF911F910F9199
:10F69000FF90EF90DF90CF90BF90089528812223B4
:10F6A00009F4A7C0253E11F02E3229F41092501211
:10F6B00010924F12DBCF8B858F738F3009F05FC0B4
:10F6C0008A8D9B8D892B69F52F718FEF820F853085
:10F6D00040F58D85213009F444C0C81245C0215041
:10F6E000330BB29EC001B39E900D1124880F991F59
:10F6F000DC01A15BBD4EFE0120E02B30C0F1468154
:10F7000037814C9311963C9311972F5F1296329646
:10F710002D3099F7288126FF04C087599D4EFC01A2
:10F7200010828B8583FDA2CFAFE4B2E161E972E183
:10F7300050E040E01FE511968C9111972C91022E1C
:10F74000000C330B382BE901CC27D87FFA01E15BA1
:10F75000FD4ECA010196C11508EDD00729F51083A9
:10F760002CC0C82ED12CBBCFDD24D394B8CF2530EC
:10F7700018F044813581C5CF41813281C2CFD1108B
:10F780000EC0FE0180E080FB879587F99191890F7B
:10F79000EE16FF06C1F7C81621F2DD24D3941092AD
:10F7A000501210924F12BDCF790100E8E022EF28ED
:10F7B00059F42083232B09F467CF12966A177B072D
:10F7C00009F462CFAC01B7CFCD2B49F6E90136E0A1
:10F7D000D695C7953A95E1F7C06CC083815B9D4E85
:10F7E0002F732068FC012083CA010296E6CF8FEFB9
:10F7F0004BCF80E049CFEF92FF920F931F93CF93AF
:10F80000DF93CDB7DEB7EB970FB6F894DEBF0FBE30
:10F81000CDBF8C017C012FEFE21AF20A8091ED132B
:10F820009091EE138F3F980711F40E942DD0909382
:10F83000EE138093ED138E159F05E0F18F3F98072F
:10F8400011F40E942DD09093EE138093ED13009548
:10F850001095080F191F82ED95E10E9428D08BE1C9
:10F86000E2EDF5E1DE01919601900D928A95E1F7C6
:10F8700010E0BE016F5F7F4FCE0181960E940C7B2E
:10F8800018167CF4CE0101960E9400C8882389F3E3
:10F8900001131EC0BE016F5F7F4F82E492E10E94A0
:10F8A0001DC8CE0181960E94BD2881E09091421230
:10F8B000911101C080E0EB960FB6F894DEBF0FBE49
:10F8C000CDBFDF91CF911F910F91FF90EF900895E1
:10F8D0001F5FCFCF90914112911104C030E020E022
:10F8E0000C94EA330895CF93C82F81E090E20E94F0
:10F8F0009B326C2F0C2E000C770B880B990B0E94FF
:10F90000F17A8AE00E949432C0933F02CC3008F032
:10F9100038C0EC2FCC0FFF0B8827EE56F3488F4FE3
:10F920000D94B8449E7CA37CA97CA67CAC7CAF7C67
:10F93000B27CBE7CB57CC17CB87CBB7C84EF9FE193
:10F94000CF910D944A1A83EE9FE1FACF85ED9FE1A6
:10F95000F7CF81EC9FE1F4CF8EEA9FE1F1CF81EA0E
:10F960009FE1EECF84E99FE1EBCF86E89FE1E8CF0E
:10F9700086E79FE1E5CF89E69FE1E2CF89E59FE158
:10F98000DFCFCF9108950E94822D81111BC08091FD
:10F99000971582FF0EC087FD0CC080914F12811118
:10F9A00005C082E492E161E00D94DD2E8FE492E1E6
:10F9B000FACF80914012813041F08BE29FE16FEFEE
:10F9C0000D94C0148CE49FE1FACF80E49FE1F7CF5F
:10F9D0008F929F92AF92BF92CF92DF92EF92FF925F
:10F9E0000F931F93CF93DF9300D01F92CDB7DEB755
:10F9F000FC018381813091F080E00F900F900F9097
:10FA00000F90DF91CF911F910F91FF90EF90DF90BA
:10FA1000CF90BF90AF909F908F900895818181FF8C
:10FA2000EBCF81899289A389B489892B8A2B8B2B6F
:10FA300009F460C07F0140E050E0BA01CF010E94AC
:10FA4000C7CB8823C9F2F701C18CD28C85889688F0
:10FA5000A788B08C82E090E0A0E0B0E0F60180835F
:10FA60009183A283B3839E012F5F3F4FB501A40111
:10FA7000C6010E9440C9882309F4BECF00E010E00F
:10FA80009801B501A401C6010E94AEC8882309F4FB
:10FA9000B3CF89809A80AB80BC80F60187898031A2
:10FAA00001F5F8EF8F16FFEF9F06A104B104D8F21D
:10FAB000F701158A168A178A108E118A128A138AFC
:10FAC000148A818180688183C7010E9492CB882338
:10FAD00009F492CF40E050E0BA01C7010E94C7CBC1
:10FAE0008CCF88EF88168FEF9806A8068FE0B806AF
:10FAF000F8F6B9CF81E081CF2F923F924F925F927B
:10FB00006F927F928F929F92AF92BF92CF92DF922D
:10FB1000EF92FF920F931F93CF93DF9300D01F922A
:10FB2000CDB7DEB7382E7B012DB73EB73C832B8394
:10FB300080916917811107C010924E1710925117CA
:10FB400081E08093691780914617811107C0109258
:10FB50002B1710922E1781E080934617DA018C91B3
:10FB60008F3209F08DC087EB95E1F7019183808397
:10FB70004F5F5F4F311010928C15F7010190F081AB
:10FB8000E02DFA83E9838A012EE4C22E27E1D22EEA
:10FB90003BE1232E01151105E9F14DB65EB66FE28A
:10FBA00070E0C8010F940F484C010817190768F559
:10FBB0003C01601A710A7724C30101962DB73EB744
:10FBC000281B390B0FB6F8943EBF0FBE2DBF8DB763
:10FBD0009EB701965C01A301B8010F942F48F5016F
:10FBE000E60DF71D1082C6010E9488CFD7016D91E6
:10FBF0007C9121E0A501C6010E949CD0811146C0E4
:10FC0000C5010E9461F010E000E00FB6F8945EBEFE
:10FC10000FBE4DBE3320A9F0D701ED91FC918BE1D1
:10FC2000A2EDB5E101900D928A95E1F791E0809106
:10FC30008C15811190E08091971590FB86F9809347
:10FC40009715C801EB81FC810FB6F894FEBF0FBE7B
:10FC5000EDBF0F900F900F900F90DF91CF911F91FC
:10FC60000F91FF90EF90DF90CF90BF90AF909F905B
:10FC70008F907F906F905F904F903F902F9008955E
:10FC800082ED95E1D7018D939C9377CFF701808129
:10FC9000918129813A812817390711F00E9488CF74
:10FCA000D701CD92DC92332099F0A0918C15AA3027
:10FCB00078F481E08A0F80938C152A9ED00111245C
:10FCC000A351BA4EF601822D01900D928A95E1F76B
:10FCD000BEE4CB16B7E1DB0669F49BE2C92E97E1DF
:10FCE000D92E84010F5F1F4F0FB6F8945EBE0FBE72
:10FCF0004DBE50CF8EE4C82E87E1D82EF2CF0F93A1
:10FD00001F93CF93DF93C82F8B018AE50E94F930B0
:10FD100085EA0E94F93087E00E94F93082E80E946B
:10FD2000F93080E00E94F9308C2F0E94F930E80110
:10FD300015E0115021F089910E94F930FACFDF913E
:10FD4000CF911F910F9108958F929F92AF92BF9282
:10FD5000CF92DF92EF92FF920F931F93CF93DF9397
:10FD600089E1A82E85E1B82E8091390290913A025E
:10FD7000F501918380839DE0C92E95E1D92E25E080
:10FD8000E22EF601E08200E115E132E8F32EF801FF
:10FD9000F082C1E1D5E182E592E1A0E0B0E08883A4
:10FDA0009983AA83BB838DEB94E10F949311809187
:10FDB000370290913802F50191838083F601E08249
:10FDC000F801F08284E592E1A0E0B0E088839983B5
:10FDD000AA83BB838DEB94E10F9493114EE2842EA2
:10FDE00043E1942E20E030E040E251E4F40160A1D0
:10FDF00071A182A193A10F94433E0F943446F50163
:10FE000071836083F601E082F801F08286E592E179
:10FE1000A0E0B0E088839983AA83BB838DEB94E153
:10FE20000F9493112CEA35EC47E25EE3F40164A1F0
:10FE300075A186A197A10F94BB4520E030E040E278
:10FE400051E40F94433E0F943446F501718360836F
:10FE5000F601E082F801F0828AE592E1A0E0B0E0EC
:10FE600088839983AA83BB838DEB94E10F949311CC
:10FE70002CEA35EC47E25EE3F40160A571A582A5AA
:10FE800093A50F94433E20E030E040E251E40F940C
:10FE9000433E0F943446F50171836083F601E0829E
:10FEA000F801F0828EE592E1A0E0B0E088839983CA
:10FEB000AA83BB838DEB94E10F94931152E0852EBE
:10FEC00053E1952E20E030E040E251E4F40160A1DE
:10FED00071A182A193A10F94433E0F943446F50182
:10FEE00071836083F601E082F801F08282E692E19C
:10FEF000A0E0B0E088839983AA83BB838DEB94E173
:10FF00000F9493112CEA35EC47E25EE3F40164A10F
:10FF100075A186A197A10F94BB4520E030E040E297
:10FF200051E40F94433E0F943446F501718360838E
:10FF3000F601E082F801F08286E692E1A0E0B0E00E
:10FF400088839983AA83BB838DEB94E10F949311EB
:10FF50002CEA35EC47E25EE3F40160A571A582A5C9
:10FF600093A50F94433E20E030E040E251E40F942B
:10FF7000433E0F943446F50171836083F601E082BD
:10FF8000F801F0828AE692E1A0E0B0E088839983EC
:10FF9000AA83BB838DEB94E10F94931189E394E0E2
:10FFA000DF91CF911F910F91FF90EF90DF90CF9055
:10FFB000BF90AF909F908F900D943814CF93DF93A4
:10FFC000CDB7DEB780912912811118C09E01275F3D
:10FFD0003F4F4F8158856FE370E089EE91E10F94B8
:10FFE000A43D60E08DE19FE10E941D3389EE91E127
:10FFF0000F94D92E89EE91E10F943814DF91CF91AF
:020000021000EC
:1000000008958F929F92AF92BF92CF92DF92EF921C
:10001000FF92CF93DF939093E6118093E5111092B6
:10002000E91282E090E0A0E0B0E08093D2129093D9
:10003000D312A093D412B093D5121092E41110925F
:10004000E0111092E1111092E2111092E3118FEF82
:100050009FEFDC018093DC119093DD11A093DE1102
:10006000B093DF11662309F470C040E060E070E0F7
:10007000CB010E946CC881110DC0C0E08C2FDF91B4
:10008000CF91FF90EF90DF90CF90BF90AF909F9077
:100090008F90089580919A118F7779F78091A611AA
:1000A0009091A711A091A811B091A9118436910542
:1000B000A105B10510F3C090A211D090A311E0905A
:1000C000A411F090A511C114D104E104F104A9F226
:1000D00040E0C701B6010E946CC8C82F882369F2AE
:1000E0008091E70F9091E80F8115924031F6A09131
:1000F000EC0FAA2311F26091EA0F7091EB0F6115DA
:10010000710509F4BACF2091E90F222309F4B5CF84
:10011000A093E4122093D61290E080E030E0E1E07A
:10012000F0E0D82FAF01082E02C0440F551F0A94EB
:10013000E2F72417350769F041E0480F019689304E
:10014000910579F74093DF1298CFC12CD12C76011D
:10015000BFCF8093DF122091F20F3091F30F50E068
:1001600040E02115310541F420910010309101103B
:1001700040910210509103102093D7123093D8125F
:100180004093D9125093DA1246015701860E971EFA
:10019000A11CB11C8092E5129092E612A092E71287
:1001A000B092E812E091ED0FF091EE0FF093EB12A8
:1001B000E093EA12B0E00F946244DC01CB01880DB9
:1001C000991DAA1DBB1D8093EC129093ED12A09374
:1001D000EE12B093EF1225E0EE0FFF1F2A95E1F724
:1001E000E150FE4FEF2FFF27E6958E0F9F1FA11DB9
:1001F000B11D8093E0129093E112A093E212B093AC
:10020000E3128090EF0F9090F00FB12CA12C81148D
:10021000910441F48090FC0F9090FD0FA090FE0F90
:10022000B090FF0FC81AD90AEA0AFB0AC80CD91CF9
:10023000EA1CFB1C04C0F694E794D794C794DA95A3
:10024000D2F7C092DB12D092DC12E092DD12F09273
:10025000DE1285EFC8168FE0D806E104F10420F421
:100260008CE08093E91209CF80E125EFC2162FEFD1
:10027000D206E104F10488F08091081090910910F1
:10028000A0910A10B0910B108093EC129093ED1294
:10029000A093EE12B093EF1280E28093E912EECEBB
:1002A0009091570E21E6929FF0011124E854F14FEE
:1002B000808384E0989FF0011124E55EF84E409120
:1002C000510E5091520E6091530E7091540E408316
:1002D0005183628373839F5F943040F49093570EF1
:1002E0008091550E8F5F8093550E08951092570E92
:1002F000F7CFE8E6FDE0808181834091EA0D5091DF
:10030000EB0D6091EC0D7091ED0D4F5F5F4F6F4FF6
:100310007F4F84E19FE10E94F4328AE00E94943290
:1003200080E19FE10C949B320F931F93CF938C013C
:10033000C62F0E9443344091EA0D5091EB0D60911D
:10034000EC0D7091ED0DC8010E94F4328AE00E941C
:1003500094320E947D3F0196E1F78C2F0E947981B3
:100360001092EF0D1092EE0DCF911F910F91089505
:100370004F925F926F927F928F929F92AF92BF92B5
:10038000CF92DF92EF92FF920F931F93CF93DF9361
:10039000CCE4DDE04C845D846E847F840CE51DE05C
:1003A000F80124813581468157816C817D818E8160
:1003B0009F810F94C1444B015C01F8012085318578
:1003C00042855385688579858A859B850F94C144CC
:1003D0006B017C01F8012081318142815381688168
:1003E00079818A819B810F94C144AB01BC018DE06E
:1003F0009FE10E948637B501A40189E09FE10E9438
:100400008637B701A60185E09FE10E948637B301D8
:10041000A20181E09FE1DF91CF911F910F91FF90A9
:10042000EF90DF90CF90BF90AF909F908F907F9094
:100430006F905F904F900C9486370E945636609173
:10044000460D7091470D85EE9EE10E94B84082EE08
:100450009EE10C949B32CF93C82F41E00E94543709
:100460008C2FCF910C945A369091440D981779F0B7
:100470008093440D882339F08091420D8093430D81
:100480001092420D08958091430D8093420D08957E
:100490008BEF96E10E9492CB8BEF96E10E9488CF82
:1004A000809197158D7F8E7F80939715109293156D
:1004B00010929415109295151092961581E08093E4
:1004C0008B150895CF93DF9363ED7EE10E942B821D
:1004D000C9EFDCE04C895D896E897F898BEC9EE1F8
:1004E0000E948637488D598D6A8D7B8D88EC9EE100
:1004F0000E9486374C8D5D8D6E8D7F8D85EC9EE1E3
:100500000E94863748A159A16AA17BA182EC9EE195
:100510000E9486378AE0DF91CF910C9494326F92DB
:100520007F928F929F92AF92BF92CF92DF92EF9283
:10053000FF920F931F93CF93DF93C82EE62E8091E7
:10054000F80C833009F043C00F948E0F882309F410
:100550003EC060910A1370910B13072E000C880B9C
:10056000990B0F94E43D20E030E040E85FE30F9406
:10057000C044209106133091071340910813509105
:1005800009130F94DD3D181614F181E09AE590935C
:100590001A158093191580E490E090931C158093B0
:1005A0001B1587E080930D1582E88093101584E871
:1005B00090E0A0E0B0E08093111590931215A09305
:1005C0001315B09314158DEB94E10F94931110E073
:1005D00000E0D0E024E0B22E0C2C000CDD080E2C44
:1005E000000CFF0835E0A32E45E0942E52E8852E3E
:1005F000C0E0802F8170782E6D2E6C0E8B2D8C1BA1
:10060000711001C08C2F8C151D04D1F50E151F051E
:10061000B9F5AC9CF001AD9CF00D1124E00FF11F79
:10062000EE0FFF1FEE0FFF1FEC56F34F20E030E000
:100630004AE754E460817181828193810F94433E43
:100640000F942D4670931A156093191590920D15FD
:1006500080921015462D50E04058574F440F551FBB
:10066000052E000C660B770B409311155093121555
:1006700060931315709314158DEB94E10F949311FF
:10068000CF5FC53009F0B8CFDB5F0F5F1F4FD931A7
:1006900009F0AECFDF91CF911F910F91FF90EF90B6
:1006A000DF90CF90BF90AF909F908F907F906F9092
:1006B00008954F925F926F927F928F929F92AF9226
:1006C000BF92CF92DF92EF92FF92CF93DF9300D051
:1006D00000D01F921F92CDB7DEB75C01DB01CD9039
:1006E000DD90ED90FC90E091B213F091B313FE8396
:1006F000ED8384819581A681B78189839A83AB83B9
:10070000BC839C01AD01C701B6010F94C0442B010D
:100710003C01F50180809180A280B380AD81BE81D3
:100720008D919D910D90BC91A02D8D839E83AF8363
:10073000B88727E137EB41ED58EBC301B2010F94C5
:10074000214787FDD0C023E030E04BE953E4C301EB
:10075000B2010F94DD3D18160CF4C5C02D813E8109
:100760004F815885C501B4010F94C0442B013C0151
:1007700027E137EB41ED58EB0F94214787FDB3C0DC
:1007800023E030E84DE953E4C301B2010F94DD3DAD
:1007900018160CF4A8C020E030E0A9016D817E811C
:1007A0008F8198850F94C1442B013C0120E030E0FB
:1007B00040E450E40F94DD3D87FF05C0412C512CEF
:1007C00030E4632E762C27E137EB41ED58E3C3018B
:1007D000B2010F94C0449B01AC01C501B4010F9458
:1007E000214787FD80C020E030E84DE953E46D816A
:1007F0007E818F8198850F94C1442B013C0120E0BC
:1008000030E844E953E40F94214718163CF4412C96
:1008100020E8522E24E9622E23E4722E27E137EBE2
:1008200041ED58E3C301B2010F94C1449B01AC01F7
:10083000C501B4010F94DD3D18160CF454C020E03E
:1008400030E0A90169817A818B819C810F94C14438
:100850004B015C0120E030E040E051E40F94DD3DCD
:1008600087FF05C0812C912CA12C91E4B92E27E1A2
:1008700037EB41ED58E3C501B4010F94C0449B012F
:10088000AC01C701B6010F94214787FD2CC020E0C1
:1008900030E04BE953E469817A818B819C810F942C
:1008A000C1444B015C0120E030E042E953E40F9485
:1008B0002147181634F4812C912C82E9A82E83E468
:1008C000B82E27E137EB41ED58E3C501B4010F9491
:1008D000C1449B01AC01B1E0B983C701B6010F94DB
:1008E000DD3D18160CF41982898128960FB6F8940C
:1008F000DEBF0FBECDBFDF91CF91FF90EF90DF90B5
:10090000CF90BF90AF909F908F907F906F905F90AF
:100910004F900895CF93DF9300D01F92CDB7DEB7ED
:1009200021E0FC0123A784819581A681B781B0587D
:1009300089839A83AB83BC83BE016F5F7F4F84E85A
:100940009CE00E9429240F900F900F900F90DF9150
:10095000CF9108952F923F924F925F926F927F9224
:100960008F929F92AF92BF92CF92DF92EF92FF92BF
:100970000F931F93CF93DF93CDB7DEB76C970FB66E
:10098000F894DEBF0FBECDBF1C017B8F6A8F498FED
:100990002C8F8091830C882319F04A990E94023091
:1009A000F101408051806280738049825A826B825B
:1009B0007C82EA8DFB8DC080D180E280F380CD8285
:1009C000DE82EF82F8868090540D9090550DA090B5
:1009D000560DB090570D89869A86AB86BC86BE01AF
:1009E0006B5F7F4FCE0101960E945983882309F4E3
:1009F0003FC10091B2131091B313F80120813181EE
:100A000042815381C301B2010F94C0442B013C01C8
:100A100049825A826B827C82F80124813581468129
:100A20005781C701B6010F94C0449B01AC012D83CF
:100A30003E834F83588780912D0290912E02A09182
:100A40002F02B09130028D879E87AF87B88BCE0181
:100A50000D966C0185017401C301B2010F94E70585
:100A60000E94A3228111F6C08091820C82FFE0C017
:100A70002091AE133091AF134091B0135091B11348
:100A800060E070E080EA90EC0F94C0446D8B7E8B48
:100A90008F8B988F80E090E0A0E4B1E4898B9A8BF3
:100AA000AB8BBC8BBE016F5E7F4FCE0145960F9422
:100AB000F107182FC090540DD090550DE090560DB1
:100AC000F090570D2091AE133091AF134091B013B9
:100AD0005091B11360E070E080EA90E40F94C0445C
:100AE0009B01AC01C701B6010F94214718160CF009
:100AF000C6C060E070E080EC9FE72091AE133091BB
:100B0000AF134091B0135091B1130F94C1446B01D6
:100B10007C01AC019B010F94B347811161C0898DA9
:100B20008350823008F089C06091540D7091550D4A
:100B30008091560D9091570DE98D20E030E040EA0C
:100B400050E4E43021F420E030E048EC51E40F942C
:100B5000C1446D8B7E8B8F8B988F64E173E0CE01E7
:100B600045960F94C406FC8DF33008F446C02091DE
:100B70005C0D30915D0D40915E0D50915F0DF10166
:100B800060817181828193810F94C144AB01BC016A
:100B90008AEB9EE10E9486372091600D3091610DB5
:100BA0004091620D5091630DEA8DFB8D60817181E2
:100BB000828193810F94C144AB01BC0185EB9EE11E
:100BC0000E948637B701A60180EB9EE10E948A3819
:100BD000A7019601C701B6010F94B347882369F0B6
:100BE0000E94202460E081EA9EE10F94C0140E94DC
:100BF000433481E99EE10E949B32C701B6016C96A5
:100C00000FB6F894DEBF0FBECDBFDF91CF911F911D
:100C10000F91FF90EF90DF90CF90BF90AF909F909B
:100C20008F907F906F905F904F903F902F9008959E
:100C300060E070E080E291EC29CF898D81508230B4
:100C400008F091CF0E942024882309F48CCFFC8DDA
:100C5000F33038F4C12CD12C80ECE82E8FE7F82E3D
:100C6000BFCFC12CD12C20ECE22E2FE7F22E7FCF6C
:100C7000C12CD12C90ECE92E9FE7F92EBECF11119B
:100C800038CF20E030E040EA50E4C701B6010F94CD
:100C9000C1446D877E878F87988B64E173E0CE01B6
:100CA0000D960F94C40680E090E0A0ECB0E48D8730
:100CB0009E87AF87B88BBE01635F7F4FCE0145969D
:100CC0000F94F107182F4090540D5090550D6090DF
:100CD000560D7090570D2091AE133091AF13409187
:100CE000B0135091B11360E070E080EA90E40F948B
:100CF000C0449B01AC01C301B2010F9421471816F7
:100D00000CF4F7CE1111F5CE20E030E040E450E4D1
:100D1000C301B2010F94433E2B013C01A701960190
:100D2000C701B6010F94C1449B01AC01C301B201DC
:100D30000F94C1442DEC3CEC4CE45EE30F94433E35
:100D4000DCCECF92DF92EF92FF921F93CF93DF938F
:100D5000EC0120917E0C30917F0C4091800C5091E1
:100D6000810C688179818A819B810F94DD3D882384
:100D700009F45DC010917D0C80E00E94032AC880B8
:100D8000D980EA80FB8020E030E0A901C701B601EC
:100D90000F94214718161CF0C12CD12C7601C0925B
:100DA0007E0CD0927F0CE092800CF092810C2DEBA7
:100DB00037E346E855EBC701B6010F94214787FD9D
:100DC0000AC02DEB37E346E855E3C701B6010F949F
:100DD000DD3D181644F5A701960160E070E080E85B
:100DE0009FE30F94BB456093790C70937A0C8093CA
:100DF0007B0C90937C0C80EF9FEFA9E7B4EC809381
:100E0000750C9093760CA093770CB093780C11230B
:100E100071F081E0DF91CF911F91FF90EF90DF9013
:100E2000CF900C94032A60E070E0CB01DCCFDF911F
:100E3000CF911F91FF90EF90DF90CF9008954F9248
:100E40005F926F927F928F929F92AF92BF92CF925A
:100E5000DF92EF920F931F93CF93DF9300D01F92F7
:100E6000CDB7DEB74C015B016A01122F002309F4F4
:100E700049C06E2D84E00E94737C0E94563689E53D
:100E80009EE10E949B3261E0812F0E94F92800912F
:100E9000A80B83E08093A80B81E08093A70B8BE4E1
:100EA0009EE10F944A1A0E94DE3382E08093411241
:100EB00060E085E09EE10E941D338DE09EE10E948E
:100EC0009B3280E20E9494328BE39EE10E949B322F
:100ED00080E30E9494328AE00E94943282E39EE191
:100EE0000E94C7330E94BB338091A70B882341F037
:100EF00060E0812F0E94F92881E00E94F64BF4CF38
:100F00000093A80B6E2D85E00E94737C20E030E0FA
:100F1000A901F40160817181828193810F94DD3D8B
:100F2000882371F080E090E0A0ECB0E489839A839C
:100F3000AB83BC83BE016F5F7F4FC4010F94330747
:100F400020E030E0A901F501608171818281938107
:100F50000F94DD3D882351F14090310D5090320DBA
:100F60006090330D7090340D80E090E0A0E7B1E424
:100F70008093310D9093320DA093330DB093340DC7
:100F800080E090E0A0EAB1E489839A83AB83BC83DC
:100F9000BE016F5F7F4FC5010F9433074092310D43
:100FA0005092320D6092330D7092340D812C912C41
:100FB00080E4A82EBA2C03E020E030E0A901F6017D
:100FC00060817181828193810F942147181674F496
:100FD00060E086E00E94737C89829A82AB82BC8248
:100FE000BE016F5F7F4FC6010F9433078091A50B41
:100FF00022E33EE1882311F023E13EE141E25EE19C
:101000006BE27EE181E00E94EA331091A80B00932D
:10101000A80B1092A70B60E087E00E94737C809180
:10102000A60B811104C081E00E94F64BF8CF10930B
:10103000A80B813009F4C0CF0E94DE3381E00F900D
:101040000F900F900F90DF91CF911F910F91EF9024
:10105000DF90CF90BF90AF909F908F907F906F90D8
:101060005F904F9008958F929F92AF92BF92CF92D0
:10107000DF92EF92FF920F931F93CF93DF93B0E431
:10108000A0E06A2F70E0AB014B0F511D55954795BD
:10109000411119C0E5EAF6E165917491072E000C43
:1010A000880B990B0F94E43DDF91CF911F910F9125
:1010B000FF90EF90DF90CF90BF90AF909F908F9078
:1010C0000895B42FE0CF4A1711F0B41303C0E1EA3A
:1010D000F7E1E2CF9A0121503109220F331F220F8D
:1010E000331FF901ED55F94EE590F490F901E955FA
:1010F000F94EC591D4918E159F0518F3A42FC817EA
:10110000D90708F4BECFF901EB55F94E05911491BA
:10111000F901E755F94EC590D4908E199F09BC018D
:1011200090E080E00F94E23D4B015C01B601601B52
:10113000710B072E000C880B990B0F94E43D9B015B
:10114000AC01C501B4010F94433E4B015C01CE19C3
:10115000DF09BE0190E080E00F94E23D9B01AC010D
:10116000C501B4010F94BB456B017C01B801110F9F
:10117000880B990B0F94E43D9B01AC01C701B601AC
:101180000F94C14491CFCF93DF938091B713909187
:10119000B813891B8095877019F40E94F64BF5CF20
:1011A0008091B7138F5F8770A091B71394E7A99FC1
:1011B000D0011124FD01EB5FF74FEF0119929A95D1
:1011C000E9F7908198609083A65EB74F90E1E9ECD3
:1011D000F3E101900D929A95E1F72091B713909168
:1011E000B813291303C094E69093B4138093B713F4
:1011F000DF91CF910C94E92CCF93DF93CDB7DEB77D
:1012000060970FB6F894DEBF0FBECDBF80E1ECE46F
:10121000FDE0DE01119601900D928A95E1F7CE0175
:1012200001960E9429FCCE0101960F946C006096F5
:101230000FB6F894DEBF0FBECDBFDF91CF910895FA
:101240002F923F924F925F926F927F928F929F92D6
:10125000AF92BF92CF92DF92EF92FF920F931F93C4
:10126000CF93DF93CDB7DEB7CE58D1090FB6F89440
:10127000DEBF0FBECDBF8C017B01E2965FAF4EAFEC
:10128000E297DC012D913D914D915C91AC962CAF94
:101290003DAF4EAF5FAFAC9720910D0D30910E0D6D
:1012A00040910F0D5091100DAC966CAD7DAD8EAD93
:1012B0009FADAC970F94433E0F942E47CE57DF4F10
:1012C000688379838A839B83C258D040D80114965F
:1012D0002D913D914D915C911797E0962CAF3DAFCC
:1012E0004EAF5FAFE0972091110D3091120D4091FC
:1012F000130D5091140DE0966CAD7DAD8EAD9FAD8C
:10130000E0970F94433E0F942E47CA57DF4F6883F0
:1013100079838A839B83C658D040D80118962D9133
:101320003D914D915C911B97E6962CAF3DAF4EAF32
:101330005FAFE6972091150D3091160D4091170D76
:101340005091180DE6966CAD7DAD8EAD9FADE697D4
:101350000F94433E0F942E47C657DF4F688379831F
:101360008A839B83CA58D040D8011C962D913D9109
:101370004D915C911F9765962CAF3DAF4EAF5FAF1F
:1013800065972091190D30911A0D40911B0D5091C8
:101390001C0D65966CAD7DAD8EAD9FAD65970F94C0
:1013A000433E0F942E47A8966CAF7DAF8EAF9FAF94
:1013B000A89780E1F801DE01919601900D928A953F
:1013C000E1F78091890783FF1CC0A8962CAD3DAD45
:1013D0004EAD5FADA8972093D5133093D6134093AD
:1013E000D7135093D81365968CAD9DADAEADBFAD00
:1013F00065978093C5139093C613A093C713B093BA
:10140000C813D7013C9011962C9011971296BC915D
:101410006A96BFAF6A97F701F3816B96FFAF6B9740
:101420008091B7139091B813891B8095877019F438
:101430000E94F64BF5CF2091B713C257DF4F288398
:10144000CE58D0400091B7138091870790918807BC
:10145000892B11F00C9453998091C9139091CA1360
:10146000A091CB13B091CC13CE57DF4F4880598059
:101470006A807B80C258D040481A590A6A0A7B0A9F
:101480008091CD139091CE13A091CF13B091D01332
:10149000CA57DF4FC880D980EA80FB80C658D04049
:1014A000C81AD90AEA0AFB0A8091D1139091D21383
:1014B000A091D313B091D413C657DF4F288139813F
:1014C0004A815B81CA58D040281B390B4A0B5B0B01
:1014D0002BAB3CAB4DAB5EAB8091D5139091D6134B
:1014E000A091D713B091D813A8962CAD3DAD4EADB9
:1014F0005FADA897281B390B4A0B5B0B23962CAFCB
:101500003DAF4EAF5FAF2397232B242B252B09F440
:1015100087C00E942EFB882341F1A8968CAD9DAD1B
:10152000AEADBFADA8978093D5139093D613A0937B
:10153000D713B093D81365962CAD3DAD4EAD5FADCE
:1015400065972093C5133093C6134093C7135093E8
:10155000C8130E94563682E099E10E949B3223967E
:101560001CAE1DAE1EAE1FAE239723966CAD7DAD97
:101570008EAD9FAD23970F94E43D209127023091CB
:1015800028024091290250912A020F94433E4B01B8
:101590005C0120E030E0A9010F94214787FF04C0DF
:1015A000B7FAB094B7F8B09420E030E84BE354E4D5
:1015B0006091190D70911A0D80911B0D90911C0D69
:1015C0000F94433EA50194010F94DD3D87FF28C091
:1015D000A8968CAD9DADAEADBFADA8978093D51349
:1015E0009093D613A093D713B093D81365962CADD0
:1015F0003DAD4EAD5FAD65972093C5133093C613D7
:101600004093C7135093C8130E94563683EE98E157
:101610000E949B3223961CAE1DAE1EAE1FAE2397BA
:10162000D301C2018827B7FD83959927AA27BB2735
:10163000182FF7FC12608BA99CA9ADA9BEA9B7FD14
:10164000146023962CAD3DAD4EAD5FAD239757FD95
:10165000186023966CAD7DAD8EAD9FAD23970F9432
:10166000E43D2091270230912802409129025091B7
:101670002A020F94433E61966CAF7DAF8EAF9FAF51
:10168000619720E030E0A9010F94214787FFB4C49F
:1016900061966CAD7DAD8EAD9FAD61979058402F3A
:1016A00050E029965FAF4EAF299754E7059F900110
:1016B0001124D901AB5FB74FBCAFABAF20E030E036
:1016C00040E05FE30F94C1440F9434462D966CAF15
:1016D0007DAF8EAF9FAF2D97EBADFCAD1082EB5B76
:1016E000FF4F10832BA93CA94DA95EA9A0962CAF52
:1016F0003DAF4EAF5FAFA09757FF0DC050954095DF
:10170000309521953F4F4F4F5F4FA0962CAF3DAF87
:101710004EAF5FAFA097CFAAD8AEE9AEFAAEF7FE54
:101720000BC088279927DC018C199D09AE09BF09D8
:101730008FAB98AFA9AFBAAF27964CAE5DAE6EAE89
:101740007FAE279777FE0DC022273327A9012419E2
:1017500035094609570927962CAF3DAF4EAF5FAF0D
:10176000279727968CAD9DADAEADBFAD2797EBAD5E
:10177000FCAD858B968BA78BB08F2FA938AD49AD6B
:101780005AAD218F328F438F548FA0962CAD3DAD33
:101790004EAD5FADA097258F368F478F50A3C30105
:1017A000B2010F94E43D20912A1230912B12409106
:1017B0002C1250912D120F94433EA4966CAF7DAF26
:1017C0008EAF9FAFA497698B7A8B8B8B9C8BC70155
:1017D000B6010F94E43D20912E1230912F124091CA
:1017E0003012509131120F94433E4B015C018D8AAF
:1017F0009E8AAF8AB88E6BA97CA98DA99EA90F94E9
:10180000E43D2091321230913312409134125091C4
:1018100035120F94433E6B017C01C98EDA8EEB8E3C
:10182000FC8E20913612309137124091381250912F
:10183000391261966CAD7DAD8EAD9FAD61970F9401
:10184000433E69966CAF7DAF8EAF9FAF69976D8F4A
:101850007E8F8F8F98A327962CAD3DAD4EAD5FAD9B
:10186000279726303105410551050CF0D3C38FA9C8
:1018700098ADA9ADBAAD0697A105B1050CF0CAC3E4
:10188000A0962CAD3DAD4EAD5FADA0972630310595
:10189000410551050CF0BEC320E030E0A901699676
:1018A0006CAD7DAD8EAD9FAD69970F94214787FFDD
:1018B000AAC369968CAD9DADAEADBFAD6997B0586A
:1018C00024E729964EAD5FAD2997249FF001259F0F
:1018D000F00D1124EB5FF74F85879687A787B08BB4
:1018E00084E729962EAD3FAD2997829FF001839F13
:1018F000F00D1124EB5FF74F2D968CAD9DADAEAD85
:10190000BFAD2D9781A392A3A3A3B4A3A0968CAD42
:101910009DADAEADBFADA0972FA938AD49AD5AADC5
:1019200082179307A407B50710F4DA01C9012796B7
:101930002CAD3DAD4EAD5FAD279782179307A40741
:10194000B50710F4DA01C9012D962CAD3DAD4EADB1
:101950005FAD2D9782179307A407B50710F4DA013E
:10196000C90124E729964EAD5FAD2997249FF00168
:10197000259FF00D1124EB5FF74F85A396A3A7A336
:10198000B0A70697A105B10510F40C943699E15A59
:10199000FF4F8091420D808345284628472819F043
:1019A00080E00E946CE484E72996AEADBFAD299734
:1019B0008A9FF0018B9FF00D1124EB5FF74F818D13
:1019C000928DA38DB48D892B8A2B8B2B19F081E0FE
:1019D0000E946CE484E729962EAD3FAD2997829F43
:1019E000F001839FF00D1124EB5FF74F858D968DED
:1019F000A78DB0A1892B8A2B8B2B19F082E00E9436
:101A00006CE42D968CAD9DADAEADBFAD2D97892B01
:101A10008A2B8B2B11F40C94559980911A178823DB
:101A200019F0815080931A170E942EE480E1809370
:101A30001A17E090390DF0903A0D00913B0D10917E
:101A40003C0D9701A801632D722D6A968FAD6A97A0
:101A50006B969FAD6B970F94DD3D87FD08C0E32C1F
:101A6000F22C6A960FAD6A976B961FAD6B9784E761
:101A70002996AEADBFAD29978A9FF0018B9FF00DDF
:101A80001124EB5FF74F85849684A784B088A50165
:101A9000940160E070E080E89FE30F94BB45A4965A
:101AA0006CAF7DAF8EAF9FAFA4979701A8010F9445
:101AB000433E6B017C018091B7139091B513891B54
:101AC00087706A968FAF6A97A701960160E074E20B
:101AD00084E799E40F94BB450F942E472B013C01FA
:101AE0006A968FAD6A9782508230A0F56091090D99
:101AF00070910A0D80910B0D90910C0D6419750970
:101B00008609970916161706180619061CF5660F9A
:101B1000771F881F991F6A96BFAD6A972B2F30E0F9
:101B200050E040E00F944344CA01B9010F94E43DF2
:101B30000F942D46640D751D861D971D0F94E43D71
:101B40009B01AC0160E074E284E799E40F94BB452B
:101B50006B017C01A7019601C501B4010F94433EBE
:101B6000EA966CAF7DAF8EAF9FAFEA9784E7299678
:101B7000EEADFFAD29978E9F80018F9F100D112430
:101B80000B5F174FEA962CAD3DAD4EAD5FADEA97BA
:101B9000D80111962D933D934D935C931497959690
:101BA0002D913D914D915C91989727962CAF3DAF2B
:101BB0004EAF5FAF2797CA01B9010F94E23D61961E
:101BC0006CAF7DAF8EAF9FAF61979B01AC01C7013A
:101BD000B6010F94433E0F949F450F943446EE9602
:101BE0006CAF7DAF8EAF9FAFEE97F801E15BFF4F1B
:101BF0006083718382839383FE0171966C96FFAF3D
:101C0000EEAF6C979E012F5F3F4F6E963FAF2EAFAA
:101C10006E974DE15DE0C258DF4F59834883CE5740
:101C2000D040CE014D969AAB89ABC058DF4F398377
:101C30002883C058D040212C312C90E89BABAFE3D7
:101C4000AFAB6C96EEADFFAD6C97219131914191A8
:101C500051916C96FFAFEEAF6C97C701B6010F9430
:101C6000433E4B015C01C058DF4FA881B981C05889
:101C7000D0408D929D92AD92BD92C058DF4FB983F6
:101C8000A883C058D04020E030E0A9010F9421473C
:101C900087FF04C0B7FAB094B7F8B094C258DF4FCA
:101CA000E881F981CE57D040419051906190719078
:101CB000C258DF4FF983E883CE57D040A501940185
:101CC000C301B2010F94DD3D87FF12C0A50194014D
:101CD000C301B2010F94BB455B018C0191014BA97B
:101CE0005FA90F94DD3D87FF03C015010BAB1FAB50
:101CF00029A93AA96C964EAD5FAD6C9724173507AC
:101D000009F09FCFA701960169966CAD7DAD8EADB0
:101D10009FAD69970F94433E6B017C01CD86DE86B3
:101D2000EF86F88A20E030E0A9010F9421474601B0
:101D3000570187FF04C0B7FAB094B7F8B094409049
:101D4000290D50902A0D60902B0D70902C0DA5013F
:101D50009401C301B2010F94DD3D87FF12C0A501BC
:101D60009401C301B2010F94BB455B018C01910149
:101D70004BA95FA90F94DD3D87FF03C015010BAB95
:101D80001FAB20E030E040E85FE3B1018BA99FA9E1
:101D90000F94DD3D87FF68C091014BA95FA9698160
:101DA0007A818B819C810F94433E69837A838B83F4
:101DB0009C8391014BA95FA96D817E818F8198855C
:101DC0000F94433E6D837E838F83988791014BA947
:101DD0005FA969857A858B859C850F94433E6987C9
:101DE0007A878B879C8791014BA95FA9C701B601B0
:101DF0000F94433E6D877E878F87988B84E7299663
:101E0000AEADBFAD29978A9F80018B9F100D112425
:101E10000B5F174F7801BFE4EB0EF11CEE966CAD33
:101E20007DAD8EAD9FADEE970F94E23D91014BA934
:101E30005FA90F94433E0F943446F701608371838A
:101E40008283938391014BA95FA9EA966CAD7DAD26
:101E50008EAD9FADEA970F94433ED80111966D93D6
:101E60007D938D939C93149761962CAD3DAD4EADB3
:101E70005FAD6197A4966CAD7DAD8EAD9FADA4971F
:101E80000F94433E6FAB78AF89AF9AAF84E7299642
:101E90002EAD3FAD2997829FF001839FF00D112455
:101EA000EB5FF74F85899689A789B08D8BAB9CAB8B
:101EB000ADABBEAB892B8A2B8B2B09F00FC1818D6B
:101EC000928DA38DB48D892B8A2B8B2B09F006C1A3
:101ED000858D968DA78DB0A1892B8A2B8B2B09F030
:101EE000FDC02091310D3091320D4091330D509154
:101EF000340D6FA978AD89AD9AAD0F94433E0F9420
:101F00009F450F9434462B013C01312C84E72996E0
:101F10004EAD5FAD2997849F8001859F100D1124E0
:101F20000B5F174FF801E55AFF4F408251826282E2
:101F30007382C301B2010F94E23D4B015C012FA9F2
:101F400038AD49AD5AAD0F94BB45A4966CAF7DAF8B
:101F50008EAF9FAFA497D80151966D937D938D93CB
:101F60009C9354976801B6E4CB0ED11CF601108205
:101F70001182128213827801FAE4EF0EF11CD7016C
:101F80001C92332009F49AC320918307309184076F
:101F90004091850750918607C501B4010F94433ED7
:101FA0000F943446F6016083718382839383F80132
:101FB00081A192A1A3A1B4A1880F991FAA1FBB1F41
:101FC00027964CAD5DAD6EAD7FAD279722E076953F
:101FD0006795579547952A95D1F7F70148175907FF
:101FE0006A077B0708F46AC320812F5F2083880F6C
:101FF000991FAA1FBB1FF2CF61966CAD7DAD8EAD50
:102000009FAD61974CCB69968CAD9DADAEADBFAD2C
:10201000699756CCE296AEADBFADE2978D919D919A
:102020000D90BC91A02D8BAB9CABADABBEAB20E0BB
:1020300030E0A901BC01CD010F94DD3D882389F07A
:1020400084E729962EAD3FAD2997829FF001839FAB
:10205000F00D1124EB5FF74F8BA99CA9ADA9BEA988
:102060003BCCA4962CAD3DAD4EAD5FADA497CA015F
:10207000B9010F94433E6BAB7CAB8DAB9EABA5011E
:102080009401C501B4010F94433E9B01AC016BA9BF
:102090007CA98DA99EA90F94C1444B015C01A701A5
:1020A0009601C701B6010F94433E9B01AC01C501E7
:1020B000B4010F94C1440F946F4724E72996AEAD45
:1020C000BFAD29972A9FF0012B9FF00D1124EB5FE4
:1020D000F74F658776878787908B02CC2D962CAD3E
:1020E0003DAD4EAD5FAD2D97232B242B252B09F451
:1020F000D0C120912D0D30912E0D40912F0D50917A
:10210000300D6FA978AD89AD9AAD0F94433E0F9411
:102110009F450F9434462B013C012D968CAD9DAD0F
:10212000AEADBFAD2D97892B8A2B8B2B09F4BAC18D
:10213000209183073091840740918507509186074D
:102140002D962CAF3DAF4EAF5FAF2D9720E030E026
:10215000A9012D966CAD7DAD8EAD9FAD2D970F94E1
:10216000DD3D882309F49EC123968CAD9DADAEADB7
:10217000BFAD2397181619061A061B060CF092C15C
:102180002091B9133091BA134091BB135091BC13F5
:10219000AC966CAD7DAD8EAD9FADAC970F94C04449
:1021A00023966CAF7DAF8EAF9FAF23972091BD1369
:1021B0003091BE134091BF135091C013E0966CADA7
:1021C0007DAD8EAD9FADE0970F94C0444B015C0197
:1021D0002091C1133091C2134091C3135091C41385
:1021E000E6966CAD7DAD8EAD9FADE6970F94C04485
:1021F0006B017C0123962CAD3DAD4EAD5FAD2397B9
:10220000CA01B9010F94433E23966CAF7DAF8EAFE8
:102210009FAF2397A5019401C501B4010F94433EDC
:102220009B01AC0123966CAD7DAD8EAD9FAD239728
:102230000F94C1444B015C01A7019601C701B6018F
:102240000F94433E9B01AC01C501B4010F94C144FE
:102250000F946F476B017C012091C5133091C61319
:102260004091C7135091C81365966CAD7DAD8EAD8E
:102270009FAD65970F94C044A70196010F94BB458D
:102280006B017C0120E030E040E450E40F942147F2
:1022900018160CF407C1A70196012D966CAD7DAD03
:1022A0008EAD9FAD2D970F94433E9B01AC01609185
:1022B0009A0770919B0780919C0790919D070F94BE
:1022C000BB452FA938AD49AD5AAD0F94433E0F948D
:1022D0003446641575058605970510F42B013C01FD
:1022E0003324339480917F0790918007A0918107D8
:1022F000B0918207EBADFCADC18CD28CE38CF48C39
:10230000258D368D478D50A123962CAF3DAF4EAF16
:102310005FAF239721A132A143A154A12D962CAFE9
:102320003DAF4EAF5FAF2D9727962CAD3DAD4EAD77
:102330005FAD279782179307A407B50708F4B4C0C9
:102340008BA99CA9ADA9BEA9892B8A2B8B2BE1F067
:1023500060916F077091700780917107909172077B
:10236000641575058605970578F40F9411442BA91B
:102370003CA94DA95EA90F942144241535054605B5
:10238000570510F429013A01C114D104E104F10404
:1023900001F16091730770917407809175079091B6
:1023A0007607641575058605970598F427962CAD74
:1023B0003DAD4EAD5FAD27970F941144A701960137
:1023C0000F942144241535054605570510F42901BD
:1023D0003A0123962CAD3DAD4EAD5FAD2397232B37
:1023E000242B252B21F1609177077091780780913C
:1023F000790790917A076415750586059705B8F4F5
:1024000027962CAD3DAD4EAD5FAD27970F9411448F
:1024100023962CAD3DAD4EAD5FAD23970F94214477
:10242000241535054605570510F429013A012D9666
:102430008CAD9DADAEADBFAD2D97892B8A2B8B2B6F
:1024400009F464CD60917B0770917C0780917D07D2
:1024500090917E07641575058605970508F056CDA1
:1024600027962CAD3DAD4EAD5FAD27970F9411442F
:102470002D962CAD3DAD4EAD5FAD2D970F94214403
:10248000241535054605570508F040CD29013A01C8
:102490003DCD2091350D3091360D4091370D509145
:1024A000380D2FCE312C1ECF2BA93CA94DA95EA9EA
:1024B000232B242B252BC9F160916F077091700796
:1024C00080917107909172076415750586059705CF
:1024D00060F50F94E23D61962CAD3DAD4EAD5FAD24
:1024E00061970F94433E4B015C016BA97CA98DA9B8
:1024F0009EA90F94E23D9B01AC01C501B4010F946C
:10250000BB454B015C01C301B2010F94E23D9B014D
:10251000AC01C501B4010F94DD3D87FF06C0C501C4
:10252000B4010F9434462B013C01C114D104E104E1
:10253000F104B9F160917307709174078091750788
:1025400090917607641575058605970550F50F94EB
:10255000E23D61962CAD3DAD4EAD5FAD61970F9400
:10256000433E4B015C01C701B6010F94E23D9B0164
:10257000AC01C501B4010F94BB456B017C01C301E3
:10258000B2010F94E23D9B01AC01C701B6010F946B
:10259000DD3D87FF06C0C701B6010F9434462B010D
:1025A0003C0123968CAD9DADAEADBFAD2397892B7D
:1025B0008A2B8B2BD9F160917707709178078091E6
:1025C000790790917A07641575058605970570F56A
:1025D0000F94E23D61962CAD3DAD4EAD5FAD619780
:1025E0000F94433E6B017C0123966CAD7DAD8EADA7
:1025F0009FAD23970F94E23D9B01AC01C701B6014B
:102600000F94BB456B017C01C301B2010F94E23D05
:102610009B01AC01C701B6010F94DD3D87FF06C0E9
:10262000C701B6010F9434462B013C012D962CAD09
:102630003DAD4EAD5FAD2D97232B242B252B09F4FB
:1026400065CC60917B0770917C0780917D079091AC
:102650007E07641575058605970508F057CC0F941D
:10266000E23D61962CAD3DAD4EAD5FAD61970F94EF
:10267000433E6B017C012D966CAD7DAD8EAD9FAD63
:102680002D970F94E23D9B01AC01C701B6010F9459
:10269000BB456B017C01C301B2010F94E23D9B017C
:1026A000AC01C701B6010F94DD3D87FF2FCCC701F8
:1026B000B6010F9434462B013C0128CC84E72996BF
:1026C0002EAD3FAD2997829FF001839FF00D11241D
:1026D000EB5FF74F31812A963FAF2A9742812E96C2
:1026E0004FAF2E97538162965FAF62978481669653
:1026F0008FAF6697AEE8B7E0AE96BFAFAEAFAE971E
:102700006E964EAC5FAC6E97B0E14B0E511C6EE80E
:10271000262E67E0362E6E966EAC7FAC6E973BAB86
:102720004FAB5FAF24968FAF249710E0F301C190B9
:10273000D190E190F1903F0120E030E0A901C70184
:10274000B6010F94214787FF04C0F7FAF094F7F819
:10275000F094D1016D917D918D919D911D0120E0AD
:1027600030E0A9010F94C1444B015C01A70196011F
:102770000F94DD3D87FF33C0112309F409C3A50180
:1027800094012A966FAD2A972E967FAD2E9762966A
:102790008FAD629766969FAD66970F94433E4B014F
:1027A0005C012BA93FA94FAD24965FAD2497C701CB
:1027B000B6010F94433E9B01AC01C501B4010F94D7
:1027C000DD3D87FF0CC0A7019601C501B4010F9440
:1027D000BB456BAB7FAB8FAF24969FAF249746145E
:1027E000570409F0A3CF6A96BFAD6A97BB2309F4DB
:1027F00023C32090731730907417009175171091B0
:1028000076172DEB37E346E855E3B101C8010F9485
:10281000DD3D87FD11C39101A8012A966FAD2A976E
:102820002E967FAD2E9762968FAD629766969FAD7E
:1028300066970F94DD3D87FFC3C29101A8012A96D8
:102840006FAD2A972E967FAD2E9762968FAD6297C9
:1028500066969FAD66970F94BB45AC966CAF7DAF07
:102860008EAF9FAFAC972A962FAC2A972E963FAC8F
:102870002E9762960FAD629766961FAD669747E7F3
:1028800057E16C965FAF4EAF6C97412C512C20E80E
:10289000622E2FE3722E6A961FAE6A976C96AEADCB
:1028A000BFAD6C976D917D918D919D916C96BFAFF1
:1028B000AEAF6C97AC962CAD3DAD4EAD5FADAC9769
:1028C0000F94433E4B015C016E96EEADFFAD6E97EB
:1028D000C190D190E190F1906E96FFAFEEAF6E9700
:1028E0006A96FFAD6A97FF2371F0A30192010F94DE
:1028F000433E4B015C01A3019201C701B6010F9455
:10290000433E6B017C01A7019601C501B4010F9400
:10291000214720E030E0A90118160CF06CC2C70175
:10292000B6010F94214718164CF020E030E0A901C1
:10293000C501B4010F94DD3D87FF4DC2A70196018B
:10294000C501B4010F94C0446B017C01AE96AEADDD
:10295000BFADAE976D917D918D919D91AE96BFAFBC
:10296000AEAFAE9720E030E0A9010F94C1444B0117
:102970005C01A70196010F94DD3D87FF15C0A701FB
:102980009601C501B4010F94BB459B01AC01C30185
:10299000B2010F94433E2B013C016A96BFAD6A978A
:1029A000BF5F6A96BFAF6A97E7E8F7E16C962EAD16
:1029B0003FAD6C97E217F30709F070CF6A963FAD11
:1029C0006A97332341F0A3019201B101C8010F942A
:1029D000433E1B018C0124EA30E74DE75FE3B10180
:1029E000C8010F94433E6B017C0120911617309172
:1029F000171740911817509119170F94DD3D87FF55
:102A00000CC02BA93FA94FAD24965FAD2497C701F9
:102A1000B6010F94DD3D87FD0FC28BA99FA9AFAD15
:102A20002496BFAD24978093161790931717A09301
:102A30001817B093191724E729964EAD5FAD299763
:102A4000249FC001259F900D1124DC01AB5FB74F7F
:102A50007D019101A801B101C8010F94433EF70126
:102A60006187728783879487A4966CAD7DAD8EADA8
:102A70009FADA49790589B01AC010F94C144ABAD9E
:102A8000BCAD1D962D913D914D915C9150970F9449
:102A9000433E9B01AC016BE077ED83E29BE30F9437
:102AA000C0444B015C018BE097EDA3E2BBE3F7016F
:102AB00085839683A783B087ABADBCAD8C918160D5
:102AC0008C932A962FAD2A972E963FAD2E9762961D
:102AD0004FAD629766965FAD66972A966FAD2A975F
:102AE0002E967FAD2E9762968FAD629766969FADBC
:102AF00066970F94433E9B01AC01C501B4010F944E
:102B0000214787FD05C0EBADFCAD808182608083ED
:102B100080E1FE013196A7E7B7E101900D928A9519
:102B2000E1F784E729962EAD3FAD2997829FF0010A
:102B3000839FF00D1124EB5FF74F81819281A38178
:102B4000B4818093731790937417A0937517B09303
:102B50007617CE57DF4F88819981AA81BB81C258F1
:102B6000D0408093C9139093CA13A093CB13B09312
:102B7000CC13CA57DF4F288139814A815B81C658FF
:102B8000D0402093CD133093CE134093CF13509366
:102B9000D013C657DF4F88819981AA81BB81CA585B
:102BA000D0408093D1139093D213A093D313B093BA
:102BB000D413A8962CAD3DAD4EAD5FADA897209334
:102BC000D5133093D6134093D7135093D813E05AAC
:102BD000FF4FA0916E0734E0A39FD0011124A55EA2
:102BE000B84E8D919D910D90BC91A02D80839183C5
:102BF000A283B383C090C513D090C613E090C713CF
:102C0000F090C8132091600D3091610D4091620DDC
:102C10005091630D6091BD137091BE138091BF13ED
:102C20009091C0130F94C1442B013C012091640D7D
:102C30003091650D4091660D5091670D6091C11303
:102C40007091C2138091C3139091C4130F94C14427
:102C50004B015C010BAD1CAD0C591F4F20915C0D5D
:102C600030915D0D40915E0D50915F0D6091B913F3
:102C70007091BA138091BB139091BC130F94C1440F
:102C8000D8016D937D938D939C931397EBADFCAD21
:102C9000E859FF4F4082518262827382EBADFCADF6
:102CA000E459FF4F80829182A282B382EBADFCADEA
:102CB000E059FF4FC082D182E282F38280E1FE01BF
:102CC000B196A9EBB3E101900D928A95E1F790914D
:102CD000B7138091B813981303C084E68093B4139C
:102CE000C257DF4F8881CE58D0408F5F8770809366
:102CF000B7138091B7139091B613815087708917DD
:102D000009F4C8C11091B7132090B6138091B7137E
:102D1000281609F42AC111501770D12CC12C121594
:102D200009F423C1812E912CB4E7B89DF001B99D1F
:102D3000F00D1124EB5FF74F808183FD13C1FCAFD1
:102D4000EBAFB1840285A3843484458056806780CC
:102D50007084A30192016B2D702F8A2D932D0F94F7
:102D6000DD3D811173C0C114D10421F0D6018C91D5
:102D700080FD70C011501770822D2090B613281658
:102D800009F461C0181709F4F0C08F5F8770F5CFA0
:102D9000A7019601C501B4010F94BB459B01AC018D
:102DA0006BA97FA98FAD24969FAD24970F94433EC6
:102DB0006BAB7FAB8FAF24969FAF249711E00FCD05
:102DC00020E030E040E85FE3AC962CAF3DAF4EAF83
:102DD0005FAFAC9754CDF7FAF094F7F8F094A701F1
:102DE0009601C501B4010F94214718160CF0AECD21
:102DF00075016401ABCDC701B6010F94DD3D87FDC0
:102E000009C020E030E0A901C501B4010F942147B9
:102E100018162CF4A5019401C701B60193CDB7FA99
:102E2000B094B7F8B094A5019401C701B6010F940E
:102E3000DD3D87FF8BCDDCCF2BA83FA80FAD2496BF
:102E40001FAD2497EACDCBACDCAC69CFC114D10463
:102E500009F460C0F601C580D680E780F084B4E74D
:102E6000B89DF001B99DF00D1124EB5FF74F808103
:102E700081FD2CC0618972898389948990589B0156
:102E8000AC010F94C144EBADFCAD2585368547857B
:102E900050890F94433E9B01AC01C701B6010F94CA
:102EA000C0446B0128968FAF28979BAB9B01AC0168
:102EB0006B2D702F8A2D932D0F94DD3D87FD06C05D
:102EC000BC2C0D2D2896AFAC28973BA82B2D302F6E
:102ED0004A2D532DC301B2010F94DD3D882309F41F
:102EE00049CFF4E7F89DC001F99D900D11249C0194
:102EF0002B5F374F6901D9018C9181608C938BAD29
:102F00009CAD0E9480E3882319F1F60180818E7FB9
:102F1000808330CFE296AEADBFADE2971896CD90EC
:102F2000DD90ED90FC901B972BE037ED43E25BE3E7
:102F3000C701B6010F94214718160CF490CF9BE0FF
:102F4000C92E97EDD92E93E2E92E9BE3F92E87CF78
:102F50008B2D902FAA2DB32DF60185839683A78301
:102F6000B08708CFDCAECBAE05CF1091B613D12C15
:102F7000C12C04E78091B713811709F48BC0812E0F
:102F8000912C089DC001099D900D11249C012B5F7F
:102F9000374F1901D9018C91560183FD6FC059013A
:102FA000C114D10409F46AC0C6010E9480E38111F2
:102FB00065C0D6018C9181FD4CC0D10115964D9014
:102FC0005D906D907C901897D60115962D913D914E
:102FD0004D915C9118972BAF3CAF4DAF5EAFA30105
:102FE00092016BAD7CAD8DAD9EAD0F94DD3D87FF45
:102FF00030C0F601618972898389948990589B0158
:10300000AC010F94C144D6011D962D913D914D9177
:103010005C9150970F94433E9B01AC016BAD7CAD2E
:103020008DAD9EAD0F94C0446B017C01A301920154
:103030000F94DD3D87FF0DC0F101808181608083A9
:10304000C5010E9480E38823E9F0D1018C918E7F35
:103050008C93089DF001099DF00D1124EB5FF74F53
:103060002185328543855485658176818781908568
:103070000F94DD3D811102C01093B6131F5F1770CE
:10308000650178CFF101C582D682E782F086109380
:10309000B613DFCFF090B813E090B71324E7FE1417
:1030A00009F482C08FEF8E0D8770289FF0011124E4
:1030B000EB5FF74F908193FD75C0A12CB12C812C53
:1030C000912C10E000E0FE1409F477C0F4E7FF9EB5
:1030D000C00111249C012B5F374F6901D9018C91EC
:1030E00083FD64C015966D917D918D919C9118978B
:1030F0000F946F473B018BAF28969FAF2897011520
:10310000110509F444C0F601808180FF04C0D80194
:103110008C9181608C93F801808180FF38C0C80158
:103120000E9480E381112FC0D80111962D913D910D
:103130004D915C91149760E070E080E89FE30F94FC
:10314000BB451B012C01AC019B01B3018BAD289643
:103150009FAD28970F94433E69837A838B839C832A
:103160009501A401C201B1010F94433E698B7A8B92
:103170008B8B9C8BAE014F5F5F4FBE016F5E7F4FAD
:10318000C8010E9433FDF80180818E7F8083F39413
:10319000FF2DF770FF2E53018BAC28969FAC28971C
:1031A000860191CFE82E7BCFEF2C87CF35018BAEF8
:1031B00028969FAE28976801EACF0115110509F4FA
:1031C00055C0E296AEADBFADE29718966D917D9178
:1031D0008D919C911B970F946F476B017C012DEC97
:1031E0003CEC4CE45DE30F942147181644F08DEC61
:1031F000C82E8CECD82E8CE4E82E8DE3F82EF80146
:10320000808181608083C8010E9480E381112AC08F
:10321000D80111962D913D914D915C91149760E0EC
:1032200070E080E89FE30F94BB452B013C01A701B0
:1032300096010F94433E69837A838B839C83A30119
:103240009201B501C4010F94433E698B7A8B8B8B3D
:103250009C8BAE014F5F5F4FBE016F5E7F4FC80119
:103260000E9433FDF80180818E7F80830E94E92CCB
:1032700081E0C257DF4F0FB6F894DEBF0FBECDBF5F
:10328000DF91CF911F910F91FF90EF90DF90CF9042
:10329000BF90AF909F908F907F906F905F904F9076
:1032A0003F902F90089580E0E4CFE0903D0DF090A6
:1032B0003E0D00913F0D1091400D0C94218DEF9229
:1032C000FF920F931F93CF93DF93CDB7DEB7609735
:1032D0000FB6F894DEBF0FBECDBFFC018B017A01A3
:1032E00090E1DE01119601900D929A95E1F7CE01E1
:1032F00001960E9429FC8091870790918807892B6D
:1033000099F4A701B801CE0101960E942089609628
:103310000FB6F894DEBF0FBECDBFDF91CF911F91E6
:103320000F91FF90EF90089580E0F1CF7F928F9200
:103330009F92AF92BF92CF92DF92EF92FF920F9344
:103340001F93CF93DF93FC01F62E80910D0288230B
:1033500071F080910E0281110AC021E0621709F418
:1033600061C0621780F082E0681709F46CC0B12C6C
:1033700080E5C82E93ECD92E27E4E22E00E010E57C
:10338000D3ECC7EC10C000910F0210911002D09145
:103390001102C0911202B0901B02C0901C02D0908A
:1033A0001D02E0901E02708081809280A3809801AF
:1033B0004D2F5C2F672D782D892D9A2D0F94DD3D93
:1033C00087FD11C02B2D3C2D4D2D5E2D672D782DA9
:1033D000892D9A2D0F94214718160CF445C0072DFE
:1033E000182DD92DCA2D24E0F29EC0011124FC0114
:1033F000E45BF24FA8016D2F7C2F408351836283E1
:10340000738384569D4FDF91CF911F910F91FF9051
:10341000EF90DF90CF90BF90AF909F908F907F9074
:103420000D94C0050091130210911402D091150261
:10343000C0911602B0901F02C0902002D0902102CD
:10344000E0902202B0CF0091170210911802D091A3
:103450001902C0911A02B0902302C0902402D090A9
:103460002502E09026029FCF0B2D1C2DDD2DCE2DA9
:10347000BACFCF92DF92EF92FF9223EC38E141E096
:10348000F901C590D590E590F490C616D706E806E8
:10349000F90658F49695879577956795440F2C5FB4
:1034A0003F4F58E12F3D350759F740936D07FF9087
:1034B000EF90DF90CF900C9494E3CF93DF93282F7D
:1034C00030E0F901E358F74E8491F901E95CF74ED9
:1034D000D491F901EF50F84EC491CC23A1F08111A1
:1034E0000E948779EC2FF0E0EE0FFF1FE952F84EB3
:1034F000A591B491EC91ED2381E090E009F480E096
:10350000DF91CF91089580E090E0FACF1F93CF93A1
:10351000DF93282F30E0F901E358F74E8491F90149
:10352000E95CF74ED491F901EF50F84EC491CC23E9
:10353000A9F0162F81110E948779EC2FF0E0EE0F91
:10354000FF1FE354F84EA591B4918FB7F894EC9116
:10355000111108C0D095DE23DC938FBFDF91CF918E
:103560001F910895DE2BF8CFCF93DF9390E0FC01FD
:10357000E95CF74E24918F50984EFC01849188238A
:10358000C9F090E0880F991FFC01ED55F84EA59108
:10359000B491FC01E354F84EC591D49161110DC072
:1035A0009FB7F8948C91209582238C93888128234F
:1035B00028839FBFDF91CF910895623051F49FB768
:1035C000F8943C91822F809583238C93E8812E2B55
:1035D000EFCF8FB7F894EC912E2B2C938FBFEACFBF
:1035E0008F929F92AF92BF92CF92DF92EF92FF9213
:1035F0006B017C010E94EE794B015C01C114D10486
:10360000E104F104B9F00E94EE79681979098A0998
:103610009B09683E73408105910580F321E0C21A41
:10362000D108E108F10888EE880E83E0981EA11CFD
:10363000B11CE4CFFF90EF90DF90CF90BF90AF90A0
:103640009F908F9008952FB7F894609165077091BF
:10365000660780916707909168072FBF0895CF9301
:10366000DF93EC0184E00F94B70181113BC080919E
:103670007117909172178C0F9D1F90937217809302
:10368000711780913E1290913F12C80FD91FD093AD
:103690003F12C0933E120E94239B60933A12709394
:1036A0003B1280933C1290933D120E94EF2C882392
:1036B000C9F080913B0290913C02A0913D02B091F3
:1036C0003E028F3F9F4FAF4FBF4F61F410923B02BE
:1036D00010923C0210923D0210923E02DF91CF9177
:1036E0000C94E92CDF91CF910895CF92DF92EF9265
:1036F000FF92CF93DF93EC01BC01990F880B990BDC
:103700000F94E43D209132123091331240913412E3
:10371000509135120F94433E6B017C01CE010E9403
:103720002F9BC6EAD3E1A7019601688579858A8532
:103730009B850F94C144688779878A879B87DF912F
:10374000CF91FF90EF90DF90CF9008952F923F920E
:103750004F925F926F927F928F929F92AF92BF92A1
:10376000CF92DF92EF92FF920F931F93CF93DF934D
:10377000CDB7DEB7C557D1090FB6F894DEBF0FBE7F
:10378000CDBF28969FAF8EAF28972E967FAF6EAF96
:103790002E97142FDB014D905D906D907C901397C8
:1037A0001496CD90DD90ED90FC901797A3019201B7
:1037B00050582DAB3EAB4FAB58AFD701C601B058F8
:1037C00089A39AA3ABA3BCA3A3019201C301B20135
:1037D0000F94433E4B015C01A7019601C701B6015E
:1037E0000F94433E9B01AC01C501B4010F94C14449
:1037F0000F946F472F966FAF2F9760967FAF6097AC
:1038000061968FAF619762969FAF629780904C0DE3
:1038100090904D0DA0904E0DB0904F0DA5019401CC
:10382000C301B2010F94C1446E966CAF7DAF8EAFF1
:103830009FAF6E972091500D3091510D4091520DD8
:103840005091530D2DA33EA34FA358A7C701B60116
:103850000F94C144A2966CAF7DAF8EAF9FAFA2977D
:103860002896AEADBFAD28974D905D906D907C9041
:103870006E962CAD3DAD4EAD5FAD6E97C301B201FE
:103880000F94C04469A77AA78BA79CA72896EEAD92
:10389000FFAD2897C480D580E680F780A2962CAD36
:1038A0003DAD4EAD5FADA297C701B6010F94C044C8
:1038B0006DA77EA78FA798ABA3019201C501B401A4
:1038C0000F94C0444B015C012DEB37E346E855EB08
:1038D0000F94214787FDB6C32DEB37E346E855E348
:1038E000C501B4010F94DD3D18160CF4ABC3A7015C
:1038F00096016DA17EA18FA198A50F94C0446B0184
:103900007C012DEB37E346E855EB0F94214787FD0B
:1039100099C32DEB37E346E855E3C701B6010F9491
:10392000DD3D18160CF48EC311111FC408E410E01D
:103930004BED842E4FE0942E49ECA42E40E4B42E9F
:10394000750164012091540D3091550D4091560D33
:103950005091570D29AB3AAB4BAB5CAB2896AEAD53
:10396000BFAD289718966D917D918D919C911B9775
:103970000F94C0442B013C01A50194012F966FAD1B
:103980002F9760967FAD609761968FAD6197629635
:103990009FAD62970F94433E6DA379A78DA79DAF0E
:1039A00027E137EB41ED58E30F94DD3D87FF0AC077
:1039B00027E137EB41ED58E3C301B2010F94DD3D40
:1039C00087FD26C32896AEADBFAD28971C962D91D6
:1039D0003D914D915C911F9726962CAF3DAF4EAF18
:1039E0005FAF26972091580D3091590D40915A0D97
:1039F00050915B0D22962CAF3DAF4EAF5FAF22973B
:103A00002AE037ED43E25CE36091330270913402C7
:103A100080913502909136020F94433E4B015C0138
:103A20006091310270913202072E000C880B990BC5
:103A30000F94E43D9B01AC01C501B4010F94433EDA
:103A40006D8F7E8F8F8F98A36DA179A58DA59DAD6C
:103A50000F9463464B015C01B80190E080E00F9445
:103A6000E23D1B018C019B01AC01B401C5010F9427
:103A70002147181614F0410158019401A5016DA1C8
:103A800079A58DA59DAD0F94BB4569AF7AAF8BAF7E
:103A90009CAF20E030E040E85FE30F942147181628
:103AA0000CF076C36DA179A58DA59DAD0F949F45B2
:103AB0000F9434461B01198A1A8A1B8A1C8A1D8A94
:103AC0001E8A1F8A188E198E1A8E1B8E1C8E6230CB
:103AD000710508F473C290E080E00F94E23D2C96EB
:103AE0006CAF7DAF8EAF9FAF2C979B01AC01C70130
:103AF000B6010F94BB4569AF7AAF8BAF9CAF9B010A
:103B0000AC010F94433E6B017C01AC019B0169AD9C
:103B10007AAD8BAD9CAD0F94433E20E030E040EC9D
:103B200050E40F94BB459B01AC0169AD7AAD8BAD00
:103B30009CAD0F94C044A6966CAF7DAF8EAF9FAF87
:103B4000A69720E030E040E05FE3C701B6010F94A4
:103B5000433E9B01AC0160E070E080E89FE30F947E
:103B6000C044AA966CAF7DAF8EAF9FAFAA972C963C
:103B70002CAD3DAD4EAD5FAD2C97C301B2010F949E
:103B8000BB45E2966CAF7DAF8EAF9FAFE2972296BA
:103B90002CAD3DAD4EAD5FAD229726966CAD7DADA3
:103BA0008EAD9FAD26970F94C0442C962CAD3DADA5
:103BB0004EAD5FAD2C970F94BB45E6966CAF7DAFD5
:103BC0008EAF9FAFE697C9A8DAA8EBA8FCA8C98674
:103BD000DA86EB86FC862296CCACDDACEEACFFAC94
:103BE0002297CD86DE86EF86F88A0E94239B9B0172
:103BF000AC0128533F4F4F4F5F4FAE962CAF3DAFB8
:103C00004EAF5FAFAE974090FD0C5090FE0C6090B1
:103C1000FF0C7090000D6091F90C7091FA0C80917E
:103C2000FB0C9091FC0C461657066806790610F4BA
:103C3000C301B2010F94E23D67966CAF7DAF8EAFCA
:103C40009FAF6797A0901D0DB0901E0DC0901F0DE7
:103C5000D090200DC301B2010F94E23D7B018C0195
:103C60009B01AC01B501C6010F94DD3D87FD02C08B
:103C7000570168016D8D7E8D8F8D98A19B01AC01E0
:103C80000F94433E562E772E4C0167962CAD3DADDA
:103C90004EAD5FAD67972F966FAD2F9760967FAD56
:103CA000609761968FAD619762969FAD62970F9412
:103CB000433E7B018C019501A601B501C6010F941D
:103CC000433E662E7EAF23968FAF239763969FAFBA
:103CD00063979701A801652D772DC4010F942147A3
:103CE00018161CF0E52CF72C84019701A801662D0D
:103CF0007EAD23968FAD239763969FAD63970F9408
:103D0000DD3D87FD08C06E2CFEAE23960FAF2397D6
:103D100063961FAF63977DA0C9A46896CFAE6897DE
:103D2000DDA46996DFAE6997EDAC6A96EFAE6A974F
:103D300029E129AB44244394512C0E94EEDB0E94DC
:103D4000239B8B019C01AE96CCACDDACEEACFFAC02
:103D5000AE970C191D092E093F0937FD0FC09B01B5
:103D6000AC0128533F4F4F4F5F4FAE962CAF3DAF46
:103D70004EAF5FAFAE9780E00E94F64B39A931504D
:103D800039AB332309F432C22DA93EA94FA958AD4E
:103D9000A6966CAD7DAD8EAD9FADA6970F94433EBC
:103DA0006B017C0129A13AA14BA15CA1AA966CAD43
:103DB0007DAD8EAD9FADAA970F94433E9B01AC01A4
:103DC000C701B6010F94C1447B018C012DA93EA906
:103DD0004FA958ADAA966CAD7DAD8EAD9FADAA979B
:103DE0000F94433E4B015C0129A13AA14BA15CA178
:103DF000A6966CAD7DAD8EAD9FADA6970F94433E5C
:103E00009B01AC01C501B4010F94C0446DAB7EAB06
:103E10008FAB98AFC701D80189A39AA3ABA3BCA36A
:103E20002DA93EA94FA958AD6E966CAD7DAD8EAD56
:103E30009FAD6E970F94C14469837A838B839C8373
:103E400029A13AA14BA15CA1A2966CAD7DAD8EAD2E
:103E50009FADA2970F94C1446D837E838F83988713
:103E6000E2962CAD3DAD4EAD5FADE29769857A85AA
:103E70008B859C850F94C14469877A878B879C8743
:103E8000E6962CAD3DAD4EAD5FADE6976D857E857A
:103E90008F8598890F94C1446D877E878F87988B13
:103EA000CE0101960F94D101E1E04E16510409F0C4
:103EB0000CC250E040E030E020E0852F942FA32F8B
:103EC000B22F8D8B9E8BAF8BB88F2C962CAD3DADCA
:103ED0004EAD5FAD2C976DA179A58DA59DAD0F94CD
:103EE000BB459B01AC01672D68967FAD68976996CD
:103EF0008FAD69976A969FAD6A970F94C044762EEE
:103F000068967FAF689769968FAF69976A969FAFFB
:103F10006A9767962CAD3DAD4EAD5FAD6797CA0110
:103F2000B9010F94C144272D68963FAD68976996F3
:103F30004FAD69976A965FAD6A970F94433E7B01D8
:103F40008C01262D3EAD23964FAD239763965FAD32
:103F500063970F942147181644F4E62CFEAC239681
:103F60000FAD239763961FAD6397C701D801898F63
:103F70009A8FAB8FBC8FAE014F5E5F4FBE01635E09
:103F80007F4FCE0101960E945F998823B9F02F964A
:103F90008FAD2F9760969FAD60976196AFAD61979B
:103FA0006296BFAD62978D8B9E8BAF8BB88FFFEF04
:103FB0004F1A5F0A2414350409F0BFCE80E1289619
:103FC000EEADFFAD2897DE01119601900D928A9516
:103FD000E1F7CE0101960F94D1011D8A1E8A1F8A36
:103FE000188E198E1A8E1B8E1C8EAE014F5E5F4F7F
:103FF000BE01635E7F4FCE0101960E945F9980E112
:10400000FE013196ACE4BDE001900D928A95E1F796
:10401000CB58DF4F0FB6F894DEBF0FBECDBFDF9198
:10402000CF911F910F91FF90EF90DF90CF90BF90B5
:10403000AF909F908F907F906F905F904F903F9048
:104040002F90089529A53AA54BA55CA56DA97EA939
:104050008FA998AD0F94433E6B017C012DA53EA521
:104060004FA558A969A17AA18BA19CA10F94433EA9
:104070009B01AC01C701B6010F94C1446B017C01E7
:104080002DA53EA54FA558A96DA97EA98FA998ADCC
:104090000F94433E4B015C0129A53AA54BA55CA5B5
:1040A00069A17AA18BA19CA10F94433E9B01AC0115
:1040B000C501B4010F94C044A70196010F94404577
:1040C0006B017C0120E030E0A9010F94DD3D8823E5
:1040D00009F49ECF20E030E0A901C701B6010F949A
:1040E000DD3D87FD2BC090E080E0812B8130910584
:1040F00041F1029789F120E030E0A901C701B60142
:104100000F9421474601570187FF04C0B7FAB094C6
:10411000B7F8B0942BED3FE049EC50E4C501B40191
:104120000F94BB4520E030E040E952E40F94433E59
:104130000F949F450F9434468B0104CC82E090E0AD
:10414000D4CF2BED3FE049EC50E4C701B6010F940A
:10415000C0446B017C01CFCF2BED3FE049EC50E434
:10416000C701B6010F94C144F4CF08E410E02BED71
:10417000822E2FE0922E29ECA22E20E4B22E3BEDCF
:10418000C32E3FE0D32E39ECE32E30ECF32EDACB06
:104190002DEC3CEC4CEC5DE369AD7AAD8BAD9CADA8
:1041A0000F94DD3D87FF1FC02DEC3CEC4CEC5DE334
:1041B0006DA179A58DA59DAD0F94BB450F94634668
:1041C0004B015C0120E030E040E85FE30F94DD3D0F
:1041D00087FF06C0812C912C90E8A92E9FE3B92E71
:1041E000C501B40165CCB401C50162CCB20190E057
:1041F00080E00F94E23D29AD3AAD4BAD5CAD0F943C
:10420000433E6B017C010F94B64569A37AA38BA34F
:104210009CA3C701B6010F9461474B015C012E9628
:10422000AEADBFAD2E97CD90DD90ED90FC90139785
:10423000F7FAF094F7F8F09414962D913D914D9182
:104240005C91179729AB3AAB4BAB5CABA7019601DE
:1042500069A17AA18BA19CA10F94433E6DAB7EAB6B
:104260008FAB98AF29A93AA94BA95CA9C501B401A4
:104270000F94433E9B01AC016DA97EA98FA998AD17
:104280000F94C1446DAB7EAB8FAB98AFA701960185
:10429000C501B4010F94433E6B017C0129A93AA9E1
:1042A0004BA95CA969A17AA18BA19CA10F94433E63
:1042B0009B01AC01C701B6010F94C04469A37AA366
:1042C0008BA39CA3B9E1B9ABABCD2F965FAD2F9774
:1042D00060964FAD609761963FAD619762962FAD46
:1042E0006297EBCDCF92DF92EF92FF920E94239BD9
:1042F0006B017C0128E5C20E22E0D21EE11CF11CFC
:104300000E94A0408F3F71F00E94239B6C197D0991
:104310008E099F0997FDF4CF80E0FF90EF90DF902A
:10432000CF90089581E0F9CFCF93DF930E94239B34
:104330006093480D7093490D80934A0D90934B0DF7
:10434000C091560ED1E6DC9FF0011124E854F14FE4
:10435000808181113CC08EEF9EE10E949B32CD9FF7
:10436000E0011124C85AD14F88818E3499F480E23B
:104370000E9494328EE40E9494322196899190EDAD
:10438000980F9A3020F08D3211F08B3219F40E9480
:104390009432F4CFC091B713D091B8138BEF9EE154
:1043A0000E949B328C2F8D1B809587700E94DCD3DE
:1043B0008091550E64E070E0681B710988EF9EE102
:1043C0000E94E9398AE0DF91CF910C949432DF9119
:1043D000CF9108956F927F928F929F92AF92BF92EA
:1043E000CF92DF92EF92FF920F931F93CF93DF93C1
:1043F00000D000D01F921F92CDB7DEB75C014B01F9
:104400003A01F22E680100916F0C0F94830E809197
:104410003613909137138C159D051CF4C6010E942C
:1044200022FB60E080E00E94065981111DC160E01E
:1044300089E00E94737C1C141D0444F4C6010E9490
:1044400022FB40E060E080E00E948FD660E088E0E0
:104450000E94737C60E081E00E94065980E090E059
:10446000A0E7B2E48D839E83AF83B88780E090E0BD
:10447000A0E8B0EC89839A83AB83BC83BE016B5FF9
:104480007F4FCE0101960F94330787E00F94B70159
:10449000811168C08091580D9091590DA0915A0DCD
:1044A000B0915B0D4091540D5091550D6091560D9A
:1044B0007091570D00915F0C1091600C2091610C70
:1044C0003091620CC0905B0CD0905C0CE0905D0C65
:1044D000F0905E0CC092840CD092850CE092860C19
:1044E000F092870C0093880C1093890C20938A0C0F
:1044F00030938B0C40938C0C50938D0C60938E0CEE
:1045000070938F0C8093900C9093910CA093920CCD
:10451000B093930C80E090E0A8E4B2E489839A839E
:10452000AB83BC83CE0101960F9459058091630C37
:104530009091640CA091650CB091660C80938C0CEA
:1045400090938D0CA0938E0CB0938F0C80E090E034
:10455000A0EAB0E489839A83AB83BC83CE01019641
:104560000F94590580E090E0A0E7B2E48D839E832C
:10457000AF83B88780E090E0A0E8B0E489839A83B5
:10458000AB83BC83BE016B5F7F4FCE0101960F945E
:1045900033078091670C9091680CA091690CB091E1
:1045A0006A0C8093580D9093590DA0935A0DB093B7
:1045B0005B0D8093900C9093910CA093920CB09310
:1045C000930C80E99CE00F94180088E59DE00F941F
:1045D000180060E089E00E94737C61E088E79EE15A
:1045E0000E941D3380915A0C815080935A0C40E8F0
:1045F0005EE168E87EE185E00E946A7C809140127D
:10460000823011F40F945D1280915A0C882381F04E
:10461000815080935A0C0E9499C78091590C88232D
:1046200039F040E060E070E080E090E40E948C2689
:1046300080E00E9434820E942A2D0E94C37C28962A
:104640000FB6F894DEBF0FBECDBFDF91CF911F91A3
:104650000F91FF90EF90DF90CF90BF90AF909F9021
:104660008F907F906F900895E12C2F2DA301B401BE
:10467000C5010E941F87DFCE4F925F926F927F929B
:104680008F929F92AF92BF92CF92DF92EF92FF9262
:104690000F931F93CF93DF93CDB7DEB7AA970FB6D3
:1046A000F894DEBF0FBECDBF6091C9147091CA14DB
:1046B00083EF9DE10F94D90F4091C1145091C21422
:1046C0006091C3147091C41484EE9DE10F94C60FE1
:1046D0008091C1149091C214A091C314B091C414DC
:1046E000ECEAF2E010E000E04191519161917191AA
:1046F000411551056105710511F40C949CBE4817D4
:1047000059076A077B0709F0E2C0AC01BD01477F8A
:10471000423350416105710511F40C94A0BE8433FD
:10472000E0E19E07A105B10509F45BC08115F3E145
:104730009F07A105B10509F454C0AC01BD01485063
:10474000504161097109453051056105710510F449
:104750000C94A4BEAC01BD014654504161097109DD
:10476000473051056105710510F40C94A8BEAC01E9
:10477000BD0144555041610971094530510561053C
:10478000710510F402E110E08A35E2E19E07A1050F
:10479000B10539F110F00C9410BF863322E1920775
:1047A000A105B105F1F010F00C94C8BE8E31F0E116
:1047B0009F07A105B105A9F010F00C94ACBE8A3199
:1047C000E0E19E07A105B10561F08C31F0E19F07A2
:1047D000A105B10531F0883120E19207A105B105AD
:1047E00011F408E010E0803421E19207A105B10541
:1047F00009F470C0AC01BD014B7F403950416105E7
:10480000710509F46AC08839F0E19F07A105B10577
:1048100009F463C0823421E19207A105B10509F4CE
:104820005FC08434E1E19E07A105B10509F45BC0D6
:104830008834F1E19F07A105B10509F457C0AC0127
:10484000BD0151516109710941335105610571057E
:1048500008F44FC08A509042A109B109833D9105E7
:10486000A105B10508F448C086ED9DE10E942C3BEE
:10487000B801012E000C880B990B0E94F17A0E945E
:104880002AC717FF3CC0EDEBF4E180E5DF011D9284
:104890008A95E9F78AE58093BE1485EA8093BF1470
:1048A000AA960FB6F894DEBF0FBECDBFDF91CF91B1
:1048B0001F910F91FF90EF90DF90CF90BF90AF903E
:1048C0009F908F907F906F905F904F9008950F5FB3
:1048D0001F4F0ACF00E411E1C7CF09E919E9C4CF9E
:1048E00002E411E1C1CF04E411E1BECF08E411E11B
:1048F000BBCF00E011E1B8CF09E110E0B5CF8AEC01
:104900009DE10E942C3B0F30110511F40C94B3B6BD
:104910000CF00CC10630110509F4F2C40CF098C07B
:104920000130110509F45DC344F4012B09F4ECC115
:104930008DE499E10E942C3BA6CF0230110509F4C9
:10494000DBC303301105A1F78091C1149091C2140B
:10495000A091C314B091C4148830F0E19F07A10561
:10496000B10509F051C482E19DE10E942C3B809188
:10497000C9149091CA14803F910509F0E7C381E002
:104980009AE590931A158093191585E390E090931A
:104990001C1580931B1587E080930D1582E880938A
:1049A000101584E890E0A0E0B0E08093111590939A
:1049B0001215A0931315B09314158DEB94E10F9479
:1049C00093116091C9147091CA148AE09DE10F940B
:1049D000D90F8091C1149091C214A091C314B091C9
:1049E000C4148C309041A105B10509F04CCF8091E1
:1049F000C9149091CA14029709F045CF0F94CB12B5
:104A000081E08093FD071092FF0781E09AE5909383
:104A10001A158093191582E590E090931C158093E8
:104A20001B1587E080930D1582E88093101584E8AC
:104A300090E0A0E0B0E08093111590931215A09340
:104A40001315B09314158DEB94E10F9493111BCFB4
:104A50000B30110511F40C94D9B05CF50730110539
:104A600009F465C50830110509F062CF8CEB9CE1B3
:104A70000E942C3BC090C114D090C214E090C3148B
:104A8000F090C4140091C9141091CA14B2E3CB166B
:104A9000B0E1DB06E104F10409F0ACC70115110532
:104AA00009F056C78091420DE4E68E9FC0011124A3
:104AB00040C20C30110511F40C9407B30D301105F0
:104AC00009F036CF6091C9147091CA1480E89CE156
:104AD0000F94D90F6091C9147091CA14FB013197DA
:104AE000EB31F10510F00C94AEB68827E558FA4585
:104AF0008F4F0D94B84463B3A2B353B4D7B401B588
:104B00006FB598B5ACB5CFB5E3B502B644B64FB600
:104B100058B661B66AB673B67CB686B68AB68CB637
:104B200097B6A2B6A5B6A8B6ABB635B4093111058D
:104B300011F40C94CABA0CF0A2C00631110511F49C
:104B40000C9443BA5CF50231110511F40C9467B76B
:104B50000531110509F0ECCE6091C9147091CA14A9
:104B60008DEC9AE10F94D90F80EC9AE10E942C3BD6
:104B7000E091C914F091CA14E730F10510F00C94DB
:104B80003DBA8827E953FA458F4F0D94B844CBB905
:104B9000D7B9FBB90ABA16BA22BA31BA0731110528
:104BA00011F40C9487BA0831110509F0C1CE809137
:104BB000C9149091CA148F3F910519F010F08FEF2E
:104BC00090E09093EE078093ED072091ED073091F0
:104BD000EE072115310511F00C94A2BA10921A15A6
:104BE0001092191505E000930D1512E81093101599
:104BF0008AE890E1A0E0B0E080931115909312153F
:104C0000A0931315B09314158DEB94E10F949311A9
:104C100089E090E090931A158093191500930D1573
:104C2000109310158CE890E1A0E0B0E0809311158E
:104C300090931215A0931315B09314158DEB94E176
:104C40000F9493118091ED071092191580931A1506
:104C500085E080930D1582E88093101581EA90E03D
:104C6000A0E0B0E08093111590931215A093131556
:104C7000B09314158DEB94E10F94931104CE02348C
:104C8000B1E11B0711F40C94A2BD04F50115F1E18B
:104C90001F0711F40C94E5BD0034114109F048CE12
:104CA00083EF94E00F94D92E2091C9143091CA1447
:104CB0002115310511F00C9485BD1092EE0710926C
:104CC000ED071092EB070F942F1CDDCD043481E12A
:104CD000180711F40C94C7BD0834114109F028CE0F
:104CE0008CE295E00F94D92E8091C9149091CA144A
:104CF0008530910510F00C94DCBD85E090E0909338
:104D0000F2078093F107DFCF8091C9149091CA1404
:104D100081309105A9F580EB9DE10E942C3B90E04C
:104D200080E00F94F11E1092030810920208109276
:104D3000010885E99DE10E942C3B81E09AE5909372
:104D40001A15809319158EE290E090931C158093AC
:104D50001B1587E080930D1582E88093101584E879
:104D600090E0A0E0B0E08093111590931215A0930D
:104D70001315B09314158DEB94E10F94931183CD1B
:104D80008230910509F0C8C00F945E1881E99DE159
:104D90009093E0078093DF078BE090E090931A15E3
:104DA0008093191505E000930D1512E81093101566
:104DB00080E092E1A0E0B0E080931115909312158D
:104DC000A0931315B09314158DEB94E10F949311E8
:104DD00010921A151092191500930D1510931015B5
:104DE0008EE090E1A0E0B0E0809311159093121551
:104DF000A0931315B09314158DEB94E10F949311B8
:104E000010921A151092191500930D151093101584
:104E10008FE090E1A0E0B0E080931115909312151F
:104E2000A0931315B09314158DEB94E10F94931187
:104E300010921A151092191500930D151093101554
:104E400086E190E1A0E0B0E08093111590931215F7
:104E5000A0931315B09314158DEB94E10F94931157
:104E600062E070E080E090E00F947B0F10921A15E2
:104E70001092191500930D151093101580E190E113
:104E8000A0E0B0E08093111590931215A093131534
:104E9000B09314158DEB94E10F94931110921A15A1
:104EA0001092191500930D151093101582E190E1E1
:104EB000A0E0B0E08093111590931215A093131504
:104EC000B09314158DEB94E10F94931189E69DE155
:104ED0000E942C3B81E09AE590931A158093191556
:104EE0008DE290E090931C1580931B1587E08093D2
:104EF0000D151093101584E890E0A0E0B0E08093C9
:104F0000111590931215A0931315B09314158DEBF2
:104F100094E10F949311B7CC039709F0B4CC81E4DA
:104F20009DE10E942C3B8091420DB4E68B9FC00115
:104F3000112481589F4F6FEF70E00F94A44470E0EC
:104F400090E080E00F94E23D20E030E0A9010F9472
:104F5000DD3D811123C081E09AE590931A1580937D
:104F600019158AE390E090931C1580931B1587E038
:104F700080930D1582E88093101584E890E0A0E0FE
:104F8000B0E08093111590931215A0931315B09370
:104F900014158DEB94E10F94931175CC81E09AE593
:104FA00090931A158093191589E390E090931C153E
:104FB00080931B1587E080930D1582E88093101570
:104FC00084E890E0A0E0B0E0809311159093121572
:104FD000A0931315B09314158DEB94E10F949311D6
:104FE00052CC8091C9149091CA148130910509F472
:104FF0004ACC8230910509F04EC08CE19DE10E94BF
:105000002C3B8091FF07843019F181E09AE5909361
:105010001A158093191585E390E090931C158093E1
:105020001B1587E080930D1582E88093101584E8A6
:1050300090E0A0E0B0E08093111590931215A0933A
:105040001315B09314158DEB94E10F9493111BCCB1
:1050500081E09AE590931A158093191586E390E004
:1050600090931C1580931B1587E080930D1582E8A3
:105070008093101584E890E0A0E0B0E080931115D3
:1050800090931215A0931315B09314158DEB94E122
:105090000F949311F8CB039709F0F5CB8091420D53
:1050A000E4E68E9FC001112481589F4F6FEF70E09E
:1050B0000F94A44470E090E080E00F94E23D20E083
:1050C00030E0A9010F94DD3D882369F080E090E095
:1050D000A8ECB2E489839A83AB83BC83CE010196AA
:1050E0000F948C0ED0CB19821A821B821C82CE01A7
:1050F00001960F948C0EC7CB0091C9141091CA145D
:10510000B80190E080E00F94E23D6B017C0120E06B
:1051100030E040E251E40F94DD3D87FD11C020E016
:1051200030E04AEF53E4C701B6010F942147181647
:1051300054F0902F812F9093310280933202A3CBB1
:105140009AE080E0F8CF94EF81E0F5CF81E09AE536
:1051500090931A15809319158DE290E090931C1589
:1051600080931B1587E080930D1512E8109310159E
:1051700084E890E0A0E0B0E08093111590931215C0
:10518000A0931315B09314158DEB94E10F94931124
:1051900010921A151092191505E000930D15109331
:1051A000101580E190E1A0E0B0E08093111590939C
:1051B0001215A0931315B09314158DEB94E10F9471
:1051C000931110921A151092191500930D15109342
:1051D000101582E190E1A0E0B0E08093111590936A
:1051E0001215A0931315B09314158DEB94E10F9441
:1051F00093116091C9147091CA148BEF9CE10F94C4
:10520000D90F0F945E18E5CB8A3020E19207A105F3
:10521000B10509F041C08091C9149091CA14813F31
:10522000910509F030CB81E09AE590931A158093AF
:10523000191586E390E090931C1580931B1587E069
:1052400080930D1582E88093101584E890E0A0E02B
:10525000B0E08093111590931215A0931315B0939D
:1052600014158DEB94E10F94931147E259E16EE22E
:1052700079E184E00E946A7C60E08CE49FE10F9415
:10528000C01461E080E00E94737C8DE199E190930D
:10529000E0078093DF079DCB8C309041A105B105DD
:1052A00009F097CB8091C9149091CA14019709F025
:1052B00090CB0F94CB121092FF0781E09AE5909368
:1052C0001A158093191585E390E090931C1580932F
:1052D0001B1587E080930D1582E88093101584E8F4
:1052E00090E0A0E0B0E08093111590931215A09388
:1052F0001315B09314158DEB94E10F94931169CBB2
:105300000091C9141091CA14B80190E080E00F9484
:10531000E23D17FF06C020E030E040E857E40F947C
:10532000C04420E030E048EC52E40F94BB456B01F0
:105330007C01BC01A60189EE9CE10E948A3820E034
:1053400030E040E151ECC701B6010F94214787FDE1
:10535000BAC020E030E040E151E4C701B6010F944B
:10536000DD3D18160CF4AFC020E030E0A9016091DB
:10537000AE137091AF138091B0139091B1130F944D
:10538000C144A70196010F94C0442091321230917C
:10539000331240913412509135120F94BB454B019A
:1053A0005C0120E030E0A9010F94214718160CF0B1
:1053B00085C0C501B4010F949F450F942D4661151A
:1053C0007105E9F488ED9CE10E942C3B20E030E07F
:1053D000A9016091AE137091AF138091B0139091B9
:1053E000B1130F94C1449B01AC01C701B6010F94E6
:1053F000214761E070E0181614F06FEF7FEF882707
:105400009927861B970B0E94759B20E030E0A9012D
:105410006091AE137091AF138091B0139091B1135E
:105420000F94C1448E01045E1F4F23E041E00F94AE
:10543000AA389F938F938AEC9CE19F938F930B5193
:1054400011091F930F930F94743DC8010F943814E2
:105450000F900F900F900F900F900F9020E030E082
:10546000A9016091AE137091AF138091B013909128
:10547000B1130F94C14420E030E048EC52E40F94A3
:10548000433E0F942D4670931A156093191585E0CD
:1054900080930D1582E88093101586E290E1A0E0DC
:1054A000B0E08093111590931215A0931315B0934B
:1054B00014158DEB94E10F949311E5C9C501B40166
:1054C0000F9463467ACF8BE494E00F94381420E075
:1054D00030E0A9016091AE137091AF138091B013C9
:1054E0009091B1130F94C14420E030E048EC52E4B5
:1054F0000F94433E0F942D4670931A15609319151F
:1055000085E080930D1582E88093101586E290E186
:10551000A0E0B0E08093111590931215A09313159D
:10552000B09314158DEB94E10F94931197CF809164
:10553000C9149091CA14009709F4A5C98130910546
:1055400009F05EC08091420D24E6829FC0011124C3
:1055500081589F4F6FEF70E00F94A44470E090E08B
:1055600080E00F94E23D20E030E0A9010F94DD3DA2
:10557000811123C081E09AE590931A158093191543
:105580008CE390E090931C1580931B1587E080932B
:105590000D1582E88093101584E890E0A0E0B0E05B
:1055A0008093111590931215A0931315B0931415B1
:1055B0008DEB94E10F94931166C981E09AE5909385
:1055C0001A15809319158BE390E090931C15809326
:1055D0001B1587E080930D1582E88093101584E8F1
:1055E00090E0A0E0B0E08093111590931215A09385
:1055F0001315B09314158DEB94E10F94931143C9D7
:105600008230910509F43FC98330910509F072C0D9
:105610008091420DA4E68A9FC001112481589F4FBA
:105620006FEF70E00F94A44470E090E080E00F947E
:10563000E23D20E030E0A9010F94DD3D81112FC053
:1056400080E090E0A8ECB2E489839A83AB83BC83CA
:10565000CE0101960F948C0E81E09AE590931A1575
:105660008093191589E390E090931C1580931B1586
:1056700087E080930D1582E88093101584E890E010
:10568000A0E0B0E08093111590931215A09313152C
:10569000B09314158DEB94E10F949311F4C8198213
:1056A0001A821B821C82CE0101960F948C0E81E01F
:1056B0009AE590931A15809319158AE390E09093D8
:1056C0001C1580931B1587E080930D1582E880934D
:1056D000101584E890E0A0E0B0E08093111590935D
:1056E0001215A0931315B09314158DEB94E10F943C
:1056F0009311C9C88530910509F051C080E090E050
:10570000A4E3B3E489839A83AB83BC8360E0CE01D6
:1057100001960F94D70E80E090E0ACE8B2E4898364
:105720009A83AB83BC8366E0CE0101960F940A0F87
:1057300084EB90E090931A158093191505E000937F
:105740000D1512E81093101584E390E1A0E0B0E08D
:105750008093111590931215A0931315B0931415FF
:105760008DEB94E10F94931186E490E090931A15D9
:105770008093191500930D15109310158AE390E18D
:10578000A0E0B0E08093111590931215A09313152B
:10579000B09314158DEB94E10F94931174C8863077
:1057A000910509F052C080E090E0A0E7B3E489835E
:1057B0009A83AB83BC8360E0CE0101960F94D70E31
:1057C00080E090E0ACEDB2E489839A83AB83BC8344
:1057D00066E0CE0101960F940A0F80EF90E090935F
:1057E0001A158093191505E000930D1512E8109312
:1057F000101584E390E1A0E0B0E080931115909340
:105800001215A0931315B09314158DEB94E10F941A
:1058100093118EE690E090931A15809319150093DA
:105820000D15109310158AE390E1A0E0B0E080938D
:10583000111590931215A0931315B09314158DEBB9
:1058400094E10F9493110C9443A4813F910511F0BE
:105850000C9443A419821A821B821C82CE010196E9
:105860000F948C0E19821A821B821C8260E0CE017A
:1058700001960F940A0F19821A821B821C8266E01D
:10588000CE0101960F940A0F10921A151092191555
:1058900005E000930D1512E81093101584E390E1D4
:1058A000A0E0B0E08093111590931215A09313150A
:1058B000B09314158DEB94E10F94931161E070E0B7
:1058C00080E090E00F947B0F10921A15109219153A
:1058D00000930D15109310158AE390E1A0E0B0E05D
:1058E0008093111590931215A0931315B09314156E
:1058F0008DEB94E10F94931161E070E080E090E013
:105900000F947B0F81E09AE590931A1580931915F7
:1059100089E390E090931C1580931B1587E080939A
:105920000D151093101584E890E0A0E0B0E080938E
:10593000111590931215A0931315B09314158DEBB8
:1059400094E10F94931182E08093FF070C9443A499
:105950000130110529F519821A821B821C8260E030
:10596000CE0101960F94D70E10921A1510921915A8
:1059700085E080930D1582E88093101584E390E113
:10598000A0E0B0E08093111590931215A093131529
:10599000B09314158DEB94E10F9493110C9443A4E0
:1059A0000230110511F00C9443A419821A821B8253
:1059B0001C8266E0CE0101960F940A0F10921A1510
:1059C0001092191585E080930D1582E880931015CB
:1059D0008AE390E1A0E0B0E0809311159093121556
:1059E000A0931315B09314158DEB94E10F949311BC
:1059F0000C9443A4F4E3CF16F0E1DF06E104F104D4
:105A000081F4B80190E080E00F94E23D69837A83ED
:105A10008B839C8360E0CE0101960F940A0F0C9457
:105A200043A42AE3C21620E1D206E104F10481F482
:105A3000B80190E080E00F94E23D69837A838B8324
:105A40009C8366E0CE0101960F940A0F0C9443A448
:105A5000C11483E1D806E104F10421F510932C026E
:105A600000932B02B801110F880B990B0F94E43DA2
:105A70002AE037ED43E25CE30F94433E20918A072E
:105A800030918B0740918C0750918D070F94433EC6
:105A900060932702709328028093290290932A0230
:105AA0000C9443A4A2E5CA16A2E1DA06E104F104CB
:105AB00031F410933A02009339020C9443A4B4E5F4
:105AC000CB16B2E1DB06E104F10431F410933802A5
:105AD000009337020C9443A4E0E8CE16E2E1DE0620
:105AE000E104F104A1F424E6209FC001219F900D60
:105AF0001124B0E0A0E08093F90C9093FA0CA093ED
:105B0000FB0CB093FC0C0E9494FB0C9443A4F2E8B1
:105B1000CF16F2E1DF06E104F104A1F424E6209FB0
:105B2000C001219F900D1124B0E0A0E08093FD0CF6
:105B30009093FE0CA093FF0CB093000D0E9494FB79
:105B40000C9443A424E8C21622E1D206E104F10435
:105B5000A1F42AE0209FC001219F900D1124B0E004
:105B6000A0E08093010D9093020DA093030DB093DC
:105B7000040D0E9494FB0C9443A4B80190E080E0D3
:105B8000A6E8CA16A2E1DA06E104F104E1F46093A2
:105B9000050D7093060D8093070D9093080D0E94DC
:105BA00094FB8091C9149091CA14B0E0A0E0809356
:105BB000050D9093060DA093070DB093080D0E945C
:105BC00094FB0C9443A40F94E23DB8E7CB16B2E1EA
:105BD000DB06E104F10451F460931D0D70931E0D7A
:105BE00080931F0D9093200D0C9443A4EAE7CE16EA
:105BF000E2E1DE06E104F10451F46093210D7093BB
:105C0000220D8093230D9093240D0C9443A4FCE764
:105C1000CF16F2E1DF06E104F10451F46093250DA3
:105C20007093260D8093270D9093280D0C9443A418
:105C30002EE7C21622E1D206E104F10451F460938A
:105C4000290D70932A0D80932B0D90932C0D0C949D
:105C500043A4AEE1CA16A0E1DA06E104F10451F46E
:105C600069837A838B839C83CE0101960F948C0E7B
:105C70000C9443A417FF06C020E030E040E857E44E
:105C80000F94C04420E030E048EC52E40F94BB4550
:105C90004B015C01B2E4CB16B2E1DB06E104F10496
:105CA00091F420E030E040E251E40F94433E6093F1
:105CB0000D0D70930E0D80930F0D9093100D0E949B
:105CC000E2FB0C9443A4E6E4CE16E2E1DE06E10436
:105CD000F10491F420E030E040E251E40F94433EBF
:105CE0006093110D7093120D8093130D9093140D0A
:105CF0000E94E2FB0C9443A4FAE4CF16F2E1DF0623
:105D0000E104F10491F420E030E040E251E40F942A
:105D1000433E6093150D7093160D8093170D90936D
:105D2000180D0E94E2FB0C9443A42EE4C21622E15B
:105D3000D206E104F104F1F420E030E040E251E465
:105D40000F94433E6B017C01C092190DD0921A0D45
:105D5000E0921B0DF0921C0D0E94E2FBC092190D07
:105D6000D0921A0DE0921B0DF0921C0D0E94E2FBE6
:105D70000C9443A486E3C81682E1D806E104F1043A
:105D800051F48092A6139092A713A092A813B092F8
:105D9000A9130C9443A4AAE3CA16A2E1DA06E1040B
:105DA000F10451F48092AA139092AB13A092AC1319
:105DB000B092AD130C9443A4B6E2CB16B0E1DB066F
:105DC000E104F10451F48092AE139092AF13A092CB
:105DD000B013B092B1130C9443A4E0E7CE16E2E105
:105DE000DE06E104F10451F480928E0790928F0751
:105DF000A0929007B09291070C9443A4F2E7CF16BB
:105E0000F2E1DF06E104F10451F4809292079092EE
:105E10009307A0929407B09295070C9443A424E7AB
:105E2000C21622E1D206E104F10451F480929607F1
:105E300090929707A0929807B09299070C9443A468
:105E400086E7C81682E1D806E104F10451F4809295
:105E50009A0790929B07A0929C07B0929D070C9482
:105E600043A4A8E1CA16A0E1DA06E104F10469F44A
:105E700080919E07882321F010929E070C9443A4E2
:105E800081E080939E070C9443A4BAE1CB16B0E165
:105E9000DB06E104F10489F48091590C882331F088
:105EA0001092590C0E9495280C9443A481E0809391
:105EB000590C0E9495280C9443A4E6E5CE16E2E125
:105EC000DE06E104F104E1F52CEA35EC47E25EE39D
:105ED00060915613709157138091581390915913F4
:105EE0000F94433E6FA378A789A79AA72CEA35ECB5
:105EF00047E25EE360915213709153138091541303
:105F0000909155130F94BB456C8F7D8F8E8F9F8F13
:105F100020E030E040E251E4C501B4010F94433E7B
:105F200069837A838B839C83AE01495D5F4FBE0199
:105F3000645E7F4FCE0101960F9431380C9443A4D8
:105F4000FAE5CF16F2E1DF06E104F104B1F52CEA3F
:105F500035EC47E25EE360915613709157138091E0
:105F60005813909159130F94433E6FA378A789A7B4
:105F70009AA720E030E040E251E4C501B4010F945B
:105F8000433E6C8F7D8F8E8F9F8F80914E139091AB
:105F90004F13A0915013B091511389839A83AB830F
:105FA000BC83AE01495D5F4FBE01645E7F4FCE0191
:105FB00001960F9431380C9443A42EE5C21622E1C9
:105FC000D206E104F104B1F520E030E040E251E412
:105FD000C501B4010F94433E6FA378A789A79AA780
:105FE0002CEA35EC47E25EE3609152137091531353
:105FF00080915413909155130F94BB456C8F7D8FF6
:106000008E8F9F8F80914E1390914F13A0915013BC
:10601000B091511389839A83AB83BC83AE01495DF0
:106020005F4FBE01645E7F4FCE0101960F94313801
:106030000C9443A482E6C81682E1D806E104F10478
:10604000E1F52CEA35EC47E25EE360912A137091AA
:106050002B1380912C1390912D130F94433E6FA31B
:1060600078A789A79AA72CEA35EC47E25EE360910E
:1060700026137091271380912813909129130F9460
:10608000BB456C8F7D8F8E8F9F8F20E030E040E28C
:1060900051E4C501B4010F94433E69837A838B8335
:1060A0009C83AE01495D5F4FBE01645E7F4FCE01B0
:1060B00001960F946E380C9443A4A6E6CA16A2E18A
:1060C000DA06E104F104B1F52CEA35EC47E25EE3CF
:1060D00060912A1370912B1380912C1390912D13A2
:1060E0000F94433E6FA378A789A79AA720E030E0DA
:1060F00040E251E4C501B4010F94433E6C8F7D8FA3
:106100008E8F9F8F8091221390912313A09124133F
:10611000B091251389839A83AB83BC83AE01495D1B
:106120005F4FBE01645E7F4FCE0101960F946E38C3
:106130000C9443A4BAE6CB16B2E1DB06E104F10409
:1061400011F00C9443A420E030E040E251E4C5019A
:10615000B4010F94433E6FA378A789A79AA72CEAAE
:1061600035EC47E25EE3609126137091271380912E
:106170002813909129130F94BB456C8F7D8F8E8FC0
:106180009F8F8091221390912313A0912413B0919B
:10619000251389839A83AB83BC83AE01495D5F4F2E
:1061A000BE01645E7F4FCE0101960F946E380C9451
:1061B00043A48091C9149091CA14009711F40C94CF
:1061C00043A48130910509F0CCC080917D0C8823D7
:1061D00009F4C1C083E090E090931A1580931915DB
:1061E00085E080930D1582E88093101585E490E199
:1061F000A0E0B0E08093111590931215A0931315B1
:10620000B09314158DEB94E10F9493110E94EE2935
:10621000882309F453C010E000E0E12CE4E0BE2E36
:10622000F5E0DF2EA2E8CA2EF12CE02FE170AE2EB1
:106230009F2C9E0C8B2D8F19A11001C08F2DF80162
:10624000D89EE00DF11D1124EE0FFF1FEE0FFF1F72
:10625000EC56F34F20E030E04AE754E4608171816E
:10626000828193810F94433E0F942D4670931A15AB
:1062700060931915D0920D15C0921015892D90E0DC
:106280008058974F880F991F092E000CAA0BBB0B43
:106290008093111590931215A0931315B0931415B4
:1062A0008DEB94E10F949311F394F5E0FF12C0CFBE
:1062B000EF0E0F5F1F4F29E1E212B6CF8AE090E0A8
:1062C00090931A158093191585E080930D1582E837
:1062D0008093101580E092E1A0E0B0E0809311156A
:1062E00090931215A0931315B09314158DEB94E1B0
:1062F0000F9493110F948E0F811130C08CEA9CE1A2
:106300009093E0078093DF0782E08093F80C81E0B0
:106310009AE590931A158093191580E490E0909374
:106320001C1580931B1587E080930D1582E88093E0
:10633000101584E890E0A0E0B0E0809311159093F0
:106340001215A0931315B09314158DEB94E10F94CF
:1063500093110C9443A482E090E03ECF80EA9CE14C
:10636000CFCF8230910509F0EFC080E090E0A0E24D
:10637000B1E48093F3079093F407A093F507B093EB
:10638000F6078093F7079093F807A093F907B09367
:10639000FA0784E690E090931A158093191505E0AA
:1063A00000930D1512E81093101584E590E1A0E01C
:1063B000B0E08093111590931215A0931315B0932C
:1063C00014158DEB94E10F94931120E030E040E23E
:1063D00051E46091F7077091F8078091F907909167
:1063E000FA070F94433E0F942D4670931A1560934D
:1063F000191500930D151093101588E590E1A0E094
:10640000B0E08093111590931215A0931315B093DB
:1064100014158DEB94E10F949311609132137091E8
:10642000331380913413909135130F942D4670934C
:106430001A156093191500930D151093101586E326
:1064400090E1A0E0B0E08093111590931215A09315
:106450001315B09314158DEB94E10F949311809163
:1064600036139091371390931A1580931915009352
:106470000D151093101584E390E1A0E0B0E0809337
:10648000111590931215A0931315B09314158DEB5D
:1064900094E10F94931110921A151092191500930C
:1064A0000D151093101580E590E1A0E0B0E0809309
:1064B000111590931215A0931315B09314158DEB2D
:1064C00094E10F94931110921A15109219150093DC
:1064D0000D15109310158EE490E1A0E0B0E08093CC
:1064E000111590931215A0931315B09314158DEBFD
:1064F00094E10F94931162E070E080E090E00F94DB
:106500007B0F81E09AE590931A158093191581E429
:1065100090E090931C1580931B1587E080930D15D8
:106520001093101584E890E0A0E0B0E0809311157E
:1065300090931215A0931315B09314158DEB94E15D
:106540000F9493110C9443A48330910521F581E0BD
:106550009AE590931A158093191587E490E090932B
:106560001C1580931B1587E080930D1582E880939E
:10657000101584E890E0A0E0B0E0809311159093AE
:106580001215A0931315B09314158DEB94E10F948D
:1065900093110C9443A48430910511F40C9443A4FA
:1065A0008530910561F42EE730E140E050E066E28D
:1065B00074E08DEB94E10E94307A0C9443A406972A
:1065C00011F00C9443A48CE99CE19093E007809334
:1065D000DF078BE090E090931A158093191585E002
:1065E00080930D1582E88093101580E092E1A0E081
:1065F000B0E08093111590931215A0931315B093EA
:1066000014158DEB94E10F9493110C9443A46091B5
:10661000C9147091CA1482E99CE10F94BA0F809159
:10662000C9149091CA14019711F581E09AE59093ED
:106630001A15809319158FE390E090931C158093A1
:106640001B1587E080930D1582E88093101584E870
:1066500090E0A0E0B0E08093111590931215A09304
:106660001315B09314158DEB94E10F949311809151
:10667000C9149091CA14029711F00C9443A481E0BC
:106680009AE590931A158093191580E490E0909301
:106690001C1580931B1587E080930D1582E880936D
:1066A000101584E890E0A0E0B0E08093111590937D
:1066B0001215A0931315B09314158DEB94E10F945C
:1066C00093110C9443A48091820C80FF02C081FD41
:1066D00036C080E79CE19093E0078093DF0720E0DD
:1066E00030E0A9016091AE137091AF138091B013A7
:1066F0009091B1130F94C14420E030E048EC52E493
:106700000F94433E0F942D4670931A1560931915FC
:1067100085E080930D1582E88093101586E290E164
:10672000A0E0B0E08093111590931215A09313157B
:10673000B09314158DEB94E10F94931196C08FE5EF
:106740009CE1C9CF20E030E0A9016091AE137091C7
:10675000AF138091B0139091B1130F94C1442DECFD
:106760003CEC4CEC5DE30F94C1446B017C0120E0F8
:1067700030E040E151EC0F94214787FD76C020E0E6
:1067800030E040E151E4C701B6010F94DD3D181639
:106790000CF46BC020E030E040E251E46091150D54
:1067A0007091160D8091170D9091180D0F94BB45A7
:1067B0000F942D46CB010E94759B20E030E0A9018B
:1067C0006091AE137091AF138091B0139091B1139B
:1067D0000F94C14420E030E048EC52E40F94433E73
:1067E0000F942D4670931A156093191585E08093C8
:1067F0000D1582E88093101586E290E1A0E0B0E0EC
:106800008093111590931215A0931315B09314153E
:106810008DEB94E10F94931120E030E0A901609199
:10682000AE137091AF138091B0139091B1130F9488
:10683000C1448E01045E1F4F23E041E00F94AA384B
:106840009F938F9381E59CE19F938F930B51110947
:106850001F930F930F94743DC8010F9438140F9039
:106860000F900F900F900F900F908AE090E0909310
:106870001A158093191585E080930D1582E8809391
:10688000101580E092E1A0E0B0E0809311159093A4
:106890001215A0931315B09314158DEB94E10F947A
:1068A00093110C9443A420E030E0A9016091AE1351
:1068B0007091AF138091B0139091B1130F94C144B4
:1068C0002DEC3CEC4CEC5DE30F94C0446B017C017F
:1068D00020E030E040E151EC0F94214787FDC5CF27
:1068E00020E030E040E151E4C701B6010F94DD3D06
:1068F00018160CF4BACF20E030E040E251E4609189
:10690000150D7091160D8091170D9091180D0F9423
:10691000BB4590580F942D46CB010E94759B20E0FB
:1069200030E0A9016091AE137091AF138091B01364
:106930009091B1130F94C14420E030E048EC52E450
:106940000F94433E0F942D4670931A1560931915BA
:1069500085E080930D1582E88093101586E290E122
:10696000A0E0B0E08093111590931215A093131539
:10697000B09314158DEB94E10F94931120E030E067
:10698000A9016091AE137091AF138091B0139091F3
:10699000B1130F94C1448E01045E1F4F23E041E008
:1069A0000F94AA389F938F9383E49CE14DCF80E0AE
:1069B0000E94032A0F948E0F811120C081E39CE175
:1069C0009093E0078093DF0782E08093F80C81E0EA
:1069D0009AE590931A158093191584E590E09093A9
:1069E0001C1580931B1587E080930D1582E880931A
:1069F000101584E890E0A0E0B0E094CE83E29CE142
:106A0000DFCF83E08093F80C83E090E090931A1539
:106A10008093191585E080930D1582E880931015F9
:106A20008DE890E1A0E0B0E08093111590931215ED
:106A3000A0931315B09314158DEB94E10F9493115B
:106A4000C12C51E1D52EE12CF12C05E012E8109279
:106A50001A151092191500930D1510931015C09268
:106A60001115D0921215E0921315F09214158DEBBA
:106A700094E10F94931182E0C80ED11CE11CF11C2B
:106A8000A2E3CA16A1E1DA06E104F10401F781E00C
:106A90009AE590931A158093191580E490E09093ED
:106AA0001C1580931B1587E080930D15109310150E
:106AB00084E890E0A0E0B0E0809311159093121567
:106AC000A0931315B09314158DEB94E10F949311CB
:106AD00085EC9BE19093E0078093DF07C6CE80E0D2
:106AE00090E0A0E8B0E489839A83AB83BC8362E042
:106AF000CE0101960E949699C12CD12C46E1E42E3C
:106B000043E4F42EC982DA82EB82FC8260E0CE019B
:106B100001960E949699C982DA82EB82FC8261E03A
:106B2000CE0101960E94969986E08093F80C9DCE46
:106B300080E090E0A0E8B0E489839A83AB83BC83D3
:106B400062E0CE0101960E949699C12CD12C30EBC7
:106B5000E32E31E4F32ED6CF80E090E0A0E8B0E45D
:106B600089839A83AB83BC8362E0CE0101960E9445
:106B7000969980E090E0ABE8B3E489839A83AB8395
:106B8000BC8360E0CE0101960E94969980E090E07F
:106B9000A0EBB1E489839A83AB83BC83C0CF80E050
:106BA00090E0A0E8B0E489839A83AB83BC8362E081
:106BB000CE0101960E949699C12CD12C2BE8E22E91
:106BC00023E4F22E9FCF80E090E0A0E8B0E4898338
:106BD0009A83AB83BC8362E0CE0101960E949699B2
:106BE00080E090E0A0EBB1E489839A83AB83BC831F
:106BF00060E0CE0101960E94969980E090E0ABE8BB
:106C0000B3E4C8CF80917D0C811120C083E090E077
:106C100090931A158093191585E080930D1582E8DD
:106C20008093101585E490E1A0E0B0E08093111509
:106C300090931215A0931315B09314158DEB94E156
:106C40000F94931181E00E94032A49CD82E090E0E5
:106C500090931A158093191585E080930D1582E89D
:106C60008093101585E490E1A0E0B0E080931115C9
:106C700090931215A0931315B09314158DEB94E116
:106C80000F94931180E0DFCF8DEB9BE19093E007B1
:106C90008093DF078AE694E00F943814E6CD87EB03
:106CA0009BE19093E0078093DF0782E894E0F4CFC4
:106CB00081EB9BE19093E0078093DF0784E994E008
:106CC000EBCF81E99BE19093E0078093DF078EEAA9
:106CD00094E0E2CF82E79BE19093E0078093DF07A7
:106CE0008FEB94E0D9CF1092EE071092ED0710923F
:106CF000EB070F942F1CB9CD8FEF90E09093EE0728
:106D00008093ED0781E08093EB07F3CF8AE08093D7
:106D1000F007EFCF84E6FBCF8091EA07882319F0D4
:106D20001092EA07E6CF81E08093EA07E2CF8091F4
:106D3000EC078A3019F41092EC07DBCF8AE08093DD
:106D4000EC07D7CF81E69BE1C5CE82E49BE1C2CEC2
:106D50008CE19BE1BFCE80E19BE1BCCE84EF9AE168
:106D60000F94D90F82CD84E08093F80C8091C114E8
:106D70009091C214A091C314B091C4146091C9142D
:106D80007091CA148834E0E19E07A105B10509F4A9
:106D900046C08A34F0E19F07A105B10509F448C057
:106DA0008C3420E19207A105B10509F483C0C12C00
:106DB000D12C760186349041A105B105B9F5633037
:106DC000710549F583EE9AE19093E0078093DF0720
:106DD00081E08093E6071092E5078AE090E09093C7
:106DE0001A158093191585E080930D1582E880931C
:106DF000101580E092E1A0E0B0E08093111590932F
:106E00001215A0931315B09314158DEB94E10F9404
:106E100093110C9443A41092F80C0C9443A4C12C2D
:106E200090E8D92E9DE9E92E93E4F92E10E007C0F1
:106E3000C12CD12C8BE9E82E83E4F82E11E090E0F0
:106E400080E00F94E23D20E030E040E251E40F9416
:106E5000BB454B015C01A70196010F942147181611
:106E60008CF189829A82AB82BC82612FCE0101961D
:106E70000E9496991092F80C8AE090E090931A156F
:106E80008093191585E080930D1582E88093101585
:106E900080E092E1A0E0B0E080931115909312158C
:106EA000A0931315B09314158DEB94E10F949311E7
:106EB0000C9443A4C12CD12C08ECE02E03E4F02E5A
:106EC00012E0BDCFC982DA82EB82FC82CECF809104
:106ED000C1149091C214A091C314B091C41486350A
:106EE000F0E19F07A105B10509F018C20091C9148E
:106EF0001091CA1420E030E04AE253E4609132136A
:106F00007091331380913413909135130F94DD3DBC
:106F100087FF04C00530110508F488C0043011054E
:106F200009F404C108F05EC00230110509F4D6C0AE
:106F300008F0F3C00130110509F4BDC020E030E0D5
:106F400040E251E46091F3077091F4078091F507F6
:106F50009091F6070F94433E0F942D4670931A15A7
:106F60006093191505E000930D1512E810931015A4
:106F700084E590E1A0E0B0E08093111590931215A4
:106F8000A0931315B09314158DEB94E10F94931106
:106F900020E030E040E251E46091F7077091F8079B
:106FA0008091F9079091FA070F94433E0F942D4674
:106FB00070931A156093191500930D151093101501
:106FC00088E590E1A0E0B0E0809311159093121550
:106FD000A0931315B09314158DEB94E10F949311B6
:106FE0000C9443A40630110571F008F4B0C0013FC1
:106FF000110509F0A3CF1092FB0761E070E080E07B
:1070000090E00F947B0F81E09AE590931A1580939E
:10701000191581E490E090931C1580931B1587E06F
:1070200080930D1582E88093101567C18AEA90E07D
:1070300090931A158093191585E080930D1512E829
:107040001093101580E290E1A0E0B0E0809311155C
:1070500090931215A0931315B09314158DEB94E132
:107060000F94931165E070E080E090E00F947B0F47
:1070700081E09AE590931A158093191582E490E0C7
:1070800090931C1580931B1587E080930D1510932A
:10709000101584E890E0A0E0B0E080931115909383
:1070A0001215A0931315B09314158DEB94E10F9462
:1070B00093110C9443A42091F3073091F40740916D
:1070C000F5075091F6076091580D7091590D809118
:1070D0005A0D90915B0D0F94C04412C02091580D31
:1070E0003091590D40915A0D50915B0D6091F3070D
:1070F0007091F4078091F5079091F6070F94C144C1
:107100006093580D7093590D80935A0D90935B0DB9
:1071100088EA92E00F94C00511CF2091F7073091D3
:10712000F8074091F9075091FA07CDCF2091580DFB
:107130003091590D40915A0D50915B0D6091F707B8
:107140007091F8078091F9079091FA07D7CF81E005
:107150008093FB0780E090E0AEE3B3E489839A83F9
:10716000AB83BC8360E0CE0101960F94D70E20E084
:1071700030E048EC52E46091321370913313809107
:107180003413909135130F94433E6B017C01609151
:10719000361370913713072E000C880B990B0F9440
:1071A000E43D9B01AC01C701B6010F94BB450F94B0
:1071B00034466536710510F064E670E070931A1578
:1071C0006093191505E000930D1512E81093101542
:1071D00084E290E1A0E0B0E0809311159093121545
:1071E000A0931315B09314158DEB94E10F949311A4
:1071F0006091321370913313809134139091351351
:107200000F942D4670931A156093191500930D1560
:107210001093101586E390E1A0E0B0E08093111583
:1072200090931215A0931315B09314158DEB94E160
:107230000F949311809136139091371390931A15F0
:107240008093191500930D151093101584E390E1A8
:10725000A0E0B0E08093111590931215A093131540
:10726000B09314158DEB94E10F94931110921A15AD
:107270001092191500930D151093101580E590E1EB
:10728000A0E0B0E08093111590931215A093131510
:10729000B09314158DEB94E10F94931110921A157D
:1072A0001092191500930D15109310158EE490E1AE
:1072B000A0E0B0E08093111590931215A0931315E0
:1072C000B09314158DEB94E10F94931165E070E089
:1072D00080E090E00F947B0F81E09AE590931A157F
:1072E0008093191584E490E090931C1580931B15EE
:1072F00087E080930D151093101584E890E0A0E0CE
:10730000B0E08093111590931215A0931315B093CC
:1073100014158DEB94E10F94931110CE843520E178
:107320009207A105B105C1F46091C9147091CA1406
:1073300090E080E00F94E23D20E030E040E251E454
:107340000F94BB456093F3077093F4078093F507A0
:107350009093F6070C9443A488359041A105B1059C
:1073600011F00C9443A46091C9147091CA1490E078
:1073700080E00F94E23D20E030E040E251E40F94E1
:10738000BB456093F7077093F8078093F9079093D4
:10739000FA070C9443A481EB9AE10E942C3B8CEAFF
:1073A0009AE19093E0078093DF070C9443A481E077
:1073B0009AE590931A15809319158EE590E09093B5
:1073C0001C1580931B1587E080930D1582E8809330
:1073D000101584E890E0A0E0B0E080931115909340
:1073E0001215A0931315B09314158DEB94E10F941F
:1073F00093110C9443A48EEC94E00F94381421E084
:1074000048E060E08091390290913A020E94E0DD0C
:107410000C9443A480EA9AE10E942C3B86E99AE10D
:107420009093E0078093DF070C9443A488E89AE1E7
:107430000E942C3B88E79AE19093E0078093DF0756
:107440000C9443A481EE94E00F94381421E044E0BE
:107450006FEF80913702909138020E94E0DD0C942A
:1074600043A489E69AE10E942C3B84E69AE190933A
:10747000E0078093DF070C9443A485E59AE10E941E
:107480002C3B0C9443A487E49AE10E942C3B80910E
:10749000C9149091CA148130910519F58FE29AE1CF
:1074A0000E942C3B80913F028650823020F0109247
:1074B000A70B0C9443A48091A50B882329F08091FD
:1074C0009E0781110C943CAF82E08093A60B109232
:1074D000A70B83E08093FF0781E08093E4070C947F
:1074E00043A4892B11F00C9443A489E19AE10E94F2
:1074F0002C3B80913F028650823010F00C9443A4C4
:1075000081E08093A60B1092A70B0C9443A480916A
:10751000C9149091CA148130910541F483E19AE134
:107520009093E0078093DF070C9443A4029711F037
:107530000C9443A48CE09AE19093E0078093DF07DA
:107540000C9443A4C901019697FD4F9615E09595BB
:1075500087951A95E1F7019790931A15809319155D
:1075600005E000930D1512E8109310158AE890E1DC
:10757000A0E0B0E08093111590931215A09313151D
:10758000B09314158DEB94E10F94931188E090E083
:107590000C940AA68AEF99E10E942C3B0F94CC0E22
:1075A0004091C1145091C2146091C3147091C414DD
:1075B000882339F0433DF0E25F076105710509F466
:1075C00049C0423D50426105710511F00C9443A43D
:1075D0008091C9149091CA14019709F4E4C1809173
:1075E000C9149091CA148230910509F065C280EDEA
:1075F00099E10E942C3B00910208109103080C5F56
:107600001F4F8091ED139091EE138F3F980711F467
:107610000E942DD09093EE138093ED1321E030E083
:107620004091E107411102C030E020E0280F391FEE
:107630000217130710F00C9443A480910208909154
:107640000308049690930308809302080F94F11E98
:107650000C9443A480EF99E10E942C3B8091C914C3
:107660002FEF280F209301084091E2075091E30784
:10767000452B09F03FC09091E1079923D9F1409142
:10768000020850910308240F352F311D232B79F563
:107690000E943CC78FEF9FEF9093EE138093ED1302
:1076A0008091E10781508093E1071092E3071092E7
:1076B000E207811112C010929F070F94960F88EE77
:1076C00099E10E942C3B90E080E00F94F11E109213
:1076D0000308109202080C9450A46FE270E08FE946
:1076E00097E00F940F48DC0111961C92E8CF82506E
:1076F0008093010871E2C72E72E1D72EE12CF12CA4
:10770000E3E14E2EE0E65E2E612C712CAA24AA94B1
:10771000BA2CA5E08A2EB2E89B2E0AE010E0B092C7
:107720001A15A092191580920D159092101540927D
:1077300011155092121560921315709214158DEB5D
:1077400094E10F94931110931A15009319158092D8
:107750000D1590921015C0921115D0921215E0924D
:107760001315F09214158DEB94E10F949311B0E181
:107770004B0E511C611C711CEFEFCE1ADE0AEE0A93
:10778000FE0AF5E2CF16F2E1DF06E104F10439F674
:1077900064EDC62E60E2D62EE12CF12C05E012E855
:1077A00010921A151092191500930D1510931015BB
:1077B000C0921115D0921215E0921315F092141583
:1077C0008DEB94E10F9493112FEFC21AD20AE20AC3
:1077D000F20A8EEDC81680E2D806E104F10401F742
:1077E000209101088091020890910308820F911D59
:1077F0000E94FB7B209197158091020890910308CD
:1078000060910108680F792F711D25FF71C080EE0E
:1078100099E10F94D90F209101088091020890916D
:107820000308820F911D0E94FB7B8091E107843049
:1078300008F049CF62E472E18FE997E00F940448C1
:1078400061EF74E08FE997E00F94044819821C827D
:107850008091D51562ED75E1811102C067EB75E18C
:1078600021E042E452E1CE0101960E949CD088239F
:10787000B1F18BE1FE013196A2EDB5E101900D92DF
:107880008A95E1F7809197158F7B80939715A0914A
:107890008C15AA3080F481E08A0F80938C158BE1DF
:1078A0008A9FD0011124A351BA4EE2EDF5E1019077
:1078B0000D928A95E1F7CE0101960E94BD288FEFC7
:1078C0009FEF9093EE138093ED138091E1078F5F0C
:1078D0008093E1071092E3071092E207F4CE0E9432
:1078E000563662E472E187E399E10E946AF0E3CFE1
:1078F00087ED99E10F94D90F20910108809102083A
:1079000090910308820F911D0E94FB7B24ED30E2D1
:1079100040E050E062E472E18DEB94E10E94307A45
:107920008091C9149091CA1454E0880F991F5A95F8
:10793000E1F78D5F9F49B0E0A0E020EF37E830939A
:107940001A152093191500930D1510931015809397
:10795000111590931215A0931315B09314158DEB78
:1079600094E10F9493118091C9149091CA14805E90
:107970009D4EB0E0A0E026E030E030931A15209351
:10798000191500930D1510931015809311159093F0
:107990001215A0931315B09314158DEB94E10F9469
:1079A00093110C9443A40F94CC0E882309F417CEA2
:1079B000209101088091020890910308820F911D87
:1079C0000E94FB7B82E492E10E94A2C7C12C40E2AC
:1079D000D42EE12CF12C05E012E810921A15109229
:1079E000191500930D1510931015C0921115D09212
:1079F0001215E0921315F09214158DEB94E10F948B
:107A00009311AFEFCA1ADA0AEA0AFA0ABAE0CB16F9
:107A1000B0E2DB06E104F10401F720910108809156
:107A2000020890910308820F911D0E94FB7B20E0C9
:107A300030E240E050E062E472E18DEB94E10E94BC
:107A4000307A62E070E080E090E00F947B0F62E0BB
:107A500070E080E090E00F947B0F81E09AE59093D6
:107A60001A158093191585E390E090931C15809367
:107A70001B1587E080930D151093101584E890E096
:107A8000A0E0B0E08093111590931215A093131508
:107A9000B09314158DEB94E10F94931181E08093D2
:107AA000FE0783E08093FF071092030810920208FC
:107AB000109201080C9443A483309105B1F48BEC2F
:107AC00099E10E942C3B8091020890910308843038
:107AD000910510F40C9443A40497909303088093A9
:107AE00002080F94F11E0C9443A4049711F00C9417
:107AF00043A483EC99E10E942C3B8BEB99E190939A
:107B0000E0078093DF070C9443A42536310558F035
:107B10008FEF90E09093EE078093ED0781E08093E4
:107B2000EB070C9463A6AFEFB0E00F94754424E626
:107B300030E040E050E00F9443443093EE07209350
:107B4000ED07ECCF81E095E00F94D92E6091C91438
:107B50007091CA1483EA99E10F94D90F8091C914E6
:107B60009091CA148A30910568F48AE08093F007F6
:107B70006091F0078BE899E10E9461410F942F1CFE
:107B80000C9443A48536910588F384E6EFCF83E116
:107B900095E00F94D92E8091C9149091CA148A301F
:107BA000910528F48AE08093EF070C9463A685364C
:107BB0009105C8F384E6F7CF8536910510F40C944F
:107BC0007FA684E690E00C947FA6C090C114D0906C
:107BD000C214E090C314F090C414F1E1DF1AE1087C
:107BE000F108F694E794D794C7948C2D65E00F9430
:107BF0008444182F8BEF189F802D1124082F0C0D13
:107C000010FF04C0E4E0EC190E2F081B6C2D80E877
:107C100099E10E946141602F8AE799E10E946141E8
:107C2000612F84E799E10E9461412091C91430914C
:107C3000CA14B90190E080E037FF74C00F94E23DB0
:107C400020E030E040E857E40F94C04420E030E00A
:107C50004AE754E40F94BB456B017C01BC01A601CB
:107C60008BE699E10E948A3820E030E040EA50EC4F
:107C7000C701B6010F94DD3D87FD57C020E030E01D
:107C800040EA50E4C701B6010F942147181634F4B6
:107C9000C12CD12C20EAE22E20E4F22EB701A6015D
:107CA00088E599E10E948A38053090F4153080F417
:107CB00025E0029FF0011124E10FF11DEE0FFF1FDF
:107CC000EE0FFF1FEC56F34FC082D182E282F382A7
:107CD0008090C1149090C214A090C314B090C414AA
:107CE00020E030E04AE754E4C701B6010F94433E78
:107CF0000F942D4670931A156093191585E08093A3
:107D00000D1582E88093101580921115909212152E
:107D1000A0921315B09214158DEB94E10F9493116A
:107D20000C9443A40F94E23D91CFC12CD12C90EA46
:107D3000E92E90ECF92EB2CF0FEF1FEF0C94C4A3F5
:107D400008E010E00C94C4A303E010E00C94C4A37A
:107D50000FE010E00C94C4A38E34E0E19E07A1056F
:107D6000B10511F40C94F1A38C39F0E19F07A10542
:107D7000B10511F40C94F1A3863220E19207A1051C
:107D8000B10511F00C94F3A306E010E00C941FA4CD
:107D90008A34E2E19E07A105B10511F40C94F1A328
:107DA000D0F4823422E19207A105B10511F40C94BC
:107DB000F1A38634E2E19E07A105B10511F40C940C
:107DC000F1A38A33F2E19F07A105B10511F00C94EC
:107DD000F3A30C94F1A3823522E19207A105B1052A
:107DE00011F40C94F1A350F48E34F2E19F07A10535
:107DF000B10511F00C94F3A30C94F1A3843522E1A6
:107E00009207A105B10511F40C94F1A38635E2E1C6
:107E10009E07A105B10511F00C94F3A30C94F1A3F6
:107E20008837F2E19F07A105B10511F40C94F1A385
:107E300008F048C08A36E2E19E07A105B10511F4B9
:107E40000C94F1A3D0F4823622E19207A105B1058A
:107E500011F40C94F1A38636E2E19E07A105B10569
:107E600011F40C94F1A38E35F2E19F07A105B10541
:107E700011F00C94F3A30C94F1A3823722E1920742
:107E8000A105B10511F40C94F1A350F48037F2E18F
:107E90009F07A105B10511F00C94F3A30C94F1A375
:107EA000843722E19207A105B10511F40C94F1A3E6
:107EB0008637E2E19E07A105B10511F00C94F3A30A
:107EC0000C94F1A38038F2E19F07A105B10511F4EC
:107ED0000C94F1A3D0F48C37E2E19E07A105B10523
:107EE00011F40C94F1A38E37F2E19F07A105B105BF
:107EF00011F40C94F1A38A3722E19207A105B10590
:107F000011F00C94F3A30C94F1A38438E2E19E07E2
:107F1000A105B10511F40C94F1A350F4823822E1CB
:107F20009207A105B10511F00C94F3A30C94F1A3F1
:107F30008638E2E19E07A105B10511F40C94F1A386
:107F40008115F3E19F07A105B10511F00C94F3A38E
:107F50000C94F1A38BE1E7EBF5E1A2EDB5E1019023
:107F60000D928A95E1F7809197158064809397151B
:107F700010928C150895CF938091E411C1E088236D
:107F8000C9F08091E5119091E6114091DC1150917A
:107F9000DD116091DE117091DF11DC01ED91FC913A
:107FA0000288F389E02D2CED3FE01995C82F81114F
:107FB00004C0C0E08C2FCF9108954091E011509102
:107FC000E1116091E2117091E311411551056105D4
:107FD0007105B9F08091E5119091E611DC01ED9108
:107FE000FC910288F389E02D2CED3FE01995882360
:107FF00001F31092E0111092E1111092E21110922F
:10800000E3111092E411D6CF0F931F93CF93DF9318
:10801000CDB7DEB760970FB6F894DEBF0FBECDBF09
:108020008C01DC01ED91FC910280F381E02DBE0119
:108030006F5F7F4F1995882309F464C08981807C24
:10804000C9F56F81637070E0762F6627770F770F21
:108050008885B4E08B9FC0011124682B792B89851A
:108060008295869586958370682B6F5F7F4F90E031
:1080700080E02A852370220F3B8537FB332730F9B8
:10808000232B3E813F70230F3327331F27503109A5
:1080900004C0660F771F881F991F2A95D2F7609634
:1080A0000FB6F894DEBF0FBECDBFDF91CF911F9109
:1080B0000F910895803419F568856695669570E08E
:1080C00090E080E0CB01772766272A85622B09851F
:1080D00010E0102F0027012E000C220B330B602B19
:1080E000712B822B932B6F5F7F4F8F4F9F4F4AE0F7
:1080F000660F771F881F991F4A95D1F7D0CF8BE065
:10810000F801848360E070E0CB01C9CF0895FC01E1
:10811000828108952F923F924F925F926F927F9249
:108120008F929F92AF92BF92CF92DF92EF92FF9287
:108130000F931F93CF93DF9300D000D0CDB7DEB75E
:10814000DC010D90BC91A02DBE83AD8318966D917E
:108150007C91072E000C880B990B0F94E43D6B016A
:108160007C0120E030E0A9010F94DD3D8823E1F09F
:10817000AD81BE8114968D919D910D90BC91A02DE5
:1081800089839A83AB83BC839C01AD01C701B6018F
:108190000F94C0444B015C0120E030E040E251EC20
:1081A0000F94DD3D87FF08C081E0ED81FE8183876C
:1081B000C12CD12C7601DCC020E030E040E251E45B
:1081C000C501B4010F942147181664F481E0AD8114
:1081D000BE811B968C93C12CD12C8FE7E82E83E4B3
:1081E000F82EC6C0ED81FE818385882349F0138671
:1081F0001486158616861786148E158E168E178E83
:10820000AD81BE8194964D905D906D907C909797D6
:108210001C962D913D914D915C911F97C501B40124
:108220000F94C144F62EE72ED82EC92E20E030E060
:10823000A9010F94DD3D87FDB6C0A301920160E066
:1082400070E08FE793E40F94BB45162F072F382E6D
:10825000292E2F2D3E2D4D2D5C2D0F94DD3D87FFBA
:1082600002C0780161018F2D9E2DAD2DBC2DED81B9
:10827000FE8184879587A687B78720A131A142A177
:1082800053A1C501B4010F94433E4B015C01AD8184
:10829000BE8154968D929D92AD92BC9257972F2D90
:1082A0003E2D4D2D5C2DC301B2010F94433E2B0199
:1082B0003C01ED81FE81408E518E628E738EC48CA6
:1082C000D58CE68CF78C29813A814B815C81608961
:1082D0007189828993890F94C044AD81BE8198963B
:1082E0002D913D914D915C919B970F94433EA70139
:1082F00096010F94C04420ED3CEC4CE45DE30F94F8
:10830000433EA70196010F94C1446B017C01ED81AE
:10831000FE81C48ED58EE68EF78E89819A81AB81DF
:10832000BC81808B918BA28BB38BA3019201C50181
:10833000B4010F94C144A70196010F94C14420E0F9
:1083400030E0A9010F94C1446B017C0120E030E0D2
:10835000A9010F94DD3D87FD2BCF20E030E04FE7F2
:1083600053E4C701B6010F94214718160CF433CF1C
:10837000C701B60126960FB6F894DEBF0FBECDBF7B
:10838000DF91CF911F910F91FF90EF90DF90CF90F1
:10839000BF90AF909F908F907F906F905F904F9025
:1083A0003F902F900895F12CE12CD12CC12C5BCF64
:1083B000CF93DF93C0913613D091371381E0CE3144
:1083C000D105E4F020E030E040E05FE3609132135B
:1083D0007091331380913413909135130F94C144ED
:1083E0000F942D466C1B7D0B77FF03C07195619533
:1083F000710981E0633071050CF080E0DF91CF916D
:1084000008958F929F92AF92BF92CF92DF92EF9298
:10841000FF920F931F93CF93DF93B0E2A0E06A2FF8
:1084200070E0AB014B0F511D55954795411119C097
:10843000E6ECFCE265917491072E000C880B990B19
:108440000F94E43DDF91CF911F910F91FF90EF903A
:10845000DF90CF90BF90AF909F908F900895B42FF2
:10846000E0CFA41711F0B41303C0E2E4FDE2E2CFC1
:108470009A0121503109220F331F220F331FF901B6
:10848000EC53F34DE590F490F901E853F34DC591A9
:10849000D4918E159F0518F3A42FC817D90708F497
:1084A000BECFF901EA53F34D05911491F901E6535A
:1084B000F34DC590D4908E199F09BC0190E080E0E7
:1084C0000F94E23D4B015C01B601601B710B072E5E
:1084D000000C880B990B0F94E43D9B01AC01C50186
:1084E000B4010F94433E4B015C01CE19DF09BE017C
:1084F00090E080E00F94E23D9B01AC01C501B40126
:108500000F94BB456B017C01B801110F880B990BCF
:108510000F94E43D9B01AC01C701B6010F94C14427
:1085200091CFEF92FF920F931F93E092A617F092D4
:10853000A7170093A8171093A9176093B417709307
:10854000B5178093B6179FEFFF27621B730B840B41
:1085500030F4809570956195790B890B99279093EC
:108560003A06A6E06A9F00922E06512DEE277A9FCA
:10857000500DE11D8A9FE00D50932F06E0933006C9
:10858000AFE06A9F00923206512DEE277A9F500D80
:10859000E11D8A9FE00D50933306E0933406AAE074
:1085A0006A9F00923606512DEE277A9F500DE11DED
:1085B0008A9FE00D50933706E09338061F910F9184
:1085C000FF90EF900895000080916F1880FF23C006
:1085D00089988FEF8093ED1880916F1881FF1EC0EE
:1085E0008F9A8FEF8093EE1880916F1882FF19C0D9
:1085F00080910B0180958270809309018FEF8093A9
:10860000EF1880916F1883FF13C016988FEF809337
:10861000F01800000895899A81E0DCCF8F9881E0FE
:10862000E1CF80910B0182708093090181E0E7CF57
:10863000169A81E0ECCFCF93DF93C0913613D0919F
:108640003713209729F16091321370913313809181
:108650003413909135130F942D466E5F7F4F2497FE
:108660006C177D07ACF47093E1176093E0170E94DC
:10867000239B605A75418F4F9F4F6093E217709311
:10868000E3178093E4179093E517DF91CF91089556
:108690001092E2171092E3171092E4171092E51768
:1086A000F4CF0F930091A21721E0022723EA37E1CC
:1086B00041E050E0BC018FE897E10E94672E0F91E6
:1086C00008950F930091A21721E0022723EA37E1D2
:1086D0004CE050E0BC018FE897E10E94672E0F91BB
:1086E00008950F930091A21721E0022723EA37E1B2
:1086F00041E050E0BC018FE897E10E94672E0F91A6
:1087000008950F930091A21721E0022723EA37E191
:1087100048E050E0BC018FE897E10E94672E0F917E
:1087200008950F930091A21721E0022723EA37E171
:108730004CE050E0BC018FE897E10E94672E0F915A
:1087400008950F930091A21721E0022723EA37E151
:1087500042E050E0BC018FE897E10E94672E0F9144
:1087600008950F930091A21721E0022723EA37E131
:1087700044E050E0BC018FE897E10E94672E0F9122
:1087800008950F9301E023EA37E141E050E0BC0196
:108790008FE897E10E94672E0F910895CF93DF93A2
:1087A000EC018D810E94A74060E08B81DF91CF9129
:1087B0000C94869ADF92EF92FF920F931F93CF93C0
:1087C000DF938C01C62FD22FF32EE42ED52E0E94DC
:1087D000CEC30E9472A18C2F80640E949B408D2D7D
:1087E0000E949B408E2D0E949B408F2D0E949B409B
:1087F0008D2F0E949B4087E8C11101C085E90E942E
:108800009B40CC3011F40E94A040C0E00E94A040E8
:10881000F801868387FF04C0CF3F11F0CF5FF6CF0A
:10882000DF91CF911F910F91FF90EF90DF9008950E
:1088300061E0FC0183810E94869A8FEF0C949B403B
:108840000F931F93CF938C010E94CEC30E9472A1FD
:10885000C82F882371F08DEF0E949B400E9472A167
:10886000C82FC8010E9418C48C2FCF911F910F915F
:10887000089582E1F8018483F4CF8F929F92AF92A2
:10888000BF92CF92DF92EF92FF920F931F93CF93FD
:10889000DF93EC016A017B01590120E030E0A9017E
:1088A00067E30E94DAC3A501980167E1CE010E9447
:1088B000DAC3811127C08F81833039F089E0CC0C75
:1088C000DD1CEE1CFF1C8A95D1F7A701960169E11A
:1088D000CE010E94DAC311E0882319F010E087E08E
:1088E0008C83CE010E9418C4812FDF91CF911F91FC
:1088F0000F91FF90EF90DF90CF90BF90AF909F903F
:108900008F90089589E08C8310E0EBCFCF93DF93B5
:10891000EC016EBDFA01CA019E5F0DB407FEFDCFEA
:1089200020812EBD0DB407FEFDCF21812EBD3296D4
:10893000E817F90791F70DB407FEFDCF8FEF0E94FE
:108940009B408FEF0E949B400E94A0408E838F71BE
:10895000853049F083E18C83CE010E9418C480E009
:10896000DF91CF91089581E0FBCF0F931F93CF93B9
:10897000DF93EC018B010E94CEC30E9472A1811192
:108980000CC085E18C8310E0CE010E9418C4812FB9
:10899000DF91CF911F910F910895A8016CEFCE0147
:1089A0000E9486C4182F882361F3EECF0F931F9384
:1089B000CF93DF93EC0189018F81833039F089E017
:1089C000440F551F661F771F8A95D1F79A01AB0197
:1089D00068E1CE010E94DAC381112AC0A8016EEFBE
:1089E000CE010E9486C4182F8823B1F00E9472A184
:1089F000182F8823D1F020E030E0A9016DE0CE01EE
:108A00000E94DAC3882321F086E18C8310E004C041
:108A10000E94A0408111F8CFCE010E9418C4812F7E
:108A2000DF91CF911F910F91089587E18C83F4CF4F
:108A300086E0EBCF1F93CF93DF93EC010E94CEC370
:108A400020E030E0A9016CE0CE010E94DAC311E021
:108A5000882319F010E083E08C83CE010E9418C4B3
:108A6000812FDF91CF911F9108951F93CF93DF93B3
:108A7000EC018F81833039F089E0440F551F661F68
:108A8000771F8A95D1F79A01AB0162E1CE010E946E
:108A9000DAC311E0882319F010E085E08C83CE0161
:108AA0000E9418C4812FDF91CF911F9108958F925A
:108AB0009F92AF92BF92EF92FF920F931F93CF932B
:108AC000DF938C01EB017A010E94239B4B015C0137
:108AD0002CE2820E21E0921EA11CB11C0E94A0403B
:108AE000F80186838F3F69F40E94239B68197909F6
:108AF0008A099B0997FDF2CF81E1F8018483C0E0E8
:108B000021C08E3F71F5F1E0EF1AF1088FEF8EBDB5
:108B1000FE012FEF0DB407FEFDCF8EB581932EBD64
:108B2000CF018C1B9D0B8E159F05A0F30DB407FE86
:108B3000FDCF8EB5CE0DDF1D88830E94A0400E9420
:108B4000A040C1E0C8010E9418C48C2FDF91CF91D2
:108B50001F910F91FF90EF90BF90AF909F908F90DB
:108B600008958FE0CACF0F931F93CF93DF93EC014B
:108B70008B010E94CEC340E052E0B801CE01DF91EC
:108B8000CF911F910F910C9457C50F931F93CF93C3
:108B9000DF93EC0189018F81833039F089E0440F44
:108BA000551F661F771F8A95D1F79A01AB0161E1C6
:108BB000CE010E94DAC381110AC040E052E0B80140
:108BC000CE01DF91CF911F910F910C9457C584E096
:108BD0008C83CE010E9418C480E0DF91CF911F9159
:108BE0000F9108958F929F92AF92BF92CF92DF9292
:108BF000EF92FF920F931F93CF93DF93EC01162F09
:108C00001F821C824B830E94239B6B017C0120ED01
:108C1000C20E27E0D21EE11CF11CA89561E08B81F9
:108C20000E94869A61E08B810E94B49A209A289AC9
:108C3000219A2398229A81E00E94A74085E08D83A3
:108C40000E94A7400AE08FEF0E949B400150D9F795
:108C5000A89520E030E0A90160E0CE010E94DAC3CF
:108C60008E83813081F00E94239B6C197D098E09CF
:108C70009F0997FDEECF81E08C83CE010E9418C43E
:108C80001A8280E06AC0A8952AEA31E040E050E00C
:108C900068E0CE010E94DAC3853041F581E08F8320
:108CA000A8958F81812C912C5401823029F4812C3C
:108CB000912CA12C80E4B82E20E030E0A90167E3DC
:108CC000CE010E94DAC3A501940169E2CE010E949F
:108CD000DAC38E838823F1F00E94239B6C197D09EF
:108CE0008E099F0997FDE8CF8AE0C6CF04E00E9475
:108CF000A0408E830150D9F78A3A11F482E0CFCF99
:108D00000E94239B6C197D098E099F0997FDBCCF9A
:108D100082E0B2CF8F818230C1F420E030E0A9013F
:108D20006AE3CE010E94DAC3882311F088E0A4CF61
:108D30000E94A040807C803C11F483E08F830E94DD
:108D4000A0400E94A0400E94A040CE010E9418C4F2
:108D500081E08A83173070F41D83DF91CF911F91DA
:108D60000F91FF90EF90DF90CF90BF90AF909F90CA
:108D70008F90089588E18C8384CF0F931F93CF93B6
:108D8000DF93EC018B0120E030E0A90169E00E9453
:108D9000DAC381110AC040E150E0B801CE01DF9191
:108DA000CF911F910F910C9457C580E18C83CE0118
:108DB0000E9418C480E0DF91CF911F910F91089518
:108DC0001F920F920FB60F9211242F933F938F9300
:108DD0009F93AF93BF938091650790916607A09191
:108DE0006707B09168073091351923E0230F2D37BD
:108DF00058F50196A11DB11D209335198093650783
:108E000090936607A0936707B093680780916907FE
:108E100090916A07A0916B07B0916C070196A11D14
:108E2000B11D8093690790936A07A0936B07B09375
:108E30006C07BF91AF919F918F913F912F910F90B0
:108E40000FBE0F901F90189526E8230F0296A11DC4
:108E5000B11DD2CF8DE00E9494328AE00C949432FE
:108E6000CF93DF93EC018991882319F00E9494320B
:108E7000FACFDF91CF91089580918C158823C1F0AE
:108E8000815080938C15E7EBF5E1882351F08150F8
:108E9000990B2BE1289FF001299FF00D1124E3513C
:108EA000FA4E8BE1A2EDB5E101900D928A95E1F7C2
:108EB00080918C15811105C09091971590649093C5
:108EC00097150895CF92DF92EF92FF9280919715B8
:108ED00082FD04C00E94762D882319F1C09093155D
:108EE000D0909415E0909515F090961588E19FE24A
:108EF0000E949B32C701B6010E94877A8FE20E94CE
:108F0000943260918F157091901580919115909188
:108F100092150E94877AFF90EF90DF90CF900C948B
:108F20002AC787E09FE2FF90EF90DF90CF900C94EC
:108F30009B328091971584FF04C08460877F809363
:108F400097150895CF92DF92EF92FF920F931F93A0
:108F5000CF93DF93CDB7DEB7EDB6FEB6DC010D9053
:108F60000020E9F79D01281B390B285F3F4FEDB723
:108F7000FEB7E21BF30B0FB6F894FEBF0FBEEDBFBA
:108F80000DB71EB70F5F1F4F9F938F9381E39EE234
:108F90009F938F931F930F930F94743D6801F4E098
:108FA000CF0ED11C0F900F900F900F900F900F903D
:108FB000D6018D916D01882349F0082E000C990B84
:108FC0000F94D347F60131978083F2CF6CE27EE2B3
:108FD000C8010F940D3D4FE350E0B8018EE798E1D2
:108FE0000F942F480FB6F894FEBE0FBEEDBEDF9172
:108FF000CF911F910F91FF90EF90DF90CF90089548
:10900000FC01938591FF02C080E00895987121E0F2
:10901000903109F020E08091971520FB85F980932D
:109020009715903141F08085873471F781E0918503
:109030009E3751F3089581E0FDCFFC0120E03EE230
:10904000DB014D91BD01403249F0283011F43083ED
:109050003196DB0111974C91408331962F5F2B3075
:1090600079F710820895EF92FF920F931F93CF9399
:10907000DF93CDB7DEB7A0970FB6F894DEBF0FBE73
:10908000CDBF7C018B01BE016F5F7F4FC7010E9486
:109090000C7B1816A4F4CE0101960E9400C8882308
:1090A00091F3BE016F5F7F4F82E492E10E941DC881
:1090B00062E472E1C8010F94F147892B21F7A09671
:1090C0000FB6F894DEBF0FBECDBFDF91CF911F91D9
:1090D0000F91FF90EF900895CF92DF92EF92FF9261
:1090E000CF936B017C01C42F8091DC119091DD1135
:1090F000A091DE11B091DF118C159D05AE05BF0565
:1091000029F10E94BBBF811108C0C0E08C2FCF9114
:10911000FF90EF90DF90CF9008958091E5119091AE
:10912000E611DC01ED91FC910088F189E02D2CED38
:109130003FE0B701A6011995882339F3C092DC11ED
:10914000D092DD11E092DE11F092DF11CC2321F0FC
:1091500081E08093E411DACFC1E0D8CF4F925F92E3
:109160006F927F928F929F92AF92BF92CF92DF9237
:10917000EF92FF920F931F93CF93DF93EC01423056
:1091800051056105710590F480E0DF91CF911F9149
:109190000F91FF90EF90DF90CF90BF90AF909F9096
:1091A0008F907F906F905F904F90089589859A85FA
:1091B000AB85BC850196A11DB11D84179507A60737
:1091C000B70710F38F898031C9F5852E962EA72E0B
:1091D000BB248B899C89AD89BE89880E991EAA1EE5
:1091E000BB1E280139016A017B0141E0C501B401C0
:1091F0000E946CC8882341F29F89903181F5DD245B
:10920000EE24FF24F601EE0FFF1FE452F04F11830E
:1092100000839A89923008F4B8CF4D815E816F81C6
:109220007885840E951EA61EB71E8092E01190923E
:10923000E111A092E211B092E311A7CF803209F0C0
:10924000A3CF8B899C89AD89BE894A015B01E7E088
:10925000B694A79497948794EA95D1F7BECFE894F3
:10926000C7F8DD24EE24FF24F601EE0FFF1FEE0FFA
:10927000FF1FE452F04F4082518262827382C9CF55
:10928000CF92DF92EF92FF920F931F93CF93DF93D2
:10929000FC0181859285A385B4850196A11DB11D30
:1092A00084179507A607B70750F480E0DF91CF91A8
:1092B0001F910F91FF90EF90DF90CF9008958789D5
:1092C0008031A9F5BB27A72F962F852FC388D48877
:1092D000E588F6888C0D9D1DAE1DBF1DE9016A0154
:1092E0007B018F014091DC115091DD116091DE1105
:1092F0007091DF1184179507A607B70749F5F801A4
:109300008789803169F5B701A60155276627772738
:10931000440F551F4452504FFA0180819181B0E0B3
:10932000A0E088839983AA83BB8381E0BFCF80328A
:1093300009F0BBCFC388D488E588F688DB01CA0171
:10934000C7E0B695A79597958795CA95D1F7C2CFEF
:1093500040E0BC01CD010E946CC88111D0CFA5CFE7
:10936000B701A6014F77552766277727440F551F6A
:10937000440F551F4452504FFA0180819181A281C0
:10938000B381BF70CECF4F925F926F927F92AF92B8
:10939000BF92CF92DF92EF92FF920F931F93CF93E2
:1093A000DF9300D01F92CDB7DEB78C0149835A837B
:1093B0006B837C835901C12CD12C7601412C82E036
:1093C000582E612C712C49815A816B817C819E01C0
:1093D0002F5F3F4FC8010E9440C9882319F1F8014F
:1093E0008585A301920104C0220F331F441F551F1E
:1093F0008A95D2F7DA01C901C80ED91EEA1EFB1EF2
:1094000049815A816B817C8187898031F1F481E0C7
:10941000483F5F4F61057105B0F2F501C082D1820E
:10942000E282F3820F900F900F900F90DF91CF9117
:109430001F910F91FF90EF90DF90CF90BF90AF9072
:109440007F906F905F904F90089581E0483F5F4F0D
:109450006F4F7F4008F4B7CFE0CF0F931F93CF93A8
:10946000DF93FC012381222331F080E0DF91CF9153
:109470001F910F9108958B01EC01FB0187898031C9
:1094800039F582E08B831D8A1E8A1F8A188E808D93
:10949000918DB0E0A0E025E0880F991FAA1FBB1FA7
:1094A0002A95D1F7898B9A8BAB8BBC8B1A8F098F3E
:1094B00081E08983188619861A861B861C821D8284
:1094C0001E821F82188A1C861D861E861F86CECF8E
:1094D000803259F683E08B83428D538D648D758D78
:1094E0004D8B5E8B6F8B788F9E012F5E3F4FC80137
:1094F0000E94C3C98111DACFB8CF3F924F925F92D9
:109500006F927F928F929F92AF92BF92CF92DF9293
:10951000EF92FF920F931F93CF93DF93CDB7DEB7F8
:109520002C970FB6F894DEBF0FBECDBF5C01DC01F7
:1095300059968D909C90F40181859285A385B48580
:109540009C01AD012F5F3F4F4F4F5F4F29873A87F7
:109550004B875C87D50114964D905D906D907C9003
:109560001797411451046104710409F459C0BFEF05
:109570004B1A5B0A6B0A7B0A312C730162011D8254
:109580001E821F821886F40181859285A385B48589
:109590002D813E814F815885281739074A075B077F
:1095A00008F056C089859A85AB85BC858C159D05CC
:1095B000AE05BF0550F482E0C82ED12CE12CF12C71
:1095C00092E0492E512C612C712C9E012F5F3F4F50
:1095D000B701A601C4010E9440C98823C9F189814D
:1095E0009A81AB81BC81892B8A2B8B2B01F12601BF
:1095F00037019FEF491A590A690A790A2D813E817C
:109600004F8158852F5F3F4F4F4F5F4F2D833E83D4
:109610004F8358873FEFC31AD30AE30AF30AB3CF45
:10962000408051806280738033243394A6CFC41469
:10963000D504E604F70411F70FEF1FEF2FEF3FE01B
:10964000B701A601C4010E94AEC8782E81111AC0CC
:10965000712C872D2C960FB6F894DEBF0FBECDBFB0
:10966000DF91CF911F910F91FF90EF90DF90CF90FE
:10967000BF90AF909F908F907F906F905F904F9032
:109680003F900895F50144815581668177814115A8
:1096900051056105710539F097018601C4010E94E9
:1096A000AEC88823A9F2D5011496CD92DD92ED9231
:1096B000FC921797332051F0D701C6010196A11DE6
:1096C000B11DF40180839183A283B383F501858961
:1096D0009689A789B08D892B8A2B8B2B09F0B9CF5E
:1096E000C58AD68AE78AF08E818180688183B1CF6E
:1096F000CF93DF93EC01462F41706C857D858E857D
:109700009F850E946CC8882351F0888920E2829F3F
:10971000C00111248452904FDF91CF91089590E0C1
:1097200080E0FACFCF93DF93EC018B81882349F15E
:10973000898187FF22C061E0CE010E9478CBFC01C5
:10974000892BF9F08081853EE1F08B81823040F4F5
:1097500089899A89AB89BC89848F958FA68FB78FA9
:109760008D899E89938F828F8D899E89AF89B88DCF
:10977000B58BA48B89818F778983DF91CF910C94EE
:10978000BBBF81E0888380E0DF91CF9108958F9205
:109790009F92AF92BF92CF92DF92EF92FF920F9380
:1097A0001F93CF93DF93EC018B8181110EC080E07A
:1097B000DF91CF911F910F91FF90EF90DF90CF90AD
:1097C000BF90AF909F908F90089509891A892B8937
:1097D0003C89041715072607370748F34A015B0140
:1097E000823031F488869986AA86BB8681E0E0CFF4
:1097F00081149104A104B10449F4188619861A86CB
:109800001B861C821D821E821F82F0CF088519854F
:109810002A853B85E98DFA8D858590E00996B90109
:10982000A8014150510961097109082E04C07695BB
:109830006795579547950A94D2F775016401E1E061
:10984000CE1AD108E108F10804C0F694E794D79441
:10985000C7948A95D2F7C416D506E606F70620F017
:10986000012B022B032B11F58D899E89AF89B88DB1
:109870008C839D83AE83BF838E010C5F1F4FC11409
:10988000D104E104F10409F4ADCF4C815D816E8116
:109890007F819801898D9A8D0E9440C991E0C91AF3
:1098A000D108E108F1088111EACF81CFC41AD50AA5
:1098B000E60AF70AE1CF2F923F924F925F926F92A2
:1098C0007F928F929F92AF92BF92CF92DF92EF9250
:1098D000FF920F931F93CF93DF9300D01F92CDB7CA
:1098E000DEB78C014B011A01DC0113968C911397A2
:1098F000813009F0CFC011968C9181FFCBC082FDE1
:10990000B5C06101D80118964D915D916D917C9122
:109910001B97C114D10409F41BC159968D919C91D8
:109920005A97FC0174802FEF270D2A013B0139E083
:1099300076946794579447943A95D1F7722E742091
:109940007A01F1E0FF22711020C0E114F104E9F482
:1099500014964D915D916D917C911797411551052C
:109960006105710509F09CC055968D919D910D90F2
:10997000BC91A02D0097A105B10509F0AAC0C801AE
:109980000E947DCA882309F485C0A12C82E0B82EEC
:10999000AE18BF08CA14DB0408F45601D801599662
:1099A0004D915C915A9714968D919D910D90BC911B
:1099B000A02D0297A109B109FA01258504C0880FDD
:1099C000991FAA1FBB1F2A95D2F746855785608924
:1099D0007189840F951FA61FB71F9C01AD01270D2C
:1099E000311D411D511D29013A01A11432E0B30678
:1099F00009F07DC08091DC119091DD11A091DE1104
:109A0000B091DF11481659066A067B0669F4109278
:109A1000E4118FEF9FEFDC018093DC119093DD1157
:109A2000A093DE11B093DF118091E5119091E611C2
:109A3000DC01ED91FC910288F389E02D9401B301E2
:109A4000A2011995882331F1F80180859185A285BD
:109A5000B3858A0D9B1DA11DB11D80879187A287AB
:109A6000B3878A0C9B1CCA18DB084CCFF8014189CC
:109A700052896389748980859185A285B385481749
:109A800059076A077B0709F43CCFC8010E94C7CB7E
:109A9000811137CF81E0D8018C938FEF9FEF6EC09B
:109AA0009E012F5F3F4F0E9440C9882399F389810F
:109AB0009A81AB81BC81F801218D328DF901278912
:109AC000203169F4883FFFEF9F07A105B10508F039
:109AD00056CFF80184839583A683B78356CF883FFA
:109AE0002FEF9207A2072FE0B20798F348CFE114B7
:109AF000F10431F5F80140855185628573858189CE
:109B00009289A389B489481759076A077B07C0F06F
:109B10000E94BBBF882309F4BDCF81E08093E4118C
:109B20004092DC115092DD116092DE117092DF11D3
:109B3000A501B401C7018452904F0F94E84784CF28
:109B400041E0C301B2010E946CC88111F1CFA2CFE4
:109B5000F80181899289A389B48984179507A6079A
:109B6000B70738F48181418B528B638B748B80688B
:109B70008183F801818183FD18C0C1010F900F908E
:109B80000F900F90DF91CF911F910F91FF90EF9069
:109B9000DF90CF90BF90AF909F908F907F906F900D
:109BA0005F904F903F902F900895C8010E9492CBF4
:109BB0008111E3CF6FCF2F923F924F925F926F92BE
:109BC0007F928F929F92AF92BF92CF92DF92EF924D
:109BD000FF920F931F93CF93DF93EC014B017A0118
:109BE0008B81811115C08FEF9FEFDF91CF911F9176
:109BF0000F91FF90EF90DF90CF90BF90AF909F902C
:109C00008F907F906F905F904F903F902F9008952E
:109C1000898180FFE8CF89899A89AB89BC89488589
:109C200059856A857B85841B950BA60BB70BA7010D
:109C300070E060E084179507A607B70708F47C0179
:109C400067011E0124E0220E311CC114D10409F465
:109C5000A9C0488559856A857B855A0181E0B8226B
:109C6000898D9A8D2A013B0129E076946794579457
:109C700047942A95D1F72B81FC01223081F5628D22
:109C8000738D848D958D640D751D861D971D00E067
:109C900012E00A191B09C016D10608F48601011545
:109CA000E2E01E0771F44090DC115090DD116090ED
:109CB000DE117090DF11641575058605970509F0B2
:109CC0004EC040E00E946CC8882309F48CCFB501D7
:109CD0006452704FA801C4010F94E84752C0148128
:109CE00011501421A114B10471F411110CC0452BB1
:109CF000462B472B51F58D899E89AF89B88D8C8372
:109D00009D83AE83BF83E98DFA8D4C805D806E802C
:109D10007F8022E0421A510861087108858504C0DD
:109D2000440C551C661C771C8A95D2F7868597854E
:109D3000A089B189480E591E6A1E7B1EC301B2015B
:109D4000610F711D811D911DA2CF4C815D816E81BE
:109D50007F8191010E9440C98111D5CF44CFA0914C
:109D6000E511B091E611ED91FC9111970088F18910
:109D7000E02D9401AB01BC01CD011995882309F4B4
:109D800032CF800E911E88859985AA85BB85800F6C
:109D9000911FA11DB11D88879987AA87BB87C01A0B
:109DA000D10A53CFC70121CFCF93DF93EB01FC0141
:109DB0002381211104C080E0DF91CF9108952250CA
:109DC000223028F48FE28883198281E0F5CF60E0A9
:109DD0000E9478CB009779F3DC0160E080E09EE29E
:109DE0002D91203299F0883031F49E01260F311DDB
:109DF000F90190836F5F9E01260F311DAD01415027
:109E00005109FA014081F90140836F5F8F5F8B3008
:109E100039F7FE01E60FF11D1082D7CFCF93DF9304
:109E2000EC01CB01E881F981608171810E94D4CE7F
:109E300028813981D901ED91FC91AA81BB818C9156
:109E40009081992359F08936C8F4CF010196F90120
:109E5000918380838C918F5F8C93EACF893670F4E5
:109E60008FE28083E881F9818081918101969183DD
:109E70008083EA81FB8180818F5F8083DF91CF9136
:109E800008950F931F93CF93DF9300D000D01F92BC
:109E9000CDB7DEB79C012F5F3F4F3F832E832FE26C
:109EA000FC01208381E08D83CE0106969A8389830D
:109EB00001979C838B8310E00BE180918C15181720
:109EC00058F4109FB001112463517A4ECE010196CF
:109ED0000E940ECF1F5FF1CF8D818B3558F46BEF51
:109EE00076E1CE0101960E940ECF8E819F8101976F
:109EF0009F838E83EE81FF81108227960FB6F894A0
:109F0000DEBF0FBECDBFDF91CF911F910F9108959E
:109F1000CF93DF93EC010E9492CB1B82DF91CF9114
:109F2000089510925A0C809197158F77809397150A
:109F30000E94682D882321F08BEF96E10C9488CF46
:109F40000895CF93C0919715C2FF15C0C7FD13C0E8
:109F50000E94682D80FBC7F9C093971580919715D3
:109F60008F7E8064809397150E9456368AE19EE228
:109F7000CF910C949B320E9491CFF0CFCF93DF937F
:109F8000809197158F7E809397158091BA158823BD
:109F900021F087EB95E10E9488CF809198159091F0
:109FA0009915DC01ED91FC910190F081E02D45E3E4
:109FB00060E0199581110EC00E9456368EE09EE237
:109FC0000E949B328091971584FF34C0DF91CF911E
:109FD0000C94AABFC0919815D091991561E0CE015B
:109FE0000E94018081110BC060E0CE010E940180BF
:109FF000811105C00E9443348AEF9DE2E1CF62EDFA
:10A0000072E187EB95E10E942DCA811105C00E9483
:10A01000433489EE9DE2D4CF80919715806180937F
:10A0200097150E9456368DED9DE20E949B320F944B
:10A030000D21C8CF8091BF18882339F061E08DECE5
:10A040009DE2DF91CF910D94C014DF91CF910895DF
:10A0500040E050E0BA010C94C7CB0F931F93CF930D
:10A06000DF93CDB7DEB7EB970FB6F894DEBF0FBE28
:10A07000CDBF8091971500E010E084FF23C082EDF2
:10A0800095E10E9428D08BE1E2EDF5E1DE019196A9
:10A0900001900D928A95E1F710E000E0BE016F5F3C
:10A0A0007F4FCE0181960E940C7B18163CF4CE01A6
:10A0B00001960E9400C8080F111DF0CFCE018196B5
:10A0C0000E94BD28C801EB960FB6F894DEBF0FBE04
:10A0D000CDBFDF91CF911F910F9108950F931F93E3
:10A0E000CF93DF93CDB7DEB76B970FB6F894DEBF93
:10A0F0000FBECDBF8C0182ED95E10E9428D08BE18F
:10A10000E2EDF5E1DE01119601900D928A95E1F7FD
:10A11000B801CE0101960E9433C8CE0101960E947B
:10A12000BD286B960FB6F894DEBF0FBECDBFDF9192
:10A13000CF911F910F9108952F923F924F925F926E
:10A140006F927F928F929F92AF92BF92CF92DF9247
:10A15000EF92FF920F931F93CF93DF93CDB7DEB7AC
:10A16000C454D1090FB6F894DEBF0FBECDBF7C0139
:10A170004B015A01222E19821C821C8E1F8E6115E2
:10A18000710511F410E0B3C1DC0113968C918111BB
:10A19000F9CFFA0180818B018F32D1F4DB01139664
:10A1A0008C9113978250823060F059966D917C911A
:10A1B000CE014C960E942DCA8E01045E1F4F88234B
:10A1C00009F3C5015C010196F50120812F32D1F31D
:10A1D0009E012F5F3F4F6901290130E2332E249603
:10A1E000CFAE24972596DFAE25973E013CE1630E66
:10A1F000711C22963FAE229721963FAE21973FAE2B
:10A200003EAE3DAE3CAE3BAE3AAE39AE38AE3FAA06
:10A21000950190E047E0D9018D91882361F18F325B
:10A2200051F18E3239F44A3009F4ACCF98E04AE06B
:10A230009D01F1CFE9EAFDE22491222321F031963C
:10A240008213FACF9FCF491708F49CCF813208F4CC
:10A2500099CF8F3709F496CF3FE9380F3A3108F498
:10A2600020EEE7E3F0E0EC0FFD1FE90FF11D820F98
:10A2700080839F5FDDCF8FA9803209F483CF59019E
:10A28000D9018C912F5F3F4F8F32C9F38823A9F0FA
:10A290000815190519F0C8010E9488CF24969FADB2
:10A2A000249725968FAD25974C145D0411F4962DB7
:10A2B000872D8601C92ED82E9CCFF801818D928DD5
:10A2C000D7015A969C938E935997C8010E9428D023
:10A2D000C12CF80180859185A285B3854189528979
:10A2E0006389748984179507A607B70708F053C0D8
:10A2F00025E0B695A795979587952A95D1F7F82FDC
:10A30000FF70DF2ED80113968C91823008F43ACF7B
:10A3100041E050E0BE016E5B7F4FC8010E94DBCD83
:10A32000019709F02FCFF80180859185A285B3852B
:10A330004F96A11DB11D80879187A287B387F0E258
:10A34000DF9EB00111246452704F6115710509F44C
:10A3500019CFDB018C91882341F0853E09F04DC077
:10A36000CC2029F0CC24C394B4CFC1100EC080916E
:10A37000DC119091DD11A091DE11B091DF11F70198
:10A3800084879587A687B787D08ADB018C91811156
:10A39000E9CFCC24C394822D8274823409F0F2CEAA
:10A3A000CC2009F4C7C0F701D08861E0C7010E9442
:10A3B00078CB009709F4E6CE20E2DC011D922A95C5
:10A3C000E9F72BE0FE01F796DC0101900D922A954A
:10A3D000E1F721E238E2FC01318B208B40E058E0CC
:10A3E00057874687338B228B318F208F578B468B35
:10A3F0000E94BBBF81110AC0C5CE4BE050E0CE0128
:10A40000C7960F94DB47892B09F063CF2D2D30E0E1
:10A41000F901B5E0EE0FFF1FBA95E1F7DF01A45295
:10A42000B04F1B968C91817121F0822D827109F0C1
:10A4300020C1D70159968D919C915A974091DC117A
:10A440005091DD116091DE117091DF111C964D93DA
:10A450005D936D937C931F975096DC925097E452D6
:10A46000F04F84889588B12CA12C5401992488241C
:10A4700055968D929D92AD92BC925897428D538D78
:10A4800070E060E0482959296A297B2955964D9347
:10A490005D936D937C935897A5E0220F331FAA9587
:10A4A000E1F7D901A452B04F1B962C91287109F005
:10A4B000D2C0848D958DA68DB78DF701818B928B3F
:10A4C000A38BB48B81E08383822D8F70F70181830E
:10A4D00014821582168217821086118612861386C0
:10A4E00011E024FE04C0C7010E94E87C182FCE01B1
:10A4F0004C960E94BD28CE0101960E94BD28812F56
:10A50000CC5BDF4F0FB6F894DEBF0FBECDBFDF913F
:10A51000CF911F910F91FF90EF90DF90CF90BF9060
:10A52000AF909F908F907F906F905F904F903F90F3
:10A530002F900895D80113968C911397823009F4C7
:10A5400021CE51968D919D910D90BC91A02D803E74
:10A550009F4FAF41B10508F015CEC8010E947DCADA
:10A56000882309F40FCE0E94BBBF882309F40ACECA
:10A57000D8015996ED91FC915A9714968D909D9023
:10A58000AD90BC901797B2E08B1A9108A108B10862
:10A59000858504C0880C991CAA1CBB1C8A95D2F71F
:10A5A00086859785A089B189880E991EAA1EBB1E33
:10A5B00081E08093E4118092DC119092DD11A092F1
:10A5C000DE11B092DF11ECEDFFE080E092E0DF0100
:10A5D0009C011D9221503040E1F7DD24D394D80135
:10A5E0005996ED91FC918481D816C0F48091E511C3
:10A5F0009091E611DC01ED91FC910288F389E02D48
:10A600002CED3FE0B501A4014D0D511D611D711DE3
:10A610001995882309F4B6CDD394E1CF258580E040
:10A6200092E0A0E0B0E004C0880F991FAA1FBB1FF2
:10A630002A95D2F7F8014189528963897489840F78
:10A64000951FA61FB71F818B928BA38BB48B8CEDAC
:10A650009FE0D12CB1CE203161F497012F5E3F4FA6
:10A660000E94C3C9882329F084E0D70113968C93F4
:10A670002BCFD70113961C9285CD1F93CF93DF93D9
:10A68000CDB7DEB76D970FB6F894DEBF0FBECDBF66
:10A690001D8E1C8EAC01BE01645E7F4F80E00E9467
:10A6A0007C7D10E00097A9F019821C826C8D7D8D55
:10A6B00021E0AC01CE0101960E949CD0182F882386
:10A6C00021F0CE0101960E9488CFCE0101960E9412
:10A6D000BD28812F6D960FB6F894DEBF0FBECDBF9B
:10A6E000DF91CF911F910895EF92FF921F93CF9327
:10A6F000DF9300D000D000D01F92CDB7DEB780919D
:10A70000971584FF0E94BECF8091971584FF3CC0AF
:10A710000E94AB28811138C080918D1590E08F96F2
:10A720009F938F9385E59FE29F938F93CE01019630
:10A730007C019F938F930F94743D809197150F9098
:10A740000F900F900F900F900F9084FF1DC0C701C6
:10A750000E943DD3182F8823B9F00E94AABFC701D9
:10A760000E94A2C780918D158F5F80938D15812FD8
:10A770002A960FB6F894DEBF0FBECDBFDF91CF9102
:10A780001F91FF90EF90089510928D1510E0EFCF7C
:10A79000CF9321E049E553E067EB75E18CE995E162
:10A7A0000E949CD0C82F882321F08CE995E10E945B
:10A7B00088CF8C2FCF910895682F70E090E080E0D3
:10A7C0000C94877ACF93C82F0E94563684E50E9456
:10A7D00094328C2F0E94DCD380E20E94943287E96D
:10A7E0009DE2CF910C949B328F929F92AF92BF9239
:10A7F000CF92DF92EF92FF92CF936B017C01B42E48
:10A8000020E030E0A9010F94DD3D87FF07C08DE215
:10A810000E949432F7FAF094F7F8F094C0E060E008
:10A8200070E080E09FE3CB1541F02DEC3CEC4CEC6C
:10A830005DE30F94433ECF5FF6CFA70196010F94DF
:10A84000C1446B017C010F9434464B015C010E94B2
:10A85000877ACC2371F1C501B4010F94E23D9B01CD
:10A86000AC01C701B6010F94C0446B017C018EE2BC
:10A870000E949432C150E8F020E030E040E251E420
:10A88000C701B6010F94433E6B017C010F9434461F
:10A890004B015C010E94877AC501B4010F94E23D2F
:10A8A0009B01AC01C701B6010F94C0446B017C0150
:10A8B000E1CFCF91FF90EF90DF90CF90BF90AF901E
:10A8C0009F908F900895EF92FF920F931F93CF93D5
:10A8D0007B018A01C2E48F3F09F0C4E580E20E9457
:10A8E00094328C2F0E9494328AE30E949432F701B2
:10A8F000608171818281938142E00E94F4D383E878
:10A900009DE20E949B32F801608171818281938176
:10A9100042E00E94F4D362E070E080E090E0CF91EA
:10A920001F910F91FF90EF900C94F09A1F93CF938B
:10A93000DF9300D000D01F921F92CDB7DEB7182F43
:10A940006091361370913713072E000C880B990B0A
:10A950000F94E43D6D837E838F83988780913213BB
:10A9600090913313A0913413B091351389839A8356
:10A97000AB83BC83AE014B5F5F4FBE016F5F7F4F08
:10A9800080E80E9463D460910A1370910B13072E24
:10A99000000C880B990B0F94E43D6D837E838F83AD
:10A9A00098878091061390910713A0910813B09196
:10A9B000091389839A83AB83BC83AE014B5F5F4FDE
:10A9C000BE016F5F7F4F8FEF0E9463D460910C13C5
:10A9D0001F3F39F08CE21802F0011124E25DFC4EB9
:10A9E000628570E08BE89DE20E94E93960910C136A
:10A9F00070E086E89DE20E94E93928960FB6F89447
:10AA0000DEBF0FBECDBFDF91CF911F9108952F9272
:10AA10003F924F925F926F927F928F929F92AF92EE
:10AA2000BF92CF92DF92EF92FF920F931F93CF933B
:10AA3000DF93CDB7DEB764970FB6F894DEBF0FBED5
:10AA4000CDBF898B6A8B81E0809363021A821B825F
:10AA50001C821D8219861A861B861C861D862CE385
:10AA60002E873CE13F8746E4488B312C212C50E86F
:10AA70005B8B8FEB8C8B198291E09887812C912CCA
:10AA8000540160910A1370910B13072E000C880B70
:10AA9000990B0F94E43D7B018C01232D322D4B89C2
:10AAA0005C890F94DD3D8823B9F020910613309125
:10AAB00007134091081350910913A989B701C801E0
:10AAC000A111EEC00F94DD3D881F8827881F898360
:10AAD0003E2C2F2C0B8B1C8B0E94239B6B017C012B
:10AAE000DC01CB0129853A854B855C85821B930B64
:10AAF000A40BB50BB7FD2EC0D701C60188519C4FE2
:10AB0000AF4FBF4F89879A87AB87BC8780E00E9491
:10AB100096D483E99DE20E949B3281149104A104A2
:10AB2000B10409F4EAC0C501B40168577C4E8F4FE7
:10AB30009F4F6C197D098E099F0928EE33E040E094
:10AB400050E00F942144CA01B9010E94F17A8AE0D1
:10AB50000E94943280E00E94F64B0E94239B6093F7
:10AB60003A1270933B1280933C1290933D12909155
:10AB700006139E83A0910713AF83009108131091D1
:10AB80000913292F3A2FA801632D722D8B899C89D7
:10AB90000F94C0442B013C0120E030E0A9010F9448
:10ABA000214787FF04C077FA709477F87094811476
:10ABB0009104A104B10409F0A4C020E030E040E019
:10ABC00050E4C301B2010F94DD3D87FF10C0B8858A
:10ABD000812C912C5401BB2331F082E8882E86E031
:10ABE000982EA12CB12C8C0C9D1CAE1CBF1C298155
:10ABF0002223A9F18A819B81AC81BD81892B8A2B7B
:10AC00008B2B61F0D701C6012A813B814C815D818C
:10AC1000821B930BA40BB50BB7FD21C02E813F8186
:10AC2000A8016D857E858F8598890F94C04420E0AA
:10AC300030E040E85FE30F94DD3D87FD35C0D7018C
:10AC4000C601805A9541AF4FBF4F8A839B83AC8327
:10AC5000BD839E819D87AF81AE870F87188BBA8990
:10AC6000BB2339F080913019109230198111109264
:10AC70006302809163028823B9F081149104A104D6
:10AC8000B10461F028E8C21A23E1D20AE108F10810
:10AC9000C818D908EA08FB08F7FE06C01886F1CEE6
:10ACA0000F94DD3D87FF23C0B0916302B983BB23BE
:10ACB00021F0109263020E94C37C898164960FB6D2
:10ACC000F894DEBF0FBECDBFDF91CF911F910F91E2
:10ACD000FF90EF90DF90CF90BF90AF909F908F90BC
:10ACE0007F906F905F904F903F902F9008953E2CF3
:10ACF0002F2C0B8B1C8B1982EFCE8FE30E9494328A
:10AD000026CF20E030E040E450E4C301B2010F94CC
:10AD1000214718160CF06BCF4601570168CF2F92D0
:10AD20003F924F925F926F927F928F929F92AF92DB
:10AD3000BF92CF92DF92EF92FF920F931F93CF9328
:10AD4000DF93CDB7DEB766970FB6F894DEBF0FBEC0
:10AD5000CDBF8A8B6B8B4C8B20915802298B109224
:10AD6000580281E0809363021A821B821C821D823A
:10AD700019861A861B861C861D863CE33E874CE19D
:10AD80004F8756E4588B312C212C80E88D8B9FEB1C
:10AD90009E8B1982A1E0A887812C912C540160918F
:10ADA000361370913713072E000C880B990B0F94F4
:10ADB000E43D7B018C01232D322D4D895E890F945A
:10ADC000DD3D8823B9F02091321330913313409147
:10ADD000341350913513BB89B701C801B111EEC0CE
:10ADE0000F94DD3D881F8827881F89833E2C2F2CD8
:10ADF0000D8B1E8B0E94239B6B017C01DC01CB0120
:10AE000029853A854B855C85821B930BA40BB50B7A
:10AE1000B7FD2EC0D701C60188519C4FAF4FBF4F21
:10AE200089879A87AB87BC878A890E9496D48FE8E6
:10AE30009DE20E949B3281149104A104B10409F4A3
:10AE4000EDC0C501B4016053784F8F4F9F4F6C190F
:10AE50007D098E099F0928EE33E040E050E00F9411
:10AE60002144CA01B9010E94F17A8AE00E94943219
:10AE700080E00E94F64B0E94239B60933A127093ED
:10AE80003B1280933C1290933D12909132139E831B
:10AE9000A0913313AF830091341310913513292FF0
:10AEA0003A2FA801632D722D8D899E890F94C0447D
:10AEB0002B013C0120E030E0A9010F94214787FFDE
:10AEC00004C077FA709477F8709481149104A10407
:10AED000B10409F0A7C020E030E040E85FE3C3011F
:10AEE000B2010F94DD3D87FF10C0B885812C912CF5
:10AEF0005401BB2331F08AE9882E82E0982EA12CE0
:10AF0000B12C8C0C9D1CAE1CBF1C29812223A9F1E5
:10AF10008A819B81AC81BD81892B8A2B8B2B61F02F
:10AF2000D701C6012A813B814C815D81821B930B35
:10AF3000A40BB50BB7FD21C02E813F81A8016D8503
:10AF40007E858F8598890F94C04420E030E040ECE6
:10AF50005FE30F94DD3D87FD35C0D701C601805A00
:10AF60009541AF4FBF4F8A839B83AC83BD839E8146
:10AF70009D87AF81AE870F87188BBC89BB2339F0C3
:10AF800080913019109230198111109263028091D2
:10AF900063028823B9F081149104A104B10461F023
:10AFA00020EDC21A27E0D20AE108F108C818D90832
:10AFB000EA08FB08F7FE06C01886F1CE0F94DD3DC7
:10AFC00087FF26C0209163022983222321F010925B
:10AFD00063020E94C37C3989309358028981669646
:10AFE0000FB6F894DEBF0FBECDBFDF91CF911F919A
:10AFF0000F91FF90EF90DF90CF90BF90AF909F9018
:10B000008F907F906F905F904F903F902F9008951A
:10B010003E2C2F2C0D8B1E8B1982ECCE8FE30E94C1
:10B02000943223CF20E030E040E450E4C301B20189
:10B030000F94214718160CF068CF4601570165CFD1
:10B0400080914F028F3708F44EC08F57909138137C
:10B0500090932F19992309F444C02C9A20910C1332
:10B0600020932E1990910201211190959072909346
:10B0700000012091DF1730E03595279520932D1999
:10B0800090910201232B09F0909590749093000108
:10B090008F5F80934F0280912C1991E089278093D4
:10B0A0002C1980914E02980F85300CF090E0823080
:10B0B00009F47AC06CF5882309F440C0813009F4A2
:10B0C00067C090934E020F943A0980918707909140
:10B0D0008807009729F00197909388078093870746
:10B0E00008952C98BBCF90912F19891708F02C98B0
:10B0F00090912E19891728F09091020190729093E7
:10B10000000190912D19891718F290910201BDCF7D
:10B11000843009F461C00CF45AC0853091F6209156
:10B120002B19211102C080932B1980912B1981506A
:10B1300080932B19882329F295E0C3CF80914D028B
:10B140008F5F80311CF480934D02BBCF10924D0273
:10B1500080912A19811113C020912E1330912F1341
:10B160003093311320933013209102133091031345
:10B17000309305132093041381E080932A191092D1
:10B180002F1310922E13109203131092021399CFC3
:10B1900088E080937B0085E480937C0080917A0036
:10B1A000806480937A008DCF80917A0086FD27C0DD
:10B1B000409178005091790020912E1330912F13F7
:10B1C000240F351F30932F1320932E137ACF88E04E
:10B1D00080937B0086E4E0CF80917A0086FD11C0E9
:10B1E000409178005091790020910213309103131F
:10B1F000240F351F309303132093021362CF92E084
:10B2000060CF94E05ECF0F930FB70F9300916E0065
:10B210000D7F00936E0078940F930BB70F930CB7CC
:10B220000F921F922F933F934F935F936F937F9350
:10B230008F939F93AF93BF93EF93FF9311240E943B
:10B2400020D8FF91EF91BF91AF919F918F917F9106
:10B250006F915F914F913F912F911F900F900CBF75
:10B260000F910BBF0F910260F89400936E000F9145
:10B270000FBF0F9118952091361330913713263553
:10B2800031053CF420910A1330910B13263031051F
:10B2900024F0882341F00C948E2D662321F00E9427
:10B2A000902D0C94C37C0895CF93DF931092580295
:10B2B000CEE2D3E1198618860E941BC31A862C9809
:10B2C000C2E0D3E1198618860E9468291A86809107
:10B2D0000201807280930001DF91CF910895CF9297
:10B2E000DF92EF92FF920F931F93CF93DF93CDB72F
:10B2F000DEB72C970FB6F894DEBF0FBECDBF182F68
:10B300006B017A018091BF18833090F00E94433422
:10B31000C6010E949B3286E59CE20E949B321F3F41
:10B3200051F582E59CE20E949B328AE00E949432B1
:10B330000E9454D9A8958091141981114FC081E0C1
:10B340008093141982E08093BF180E9454D905E1BC
:10B35000015019F1A895409A69E170E080E090E011
:10B360000E94F09A409860E570E080E090E00E94D2
:10B37000F09AA895EDCF17FDD8CF80E59CE20E940A
:10B380009B32612F012E000C770B880B990B0E94CA
:10B39000F17A8AE00E949432C8CF409A87E00F94F5
:10B3A000152F811111C08CE0E6E3F3E0DE01119668
:10B3B00001900D928A95E1F7BE016F5F7F4F80E0AB
:10B3C0000F94CE0D0E9406FC69E47CE21F3F11F051
:10B3D0006DE47CE240E0C7010E94983E2C960FB6D7
:10B3E000F894DEBF0FBECDBFDF91CF911F910F91BB
:10B3F000FF90EF90DF90CF9008952F923F924F9261
:10B400005F926F927F928F929F92AF92BF92CF92F4
:10B41000DF92EF92FF920F931F93CF93DF9300D0B1
:10B4200000D01F92CDB7DEB79F838E831B016A01C8
:10B43000298381E090E02F3F11F090E080E025E04B
:10B44000289FF001299FF00D1124E559F34F8481C5
:10B45000882309F4A9C0AE81BF8114961C92149769
:10B46000FD011582168217821086EE81FF8184818C
:10B470008230B9F0833009F41EC1813009F07BC0FD
:10B480002581368147815085D1016D917D918D91C6
:10B490009C910F94DD3D87FD6EC082E0EE81FF81BF
:10B4A0008483C701FF0CAA0BBB0B8A839B83AC83ED
:10B4B000BD83998191112EC08091420D882339F16D
:10B4C000D101CD90DD90ED90FC90EE81FF818580E3
:10B4D0009680A780B0846A817B818C819D810F9446
:10B4E000E43D2B013C0120E030E040E85EE30F94B6
:10B4F000433E9B01AC01C501B4010F94C0449B01C4
:10B50000AC01C701B6010F94214787FD7BC080E8DD
:10B5100080934C020E94239B6B017C016A817B819A
:10B520008C819D810F94E43D9B01AC01AE81BF8174
:10B5300015966D917D918D919C9118970F94C044B3
:10B540009B01AC01F10160817181828193810F9433
:10B55000214787FDA2C09801A8EEB3E00F9475447F
:10B56000C60ED71EE81EF91EAE81BF81CD92DD92B8
:10B57000ED92FC92139727960FB6F894DEBF0FBE9C
:10B58000CDBFDF91CF911F910F91FF90EF90DF9092
:10B59000CF90BF90AF909F908F907F906F905F9073
:10B5A0004F903F902F900895D6018D909D90AD9033
:10B5B000BC90A5019401EE81FF8165817681878130
:10B5C00090850F94DD3D882309F44FCFAE81BF8174
:10B5D00015968D929D92AD92BC921897BB24B39410
:10B5E00020E030E0A901F6016081718182819381C0
:10B5F0000F94214718160CF0B12CAE81BF81149620
:10B60000BC9233CF23E830EC4AEA5EE3C301B201D7
:10B610000F94433E9B01AC01C501B4010F94C0449B
:10B620009B01AC01C701B6010F94214787FD02C001
:10B6300080E66ECF20E030E040E05FE3C301B2017E
:10B640000F94433E9B01AC01C501B4010F94C0446B
:10B650009B01AC01C701B6010F94214787FD02C0D1
:10B6600080E456CF2DEC3CEC4CE45FE3C301B20127
:10B670000F94433E9B01AC01C501B4010F94C0443B
:10B680009B01AC01C701B6010F94214787FD02C0A1
:10B6900080E23ECF10924C023DCFEE81FF8180814F
:10B6A0009181A281B381C81AD90AEA0AFB0AF7FC80
:10B6B00062CF83E0848343E65DE263E77DE28981D4
:10B6C00027960FB6F894DEBF0FBECDBFDF91CF91A6
:10B6D0001F910F91FF90EF90DF90CF90BF90AF90B0
:10B6E0009F908F907F906F905F904F903F902F90A2
:10B6F0000C946FD944E75CE261E87CE20C946FD96A
:10B70000CF93DF93A89580913013909131130E94CD
:10B710003388609332137093331380933413909370
:10B72000351380910413909105130E9401C2609318
:10B730000613709307138093081390930913C09115
:10B740003013D091311380915D0290915E02C81741
:10B75000D90718F480E00E947ADB8091361390912B
:10B7600037131816190674F480915B0290915C02ED
:10B770008C179D0738F444E45DE261E57DE280E0EA
:10B780000E946FD92091321930913319809104139E
:10B79000909105138217930718F48FEF0E947ADBBC
:10B7A00080910A1390910B1318161906A4F4209196
:10B7B000590230915A028091041390910513281771
:10B7C000390748F444E45DE261E57DE28FEFDF9103
:10B7D000CF910C946FD9DF91CF9108958F929F9262
:10B7E000AF92BF92CF92DF92EF92FF920F931F938F
:10B7F000CF93DF9300D01F92CDB7DEB78091BF18F3
:10B80000811112C0A8950F900F900F900F90DF91AB
:10B81000CF911F910F91FF90EF90DF90CF90BF904D
:10B82000AF909F908F900895809129198111EBCF4F
:10B8300081E0809329198091DE17882339F041E057
:10B8400070E060E086EB9CE20E94983E8091DD17FC
:10B85000882359F01092DD170F947D010E9406FC99
:10B860008EEF0F9463070F94EF078091DC17882306
:10B8700059F01092DC178091971580688093971586
:10B8800081EB9CE20E94FF7580912A19811103C00F
:10B8900010922919B8CF0E9480DB10922A190E94B9
:10B8A000239B4B015C016091610270916202072E43
:10B8B000000C880B990B0F94E43D9B01AC01609147
:10B8C00032137091331380913413909135130F9488
:10B8D000214718161CF480E00E947ADB80916F0CDF
:10B8E000811119C080916B0C90916C0CA0916D0C22
:10B8F000B0916E0C0097A105B10569F0A501940106
:10B90000281B390B4A0B5B0BDA01C901B7FD03C0D9
:10B9100081E080936F0C6091361370913713072E7E
:10B92000000C880B990B0F94E43D69837A838B8319
:10B930009C833AE0E32EF12C0CE310E020E0AE0112
:10B940004F5F5F4F62E373E180EF92E10E94FDD9A8
:10B95000C0903213D0903313E0903413F09035132D
:10B9600060915F0270916002072E000C880B990BAA
:10B970000F94E43D9B01AC01C701B6010F94214730
:10B9800018160CF0D5C06091610270916202072E0A
:10B99000000C880B990B0F94E43D9B01AC01C7018F
:10B9A000B6010F94DD3D87FFC3C080916F0C90916D
:10B9B0002119911109C02EE233E13093201920930F
:10B9C0001F1991E0909321198111AEC08FE199E187
:10B9D0000E948AC00F942D46759567956093381321
:10B9E0008091E2179091E317A091E417B091E517C9
:10B9F0000097A105B105F1F0A5019401281B390BB1
:10BA00004A0B5B0BDA01C901B7FD14C06091321318
:10BA10007091331380913413909135130F942D4608
:10BA20002091E0173091E117621773070CF482C080
:10BA30000E941BC320E030E046E153E4609106130E
:10BA40007091071380910813909109130F94214767
:10BA500018161CF48FEF0E947ADB8091D817909112
:10BA6000D917A091DA17B091DB170097A105B1059E
:10BA7000F1F0A5019401281B390B4A0B5B0BDA018D
:10BA8000C901B7FD14C0609106137091071380912E
:10BA90000813909109130F942D462091D6173091D9
:10BAA000D717621773070CF44DC00E946829809164
:10BAB000740C811115C08091700C9091710CA09143
:10BAC000720CB091730C0097A105B10549F0881A6A
:10BAD000990AAA0ABB0AB7FC03C081E08093740CE0
:10BAE00060910A1370910B13072E000C880B990BB1
:10BAF0000F94E43D69837A838B839C8392E0E92EE3
:10BB0000F12C02E310E02FEFAE014F5F5F4F66E0D4
:10BB100073E189EF92E10E94FDD98091740C882332
:10BB2000D9F110920C13B4CE60E070E0CB0152CF8B
:10BB300060E054CF43E95CE262EA7CE280E00E948C
:10BB40006FD978CF43E95CE262EA7CE28FEF0E9432
:10BB50006FD9ADCF20E030E046E153E4C701B60134
:10BB60000F94DD3D181654F180911719811109C009
:10BB700082E093E1909316198093151981E08093E8
:10BB8000171985E199E10E948AC00F942D46759599
:10BB9000679560930C137CCEC0900613D09007136A
:10BBA000E0900813F090091320E030E040EA50E400
:10BBB000C701B6010F94214787FFCCCF60E0E9CFE2
:10BBC0002F923F924F925F926F927F928F929F92AD
:10BBD000AF92BF92CF92DF92EF92FF920F931F939B
:10BBE000CF93DF93CDB7DEB7CA55D1090FB6F8941E
:10BBF000DEBF0FBECDBF7C01162F4FAF25962FAFF6
:10BC000025970E94239B6F87788B898B9A8B1F3F88
:10BC100009F043C024EB30E03A8329830E94A47EDC
:10BC20001F3F09F407C2C12E012E000CDD08F601EA
:10BC300043E0EE0FFF1F4A95E1F7E55AFD4F86817D
:10BC400097810F978E159F050CF07EC38CE39CE2C5
:10BC50000E949B328DE19CE20E949B320E94A47E56
:10BC600086EF9BE2C65ADF4F0FB6F894DEBF0FBED9
:10BC7000CDBFDF91CF911F910F91FF90EF90DF909B
:10BC8000CF90BF90AF909F908F907F906F905F907C
:10BC90004F903F902F900C948B3E4CE350E05A8392
:10BCA0004983BCCF3090321300913313E0913413A9
:10BCB0006796EFAF6797F09135136696FFAF66977B
:10BCC00096C22496EEADFFAD2497808306C3FBEEAB
:10BCD0004F2E512C612C712CAEC384E190E0A0E07A
:10BCE000B0E08B8B9C8BAD8BBE8BE4E14E2E512C48
:10BCF000612C712CB0C34B8A5C8A6D8A7E8AABC37F
:10BD00002496EEADFFAD2497808383C4D701C6018E
:10BD10002AA93BA94CA95DA9821B930BA40BB50BC7
:10BD2000B7FD5DC0812F17FD80E00E9496D48AE0A8
:10BD30000E949432D701C6018053984FAF4FBF4F36
:10BD40008AAB9BABACABBDAB9DA5911196C02AADA8
:10BD50003BAD4CAD5DAD632D702F67968FAD679792
:10BD600066969FAD66970F94214718160CF071C028
:10BD700020E030E040E050E4632D702F67968FADF7
:10BD8000679766969FAD66970F94C1446AAF7BAF85
:10BD90008CAF9DAF2EA53FA548A959A92C0D3D1DDF
:10BDA0004E1D5F1D2EAB3FAB48AF59AF65966CADD6
:10BDB0007DAD8EAD9FAD65970F94E43D9B01AC01C9
:10BDC00081E08DA7632D702F67968FAD679766967C
:10BDD0009FAD66970F94214718160CF01DA68F850E
:10BDE0009889A989BA896B968CAF9DAFAEAFBFAF6A
:10BDF0006B972F89388D498D5A8D281739074A0737
:10BE00005B0730F46B962CAF3DAF4EAF5FAF6B97D7
:10BE10006B968CAD9DADAEADBFAD6B97C81AD90A10
:10BE2000EA0AFB0A91E8C9169FE4D90692E1E906FD
:10BE3000F104E8F10E94A47E85E29BE20E948B3E21
:10BE400088E19BE20E949B3286E09BE20E949B324B
:10BE500076C2D701C6012EA93FA948AD59AD821BB4
:10BE6000930BA40BB50B43E95CE262EA7CE2B7FDFD
:10BE7000B6CF812F0E946FD9B2CF61966CAD7DADE8
:10BE80008EAD9FAD61970F94E43D232D302F6796C3
:10BE90004FAD679766965FAD66970F94214718166A
:10BEA0000CF09DCF43E65DE263E77DE2E2CF2296B0
:10BEB000AEADBFAD2297ED81FE81AE17BF070CF08E
:10BEC000B6C033970CF4B3C089EF9AE20E949B325C
:10BED00088EA9AE20E949B3288E99AE20E948B3EAD
:10BEE0001F3F09F086C028E83AE23A83298386E7B3
:10BEF0009AE20E949B3289819A810E949B324F81F3
:10BF0000588569857A8584E99AE20E948A3886E7AD
:10BF10009AE20E949B3289819A810E949B3248A1B9
:10BF200059A16AA17BA180E99AE20E948A3886E73A
:10BF30009AE20E949B3289819A810E949B32B501CC
:10BF4000A4018CE89AE20E948A3825965FAD259775
:10BF50005523A1F12CEA35EC47E25EE3C501B401BB
:10BF60000F94BB456B017C012CEA35EC47E25EE3A4
:10BF700068A179A18AA19BA10F94433E2F813885A6
:10BF800049855A851F3FD1F120934E1330934F13AB
:10BF90004093501350935113609352137093531363
:10BFA0008093541390935513C0925613D092571305
:10BFB000E0925813F09259130E941624C65ADF4F8C
:10BFC0000FB6F894DEBF0FBECDBFDF91CF911F91AA
:10BFD0000F91FF90EF90DF90CF90BF90AF909F9028
:10BFE0008F907F906F905F904F903F902F900C9428
:10BFF000A47E47E85AE25A83498379CF20932213DB
:10C0000030932313409324135093251360932613E6
:10C01000709327138093281390932913C0922A13A7
:10C02000D0922B13E0922C13F0922D13C7CF0F94C4
:10C03000E421B9C03DE8E316F1040CF007CE89EE27
:10C040009BE20E949B3281EE9BE20E949B320E9407
:10C0500054D98FE780930C1329813A81A8EEB3E07D
:10C060000F9475446EA77FA788AB99ABDC01CB0119
:10C070002F85388949895A89820F931FA41FB51FBC
:10C080008EAB9FABA8AFB9AF60E086ED9BE20F949B
:10C09000C01481E0809363028F859889A989BA8949
:10C0A0008F8B988FA98FBA8F8AAB9BABACABBDAB94
:10C0B000812C912C540188A299A2AAA2BBA28F82A2
:10C0C0009886A986BA862FE730E040E050E02B8BB7
:10C0D0003C8B4D8B5E8B198230E43B874CE14E8F5D
:10C0E00056E45F8F212C1B8E1C8E1D8E3FE7432E46
:10C0F000512C612C712C1DA68AAE9BAEACAEBDAE90
:10C1000019A61AA61BA61CA681E088A71E821D825E
:10C11000312C00E067961FAE679766961FAE669754
:10C1200097010F2C000C440B550B29962CAF3DAFFB
:10C130004EAF5FAF29974FAD042E000C550B2296E2
:10C140005FAF4EAF22975CE21502C0011124DC0103
:10C15000A85CBC4E2496BFAFAEAF2497C7014E96E5
:10C160009C01092E000C440B550B2D962CAF3DAFB6
:10C170004EAF5FAF2D97CC979C01990F440B550B99
:10C1800061962CAF3DAF4EAF5FAF619736E0E31ADB
:10C19000F108C701FF0CAA0BBB0B65968CAF9DAFD6
:10C1A000AEAFBFAF659780916302882309F4C7C023
:10C1B0000E94239B6B017C0190912A199EAF9923C9
:10C1C00009F49BC00E9480DB10922A191F3F09F0DE
:10C1D00069CD3090061300910713A091081367965C
:10C1E000AFAF6797B09109136696BFAF6697222DE0
:10C1F0003B8D4C8D5D8D632D702F67968FAD67974E
:10C2000066969FAD66970F942147181654F4232C19
:10C210000B8F67962FAD67972C8F66963FAD66970D
:10C220003D8F29813B854E8D5F8D632D702F6796E5
:10C230008FAD679766969FAD66970F94DD3D87FF3C
:10C240000AC039820B8767964FAD67974E8F669607
:10C250005FAD66975F8F29966CAD7DAD8EAD9FAD5E
:10C2600029970F94E43D6CA37DA38EA39FA388A57B
:10C27000882309F47EC09B014EA1592F632D702F96
:10C2800067968FAD679766969FAD66970F94214727
:10C2900018169CF5B701A6018F89988DA98DBA8DC6
:10C2A000481B590B6A0B7B0BDB01CA018858934171
:10C2B000A109B109B7FD21C08B899C89AD89BE89CF
:10C2C00084199509A609B709B595A79597958795F6
:10C2D0001F3F09F0F6CC80930C1349A75AA76BA710
:10C2E0007CA72CA0FDA1FB8F2EA12C8F3FA13D8F01
:10C2F000CF86D88AE98AFA8A18A62D966CAD7DADCC
:10C300008EAD9FAD2D970F94E43D232D302F679672
:10C310004FAD679766965FAD66970F94DD3D87FFDB
:10C32000F5CC8EE59BE20E949B328FE39BE20E945C
:10C330009B320E94A47E86EF9BE20E948B3E10926D
:10C3400063020E9454D93ACE89EE9BE20E949B324E
:10C3500081EE9BE20E949B320E9454D98CE28C9D1C
:10C36000F0018D9DF00D1124E25DFC4E8FE7828778
:10C3700073CE2CA13DA14EA15FA1632D702F6796B6
:10C380008FAD679766969FAD66970F94DD3D87FFEB
:10C39000B4CFD701C6012F85388949895A89821BB4
:10C3A000930BA40BB50BAC01BD0148585341610977
:10C3B000710977FDA2CF4D815E81452B09F418C12B
:10C3C00029A53AA54BA55CA5280F391F4A1F5B1F5D
:10C3D0002F8B388F498F5A8F29A53AA54BA55CA57D
:10C3E000281B390B4A0B5B0BC301B2010F9411449C
:10C3F0002F89388D498D5A8D0F9443444B885C8822
:10C400006D887E88420E531E641E751E34E14316ED
:10C410005104610471040CF460CC4CEE44165104D8
:10C42000610471040CF053CC50E8451651046104CA
:10C4300071040CF460CC4B8A5C8A6D8A7E8A8EEF24
:10C4400090E0A0E0B0E09C01AD0124193509460957
:10C45000570929013A014B895C896D897E898EECE7
:10C460009BE20E94F432B301A20189EC9BE20E949C
:10C47000F43249815B856E8D7F8D82EC9BE20E9458
:10C480008637422D5B8D6C8D7D8D8BEB9BE20E9400
:10C490008637AD81BE8113970CF4AAC0C301B201E7
:10C4A0000F94E43D20E030E040E850E40F94433E38
:10C4B0004B015C0129813B854E8D5F8D622D7B8D0B
:10C4C0008C8D9D8D0F94C0442BED3FE049E450E4EA
:10C4D0000F94433E20E030E040E05FE30F94433EA2
:10C4E0009B01AC01C501B4010F94BB456B877C87F0
:10C4F0008D879E876F89788D898D9A8D0F94E43D05
:10C500002FE632E143E85AE30F94433E69837A838E
:10C510008B839C831E3F59F02AE939E949E15FE3A7
:10C52000812C912CA12C6EE3B62E1F3F59F42DECDB
:10C530003CEC4CE45EE37BEA872E7AEA972EA92C4A
:10C540007EE3B72E6B857C858D859E850F94433E5B
:10C550006F83788789879A879B01AC010F94C144C8
:10C5600029813A814B815C810F94BB4568A379A3F3
:10C570008AA39BA329813A814B815C816F81788555
:10C5800089859A850F94433EA50194010F94433EFB
:10C590004B015C014B855C856D857E8585EB9BE25F
:10C5A0000E94863749815A816B817C818FEA9BE2A8
:10C5B0000E948A3880EA9BE21E3F10F481E99BE2E8
:10C5C0000E949B324F81588569857A858BE89BE272
:10C5D0000E94863748A159A16AA17BA185E89BE208
:10C5E0000E948637B501A4018FE79BE20E948A383A
:10C5F0008B899C89AD89BE89840D951DA61DB71DAB
:10C60000B595A795979587951F3F09F079CB8093AE
:10C610000C132296FFAD2297FF932FAD2F933E81EF
:10C620003F934D814F938BE69BE29F938F9386E7D9
:10C630009BE29F938F931F920E94DE7F8D819E814C
:10C6400001969E838D830FB6F894DEBF0FBECDBFDB
:10C65000BCA1B983EDA1EB87FEA1FE8F2FA12F8F87
:10C66000CF8AD88EE98EFA8E3EAD38A746CECF93CC
:10C67000DF93EC01488159816A817B818CE69AE2E3
:10C680000E94F4324C815D816E817F8189E09FE15F
:10C690000E94F432488559856A857B8585E09FE153
:10C6A0000E94F4328AE0DF91CF910C949432CF93C0
:10C6B000C82F0F940B0094E0C99F90011124F90139
:10C6C000E654F84E2A53384ED9014D915D916D9143
:10C6D0007C91408351836283738391E09093B91777
:10C6E000882319F0CF910C94E92CCF910895FC0187
:10C6F00090E1A6ECB7E101900D929A95E1F70895CB
:10C70000BC012091121930911319409112195091C6
:10C7100013192417350731F481E02617370709F07C
:10C7200080E008959A01F1CF61327105810591058C
:10C7300038F4ECE6F6E26591749190E080E00895BB
:10C74000AB01BC014052510961097109411528E052
:10C75000520761057105D8F024E0529FC0011124F1
:10C7600084599D4DFC01329625913491FC018591AF
:10C770009491AA27439FF001429FE10DFA1F06946E
:10C78000EA1FFA1F11248E1B9F0BBC01D6CFDB01C1
:10C79000CA01B695A795979587958C7F9C012459DA
:10C7A000394DF90185919491F9013296A591B49191
:10C7B00047704A9F90014B9F300D112443E03695FE
:10C7C00027954A95E1F7821B930BDFCF0F930FB7A5
:10C7D0000F9300916E000F930D7F00936E000091F8
:10C7E0006F000D7F00936F000F930BB70F930CB783
:10C7F0000F921F922F933F934F935F936F937F936B
:10C800008F939F93AF93BF93EF93FF9311240E9455
:10C8100087E4FF91EF91BF91AF919F918F917F91AD
:10C820006F915F914F913F912F911F900F900CBF8F
:10C830000F910BBF0F910260F89400936F000F915E
:10C8400000936E000F910FBF0F9118958091C01843
:10C85000877F8093C018129A81E008951298809182
:10C86000C01888608093C018089521E030E0082E39
:10C8700002C0220F331F0A94E2F720953095909161
:10C88000C01829232093C018813061F020F0823035
:10C8900071F081E008955F9A8091820C8E7F809381
:10C8A000820CF7CF8A9A8091820C8D7FF8CF80918D
:10C8B000080180958170809306018091820C8B7FA6
:10C8C000EECF80E00E9435E481E00E9435E482E012
:10C8D0000E9435E40C9426E4813089F070F08230B7
:10C8E00081F021E030E001C0220F8A95EAF78091C3
:10C8F000C018822B8093C01808955F98F2CF8A9851
:10C90000F0CF90910801917090930601EACF2F9299
:10C910003F924F925F926F927F928F929F92AF92CF
:10C92000BF92CF92DF92EF92FF920F931F93CF931C
:10C93000DF93CDB7DEB767970FB6F894DEBF0FBEB3
:10C94000CDBF8FEF9FEF90938900809388002AE0FE
:10C950002983312C212C789480910E1990910F19F4
:10C96000A0911019B0911119892B8A2B8B2B09F0EA
:10C9700029C28091B917882371F180911219909181
:10C9800013191092B917892B09F41CC210921319AC
:10C99000109212191092B8179091B7138091B81392
:10C9A000981731F08091B8138F5F87708093B81318
:10C9B0004FEF5FEFBA0140934802509349026093F2
:10C9C0004A0270934B024093440250934502609395
:10C9D0004602709347028091121990911319892B86
:10C9E00009F4F0C140910A1950910B1960910C198A
:10C9F00070910D198091061990910719A09108194D
:10CA0000B0910919481759076A077B0708F0DAC17E
:10CA100000916D0710E030E020E0841B950BA60B21
:10CA2000B70B081719072A073B0710F4D901C801EB
:10CA30008E8B840F951FA61FB71F80930A199093A2
:10CA40000B19A0930C19B0930D19772473940091CE
:10CA5000C9181091CA182091CB183091CC18809128
:10CA6000D9189091DA18A091DB18B091DC18080F52
:10CA7000191F2A1F3B1F0093D9181093DA1820930F
:10CA8000DB183093DC1837FD18C08091C5189091E1
:10CA9000C618A091C718B091C81848015901881A42
:10CAA000990AAA0ABB0AD501C4018093D9189093A8
:10CAB000DA18A093DB18B093DC184091CD18509190
:10CAC000CE186091CF187091D0188091DD18909198
:10CAD000DE18A091DF18B091E018480F591F6A1FA7
:10CAE0007B1F4093DD185093DE186093DF1870931E
:10CAF000E01877FD18C08091C5189091C618A091D4
:10CB0000C718B091C8185A016B01A81AB90ACA0A05
:10CB1000DB0AD601C5018093DD189093DE18A0933F
:10CB2000DF18B093E018C090D118D090D218E090E0
:10CB3000D318F090D4188091E1189091E218A09148
:10CB4000E318B091E4188C0D9D1DAE1DBF1D8093A0
:10CB5000E1189093E218A093E318B093E418B7FD9E
:10CB600018C0C090C518D090C618E090C718F090B3
:10CB7000C8184C015D018C189D08AE08BF087501EE
:10CB80006401C092E118D092E218E092E318F092AA
:10CB9000E4188090D5189090D618A090D718B0902F
:10CBA000D818C090E518D090E618E090E718F090FB
:10CBB000E818C80CD91CEA1CFB1CC092E518D092DE
:10CBC000E618E092E718F092E818F7FC55C080905C
:10CBD000C5189090C618A090C718B090C818C8186B
:10CBE000D908EA08FB08C092E518D092E618E0924E
:10CBF000E718F092E818C0901219D0901319E6E4E3
:10CC0000CE0ED11CF601C080D180E280F380CD2809
:10CC1000CE28CF2809F45FC18090F018082C000CB2
:10CC20009908AA08BB08C090D217D090D317E090FB
:10CC3000D417F090D517C818D908EA08FB08C09295
:10CC4000D217D092D317E092D417F092D517C09094
:10CC5000FA18D090FB18E090FC18F090FD18F1E065
:10CC6000CF1AD108E108F108C092FA18D092FB1847
:10CC7000E092FC18F092FD18F12C711004C0C090E5
:10CC80008400D090850037FD1CC04090ED18042C26
:10CC9000000C5508660877088090C6179090C71753
:10CCA000A090C817B090C917840C951CA61CB71C7F
:10CCB0008092C6179092C717A092C817B092C91752
:10CCC000889A77FD1CC04090EE18042C000C550883
:10CCD000660877088090CA179090CB17A090CC1761
:10CCE000B090CD17840C951CA61CB71C8092CA1757
:10CCF0009092CB17A092CC17B092CD178E9AB7FD19
:10CD000021C04090EF18042C000C550866087708E5
:10CD10008090CE179090CF17A090D017B090D117D9
:10CD2000840C951CA61CB71C8092CE179092CF172E
:10CD3000A092D017B092D117F0910B01F095F87036
:10CD4000F0930901FF20E1F04090F018042C000C52
:10CD50005508660877088090D2179090D317A09056
:10CD6000D417B090D517840C951CA61CB71C8092C4
:10CD7000D2179092D317A092D417B092D517149AC5
:10CD8000C0908400D0908500C0908400D090850031
:10CD900037FF889877FF8E98B7FD05C080910B010B
:10CDA000887080930901F11014988E88882021F0F2
:10CDB00080918400909185002E8921502E8B712CBA
:10CDC000211145CE8091480290914902A0914A02DA
:10CDD000B0914B020097A105B10509F07FC04091C9
:10CDE000E9185091EA186091EB187091EC18809155
:10CDF000C1189091C218A091C318B091C418840FA3
:10CE0000951FA61FB71F8093E9189093EA18A09367
:10CE1000EB18B093EC18B7FD4DC04091F018042EFC
:10CE2000000C550B660B770B0091D2171091D3179E
:10CE30002091D4173091D517040F151F261F371FC7
:10CE40000093D2171093D3172093D4173093D5178C
:10CE50000091FA181091FB182091FC183091FD18E0
:10CE6000400F511F621F731F4093FA185093FB1815
:10CE70006093FC187093FD184091C5185091C61826
:10CE80006091C7187091C818841B950BA60BB70B3F
:10CE90008093E9189093EA18A093EB18B093EC18DC
:10CEA000149A8091840090918500809184009091E3
:10CEB000850014988091440290914502A091460209
:10CEC000B09147028093480290934902A0934A028E
:10CED000B0934B0208C0FF24F394CFCE8F3F9F4FF7
:10CEE000AF4FBF4F39F380903B0290903C02A0902F
:10CEF0003D02B0903E028A829B82AC82BD8289282C
:10CF00008A288B2809F055C0A0903E12B0903F129D
:10CF1000BF8AAE8AA114B10409F43AC01091090184
:10CF2000127082E00E946CE4000080910B011A14E0
:10CF30001B040CF0809582708093090100008091A1
:10CF40000B01809588708093090100C000008EE07D
:10CF500090E00197F0F780910B01887080930901B0
:10CF6000000080910B01111180958270809309015E
:10CF70000000CE88DF8880913E1290913F121C14F1
:10CF80001D040CF0E2C0019790933F1280933E1273
:10CF90000E94EF2C882309F4DAC080ED97E0A0E02E
:10CFA000B0E080933B0290933C02A0933D02B0938B
:10CFB0003E0280910E1990910F19A0911019B09115
:10CFC0001119892B8A2B8B2B09F027C380901219FA
:10CFD000909013199F8A8E8A8114910409F4AEC02F
:10CFE00080910A1990910B19A0910C19B0910D190B
:10CFF000409106195091071960910819709109190B
:10D0000084179507A607B70708F4A5C080919E0767
:10D01000882309F46DC0F40185899689A789B08DAC
:10D02000892B8A2B8B2BA1F4818D928DA38DB48DAE
:10D03000892B8A2B8B2B61F4858D968DA78DB0A1C2
:10D04000892B8A2B8B2B21F480915A0C8823B1F1E8
:10D05000AE89BF8991966D917D918D919C919497A8
:10D06000C090AA17D090AB17E090AC17F090AD1716
:10D07000AB5BBF4F2C9123FF07C0909580957095B7
:10D0800061957F4F8F4F9F4F0F94E43D2091361253
:10D090003091371240913812509139120F94433E1B
:10D0A0009B01AC01C701B6010F94C0446093AA175D
:10D0B0007093AB178093AC179093AD178091B31713
:10D0C0008730B1F48091B21780FF10C08091AE1705
:10D0D0009091AF17A091B017B091B1178093AA1794
:10D0E0009093AB17A093AC17B093AD171092B217F3
:10D0F00010921319109212191092B8179091B71339
:10D100008091B813981731F08091B8138F5F8770B2
:10D110008093B81388248A94982C540180924802F2
:10D1200090924902A0924A02B0924B02809244022D
:10D1300090924502A0924602B092470220ED822EC4
:10D1400027E0922EA12CB12C94C001961DCF8FEF19
:10D150009FEFDC0126CF4091021950910319609195
:10D16000041970910519481759076A077B0708F4D5
:10D1700097C48091FE189091FF18A0910019B0916A
:10D180000119EE89FF8945A956A967A970AD8417D1
:10D190009507A607B70708F07AC40097A105B1055F
:10D1A00009F010C3C090B417D090B517E090B6172F
:10D1B000F090B717C701B6010E94399A4B015C0184
:10D1C0008091FE189091FF18A0910019B09101195B
:10D1D000880D991DAA1DBB1D8093FE189093FF1802
:10D1E000A0930019B0930119E0911219F09113194D
:10D1F000FF8BEE8BEA5BFF4F80819181A281B3812F
:10D200000097A105B105A9F1EE89FF89E55BFF4F04
:10D210000081118130E020E04090FA185090FB1816
:10D220006090FC187090FD18401651066206730657
:10D230001CF080E090E0DC01BC01CD016C0D7D1D97
:10D240008E1D9F1D0E9494E32E893F89265B3F4FD0
:10D25000D9012C9104C0660F771F881F991F2A954A
:10D26000D2F76093440270934502809346029093F4
:10D2700047028091121990911319892B09F0C5C1A9
:10D280000E94D6FF9093131980931219892B09F4E9
:10D29000BCC1C0901219D0901319DF8ACE8AD60172
:10D2A0008C9183FF02C00C94F0EFF601E05AFF4F1F
:10D2B00080819181A281B38180934E0C90934F0C19
:10D2C000A093500CB093510C80E13496AAEABBE0D5
:10D2D00001900D928A95E1F7EE89FF8905891689FB
:10D2E0002789308D81E0011511052105310509F4EB
:10D2F00080E0AE89BF8959964D905D906D907C908D
:10D300005C97411451046104710411F00C941DF0F8
:10D31000AE89BF895D968D909D90AD90BC909097A1
:10D3200081149104A104B10409F084608093B817BA
:10D330001092F1181092F2181092F3181092F4183B
:10D340001092FE181092FF181092001910920119F5
:10D35000EE89FF89C5A0D6A0E7A0F0A4C092061967
:10D36000D0920719E0920819F0920919442755271D
:10D37000BA014C195D096E097F094093E918509371
:10D38000EA186093EB187093EC184093D9185093F7
:10D39000DA186093DB187093DC184093DD18509313
:10D3A000DE186093DF187093E0184093E1185093F3
:10D3B000E2186093E3187093E4184093E5185093D3
:10D3C000E6186093E7187093E81841A152A163A191
:10D3D00074A1440F551F661F771F000F111F221FD6
:10D3E000331F0093C9181093CA182093CB18309399
:10D3F000CC18440C551C661C771C4092CD185092DA
:10D40000CE186092CF187092D018880C991CAA1C64
:10D41000BB1C8092D1189092D218A092D318B092CF
:10D42000D4184093D5185093D6186093D71870939A
:10D43000D818CC0CDD1CEE1CFF1CC092C518D09275
:10D44000C618E092C718F092C81810920A191092E4
:10D450000B1910920C1910920D1981A592A5A3A574
:10D46000B4A58093021990930319A0930419B09363
:10D47000051985A596A5A7A5B0A98093F618909340
:10D48000F718A093F818B093F918EA5BFF4F808162
:10D490009181A281B381892B8A2B8B2BA1F0EE89FC
:10D4A000FF89E65BFF4F808104C0440F551F661F54
:10D4B000771F8A95D2F74093C1185093C218609392
:10D4C000C3187093C4182E893F892B5B3F4FD90135
:10D4D0008C9190916F18891721F080936F180E949A
:10D4E000E3C20F943A0988248A94982C54018092BC
:10D4F000400290924102A0924202B0924302A09058
:10D500001219B0901319F501FD96E080F1800281A7
:10D510001381D501D1962D913D914D915C91D49778
:10D52000AD5ABF4FBF8BAE8B6D917D918D919C910C
:10D530000E9491C21092F518EE89FF896081718175
:10D54000828193810E94399A4B015C018091FE187F
:10D550009091FF18A0910019B0910119880D991DA3
:10D56000AA1DBB1D8093FE189093FF18A09300196D
:10D57000B0930119C0901219D0901319DF8ACE8A86
:10D58000F601EA5BFF4F80819181A281B381009710
:10D59000A105B105D1F135960081118130E020E07F
:10D5A000C090FA18D090FB18E090FC18F090FD188D
:10D5B000C016D106E206F3061CF080E090E0DC0124
:10D5C000EE89FF89ED5AFF4F00811181228133815D
:10D5D000BC01CD01600F711F821F931F0E9494E355
:10D5E0002E893F89265B3F4FD9012C9104C0660FDD
:10D5F000771F881F991F2A95D2F760934402709372
:10D600004502809346029093470280920E199092B1
:10D610000F19A0921019B09211198A809B80AC80CA
:10D62000BD8089288A288B28D1F480910E19909189
:10D630000F19A0911019B09111198A3F9105A105F8
:10D64000B10568F43AEFA32EB12CC12CD12CA092D5
:10D650000E19B0920F19C0921019D0921119409161
:10D660003B0250913C0260913D0270913E02C0909D
:10D670000E19D0900F19E0901019F09011194F3F2A
:10D680002FEF52076207720799F0D701C601B695CE
:10D69000A79597958795481759076A077B0740F420
:10D6A00080933B0290933C02A0933D02B0933E02D4
:10D6B00040913B0250913C0260913D0270913E02CC
:10D6C000009148021091490220914A0230914B0288
:10D6D000DB01CA01C416D506E606F70610F4D70129
:10D6E000C6010097E1E0AE07B10520F08FEF9FEF94
:10D6F000A0E0B0E0081719072A073B0710F4D9018A
:10D70000C801C81AD90AEA0AFB0AC0920E19D092B7
:10D710000F19E0921019F09211190F3FFFEF1F0738
:10D720002F073F0761F0081B190B2A0B3B0B0093D7
:10D7300048021093490220934A0230934B024F3F14
:10D740002FEF52076207720761F0481B590B6A0BF3
:10D750007B0B40933B0250933C0260933D027093DD
:10D760003E02F8942091840030918500205F3F4F65
:10D77000498141504983442309F462C4280E391E6B
:10D780002216330608F4E7C83092890020928800F8
:10D79000789467960FB6F894DEBF0FBECDBFDF91C9
:10D7A000CF911F910F91FF90EF90DF90CF90BF909E
:10D7B000AF909F908F907F906F905F904F903F9031
:10D7C0002F90089550E04E81682FC92E8A2FAF8187
:10D7D000F885E9857A853B852C859D853091A6174E
:10D7E000369FE12D77272091A717269FE00D711D09
:10D7F0001090A817169E700D3C9DE00D711D2C9D7C
:10D80000700D389F700DAE2FF72FAE9F312D222750
:10D810009927A79F300D211D951FFE9F300D211DBB
:10D82000951FF79F200D911DA22FF92FAE9F412D1F
:10D8300022279927A79F400D211D951FFE9F400D70
:10D84000211D951FF79F200D911DA22FF92F332722
:10D850006091B417C090B5178091B61700903A0642
:10D86000052A09F484C0209136062A9F3119650BD8
:10D87000C50A850B909137069A9F30196109C50A30
:10D88000850B409138064A9F6019C108850B2F9F70
:10D8900030196109C50A850B9F9F6019C108850B66
:10D8A0004F9FC0188109AE9F412D22279927A79F1E
:10D8B000400D211D951FFE9F400D211D951FF79FB7
:10D8C000200D911DA22FF92F209132062A9F310D94
:10D8D000651FC51E851F909133069A9F300D611DEF
:10D8E000C51E851F409134064A9F600DC11C851FCF
:10D8F0002F9F300D611DC51E851F9F9F600DC11C90
:10D90000851F4F9FC00C811DAE9F412D2227992757
:10D91000A79F400D211D951FFE9F400D211D951FA6
:10D92000F79F200D911DA22FF92F20912E062A9FDF
:10D930003119650BC50A850B90912F069A9F3019F6
:10D940006109C50A850B409130064A9F6019C108DC
:10D95000850B2F9F30196109C50A850B9F9F6019A0
:10D96000C108850B4F9FC01881090C9439ED209197
:10D9700036062A9F310D651FC51E851F90913706FB
:10D980009A9F300D611DC51E851F409138064A9F24
:10D99000600DC11C851F2F9F300D611DC51E851F89
:10D9A0009F9F600DC11C851F4F9FC00C811DAE9FA6
:10D9B000412D22279927A79F400D211D951FFE9FCE
:10D9C000400D211D951FF79F200D911DA22FF92FAE
:10D9D000209132062A9F3119650BC50A850B90915B
:10D9E00033069A9F30196109C50A850B40913406A8
:10D9F0004A9F6019C108850B2F9F30196109C50A1C
:10DA0000850B9F9F6019C108850B4F9FC018810926
:10DA1000AE9F412D22279927A79F400D211D951FBD
:10DA2000FE9F400D211D951FF79F200D911DA22FD8
:10DA3000F92F20912E062A9F310D651FC51E851FC7
:10DA400090912F069A9F300D611DC51E851F409134
:10DA500030064A9F600DC11C851F2F9F300D611D30
:10DA6000C51E851F9F9F600DC11C851F4F9FC00C49
:10DA7000811D11244E83AF83F887E9877A873B871E
:10DA80002C879D87DC2CC62EF12CE82E93CBAE89FB
:10DA9000BF89D196CD90DD90ED90FC90D4978ACB44
:10DAA0004091F6185091F7186091F8187091F91894
:10DAB000481759076A077B0708F040C28091F5189C
:10DAC0008111AAC0EE89FF89EF5BFF4FE080F180F2
:10DAD00002811381EE89FF89E95AFF4F208131814C
:10DAE00042815381EE89FF8961A972A983A994A912
:10DAF0000E9491C2F1E0F093F518AE89BF89D196EA
:10DB0000CD90DD90ED90FC90D497C701B6010E94B6
:10DB1000399A4B015C018091F1189091F218A09113
:10DB2000F318B091F418880D991DAA1DBB1D8093A0
:10DB3000F1189093F218A093F318B093F418E091B1
:10DB40001219F0911319FF8BEE8BEA5BFF4F4080A7
:10DB5000518062807380411451046104710409F49E
:10DB600088CBEE89FF89E35BFF4F80819181B0E034
:10DB7000A0E04091FA185091FB186091FC18709148
:10DB8000FD1884179507A607B7070CF05BC2C414ED
:10DB9000D504E604F70409F46CCBC414D504E604F8
:10DBA000F70408F059C2C301B2016C197D098E094E
:10DBB0009F0911E00E9494E32E893F89265B3F4F25
:10DBC000D9012C9104C0660F771F881F991F2A95D1
:10DBD000D2F760934402709345028093460290937B
:10DBE000470280916F1883FB992790F9191709F460
:10DBF00040CBB8E08B2780936F188091F018819507
:10DC00008093F0180000C414D504E604F70408F06B
:10DC100093C1169800002DCB8091F1189091F218C5
:10DC2000A091F318B091F418EE89FF8941AD52AD7F
:10DC300063AD74AD84179507A607B70708F072C1E6
:10DC40000097A105B10549F4C090B417D090B5175D
:10DC5000E090B617F090B71758CF50E04E85282FB8
:10DC6000C92E8A2FFF85E88979896A893B899C8931
:10DC7000AD893091A617329F712D66279091A71715
:10DC8000929F700D611D1090A817129E600D3C9D13
:10DC9000700D611D9C9D600D389F600DF72FE62F64
:10DCA000F79F312D9927AA27F69F300D911DA51FAB
:10DCB000E79F300D911DA51FE69F900DA11DF92F27
:10DCC000EA2FF79F412D9927AA27F69F400D911D16
:10DCD000A51FE79F400D911DA51FE69F900DA11D5B
:10DCE000F92FEA2F33272091B417C090B5178091F0
:10DCF000B61700903A06052A09F484C090913606BA
:10DD00009F9F3119250BC50A850BA0913706AF9F40
:10DD100030192109C50A850B409138064F9F2019FB
:10DD2000C108850B9E9F30192109C50A850BAE9F3E
:10DD30002019C108850B4E9FC0188109F79F412DFE
:10DD40009927AA27F69F400D911DA51FE79F400D1B
:10DD5000911DA51FE69F900DA11DF92FEA2F90910F
:10DD600032069F9F310D251FC51E851FA0913306CA
:10DD7000AF9F300D211DC51E851F409134064F9F5A
:10DD8000200DC11C851F9E9F300D211DC51E851FA6
:10DD9000AE9F200DC11C851F4E9FC00C811DF79F9B
:10DDA000412D9927AA27F69F400D911DA51FE79F9A
:10DDB000400D911DA51FE69F900DA11DF92FEA2F83
:10DDC00090912E069F9F3119250BC50A850BA091B6
:10DDD0002F06AF9F30192109C50A850B40913006E7
:10DDE0004F9F2019C108850B9E9F30192109C50A34
:10DDF000850BAE9F2019C108850B4E9FC018810965
:10DE00000C9484EF909136069F9F310D251FC51EFF
:10DE1000851FA0913706AF9F300D211DC51E851FA0
:10DE2000409138064F9F200DC11C851F9E9F300DCD
:10DE3000211DC51E851FAE9F200DC11C851F4E9F35
:10DE4000C00C811DF79F412D9927AA27F69F400DF1
:10DE5000911DA51FE79F400D911DA51FE69F900DE9
:10DE6000A11DF92FEA2F909132069F9F3119250BA2
:10DE7000C50A850BA0913306AF9F30192109C50A49
:10DE8000850B409134064F9F2019C108850B9E9F3A
:10DE900030192109C50A850BAE9F2019C108850BD1
:10DEA0004E9FC0188109F79F412D9927AA27F69FF9
:10DEB000400D911DA51FE79F400D911DA51FE69FD9
:10DEC000900DA11DF92FEA2F90912E069F9F310DE5
:10DED000251FC51E851FA0912F06AF9F300D211D48
:10DEE000C51E851F409130064F9F200DC11C851F08
:10DEF0009E9F300D211DC51E851FAE9F200DC11C8C
:10DF0000851F4E9FC00C811D11244E87FF87E88B13
:10DF1000798B6A8B3B8B9C8BAD8BDC2CC22EF12CCE
:10DF2000E82EF3CD2E893F89295A3F4FD901CD9054
:10DF3000DD90ED90FC90E9CD169A6CCE8091400278
:10DF400090914102A0914202B0914302B7FF3EC0BE
:10DF5000EE89FF89E15BFF4F60817181828193814E
:10DF60000E94399A6093400270934102809342026A
:10DF70009093430280901219909013199F8A8E8A71
:10DF8000F401EA5BFF4F80819181A281B381892BEB
:10DF90008A2B8B2BD9F03996608171818281938194
:10DFA0000E9494E39401265B3F4FD9012C9104C059
:10DFB000660F771F881F991F2A95D2F76093440236
:10DFC00070934502809346029093470280904002EE
:10DFD00090904102A0904202B09043020C9439E923
:10DFE0008E899F8945960E9477E3109213191092AB
:10DFF00012191092B8179091B7138091B81398170F
:10E0000031F08091B8138F5F87708093B813CC2460
:10E01000CA94DC2C7601C0924802D0924902E09268
:10E020004A02F0924B02C0924402D0924502E09222
:10E030004602F09247020C9440E982600C9488E911
:10E040001901A2CB412C512C3201C114D104E1049D
:10E05000F10411F40C9439E9C701B601641975098A
:10E060008609970910E0A6CD23EA37E142E050E0A7
:10E07000BC018FE897E10C94BC3A23EA37E144E015
:10E0800050E0BC018FE897E10C94BC3A23EA37E1F9
:10E0900041E050E0BC018FE897E10C94BC3A23EAE0
:10E0A00037E141E050E0BC018FE897E10C94BC3AC5
:10E0B00023EA37E14CE050E0BC018FE897E10C9493
:10E0C000BC3ABC018BE39EE20E94B84088E39EE22A
:10E0D0000C949B320E94B8408AE00C9494321F93B7
:10E0E000CF93DF93182FEB010E94563680E59FE215
:10E0F0000E949B328CE39FE2113011F482E49FE294
:10E100000E949B32BE0188E49FE2DF91CF911F9174
:10E110000C946AF0EF92FF920F931F93CF93DF93CB
:10E120001F921F92CDB7DEB72091971524FF38C0FC
:10E130007C01BC0182E00E946FF010928E158091EC
:10E140009715877F8B7F809397150E9491CFA701AA
:10E15000BE016F5F7F4F80E00E947C7D8C01C70114
:10E160000115110539F169817A8126E5A8018BEF46
:10E1700096E10E949CD08823E1F080919715816000
:10E1800080939715C8010E946ED010928B15B8012C
:10E190008AE29FE20E946AF060E0C8010F94DD2EDF
:10E1A0000F900F90DF91CF911F910F91FF90EF9003
:10E1B0000895C8010E9461F0F3CFCF939091971515
:10E1C00094FF20C090919F1591111CC02AE58111E8
:10E1D00021E0C82F49E553E067EB75E18CE995E153
:10E1E0000E949CD0811105C089E593E0CF910C94E9
:10E1F00061F0C11107C069E573E08AE29FE2CF9147
:10E200000C946AF0CF910895FF920F931F93CF93D0
:10E21000DF93CDB7DEB76D970FB6F894DEBF0FBEB4
:10E22000CDBF2091971524FF2AC0AC01BE01645ECA
:10E230007F4F80E00E947C7D8C01009701F16C8D06
:10E240007D8D19821C8222E0AC01CE0101960E94D4
:10E250009CD0811120C0F12CCE0101960E94BD28D6
:10E26000B801FF2069F189EF9EE20E946AF01092E6
:10E2700093151092941510929515109296156D960F
:10E280000FB6F894DEBF0FBECDBFDF91CF911F91C7
:10E290000F91FF900895CE0101960E94E87C88239B
:10E2A000D1F261E0CE0101960E9478CB009799F2FD
:10E2B00025EEFC0120831C820E94BBBFF82ECCCF30
:10E2C00081EE9EE20E94B8408EED9EE20E949B325B
:10E2D000D6CF0E94C8D3882331F00E948D2889E5CB
:10E2E00093E00C9404F108952F923F924F925F9225
:10E2F0006F927F928F929F92AF92BF92CF92DF9256
:10E30000EF92FF920F931F93CF93DF93CDB7DEB7BA
:10E31000CA55D1090FB6F894DEBF0FBECDBF4C0170
:10E320007B01542E69012DB73EB76B963FAF2EAFE0
:10E330006B97342F3170432EBE016F5F7F4FC40146
:10E340000E940C7B18160CF0CAC08C858871803135
:10E3500009F0E8C06DB67EB610E000E0E114F1040B
:10E3600039F0F70101900020E9F78F010E191F091C
:10E37000C8010D962DB73EB7281B390B0FB6F89480
:10E380003EBF0FBE2DBF8DB79EB701965C01080F33
:10E39000191FE114F10439F0B7010F941A488FE204
:10E3A000F80131978083BE016F5F7F4FC8010E94E3
:10E3B0001DC819A21CA221E0A801B401CE018196BA
:10E3C0000E949CD0882309F47AC0442009F461C0DB
:10E3D000EDB7FEB76996FFAFEEAF699710E000E0CA
:10E3E000C114D10439F0F60101900020E9F78F0142
:10E3F0000C191D09EFE4F2E101900020E9F7CF01CB
:10E40000800F911F8F5492412DB73EB7281B390BB7
:10E410000FB6F8943EBF0FBE2DBF8DB79EB70196C5
:10E420001C01080F191FC114D10439F0B6010F9453
:10E430001A488FE2F801319780836FE472E1C801D6
:10E440000F941A488BE1FE01B196DE01DC96019033
:10E450000D928A95E1F79101452DB501CE01CC963B
:10E460000E9474F1CE01CC960E94BD286996EEAD53
:10E47000FFAD69970FB6F894FEBF0FBEEDBFCE019A
:10E4800081960E94BD280FB6F8947EBE0FBE6DBE69
:10E4900053CF8BE1FE01B196DE01DC9601900D9227
:10E4A0008A95E1F730E020E0452DB501CE01CC960C
:10E4B0000E9474F1CE01CC960E94BD28E0CF0E944C
:10E4C0005636B80189EB9DE20E946AF0CE01819632
:10E4D0000E94BD280FB6F8947EBE0FBE6DBE6B962F
:10E4E0002EAD3FAD6B970FB6F8943EBF0FBE2DBF5C
:10E4F000C65ADF4F0FB6F894DEBF0FBECDBFDF9117
:10E50000CF911F910F91FF90EF90DF90CF90BF9030
:10E51000AF909F908F907F906F905F904F903F90C3
:10E520002F900895CE0101960E9400C8882309F417
:10E5300003CFE114F10431F0C7010E9430C78FE22C
:10E540000E949432BE016F5F7F4F82E492E10E948D
:10E550001DC80E9430C780E20E9494326D8D7E8D6E
:10E560008F8D98A10E94877A4420A1F080E20E94BA
:10E570009432C114D10431F0C6010E9430C78FE239
:10E580000E94943280914F12811108C082E492E17E
:10E590000E9430C78AE00E949432CECE8FE492E18E
:10E5A000F7CFEF92FF920F931F93CF93DF931F92BA
:10E5B0001F92CDB7DEB77C018091971584FD04C012
:10E5C000C7010E9461F05FC0613009F46CC008F4BB
:10E5D00063C0623009F4C0C080919715877F8B7F3C
:10E5E000809397150E9491CFA701BE016F5F7F4F67
:10E5F00081E00E947C7D8C01009711F369817A8112
:10E6000021E0AC018BEF96E10E949CD0882309F4B5
:10E61000AAC080910C1790910D17A0910E17B09180
:10E620000F1780938F1590939015A0939115B09329
:10E6300092151092931510929415109295151092B0
:10E640009615B80186E69EE20E94B84040918F156B
:10E650005091901560919115709192158EE59EE202
:10E660000F94C60F8FE49EE20E949B32C8010E9465
:10E670006ED080914F12882311F00FE412E160E018
:10E68000C8010F94DD2E0F900F90DF91CF911F9155
:10E690000F91FF90EF900895B70182E00E946FF014
:10E6A00010928E1599CF0E94682D811105C0B70177
:10E6B00081E00E946FF090CF80918E15882379F0D1
:10E6C0000E94433461E070E08FEB9EE20E94F639D5
:10E6D00040E070E060E08EEA9EE20E94983E8AEEA2
:10E6E00097E10E9441CFE0918E1584E0E89FF00110
:10E6F0001124EA51F84E8091931590919415A091B0
:10E700009515B091961580839183A283B3830E945F
:10E710005636B70185E99EE20E94B84060918E1599
:10E7200089E6689FB00111246651784E8AE89EE21E
:10E730000E94B840409193155091941560919515A1
:10E740007091961584E89EE20F94C60F80918E1505
:10E750008F5F80938E1540CF0E94563684E79EE2ED
:10E760000E949B3239CFC8012CCF2F923F924F92FB
:10E770005F926F927F928F929F92AF92BF92CF9251
:10E78000DF92EF92FF920F931F93CF93DF93CDB75A
:10E79000DEB7C958D1090FB6F894DEBF0FBECDBFA2
:10E7A0002DB73EB7C857DF4F39832883C858D040AC
:10E7B00001E023EA37E144E050E0BE0163587F4FB7
:10E7C0008FE897E10E94672E43E050E0BE01635856
:10E7D0007F4F85E593E00F942148892B09F456C0BB
:10E7E000C058DF4F8881C058D040882339F08FE36C
:10E7F000EE968FAFEE97EF961FAEEF970E945636CC
:10E80000BE0163587F4F8BE492E20E94B8408DE3D3
:10E8100092E20E949B3288E292E20E948B3E81E06B
:10E820008093A5178091A217811107C08091BF180E
:10E83000833018F080E00F941E219091A51781E09D
:10E840008927C857DF4F28813981C858D0400FB673
:10E85000F8943EBF0FBE2DBFC757DF4F0FB6F894D9
:10E86000DEBF0FBECDBFDF91CF911F910F91FF9003
:10E87000EF90DF90CF90BF90AF909F908F907F9060
:10E880006F905F904F903F902F90089501E023EAA2
:10E8900037E142E050E0BE016F577F4F8FE897E1CC
:10E8A0000E94672EED961CAE1DAE1EAE1FAEED97FC
:10E8B0001092A4171092A317CE018D579F4F0E945C
:10E8C000C1C3ADB6BEB6CD57DF4FC880C358D04028
:10E8D000D12C33E0C30ED11CCC0CDD1CCC0CDD1CC8
:10E8E0008DB79EB78C199D090FB6F8949EBF0FBEC9
:10E8F0008DBFEDB7FEB73196CA57DF4FF983E88376
:10E90000C658D0402DB73EB72C193D090FB6F89424
:10E910003EBF0FBE2DBF8DB79EB701964C01EDB720
:10E92000FEB7EC19FD090FB6F894FEBF0FBEEDBFA0
:10E930002DB73EB72F5F3F4F7901B601CA57DF4F62
:10E9400088819981C658D0400E9430FA0091A21760
:10E9500081E0082723EA37E144E050E069E07DE008
:10E960008FE897E10E94672EB601C4010E9430FA39
:10E97000B601C7010E9430FA0091A217011157C0D9
:10E98000CD57DF4F8881C358D04090E00296A9EF61
:10E99000BCE050E040E030E020E064E272E2E4E11C
:10E9A000CE2EE2E2DE2E821793070CF4C8C0CA57BF
:10E9B000DF4FE881F981C658D040E40FF51F408051
:10E9C0005180628073804D925D926D927D9282172C
:10E9D00093070CF4BAC0F401E40FF51F20803180D6
:10E9E0001281E3812101612E7E2E50964D925D921F
:10E9F0006D927C925397821793070CF4AFC0F70186
:10EA0000E40FF51F208031801281E3812101612E06
:10EA10007E2E90964D925D926D927C9293972F5F91
:10EA20003F4F4C5F5F4F2430310509F0BCCF8DE282
:10EA30009DE00E94B1C381E39DE00E94B1C385E3E4
:10EA40009DE00E94B1C389E39DE00E94B1C38DE3C4
:10EA50009DE00E94B1C381E0082723EA37E140E14D
:10EA600050E06EE877E08FE897E10E94672ECE01D4
:10EA700087589F4F0E94B1C30FB6F894BEBE0FBE19
:10EA8000ADBE82E798E10E9491C3CE0183599F4FAA
:10EA90000E9471C3CE0101967C010E94B1C3CE01D8
:10EAA0008C579F4F0E9451C38091A21781111AC0A9
:10EAB000AE968FADAE9780939E0789819A81AB8188
:10EAC000BC818093AE179093AF17A093B017B0930B
:10EAD000B117CC57DF4F8881C458D0408093B3170B
:10EAE0000E942A2D8EE997E10E94B1C382E592E04F
:10EAF0000E94A1C380E592E00E94A1C384E592E058
:10EB00000E94B1C3CE0187589F4F0E94B1C3C70175
:10EB10000E94C1C3CE0183599F4F0E94C1C3098186
:10EB2000AE968FADAE97089F800111240150110958
:10EB3000F8F0CE0187589F4F0E94B1C3F7CFFB0179
:10EB400045905590659074903ECFF6014590559054
:10EB5000659074901201162DE72D44CFE4E0F2E2A7
:10EB600045905590659074901201162DE72D4ECF6B
:10EB700086EA93E10E9491C31AE01150CE0129F078
:10EB800087589F4F0E94B1C3F8CF8C579F4F0E9468
:10EB9000C1C3CE018B579F4F0E94C1C3C7010E94C2
:10EBA00081C3CE0183599F4F0E9481C3CC57DF4F51
:10EBB0000881C458D040053009F0EAC1CB57DF4F77
:10EBC0008881C558D040853009F0E2C18091A217F4
:10EBD000811102C00E94032ABE0163597F4FC70101
:10EBE0000E947C2C0091A21781E0082723EA37E1DC
:10EBF00044E650E064E97CE08FE897E10E94672EEC
:10EC0000C7010E9471C3CE0183599F4F0E9451C317
:10EC10000091A21711E0012723EA37E144E050E018
:10EC2000B7018FE897E10E94672E81E798E10E9483
:10EC300071C383E89CE00E9471C30091A217012771
:10EC400023EA37E144E150E0B7018FE897E10E9401
:10EC5000672E0091A21701113AC089809A80AB807B
:10EC6000BC80A5019401C501B4010F94B347811183
:10EC70002EC049845A846B847C846D817E818F810F
:10EC8000988580924E1390924F13A0925013B09299
:10EC900051132CEA35EC47E25EE30F94433E609358
:10ECA00052137093531380935413909355132CEA7B
:10ECB00035EC47E25EE3C301B2010F94BB456093BC
:10ECC0005613709357138093581390935913C70199
:10ECD0000E94A1C3C7010E9461C301113AC089808B
:10ECE0009A80AB80BC80A5019401C501B4010F944A
:10ECF000B34781112EC049845A846B847C846D8112
:10ED00007E818F8198858092221390922313A09206
:10ED10002413B09225132CEA35EC47E25EE30F94FE
:10ED2000433E609326137093271380932813909388
:10ED300029132CEA35EC47E25EE3C301B2010F94DC
:10ED4000BB4560932A1370932B1380932C139093DD
:10ED50002D13C7010E9461C3C7010E9451C3C7019F
:10ED60000E9451C3C7010E9451C385E0F70111926F
:10ED70008A95E9F781E0082723EA37E145E050E08A
:10ED8000B7018FE897E10E94672EC7010E9471C307
:10ED90000091A217011103C089818093590C11E0E1
:10EDA000012723EA37E140E250E0B7018FE897E11D
:10EDB0000E94672ECE0183599F4F0E9471C300911C
:10EDC000A217012723EA37E149E050E0B7018FE8B5
:10EDD00097E10E94672E0091A21701110FC089814F
:10EDE00080939D178A819B81AC81BD818093991707
:10EDF00090939A17A0939B17B0939C1711E001274B
:10EE000023EA37E142E150E0B7018FE897E10E9441
:10EE1000672E0091A217012723EA37E144E250E070
:10EE2000B7018FE897E10E94672E0091A217012792
:10EE300023EA37E140E150E0B7018FE897E10E9413
:10EE4000672E0091A217012723EA37E142E050E044
:10EE5000B7018FE897E10E94672EC7010E94B1C3F6
:10EE60000091A21701110CC089819A81AB81BC81EC
:10EE70008093830790938407A0938507B0938607B8
:10EE800011E0012723EA37E140E150E0B7018FE8C4
:10EE900097E10E94672E0091A217012723EA37E12C
:10EEA0004CE650E0B7018FE897E10E94672E009191
:10EEB000A217012723EA37E148E050E061E977E152
:10EEC0008FE897E10E94672EC7010E9491C3CE018F
:10EED0008C579F4F0E9451C3CE0183599F4F0E9470
:10EEE000B1C380E3F70111928A95E9F70091A21767
:10EEF000012723EA37E140E350E0B7018FE897E1CB
:10EF00000E94672E8091A217811114C08CE0F70136
:10EF1000DE01A359BF4F01900D928A95E1F78981D7
:10EF20009A810C9709F446C081E291E20E949B32DB
:10EF30000F94DE0F80918F17909190178F3293402E
:10EF400009F499C00E9443348BE090E20E949B3206
:10EF500081E08093A5170E94563660918F177091BB
:10EF600090176456710980EF91E20E94E9396BECC9
:10EF700072E088EE91E20F94D90F8091A21781116F
:10EF800051CC8091A51781114DCC0F9456084ACCD5
:10EF9000CB57DF4F8881C558D040089F800111248E
:10EFA0000150110908F42CCECE0187589F4F0E94C2
:10EFB000B1C3F6CF8B81813019F08BED90E2B6CFE3
:10EFC00085EB90E20E949B328CE0FE01E359FF4FFB
:10EFD000A7EEB7E001900D928A95E1F76091F007F6
:10EFE0008FE990E20E9461416091EF078CE890E226
:10EFF0000E9461416091F1077091F20784E790E20D
:10F000000E94F6391091EC0780E690E20E949B3254
:10F01000612F110F770B880B990B0E94F17A8AE010
:10F020000E9494326091ED077091EE078EE490E2B9
:10F030000E94F6391091EA0788E390E20E949B3221
:10F04000612F70E090E080E00E94F17A8AE00E94F7
:10F0500094321091EB0783E290E20E949B32612F81
:10F0600070E090E080E00E94F17A8AE00E949432A1
:10F070000F942F1C5FCF1092A5172091A3173091EA
:10F08000A417CF57DF4F88819981C158D0402817E6
:10F09000390701F181E08093A5170E944334CF57CF
:10F0A000DF4F68817981C158D04088EC91E20F949C
:10F0B000BA0F6091A3177091A41783EC91E20F949B
:10F0C000BA0F83EB91E20E949B3282EA91E20E94A6
:10F0D0008B3E53CF8091A21781114FCF0E9456369D
:10F0E00085E593E00E9430C760918F17709190176B
:10F0F0006456710985E891E20E94E939C090A3172E
:10F10000D090A417F12CE12C88E791E20E949B3269
:10F11000C701B6010E94877A85E791E20E949B327F
:10F120008BE591E2D4CF9F92AF92BF92CF92DF92C4
:10F13000EF92FF920F931F93CF93DF9300D01F9214
:10F140001F92CDB7DEB7EAEFF5E30027BB27462FC6
:10F15000572FA82FAA2341F4A52F542FB85FAA2315
:10F1600019F4A52F5527B85FA03138F45295A29510
:10F17000452F4F70507FA42BBC5FA03428F4550F4F
:10F18000AA1F550FAA1FBE5FA03818F4550FAA1F5B
:10F19000B395550FAA1FEA0FF01F449151E0AA271B
:10F1A000B85081F1C8F0B0FF02C0440F551FB1FF45
:10F1B00004C0440F551F440F551FB2FF06C052959F
:10F1C0004295142F1F70407F512BB3FF1BC0A52FFA
:10F1D000542F44270C9402F9B195B0FF02C0559505
:10F1E0004795B1FF04C05595479555954795B2FF92
:10F1F00005C05295407F4295452B5F70B3FF02C01A
:10F20000452F5527DD24CC24BB24B2E0649FD018C1
:10F21000C108B00AB00B749FC018B108B00B849F2E
:10F22000B018B109659FC018B108B00B759FB01830
:10F23000B109859FB0196A9FB018B1097A9FB019BA
:10F240004D9DA12C99243327992722275D9DA00C41
:10F25000911C301F901F201FAD9D900C311D901FE1
:10F26000201F4C9DA00C911C301F901F201F5C9DE7
:10F27000900C311D901F201FAC9D300D911D201F43
:10F280004B9D900C311D901F201F5B9D300D911DDB
:10F29000201FAB9D900D211D4B9F300D911D201FF8
:10F2A0005B9F900D211DAB9F200DB1E0BB24CC24B2
:10F2B000DD24639FD018C108B00AB00B739FC0183B
:10F2C000B108B00B839FB018B109699FC018B1088D
:10F2D000B00B799FB018B109899FB019629FB0181F
:10F2E000B109729FB019D61AC70AB80A20F0B1E066
:10F2F0003B0F901F201F1124792F632F90E0822F46
:10F300000F900F900F900F900F90DF91CF911F9162
:10F310000F91FF90EF90DF90CF90BF90AF909F90B4
:10F320000895FC017081472F50E0062E02C05595CC
:10F3300047950A94E2F740FF14C04091891950E0C4
:10F34000062E02C0559547950A94E2F740FF09C082
:10F3500021E030E001C0220F6A95EAF720952723CB
:10F36000208308958091A70B811106C081E09091C0
:10F37000A80B93300CF480E008958091B71390911E
:10F38000B813891B877089F48091550E81110DC0C7
:10F390008091DF079091E007892B39F481E090910B
:10F3A0007E18911103C080E0089581E00895CF9305
:10F3B000C82FCB010E949B3280E693E30E949B32D0
:10F3C00081E593E3CC2311F086E593E3CF910C9490
:10F3D0002C3BCF93DF93C0917B19D0917C19DF77C1
:10F3E000209759F58091971583FD2BC00E94682DB9
:10F3F000882319F180918F1590919015A091911506
:10F40000B09192150097A105B105B9F0BC01CD01ED
:10F41000615F784D8F4F9F4F20E137E240E050E031
:10F420000F942144609193157091941580919515D6
:10F43000909196150F942144E901CE01DF91CF916F
:10F440000895C0E1D7E2F9CF84E690E09093901759
:10F4500080938F171092A4171092A3170C94B5F3F2
:10F460000F93AB010091A21721E0022723EA37E1B5
:10F47000BC018FE897E10E94672E0F910895CF930A
:10F48000DF9300D01F92CDB7DEB780915C18882340
:10F49000A9F083E390E09C838B831A8219829E01FA
:10F4A0002F5F3F4F40E150E06DE578E1CE010396DC
:10F4B0000E94BC3A8FE098E30E942C3B0F900F9083
:10F4C0000F900F90DF91CF910895CF93DF9300D0ED
:10F4D0001F921F92CDB7DEB781E080935C1880E168
:10F4E000EDE5F8E1DF011D928A95E9F70E943FFA08
:10F4F00086E18D8382E390E09C838B831A8219825C
:10F500009E012F5F3F4F41E050E0BE016B5F7F4F98
:10F51000CE0103960E94BC3A0F900F900F900F906F
:10F520000F90DF91CF9108954F925F926F927F92EB
:10F530008F929F92AF92BF92CF92DF92EF92FF9203
:10F54000CF93DF9300D000D0CDB7DEB79E838D83FD
:10F550000E947B2A4B015C01AD81BE8118964D90C3
:10F560005D906D907C901B97AC019B01C301B20133
:10F570000F94C0446B017C0180917E0C90917F0CB4
:10F58000A091800CB091810C89839A83AB83BC835A
:10F5900020E030E0A901BC01CD010F94DD3D8823BE
:10F5A00049F020E030E0A901C701B6010F94DD3D2C
:10F5B0001816ECF0AD81BE811896CD92DD92ED92D9
:10F5C000FC921B9726960FB6F894DEBF0FBECDBFF8
:10F5D000DF91CF91FF90EF90DF90CF90BF90AF90F1
:10F5E0009F908F907F906F905F904F9008952981AA
:10F5F0003A814B815C81C301B2010F94214787FF9F
:10F60000E1CF2091790C30917A0C40917B0C509194
:10F610007C0CC501B4010F94433E9B01AC0160E03A
:10F6200070E080E89FE30F94C0449B01AC01C701E8
:10F63000B6010F94BB45ED81FE816087718782879B
:10F640009387C0CF8C3221E0920714F08CE291E0D6
:10F6500090933713809336130C94C328CF93DF9382
:10F6600080918A19811119C0C0916802D0916902F4
:10F67000219720E030E040E05FE360913213709129
:10F68000331380913413909135130F94C1440F9428
:10F690002D4621E06C177D070CF020E0822FDF91D2
:10F6A000CF9108958F929F92AF92BF92CF92DF92A7
:10F6B000EF92FF920F931F93CF93DF93EC018A0198
:10F6C000072E000C880B990B0F94E43D4B015C0155
:10F6D000C880D980EA80FB80A70196010F9421475A
:10F6E00018162CF488829982AA82BB8210C0B801B5
:10F6F000110F880B990B0F94E43D4B015C01AC0199
:10F700009B01C701B6010F94214718165CF3DF91E6
:10F71000CF911F910F91FF90EF90DF90CF90BF900E
:10F72000AF909F908F900895AF92BF92CF92DF924B
:10F73000EF92FF920F931F93CF93DF93C9EFDCE01B
:10F740000FE617E089E0A82E8DE0B82EC12CD12C51
:10F750007601C39469917991899199910F94E23DD1
:10F76000288939894A895B890F94433E0F9434462E
:10F77000F80161937193819391938F01C616D70617
:10F78000E806F90610F46B017C01AC16BD0611F712
:10F790006FEF7FEFCB01A70196010F9421442093D7
:10F7A0007F07309380074093810750938207DF9152
:10F7B000CF911F910F91FF90EF90DF90CF90BF906E
:10F7C000AF9008950F931F93CF93DF930DE01DE04B
:10F7D000CAE2D2E1F80121913191419151918F0119
:10F7E00060E070E080E89FE30F94BB4569937993F4
:10F7F00089939993F2E1CA33DF0761F70E94FC888D
:10F80000DF91CF911F910F910C9494FB9091B713BE
:10F810008091B813981306C080918707909188074C
:10F82000892B21F080E00E94F64BF0CF0895909153
:10F83000B7138091B813981308C0809187079091EF
:10F840008807892B11F40C9461E480E00E94F64B48
:10F85000EECF8F929F92AF92BF92CF92DF92EF92B4
:10F86000FF92CF93DF9320917D0C222309F482C075
:10F87000EC0180907E0C90907F0CA090800CB0905A
:10F88000810C20E030E0A901C501B4010F94DD3DF9
:10F89000882309F47AC0C884D984EA84FB8420E0F0
:10F8A00030E0A901C701B6010F94DD3D18160CF038
:10F8B0006CC0A7019601C501B4010F94DD3D181677
:10F8C0000CF058C02091750C3091760C4091770C5B
:10F8D0005091780CC701B6010F94DD3D882321F1CA
:10F8E000C092750CD092760CE092770CF092780C66
:10F8F0002091790C30917A0C40917B0C50917C0CCA
:10F90000C701B6010F94433E9B01AC0160E070E07B
:10F9100080E89FE30F94C044609364027093650293
:10F920008093660290936702C0906402D090650253
:10F93000E0906602F090670220E030E0A901C70184
:10F94000B6010F94DD3D8823A9F0CE010E947B2AE9
:10F950009B01AC01C701B6010F94433E9B01AC0172
:10F96000688579858A859B850F94C14468877987E6
:10F970008A879B87DF91CF91FF90EF90DF90CF90A8
:10F98000BF90AF909F908F900895C12CD12C80E8AC
:10F99000E82E8FE3F82ED9CFCF92DF92EF92FF922D
:10F9A00080919D17882309F457C0C0909917D09073
:10F9B0009A17E0909B17F0909C1720E030E0A90187
:10F9C000C701B6010F94DD3D882309F445C020E04E
:10F9D00030E040E05FE3C701B6010F94433E9B0176
:10F9E000AC010F94433E2BED3FE049E450E40F940B
:10F9F000433E9B01AC0160E070E080E89FE30F9420
:10FA0000BB456B017C01C0928A07D0928B07E092C4
:10FA10008C07F0928D0760912B0270912C02072EBB
:10FA2000000C880B990B0F94E43D2AE037ED43E27C
:10FA30005CE30F94433EA70196010F94433E60930D
:10FA40002702709328028093290290932A02FF9044
:10FA5000EF90DF90CF900895C12CD12C80E8E82E54
:10FA60008FE3F82ED0CF2F923F924F925F926F92FA
:10FA70007F928F929F92AF92BF92CF92DF92EF923E
:10FA8000FF920F931F93CF93DF93CDB7DEB7A0976D
:10FA90000FB6F894DEBF0FBECDBF1C017B015E83A5
:10FAA0004D83FC01E15BFF4F208131814281538115
:10FAB00029833A834B835C83CA01B9010F94E23DE9
:10FAC0004B015C01D7012D913D914D915C910F94BB
:10FAD000433E0F949F452B013C01ED81FE81208127
:10FAE000318142815381C501B4010F94433E0F948B
:10FAF0009F456B017C01C301B2010F9434466D87B1
:10FB00007E878F87988B683771058105910540F452
:10FB100028E730E040E050E02D873E874F87588B44
:10FB2000C701B6010F9434466D837E838F83988717
:10FB3000683771058105910540F488E790E0A0E001
:10FB4000B0E08D839E83AF83B887D10195962D91C8
:10FB50003D914D915C91989729873A874B875C87B7
:10FB6000F101E55AFF4F60817181828193816115B6
:10FB700071058105910509F4FCC10F94E43D6D8B7D
:10FB80007E8B8F8B988F9B01AC0160E070E080E8EA
:10FB90009FE30F94BB45698F7A8F8B8F9C8F20E0FA
:10FBA00030E040E05FE30F94433E6B017C01A50130
:10FBB0009401C501B4010F94433E2B013C016D81BA
:10FBC0007E818F8198850F94E23D9B01AC010F945B
:10FBD000433E9B01AC01C301B2010F94C044A70195
:10FBE00096010F94433E4B015C016D857E858F85A8
:10FBF00098890F94E23D9B01AC010F94433E6D8FB9
:10FC00007E8F8F8F98A39B01AC01C301B2010F942B
:10FC1000C044A70196010F94433E2B013C010F9471
:10FC20009F450F9434466B017C01C501B4010F94CC
:10FC300063460F943446698B7A8B8B8B9C8BDC01EB
:10FC4000CB018C0D9D1DAE1DBF1D29853A854B85B1
:10FC50005C85281B390B4A0B5B0BDA01C901B7FF26
:10FC600061C069857A858B859C850F94E23DA301EF
:10FC700092010F94C144A50194010F94C04420E067
:10FC800030E040E05FE30F94433E0F949F456B01EB
:10FC90007C0120E030E0A9010F94214718161CF0E8
:10FCA000C12CD12C7601C701B6010F9434466B01EB
:10FCB0007C0189859A85AB85BC858C159D05AE0533
:10FCC000BF0510F46C017D0129853A854B855C8563
:10FCD0002C193D094E095F09298B3A8B4B8B5C8BA4
:10FCE000C701B6010F94E23D4B015C012D893E89AD
:10FCF0004F89588DCA01B9010F94C1449B01AC01D1
:10FD0000C501B4010F94433E2D8D3E8D4F8D58A1FA
:10FD10000F94C1440F946F470F94344669837A83DC
:10FD20008B839C8320E034E244EF59E4698D7A8D23
:10FD30008B8D9C8D0F94433E4B015C0169817A81D0
:10FD40008B819C812D853E854F855889621B730B65
:10FD5000840B950B0F94E23DA50194010F94433E53
:10FD60000F9434462B013C0169817A818B819C81FF
:10FD70002D813E814F815885621B730B840B950B3F
:10FD80000F94E23DA50194010F94433E0F94344635
:10FD90004B015C013FE6431651046104710408F015
:10FDA000F4C0F201EE0FFF1FEE0FFF1FE25CFB4CF1
:10FDB00085919591A591B4918C01AD8BB9874FE652
:10FDC00084169104A104B10408F0E7C0F401EE0F19
:10FDD000FF1FEE0FFF1FE25CFB4C459155916591B3
:10FDE0007491342F252F698F7D8FD1019996CD92F3
:10FDF000DD92ED92FC929C979596CD90DD90ED90E2
:10FE0000FC909897B701A60189899A89AB89BC892A
:10FE1000481B590B6A0B7B0BD1019D964D935D934B
:10FE20006D937C93D097F101ED5AFF4F8D859E85A0
:10FE3000AF85B88980839183A283B383D101D5969E
:10FE40004D925D926D927C92D897F10181AE92AE07
:10FE5000A3AEB4AEFD96008311834D8942835985CC
:10FE60005383349630832183898D82839D8D938340
:10FE700029813A814B815C81D1962D933D934D939D
:10FE80005C93D49776962D813E814F81588520834F
:10FE9000318342835383719780819181A281B381A1
:10FEA000892B8A2B8B2B09F44BC0D10191966D9134
:10FEB0007D918D919C9194970F94E23D20918307C1
:10FEC0003091840740918507509186070F94433EF7
:10FED0004B015C01C701B6010F94E23D9B01AC01EF
:10FEE000C501B4010F94BB456B017C01F101E55BD9
:10FEF000FF4FFA87E98769817A818B819C810F9412
:10FF0000E23DA70196010F94433E0F943446A98524
:10FF1000BA856D937C93F101E35BFF4FFA83E9832C
:10FF20006D817E818F8198850F94E23DA7019601B6
:10FF30000F94433E0F943446A981BA816D937C930C
:10FF4000A0960FB6F894DEBF0FBECDBFDF91CF9164
:10FF50001F910F91FF90EF90DF90CF90BF90AF90E7
:10FF60009F908F907F906F905F904F903F902F90D9
:10FF70000895198E1A8E1B8E1C8E198A1A8A1B8A56
:10FF80001C8AC12CD12C7601CDCEC301B2010E94B6
:10FF900093F88B018D8B998712CFC501B4010E9414
:10FFA00093F8362F272F898F9D8F1FCF8091B713FE
:10FFB0009091B813891B877019F490E080E0089540
:10FFC0009091B413992351F0833030F48FEF890F5F
:10FFD00019F08093B413F1CF1092B4138091B81339
:10FFE00024E7829FC00111248B5F974FFC01208181
:10FFF00020FDE3CF2091B8132F5F27702093B51316
:020000022000DC
:100000003091B8132091B613321304C02091B51368
:100010002093B613089590916F0081E091FD02C086
:1000200080E0089590916F009D7F90936F000895F8
:10003000CF92DF92EF92FF92FC01C080D180E280EC
:10004000F3802091190D30911A0D40911B0D5091A4
:100050001C0DC701B6010F94433E0F942E476093C9
:10006000D5137093D6138093D7139093D813C0925F
:10007000C513D092C613E092C713F092C8139091A3
:10008000B7138091B813981731F0FF90EF90DF907D
:10009000CF900C94C3880E9406FC0F940B004091F3
:1000A000D5135091D6136091D7137091D813409304
:1000B000D2175093D3176093D4177093D517882312
:1000C00031F0FF90EF90DF90CF900C94E92CFF90EF
:1000D000EF90DF90CF9008954F925F926F927F9252
:1000E0008F929F92AF92BF92CF92DF92EF92FF9248
:1000F000CF93DF93EC0180E1FE01A9EBB3E1019026
:100100000D928A95E1F72091190D30911A0D4091C9
:100110001B0D50911C0D6C857D858E859F850F94E0
:10012000433E0F942E476B017C012091150D3091B9
:10013000160D4091170D5091180D688579858A85A7
:100140009B850F94433E0F942E474B015C012091F9
:10015000110D3091120D4091130D5091140D6C81C1
:100160007D818E819F810F94433E0F942E472B01FA
:100170003C0120910D0D30910E0D40910F0D5091CD
:10018000100D688179818A819B810F94433E0F9481
:100190002E476093C9137093CA138093CB13909327
:1001A000CC134092CD135092CE136092CF13709225
:1001B000D0138092D1139092D213A092D313B09205
:1001C000D413C092D513D092D613E092D713F092E5
:1001D000D8139091B7138091B813981781F0DF91DD
:1001E000CF91FF90EF90DF90CF90BF90AF909F9016
:1001F0008F907F906F905F904F900C94C3880E9477
:1002000006FC0F940B00C82F89EC93E10E9477E362
:10021000CC2381F0DF91CF91FF90EF90DF90CF90D2
:10022000BF90AF909F908F907F906F905F904F9016
:100230000C94E92CDF91CF91FF90EF90DF90CF905D
:10024000BF90AF909F908F907F906F905F904F90F6
:100250000895CF92DF92EF92FF92CF93DF93C82F52
:100260000F940B0094E0C99FE0011124FE01EA53B2
:10027000F84EC080D180E280F38081110E94E92C89
:10028000C65DDD4EC701B6010F94E43D288139817A
:100290004A815B810F94433EDF91CF91FF90EF90B5
:1002A000DF90CF900895CF92DF92EF92FF92CF939D
:1002B000DF93C82F0F940B0094E0C99FE001112435
:1002C000FE01E654F84EC080D180E280F3808111B7
:1002D0000E94E92CC65DDD4EC701B6010F94E43DD6
:1002E000288139814A815B810F94433EDF91CF9110
:1002F000FF90EF90DF90CF9008950F940B009091B6
:10030000B8139093B7139093B6139093B51394E6E4
:100310009093B41320ED33E0309388072093870740
:1003200081110E94E92C81E08093B9170895CF9341
:10033000DF9324E0829FC0011124EC01C45AD24F04
:10034000FC01EE58F74E8358964EDC012D913D91FD
:100350004D915C9160817181828193810F94C14440
:10036000688379838A839B83DF91CF910895CF93AC
:10037000DF931F92CDB7DEB7898360E0CE0101968F
:100380000E9491F961E0CE0101960E9491F962E02C
:10039000CE0101960E9491F989810F90DF91CF9152
:1003A00008958F929F92AF92BF92CF92DF92EF9279
:1003B000FF92CF93DF9320910D02222309F48EC088
:1003C000EC0180918919E82E80FF2CC080900F02EB
:1003D00090901002A0901102B090120228813981F1
:1003E0004A815B81C501B4010F942147181624F49A
:1003F00088829982AA82BB8280901B0290901C0204
:10040000A0901D02B0901E02288139814A815B8133
:10041000C501B4010F94DD3D87FF04C08882998235
:10042000AA82BB82E1FE2CC080901302909014023D
:10043000A0901502B09016022C813D814E815F8103
:10044000C501B4010F942147181624F48C829D82B3
:10045000AE82BF8280901F0290902002A090210265
:10046000B09022022C813D814E815F81C501B40193
:100470000F94DD3D87FF04C08C829D82AE82BF82D7
:10048000E2FE2CC0C0901702D0901802E090190232
:10049000F0901A02288539854A855B85C701B60127
:1004A0000F942147181624F4C886D986EA86FB865D
:1004B000C0902302D0902402E0902502F090260202
:1004C000288539854A855B85C701B6010F94DD3DD6
:1004D00087FF04C0C886D986EA86FB86DF91CF9164
:1004E000FF90EF90DF90CF90BF90AF909F908F9054
:1004F00008952F923F924F925F926F927F928F92C8
:100500009F92AF92BF92CF92DF92EF92FF920F93A2
:100510001F93CF93DF93CDB7DEB7AC970FB6F894A8
:10052000DEBF0FBECDBF84E89CE00F94D101809167
:10053000890783FD70C02091580D3091590D40916D
:100540005A0D50915B0D6091900C7091910C8091BF
:10055000920C9091930C0F94DD3D882309F45BC0BD
:100560000E942EFB182F882331F00E94563689EC0A
:1005700093E30E949B322091580D3091590D409188
:100580005A0D50915B0D6091900C7091910C80917F
:10059000920C9091930C0F94C0446B017C0120E06D
:1005A00030E0A9010F94214787FF04C0F7FAF094C7
:1005B000F7F8F09420912702309128024091290207
:1005C00050912A02C701B6010F94433E20E030E863
:1005D0004BE354E40F9421471816DCF40E9456367E
:1005E0008AEA93E30E949B328091900C9091910C47
:1005F000A091920CB091930C8093580D9093590D4B
:10060000A0935A0DB0935B0D80E99CE00F94180005
:1006100002C01111E9CF2AE037ED43E25CE36091BB
:1006200033027091340280913502909136020F941A
:10063000433E6B017C016091310270913202072EC2
:10064000000C880B990B0F94E43D9B01AC01C70192
:10065000B6010F94433E6D8F7E8F8F8F98A380914C
:100660007D0C882311F180907E0C90907F0CA090DF
:10067000800CB090810CC0908C0CD0908D0CE090D0
:100680008E0CF0908F0C20E030E0A901C501B40180
:100690000F94DD3D882309F440C0A7019601C501F0
:1006A000B4010F9421471816C4F119821A821B82D3
:1006B0001C821D821E821F82188619861A861B863E
:1006C0001C86AE014F5F5F4FBE01635E7F4F84E8C3
:1006D0009CE00E945F9980E1E4E8FCE0ACE4BDE0CE
:1006E00001900D928A95E1F7AC960FB6F894DEBFB3
:1006F0000FBECDBFDF91CF911F910F91FF90EF9073
:10070000DF90CF90BF90AF909F908F907F906F9031
:100710005F904F903F902F90089520914C0D309115
:100720004D0D40914E0D50914F0D6091840C709184
:10073000850C8091860C9091870C0F94C04469A31E
:100740007AA38BA39CA32091500D3091510D409121
:10075000520D5091530D6091880C7091890C8091CD
:100760008A0C90918B0C0F94C0446DA37EA38FA331
:1007700098A72091540D3091550D4091560D5091F0
:10078000570DC701B6010F94C04469A77AA78BA77C
:100790009CA72091580D3091590D40915A0D5091C0
:1007A0005B0D6091900C7091910C8091920C9091E6
:1007B000930C0F94C0444B015C0120E030E0A90190
:1007C00069A17AA18BA19CA10F94DD3D81110CC080
:1007D00020E030E0A9016DA17EA18FA198A50F9422
:1007E000DD3D882309F461CF29A13AA14BA15CA189
:1007F000CA01B9010F94433E6B017C012DA13EA1BA
:100800004FA158A5CA01B9010F94433E9B01AC0109
:10081000C701B6010F94C1446B017C0129A53AA51B
:100820004BA55CA5CA01B9010F94433E9B01AC01E5
:10083000C701B6010F94C1446B017C01A50194016D
:10084000C501B4010F94433E9B01AC01C701B60141
:100850000F94C1440F946F476B017C012DEB37E37C
:1008600046E855E30F94DD3D87FF0FC020E030E000
:10087000A901C501B4010F9421477501640187FFE7
:1008800004C0F7FAF094F7F8F0942DEB37E346E85C
:1008900055E3C701B6010F94DD3D87FD1CCF20E075
:1008A00030E040EA50E4C701B6010F94BB450F9415
:1008B00034461B01672B19F422242394312CB101F7
:1008C00090E080E00F94E23D9B01AC0160E070E0BD
:1008D00080E89FE30F94BB452B013C01AC019B01D9
:1008E00069A17AA18BA19CA10F94433E69A37AA32D
:1008F0008BA39CA3A30192016DA17EA18FA198A5BA
:100900000F94433E6DA37EA38FA398A7A3019201EA
:1009100069A57AA58BA59CA50F94433E69A77AA7E4
:100920008BA79CA7A3019201C501B4010F94433E7C
:100930004B015C01A3019201C701B6010F94433E34
:10094000698B7A8B8B8B9C8B1D8A1E8A1F8A188ED3
:10095000198E1A8E1B8E1C8E80E1ECE4FDE08E0158
:100960000F5F1F4FD80101900D928A95E1F70E9409
:10097000239B6B017C0128ECC20ED11CE11CF11CF5
:1009800081E0281A310809F455C00E94239B2B01ED
:100990003C014C185D086E087F0877FC4FC06B0166
:1009A0007C0128ECC20ED11CE11CF11C80E00E94ED
:1009B000F64B29A13AA14BA15CA169817A818B8177
:1009C0009C810F94C14469837A838B839C832DA17E
:1009D0003EA14FA158A56D817E818F8198850F948E
:1009E000C1446D837E838F83988729A53AA54BA543
:1009F0005CA569857A858B859C850F94C144698740
:100A00007A878B879C87A50194016D857E858F856C
:100A100098890F94C1446D877E878F87988BAE012C
:100A20004F5E5F4FBE01635E7F4FC8010E945F99BA
:100A30008111A6CFAE014F5E5F4F46CE0E94EEDB26
:100A4000B8CF8091BE199091BF19A091C019B091F3
:100A5000C1198093330290933402A0933502B0936E
:100A600036028091BC199091BD1990933202809307
:100A7000310208958091330290913402A0913502A1
:100A8000B09136028093BE199093BF19A093C019FC
:100A9000B093C11980913102909132029093BD19A7
:100AA0008093BC1984E690E09093320280933102E7
:100AB00008958F929F92AF92BF92CF92DF92EF9262
:100AC000FF92CF93DF938090330290903402A090F6
:100AD0003502B0903602FC01C080D180E280F38004
:100AE00020E030E0A901C701B6010F94DD3D882365
:100AF00041F0C0923302D0923402E0923502F0927B
:100B00003602C0913102D091320284E690E0909397
:100B1000320280933102C0902702D0902802E090E8
:100B20002902F0902A0280E090E0A0E8BFE38093E1
:100B3000270290932802A0932902B0932A020F94CF
:100B400079028092330290923402A0923502B092E0
:100B50003602D0933202C0933102C0922702D09263
:100B60002802E0922902F0922A02DF91CF91FF90B1
:100B7000EF90DF90CF90BF90AF909F908F900895AF
:100B8000CF93DF93CDB7DEB72C970FB6F894DEBFC7
:100B90000FBECDBF19821A821B821C821D821E824B
:100BA0001F82188619861A861B861C86AE014F5F27
:100BB0005F4FBC018CE49DE00E945F992C960FB6BC
:100BC000F894DEBF0FBECDBFDF91CF9108954F9255
:100BD0005F926F927F928F929F92AF92BF92CF92CD
:100BE000DF92EF92FF920F931F93CF93DF93CDB7D6
:100BF000DEB72C970FB6F894DEBF0FBECDBF2B012A
:100C00003C0129873A874B875C8747015801F601E9
:100C1000E080F1800281138120E030E0A901B7017A
:100C2000C8010F94DD3D811188C050912D02409183
:100C30002E0230912F0220913002852F942FA32F66
:100C4000B22F89839A83AB83BC8320E030E0A90173
:100C5000B701C8010F94DD3D811104C0E12CF12CD6
:100C600000E211E4C701D8018D839E83AF83B8876A
:100C7000A50194016091540D7091550D8091560D10
:100C80009091570D0F94DD3D87FF0CC08092540D5D
:100C90009092550DA092560DB092570DCE0105962B
:100CA0000F94C00540924C0D50924D0D60924E0D28
:100CB00070924F0D89859A85AB85BC858093500DC8
:100CC0009093510DA093520DB093530DCE01019608
:100CD0000F94C005A50194016091540D7091550DBC
:100CE0008091560D9091570D0F942147181664F47A
:100CF0008092540D9092550DA092560DB092570DC2
:100D0000CE0105960F94C0050E9406FC2C960FB6E6
:100D1000F894DEBF0FBECDBFDF91CF911F910F9131
:100D2000FF90EF90DF90CF90BF90AF909F908F900B
:100D30007F906F905F904F9008955E2D4F2D302FD4
:100D4000212F7BCFCF92DF92EF92FF920F931F93D1
:100D50006A01E090540DF090550D0091560D1091E0
:100D6000570DFB012081318142815381FC0160815B
:100D70007181828193810F94E7051F910F91FF90FC
:100D8000EF90DF90CF900895CF92DF92EF92FF9295
:100D90000F931F936B01FC01E080F18002811381AE
:100DA000ECE4FDE0248135814681578160817181C9
:100DB000828193810F94E7051F910F91FF90EF902F
:100DC000DF90CF900895AF92BF92CF92DF92EF92D3
:100DD000FF920F931F93CF93DF9300D01F92CDB755
:100DE000DEB7FC01E080F18002811381611112C045
:100DF000A090540DB090550DC090560DD090570D49
:100E00009501A601B701C8010F94DD3D87FF02C01F
:100E10007501860120E030E048EC53E4B701C801D9
:100E20000F94DD3D87FD04C0E12CF12C08EC13E4A8
:100E3000C701D80189839A83AB83BC8367EE73E0D3
:100E4000CE0101960F94C4060F900F900F900F9053
:100E5000DF91CF911F910F91FF90EF90DF90CF9096
:100E6000BF90AF900895EF92FF920F931F93CF938F
:100E7000DF937C018B010E942A2DCCE4DDE02091E0
:100E80002702309128024091290250912A02F7014D
:100E900060817181828193810F94BB452C853D8552
:100EA0004E855F850F94C1446C877D878E879F87B1
:100EB000C8010F94C005DF91CF911F910F91FF9052
:100EC000EF900C9406FC8F929F92AF92BF92CF92BC
:100ED000DF92EF92FF921F93CF93DF93CDB7DEB7F0
:100EE00060970FB6F894DEBF0FBECDBF182F80E01D
:100EF0000F9429014B015C018092B0199092B119B5
:100F0000A092B219B092B31981E00F9429016B013C
:100F10007C01C092B419D092B519E092B619F09242
:100F2000B71982E00F9429016093B8197093B91929
:100F30008093BA199093BB191D861E861F86188A46
:100F400089829A82AB82BC82CD82DE82EF82F88671
:100F500069877A878B879C8783E00F9429016D8747
:100F60007E878F87988B80917D0C882321F0CE011E
:100F700001960E9494FA1E3FD9F480E1FE01319659
:100F8000ACE4BDE001900D928A95E1F760960FB652
:100F9000F894DEBF0FBECDBFDF91CF911F91FF90C0
:100FA000EF90DF90CF90BF90AF909F908F9008957B
:100FB00084E0189FF0011124DF01A45BB24F81E0AF
:100FC00090E08C0F9D1FE80FF91F408151816281D5
:100FD00073814D935D936D937C931397D7CF0C944E
:100FE000FC880F931F93CF93DF93EC018B018091CB
:100FF000830C882309F181E00E94348269E170E06A
:1010000080E090E00E94062DB801CE010F94C40646
:10101000C091BE18C47080E00E943482C11116C015
:101020001092BE1882E00F9463070F94EF0781E0DF
:10103000CC2339F080E005C00E945A308823D9F2D1
:1010400081E0DF91CF911F910F9108958091830CE2
:101050008111E6CF0E941D30882311F3F1CFCF9389
:10106000DF93CDB7DEB72C970FB6F894DEBF0FBE77
:10107000CDBF0E94B8810F940B009CE0E6ECF7E135
:10108000DE01119601900D929A95E1F781110E946F
:10109000E92CCE0101960E9437E32C960FB6F89406
:1010A000DEBF0FBECDBFDF91CF9108952F923F924B
:1010B0004F925F926F927F928F929F92AF92BF9268
:1010C000CF92DF92EF92FF920F931F93CF93DF9314
:1010D00000D000D01F92CDB7DEB780914C0D90911B
:1010E0004D0DA0914E0DB0914F0D8A839B83AC8323
:1010F000BD834090500D5090510D6090520D7090F6
:10110000530D8090540D9090550DA090560DB090B9
:10111000570DC090580DD090590DE0905A0DF09099
:101120005B0D0E9494FB0E9416240E94CCFC0EEDE5
:1011300017E3AFE0B2E0BF83AE8382ED282E87E3F2
:10114000382E198289810F949701C8010E941A24B0
:10115000EE81FF816193719381939193FF83EE837D
:10116000C1010E941A24AE81BF8118966D937D93B0
:101170008D939C931B97B981BF5FB9830C5F1F4F01
:10118000E4E02E0E311CB330E9F68EE997E10E94BF
:10119000A1860E94682C0E94E2FB2A813B814C813F
:1011A0005D8160914C0D70914D0D80914E0D90912F
:1011B0004F0D0F94DD3D81112AC0A3019201609172
:1011C000500D7091510D8091520D9091530D0F94CF
:1011D000DD3D81111CC0A50194016091540D7091F9
:1011E000550D8091560D9091570D0F94DD3D811155
:1011F0000EC0A70196016091580D7091590D809114
:101200005A0D90915B0D0F94DD3D8823D1F0279608
:101210000FB6F894DEBF0FBECDBFDF91CF911F9107
:101220000F91FF90EF90DF90CF90BF90AF909F9085
:101230008F907F906F905F904F903F902F900D9484
:101240002F0827960FB6F894DEBF0FBECDBFDF91F3
:10125000CF911F910F91FF90EF90DF90CF90BF90B3
:10126000AF909F908F907F906F905F904F903F9046
:101270002F90089580916E18811105C0809170188B
:10128000882309F45DC08091AF19659B53C08160CC
:101290008093AF19909103018091AF1991FF4CC0D9
:1012A00082608093AF198091AF194A9B47C08460D8
:1012B0008093AF198091B81780FF10C080916F188C
:1012C00080FF0CC08091AF1980FF08C08091BE18CC
:1012D00081608093BE1880E00E9457E38091B81728
:1012E00081FF10C080916F1881FF0CC08091AF19F1
:1012F00081FF08C08091BE1882608093BE1881E093
:101300000E9457E38091B81782FF1AC080916F182E
:1013100082FF16C080917018882391F08091AF19D8
:1013200082FF0EC08091BE1884608093BE1882E058
:101330000C9457E38E7FACCF8D7FB3CF8B7FB8CF2C
:1013400008950F931F93CF93DF9300D01F92CDB7D3
:10135000DEB784EF91E0A0E0B0E089839A83AB83AD
:10136000BC83BE016F5F7F4F8CE30E94AC2F80E98E
:1013700093E30E949B328CB16AE873E385FB882774
:1013800080F90E94D7F98091030164E873E38695A0
:1013900081700E94D7F989B16EE773E382FB8827D9
:1013A00080F90E94D7F91091B31785E793E31230C3
:1013B000B9F10E949B3282E793E30E949B321111A4
:1013C00011C08DE693E30E949B324A9926C00E9489
:1013D000E72F0F900F900F900F90DF91CF911F91FB
:1013E0000F9108951730D1F583E693E30E949B3265
:1013F00082E00E945D9A8C0180E693E30E949B321A
:1014000086E593E3012B11F081E593E30E949B3283
:101410008AE00E9494324A9BDACF0E94CC2FD9CF27
:101420000E949B3282E793E30E949B3201E010E02E
:1014300082E00E945D9A0817190741F085E493E362
:101440000E949B328AE00E949432E5CF8DE493E3C0
:101450000E949B328AE00E949432DDCF10E000E0CF
:10146000E7CF80916E18811104C080917018882395
:1014700031F062E070E080E090E00C94062D089579
:101480003F924F925F926F927F928F929F92AF9214
:10149000BF92CF92DF92EF92FF920F931F93CF9361
:1014A000DF9300D01F92CDB7DEB7382E80E090E0FA
:1014B000A0E2B1E489839A83AB83BC83C090AE136E
:1014C000D090AF13E090B013F090B11320E030E073
:1014D000A901C701B6010F94DD3D87FF0CC0A7012C
:1014E000960160E070E080E291E40F94C04469836B
:1014F0007A838B839C8360E0CE0101960F94E30690
:1015000040904C0D50904D0D60904E0D70904F0DD1
:101510008090500D9090510DA090520DB090530DB1
:10152000332089F10E945A3019821A821B821C8250
:10153000E090540DF090550D0091560D1091570DFF
:10154000CE0101966C01A5019401C301B2010F9473
:10155000E705309270180F94310A0F900F900F909A
:101560000F90DF91CF911F910F91FF90EF90DF903F
:10157000CF90BF90AF909F908F907F906F905F9033
:101580004F903F9008950E941D30CECF8091BE189D
:10159000882319F01092BE18089540E070E060E0D2
:1015A00087E393E30E94983E4F925F926F927F92FF
:1015B0008F929F92AF92BF92CF92DF92EF92FF9263
:1015C0000F931F93CF93DF93CDB7DEB7A0970FB6DE
:1015D000F894DEBF0FBECDBFF82E4A015B01280193
:1015E000390120E030E0A901C301B8010F94DD3DCD
:1015F000811111C0FF2019F081E0F812ACC060E049
:1016000070E88BE395E420E030E040E752E40F948B
:10161000BB452B013C014D8E5E8E6F8E78A20F2D47
:1016200010E0F801E55CFB4CE491CC24C3941E1659
:101630000CF4C12CDD24D39420E030E0A901C501D5
:10164000B4010F94214718160CF0D12CCD1471F071
:1016500092E0F9120BC0EE2049F081E00E94348242
:1016600069E170E080E090E00E94062D80E00F9438
:10167000290169837A838B839C8381E00F942901FC
:101680006D837E838F83988782E00F942901698719
:101690007A878B879C8783E00F9429016D877E87EB
:1016A0008F87988B000F111F000F111FE1E0F0E0F2
:1016B000EC0FFD1F0E0F1F1FF80110821182128206
:1016C0001382CE0101960F946C00F8018082918202
:1016D000A282B382198A1A8A1B8A1C8A1D8A1E8AD0
:1016E0001F8A188E198E1A8E1B8E1C8E809187076A
:1016F00090918807892B51F4AE014F5E5F4FBE0178
:10170000635E7F4FCE0101960E9420890E9406FCF5
:10171000CD1451F0F2E0FF1205C0EE2019F080E088
:101720000E9434820F94C60AA0960FB6F894DEBFCA
:101730000FBECDBFDF91CF911F910F91FF90EF9022
:10174000DF90CF90BF90AF909F908F907F906F90E1
:101750005F904F90089560E070E086E194E453CF8D
:101760002F923F924F925F926F927F928F929F92B1
:10177000AF92BF92CF92DF92EF92FF920F931F939F
:10178000CF93DF93CDB7DEB764970FB6F894DEBF83
:101790000FBECDBFF82EC82ED12CF601E55CFB4C58
:1017A000B49082E0F81232C00E94A322811136C1A7
:1017B0000E945A30811132C187E394E30E941A24B7
:1017C00020E030E0A9010F94DD3D8823F9F06B2D76
:1017D000BB0C770B880B990B0F94E43D2B013C015C
:1017E00087E394E30E941A244B015C0120E030E07F
:1017F00040EA50E40F94DD3D11E087FF1CC0812CCE
:10180000912C90EAA92E90E4B92E15C06B2DBB0C3B
:10181000770B880B990B0F94E43D2B013C01C6011B
:10182000880F991F880F991F815D9B4C0E941A2475
:101830004B015C0110E0A3019201C501B4010F94BA
:10184000433E4B015C011601220C331C220C331C5D
:10185000C1018D5D9B4C0E941A24EE24E394E12685
:1018600020E030E040EC5FE30F94433EA30192019F
:101870000F94433EAB01BC0100E010E098018F2DB6
:101880000F94D40AE2E0FE1204C18091830C81110E
:1018900002C00E941D3020E030E0A901C501B40162
:1018A0000F94DD3D00E010E020E431E48111FEC042
:1018B00081E090E00F2C01C0880F0A94EAF7909124
:1018C000820C982B9093820C90918919892B80938C
:1018D0008919C101895E9B4C0E941A24F101E45BC5
:1018E000F24F6083718382839383F2E0FF121AC008
:1018F0002091AE133091AF134091B0135091B113BA
:101900006091540D7091550D8091560D9091570D29
:101910000F94C0446093540D7093550D8093560DF1
:101920009093570DF101E358F64E10821182128206
:1019300013828F2D0F9497010F94EF07F101E45B51
:10194000F24F80819181A281B381F101EC57F34F75
:1019500080839183A283B38382E0F81609F494C054
:101960008CE0EEE5F3E0DE01119601900D928A9590
:10197000E1F7E1E0F0E0EC0FFD1FE20DF31D8080E8
:101980009180A280B38020E030E0A901C501B401BC
:101990000F94DD3D882309F441C020E030E0A90127
:1019A000C501B4010F94214787FF04C0B7FAB09472
:1019B000B7F8B0948101045B124FA5019401C301F3
:1019C000B2010F94433E9B01AC01F801608171812B
:1019D000828193810F94C044F80160837183828374
:1019E0009383F2E080E090E0A0E4B1E4FF1621F000
:1019F00080E090E0A8E4B2E48D879E87AF87B88B43
:101A0000CE010D960F94C00509C08091830C811101
:101A100058C00E945A30882309F453C064960FB608
:101A2000F894DEBF0FBECDBFDF91CF911F910F9114
:101A3000FF90EF90DF90CF90BF90AF909F908F90EE
:101A40007F906F905F904F903F902F900895F60198
:101A5000EC5EFB4C6491611107C00E94563682EF28
:101A600093E30E949B326AE070E090E080E00F9484
:101A7000E23D9B01AC0160E070E088E492E40F94E9
:101A8000BB458B019C012EC00E9420248111C6CF32
:101A900067CF20E030E0A901C501B4010F94DD3D1E
:101AA00000E010E09801882309F402CFE12CB50191
:101AB000A40170588F2D0F94D40AF2E0FF1609F498
:101AC000A4CFA5019401C501B4010F94C144698B51
:101AD0007A8B8B8B9C8B82E0F812B9CF00E010E000
:101AE00020EC30E4EE24E39449895A896B897C899F
:101AF0008F2D0F94D40AE2E0FE12DACE0E941D3040
:101B0000D7CE0F931F9380914012813019F50E9418
:101B1000239B0091C2191091C3192091C4193091CF
:101B2000C519601B710B820B930B28EE33E040E06C
:101B300050E00F94214460918B1970918C19809121
:101B40008D1990918E19620F731F841F951F1F911D
:101B50000F9108956091C6197091C7198091C819A5
:101B60009091C919D6CF109240121092C2191092BA
:101B7000C3191092C4191092C5191092C619109267
:101B8000C7191092C8191092C91910928B19109286
:101B90008C1910928D1910928E1908958F929F9220
:101BA000AF92BF92CF92DF92EF92FF920F931F936B
:101BB000CF93DF93CDB7DEB760970FB6F894DEBF53
:101BC0000FBECDBF8B0140E050E068E472E449876E
:101BD0005A876B877C8740E050E060EA70E44D876D
:101BE0005E876F87788B8130B9F1823009F462C0EB
:101BF00020E030E040E050E46091540D7091550DCC
:101C00008091560D9091570D0F94C1444B017C016A
:101C100020E030E048EC53E40F942147181634F4E8
:101C2000812C912C88ECE82E93E4F92EF801A08405
:101C3000B184C284D3849401A701B501C6010F9475
:101C40002147181614F054016701C501D601898394
:101C50009A83AB83BC8351C0BE01635F7F4FC801D1
:101C600008960F94C40688E0F801DE0111960190F1
:101C70000D928A95E1F7AE01475F5F4FBE016B5F42
:101C80007F4FCE0101960F94A2060F942F08609605
:101C90000FB6F894DEBF0FBECDBFDF91CF911F917D
:101CA0000F91FF90EF90DF90CF90BF90AF909F90FB
:101CB0008F900895F8012085318542855385609184
:101CC000540D7091550D8091560D9091570D0F94B4
:101CD000C1446B017C0120E030E048EC53E40F94F8
:101CE000DD3D87FD06C0C12CD12C28ECE22E23E47B
:101CF000F22EC982DA82EB82FC82BE01635F7F4FE3
:101D0000CE010196AECFEBE6FCE01082118212828A
:101D1000138214820C94C328CF92DF92EF92FF9229
:101D2000FC01C080D180E280F38020E030E0A90196
:101D3000C701B6010F94DD3D20E030E0A90187FD29
:101D400014C020E030E048EC52E4C701B6010F9423
:101D5000214724E630E040E050E0181634F0C70197
:101D6000B6010F942D469B01AC01AFEFB0E00F948C
:101D7000624424E630E040E050E00F9443442F3FBB
:101D8000310519F010F02FEF30E02093420DFF9055
:101D9000EF90DF90CF9008958091090180FF05C0FA
:101DA0008091971582958170089581E00895CF9272
:101DB000DF92EF92FF92FC01C080D180E280F3803D
:101DC0000F94830E20E030E0A901C701B6010F9403
:101DD000DD3D87FD1BC020E030E046E953E4C7014C
:101DE000B6010F942147181634F4C12CD12C86E982
:101DF000E82E83E4F82EC701B6010F942E47CB01DD
:101E0000FF90EF90DF90CF900C9422FBC12CD12C4F
:101E10007601F1CFCF92DF92EF92FF92FC01C0806A
:101E2000D180E280F380663059F51092700C1092E8
:101E3000710C1092720C1092730C1092740C0E9420
:101E4000682920E030E0A901C701B6010F94DD3D0B
:101E500087FF25C0C12CD12C7601C701B6010F9494
:101E60002E476C38710514F06CE870E070930B131A
:101E700060930A13FF90EF90DF90CF900C94682945
:101E80000F94830E20E030E0A901C701B6010F9442
:101E9000DD3D87FF15C0C12CD12C760121C020E08B
:101EA00030E04CE053E4C701B6010F942147181607
:101EB000A4F6C12CD12C9CE0E92E93E4F92ECDCFD1
:101EC00020E030E046E953E4C701B6010F94214712
:101ED000181634F4C12CD12C86E9E82E83E4F82EB0
:101EE000C701B6010F942E47CB01FF90EF90DF9012
:101EF000CF900C9422FB20917A1920FF0DC020E88E
:101F00003EE3629FA001639F500D729F500D11240C
:101F1000CA010497F0F708950C94062D9091820C55
:101F2000977081E0973009F080E00895CF93DF93B8
:101F300010929F071092E1071092E3071092E207B8
:101F40001092AE191092AD19CFEFDFEF8091971577
:101F500086FD07C00E943CC7D093EE13C093ED13DB
:101F6000F5CF8FEF9FEF9093EE138093ED13DF91FA
:101F7000CF910895CF93DF93EB010E949B32BE0176
:101F800090E080E0DF91CF910C94877ACF92DF923E
:101F9000EF92FF926A017B010E949B32C701B6015A
:101FA0000E94877A8AE0FF90EF90DF90CF900C94A8
:101FB00094320F94BA0F8AE00C949432E7EEF7E073
:101FC0008CE090E09183808381E0828383838483AB
:101FD00080E290E0978386838FE0808784E6818724
:101FE0008CE390E09387828715820E94313B1092A8
:101FF000791983EC92E30C942C3BCF92DF92EF9211
:10200000FF92CF93A9EFBCE090E080E0FC01E85E96
:10201000FD4D45915591659174914D935D936D93EF
:102020007D93FC01E85FFD4D45915591659174915B
:1020300050964D935D936D937C935397FC01E850BC
:10204000FE4D459155916591749190964D935D9398
:102050006D937C939397049680319105B9F680E255
:102060009EE4A0E0B0E08093090D90930A0DA09348
:102070000B0DB0930C0D80E090E8ABE3B4E48093DB
:102080002D0D90932E0DA0932F0DB093300D80E069
:1020900090E0AAE7B4E48093310D9093320DA093C1
:1020A000330DB093340D80E090E0A6E9B3E4809363
:1020B000350D9093360DA093370DB093380D1092D7
:1020C000390D10923A0D10923B0D10923C0D10926A
:1020D0003D0D10923E0D10923F0D1092400DC12CFF
:1020E000D12C80E2E82E81E4F82EC0928E07D092A7
:1020F0008F07E0929007F092910780E090E0A0EACD
:10210000B0E48093920790939307A0939407B093C1
:1021100095074AE959E969E97EE3409396075093A8
:102120009707609398077093990780939A07909305
:102130009B07A0939C07B0939D0710927A1810926A
:102140007B1810927C1810927D18109276181092BD
:1021500077181092781810927918109272181092BD
:1021600073181092741810927518C1E0C0939E07EE
:10217000C093B317C092AE17D092AF17E092B017CA
:10218000F092B1170E942A2DC0929E17D0929F17ED
:10219000E092A017F092A1170E94262A8AEF90E001
:1021A000909353028093520282ED90E090935102FB
:1021B000809350028DEC9CECACECBDE38093540218
:1021C00090935502A0935602B093570280E090E09E
:1021D000A8EDB1EC8093A6139093A713A093A81336
:1021E000B093A9131092AA131092AB131092AC13D0
:1021F0001092AD131092AE131092AF131092B01351
:102200001092B113C093830C80E090E0AAECB1E48B
:1022100080934E1390934F13A0935013B093511388
:1022200085E698E0A6EBBEE3809352139093531398
:10223000A0935413B093551381E09FE1A0EEB3E453
:102240008093561390935713A0935813B093591338
:1022500083EC95E9ACE2B4E48093221390932313CA
:10226000A0932413B093251380E29BE1A2E9B1E48B
:102270008093261390932713A0932813B0932913C8
:1022800087EF9CEDABECB5E480932A1390932B136E
:10229000A0932C13B0932D131092590C0E949528E3
:1022A00010929D1780E090E0A0EEBFE38093991715
:1022B00090939A17A0939B17B0939C1710926E1847
:1022C00010926D180F94310A1092830710928407B0
:1022D000109285071092860780E090E0A6E9B2E4AC
:1022E0008093911790939217A0939317B09394179C
:1022F0008093951790939617A0939717B09398177C
:102300000F94560880EA98E30E948B3E0E9456364E
:1023100080EA98E30E942C3BCF91FF90EF90DF90F2
:10232000CF900D94DE0F8F929F92AF92BF92CF927B
:10233000DF92EF92FF920F931F93CF93DF937C0175
:1023400021E5E20EF11CD7014C914A3509F0A4C0F9
:102350006C01B2E5CB0ED11CF6013081353A09F0A3
:102360009BC0EC01C05BDF4F2881233008F494C090
:102370008C0100561F4FD8014C93E15BFF4F308317
:1023800031962083EF54F1093081E05BFF4F3083B9
:102390003038B1F43196AC54B1093C913083E854F3
:1023A000F109AF5ABF4F50E040E02250330B4217C3
:1023B0005307CCF4808132968D934F5F5F4FF7CFF8
:1023C000233031F5313809F074C0FC01EC55FF4F72
:1023D000DC01AC5ABF4F2C9120833196885A9F4F15
:1023E000DC018C9180834801B12CA12C888190E084
:1023F00002968A159B050CF43FC0F40181914F01B0
:102400000E94F9300E94297AFFEFAF1ABF0AEECF7F
:10241000323821F5FC01EC5AFF4F30814181E05BFD
:10242000FF4F408331963083DC01AA55BF4F50E007
:1024300040E02350330B42175307ACF6FA01EE7F0E
:10244000E45AFF4FE80FF91F608171817C93119668
:102450006C9311974E5F5F4F1296EDCF243019F6B3
:10246000333809F6FC01EC5AFF4F20813181E05BE3
:10247000FF4F30833196B0CF80E5DE011D928A9503
:10248000E9F78EE2F80111928A95E9F78AE5D7011A
:102490008C9385EAF6018083DF91CF911F910F9194
:1024A000FF90EF90DF90CF90BF90AF909F908F9074
:1024B0000895323809F097CFADCFCF93C091401235
:1024C0008AEF96E30E942C3B8091F80C873059F1FB
:1024D00083E08093FF0761E070E080E090E00F947C
:1024E0007B0F81E09AE590931A158093191585E387
:1024F00090E090931C1580931B1587E080930D1539
:1025000082E88093101584E890E0A0E0B0E080932A
:10251000111590931215A0931315B09314158DEB0C
:1025200094E10F94931180914012813089F18230AF
:1025300061F50F94810D60938B1970938C198093C2
:102540008D1990938E1981E0809340120E94239BF5
:102550006093C2197093C3198093C4199093C519DD
:10256000C23089F080915D1890915E180196909329
:102570005E1880935D1810928F1910929019109226
:1025800091191092921981E004C00F94B30DDBCF22
:1025900080E0CF9108950E94C37C1092A70B109207
:1025A00063020E94762D882331F08BE093E39093B1
:1025B000E0078093DF0761E084E093E30E941D332E
:1025C0000D945D120F931F930E94239B0091581846
:1025D0001091591820915A1830915B180115110566
:1025E0002105310509F064C02091DB13222309F491
:1025F0005CC0E091D91321502093DB1321E02E0F12
:102600002093D9133091DC13231302C01092D913F5
:1026100024E0E29FF0011124E352FC4E008111817D
:102620002281338100935418109355182093561823
:1026300030935718600F711F811D911D60935818BA
:102640007093591880935A1890935B18809156187C
:1026500090915718892B49F11FB7F8948FE093E3B5
:102660000E942C3B84E096E090931A1580931915F4
:1026700080EA90E890931C1580931B1587E0809367
:102680000D1582E88093101580EA90E0A0E0B0E09C
:102690008093111590931215A0931315B0931415F0
:1026A0008DEB94E10F9493111FBF1F910F9108952B
:1026B000601B710B820B930B97FDF7CF4098109224
:1026C00058181092591810925A1810925B18EDCFA2
:1026D0000F931F93CF93DF938C01EB019091DB134A
:1026E0002091DC13921305C00F94E2120E94EEDBDE
:1026F000F5CF8091DA1334E0839FF0011124E35287
:10270000FC4E11830083D383C2839F5F9093DB13BE
:102710008F5F281739F08093DA13DF91CF911F91E3
:102720000F9108951092DA13F8CFBF92CF92DF92F3
:10273000EF92FF920F931F93CF93DF930E94EE29A6
:10274000882309F477C0D0E0C0E000E034E0D32E65
:1027500045E0E42E52E8F52E10E08C2F8170C82E53
:10276000B12EB00E8D2D811BC11001C0812FFE0135
:10277000E89EE00DF11D1124EE0FFF1FEE0FFF1F6D
:10278000EC56F34F20E030E04AE754E46081718179
:10279000828193810F94433E0F942D4670931A15B6
:1027A00060931915E0920D15F09210158B2D90E0A5
:1027B0008058974F880F991F092E000CAA0BBB0B4E
:1027C0008093111590931215A0931315B0931415BF
:1027D0008DEB94E10F9493111F5F153009F60B5F99
:1027E0002196093109F0B8CF83E090E090931A1553
:1027F0008093191510930D15F092101585E490E152
:10280000A0E0B0E08093111590931215A0931315DA
:10281000B09314158DEB94E10F94931181E0DF9147
:10282000CF911F910F91FF90EF90DF90CF90BF90CD
:102830000C94032A82E090E090931A158093191566
:1028400085E080930D1582E88093101585E490E172
:10285000A0E0B0E08093111590931215A09313158A
:10286000B09314158DEB94E10F94931180E0D7CFC2
:10287000AF92BF92CF92DF92EF92FF920F931F938E
:10288000CF93DF93EC0184E6C82E80E2D82EE12CB2
:10289000F12C02E8A12C90E2B92E15E0009310155E
:1028A000C0921115D0921215E0921315F0921415E2
:1028B000B0921A15A092191510930D158DEB94E195
:1028C0000F9493118FEFC81AD80AE80AF80A88E71C
:1028D000C81680E2D806E104F10401F724E630E2EC
:1028E00040E050E0BE018DEB94E1DF91CF911F916C
:1028F0000F91FF90EF90DF90CF90BF90AF900C942E
:10290000307A809140128130C9F580E293E30E94D1
:102910002C3B81E09AE590931A15809319158EE46B
:1029200090E090931C1580931B1587E080930D1504
:1029300082E88093101584E890E0A0E0B0E08093F6
:10294000111590931215A0931315B09314158DEBD8
:1029500094E10F94931182E495E00F94381482E08F
:10296000809340120E94239B6093C6197093C719ED
:102970008093C8199093C91981E0089580E0089563
:102980000F931F93CF93DF938C016F3F19F4109235
:10299000291260E020912912862F062E000C990B37
:1029A0002817190609F04CF560932912C8010F94F5
:1029B0002A3D800F911FEC01C01BD10BC034D10503
:1029C0003CF00197FC012491207C2038D1F3F3CF17
:1029D000DD27AE01B80189EE91E10F944B3DC7515F
:1029E000DE4E1882C8010E948B3E89EE91E1DF9194
:1029F000CF911F910F910D943814DF91CF911F91BA
:102A00000F9108958F929F92AF92BF92DF92EF92B3
:102A1000FF920F931F93CF93DF93CDB7DEB7CA5AC0
:102A2000D1090FB6F894DEBF0FBECDBFCF55DF4F33
:102A3000188219821A821B82C15AD04080914D059A
:102A400090914E05A0914F05B0915005CB55DF4FA9
:102A500088839983AA83BB83C55AD04084E690E0DB
:102A60009093901780938F171092A4171092A3172A
:102A70001092A51723EA37E144E050E0BE016B5500
:102A80007F4F8FE897E10E94BC3A80918F17909119
:102A9000901702969093901780938F171092A41717
:102AA0001092A31781E0C655DF4F8883CA5AD040E1
:102AB000CE0186559F4F0E9446F023EA37E148E455
:102AC00050E069EF7CE08FE897E10E94BC3A23EA8E
:102AD00037E140E150E06EE877E08FE897E10E944F
:102AE000BC3A8AE097EDA3EABCE3CF55DF4F888379
:102AF0009983AA83BB83C15AD040CE018F559F4F83
:102B00000E943DF082E798E10E9458F08EE997E03C
:102B10000E944FF08EEA97E10E943DF083EB97E12F
:102B20000E9446F080917E0C90917F0CA091800CC9
:102B3000B091810C89839A83AB83BC838E010F5F34
:102B40001F4FC8010E943DF082E592E00E9434F0E0
:102B500080E592E00E9434F084E592E00E943DF02E
:102B6000CF55DF4F188219821A821B82C15AD0407A
:102B70007E018DE6E80EF11C83E0F70180838983F6
:102B8000CE018F559F4F0E943DF0C7010E9446F035
:102B9000C8010E9446F03AE0D32EDA94DD2031F0ED
:102BA000CE018F559F4F0E943DF0F7CF86EA93E10B
:102BB0000E9458F0CF55DF4F188219821A821B826B
:102BC000C15AD0402AE0D22EDA94DD2031F0CE0175
:102BD0008F559F4F0E943DF0F7CF85E0D82ED982C8
:102BE000F701D082C8010E9446F0C7010E9446F05A
:102BF00023EA37E148E050E06BE979E18FE897E1BB
:102C00000E94BC3A23EA37E148E050E063E979E109
:102C10008FE897E10E94BC3A23EA37E144E650E0AE
:102C200064E97CE08FE897E10E94BC3A1982BB24FA
:102C3000BA94F701B082C8010E944FF0C7010E9408
:102C400046F023EA37E144E050E06BEE73E08FE8B2
:102C500097E10E94BC3A809171188983C8010E9453
:102C60004FF08091830CF7018083C7010E944FF0E1
:102C700080914E1390914F13A0915013B091511326
:102C800089839A83AB83BC832CEA35EC47E25EE30D
:102C90006091521370915313809154139091551376
:102CA0000F94BB456D837E838F8398872CEA35EC28
:102CB00047E25EE360915613709157138091581369
:102CC000909159130F94433E69877A878B879C872D
:102CD00080E090E0A0E8BFE38D879E87AF87B88B48
:102CE000198A1A8A1B8A1C8A23EA37E144E150E0D8
:102CF000B8018FE897E10E94BC3A84E190E09A83A2
:102D00008983C8010E9434F080912213909123138B
:102D1000A0912413B091251389839A83AB83BC833C
:102D20002CEA35EC47E25EE360912613709127139D
:102D300080912813909129130F94BB456D837E8356
:102D40008F8398872CEA35EC47E25EE360912A1383
:102D500070912B1380912C1390912D130F94433E5F
:102D600069877A878B879C8723EA37E14CE050E0BC
:102D7000B8018FE897E10E94BC3A8CE0EAE6F3E004
:102D8000D80101900D928A95E1F723EA37E14CE0F2
:102D900050E0B8018FE897E10E94BC3A1982C8015F
:102DA0000E9446F08FE78983C8010E9446F0B982ED
:102DB000C8010E9446F0E6E7F3E0D80101900D92C9
:102DC000DA94E1F723EA37E145E050E0B8018FE813
:102DD00097E10E94BC3A8091590C8983C8010E94F6
:102DE0004FF080E2EBE7F3E0D80101900D928A9575
:102DF000E1F723EA37E140E250E0B8018FE897E1DC
:102E00000E94BC3AF7011082C7010E944FF08DE981
:102E100097E10E944FF089E997E10E943DF0CF557C
:102E2000DF4F188219821A821B82C15AD040CE010C
:102E30008F559F4F0E943DF082E1F80111928A95D3
:102E4000E9F723EA37E142E150E0B8018FE897E182
:102E50000E94BC3A84E2EBE9F3E0D80101900D92C4
:102E60008A95E1F723EA37E144E250E0B8018FE8C0
:102E700097E10E94BC3A90E1D92EF8018D2D119274
:102E80008A95E9F723EA37E140E150E0B8018FE89D
:102E900097E10E94BC3A1A82198223EA37E142E0A4
:102EA00050E0B8018FE897E10E94BC3A83E897E0D0
:102EB0000E943DF0F8011192DA94E9F723EA37E134
:102EC00040E150E0B8018FE897E10E94BC3A8CE6FF
:102ED000F80111928A95E9F723EA37E14CE650E0D0
:102EE000B8018FE897E10E94BC3A23EA37E148E055
:102EF00050E061E977E18FE897E10E94BC3A1CE07D
:102F0000F701812F11928A95E9F7C755DF4F188293
:102F1000C95AD04080E090E0A0E4B0E4C356DF4F4F
:102F200088839983AA83BB83CD59D040C7010E946F
:102F300058F0CE0187559F4F0E9446F0CE01835630
:102F40009F4F0E943DF080E3F70111928A95E9F7C7
:102F50008AEE97E30E949B32E7EEF7E0D7010190FB
:102F60000D921A95E1F723EA37E140E350E0B7010B
:102F70008FE897E10E94BC3AD090A517D11048C0C5
:102F800000918F1710919017045611098091A31783
:102F90009091A417F7019183808384E690E0909349
:102FA000901780938F1723EA37E144E050E065E5FE
:102FB00073E08FE897E10E94BC3AC7010E9434F0A9
:102FC0000E945636B80184E498E30F94BA0FF701D3
:102FD00080809180B12CA12C87E398E30E949B32E2
:102FE000C501B4010E94877A84E398E30E949B3272
:102FF0000B3C124041F00E9443348BE090E20E946F
:103000009B32DD24D3948091A5178D298093A51739
:103010008091A517811109C060E084E298E30F94C4
:10302000C01484E298E30E948B3E8FE098E30E94F4
:103030002C3B9091A51781E08927C655DF4F0FB62D
:10304000F894DEBF0FBECDBFDF91CF911F910F91DE
:10305000FF90EF90DF90BF90AF909F908F9008957A
:103060000E94433487EB97E30E949B328FEA97E3F9
:103070000E949B3283E997E30E949B320E9454D9BD
:103080000E94902D80E00E9434828091BF18813090
:10309000A1F00E9443348CE197E30E949B3260E0F0
:1030A00082E197E30F94C0146EE571E080E090E058
:1030B0000E94062D81E08093BF1808951092A70BFF
:1030C000109263020E94682D9091971580FB97F9EA
:1030D0009093971561E084EE92E30E941D330E9465
:1030E000902D40E85EE169EF72E385E00E946A7C22
:1030F00060E08BEE92E30D94C0141F93CF93DF93A7
:10310000CDB7DEB7A8970FB6F894DEBF0FBECDBF20
:103110009C0184E08093FF0790913F028091AC195D
:10312000E92F092E000CFF0B8E171F0621F4265BDA
:10313000324309F44DC09C3008F0A2C18827EC55F9
:10314000F74E8E4F0D94B844B6009A008C01FE00E5
:10315000AC016A012A012A01BA002001E400BA0088
:1031600081E09AE590931A15809319158EE490E00A
:1031700090931C1580931B1587E080930D1582E8B2
:103180008093101584E890E0A0E0B0E080931115E2
:1031900090931215A0931315B09314158DEB94E131
:1031A0000F94931181E595E00F94381410913F022C
:1031B0001093AC198AE892E30E949B32612F110FA1
:1031C000770B880B990B0E94F17A8AE00E94943267
:1031D000A8960FB6F894DEBF0FBECDBFDF91CF919A
:1031E0001F91089581E09AE590931A15809319151F
:1031F0008EE490E090931C1580931B1587E08093DC
:103200000D1582E88093101584E890E0A0E0B0E00E
:103210008093111590931215A0931315B093141564
:103220008DEB94E10F94931187E695E0BDCF81E09B
:103230009AE590931A15809319158EE490E0909377
:103240001C1580931B1587E080930D1582E88093F1
:10325000101584E890E0A0E0B0E080931115909301
:103260001215A0931315B09314158DEB94E10F94E0
:1032700093118BE895E098CF81E09AE590931A1529
:10328000809319158EE490E090931C1580931B1584
:1032900087E080930D1582E88093101584E890E014
:1032A000A0E0B0E08093111590931215A093131530
:1032B000B09314158DEB94E10F94931188E0EFEB2C
:1032C000F3E0DE01119601900D928A95E1F7FE017F
:1032D000399680E2DF011D928A95E9F78091A50B6E
:1032E000811106C080919E0762E875E0811102C0DD
:1032F00063EB75E0CE0101960F9404486CEB75E02A
:10330000CE0101960F940448CE0101964DCF81E085
:103310009AE590931A15809319158EE490E0909396
:103320001C1580931B1587E080930D1582E8809310
:10333000101584E890E0A0E0B0E080931115909320
:103340001215A0931315B09314158DEB94E10F94FF
:10335000931183ED95E028CF81E09AE590931A15BB
:10336000809319158EE490E090931C1580931B15A3
:1033700087E080930D1582E88093101584E890E033
:10338000A0E0B0E08093111590931215A09313154F
:10339000B09314158DEB94E10F9493118EED95E09D
:1033A00003CF81E09AE590931A15809319158EE466
:1033B00090E090931C1580931B1587E080930D156A
:1033C00082E88093101584E890E0A0E0B0E080935C
:1033D000111590931215A0931315B09314158DEB3E
:1033E00094E10F94931188EF95E0DECE81E09AE5A9
:1033F00090931A15809319158EE490E090931C1504
:1034000080931B1587E080930D1582E8809310153B
:1034100084E890E0A0E0B0E080931115909312153D
:10342000A0931315B09314158DEB94E10F949311A1
:1034300085E096E0B9CE81E09AE590931A158093E5
:10344000191584E490E090931C1580931B1587E078
:1034500080930D1582E88093101584E890E0A0E039
:10346000B0E08093111590931215A0931315B093AB
:1034700014158DEB94E10F94931182E196E094CEB4
:1034800082E08093A60B1092A70B84EA92E30E943D
:103490002C3B8CCECF92DF92EF92FF920F931F9333
:1034A000CF93DF93CDB7DEB77C01CDB6DEB60F94F8
:1034B0002A3D01962DB73EB7281B390B0FB6F8945D
:1034C0003EBF0FBE2DBF0DB71EB70F5F1F4FB70119
:1034D000C8010F94233DC8010F947D180FB6F894CE
:1034E000DEBE0FBECDBEDF91CF911F910F91FF9039
:1034F000EF90DF90CF900895CF93DF9300D01F928D
:10350000CDB7DEB782E792E30E942C3B8091F80CA6
:10351000833061F119821A821B821C82CE010196CE
:103520000F948C0E1092FE0781E09AE590931A1585
:103530008093191583E390E090931C1580931B15DD
:1035400087E080930D1582E88093101584E890E061
:10355000A0E0B0E08093111590931215A09313157D
:10356000B09314158DEB94E10F9493110F900F907D
:103570000F900F90DF91CF910895CF92DF92EF924D
:10358000FF92CF93C82F809140128150823008F073
:1035900069C00F947C1A109240120E94239B609382
:1035A000C6197093C7198093C8199093C919C09010
:1035B0008F19D0909019E0909119F09092190F9472
:1035C000810DAB01BC0140938F195093901960930A
:1035D0009119709392198091611890916218A0913D
:1035E0006318B09164188C199D09AE09BF09840F46
:1035F000951FA61FB71F8093611890936218A09320
:103600006318B0936418C1110AC0C1E00E943FFA68
:103610008C2FCF91FF90EF90DF90CF900895809105
:103620005F189091601801969093601880935F18CE
:103630000F94810DC0906518D0906618E0906718BF
:10364000F0906818C616D706E806F906F0F60F944B
:10365000810D609365187093661880936718909336
:103660006818D3CFC0E0D2CF8F929F92AF92BF9213
:10367000CF92DF92EF92FF920F931F93CF93DF933E
:103680000F94960F3AE0C32E30E2D32EE12CF12CAA
:1036900015E002E846015701CAE0D0E010921A1581
:1036A0001092191510930D15009310158092111595
:1036B00090921215A0921315B09214158DEB94E10F
:1036C0000F94931121978FEF881A980AA80AB80AC5
:1036D000209721F78AE0C80ED11CE11CF11C82ED75
:1036E000C81680E2D806E104F104A1F6C12C20E25C
:1036F000D22EE12CF12CD5E0C2E810921A151092CE
:103700001915D0930D15C0931015C0921115D092B4
:103710001215E0921315F09214158DEB94E10F94AD
:10372000931110921A1510921915D0930D15C0937C
:103730001015D701C6018C529F4FAF4FBF4F8093DA
:10374000111590931215A0931315B09314158DEBCA
:1037500094E10F9493118FEFC81AD80AE80AF80A77
:103760008AE0C81680E2D806E104F10431F69EED45
:10377000C92E90E2D92EE12CF12CD5E0C2E81092AE
:103780001A1510921915D0930D15C0931015C092EB
:103790001115D0921215E0921315F09214158DEBBD
:1037A00094E10F9493118FEFC81AD80AE80AF80A27
:1037B00086EEC81680E2D806E104F10401F7CC24B5
:1037C000C39482E1D82EE12CF12C0AE010E0D5E080
:1037D000C2E810931A1500931915D0930D15C093D4
:1037E0001015C0921115D0921215E0921315F09297
:1037F00014158DEB94E10F94931110931A15009307
:103800001915D0930D15C0931015D701C6018096D8
:10381000A11DB11D8093111590931215A09313153E
:10382000B09314158DEB94E10F9493118FEFC81A98
:10383000D80AE80AF80A85E1C81682E1D806E10448
:10384000F10439F6DF91CF911F910F91FF90EF9026
:10385000DF90CF90BF90AF909F908F9008950F937F
:103860001F93CF93DF9300D000D01F921F92CDB74C
:10387000DEB78091F00790E08A3091050CF067C1C7
:103880008AE08093F0078091F1079091F2078A30E7
:1038900091050CF062C18AE090E09093F20780936A
:1038A000F1078091EB07882309F45EC188EB9091C2
:1038B000EA07911184609091EC079A3009F48260D4
:1038C0001A8219829AE599839FEF9B838C83BE01AC
:1038D0006F5F7F4F80E890E00E947F7E2091F1072C
:1038E0003091F20744E6429FC001439F900D11249E
:1038F0002091F0072D832091EF072E839F838887E7
:10390000BE016B5F7F4F82E890E00E947F7E8091D6
:10391000EB0781112BC110921A151092191505E0B1
:1039200000930D1512E8109310158AE890E1A0E0BD
:10393000B0E08093111590931215A0931315B093D6
:1039400014158DEB94E10F94931189E090E090931E
:103950001A158093191500930D15109310158CE806
:1039600090E1A0E0B0E08093111590931215A09320
:103970001315B09314158DEB94E10F94931180916E
:10398000ED079091EE0790931A158093191505E0B5
:1039900000930D1512E81093101588E890E1A0E04F
:1039A000B0E08093111590931215A0931315B09366
:1039B00014158DEB94E10F9493118091ED07109203
:1039C000191580931A1500930D151093101581EA9F
:1039D00090E0A0E0B0E08093111590931215A093B1
:1039E0001315B09314158DEB94E10F94931120915E
:1039F000ED073091EE0737FDE4C02F3F310519F098
:103A000014F02FEF30E0032E000C440B550BA4E60E
:103A1000B0E00F9462442FEF30E040E050E00F94AC
:103A2000434430931A152093191505E000930D15A2
:103A300012E81093101580E491E1A0E0B0E08093CB
:103A4000111590931215A0931315B09314158DEBC7
:103A500094E10F9493118091F00790E090931A15E0
:103A60008093191500930D151093101582E491E1C0
:103A7000A0E0B0E08093111590931215A093131558
:103A8000B09314158DEB94E10F9493118091EF078F
:103A900090E090931A158093191500930D151093CB
:103AA000101584E491E1A0E0B0E0809311159093AB
:103AB0001215A0931315B09314158DEB94E10F9488
:103AC00093118091F1079091F20790931A158093CA
:103AD000191500930D151093101588E491E1A0E0DD
:103AE000B0E08093111590931215A0931315B09325
:103AF00014158DEB94E10F9493118091EA078823BC
:103B000009F463C083E090E090931A15809319152F
:103B100000930D151093101586E491E1A0E0B0E03C
:103B20008093111590931215A0931315B09314154B
:103B30008DEB94E10F94931128960FB6F894DEBFA5
:103B40000FBECDBFDF91CF911F910F9108958536A4
:103B500091050CF498CE84E694CE803992400CF412
:103B6000A0CE8FE892E099CE80EBA1CE2091ED0718
:103B70003091EE07C901019697FD4F9625E0959586
:103B800087952A95E1F7019790931A158093191557
:103B900005E000930D1512E8109310158AE890E1E6
:103BA000A0E0B0E08093111590931215A093131527
:103BB000B09314158DEB94E10F94931188E090E08D
:103BC000C6CE20E030E0A90122CF82E090E09CCF79
:103BD000AF92BF92CF92DF92EF92FF920F931F931B
:103BE000CF93DF9381E08093A2170E9424FA109272
:103BF000A217882309F4E9C00E9424FAF82E8FE660
:103C000098E30E942C3B0E94EE29882309F4BFC050
:103C100010E000E0D0E034E0C32E45E0D42E52E8BE
:103C2000E52EC0E0802F8170B82EAC2EAD0E8C2D0D
:103C30008C1BB11001C08C2FF801D89EE00DF11D36
:103C40001124EE0FFF1FEE0FFF1FEC56F34F20E085
:103C500030E04AE754E460817181828193810F945E
:103C6000433E0F942D4670931A1560931915D09208
:103C70000D15E09210158A2D90E08058974F880F0F
:103C8000991F092E000CAA0BBB0B80931115909362
:103C90001215A0931315B09314158DEB94E10F94A6
:103CA0009311CF5FC53009F6DB5F0F5F1F4FD9312E
:103CB00009F0B7CF83E090E090931A15809319151F
:103CC000C0930D15E092101585E490E1A0E0B0E0FE
:103CD0008093111590931215A0931315B09314159A
:103CE0008DEB94E10F94931181E00E94032A20E070
:103CF00030E0A9016091AE137091AF138091B013C1
:103D00009091B1130F94C144AB01BC0186E598E3D7
:103D10000E948A3820E030E0A9016091AE137091D2
:103D2000AF138091B0139091B1130F94C14420E070
:103D300030E048EC52E40F94433E0F942D467093CC
:103D40001A156093191585E080930D1582E880930C
:103D5000101586E290E1A0E0B0E0809311159093F9
:103D60001215A0931315B09314158DEB94E10F94D5
:103D700093110F942F1C8F2DDF91CF911F910F91D5
:103D8000FF90EF90DF90CF90BF90AF90089582E0CA
:103D900090E090931A158093191585E080930D1586
:103DA00082E88093101585E490E1A0E0B0E0809374
:103DB000111590931215A0931315B09314158DEB54
:103DC00094E10F94931180E090CF0F94FD0F0F9426
:103DD00002150E9456368CE898E30E949B32F12C23
:103DE000CACF2F923F924F925F926F927F928F92A3
:103DF0009F92AF92BF92CF92DF92EF92FF920F937A
:103E00001F93CF93DF93009709F0AAC11092E307A5
:103E10001092E2079093AE198093AD19BAE0CB2EC1
:103E2000B0E2DB2EE12CF12C15E002E8460157014F
:103E3000C4E1D0E010924C1410924B1410933F1434
:103E4000009342148092431490924414A09245141B
:103E5000B09246148FEE93E10F94931121972FEFB8
:103E6000821A920AA20AB20A209721F744E1C40EEC
:103E7000D11CE11CF11C8AE5C81680E2D806E104D9
:103E8000F104A1F6C12CA0E2DA2EE12CF12CD5E050
:103E9000C2E810924C1410924B14D0933F14C0936C
:103EA0004214C0924314D0924414E0924514F0920C
:103EB00046148FEE93E10F94931110924C141092CC
:103EC0004B14D0933F14C0934214D701C6018C52B7
:103ED0009F4FAF4FBF4F8093431490934414A093D0
:103EE0004514B09346148FEE93E10F949311EFEFC6
:103EF000CE1ADE0AEE0AFE0AFAE0CF16F0E2DF067C
:103F0000E104F10431F6FEEDCF2EF0E2DF2EE12CDC
:103F1000F12CD5E0C2E810924C1410924B14D093BF
:103F20003F14C0934214C0924314D0924414E092C0
:103F30004514F09246148FEE93E10F9493112FEFF6
:103F4000C21AD20AE20AF20A46EEC41640E2D406C7
:103F5000E104F10401F7CC24C394E2E1DE2EE12C6C
:103F6000F12C0AE010E0D5E0C2E810934C14009365
:103F70004B14D0933F14C0934214C0924314D09278
:103F80004414E0924514F09246148FEE93E10F949E
:103F9000931110934C1400934B14D0933F14C0937F
:103FA0004214D701C6018096A11DB11D8093431410
:103FB00090934414A0934514B09346148FEE93E16C
:103FC0000F9493118FEFC81AD80AE80AF80AE5E0AF
:103FD000CE16E2E1DE06E104F10439F60091E207D3
:103FE0001091E3070115110509F0D6C08091E10792
:103FF000882309F4E1C02AE030E240E050E06CE1BF
:1040000076E08FEE93E10E94307AC1E0D0E003E0E9
:1040100010E0E090E207F090E30735E0332E42E84D
:10402000242E44244A94542C64E0662E712C7FE1A3
:10403000C72E74E0D72E8091E2079091E307800F9E
:10404000911FE816F90608F0D5C0C7010E94FB7B56
:10405000882309F481C080914F1262E472E18823C1
:1040600011F06FE472E1FB0101900020E9F7CF014C
:104070000197861B970BF4E1FC9F9001FD9F300D8B
:104080001124265F3F4D50E040E0459710F0FB01C2
:10409000128A8FEE93E10E94307ACE018F5F9D4E9F
:1040A000B0E0A0E021964E0124E0880C991C2A95EE
:1040B000E1F7FDEF8F1AFFE99F0AB12CA12C2091A7
:1040C000971525FF7EC070924C1460924B1430926D
:1040D0003F14209242148093431490934414A0936D
:1040E0004514B09346148FEE93E10F949311D09240
:1040F0004C14C0924B1430923F1420924214809280
:10410000431490924414A0924514B09246148FEE3A
:1041100093E10F949311B70182EE92E30F94BA0FDB
:1041200080914F126FE472E1811102C062E472E18A
:104130008FED92E30E94B8406FE977E08BED92E358
:104140000E94B84062E472E18AED92E30E94B840B6
:1041500086ED92E30E949B322FEFE21AF20A6BCFB8
:104160002091E2073091E307A90141505109609184
:10417000AD197091AE196817790738F42C5F3F4F6D
:104180003093E3072093E20745CE4430510508F40D
:104190003DCE24503109F4CF0430110569F48091EB
:1041A000E107882331F083E090E09093E307809368
:1041B000E207D0E0C0E02DCFD0E0C0E004E010E0A6
:1041C00028CF10924C1410924B1430923F1420922E
:1041D00042148093431490934414A0934514B093D5
:1041E00046148FEE93E10F94931150924C14409229
:1041F0004B1481CFDF91CF911F910F91FF90EF90E2
:10420000DF90CF90BF90AF909F908F907F906F90F6
:104210005F904F903F902F90089589E592E30E9420
:104220002C3B0F94960F90E080E00F94F11E1092BB
:10423000030810920208109201080895CF92DF92AD
:10424000EF92FF921F93CF93DF93C82F41E063E675
:1042500079E30E9454378C2F0E945A368BE599E3FC
:104260000E949B3282EC98E30E942C3B41E069E47F
:1042700079E38C2F0E9454378C2F0E945A368CE29F
:1042800099E30E949B328C2F0E94E3388C2F0E946E
:1042900062828C2F0E9485398C2F0E94AF398C2F1F
:1042A0000E9463398C2F0E9411398C2F0E948F3805
:1042B0006EED78E38C2F0E942B82D0917D0C85EDE2
:1042C00098E30E949B326D2F70E090E080E00E94A6
:1042D000F17A40917E0C50917F0C6091800C70912E
:1042E000810C85EC9EE10E94863788EC98E30E9461
:1042F0009B3280917D0C0E941F340E94EE298823FE
:1043000099F184E9E82E8CE0F82ED0E0670110E006
:104310008C2F0E945A3682E299E30E949B32812FB1
:104320000E94DCD38FE199E30E949B328D2F0E9483
:10433000DCD385EC9EE10E949B32F60160817181A5
:104340008281938145E00E94F4D38AE00E949432F6
:104350001F5FF4E1CF0ED11C1530D1F6DF5F84E092
:10436000E80EF11CD53091F68C2F0E9450388C2F1E
:104370000E94B1388C2F0E942B348C2F0E94343E27
:1043800041E069EF78E38C2F0E9454378C2F0E9414
:104390005A36409183075091840760918507709148
:1043A000860780EF98E30E948A388C2F0E94643E33
:1043B00068E079E38C2FDF91CF911F91FF90EF9010
:1043C000DF90CF900C942B822F923F924F925F926E
:1043D0006F927F928F929F92AF92BF92CF92DF9215
:1043E000EF92FF920F931F93CF93DF9300D01F9212
:1043F000CDB7DEB7ADB6BEB64DEB642E44E1742E3C
:104400005AE5452E65EA562E9091A41980913619E9
:1044100020913719821B8F7309F0ECC080917819B5
:104420008111D8C11092AB198091A9199091AA1944
:104430009C012F5F3F4F3093AA192093A9198E3EFC
:10444000924008F4CFC16091321370913313809180
:104450003413909135130F942D4670931A15609371
:10446000191505E000930D1512E81093101586E359
:1044700090E1A0E0B0E08093111590931215A09305
:104480001315B09314158DEB94E10F949311609173
:1044900006137091071380910813909109130F94DC
:1044A0002D4670931A156093191500930D151093EE
:1044B00010158CE390E1A0E0B0E08093111590938B
:1044C0001215A0931315B09314158DEB94E10F946E
:1044D0009311809136139091371390931A1580930E
:1044E000191500930D151093101584E390E1A0E0C9
:1044F000B0E08093111590931215A0931315B0930B
:1045000014158DEB94E10F94931180910A139091FF
:104510000B1390931A158093191500930D15109392
:1045200010158AE390E1A0E0B0E08093111590931C
:104530001215A0931315B09314158DEB94E10F94FD
:10454000931110921A151092191500930D151093CE
:10455000101580E590E1A0E0B0E0809311159093F4
:104560001215A0931315B09314158DEB94E10F94CD
:10457000931110921A151092191500930D1510939E
:1045800010158EE490E1A0E0B0E0809311159093B7
:104590001215A0931315B09314158DEB94E10F949D
:1045A00093110E94B2F98823A1F090913F022091CB
:1045B000AC19E92F092E000CFF0B2E171F0609F06E
:1045C0002DC12091A7193091A819243631050CF07E
:1045D00025C19091E407911191C1882309F43BC151
:1045E0008091A7199091A81901969093A81980938A
:1045F000A71931C1913009F440C0B0F1923009F4EB
:1046000044C0933009F002CF809136199091371948
:10461000891B8F739091A319891708F4FFCE0E940C
:104620004A31282E8091A31933243A94380ECDB6FE
:10463000DEB68150990BADB7BEB7A81BB90B0FB64C
:10464000F894BEBF0FBEADBF0DB71EB70F5F1F4FB3
:10465000780148013A94BFEF3B1611F10E944A31AC
:10466000F40181934F01F6CF0E944A318A3509F057
:10467000CBCE21E02093A419C7CE0E944A31853ABF
:1046800069F482E08093A419BFCE0E944A318093DE
:10469000A31983508E3710F483E0F4CF80E0F2CF7B
:1046A000F2E82F1208C01092A4190FB6F894DEBEDB
:1046B0000FBECDBEA9CEB3E82B12F5CFF8016081B5
:1046C00071817627672776279280492D440FCB0189
:1046D000B0E0A0E08093C1149093C214A093C314DF
:1046E000B093C4149092BD1490E080E050E0F2E0EA
:1046F000EF0EF11C8417950770F4FC01EE7FE75371
:10470000FB4ED70111963C91119712962C91318353
:1047100020830296ECCF8CED90E30F94BA0F692DB5
:1047200084ED90E30E946141F801F3808FEC90E307
:104730000E949B328F2D0E94DCD3D80114966C917D
:1047400088EC90E30E946141F801F58083EC90E3EE
:104750000E949B328F2D0E94DCD3D80116966C915B
:104760008CEB90E30E9461411092A4190FB6F8946B
:10477000DEBE0FBECDBE8091C9149091CA14892BA4
:10478000C9F085EF90E30E942C3B6091F80C16165F
:10479000F4F4062E000C770B8AEE90E30E94F639B3
:1047A000F30120E511922A95E9F74092BE14509248
:1047B000BF142ACE8091C1149091C214A091C31449
:1047C000B091C414892B8A2B8B2BD9F627CE0E944B
:1047D0003CA31ACE8091AB19883708F023CE8F5FA7
:1047E0008093AB190FB6F894BEBE0FBEADBE0F904E
:1047F0000F900F900F90DF91CF911F910F91FF902D
:10480000EF90DF90CF90BF90AF909F908F907F9070
:104810006F905F904F903F902F9008959C3008F0DC
:1048200068C08827E95EFB4D8E4F0D94B844C401E3
:1048300050011A01C0017601B4019E012C017C01D6
:10484000B80002018A018CE492E30F944A1A109294
:10485000A8191092A71981E0809378191092AA19CB
:104860001092A9198091F80C811174C01092A619A8
:104870008091A619853620F01092A6191092F80C96
:10488000E091F80CE150E73008F0A3C00E2E000CC8
:10489000FF0B8827E15BFB4D8E4F0D94B844EA0077
:1048A0009A015A019C01B000A200C6008BE392E37A
:1048B000CCCF8DE292E3C9CF89E192E3C6CF86E007
:1048C00092E3C3CF86EB92E3C0CF89EF91E3BDCFF4
:1048D0008BEE91E3BACF8BED91E3B7CF8EEC91E302
:1048E000B4CF8EEB91E3B1CF82EB91E30E942C3BEE
:1048F000AECF81EA91E30F947D18A9CF811125C035
:1049000081E09AE590931A158093191585E390E05C
:1049100090931C1580931B1587E080930D1582E8FA
:104920008093101584E890E0A0E0B0E0809311152A
:1049300090931215A0931315B09314158DEB94E179
:104940000F9493111092E40782CF1092E40784E64B
:1049500090E04BCE0E94BDF9811188CF8091A619BD
:104960008F5F8093A61984CF0F948E0F882389F1CF
:1049700083E991E30E942C3B81E09AE590931A151C
:104980008093191586E390E090931C1580931B1576
:1049900087E080930D1582E88093101584E890E0FD
:1049A000A0E0B0E08093111590931215A093131519
:1049B000B09314158DEB94E10F9493111092F80CB1
:1049C00008C00F948E0F882321F00E94BDF9882320
:1049D000A9F380917D0C882309F4B9C583E090E0A8
:1049E00090931A158093191585E080930D1582E830
:1049F0008093101585E490E1A0E0B0E0809311155C
:104A000090931215A0931315B09314158DEB94E1A8
:104A10000F94931180919E07882309F49BC583E02E
:104A200090E090931A158093191585E080930D15E9
:104A300082E88093101588E190E1A0E0B0E08093D7
:104A4000111590931215A0931315B09314158DEBB7
:104A500094E10F9493118091590C882309F47DC53A
:104A600083E090E090931A158093191585E0809368
:104A70000D1582E8809310158AE190E1A0E0B0E086
:104A80008093111590931215A0931315B0931415DC
:104A90008DEB94E10F94931180917919811160C588
:104AA00089E18093791968EB7BE080E090E00F94D6
:104AB0007B0F20917919822F90E0253608F08CC564
:104AC00090931A158093191585E080930D1582E84F
:104AD0008093101580E090E1A0E0B0E08093111584
:104AE00090931215A0931315B09314158DEB94E1C8
:104AF0000F9493110E94BDF981117FC510919715F4
:104B000012FB002700F912FF02C017FF76C50E94B2
:104B1000762D811172C580914012813009F46DC5E6
:104B2000002311F017FF69C50E94822D811165C510
:104B30002091ED073091EE0737FD02C00D94002E55
:104B400020E030E0A901A4E6B0E00F9462442FEF2A
:104B500030E040E050E00F94434430931A15209326
:104B6000191505E000930D1512E81093101580E457
:104B700091E1A0E0B0E08093111590931215A093FD
:104B80001315B09314158DEB94E10F94931180914C
:104B9000F00790E090931A158093191500930D1566
:104BA0001093101582E491E1A0E0B0E0809311151C
:104BB00090931215A0931315B09314158DEB94E1F7
:104BC0000F9493118091EF0790E090931A158093C2
:104BD000191500930D151093101584E491E1A0E0D0
:104BE000B0E08093111590931215A0931315B09314
:104BF00014158DEB94E10F9493118091F10790912E
:104C0000F20790931A158093191500930D151093C0
:104C1000101588E491E1A0E0B0E080931115909325
:104C20001215A0931315B09314158DEB94E10F9406
:104C300093118091EA07882309F4EEC783E090E09E
:104C400090931A158093191500930D151093101554
:104C500086E491E1A0E0B0E08093111590931215E5
:104C6000A0931315B09314158DEB94E10F94931149
:104C700020E030E040E251E460910D0D70910E0DA6
:104C800080910F0D9091100D0F94433E0F94344678
:104C900070931A156093191505E000930D1512E82D
:104CA0001093101582E492E1A0E0B0E0809311151A
:104CB00090931215A0931315B09314158DEB94E1F6
:104CC0000F94931120E030E040E251E46091110D27
:104CD0007091120D8091130D9091140D0F94433E1D
:104CE0000F94344670931A156093191500930D159F
:104CF0001093101586E492E1A0E0B0E080931115C6
:104D000090931215A0931315B09314158DEB94E1A5
:104D10000F94931120E030E040E251E46091150DD2
:104D20007091160D8091170D9091180D0F94433EC0
:104D30000F94344670931A156093191500930D154E
:104D4000109310158AE492E1A0E0B0E08093111571
:104D500090931215A0931315B09314158DEB94E155
:104D60000F94931120E030E040E251E46091190D7E
:104D700070911A0D80911B0D90911C0D0F94433E64
:104D80000F94344670931A156093191500930D15FE
:104D9000109310158EE492E1A0E0B0E0809311151D
:104DA00090931215A0931315B09314158DEB94E105
:104DB0000F9493116091F90C7091FA0C8091FB0C97
:104DC0009091FC0C0F94E23D20E030E048EC52E47E
:104DD0000F94BB450F94344670931A1560931915C0
:104DE00000930D151093101580E892E1A0E0B0E05B
:104DF0008093111590931215A0931315B093141569
:104E00008DEB94E10F9493116091FD0C7091FE0C69
:104E10008091FF0C9091000D0F94E23D20E030E076
:104E200048EC52E40F94BB450F94344670931A1526
:104E30006093191500930D151093101582E892E1F7
:104E4000A0E0B0E08093111590931215A093131574
:104E5000B09314158DEB94E10F9493116091010DB3
:104E60007091020D8091030D9091040D0F94E23D1D
:104E700020E030E040E251E40F94BB450F9434460B
:104E800070931A156093191500930D151093101552
:104E900084E892E1A0E0B0E08093111590931215A0
:104EA000A0931315B09314158DEB94E10F94931107
:104EB0006091050D7091060D8091070D9091080D80
:104EC0000F94E23D0F94344670931A1560931915B0
:104ED00000930D151093101586E892E1A0E0B0E064
:104EE0008093111590931215A0931315B093141578
:104EF0008DEB94E10F94931160911D0D70911E0D37
:104F000080911F0D9091200D0F94344670931A15C7
:104F10006093191500930D151093101588E792E111
:104F2000A0E0B0E08093111590931215A093131593
:104F3000B09314158DEB94E10F9493116091210DB2
:104F40007091220D8091230D9091240D0F94344681
:104F500070931A156093191500930D151093101581
:104F60008AE792E1A0E0B0E08093111590931215CA
:104F7000A0931315B09314158DEB94E10F94931136
:104F80006091250D7091260D8091270D9091280D2F
:104F90000F94344670931A156093191500930D15EC
:104FA000109310158CE792E1A0E0B0E0809311150A
:104FB00090931215A0931315B09314158DEB94E1F3
:104FC0000F9493116091290D70912A0D80912B0DF2
:104FD00090912C0D0F94344670931A156093191507
:104FE00000930D15109310158EE792E1A0E0B0E04C
:104FF0008093111590931215A0931315B093141567
:105000008DEB94E10F94931120E030E048EC52E4F2
:1050100060918E0770918F07809190079091910712
:105020000F94433E0F94344670931A1560931915EC
:1050300000930D151093101580E792E1A0E0B0E009
:105040008093111590931215A0931315B093141516
:105050008DEB94E10F94931120E030E048EC52E4A2
:1050600060919207709193078091940790919507B2
:105070000F94433E0F94344670931A15609319159C
:1050800000930D151093101582E792E1A0E0B0E0B7
:105090008093111590931215A0931315B0931415C6
:1050A0008DEB94E10F94931120E030E048EC52E452
:1050B0006091960770919707809198079091990752
:1050C0000F94433E0F94344670931A15609319154C
:1050D00000930D151093101584E792E1A0E0B0E065
:1050E0008093111590931215A0931315B093141576
:1050F0008DEB94E10F94931120E030E048EC52E402
:1051000060919A0770919B0780919C0790919D07F1
:105110000F94433E0F94344670931A1560931915FB
:1051200000930D151093101586E792E1A0E0B0E012
:105130008093111590931215A0931315B093141525
:105140008DEB94E10F94931120E030E048EC52E4B1
:105150006091A6137091A7138091A8139091A91341
:105160000F94433E0F942D4670931A1560931915B2
:1051700000930D151093101586E392E1A0E0B0E0C6
:105180008093111590931215A0931315B0931415D5
:105190008DEB94E10F94931120E030E048EC52E461
:1051A0006091AA137091AB138091AC139091AD13E1
:1051B0000F94433E0F942D4670931A156093191562
:1051C00000930D15109310158AE392E1A0E0B0E072
:1051D0008093111590931215A0931315B093141585
:1051E0008DEB94E10F9493118091390290913A02E2
:1051F00090931A158093191500930D15109310159F
:1052000082E592E1A0E0B0E0809311159093121531
:10521000A0931315B09314158DEB94E10F94931193
:10522000809137029091380290931A158093191546
:1052300000930D151093101584E592E1A0E0B0E005
:105240008093111590931215A0931315B093141514
:105250008DEB94E10F94931120E030E040E251E4B3
:1052600060914E1370914F13809150139091511390
:105270000F94433E0F94344670931A15609319159A
:1052800000930D151093101586E592E1A0E0B0E0B3
:105290008093111590931215A0931315B0931415C4
:1052A0008DEB94E10F9493112CEA35EC47E25EE329
:1052B0006091521370915313809154139091551330
:1052C0000F94BB4520E030E040E251E40F94433EB0
:1052D0000F94344670931A156093191500930D15A9
:1052E000109310158AE592E1A0E0B0E080931115CB
:1052F00090931215A0931315B09314158DEB94E1B0
:105300000F9493112CEA35EC47E25EE3609156135B
:105310007091571380915813909159130F94433EF5
:1053200020E030E040E251E40F94433E0F943446D5
:1053300070931A156093191500930D15109310159D
:105340008EE592E1A0E0B0E08093111590931215E4
:10535000A0931315B09314158DEB94E10F94931152
:1053600020E030E040E251E4609122137091231379
:1053700080912413909125130F94433E0F9434464B
:1053800070931A156093191500930D15109310154D
:1053900082E692E1A0E0B0E080931115909312159F
:1053A000A0931315B09314158DEB94E10F94931102
:1053B0002CEA35EC47E25EE36091261370912713E7
:1053C00080912813909129130F94BB4520E030E081
:1053D00040E251E40F94433E0F94344670931A1503
:1053E0006093191500930D151093101586E692E140
:1053F000A0E0B0E08093111590931215A0931315BF
:10540000B09314158DEB94E10F9493112CEA35ECC5
:1054100047E25EE360912A1370912B1380912C1365
:1054200090912D130F94433E20E030E040E251E490
:105430000F94433E0F94344670931A1560931915D8
:1054400000930D15109310158AE692E1A0E0B0E0EC
:10545000DAC185E891E30E942C3B81E09AE59093C4
:105460001A158093191580E490E090931C15809391
:105470001B1517E010930D1582E88093101584E832
:1054800090E0A0E0B0E08093111590931215A093E6
:105490001315B09314158DEB94E10F9493111093A1
:1054A000F80C97CA8091E607882309F492CA0F94F2
:1054B0008E0F882309F48DCA0E94BDF9811189CA13
:1054C00087E791E30E942C3B1092E60777CA0F947E
:1054D0008E0F882309F47DCA0E94BDF9811179CA13
:1054E0001092F80C89E691E30E942C3B81E09AE54A
:1054F00090931A15809319158EE490E090931C15E3
:1055000080931B1587E080930D1582E8809310151A
:1055100084E890E0A0E0B0E080931115909312151C
:10552000A0931315B09314158DEB94E10F94931180
:1055300050CA0E94BDF981114CCA19821A821B827D
:105540001C8262E0CE0101960E94969937CA82E0E1
:1055500090E046CA82E090E064CA82E090E082CAAD
:105560008A3F08F0A6CA0F94CC0E882371F10F94DD
:105570000D218EEF8093791980E591E30E942C3BF9
:1055800081E09AE590931A15809319158DE290E0C9
:1055900090931C1580931B1587E080930D1582E86E
:1055A0008093101584E890E0A0E0B0E0809311159E
:1055B00090931215A0931315B09314158DEB94E1ED
:1055C0000F949311109278190DC981E691E390938D
:1055D000E0078093DF07CDCF8456910990931A1589
:1055E0008093191585E080930D1582E8809310153E
:1055F00081E090E1A0E0B0E071CA8091420D90910D
:105600004C02899FC0011124880F892F881F990B94
:105610009195A4E68A9FC001112481589F4F6FEF96
:1056200070E00F94A44470931A156093191515E057
:1056300010930D1582E8809310158EE190E1A0E0A3
:10564000B0E08093111590931215A0931315B093A9
:1056500014158DEB94E10F9493110F94810D20E1BB
:105660003EE040E050E00F94214421153105B1E0C7
:105670004B07510508F475C050931A15409319153E
:1056800030931C1520931B1587E080930D1512E8AD
:105690001093101580E190E1A0E0B0E08093111527
:1056A00090931215A0931315B09314158DEB94E1FC
:1056B0000F9493110F94810D20E13EE040E050E003
:1056C0000F9421442CE330E040E050E00F9421445B
:1056D00030931A152093191505E000930D151093BA
:1056E000101582E190E1A0E0B0E080931115909355
:1056F0001215A0931315B09314158DEB94E10F942C
:1057000093110E94E9F924E630E0B9010F94904426
:10571000662309F470C26F5F6093A519E62EF12C21
:10572000633330F5EE0CFF1CF0921A15E092191558
:1057300000930D15109310158EE090E1A0E0B0E0FD
:105740008093111590931215A0931315B09314150F
:105750008DEB94E10F94931110921A151092191574
:1057600029C030931A152093191510930D158FCF5A
:1057700030931A152093191500930D1510931015D9
:105780008EE090E1A0E0B0E08093111590931215A7
:10579000A0931315B09314158DEB94E10F9493110E
:1057A000E2E3EE1AE0E8FE0AEE0CFF1CF0921A1596
:1057B000E092191500930D15109310158FE090E1EC
:1057C000A0E0B0E08093111590931215A0931315EB
:1057D000B09314158DEB94E10F9493110E94E9F9A5
:1057E00064E670E00F949044772770931A156093E5
:1057F000191585E080930D1582E88093101586E1D8
:1058000090E1A0E0B0E08093111590931215A09361
:105810001315B09314158DEB94E10F94931120E0C0
:1058200030E0A9016091AE137091AF138091B01375
:105830009091B1130F94C14420E030E048EC52E461
:105840000F94433E0F942D4670931A1560931915CB
:1058500005E000930D1512E81093101586E290E113
:10586000A0E0B0E08093111590931215A09313154A
:10587000B09314158DEB94E10F94931180912B024A
:1058800090912C0290931A158093191500930D1581
:105890001093101580E093E1A0E0B0E08093111523
:1058A00090931215A0931315B09314158DEB94E1FA
:1058B0000F9493118091FB07811105C08091FD0722
:1058C000882309F469C020E030E048EC52E460919C
:1058D00032137091331380913413909135130F94D8
:1058E000433E6B017C016091361370913713072E94
:1058F000000C880B990B0F94E43D9B01AC01C70190
:10590000B6010F94BB450F9434466536710510F00F
:1059100064E670E070931A156093191505E0009322
:105920000D1512E81093101584E290E1A0E0B0E0AC
:105930008093111590931215A0931315B09314151D
:105940008DEB94E10F949311C0903213D0903313E8
:10595000E0903413F090351320E030E04AE253E455
:10596000C701B6010F942147181624F48091FB0754
:10597000811155C16091361370913713072E000CB9
:10598000880B990B0F94E43D9B01AC01C701B60154
:105990000F94214787FFBBC18091E607882339F127
:1059A0008091E50791E0980F9093E50790E0909340
:1059B0001A158093191585E080930D1582E8809360
:1059C000101582E490E1A0E0B0E08093111590936F
:1059D0001215A0931315B09314158DEB94E10F9449
:1059E00093118091E5078A3010F01092E5070F942B
:1059F000CC0E882309F4BEC160910208709103089F
:105A000001E010E061157105A9F090E080E00F94CD
:105A1000E23D20E030E040E85EE30F94433E0F9427
:105A20009F4520E030E040E85FE30F94C1440F94CD
:105A300034468B01EE24E394F12C8091E10781112F
:105A400002C0F12CE12C8091ED139091EE138F3F69
:105A5000980711F40E942DD09093EE138093ED13CC
:105A60008E0D9F1DBC0190E080E00F94E23D20E090
:105A700030E040E85EE30F94433E0F949F456B0196
:105A80007C0110931A150093191505E000930D156C
:105A900012E81093101580E193E1A0E0B0E080934C
:105AA000111590931215A0931315B09314158DEB47
:105AB00094E10F949311C701B6010F94344670938B
:105AC0001A156093191500930D151093101582E1A6
:105AD00093E1A0E0B0E08093111590931215A0938C
:105AE0001315B09314158DEB94E10F9493118091DD
:105AF000C1149091C214A091C314B091C4148C34F9
:105B000020E19207A105B10509F45CCD8A349041EA
:105B1000A105B10509F456CD20E030E040E251E4A2
:105B200060914C0D70914D0D80914E0D90914F0DE7
:105B30000F94433E0F942D4670931A1560931915D8
:105B400005E000930D1512E81093101588E490E11C
:105B5000A0E0B0E08093111590931215A093131557
:105B6000B09314158DEB94E10F94931120E030E085
:105B700040E251E46091500D7091510D8091520DB1
:105B80009091530D0F94433E0F942D4670931A1528
:105B90006093191500930D15109310158AE490E188
:105BA000A0E0B0E08093111590931215A093131507
:105BB000B09314158DEB94E10F94931120E030E035
:105BC00040E251E46091540D7091550D8091560D55
:105BD0009091570D0F94433E0F942D4670931A15D4
:105BE0006093191500930D15109310158CE490E136
:105BF000A0E0B0E0DBCC10921A151092191598CDE8
:105C00002F3F310519F014F02FEF30E0032E000C78
:105C1000440B550B0D94A32582E090E011C810921F
:105C2000FB0720E030E040E251E46091F30770911F
:105C3000F4078091F5079091F6070F94433E0F9477
:105C40002D4670931A156093191500930D15109336
:105C5000101584E590E1A0E0B0E0809311159093D9
:105C60001215A0931315B09314158DEB94E10F94B6
:105C7000931120E030E040E251E46091F707709129
:105C8000F8078091F9079091FA070F94433E0F941B
:105C90002D4670931A156093191500930D151093E6
:105CA000101588E590E1A0E0B0E080931115909385
:105CB0001215A0931315B09314158DEB94E10F9466
:105CC00093118FE291E30E942C3B81E09AE590933F
:105CD0001A158093191581E490E090931C15809318
:105CE0001B1587E080930D151093101584E890E044
:105CF000A0E0B0E08093111590931215A0931315B6
:105D0000B09314158DEB94E10F94931145CE6091EF
:105D1000FD07662309F440CE062E000C770B86E1C2
:105D200091E30E94F6391092FD0784E090E0909391
:105D30001A158093191585E080930D1512E81093BC
:105D400010158EE890E1A0E0B0E0809311159093DB
:105D50001215A0931315B09314158DEB94E10F94C5
:105D6000931181E09AE590931A158093191583E5B4
:105D700090E0B3CF10921A151092191505E0009318
:105D80000D1512E81093101580E193E1A0E0B0E04A
:105D90008093111590931215A0931315B0931415B9
:105DA0008DEB94E10F94931110921A15109219151E
:105DB0008ACE0E9430C70C942AC70F931F93CF93AB
:105DC000DF932091291221112BC08C0160E08DE11D
:105DD0009FE10E941D33C8010F94D92EF801019054
:105DE0000020E9F73197EF01C01BD10BC034D1057A
:105DF0002CF08291807C8038E1F3F5CFDD27AE0175
:105E0000B80189EE91E10F942F48C751DE4E1882F8
:105E100089EE91E1DF91CF911F910F910D9438148C
:105E2000DF91CF911F910F910895CF92DF92EF9262
:105E3000FF920F931F93CF93DF93CDB7DEB7A69753
:105E40000FB6F894DEBF0FBECDBF182F0F94B70169
:105E5000812309F46BC04091290650912A06609174
:105E60002B0670912C064F8F58A369A37AA330E0BC
:105E700020E0E0E090E0AC01022E02C0559547958D
:105E80000A94E2F740FF11C063E270E06C0F7D1FDF
:105E90006E0F711D4FE150E04C0F5D1F420F531FFD
:105EA000DA014C91DB014C93EF5F2F5F3F4F2330C2
:105EB000310509F78E010D5D1F4FE00FF12FF11D28
:105EC00010821F930F9384EEC82E83E3D82EDF92A7
:105ED000CF92CE0101967C019F938F930F94743DD6
:105EE0000E945636C7010F94D92E1F930F93DF924D
:105EF000CF92FF92EF920F94743D60E0C7010F9430
:105F0000DD2E0FB6F894DEBF0FBECDBF81E0A696A2
:105F10000FB6F894DEBF0FBECDBFDF91CF911F91BA
:105F20000F91FF90EF90DF90CF90089580E0EFCF3A
:105F3000CF93DF938CE995E10E94BD288BEF96E12A
:105F40000E94BD28CBEFD6E16B97CE010E94BD2801
:105F500085E1CD3ED807C1F782ED95E10E94BD28CD
:105F600087EB95E1DF91CF910C94BD281F93CF93E0
:105F7000DF931092B7151092BA151092D2151092A5
:105F8000D515EDEEF5E18BEF96E1108213827B964D
:105F90008E179F07D1F78CE193E090938817809339
:105FA00087171092891789E180938B1710928E17AB
:105FB0001092E9121092FB161092FE1681E0809367
:105FC000391310923A1310923B1310923C13109213
:105FD0003D1310923E1310923F13109240131092F3
:105FE00041131092421310924313109244131092D3
:105FF00045131092461310924713109248131092B3
:10600000491310924A1310924B1310924C13109292
:106010004D1310924E1310924F1310925013109272
:106020005113109252131092531310925413109252
:106030005513109256131092571310925813109232
:10604000591380930D1310920E1310920F13109288
:106050001013109211131092121310921313109226
:106060001413109215131092161310921713109206
:1060700018131092191310921A1310921B131092E6
:106080001C1310921D1310921E1310921F131092C6
:1060900020131092211310922213109223131092A6
:1060A0002413109225131092261310922713109286
:1060B00028131092291310922A1310922B13109266
:1060C0002C1310922D131092F0121092F1121092C4
:1060D000F2121092F3121092F4121092F91210921E
:1060E000FA121092FB121092FC121092FD12809183
:1060F000A213883108F001C191E0980F9093A21388
:106100008093A31390E0FC01EE0FFF1FE80FF91F2F
:10611000E65AFC4E88EB9BE09283818386EA93E10A
:106120009093B3138093B2131092D5131092D61399
:106130001092D7131092D8131092D1131092D21339
:106140001092D3131092D4131092CD131092CE1339
:106150001092CF131092D0131092C9131092CA1339
:106160001092CB131092CC131092C5131092C61339
:106170001092C7131092C8131092C1131092C21339
:106180001092C3131092C4131092BD131092BE1339
:106190001092BF131092C0131092B9131092BA1339
:1061A0001092BB131092BC13109283171092841795
:1061B000109285171092861710927F1710928017F1
:1061C000109281171092821710927B1710927C17F1
:1061D00010927D1710927E171092771710927817F1
:1061E0001092791710927A171092731710927417F1
:1061F00010927517109276171092B8131092B71369
:106200001092B6131092B5131092B41384E08093D9
:10621000DC131092DA131092D9131092DB13DAE523
:10622000D0934014D093F013C5EAC0934114C093A7
:10623000F1131EE2EFE8F4E1DF01412F1D924A95D0
:10624000E9F78FEF9FEF9093EE138093ED130F9488
:10625000960FD0930E15D093BE14C0930F15C09314
:10626000BF14EDE5F5E1DF011D921A95E9F71092F3
:106270009C1510929F1591E090938B1527E837E1BC
:10628000309399152093981580919715847E8B7F74
:10629000809397151092931510929415109295155E
:1062A0001092961510928F151092901510929115CC
:1062B0001092921510928E1510928D1510928C15C9
:1062C000EDEEF5E12EE031E0DF01A9011D92415034
:1062D0005040E1F780910A018E7F80930A018091FE
:1062E0000B01809581708093090190939A1510920B
:1062F0009B15DF91CF911F9108958FEF8093A3138A
:106300000DCFCF93DF93CDB7DEB7EB970FB6F894F1
:10631000DEBF0FBECDBF789484B5826084BD84B5E6
:10632000816084BD85B5826085BD85B5816085BD90
:1063300080916E00816080936E0010928100809148
:1063400081008260809381008091810081608093D0
:106350008100809180008160809380008091B100F5
:1063600084608093B1008091B00081608093B00020
:106370008091910082608093910080919100816072
:106380008093910080919000816080939000809133
:10639000A10082608093A1008091A1008160809320
:1063A000A1008091A00081608093A00080912101D4
:1063B000826080932101809121018160809321017D
:1063C0008091200181608093200180917A00846017
:1063D00080937A0080917A00826080937A00809125
:1063E0007A00816080937A0080917A00806880933F
:1063F0007A001092C1000091D01914BE1092C00012
:106400008091C00082608093C0001092C50087E038
:106410008093C4008091C10080618093C10080910D
:10642000C10088608093C1008091C1008068809322
:10643000C1000E94239B6B017C0128EEC20E23E069
:10644000D21EE11CF11C8AE995E10E94932D88235C
:1064500009F491C08FE290E30E949B32269A2E9815
:10646000259A2D988091420390914303A091440373
:10647000B091450389A39AA3ABA3BCA3CE01819697
:106480009BAB8AABFE01B596FEA3EDA3812CA4E2E3
:106490009A2EA4EFAA2EB12CEAA9FBA96191FBAB1D
:1064A000EAABCE0101960E94A42D8A89811105C113
:1064B0008989882309F401C1FF85F9A722242A9438
:1064C000322CF23019F422242A94312C29813A8179
:1064D0003DAB2CAB8B819C8198A78FA38EE0E6E42B
:1064E000F3E0DE01539601900D928A95E1F799A5AC
:1064F000923009F049C0E1E0E8AFF3E0F9AFCE0136
:1065000043969FAB8EAB11E091E09AA719AAEFEFEB
:10651000F0E0F8ABEFA77DEFE72EF12CEEA9FFA995
:10652000C190D190FFABEEABF9A5F23091F120E232
:10653000C216D10409F491C030E8C316D10409F49D
:106540008CC088EE93E0C89E9001C99E300DD89E05
:10655000300D112450E040E0C501B4010F944344D4
:10656000C9010197369527950097A9F4E1E0F0E07D
:10657000FCA7EBA717C00E94239B6C197D098E090D
:106580009F0997FDF8CF66CF2AE028AF3EE039AFEC
:10659000B6CF9101C1013CA62BA68215930510F43C
:1065A0009CA78BA72115310509F4A2C13EA62DA6F3
:1065B0002215330510F43EA72DA78BA59CA50196A7
:1065C0008C9D90018D9D300D9C9D300D112450E0CF
:1065D00040E0C501B4010F94434429013BAF2AAF09
:1065E000CC0CDD1C8DA59EA5C89E9001C99E300DCA
:1065F000D89E300D112450E040E0C501B4010F9445
:106600004344F90199EEE91693E0F90608F473C1E1
:10661000B70188EE93E0DB01A81BB90B8AAD9BADF7
:10662000893E934008F46BC1B20188EE93E0681B89
:10663000790BE93EF34008F466C1C901E8EEF3E0E6
:106640008E1B9F0B6A177B0724F4861797070CF0A5
:106650005EC18A179B070CF463C11F5F183009F0F5
:106660005DCFECA9FDA980818C7F9AA59370892BC1
:106670008083EFA1F8A52081FAA58F2F90E0959552
:1066800087959595879543E0880F991F4A95E1F77F
:10669000277E822BEFA1F8A580838081887FF9A9CE
:1066A0008F2BEFA1F8A58083F9A5F23031F0ED85AD
:1066B000FE852FA538A9318320838DA19EA1EAA94B
:1066C000FBA98E179F0709F0E7CE0E94642D00FFFB
:1066D00004C086E290E30E949B3201FF04C085E182
:1066E00090E30E949B3202FF04C083E090E30E948B
:1066F0009B3203FF04C082EF9FE20E949B3205FFA2
:1067000004C081EE9FE20E949B3281ED9FE20E94D5
:106710009B320E9456368DE99FE20E949B320E9476
:10672000563685E89FE20E949B320E945636809141
:10673000CA199091CB199E012F5F3F4F5901B901A2
:10674000009709F4F6C0681B790B86E79FE20E9468
:10675000E93960EA73E08FE59FE20F94D90F389A28
:106760004098109258181092591810925A18109276
:106770005B180E94313B0E94C37C809131198111CA
:1067800007C00F94E81D882319F081E08093311928
:1067900020917218309173184091741850917518A7
:1067A00060914C0D70914D0D80914E0D90914F0D5B
:1067B0000F94C14460934C0D70934D0D80934E0D1A
:1067C00090934F0D2091761830917718409178185A
:1067D000509179186091500D7091510D8091520D2A
:1067E0009091530D0F94C1446093500D7093510DCF
:1067F0008093520D9093530D20917A1830917B180D
:1068000040917C1850917D186091540D7091550DF8
:106810008091560D9091570D0F94C1446093540D83
:106820007093550D8093560D9093570D0F94EF076D
:10683000249A2C98809101018062809301018091BB
:106840000201807280930001809101018064809335
:10685000010180910201809580748093000187ED91
:1068600080937A0010927E0010927D0080917D00CE
:10687000806280937D0080917D00806480937D00A4
:1068800080E887BD80916E00826080936E00E1EAAF
:10689000F7E1C590D49035E0C316D1041CF485E02F
:1068A000C82ED12CD0926002C0925F020D2C000C39
:1068B000EE08FF0880915B0290915C020E94338891
:1068C0002B013C01C701B6010F94E43D9B01AC01D3
:1068D000C301B2010F94DD3D87FF2EC080915B02A2
:1068E00090915C02409790935C0280935B02E2CFB0
:1068F00021E030E060CEC70168EE73E08CCEC201CB
:1069000068EE73E094CEF90188EE93E099CE7201BF
:1069100099AD9AA719ABEBA5FCA5F8ABEFA79DCE57
:106920007901F8ADFAA719AB2DA53EA538AB2FA775
:1069300094CE605D794109CFE5EAF6E1C590D49047
:1069400061E0C61AD1088CE3C81681E0D80624F0AD
:106950000BE3C02EDD24D394D0926202C092610278
:106960000D2C000CEE08FF0880915D0290915E02F4
:106970000E9433882B013C01C701B6010F94E43D0E
:106980009B01AC01C301B2010F942147181654F4C6
:1069900080915D0290915E02409690935E0280939A
:1069A0005D02E2CF0091590210915A02C8010E9483
:1069B00001C220E030E040EA50E40F94DD3D87FF63
:1069C00007C00051110910935A0200935902EACFEF
:1069D0000091321910913319C8010E9401C220E0C0
:1069E00030E046E153E40F94214718163CF4005F71
:1069F0001F4F1093331900933219EACF0F94B30D40
:106A000019A282E390E09C8B8B8B1A82198201E0A1
:106A1000950141E050E0BE016F5D7F4FCE0143968E
:106A20000E94672E89A1863109F49FC10E9465FAF0
:106A300081E080935C186D98759A809104018D7F38
:106A400080930401809105018095827080930301F9
:106A500052985A9A10926E1810926D180F94310A2B
:106A6000819A879A80910A01826080930A010E9A26
:106A7000579A5F9A829A8A9A8091070181608093DF
:106A800007018091080180958170809306010A9A20
:106A9000129A809A88985F9A8091820C8E7F809358
:106AA000820C869A8E988A9A8091820C8D7F809330
:106AB000820C80910A01886080930A0180910B0109
:106AC000887080930901809108018095817080937E
:106AD00006018091820C8B7F8093820C0C9A149813
:106AE000129A809180008C7F809380008091810039
:106AF000877E886080938100809180008F7380936F
:106B0000800080918100887F82608093810080E096
:106B100090E49093890080938800109285001092F1
:106B200084000E94E92C789486E080936F180E947C
:106B3000E3C28091A313883108F042C090E0FC01C9
:106B4000EE0FFF1FE80FF91FE65AFC4E8081807898
:106B50008B60808361E08BE00E94B49A1092A41352
:106B60001092A5138091A3132CE0622F0F948444FC
:106B700090E0829FB001112430E020E0AB01420F91
:106B8000531FFA01EE0FFF1FE40FF51FE65AFC4EEC
:106B9000408147FD07C02F5F3F4F2C30310571F713
:106BA0000E94A52EE091A3138E2F90E0FC01EE0F22
:106BB000FF1FE80FF91FE65AFC4E80818068808332
:106BC00083EA93E10E94952D6AE570E083EA93E100
:106BD0000E94C72E109270180F94310A0E94023042
:106BE0000E94CC2F80917118811124C00E94E72F40
:106BF00076E9C72ED12CE12CF12CC982DA82EB8206
:106C0000FC82B5018CE80E94AC2FC982DA82EB824B
:106C1000FC82B50182E80E94AC2FC982DA82EB8245
:106C2000FC82B5018CE80E94AC2F0E94CC2F81E041
:106C30008093711888E198E20FB6F894A895809334
:106C400060000FBE909360000E94DE3383E080936B
:106C5000BF1821E6722E3DE0432E4AE0542E56E343
:106C6000C52E50E3D52E63E0662E80E00E94F64BE1
:106C70008091971587FF30C010928D15877F8B7F8D
:106C8000809397150E9491CF1092570E1092560E36
:106C90001092550E0F947D010E9406FC8EEF0F940A
:106CA00063070F94EF0780E00F94BD1A0E9454D938
:106CB0001092420D109263020E948D280E94C8D348
:106CC000882331F00E948D2889E593E00E9404F129
:106CD000D092E007C092DF078091BF18ADB6BEB674
:106CE00010E000E0843009F452C08DB69EB6609189
:106CF000DF077091E00710E000E06115710509F011
:106D00008CC080917E18882309F42AC1EEE7F8E14F
:106D10008F010E571841F190FF2019F02AE0F2126E
:106D2000F7CF0115110559F0F801E258F74E10821E
:106D30008EE798E10E94AC2280E00E94186081E01A
:106D4000F11001C080E0800F982FE92FF0E0E258A9
:106D5000F74E2081E92FE81BF0E0E258F74E208340
:106D6000222309F496C09F5FF0CF83E390E09C8BD1
:106D70008B8B1A82198201E0950140E150E06DE5AC
:106D800078E1CE0143960E94672E52CE8C01F80125
:106D9000EB5AFF4CE491C8010196EE2311F0EA3062
:106DA000A9F7EDB7FEB7E81BF90B0FB6F894FEBFD5
:106DB0000FBEEDBF2DB73EB72F5F3F4F7901A80142
:106DC00065E570E3C9010F94043DF701E00FF11F81
:106DD0001082F70180818B33C9F08091550E843089
:106DE000A8F48091570E879DC0011124B701885ADD
:106DF000914F0F941A4881E00E9450810FB6F89489
:106E0000BEBE0FBEADBE6092BF186FCF0FB6F89476
:106E1000BEBE0FBEADBE69CF8501FB01E00FF11F05
:106E200034905801FFEFAF1ABF0A332019F02AE05F
:106E30003212F2CF8DB79EB78A199B090FB6F8941C
:106E40009EBF0FBE8DBFEDB7FEB731967F01A80183
:106E5000CF010F94043DF701E00FF11F10823320A2
:106E600009F47BC08091DF079091E007A80EB91E5E
:106E7000B092E007A092DF07012B31F0C7010E941A
:106E8000AC2280E00E9418600FB6F8949EBE0FBE40
:106E90008DBE9091BE1880913419981709F4E5CEF3
:106EA0008091BE18809334198091BE18882309F40C
:106EB000DCCE0E9456368DEA90E30E949B32809190
:106EC000BE1810E280FF0AC080E00F945301AB01AE
:106ED000BC0189EA90E30E94863718E58091BE18CC
:106EE00000E281FF0AC081E00F945301AB01BC01B5
:106EF00085EA90E30E94863709E58091BE1882FFFB
:106F0000ADC082E00F945301AB01BC0181EA90E374
:106F10000E9486379AE5F92E8AE00E9494321F92E9
:106F200080E28F931F92FF921F920F931F921F93E5
:106F300089E890E39F938F9382E990E39F938F93E7
:106F40001F920E94DE7F2DB73EB7235F3F4F0FB6E3
:106F5000F8943EBF0FBE2DBF88CEB12CA12C88CF98
:106F60008091550E882309F494CF8091971580FF66
:106F700063C00091560E079D80011124085A114FDD
:106F800065E870E3C8010F945A3D009731F0FC01A9
:106F9000838180538A3008F048C0F80101900020B6
:106FA000E9F731977F01E01AF10A1092FB166EE4BF
:106FB00070E0C8010F940F485C01009739F5F1E0CB
:106FC000EF1AF108F801EE0DFF1D41825282138283
:106FD000F80101900020E9F73197AF01401B510BF8
:106FE000B8018BEF96E10E945BCC8091FB16882361
:106FF00031F00E9443348BE590E30E949B328091F4
:10700000971581FD19C00E9494A118C060E270E03C
:107010000F940F488C010F5F1F4F6AE270E0C501AB
:107020000F940F48FC013197D0CF0E94488282E72D
:1070300090E30E949B32E7CF0E946A798091560EBE
:107040008F5F843040F48093560E8091550E8150AE
:107050008093550E1ECF1092560EF7CF80E2F82E79
:107060005BCFCF92DF92EF92FF920F931F93CF935C
:10707000DF93FC01DA01CD90DD90ED90FC90DB0117
:107080006D917D918D919C9100811181228133813F
:10709000CEE2D3E108A319A32AA33BA32CEA35EC43
:1070A00047E25EE30F94433E6CA37DA38EA39FA3B0
:1070B0002CEA35EC47E25EE3C701B6010F94BB450D
:1070C00068A779A78AA79BA7DF91CF911F910F91FE
:1070D000FF90EF90DF90CF900C941624CF92DF9228
:1070E000EF92FF920F931F93CF93DF93FC01DA018E
:1070F000CD90DD90ED90FC90DB016D917D918D91B7
:107100009C910081118122813381C2E0D3E108A3E7
:1071100019A32AA33BA32CEA35EC47E25EE30F94C4
:10712000433E6CA37DA38EA39FA32CEA35EC47E2DC
:107130005EE3C701B6010F94BB4568A779A78AA78C
:107140009BA7DF91CF911F910F91FF90EF90DF9060
:10715000CF900895EF920F931F93CF93DF93E801A1
:1071600034E047FD34E1042E000C550B57FF03C0FB
:10717000519541955109E32E022F242FAE010F9412
:10718000B240CE01DF91CF911F910F91EF90089502
:107190008F929F92AF92BF92CF92DF92EF92FF9227
:1071A000CF93DF93EC01688179818A819B8161159E
:1071B00071058105910521F464E279ED8BE597E095
:1071C0002DE133EF41E050E00F94434449015A016F
:1071D0009B01AC01A7EAB1E40F9462446B017C010E
:1071E000ACEEB4EFA50194010F947044C60ED71E07
:1071F000E81EF91EF7FE06C081E0C81AD108E108B2
:1072000080E8F80AC882D982EA82FB82C701B60107
:107210009F77DF91CF91FF90EF90DF90CF90BF905D
:10722000AF909F908F9008958F929F92AF92BF9250
:10723000CF92DF92EF92FF9260916A0270916B029F
:1072400080916C0290916D02611571058105910527
:1072500021F464E279ED8BE597E02DE133EF41E035
:1072600050E00F94434449015A019B01AC01A7EA45
:10727000B1E40F9462446B017C01ACEEB4EFA50164
:1072800094010F947044C60ED71EE81EF91EF7FE37
:1072900006C081E0C81AD108E10880E8F80AC09267
:1072A0006A02D0926B02E0926C02F0926D02C7010A
:1072B000B6019F77FF90EF90DF90CF90BF90AF9097
:1072C0009F908F90089560936A0270936B028093F1
:1072D0006C0290936D0208958F929F92AF92BF922D
:1072E000CF92DF92EF92FF920F931F93CF93DF9392
:1072F0005C017B016115710519F0DB018D939C9395
:1073000085010F5F1F4FF501D0818D2F90E00F9405
:10731000FB3C6C01892BB9F5DD32B9F50F5F1F4FCE
:10732000D5011196DC91C1E05801F1E0AF1AB10826
:1073300043E050E068E973E0C5010F94333D892BC9
:1073400069F5680182E0C80ED11C45E050E063E9B0
:1073500073E0C6010F94333D892B21F4680197E057
:10736000C90ED11CE114F10419F0D701CD92DC92C1
:1073700060E070E080E89FEFC111FFC060E070E066
:1073800080E89FE7FAC05801BBCFDB3229F48501C2
:107390000E5F1F4FF501D181C0E0C6CF43E050E042
:1073A00060E973E0C5010F94333D892BE9F0F801E2
:1073B00010E000E020E030E0A9015F01B0ED8B2E8D
:1073C0008D0E89E08815C8F19C2E689491F88C2F59
:1073D0008870C2FF16C0811102C00F5F1F4F319627
:1073E000D501DC91C92DE9CFE114F10429F00E5F3C
:1073F0001F4FF7011183008360E070E080EC9FE78E
:10740000BCC0882311F001501109A5E0B0E00F9431
:1074100062449B01AC01220F331F441F551F280DEE
:10742000311D411D511D283999E93907490799E155
:107430005907A8F2C6609C2ED2CFAEEF8A1206C0C2
:10744000C3FD3CC09C2E689493F8C9CFDF7DD53432
:10745000A9F580818D3239F4C061DF0112968181F6
:1074600062E070E006C0DF018B32C1F3119661E08B
:1074700070E080535D01A61AB70A8A30F8F4E0E89C
:10748000CE16ECE0DE065CF4B601660F771F660FE1
:10749000771FC60ED71ECC0CDD1CC80ED11C5D019B
:1074A000FFEFAF1ABF0A8C9180538A30A8F1C4FF56
:1074B00003C0D194C194D1080C0D1D1DC1FF09C09A
:1074C000E114F10431F081E0A81AB108D701AD92BE
:1074D000BC92CA01B9010F94E23DC370C33009F4F4
:1074E00090584B015C0120E030E0A9010F94DD3D94
:1074F000882309F440C0C7ECD3E017FF05C01195FD
:1075000001951109CFEAD3E06E01B8E1CB1AD10899
:1075100080E2E82EF12C0FC0D501B1CFFE012591FC
:107520003591459154910E191F09C501B4010F946D
:10753000433E4B015C01D501C4010E151F0574F7D4
:107540002497F594E794CC16DD06A9F78A2F880FC7
:107550008B2F881F8F3F49F020E030E0A901C50143
:10756000B4010F94DD3D811106C082E290E090935A
:10757000CF198093CE19C501B401DF91CF911F912E
:107580000F91FF90EF90DF90CF90BF90AF909F90C2
:107590008F9008953F924F925F926F927F928F9259
:1075A0009F92AF92BF92CF92DF92EF92FF920F9392
:1075B0001F93CF93DF935C016B017A016115710515
:1075C00019F0FB0191838083E114F10451F0C701AC
:1075D0000297839730F040E030E020E090E06BC00D
:1075E0005E01E5012196F5011081812F90E00F9455
:1075F000FB3C892BA9F71D3201F52196F50111817C
:1076000001E0E114F10409F4E6C0F0E1EF16F10441
:1076100009F088C0103359F488818F7D883509F0CE
:107620007CC0198122960260F0E1EF2EF12C812CB2
:10763000912CA12C88E0B82E92C01B3221F4E501D8
:107640002296F501118100E0DCCFEAE0EE16F104AC
:1076500009F4C7C0F0E1EF16F10409F073C0E7CFF9
:1076600078E0E72EF12C812C912CA12C60E1B62E34
:1076700076C021E0ADC0302F3170C114D10431F09B
:10768000222371F12197F601D183C08327FF2EC0F9
:1076900060E070E080E090E8311104C06FEF7FEFB0
:1076A0008FEF9FE722E230E03093CF192093CE197D
:1076B000462F372F282F642F732F822FDF91CF91E2
:1076C0001F910F91FF90EF90DF90CF90BF90AF9000
:1076D0009F908F907F906F905F904F903F90089514
:1076E00001FF04C02297F601D183C083332341F008
:1076F00090958095709561957F4F8F4F9F4FD8CF14
:1077000097FFD6CF82E290E09093CF198093CE1965
:107710006FEF7FEF8FEF9FE7CBCF10E3E114F10422
:1077200009F49ECF28E0E216F10409F49CCF0CF096
:107730008CCF812C912CA12CE0E4BE2E82E0E816A7
:10774000F10469F060E070E080E090E897010F2CB0
:10775000000C440B550B0F94214449015A0120E0C1
:1077600060E070E0CB0127010F2C000C6608770861
:10777000FE0150ED352E310E39E0331570F43FEB3C
:10778000310F49EC342E3A3138F03FE9310F3A31BC
:1077900008F071CF39EA332E310E3E141F040CF07D
:1077A0006ACF27FD15C086169706A806B90678F099
:1077B000A30192010F941144630D711D811D911D50
:1077C00061307105810520E8920708F452CF2FEF50
:1077D00021961081CDCF103309F41ECF2AE0E22E7E
:1077E000F12C9CEC892E982CA82C9CE0B92EB7CFBC
:1077F0003F924F925F926F927F928F929F92AF9241
:10780000BF92CF92DF92EF92FF920F931F93CF938D
:10781000DF935C016B017A016115710519F0FB01C1
:1078200091838083E114F10449F0C70102978397A3
:1078300028F060E070E0CB019BC05E01E50121967D
:10784000F5011081812F90E00F94FB3C892BA9F763
:107850001D3209F05CC02196F501118101E0E114AF
:10786000F10409F4BBC0F0E1EF16F10409F09BC08C
:10787000103341F488818F7D883509F08FC01981DC
:1078800022960260E0E1EE2EF12C88248A94982C56
:10789000A82CFFE0BF2E20E060E070E0CB012701C4
:1078A0000F2C000C66087708FE0150ED352E310EC6
:1078B00039E0331568F43FEB310F49EC342E3A319F
:1078C00030F03FE9310F3A31B0F539EA332E310E5D
:1078D0003E141F0484F52F3FB9F086169706A806BC
:1078E000B90638F1A30192010F941144232D30E021
:1078F00050E040E0620F731F841F951F62177307EB
:1079000084079507B0F021E021961081CDCF1B327E
:1079100021F4E5012296F501118100E0A0CF78E085
:10792000E72EF12C88248A94982CA82C6FE1B62E8F
:10793000B2CF2FEFE9CFC114D10431F0222351F19E
:107940002197F601D183C08300FF07C090958095F1
:10795000709561957F4F8F4F9F4F2F3F49F482E283
:1079600090E09093CF198093CE196FEF7FEFCB010A
:10797000DF91CF911F910F91FF90EF90DF90CF900B
:10798000BF90AF909F908F907F906F905F904F903F
:107990003F90089501FFD8CF2297D3CF10E3E11491
:1079A000F10409F4BCCF3AE0E316F104E9F080E118
:1079B000E816F10409F466CFE8E0EE16F10409F4E4
:1079C000B1CF6FEF7FEFCB0197010F2C000C440B71
:1079D000550B0F94214449015A015DCF103309F42E
:1079E00049CF9AE0E92EF12C89E9882E982CA82C11
:1079F00089E1B82E50CF91110D940343803219F0D4
:107A000089508550C8F70895FB01DC0102C005903C
:107A10000D9241505040D8F70895FB01DC010D90C4
:107A20000020E9F7119705900D920020E1F70895E5
:107A3000FC010590061621F00020D9F7C001089539
:107A40003197CF010895FB01DC0105900D920020D4
:107A5000E1F70895FC0105900020E9F780959095E5
:107A60008E0F9F1F0895FB01DC014150504088F0AC
:107A70008D9181341CF08B350CF4805E65916134FE
:107A80001CF06B350CF4605E861B611171F3990B71
:107A90000895881BFCCFFB01DC014150504048F0A9
:107AA00005900D920020C9F701C01D924150504031
:107AB000E0F70895FB0155915523A9F0BF01DC01C2
:107AC0004D9145174111E1F759F4CD010590002082
:107AD00049F04D9140154111C9F3FB014111EFCF20
:107AE00081E090E0019708950F931F93CF93DF9368
:107AF000CDB7DEB72E970FB6F894DEBF0FBECDBF61
:107B00000E891F898EE08C831A8309838FEF9FE78C
:107B10009E838D83AE01465E5F4F688D798DCE0169
:107B200001960F94B03E2F813885020F131FF80184
:107B300010822E960FB6F894DEBF0FBECDBFDF9138
:107B4000CF911F910F9108950F931F93CF93DF93C0
:107B5000CDB7DEB72E970FB6F894DEBF0FBECDBF00
:107B60008C01FA018EE08C831A83098377FF02C0AF
:107B700060E070E8615071097E836D83A901BF01E7
:107B8000CE0101960F94B03E4D815E8157FD0AC033
:107B90002F813885421753070CF49A01020F131FE7
:107BA000F80110822E960FB6F894DEBF0FBECDBF3F
:107BB000DF91CF911F910F9108950F941F3E08F40C
:107BC00081E00895E89409C097FB3EF49095809574
:107BD000709561957F4F8F4F9F4F9923A9F0F92F93
:107BE00096E9BB279395F695879577956795B79511
:107BF000F111F8CFFAF4BB0F11F460FF1BC06F5FF7
:107C00007F4F8F4F9F4F16C0882311F096E911C008
:107C1000772321F09EE8872F762F05C0662371F029
:107C200096E8862F70E060E02AF09A95660F771F3D
:107C3000881FDAF7880F9695879597F90895990F19
:107C40000008550FAA0BE0E8FEEF16161706E80726
:107C5000F907C0F012161306E407F50798F0621B47
:107C6000730B840B950B39F40A2661F0232B242B1C
:107C7000252B21F408950A2609F4A140A6958FEF3B
:107C8000811D811D08950F94563E0D94C1430F949C
:107C9000B34338F00F94BA4320F0952311F00D94BC
:107CA000AA430D94B04311240D94F5430F94D2438D
:107CB00070F3959FC1F3950F50E0551F629FF0013F
:107CC000729FBB27F00DB11D639FAA27F00DB11D58
:107CD000AA1F649F6627B00DA11D661F829F2227E1
:107CE000B00DA11D621F739FB00DA11D621F839F68
:107CF000A00D611D221F749F3327A00D611D231F3E
:107D0000849F600D211D822F762F6A2F11249F578B
:107D100050409AF0F1F088234AF0EE0FFF1FBB1F8E
:107D2000661F771F881F91505040A9F79E3F51054D
:107D300080F00D94AA430D94F5435F3FE4F3983E21
:107D4000D4F3869577956795B795F795E7959F5FF7
:107D5000C1F7FE2B880F911D9695879597F9089589
:107D60002F923F924F925F926F927F928F929F924B
:107D7000AF92BF92CF92DF92EF92FF920F931F9339
:107D8000CF93DF9300D000D000D01F921F92CDB7C9
:107D9000DEB77C013B018A01FC01178216828381D8
:107DA00081FFDDC1CE0101965C01F7019381F301F2
:107DB00093FD859193FF81913F01882309F453C17D
:107DC000853239F493FD859193FF81913F0185328E
:107DD00029F4B70190E00F941C43E7CF912C212C9C
:107DE000312CFFE1F31538F08B3211F190F4803231
:107DF00009F1833229F137FC3CC020ED280F2A30ED
:107E000050F536FE20C08AE0989E200D1124922E57
:107E100006C08D3291F0803371F7689430F8F30129
:107E200093FD859193FF81913F018111DACF21C0AC
:107E3000689431F8689432F8F2CF689433F8EFCF51
:107E4000689434F8ECCFEAE02E9E200D1124222E07
:107E5000689435F8E4CF8E3229F436FC04C1689476
:107E600036F8DDCF8C3619F4689437F8D8CF8836D9
:107E7000B1F2982F9F7D95549330E0F08336A1F1B5
:107E80008337C1F1833509F063C02801F2E04F0E5A
:107E9000511CF801C080D180692D70E036FC02C011
:107EA0006FEF7FEFC6010F9406434C01689437F8DB
:107EB00082010AC00C5F1F4FFFE3F983882483947B
:107EC000912C6501E89437F833FE2DC0522C8114B3
:107ED000910471F5552009F468CFB70180E290E074
:107EE0000F941C435A94F6CFF801808189830E5F6A
:107EF0001F4FE4CF2801F2E04F0E511CF801C08063
:107F0000D180692D70E036FC02C06FEF7FEFC601B3
:107F10000F9411434C018201D5CFB70180E290E06C
:107F20000F941C432A942814190409F0B0F7CECFFB
:107F3000F60137FC859137FE81916F01B70190E022
:107F40000F941C4351105A94F1E08F1A9108BFCF3F
:107F5000843619F0893609F077C0F80137FE6BC016
:107F600060817181828193810C5F1F4FF32DFF76B9
:107F70003F2E97FF09C090958095709561957F4F32
:107F80008F4F9F4F689437F82AE030E0A5010F9497
:107F90004C43C82ECA188C2C432C36FE0CC0E894D7
:107FA00040F8C91440F434FE05C032FC03C0F32D80
:107FB000FE7E4F2E892C44FEAAC0FE01EC0DF11D61
:107FC0008081803309F09CC0242D297E422E842D8F
:107FD0008870582E43FCAAC040FEA4C09C2C82147A
:107FE00018F42C0C922C981844FEA6C0B70180E31C
:107FF00090E00F941C4342FE09C088E790E041FEE8
:1080000002C088E590E0B7010F941C43C91408F43E
:108010009FC0CA94D12C9FEFC91AD90ACA0CDB1C85
:10802000F60182916F01B70190E00F941C43AC14EC
:10803000BD04B1F74FCF60817181072E000C880B12
:10804000990B0E5F1F4F92CFD32CE894D4F82AE0FF
:1080500030E08537E1F1232D297FD22E8F36A9F12B
:10806000F0F4883551F1F701868197812B960FB690
:10807000F894DEBF0FBECDBFDF91CF911F910F915E
:10808000FF90EF90DF90CF90BF90AF909F908F9038
:108090007F906F905F904F903F902F900895803722
:1080A00049F0883701F7D4FE02C06894D2F820E185
:1080B00030E00DC06894D4F8F6CF34FE03C0822FB0
:1080C0008660D82E20E132E002C028E030E0F801DE
:1080D000D7FE0FC060817181828193810C5F1F4F39
:1080E000A5010F944C43C82ECA183D2CE89437F8CC
:1080F00052CF6081718190E080E00E5F1F4FF0CF22
:1081000042FC02C0839463CF8394839460CF842D18
:10811000867809F45CCFF6CFB70180E290E00F9447
:108120001C4383948214C0F3512C5ECF522C5818F8
:10813000821408F459CFF8CF842D867809F466CFDD
:108140008BE241FE80E247FC8DE2B70190E05CCF1C
:10815000B70180E390E00F941C439A9457CF8FEFC0
:108160009FEF84CF8F929F92AF92BF92CF92DF9278
:10817000EF92FF920F931F93CF93DF9300D000D025
:1081800000D0CDB7DEB76A01F22EB02E102FFBE380
:10819000AF2EA01608F41BE31F5F012F27E0AE01EE
:1081A0004F5F5F4F0F942B42BC018981982F9970CC
:1081B000913009F44EC09BE2E1FC04C09E2D917009
:1081C000E0FC49C05E2D5071E82FE87083FF55C078
:1081D00084E0911101C083E0EF2DE81B8F1508F0BA
:1081E000E0E0D6018E2F20E25523C9F1992329F032
:1081F000D6019C93C60101966C0196012D5F3F4FFD
:10820000E2FE33C08EE4D6018C9391E411969C93E8
:10821000119712968C93D9018E2F90E281112AC06A
:10822000E20FF32FF11D10828EEF9FEF29960FB60C
:10823000F894DEBF0FBECDBFDF91CF911F910F919C
:10824000FF90EF90DF90CF90BF90AF909F908F9076
:1082500008959DE2B7CF90E2B5CF2D938150811163
:10826000FCCFCE0ED11CE0E0C1CF8EE6D6018C93C0
:1082700091E6CCCF9D938150D1CF482F447082FF9F
:108280003DC084E0911101C083E08F1510F4EF2D03
:10829000E81BD6018E2F20E2552309F1992329F0FE
:1082A000D6019C93C60101966C0196012D5F3F4F4C
:1082B000E2FE1BC089E4D6018C938EE411968C9368
:1082C000119786E412968C93D9018E2F90E2882321
:1082D00009F4A6CF9D938150FACF2D93815081113F
:1082E000FCCFCE0ED11CE0E0D9CF89E6D6018C932D
:1082F0008EE611968C93119786E6E4CF9B0177FF6B
:1083000002C030E020E0A1E0B0E0911102C0B0E096
:10831000A0E0F9013196AE0FBF1F8B2C912CBB2032
:1083200009F461C05401EFEFAE1ABE0AAA0DBB1DDD
:10833000FA161B0619F014F04F2D4A1B511188C074
:10834000E3FC59C07601A42FB0E2A1114FC0C40EC6
:10835000D11C992309F45BC040E0D6011196F601C7
:1083600090836D01552309F448C0012F060F9A81AF
:10837000582F507184FF03C0913309F40150101637
:108380000CF047C0093008F008E0EEE2FE2E5B0179
:10839000A01AB10885019194819491082F3F32076A
:1083A00029F4D601FC92F60131966F01621773072A
:1083B00094F1021713077CF5DB01A21BB30BAA246F
:1083C000A394B12CAC0EBD1EAA0DBB1D11968C91B1
:1083D00021503109D601119628153905F4F0F6011E
:1083E00080836D01DBCFB12CA12CA0CFF701B1931D
:1083F0007F01A150AACF9111B0CFD601942F50E3A5
:1084000002C05D9391509111FCCFC40ED11C40E08D
:10841000ACCF01E0BACF80E3DBCF6217730731F452
:10842000963388F4953311F4552369F0F60180836F
:10843000FD01842F90E2811108C0A40FB11D1C9290
:1084400090E080E0F3CE81E3F1CF91938150F3CFC0
:10845000911183CF8ACF283008F027E03327DA0143
:10846000990F311D87FD916000966105710539F402
:1084700032602E5F3D9330E32A95E1F708959F3FE8
:1084800030F080387105610509F03C5F3C5F3D9339
:10849000913008F08068911DDF93CF931F930F9365
:1084A000FF92EF92192F987F9695E92F96959695C2
:1084B000E90FFF27EB5DFB4F99273327EE24FF24BD
:1084C000A701E70105900894079428F4360FE71EEA
:1084D000F81E491F511D660F771F881F991F0694AC
:1084E000A1F70590079428F4E70EF81E491F561FC0
:1084F000C11D770F881F991F661F0694A1F705906D
:10850000079428F4F80E491F561FC71FD11D880F66
:10851000991F661F771F0694A1F70590079420F412
:10852000490F561FC71FD81F990F661F771F881F37
:108530000694A9F784911095177041F0D695C795C8
:1085400057954795F794E7941A95C1F7EBECF3E04C
:1085500068941590159135916591959105907FE2FC
:108560007395E118F10A430B560BC90BD009C0F7FC
:10857000E10CF11E431F561FC91FD01D7EF470333E
:1085800011F48A95E6CFE894015030F0080F0AF410
:108590000027021708F4202F2395022F7A3328F0A2
:1085A00079E37D932A95E9F710C07D932A9589F6A2
:1085B000069497956795379517951794E118F10AE2
:1085C000430B560BC90BD00998F023957E917395F8
:1085D0007A3308F070E37C932013B8F77E917061D2
:1085E0007D9330F0839571E37D9370E32A95E1F7F5
:1085F0001124EF90FF900F911F91CF91DF91992758
:1086000087FD90950895992788270895FC01059086
:10861000615070400110D8F7809590958E0F9F1F84
:108620000895FC016150704001900110D8F78095C9
:1086300090958E0F9F1F08950F931F93CF93DF93F5
:10864000182F092FEB018B8181FD09C01FEF0FEF60
:10865000812F902FDF91CF911F910F91089582FF6D
:1086600014C02E813F818C819D81281739073CF4ED
:10867000E881F981CF0101969983888310838E81E7
:108680009F8101969F838E83E3CFE885F985812FB3
:108690001995892BA1F3DACFFA01AA27283051F1D5
:1086A000203181F1E8946F936E7F6E5F7F4F8F4F23
:1086B0009F4FAF4FB1E03ED0B4E03CD0670F781F82
:1086C000891F9A1FA11D680F791F8A1F911DA11D67
:1086D0006A0F711D811D911DA11D20D009F46894A0
:1086E0003F912AE0269F11243019305D3193DEF648
:1086F000CF010895462F4770405D4193B3E00FD0FE
:10870000C9F7F6CF462F4F70405D4A3318F0495DE8
:1087100031FD4052419302D0A9F7EACFB4E0A695CB
:108720009795879577956795BA95C9F700976105ED
:10873000710508959B01AC010A2E06945795479543
:1087400037952795BA95C9F7620F731F841F951F38
:10875000A01D089597F99F6780E870E060E0089594
:108760009FEF80EC089500240A9416161706180649
:108770000906089500240A94121613061406050625
:108780000895092E0394000C11F4882352F0BB0FB6
:1087900040F4BF2B11F460FF04C06F5F7F4F8F4F19
:1087A0009F4F089557FD9058440F551F59F05F3F54
:1087B00071F04795880F97FB991F61F09F3F79F003
:1087C00087950895121613061406551FF2CF469585
:1087D000F1DF08C0161617061806991FF1CF869507
:1087E0007105610508940895E894BB2766277727EB
:1087F000CB0197F90895F999FECF92BD81BDF89A02
:10880000992780B50895262FF999FECF1FBA92BDFA
:1088100081BD20BD0FB6F894FA9AF99A0FBE019661
:108820000895DB018F939F930F946244BF91AF91A2
:10883000A29F800D911DA39F900DB29F900D1124BA
:108840000895A1E21A2EAA1BBB1BFD010DC0AA1F91
:10885000BB1FEE1FFF1FA217B307E407F50720F0A9
:10886000A21BB30BE40BF50B661F771F881F991F24
:108870001A9469F760957095809590959B01AC016D
:10888000BD01CF010895052E97FB1EF400940F94AF
:108890005A4457FD07D00F94214407FC03D04EF4EF
:1088A0000D945A4450954095309521953F4F4F4F28
:1088B0005F4F089590958095709561957F4F8F4F8C
:1088C0009F4F08950F947544A59F900DB49F900DF0
:1088D000A49F800D911D11240895B7FF0D9462444B
:1088E0000F946244821B930B0895A29FB001B39F23
:1088F000C001A39F700D811D1124911DB29F700DA9
:10890000811D1124911D0895991B79E004C0991FC0
:10891000961708F0961B881F7A95C9F780950895D9
:10892000AA1BBB1B51E107C0AA1FBB1FA617B70795
:1089300010F0A61BB70B881F991F5A95A9F78095B1
:108940009095BC01CD01089597FB072E16F4009475
:1089500007D077FD09D00F94904407FC05D03EF472
:10896000909581959F4F0895709561957F4F0895DB
:10897000EE0FFF1F881F8BBF0790F691E02D199413
:108980005058BB27AA270F94D8440D94C1430F9485
:10899000B34338F00F94BA4320F039F49F3F19F4F1
:1089A00026F40D94B0430EF4E095E7FB0D94AA4332
:1089B000E92F0F94D24358F3BA176207730784075D
:1089C000950720F079F4A6F50D94F4430EF4E095A4
:1089D0000B2EBA2FA02D0B01B90190010C01CA0179
:1089E000A0011124FF27591B99F0593F50F4503E24
:1089F00068F11A16F040A22F232F342F4427585F16
:108A0000F3CF469537952795A795F0405395C9F72D
:108A10007EF41F16BA0B620B730B840BBAF09150E5
:108A2000A1F0FF0FBB1F661F771F881FC2F70EC084
:108A3000BA0F621F731F841F48F487957795679557
:108A4000B795F7959E3F08F0B0CF9395880F08F043
:108A50009927EE0F9795879508950F94B34360F08B
:108A600080E891E009F49EEF0F94BA4328F040E8C3
:108A700051E071F45EEF0CC00D94B0430D94F443DB
:108A8000E92FE0780F94D24340F3092E052AB1F381
:108A9000261737074807590738F00E2E07F8E02544
:108AA00069F0E025E0640AC0EF6307F8009407FA74
:108AB000DB01B9019D01DC01CA01AD01EF930F9407
:108AC000D2450F94C1430F9470455F91552339F0FF
:108AD0002BED3FE049E450FD49EC0D94C14408956D
:108AE000DF93DD27B92FBF7740E85FE3161617063F
:108AF00048075B0718F4D92F0F9426479F938F934D
:108B00007F936F930F94AF47E4EEF0E00F94A3468A
:108B10000F94C1432F913F914F915F910F94563E17
:108B2000DD2351F09058A2EA2AED3FE049EC5FE3E3
:108B3000D0785D270F94D844DF910D94C1430F94F2
:108B4000094790F09F3748F4911116F40D94F543BE
:108B500060E070E080E89FE3089526F01B16611D39
:108B6000711D811D0D947A460D9495460F94CC4647
:108B7000E3950D94F5460F94CF450D94C1430F94A2
:108B8000BA4358F00F94B34340F029F45F3F29F003
:108B90000D94AA4351110D94F5430D94B0430F94D5
:108BA000D24368F39923B1F3552391F3951B550BE9
:108BB000BB27AA2762177307840738F09F5F5F4FB0
:108BC000220F331F441FAA1FA9F335D00E2E3AF0EF
:108BD000E0E832D091505040E695001CCAF72BD007
:108BE000FE2F29D0660F771F881FBB1F2617370758
:108BF0004807AB07B0E809F0BB0B802DBF01FF278A
:108C000093585F4F3AF09E3F510578F00D94AA4378
:108C10000D94F5435F3FE4F3983ED4F38695779542
:108C20006795B795F7959F5FC9F7880F911D969542
:108C3000879597F90895E1E0660F771F881FBB1F9E
:108C4000621773078407BA0720F0621B730B840B4B
:108C5000BA0BEE1F88F7E09508950F943446689498
:108C6000B1110D94F54308950F94DA4388F09F579E
:108C700098F0B92F9927B751B0F0E1F0660F771F40
:108C8000881F991F1AF0BA95C9F714C0B13091F036
:108C90000F94F443B1E008950D94F443672F782FB7
:108CA0008827B85F39F0B93FCCF3869577956795FB
:108CB000B395D9F73EF490958095709561957F4F67
:108CC0008F4F9F4F08950F94094790F09F3748F4B6
:108CD000911116F00D94F54360E070E080E89FEB91
:108CE000089526F41B16611D711D811D0D947A4691
:108CF0000D949546882371F4772321F09850872BA3
:108D0000762F07C0662311F499270DC09051862B4A
:108D100070E060E02AF09A95660F771F881FDAF7F7
:108D2000880F9695879597F908959F3F31F0915058
:108D300020F4879577956795B795880F911D96953F
:108D4000879597F90895DF93CF931F930F93FF9221
:108D5000EF92DF927B018C01689406C0DA2EEF015E
:108D60000F94563EFE01E894A591259135914591C9
:108D70005591A6F3EF010F94D844FE019701A80185
:108D8000DA9469F7DF90EF90FF900F911F91CF91E8
:108D9000DF9108950D94B0430F94DA43D8F3E8942B
:108DA000E0E0BB279F57F0F02AED3FE049EC06C01A
:108DB000EE0FBB0F661F771F881F28F0B23A6207BD
:108DC0007307840728F0B25A620B730B840BE39588
:108DD0009A9572F7803830F49A95BB0F661F771F0B
:108DE000881FD2F790480D949746EF93E0FF07C095
:108DF000A2EA2AED3FE049EC5FEB0F94D8440F94D0
:108E0000C1430F90039401FC9058E1E1F1E00D940F
:108E1000BF470F94DA43A0F0BEE7B91788F4BB2729
:108E20009F3860F41616B11D672F782F8827985F3A
:108E3000F7CF869577956795B11D93959639C8F3C9
:108E400008950F941F3E08F48FEF08959B01AC0125
:108E500060E070E080E89FE30D94BB450F94DA4337
:108E600058F19E5760F19851A0F0E9F0983020F544
:108E7000092E9927660F771F881F991F0A94D1F72B
:108E800012C0062E672F782F8827985F11F4000CE8
:108E900007C0993FB4F38695779567959395D9F771
:108EA000611D711D811D3EF49095809570956195B1
:108EB0007F4F8F4F9F4F089568940D94F5430D9405
:108EC000F4439F930F94CC460F9007FCEE5F0D94F4
:108ED000F54619F416F40D94B0430D9495460F948D
:108EE000DA43B8F39923C9F3B6F39F57550B87FFBD
:108EF0000F94B8470024A0E640EA900180585695A8
:108F0000979528F4805C660F771F881F20F026173E
:108F10003707480730F4621B730B840B2029312973
:108F20004A2BA69517940794202531254A2758F7F0
:108F3000660F771F881F20F026173707480730F481
:108F4000620B730B840B200D311D411DA09581F721
:108F5000B901842F9158880F9695879508959B01A4
:108F6000AC010D94433E0F941F3E880B990B08955E
:108F700091505040660F771F881FD2F708959F9336
:108F80008F937F936F93FF93EF939B01AC010F94AB
:108F9000433EEF91FF910F94A3462F913F914F9144
:108FA0005F910D94433E9111089581548A5108F4C4
:108FB000805E855A0895FB01DC0104C08D9101900B
:108FC000801921F441505040C8F7881B990B08952F
:108FD000FB01DC0102C001900D9241505040D8F7D6
:108FE0000895FB01DC018D9181341CF08B350CF46C
:108FF000805E619161341CF06B350CF4605E861B01
:10900000611189F3990B0895FB01DC010D9000209B
:10901000E9F7119701900D920020E1F70895FC0106
:109020008191861721F08823D9F7992708953197E0
:10903000CF010895FB01DC0101900D920020E1F7C2
:109040000895FB01DC014150504030F08D910190BA
:10905000801919F40020B9F7881B990B0895FB01BA
:10906000DC014150504048F001900D920020C9F7BA
:1090700001C01D9241505040E0F70895FC0181E08D
:1090800090E00190061609F4CF010020D1F7019776
:1090900008950F931F93CF93DF93CDB7DEB72E972D
:1090A0000FB6F894DEBF0FBECDBF0E891F8986E0D4
:1090B0008C831A8309838FEF9FE79E838D83AE0194
:1090C000465E5F4F688D798DCE0101960F94B03E5C
:1090D0002F813885020F131FF80110822E960FB6CC
:1090E000F894DEBF0FBECDBFDF91CF911F910F91DE
:1090F00008951CE1C9EBDCE100E006C0802FFE0111
:109100000F94B8442196011DCA3BD10780E008079F
:06911000A9F7F894FFCF5F
:109116000D025CFF79C402C0D401006400010000A6
:10912600000000000000000000000000809D4300D9
:10913600009B430000C8430000803F6400000048D5
:109146004364000000C84146009600FFFFFFFF0988
:10915600FFFFFFFFFFFFFFFFFFFFFFFF80FF06018F
:10916600D200FA00CDCCCC3D00FF3FFF3F0000000F
:1091760000FF3F010000803FAA00010000004400FC
:109186000000000047004800000000000001010147
:1091960000004842000020410000204100004842F3
:1091A600000020410000204158595A45000048421D
:1091B600000048420000804000000040021000000D
:1091C6000410000006100000081000000A1000003D
:1091D6000C100000261000003010000032100000B5
:1091E600341000003A1000003E100000401000004D
:1091F6004410000046100000481000004A1000000D
:109206004C100000541000005610000058100000CA
:109216005C1000005E1000005F1000008810000067
:10922600000000000000404100000000F2C5BDC67D
:1092360035C5B3C51AC53DC4B5C420C4C5C5D6C455
:1092460004C087C086C000004842000020410000DC
:1092560020410A05062E010008002000400080007B
:109266000001000401563837002F504C5200000010
:10927600004100000041000000400000C07F0000E7
:10928600C07F0000C07FFF003C000100004040009E
:109296000034420000000000000000000000000052
:1092A600005041000000000000004164000000641E
:1092B60000000003000000640000006400000003DA
:1092C60000000003000000030000001E000000591B
:1092D600657320746F20000000000000000000008D
:1092E6000000000000000000000000000000000078
:1092F60000000000000000000040410A005A00542F
:109306004D33442031305350726F563220526561CE
:10931600647900256420582025642058202564009F
:10932600544D33442031305350726F5632004457F7
:10933600372E342E370074696E796D616368696EF5
:10934600657333642E636F6D005049442054756E07
:10935600652046696E697368656400526571756556
:1093660073746564204F6666736574204265796F11
:109376006E64204C696D69747300426567696E6E30
:10938600696E67204732362E2E2048656174696EF5
:109396006700426567696E204D616E75616C204D90
:1093A600657368004D6F76696E6720746F204E6531
:1093B6007874204D65736820506F696E74004D6F28
:1093C60076656420646F776E20302E303235004D1E
:1093D6006F76656420757020302E30323500486F08
:1093E60074656E64205049442053746172746564D8
:1093F6000042656420504944205374617274656468
:10940600002F00566F6C756D65446973706C6179D9
:1094160000446973706C61794272696768746E653D
:10942600737300446973706C61795374616E64621E
:10943600794272696768746E657373004469737004
:109446006C61795374616E6462795365636F6E649F
:10945600730050617573696E672E2E2E0045525249
:109466000050726573732059657320746F20436FC3
:109476006E74696E7565004C6F61642046696C6137
:109486006D656E7420746F202020202020202020FF
:109496002020436F6E74696E7565004164642046D2
:1094A600696C616D656E7420616E642050726573BF
:1094B600732020202059657320746F2052656865DB
:1094C60061740044697361626C652000202020206D
:1094D600202020202020204E6F20746F205075728F
:1094E6006765005061726B696E672E2E2E004265AD
:1094F60067696E6E696E672046696C616D656E742C
:10950600204368616E676500556E6C6F6164696EB5
:10951600672E2E2E0052656C6F6164696E672E2E63
:109526002E00526568656174696E67005570204447
:0E95360069726563746F72790058595A0000AB
:00000001FF
