:100000000C94E21D0C94221E0C94221E0C94221EB1
:100010000C94221E0C94221E0C94221E0C94221E60
:100020000C94221E0C94221E0C94221E0C94221E50
:100030000C94221E0C94221E0C94221E0C94221E40
:100040000C94221E0C947EE20C94221E0C94221E10
:100050000C94221E0C9487D70C94221E0C94DCC5A1
:100060000C94221E0C94863B0C947C3B0C94221E18
:100070000C94221E0C94221E0C94221E0C94221E00
:100080000C94221E0C94221E0C94221E0C94221EF0
:100090000C94221E0C94221E0C94221E0C94221EE0
:1000A0000C94221E0C94221E0C94221E0C94221ED0
:1000B0000C94221E0C94221E0C94221E0C94221EC0
:1000C0000C94221E0C94221E0C94221E0C94F22FCF
:1000D0000C94BC2F0C94221E0C94221E0C94221EF5
:1000E0000C94221E084AD73B3BCE016E84BCBFFD58
:1000F000C12F3D6C74319ABD56833DDA3D00C77FF8
:1001000011BED9E4BB4C3E916BAAAABE0000008090
:100110003F05A84CCDB2D44EB93836A9020C50B91F
:10012000918688083CA6AAAA2ABE000000803F004B
:100130000C94112F0C9492300D94C0210C942A7CB5
:100140000C94A7760C9492BF0D9431220C94ABB30F
:100150000C94872E0C9420B00C9492760C94223C34
:100160000C9431C40C9485AF0C94CFB30C94F63B33
:100170000C948A300C9410BF0C949D760C948DAE28
:100180000C9442B00D941A2C0D94BD210C94DEB346
:100190000D94A5210C9483300C9432B00D94BA21A7
:1001A0000C9433300C94277C0C94132F0D9426114F
:1001B0000C94413C0C9417B00C940EB00D94752720
:1001C0000D9474120C9493BF0D94E0110C94323C76
:1001D0000D94AE210C9458B00D946F210C94EEC484
:1001E0000C94493C0C94C8300C9458AD0C94ED2EF2
:1001F0000D942A120C94B5300C94C72E0C94173C15
:100200000C941E3C0C9440B00C94C8760C94367C34
:100210000C94AFC40C94A3300C942A3C0C949676A6
:100220000D9405120C9419AD0D94B7210C94EBADFF
:100230000C9439C30C943F7C0C9462AF0C945C3CDE
:100240000C949FB30C9405B40C94B7AE0C943C7C06
:100250000C9496300C94337C0C948E760D94A821DB
:100260000C9416C40C94C3760C94227C0C945EB04F
:100270000C94B5760C949A300C94EF2E0C942D7C43
:100280000C94A72E0C940F2F0D94B4210C94A52E32
:100290000C94C73B0C949A760C94A8300C94FAAF4B
:1002A0000D94382C0C943C3C0C945BB00C9425AF12
:1002B0000C94C9760C9471300C9409AE0D94E41032
:1002C0000C94BB760C943CB00C94CD760D94B32773
:1002D0000D94A2210D94E5270D9470110C94B17624
:1002E0000C949E300C94B9C50C9429B00C94B8AF02
:1002F0000C94EAB30C94307C0C94AD760D944B11B5
:100300000C948E300C94F6B30C94053C0C947B2E1C
:100310000C9461B00C94EB2E0C94427C0D949E27AF
:100320000C94D2C30C94B1C30C944DB00C946230B5
:100330000D944F120D94BB110C94373C0C94543C0B
:100340000D94B1210C94C92E0C94457C0C94A37689
:100350000C94AD300D94AB210D9400220C94C03060
:100360000C94263C0C94397C0C94BF760C94C1C43C
:100370000C94CB2E0C942E3C0C941CC30C948876BD
:100380000D942D220C9405B00C944EAF0C9499AFA3
:100390004E414E494E495459494E46CDCCCC3D0A6A
:1003A000D7233C17B7D13877CC2B329595E6241F4D
:1003B000B14F0A000020410000C84200401C462006
:1003C000BCBE4CCA1B0E5AAEC59D7400407A10F3D9
:1003D0005A00A0724E18090010A5D4E80000E87673
:1003E00048170000E40B54020000CA9A3B000000CA
:1003F000E1F505000080969800000040420F0000E3
:1004000000A08601000000102700000000E80300A3
:100410000000006400000000000A0000000000016D
:1004200000000000002C76D888DC674F0823DFC16D
:10043000DFAE59E1B1B796E5E3E453C63AE6519928
:100440007696E8E6C28426EB898C9B62ED407C6F51
:10045000FCEFBC9C9F40F2BAA56FA5F490055A2A08
:10046000F75C936B6CF9676DC11BFCE0E40D47FE14
:10047000F520E6B500D0ED902E0300943577050009
:1004800080841E080000204E0A000000C80C333390
:1004900033330F986E12831141EF8D2114893BE69F
:1004A0005516CFFEE6DB18D1844B381BF77C1D9028
:1004B0001DA4BBE424203284725E228100C9F12491
:1004C000ECA1E53D2744455441494C00434F4D4D77
:1004D000554E49434154494F4E0044525952554E8E
:1004E000004552524F525300494E464F0045434833
:1004F0004F004572726F722077726974696E67205F
:10050000746F20454550524F4D210A0053544F50AF
:100510005045442E20005072696E746572207374C9
:100520006F707065642064756520746F20657272E9
:100530006F72732E20466978207468652065727228
:100540006F7220616E6420757365204D39393920D2
:10055000746F20726573746172742E202854656DF7
:100560007065726174757265206973207265736558
:10057000742E20536574206974206166746572203E
:1005800072657374617274696E67290A004E6F2018
:10059000436865636B73756D2077697468206C6957
:1005A0006E65206E756D6265722C204C61737420CF
:1005B0004C696E653A20004E6F20436865636B732B
:1005C000756D2077697468206C696E65206E756D35
:1005D0006265722C204C617374204C696E653A2000
:1005E00000636865636B73756D206D69736D61740D
:1005F00063682C204C617374204C696E653A20004E
:100600004C696E65204E756D626572206973206E4F
:100610006F74204C617374204C696E65204E756D4B
:100620006265722B312C204C617374204C696E65AD
:100630003A20004D3131300053657269616C20738E
:100640007461747573206D69736D617463680A00F9
:1006500053442072656164206572726F720A00747F
:100660006F6F206D75636820696E6163746976656C
:100670002074696D65202D2063757272656E74201B
:10068000636F6D6D616E643A20002121204B494CEF
:100690004C206361757365642062792000486F7433
:1006A000656E642049646C652054696D656F75746E
:1006B00000486F74656E642049646C652054696DF0
:1006C000656F75740A00627573793A20706175738D
:1006D000656420666F7220696E7075740A006275B9
:1006E00073793A2070617573656420666F72207546
:1006F0007365720A00627573793A2070726F636570
:100700007373696E670A004D3130303053003D3DE0
:100710006F6E46696C616D656E7452756E6F75743F
:100720003D3D007061757365004D363030002066C8
:10073000696C616D656E745F72756E6F75742000A3
:1007400066696C616D656E745F72756E6F7574202D
:10075000540046696C616D656E7452756E6F757488
:1007600020540025533A202553002A2A2A6B696C0D
:100770006C2A2A2A00706F7765726F6666004B4993
:100780004C4C45442E20005072696E74657220688E
:10079000616C7465642E206B696C6C282920636120
:1007A0006C6C6564210A006563686F3A004572727B
:1007B0006F723A00202864697361626C6564290A6B
:1007C0000020280041424C2041646A7573746D65B5
:1007D0006E74205A005A20466164653A2000202831
:1007E000656E61626C6564290A0041626F7665001E
:1007F00053616D65205A2061730042656C6F77000C
:100800004175746F20426564204C6576656C696E35
:10081000673A2042494C494E45415200204E6F7A7A
:100820007A6C65290A00202620002D43656E7465C8
:1008300072002D46726F6E74002D4261636B002052
:1008400028416C69676E65642057697468002028C8
:100850004D6964646C650020284C6566740020282E
:1008600052696768740050726F6265204F666673E4
:10087000657420580050726F62653A204649585F8F
:100880004D4F554E5445445F50524F42450A004D1E
:10089000616368696E6520547970653A20436172BE
:1008A00074657369616E0A0042696C696E65617294
:1008B000204C6576656C696E6720477269643A0AF8
:1008C000003E3E3E003C3C3C007365745F626564E4
:1008D0005F6C6576656C696E675F656E61626C659D
:1008E000640072657365745F6265645F6C657665EC
:1008F0006C0A00203A204C6576656C696E67204F63
:100900004E0A00202063757272656E745F706F739B
:100910006974696F6E3D00203A204C6576656C699C
:100920006E67204F46460A00202063757272656E1E
:10093000745F706F736974696F6E3D002F2F616310
:1009400074696F6E3A006E6F746966696361746989
:100950006F6E2000656E640073686F770062757457
:10096000746F6E00486F74656E6420746F6F2063DF
:100970006F6C640A0053656E64204D31303820740A
:100980006F20726573756D650A00496E73657274C8
:100990002066696C616D656E7420616E642073659C
:1009A0006E64204D3130380A0052656865617420EC
:1009B000446F6E6500526568656174696E672E2EBE
:1009C0002E00526568656174004865617465722027
:1009D00054696D656F75740053656E64204D3130D8
:1009E0003820746F2068656174206E6F7A7A6C6548
:1009F0000A004E6F7A7A6C65205061726B656400F4
:100A00007061757365640050617573650057616945
:100A100074696E6720666F72206865617475702EE8
:100A20000A004C656176696E6720473236003F5395
:100A3000706563696669656420582C5920636F6F1F
:100A40007264696E617465206F7574206F662062D0
:100A50006F756E64732E0A003F28522965706561B8
:100A6000742076616C7565206E6F7420706C617592
:100A70007369626C653B206D7573742062652061DB
:100A800074206C6561737420312E0A003F2852294E
:100A90006570656174206D75737420626520737074
:100AA00065636966696564207768656E206E6F743A
:100AB000207573696E6720616E204C43442E0A00D6
:100AC0003F537065636966696564206E6F7A7A6CFE
:100AD000652074656D7065726174757265206E6FE6
:100AE0007420706C61757369626C652E0A003F53E7
:100AF00070656369666965642066696C616D656EC1
:100B0000742073697A65206E6F7420706C617573E0
:100B100069626C652E0A003F53706563696669659A
:100B200064207072696D65206C656E677468206EF4
:100B30006F7420706C61757369626C652E0A003F7A
:100B40005072696D65206C656E677468206D757391
:100B500074206265207370656369666965642077D7
:100B600068656E206E6F74207573696E6720616EA4
:100B7000204C43442E0A003F5370656369666965E3
:100B800064206E6F7A7A6C652073697A65206E6F67
:100B90007420706C61757369626C652E0A003F5237
:100BA000657472616374696F6E204D756C746970E1
:100BB0006C696572206D7573742062652073706551
:100BC0006369666965642E0A003F537065636966F0
:100BD0006965642052657472616374696F6E204D3B
:100BE000756C7469706C696572206E6F7420706CBE
:100BF00061757369626C652E0A003F5370656369A5
:100C000066696564206C61796572206865696768EA
:100C100074206E6F7420706C61757369626C652EE0
:100C20000A0043292E0A003F5370656369666965AF
:100C300064206265642074656D706572617475729C
:100C400065206E6F7420706C61757369626C6520CD
:100C50002834302D00473236207374617274696E07
:100C6000672E2E2E0A004F46460A00466164652014
:100C70004865696768742000426564204C65766544
:100C80006C696E6720004661696C656420746F2032
:100C9000656E61626C6520426564204C6576656CAA
:100CA000696E670A00496E76616C6964206D6573D0
:100CB000682E0A00203A203E2070726F62696E67CB
:100CC00020636F6D706C6574650A00202063757217
:100CD00072656E745F706F736974696F6E3D0050FA
:100CE000726F62696E6720506F696E7400255320C1
:100CF00025692F2569002E0A002F0050726F626946
:100D00006E67206D65736820706F696E74200020B7
:100D10002844525952554E290047323920417574A2
:100D20006F20426564204C6576656C696E67003F94
:100D300020284C2C522C462C4229206F7574206F91
:100D40006620626F756E64732E0A00204200204692
:100D500000205200473239204C003F285629657246
:100D6000626F7365206C6576656C20696D706C616F
:100D7000757369626C652028302D34292E0A004273
:100D80006164205A2076616C75650A004E6F20629E
:100D9000696C696E65617220677269640A00473226
:100DA000384C30003E204175746F2D6C6576656C53
:100DB000206E6F74206E65656465642C20736B69AA
:100DC000700A00473239005A2050726F6265205015
:100DD000617374204265640A005A2050726F626524
:100DE00020506173742042656400203A20686F6D62
:100DF000655F7A5F736166656C790A0020206465BF
:100E00007374696E6174696F6E3D00686F6D655FC4
:100E10007A5F736166656C79005261697365205A07
:100E200020286265666F726520686F6D696E67293C
:100E300020627920003E20686F6D696E67206E6FBA
:100E400074206E65656465642C20736B69700A009C
:100E50004732380020440020204D323030205300EB
:100E6000202844697361626C6564293A0046696CA4
:100E7000616D656E742073657474696E67730020AC
:100E8000204D3230312058004D6178204163636538
:100E90006C65726174696F6E2028756E6974732F4A
:100EA0007332290020204D3230332058004D6178B4
:100EB000206665656472617465732028756E697457
:100EC000732F73290020520020204D3230342050DF
:100ED00000416363656C65726174696F6E2028758B
:100EE0006E6974732F7332292028503C7072696EBA
:100EF000742D616363656C3E20523C72657472614F
:100F000063742D616363656C3E20543C747261763A
:100F1000656C2D616363656C3E2900205800205488
:100F20000020530020204D323035204200416476AD
:100F3000616E6365642028423C6D696E5F7365670E
:100F40006D656E745F74696D655F75733E20533CAB
:100F50006D696E5F66656564726174653E20543CC0
:100F60006D696E5F74726176656C5F6665656472EB
:100F70006174653E20583C6D61785F6A65726B3EB6
:100F800020593C6D61785F6A65726B3E205A3C6DFA
:100F900061785F6A65726B3E20453C6D61785F6A7F
:100FA00065726B3E290020440020490020204D330B
:100FB0003031205000486F74656E64205049440001
:100FC00020440020490020204D333034205000427E
:100FD00065642050494400203B0020550020204DEE
:100FE000363033204C0046696C616D656E74206C40
:100FF0006F61642F756E6C6F6164004D32345325E0
:101000006C6454256C64004739322E3945257300D1
:1010100047314625640047315A2573463630300043
:1010200047315825735925734633303030004D31E0
:101030003036502569532569004D313039532569C3
:10104000004D323030442573004739322E395A254D
:1010500073004D3432305325635A257300473238BC
:10106000523058590047315A2573463630300047C0
:1010700039322E395A2573004739322E394530001E
:101080004D313039532569004D31393053256900D0
:101090004D343230205330205A30003D3D4F6E5099
:1010A0006F7765724C6F7373526573756D653D3DF7
:1010B00000203B200020204D343133205300506F5E
:1010C0007765722D6C6F7373207265636F766572CE
:1010D00079004F4646004F4E00203B20486F737406
:1010E0002068616E646C696E672000203B204D6F44
:1010F000646520006D6D00203B2044697374616E4F
:101100006365200046696C616D656E742072756E52
:101110006F757420003B200020496E76616C696415
:10112000206578747275646572200047322F4733EA
:101130002062616420706172616D65746572730A0A
:1011400000536C6565702E2E2E00205A3A20002028
:10115000593A200042656420583A20004D65736872
:1011600020706F696E74206F7574206F66207261D5
:101170006E67650A00626567696E004D30205374C2
:101180006F70004D312053746F7000436C69636B56
:1011900020746F20526573756D652E2E2E004E6F74
:1011A000204D6F76652E00456E642066696C652063
:1011B0006C6973740A00426567696E2066696C65C4
:1011C000206C6973740A004E6F206D656469610A52
:1011D00000526573756D696E6720534400286E6F09
:1011E0002066696C65290043757272656E742066AD
:1011F000696C653A20004E6F742053442070726908
:101200006E74696E670A005344207072696E746967
:101210006E67206279746520005072696E74207464
:10122000696D653A20003F43616E6E6F742077727E
:1012300069746520746F20494E5055540A00496EF8
:1012400076616C69642050696E204D6F64650A0098
:101250006F6B006F666600ED04E804E104DA04CC0D
:1012600004C50444454255473A004D3131332053BB
:1012700000544D3344203130532050726F204F467C
:10128000462E004649524D574152455F4E414D450D
:101290003A4D61726C696E204457372E342E3720D8
:1012A000544D33442053534D4442422028417567E6
:1012B00020323220323032352031313A33323A3531
:1012C000362920534F555243455F434F44455F55A0
:1012D000524C3A68747470733A2F2F67697468754A
:1012E000622E636F6D2F496E73616E6974794175FB
:1012F000746F6D6174696F6E2F4D61726C696E2FC2
:10130000747265652F437265616C6974794477699D
:101310006E5F322E302050524F544F434F4C5F5629
:10132000455253494F4E3A312E30204D41434849A2
:101330004E455F545950453A544D33442031305353
:101340002050726F2045585452554445525F434FC8
:10135000554E543A3120555549443A6365646532D7
:101360006132662D343161322D343734382D396293
:1013700031322D6335356336326633363766660073
:101380002F2F005741524E494E4721204C6F772056
:101390005A204A65726B206D6179206C656164200A
:1013A000746F20756E77616E7465642070617573FB
:1013B00065732E0A0020204D61783A20002000201D
:1013C000204D696E3A2000203B200020204D323114
:1013D00031205300536F667420656E6473746F70B0
:1013E0007300250A0046523A0020466C6F773A2077
:1013F0000050726F7465637465642050696E0A00F2
:10140000363726033C3D380E2E303E121A1C180A81
:1014100043090844000150726F6265204F6666738D
:101420006574205A0050726F6265204F666673655E
:1014300074205A0064697300656E0043290A0061D4
:10144000626C656420286D696E2074656D70200083
:10145000436F6C6420657874727564657320617283
:10146000652000504944204175746F74756E6500A5
:10147000206661696C656421204261642068656151
:101480007465722069640A00504944204175746F84
:1014900074756E65004D34323120696E636F7272FF
:1014A00065637420706172616D6574657220757317
:1014B0006167650A004D65736820706F696E7420FE
:1014C0006F7574206F662072616E67650A00203B3D
:1014D000204C6576656C696E67200020204D3432A3
:1014E000302053004175746F20426564204C65764E
:1014F000656C696E670020204D393030204B004C00
:10150000696E65617220416476616E63650020508A
:101510000020440020204D35393120530046696CAD
:10152000616D656E742072756E6F75742073656E73
:10153000736F7200204A002020473239205720491B
:101540000020204D3134392043203B20556E6974F2
:101550007320696E2043656C736975730A00546566
:101560006D706572617475726520556E6974730073
:101570002020473231203B004C696E656172205556
:101580006E69747300454550524F4D204F4B0A0011
:10159000290A0020746F20003F5A206F7574206F55
:1015A000662072616E6765202800290A0020746F2A
:1015B00020003F59206F7574206F662072616E673E
:1015C0006520282D00290A0020746F20003F582034
:1015D0006F7574206F662072616E676520282D001C
:1015E0002E0A002028302D313029002076616C75BC
:1015F00065206F7574206F662072616E67650041AB
:101600006476616E6365204B3D004D383400446F55
:101610006E65207072696E74696E672066696C65AC
:101620000A004D3737004D333100290A002E2E2E87
:101630002800540020204D323036205800486F6D6D
:1016400065206F6666736574004F666673657473B4
:10165000204170706C696564004572723A20546F65
:101660006F206661722100546F6F20666172206680
:10167000726F6D207265666572656E636520706F4E
:10168000696E740A0020286D6D2900203B0020201F
:101690004D3835312058005A2D50726F6265204FF9
:1016A0006666736574002569730025696D20256978
:1016B00073002569682025696D20256973002569F7
:1016C00064202569682025696D20256973002569D6
:1016D0007920256964202569682025696D202569A0
:1016E00073000A53746174733A2046696C616D65C6
:1016F0006E7420757365643A20002C204C6F6E6701
:10170000657374206A6F623A2000546F74616C20B4
:1017100074696D653A200053746174733A20002C2B
:10172000204661696C65643A20002C2046696E6928
:10173000736865643A20005072696E74733A2000D1
:1017400053746174733A2000436F6F6C696E672E37
:101750002E2E0045312025530042656420436F6FD3
:101760006C696E672E2E2E00426564204865617498
:10177000696E672E2E2E003D3D4477696E20496EBE
:10178000697420436F6D706C6574653D3D00700138
:101790002C0190012701B0012201C0011D01F001BF
:1017A00018011002130130020E01600209019002BB
:1017B0000401C002FF000003FA004003F5008003AB
:1017C000F000D003EB002004E6007004E100E00428
:1017D000DC004005D700C005D2004006CD00D00691
:1017E000C8008007C3003008BE00F008B900C00977
:1017F000B400B00AAF00B00BAA00D00CA500000ED8
:10180000A000500F9B00C0109600501291000014D1
:101810008C00C0158700B0178200B0197D00D01B66
:101820007800001E730040206E0090226900F024B2
:10183000640040275F0090295A00E02B5500102ECD
:10184000500020304B0010324600E033410090350C
:101850003C001037370070383200A0392D00B03A04
:101860002800A03B2300603C1E00103D1900903D65
:101870001400103E0F00703E0A00C03E0500003FFD
:101880000000403FFBFF803FF6FFC03FF1FF00003C
:101890002100240027002A002D0030003300010120
:1018A0000000040107010A010000220025002800B1
:1018B0002B002E0031003400020100000501080158
:1018C0000B01000020002300260029002C002F001F
:1018D00032000001000003010601090105050505AC
:1018E000070508080808020202020A0A0808040498
:1018F00004040101010101010101030303030303C6
:101900000303040707070C0C0C0C0C0C0C0C020254
:10191000020206060606060606060B0B0B0B0B0B51
:101920000B0B0102102020080810204010204080DE
:101930000201020108040201010204081020408093
:101940008040201008040201800402018040201021
:10195000080402010804020101020408102040806A
:10196000010204081020408000000A0B02090C0D3F
:101970000E08070304010000000000000000000042
:101980000000000000000000000000000000000057
:101990000000000012111000000000000000000014
:1019A00000000000000000000000000000007026A1
:1019B00000009B1E0000C3150000C70D0000F407C7
:1019C00000004F04000040020000260100002074C7
:1019D0006F6F206C6F6E6720657874727573696FB6
:1019E0006E2070726576656E7465640A0020636FA0
:1019F0006C6420657874727573696F6E207072659F
:101A000076656E7465640A004D323520500A4D3299
:101A10003400526573756D650055492050617573CA
:101A2000650043616E6E6F7420656E74657220731D
:101A300075626469723A20004E6F204D617463686C
:101A4000203A00436F6E73747261696E206D657326
:101A50006856616C20006D65736856616C20007972
:101A6000506E74200078506E7420006D657368505D
:101A70006F696E742000446973706C617942726999
:101A80006768746E657373205365743A2000446907
:101A900073706C61794272696768746E65737320E4
:101AA0004C43443A20004D32320A4D3231005265E7
:101AB00066726573680050675570005067446F77B1
:101AC0006E0049732046696C6520004973204469A3
:101AD000722000476F557044697200486173204D51
:101AE000656469610046696C656E616D652053656A
:101AF0006C6563746564004D3130303043004D31A6
:101B0000303030002046696C616D656E742052651E
:101B100073706F6E7365204E6F00526573756D65DF
:101B20002059657320647572696E67207072696EE2
:101B300074000A204E6F2046696C616D656E7400FA
:101B4000496E76616C6964204F7074696F6E004DE8
:101B50003530300053746F72652053657474696E4C
:101B60006773004D3939390A4D32383050305331AE
:101B7000363000424C546F7563682052657365744B
:101B8000004D3530320A4D35303000496E697420D1
:101B9000454550524F4D004D3530300053746F72F3
:101BA000652053657474696E677300496E4C616E8D
:101BB0006743686F696365000A202A2A2A72656391
:101BC0006461742E646174615B305D203D00473256
:101BD000380A4731204631303030205A31300055F4
:101BE0006E737570706F72746564204F7074696F76
:101BF0006E2053656C6563746564004D36303553F3
:101C0000300A47323858004D36303553310A543097
:101C10000A4732380A4D36303553320A473238587F
:101C20000A473158300A4D3630355333004D36307F
:101C30003553310A54300A4732380A4D363035535D
:101C4000320A473238580A47315830004D3630355D
:101C500053310A473238580A47315830004D323133
:101C60003153300A4739310A47315A302E30323534
:101C70000A4739300A4D3231315331004D3231315A
:101C800053300A4739310A47315A2D302E30323518
:101C90000A4739300A4D3231315331004732395316
:101CA000320047323953310047323652323535002F
:101CB0004D3139305335350A4732380A4732390AFF
:101CC0004D3430300A4D313034533231350A4732D9
:101CD000380A4D313039533231350A4D34323053B0
:101CE000310A473158313030593130304635303093
:101CF000300A47315A300A4D3530300A4D313137CC
:101D000020536574205A204F66667365740047310E
:101D1000204631303030205A302E30004732380AD9
:101D20004731204631303030205A302E30005A2092
:101D30004F6666736574203A202573005A204F66FB
:101D400066736574203A202573004732385A0A4773
:101D50003146313530305A302E30004732380A475C
:101D60003146313530305A302E3000426564204CD7
:101D70006576656C204F7074696F6E2000526574D3
:101D800075726E203A20004D3834004731463130AC
:101D900030305A302E30004732380A473146313021
:101DA00030305A302E30004D616E75616C53657461
:101DB00054656D70005A204F6666736574203A2032
:101DC000257300526F756E64696E6720746F20739F
:101DD00074657000526571756573746564204F6633
:101DE00066736574200053746F702054726967675E
:101DF000657265640053746F70204E6F0053746F8A
:101E0000705072696E740048616E646C6520446144
:101E100074612041646A7573742032205365747450
:101E2000696E672053637265656E200048616E6459
:101E30006C652044617461205072696E7446696CEF
:101E40006520332053657474696E6720536372652F
:101E5000656E200048616E646C6520446174612089
:101E60005072696E7446696C6520322053657474D3
:101E7000696E672053637265656E20004D383400CB
:101E800048616E646C652044617461205072696EB3
:101E90007446696C6520506F73740048616E646CA1
:101EA000652044617461205072696E7446696C6586
:101EB0002050726500426567696E53776974636884
:101EC000003D3D20436865636B6B65793D3D007265
:101ED00065636461742E61646472203D3D007265C7
:101EE000636461742E646174615B305D203D3D000C
:101EF00070726F6D70745F00626567696E0044692F
:101F00007361626C6552756E6F757400507572679F
:101F1000654D6F72650050617573656400436F6E47
:101F200074696E7565004C6F61642046696C616D03
:101F3000656E742054004C6F61642046696C616D5D
:101F4000656E7400496E736572742066696C616DAC
:101F5000656E7420616E642073656E64204D31304F
:101F6000380A00726573756D6564004469736D6944
:101F7000737300526573756D696E670020446973F1
:101F800063726570616E63793A00326E64205072DC
:101F90006F6265205A3A00534C4F570031737420DA
:101FA00050726F6265205A3A004641535400507295
:101FB0006F62653A3A72756E5F7A5F70726F6265D2
:101FC000006D656173757265645F7A3A20005072C6
:101FD0006F62696E67204661696C65640A005072C1
:101FE0006F62696E67204661696C656400205A3AC9
:101FF000200020593A200042656420583A200050C1
:102000006F736974696F6E204E6F742052656163DF
:102010006861626C650A00203A200A00202063751E
:102020007272656E745F706F736974696F6E3D0074
:102030005F72656C6174697665290A002C20002C3A
:1020400020002C20002C20002E2E2E280050726FF5
:1020500062653A3A70726F62655F61745F706F6952
:102060006E740050726F62653A3A70726F62655FAB
:10207000646F776E5F746F5F7A0020547269676770
:1020800065726564206561726C792E00204E6F2048
:10209000747269676765722E002050726F626520E6
:1020A0006661696C21202D0043616E6E6F74206F34
:1020B00070656E207375626469722000204500208F
:1020C0005A0020590020204D3932205800537465A1
:1020D00070732070657220756E697400496E766148
:1020E0006C69642065787472756465720A00220AEE
:1020F00000556E6B6E6F776E20636F6D6D616E64F1
:102100003A20220020453A00205A3A0020593A004D
:10211000583A006F6B0A00526573656E643A20008E
:102120006E6F74696669636174696F6E2000544DE7
:102130003344203130532050726F205265616479EE
:102140002E005072696E74696E672E2E2E005072CA
:10215000696E742050617573656400524553554D26
:1021600045204F5054494F4E533A004865617469B9
:102170006E672E2E2E000000436C69636B20746F17
:102180002068656174000000526573756D696E6743
:102190002E2E2E00000050757267696E672E2E2E4F
:1021A0000000004C6F6164696E672E2E2E000000E7
:1021B000496E7365727420616E6420436C69636B51
:1021C000000000436C69636B20746F20636F6E7452
:1021D000696E7565000000456A656374696E672EF7
:1021E0002E2E000000506C65617365207761697464
:1021F0002E2E2E0000005061726B696E672E2E2EFF
:1022000000000050617573654D73673D000A2069D9
:102210006E6974207A70726F62655F7A6F6666733A
:102220006574203D20003D3D6F6E436F6E666967AB
:1022300075726174696F6E53746F72655265616413
:102240003D3D00454550524F4D20496E69746961CE
:102250006C697A65640A0048617264636F646564DE
:102260002044656661756C742053657474696E678B
:1022700073204C6F6164656400454550524F4D209A
:102280006461746173697A65206572726F722E0A77
:102290000053657474696E6720566F6C756D6520A8
:1022A0004F6E203A200053657474696E6720537432
:1022B000616E646279204F6E203A20005365747419
:1022C000696E6720566F6C756D65203A2000536506
:1022D0007474696E6720526F746174696F6E203A0E
:1022E000200053657474696E67205374616E646274
:1022F000792054696D65203A200053657474696EC5
:1023000067205374616E646279203A2000536574CB
:1023100074696E67204272696768746E65737320B2
:102320003A20004C6F6164696E67204457494E2023
:102330004C43442073657474696E672066726F6DD8
:1023400020454550524F4D0A0044697363617264E1
:10235000696E67204457494E204C4344207365748E
:1023600074696E672066726F6D20454550524F4DFF
:10237000202D2073657474696E677320766572739F
:10238000696F6E20696E636F72726563740A0044D0
:10239000697363617264696E67204457494E204CCB
:1023A00043442073657474696E672066726F6D2094
:1023B000454550524F4D202D2073697A6520696E36
:1023C000636F72726563740A00290A00206279746F
:1023D00065733B2063726320002073746F726564C1
:1023E0002073657474696E677320726574726965B1
:1023F000766564202800202863616C63756C6174C5
:10240000656429210A0020213D2000454550524F96
:102410004D20435243206D69736D61746368202DB4
:10242000202873746F7265642920002053697A65CF
:102430003A2000496E6465783A20000000FA4300B3
:1024400000FA430000204100008C420000A042003E
:1024500000A0420000C84300000243EE020000EE6C
:10246000020000640000003C000000454550524F4F
:102470004D2056657273696F6E204572726F7200DF
:10248000204D61726C696E3D563837290A0045450A
:1024900050524F4D2076657273696F6E206D69736F
:1024A0006D617463682028454550524F4D3D0024AE
:1024B000F404D9201BC40C5C0E9804C4095F0265A7
:1024C000077101F405F900FB04B30048048700C15B
:1024D0000369005803550003034500BE023A008417
:1024E00002310053022A002902250004022000E4E0
:1024F000011C00C8011900AF0117009801140084E5
:10250000011300710110006101100051010E004320
:10251000010D0036010B002B010B0020010B0015F3
:102520000109000C01090003010800FB000800F389
:10253000000800EB000700E4000600DE000600D8FB
:10254000000600D2000600CC000500C7000500C24E
:10255000000500BD000400B9000400B5000400B18E
:10256000000400AD000400A9000400A5000300A2BF
:102570000003009F0004009B0003009800030095E7
:1025800000020093000300900003008D0002008B06
:10259000000300880002008600020084000300811E
:1025A0000002007F0002007D0002007B0002007933
:1025B0000002007700010076000200740002007241
:1025C000000100710002006F0002006D0001006C4C
:1025D0000002006A00010069000200670001006655
:1025E000000100650001006400020062000100615A
:1025F000000100600001005F0002005D0001005C5E
:102600000001005B0001005A000100590001005860
:102610000001005700010056000100550001005460
:10262000000100530000005300010052000100515E
:10263000000100500001004F0001004E0000004E5C
:102640000001004D0001004C0001004B0000004B58
:102650000001004A00010049000100480000004854
:10266000000100470001004600000046000100454F
:102670000000004500010044000100430000004349
:102680000001004200000042000100410000004142
:10269000000100400001003F0000003F0001003E3B
:1026A0000000003E0001003D0000003D0001003C34
:1026B0000000003C0000003C0001003B0000003B2B
:1026C0000001003A0000003A000100390000003922
:1026D0000001003800000038000000380001003719
:1026E0000000003700010036000000360000003610
:1026F0000001003500000035000000350001003405
:1027000000000034000000340001003300000033FA
:1027100000000033000100320000003200000032EF
:1027200000010031000000310000003100010030E4
:1027300000000030000000300001002F0000002FDA
:102740000000002F0000002F0001002E0000002ECE
:102750000000002E0001002D0000002D0000002DC3
:102760000000002D0001002C0000002C0000002CB7
:102770000000002C0001002B0000002B0000002BAB
:102780000000002B0001002A0000002A0000002A9F
:102790000000002A00010029000000290000002993
:1027A0000000002900000029000100280000002886
:1027B0000000002800000028000000280001002779
:1027C000000000270000002700000027000000276D
:1027D0000001002600000026000000260000002660
:1027E0000000002600010025000000250000002553
:1027F0000000002500000025000000250001002445
:102800000000002400000024000000240000002438
:10281000000100230000002300000023000000232B
:10282000000000230000002300000023000100221C
:102830000000002200000022000000220000002210
:102840000000002200010021000000210000002102
:1028500000000021000000210000002100000021F4
:1028600000010020000000200000002000000020E7
:1028700000000020000000200000002000000020D8
:102880000001001F0000001F0000001F0000001FCB
:102890000000001F0000001F0000001F0001001EBC
:1028A0000000001E0000001E0000001E00000024AA
:1028B000F4D43050C38E20C2A24017828B70111204
:1028C0007A910D816CD90AA861E108C75866076141
:1028D0005143061E4B5D05C145A7041A4111040969
:1028E0003D9803713931034036DB0265339102D4E0
:1028F000305402802E1D02632CEE01752AC501B0F2
:1029000028A001102781018F2564012B244B01E0B1
:10291000223401AC211F018D200D01801FFC008499
:102920001EED00971DDF00B81CD200E61BC600207C
:102930001BBC00641AB200B219A8000A19A0006AF0
:10294000189900D117910040178B00B516840031FB
:10295000167E00B31579003A157300C7146F00583E
:10296000146A00EE1366008813630025135E00C727
:10297000125B006C12570015125400C11151007007
:10298000114F0021114B00D61049008D1047004611
:1029900010440002104200C00F4000800F3E004271
:1029A0000F3C00060F3B00CB0E3800930E37005C47
:1029B0000E3500270E3400F30D3200C10D310090AA
:1029C0000D3000600D2E00320D2D00050D2C00D9AC
:1029D0000C2B00AE0C2900850C29005C0C2700355F
:1029E0000C27000E0C2600E80B2400C40B2400A0CA
:1029F0000B23007D0B23005A0B2100390B210018FB
:102A00000B2000F80A1F00D90A1E00BB0A1E009DF9
:102A10000A1D00800A1D00630A1C00470A1B002CC7
:102A20000A1B00110A1A00F7091A00DD091900C46F
:102A3000091900AB091900920917007B09180063F6
:102A40000917004C09160036091600200916000A5D
:102A5000091500F5081500E0081400CC081400B8AA
:102A6000081400A4081400900813007D0812006BDD
:102A700008130058081200460812003408110023F9
:102A80000811001208110001081100F0071000E001
:102A9000071000D0071000C0071000B0070F00A1FA
:102AA00007100091070E0083070F0074070F0065E1
:102AB000070E0057070E0049070E003B070D002EBA
:102AC000070E0020070D0013070D0006070D00F983
:102AD000060C00ED060D00E0060C00D4060C00C844
:102AE000060C00BC060C00B0060C00A4060B0099F6
:102AF000060C008D060B0082060B0077060B006C9F
:102B0000060B0061060A0057060B004C060A00423D
:102B1000060A0038060A002E060A0024060A001AD1
:102B2000060A001006090007060A00FD050900F460
:102B3000050900EB050900E2050900D9050900D0E7
:102B4000050900C7050900BE050900B5050800AD67
:102B5000050800A50509009C050800940508008CDF
:102B6000050800840508007C050800740508006C51
:102B7000050700650508005D050700560508004EBD
:102B80000507004705070040050800380507003124
:102B90000507002A050700230507001C0506001687
:102BA0000507000F0507000805060002050700FBE2
:102BB000040600F5040700EE040600E8040600E23F
:102BC000040700DB040600D5040600CF040600C994
:102BD000040600C3040600BD040600B7040600B1E5
:102BE000040500AC040600A6040600A00405009B32
:102BF00004060095040500900406008A040500857B
:102C0000040500800406007A0405007504050070C0
:102C10000405006B04050066040500610405005C02
:102C200004050057040500520405004D0405004842
:102C3000040500430405003E0404003A0405003581
:102C4000040500300404002C0405002704040023BC
:102C50000405001E0404001A0404001604050011F3
:102C60000404000D04040009040500040404000029
:102C7000040400FC030400F8030400F4030400F05F
:102C8000030400EC030400E8030400E4030400E090
:102C9000030400DC030400D8030400D4030400D0C0
:102CA000030400CC030400C8030300C50303002091
:102CB000436F756E7420583A0023646566696E65CB
:102CC0002044454641554C545F0000626564004B0A
:102CD0006420004B6920004B702000504944207450
:102CE000756E696E6720646F6E65002066696E6937
:102CF00073686564212050757420746865206C6168
:102D00007374204B702C204B6920616E64204B64DF
:102D100020636F6E7374616E74732066726F6D20C2
:102D200062656C6F7720696E746F20436F6E6669A1
:102D30006775726174696F6E2E680A00504944208D
:102D40004175746F74756E6500206661696C6564A9
:102D5000212074696D656F75740A005049442041E3
:102D600075746F74756E65004175746F74756E65FA
:102D7000206661696C6564212054696D656F7574A6
:102D80002E00206661696C6564212054656D706554
:102D900072617475726520746F6F20686967680A64
:102DA00000504944204175746F74756E6500504938
:102DB00044204379636C65730025532025692F25D2
:102DC0006900204B643A2000204B693A2000204BD8
:102DD000703A200020436C6173736963205049444A
:102DE000200A00204E6F206F76657273686F6F74D3
:102DF0000A002054753A2000204B753A2000206DBF
:102E000061783A2000206D696E3A200020643A20F3
:102E10000020626961733A200048656174696E67D9
:102E20002E2E2E002073746172740A0050494420C3
:102E30004175746F74756E65004175746F74756E4D
:102E400065206661696C6564212054656D706572EA
:102E5000617475726520746F6F20686967682E00F1
:102E6000206661696C6564212054656D70657261CE
:102E70007475726520746F6F20686967680A005006
:102E80004944204175746F74756E65004265640035
:102E90004531004500626564002C207379737465C8
:102EA0006D2073746F70706564212048656174656E
:102EB000725F49443A20004572723A204D4158549D
:102EC000454D50004D415854454D5020747269672E
:102ED00067657265640048656174696E6720466164
:102EE000696C65640048656174696E672066616934
:102EF0006C6564004D353234004D313132205368F9
:102F00007574646F776E001000C90210012C0140C7
:102F100001220170011801B0010E01F001040150FD
:102F200002FA00B002F0003003E600D003DC0090AB
:102F300004D2007005C800A006BE000008B400B0AE
:102F400009AA00D00BA000600E960060118C000052
:102F500015820020197800C01D6E00A0226400B008
:102F6000275A00902C500000314600E0343C0010FD
:102F7000383200903A2800603C1E00A03D140080CA
:102F80003E0A00203F00004572723A204D494E54DF
:102F9000454D50004D494E54454D5020747269675F
:102FA000676572656400544845524D414C20525546
:102FB0004E4157415900546865726D616C205275DD
:102FC0006E6177617900202F002042403A00204056
:102FD0003A0020573A0020573A007C3C3E5E2B3D99
:102FE0003F2F5B5D3B2C2A225C004D6564696120AC
:102FF000496E6974204661696C00534420636172B4
:1030000064206F6B0A006F70656E526F6F7420667C
:1030100061696C65640A00766F6C756D652E696E0A
:103020006974206661696C65640A004E6F205344C0
:1030300020636172640A00534420636172642072E9
:10304000656C65617365640A000A4D3234004D3267
:1030500033202573002E0A006F70656E206661694B
:103060006C65642C2046696C653A200046696C6585
:103070002073656C65637465640A002053697A6522
:103080003A200046696C65206F70656E65643A2071
:1030900000454E4420535542524F5554494E450A1F
:1030A000002220706F73002220706172656E743A86
:1030B0002200535542524F5554494E452043414CEE
:1030C0004C207461726765743A22005375626361C3
:1030D0006C6C204F766572666C6F7700457863651F
:1030E00065646564206D617820535542524F555494
:1030F000494E452064657074683A002E0A004465A4
:103100006C6574696F6E206661696C65642C20461D
:10311000696C653A200046696C652064656C65746D
:1031200065643A0057726974696E6720746F20662F
:10313000696C653A2000667265736800646F696E39
:1031400067002066696C653A20004E6F7720002F7B
:103150006175746F25632E67002020506C616E6E60
:10316000657242756666657242797465733A2000CD
:103170002046726565204D656D6F72793A2000209A
:10318000436F6D70696C65643A2041756720323217
:1031900020323032350A00204C617374205570643F
:1031A000617465643A20323032332D30322D303341
:1031B000207C20417574686F723A2054696E794D95
:1031C000616368696E657333440A004D61726C69AE
:1031D0006E204457372E342E370A0020536F667402
:1031E000776172652052657365740A0020576174B7
:1031F0006368646F672052657365740A00204272C9
:103200006F776E206F75742052657365740A0020A5
:1032100045787465726E616C2052657365740A003E
:10322000506F77657255700A0073746172740A008A
:103230004739310A47315A350A4739300A4D38344F
:103240000A4D31303453300A4D3134305330004D53
:1032500031303031006F6B006572726F722077729F
:103260006974696E6720746F2066696C650A004432
:103270006F6E6520736176696E672066696C652E76
:103280000A004D323900456E6473746F7073002507
:103290005320256320256320256320256300205AC1
:1032A0003A0020593A0020583A00656E6473746FF2
:1032B0007073206869743A200068616E646C6520E0
:1032C00077616974776179203D3D0020202A2A2AA0
:1032D0002A2A2A2A5254535F48616E646C654461FD
:1032E00074612A2A2A2A2A2A2A2A2000202D2064C8
:1032F00034200064333A2000202D20643220006402
:10330000313A2000202D206C656E2000565020722E
:10331000656365697665643A20002A2A2A4E6F7AC9
:103320007A6C6554656D705374617475735B325D4E
:10333000203D003D3D48656174696E6720446F6EB5
:1033400065204368616E67652046696C616D656ED6
:10335000743D3D002020737461727470726F6772E7
:1033600065737320004D32320A4D3231003D3D7796
:1033700061697477617920353D3D003D3D77616934
:103380007477617920343D3D003D3D776169747704
:10339000617920333D3D003D3D7761697477617906
:1033A00020313D3D00436F6E6669726D20436F6E44
:1033B00074696E75650050617573655374617475D9
:1033C0007300524553554D45204F5054494F4E536D
:1033D0003A0048656174696E672E2E2E0000004326
:1033E0006C69636B20746F20686561740000005223
:1033F0006573756D696E672E2E2E00000050757214
:1034000067696E672E2E2E000000496E7365727418
:1034100020616E6420436C69636B000000436C693B
:10342000636B20746F20636F6E74696E7565000046
:1034300000456A656374696E672E2E2E0000005089
:103440006C6561736520776169742E2E2E00000013
:103450005061726B696E672E2E2E0000002A2A2A98
:10346000496E6974696E67206361726420697320B4
:103470004F4B2A2A2A003D3D6F6E5072696E74547C
:10348000696D657253746F707065643D3D003D3DBC
:103490006F6E55736572436F6E6669726D526571BA
:1034A00075697265643D3D005061757365204D6FAF
:1034B000646520537461747573004C6F6164696E48
:1034C000672E2E2E0000003D3D6F6E466163746FC7
:1034D000727952657365743D3D00270A0A00002722
:1034E0002027002027002D0063616E63656C00506B
:1034F00072696E742041626F727465640055492070
:1035000041626F7274656400726573756D65004D1C
:103510003234002A2A2A43506C617920546F6E6538
:103520002A2A2A003D3D6F6E5072696E7454696D8F
:1035300065725061757365643D3D00486F6D696EDD
:1035400067204661696C65640050524553454E548E
:10355000004F5554006F70656E00545249474745FF
:10356000524544003A20004D4F54494F4E203A20D6
:10357000004F46460A003A200066696C616D656E30
:1035800074007A5F6D696E00795F6D696E00785FB7
:103590006D696E005265706F7274696E6720656E3A
:1035A0006473746F70207374617475730A00203AC9
:1035B0002073796E635F706C616E5F706F73697496
:1035C000696F6E0A00202063757272656E745F7099
:1035D0006F736974696F6E3D003E2000646F5F62B7
:1035E0006C6F636B696E675F6D6F76655F746F009C
:1035F00020746F6F206C6F6E6720657874727573BE
:10360000696F6E2070726576656E7465640A00205D
:10361000636F6C6420657874727573696F6E207067
:10362000726576656E7465640A00486F6D65202565
:103630007320466972737400290A005D005B002CD8
:1036400020002C20002E2E2E2800646F5F686F6DE6
:10365000696E675F6D6F7665005761726E696E6740
:103660003A20486F6D696E672042756D702044691D
:103670007669736F72203C20310A00020204290A25
:10368000003C3C3C207365745F617869735F6973CB
:103690005F61745F686F6D652800203A200A002022
:1036A0002063757272656E745F706F736974696F91
:1036B0006E3D005D203D20003E20686F6D655F6FB0
:1036C00066667365745B002A2A2A205A20484F4D8B
:1036D000454420574954482050524F424520285ACB
:1036E0005F4D494E5F50524F42455F555345535FC2
:1036F0005A5F4D494E5F454E4453544F505F5049B9
:103700004E29202A2A2A0A3E2070726F62652E6F87
:1037100066667365742E7A203D2000000016430013
:1037200000164300000000290A003E3E3E2073655B
:10373000745F617869735F69735F61745F686F6DEF
:10374000652800290A003C3C3C20686F6D65617863
:1037500069732800203A203E204146544552207388
:1037600065745F617869735F69735F61745F686FC7
:103770006D650A00202063757272656E745F706FEC
:10378000736974696F6E3D006D6D0A0052652D623C
:10379000756D703A20006D6D0A004D6F76652041A1
:1037A0007761793A20006D6D0A00486F6D6520469B
:1037B0006173743A20000000A5430000A04300009C
:1037C000C843000000410000004100000040FFFF2E
:1037D000FF290A003E3E3E20686F6D65617869737F
:1037E000280020706F736974696F6E5F7368696613
:1037F00074203D200020686F6D655F6F666673659D
:1038000074203D2000417869732000000000010011
:1038100000000100008000555555000000400033B5
:10382000333300AAAA2A004992240000002000C7CE
:10383000711C0099991900D1451700555515003B89
:10384000B113002449120011111100000010000FE3
:103850000F0F00E3380E0043790D00CCCC0C00C3F1
:10386000300C00E8A20B0064210B00AAAA0A007029
:103870003D0A009DD80900427B090092240900DC22
:10388000D30800888808001042080000000800F0F3
:10389000C107008787070075500700711C07003EAD
:1038A000EB0600A1BC060069900600666606007083
:1038B0003E06006118060017F4050074D105005B90
:1038C000B00500B2900500627205005555050078FC
:1038D000390500B81E0500050505004EEC040087FB
:1038E000D40400A1BD040090A7040049920400C1C3
:1038F0007D0400EE690400C7560400444404005CE3
:103900003204000821040041100400000004003FBC
:10391000F00300F8E0030026D20300C3C30300CC89
:10392000B503003AA803000A9B0300388E0300C0C9
:103930008103009F750300D0690300505E03001DE2
:1039400053030034480300913D0300333303001652
:10395000290300381F030097150300300C030003F0
:103960000303000BFA020049F10200BAE802005C0E
:10397000E002002DD802002DD0020059C80200B08C
:10398000C0020031B90200DAB10200AAAA0200A006
:10399000A30200BC9C0200FA9502005C8F0200DFCB
:1039A00088020082820200457C02002776020027FE
:1039B000700200436A02007C640200D05E02003F95
:1039C000590200C8530200FFFDFCFAF8F6F4F2F0C9
:1039D000EEECEAE9E7E5E3E1E0DEDCDAD9D7D5D4DD
:1039E000D2D0CFCDCBCAC8C7C5C3C2C0BFBDBCBA79
:1039F000B9B7B6B4B3B2B0AFADACAAA9A8A6A5A4E6
:103A0000A2A1A09E9D9C9A99989795949392908F2D
:103A10008E8D8B8A8988878684838281807F7E7D54
:103A20007B7A797877767574737271706F6E6D6C5E
:103A30006B6A696867666564636261605F5E5D5C4E
:103A40005B5A5958585756555453525150504F4E2F
:103A50004D4C4B4A4A4948474646454443424241F9
:103A6000403F3E3E3D3C3B3B3A39383837363535B2
:103A7000343332323130302F2E2E2D2C2B2B2A295D
:103A80002928272726252524232322212120201FFA
:103A90001E1E1D1C1C1B1B1A19191818171616158B
:103AA0001514131312121111100F0F0E0E0D0D0C11
:103AB0000C0B0A0A0909080807070606050504048D
:103AC000030302020100003D3D6F6E5072696E7487
:103AD00054696D6572537461727465643D3D00296B
:103AE0000A0050726F62653A3A646F5F7A5F726182
:103AF00069736528006465706C6F793A2000203A1C
:103B00002050726F62653A3A7365745F6465706CD9
:103B10006F7965640A00202063757272656E745F48
:103B2000706F736974696F6E3D00206D61783A0043
:103B3000206D696E3A0041786973200000809D43D2
:103B400000009B430000C843000070C1000020C17A
:103B500000000000536176696E67204457494E208B
:103B60004C43442073657474696E672066726F6D90
:103B700020454550524F4D0A003D3D6F6E536574D0
:103B800074696E677353746F7265643D3D0053656D
:103B90007474696E67732053746F72656400290AC8
:103BA000002062797465733B206372632000536563
:103BB0007474696E67732053746F72656420280093
:103BC0005001C20011241FBECFEFD1E2DEBFCDBF36
:103BD00000E00CBF84B78093311914BE0FB6F8947F
:103BE000A8958091600088618093600010926000C9
:103BF0000FBE16E0A0E0B2E0E8E0F9E802E00BBF9B
:103C000002C007900D92AC37B107D9F729E1ACE7B4
:103C1000B6E001C01D92A133B207E1F71DE1C1EE8C
:103C2000DDE100E006C021970109802FFE010F941D
:103C3000B140C03ED10780E00807A9F70F94E92DF5
:103C40000D9472440C940000CF93DF93C091B01296
:103C5000D091B11281E0CE31D105E4F020E030E026
:103C600040E05FE36091AC127091AD128091AE12B2
:103C70009091AF120F94BA400F9426426C1B7D0BAB
:103C800077FF03C071956195710981E0633071051B
:103C90000CF080E0DF91CF910895CF93DF93DB01AB
:103CA000F9019C919130C1F0943080F094509C9334
:103CB0008830D1F480819181009771F001979183D0
:103CC0008083480F591FEA01188206C08C3539F4E9
:103CD0009C5F9C93943041F4DF91CF9108958B3396
:103CE00039F781E08C93F8CF20813181B9016F5F82
:103CF0007F4F71836083420F531FEA018883808165
:103D000091818F3591056CF7E7CF0F931F9381E079
:103D10000091ED141091EE142091EF143091F014F5
:103D20004091E9145091EA146091EB147091EC14F5
:103D3000041715072607370708F480E01F910F9135
:103D4000089520917E07833021F425FD0CC024FDC9
:103D50000CC030E0A90102C0559547958A95E2F75D
:103D6000CA018170089581E0089580E00895CF929E
:103D7000DF92EF92FF92CF93DF93EC01CC80DD8056
:103D8000EE80FF8029E630E040E251ECC701B60149
:103D90000F941A4387FD23C023E030E04BE953E43E
:103DA000C701B6010F94D6391816CCF0C880D98057
:103DB000EA80FB8029E630E040E751ECC701B6011C
:103DC0000F941A4387FD0BC0C1E023E030E84DE9B2
:103DD00053E4C701B6010F94D63918160CF4C0E0AD
:103DE0008C2FDF91CF91FF90EF90DF90CF900895CF
:103DF000682F70E090E080E00F94DD392091001989
:103E00003091011940910219509103190F943C3AD5
:103E10002091F8183091F9184091FA185091FB1838
:103E20000F94BA400895682F70E090E080E00F94FE
:103E3000DD392091FC183091FD184091FE18509109
:103E4000FF180F943C3A2091F4183091F5184091E6
:103E5000F6185091F7180F94BA4008958091EB1816
:103E600081110EC020916F023091700221503109F2
:103E700081E04091DC125091DD12421753070CF0A3
:103E800080E00895269A2E9A08952F923F924F929D
:103E90005F926F927F928F929F92AF92BF92CF92DA
:103EA000DF92EF92FF920F931F93CF93DF93D62F62
:103EB000C72FFC0180809180A280B380C501B4012E
:103EC00020E831E541E050E00F941A40C9016DE669
:103ED00071E00F9489406B017C01C501B40120E1C0
:103EE0003EE040E050E00F941A40CA01B90128E1D9
:103EF00030E040E050E00F941A40362E272E062F77
:103F0000172F8CE3482E512C612C712CC501B40164
:103F1000A30192010F941A40B62EA72ECA01B9012F
:103F2000A30192010F941A40CB01C114D10479F17D
:103F3000AF92BF927F936F932F923F92FF92EF9237
:103F4000DF92CF928EEC96E19F938F93CF93DF9386
:103F50000F946D398DB79EB70E960FB6F8949EBF2D
:103F60000FBE8DBF8D2F9C2FDF91CF911F910F9191
:103F7000FF90EF90DF90CF90BF90AF909F908F9089
:103F80007F906F905F904F903F902F900895E11435
:103F9000F104C9F0AF92BF927F936F932F923F923B
:103FA000FF92EF928EEB96E19F938F93CF93DF93E7
:103FB0000F946D39EDB7FEB73C960FB6F894FEBF7F
:103FC0000FBEEDBFCFCF012BB9F0AF92BF927F9361
:103FD0006F932F923F9282EB96E19F938F93CF93B3
:103FE000DF930F946D398DB79EB70A960FB6F8948C
:103FF0009EBF0FBE8DBFB6CF892BA9F0AF92BF92E7
:104000007F936F938AEA96E19F938F93CF93DF9389
:104010000F946D39EDB7FEB738960FB6F894FEBF22
:104020000FBEEDBF9FCFAF92BF9286EA96E19F93FE
:104030008F93CF93DF930F946D390F900F900F9064
:104040000F900F900F908ECFAB01BC014093ED14F9
:104050005093EE146093EF147093F01485E596E19D
:104060000C9453CAEF92FF920F931F93CF937C014E
:104070000091810710918207C0E0F701EC0FF11D5C
:104080006081662351F0062E000C770BC8010F9457
:104090000844892B49F4CF5FF0CF80E0CF911F9186
:1040A0000F91FF90EF90089581E0F8CF682F880F6F
:1040B000770B80918107909182070F940844FC014F
:1040C00081E0309709F480E0309781F0918120ED14
:1040D000290F2A3030F09E3251F4928190539A3059
:1040E00098F43196F0937907E093780708959D321C
:1040F00011F09B3249F4928120ED290F2A3088F388
:104100009E3211F49381EACFF0E0E0E0EBCF0E9421
:104110005620882341F081E020917807309179077B
:10412000232B09F480E008950F931F93CF93DF931F
:1041300000D01F92CDB7DEB79C0106EA1CE090E1EB
:10414000EBE3F2E0D80101900D929A95E1F7F901C5
:104150002081318142815381F8016085718582859A
:1041600093850F94BA40F80160877187828793879F
:1041700080E090E0A0EAB0E489839A83AB83BC83BB
:10418000CE0101960F9487040F900F900F900F901F
:10419000DF91CF911F910F9108952F923F924F92EF
:1041A0005F926F927F928F929F92AF92BF92CF92C7
:1041B000DF92EF92FF921F93CF93DF93CDB7DEB7DD
:1041C0002C970FB6F894DEBF0FBECDBF7A01190150
:1041D000DC012D913D914D915C912D833E834F8368
:1041E0005887FB01408051806280738080903B0241
:1041F00090903C02A0903D02B0903E02A501940137
:104200006D817E818F8198850F94D63981110EC082
:1042100011E0A301920160913F02709140028091F0
:104220004102909142020F94D639811110E0D101E0
:104230002D913D914D915C9129873A874B875C8701
:10424000F701C080D180E280F38020910602309196
:1042500007024091080250910902C701B6010F946C
:10426000D639882309F44EC0C0920602D0920702C4
:10427000E0920802F0920902809147029091480270
:10428000A0914902B0914A0240913F0250914002F0
:1042900060914102709142028092A60C9092A70C0C
:1042A000A092A80CB092A90C4093AA0C5093AB0C0E
:1042B0006093AC0C7093AD0CC092AE0CD092AF0C6E
:1042C000E092B00CF092B10C8093B20C9093B30CCE
:1042D000A093B40CB093B50C20E030E040E05FE375
:1042E0006091470D7091480D8091490D90914A0D54
:1042F0000F943C3A69837A838B839C83CE01019629
:104300000F9487042D813E814F8158852093A60C00
:104310003093A70C4093A80C5093A90C4092AA0C80
:104320005092AB0C6092AC0C7092AD0CD1012D91FF
:104330003D914D915C916091B20C7091B30C809164
:10434000B40C9091B50C0F94BA406093B20C70937A
:10435000B30C8093B40C9093B50C11112FC020E0D6
:1043600030E0A90169857A858B859C850F94D639C3
:10437000811133C060E070E088EC92E469837A8355
:104380008B839C83CE0101960F9487042C960FB6E5
:10439000F894DEBF0FBECDBFDF91CF911F91FF908C
:1043A000EF90DF90CF90BF90AF909F908F907F90D5
:1043B0006F905F904F903F902F9008952AEF3EE7C7
:1043C0004AE25FE360914B0D70914C0D80914D0D71
:1043D00090914E0D0F943C3AD1CF60E070E080EAAE
:1043E00091E4CCCF8091780790917907009731F0D4
:1043F0004AE050E070E060E00D94F13760E070E07A
:10440000CB010895CF93DF9300D01F92CDB7DEB7D5
:1044100080E090E0A0EAB0E489839A83AB83BC8318
:1044200061E0CE0101960F94491B0F900F900F9001
:104430000F90DF91CF9108950F931F93CF93DF9348
:1044400000D000D01F921F92CDB7DEB78B01FC01C8
:1044500023A5211102C00E94D1811D821E821F82CC
:10446000188620E030E040E05FE360914302709105
:10447000440280914502909146020F94BA406983AC
:104480007A838B839C839E012B5F3F4FAE014F5FEE
:104490005F4F6FE372E08BE392E00E94CD201D82BC
:1044A0001E821F82188620E030E040E05FE3F801C2
:1044B00060857185828593850F94BA4069837A837C
:1044C0008B839C83B8016C5F7F4F9E012B5F3F4FB6
:1044D000AE014F5F5F4FC8010E94CD2028960FB6F6
:1044E000F894DEBF0FBECDBFDF91CF911F910F912A
:1044F00008958091780790917907009731F04AE00C
:1045000050E070E060E00D94C33660E070E0CB01F5
:104510000895CF93DF93EB010E948720882319F041
:104520000E947922EB01CE01DF91CF9108950E9484
:10453000792297FD0CC00E9479226F3F7105810599
:10454000910509F034F40E947922862F089580E0C5
:1045500008958FEF0895CF93C62F0E948720882358
:1045600019F0CF910C9497228C2FCF9108958091C0
:10457000780790917907892B41F00E94972291E06A
:10458000811101C090E0892F089591E0FCCFCF9375
:10459000DF93C82FD62F0E948720882321F0DF9138
:1045A000CF910C94B7228C2F0E945620811101C00C
:1045B0008D2FDF91CF9108950E947922CB0108952C
:1045C000CF93DF93EB010E948720882321F0DF91B6
:1045D000CF910C94DC22CE01DF91CF9108950F93FF
:1045E0001F93CF938091780790917907009709F1F5
:1045F000FC018F01C1912C2F2F7DA1F0C53431F02A
:10460000C53621F0C83511F0C83799F7F801108286
:1046100070E060E00F946535F801C083CF911F9181
:104620000F91089570E060E0CF911F910F910D946C
:10463000653560E070E0CB01F1CFCF92DF92EF9271
:10464000FF926A017B010E948720882331F0FF904E
:10465000EF90DF90CF900C94EF22C701B601FF904E
:10466000EF90DF90CF9008950C94D37B0F931F931E
:10467000CF931092800710927F072FE32093860735
:104680001092850710928407109283079C01F9010C
:1046900090812F5F3F4F9032D1F39E34C9F48181D6
:1046A00090ED980F9A3020F08D3211F08B3281F41A
:1046B00032969F012F5F3F4F808180538A3008F4EC
:1046C00075C09F012F5F3F4F8081803209F470C019
:1046D000F093690DE093680D8F010F5F1F4FC0814C
:1046E0006AE270E0C8010F940844009731F0FC01C1
:1046F000319780818032E1F31182CD3429F0C435C5
:1047000019F0C73409F04EC0F80180810F5F1F4FC8
:104710008032D1F380538A3008F044C0C0938607BA
:1047200030E020E04AE0DF011196429FC001439F44
:10473000900D11249C01205331098081280F311DD7
:1047400087FD3A95818190ED980F9A3098F13093DA
:104750008507209384078E3261F4329690E04AE018
:10476000DF0131968C9150ED580F5A3028F190931B
:104770008307FD01119680818032D9F3F09382077F
:10478000E0938107CD3441F52E31310539F0D0F475
:104790002731310519F02C313105F1F4F093800700
:1047A000E0937F07CF911F910F910895F90181CF79
:1047B000F90187CFFD01B7CF949F800D112490EDB3
:1047C000980FCECF2537310538F02737310530F334
:1047D000203A83E0380711F350E040E0CF01019622
:1047E0006081662309F45AC0613291F4CD3481F4BA
:1047F0002032310569F49093800780937F0763E24C
:1048000070E00F940844009769F2FC011082CACF4F
:10481000FC01DF018D91803271F090ED980F9A309C
:1048200008F18E3251F4918190539A30D8F04115AD
:104830005105E1F414C0FD01ECCF8D3211F08B3243
:1048400059F4918160ED690F6A3060F09E3221F475
:10485000928190539A3030F04115510519F4AF010F
:104860004150510981548A3108F4B8CFDF01FD016C
:104870008D91882309F4B2CF90ED980F9A30B8F358
:1048800093ED980F923098F38B3289F3CF01019614
:104890006081603209F0A2CFFC01F8CF509380070D
:1048A00040937F077FCF81E08093DF120895FC0162
:1048B0006591759185919491089580E00D94991B6F
:1048C000682F70E090E080E00C94D37B9B01AC01FA
:1048D000485F5F4FBC016C5F7F4F0C94CD202F92DF
:1048E0003F924F925F926F927F928F929F92AF9280
:1048F000BF92CF92DF92EF92FF920F931F93CF93CD
:10490000DF93CDB7DEB7A6970FB6F894DEBF0FBE24
:10491000CDBF8C011B015A87498740903B025090C4
:104920003C0260903D0270903E0280903F02909069
:104930004002A0904102B0904202DB018D919D9116
:104940000D90BC91A02D8B8B9C8BAD8BBE8B9C0155
:10495000AD01C301B2010F94B9406B017C01D101DB
:1049600014968D919D910D90BC91A02D8F8B988F59
:10497000A98FBA8F9C01AD01C501B4010F94B94054
:104980006B8F7C8F8D8F9E8FA985BA858D919D9120
:104990000D90BC91A02D8B879C87AD87BE879C0115
:1049A000AD01C301B2010F94B9406F8F78A389A301
:1049B0009AA3A985BA8514968D919D910D90BC916D
:1049C000A02D8F87988BA98BBA8B9C01AD01C50157
:1049D000B4010F94B9406BA37CA38DA39EA3A70140
:1049E0009601C701B6010F943C3A6B017C012B8DF7
:1049F0003C8D4D8D5E8DCA01B9010F943C3A9B01EF
:104A0000AC01C701B6010F94BA404B015C012B8980
:104A10003C894D895E896B857C858D859E850F944B
:104A2000B9402B013C012F89388D498D5A8D6F85F6
:104A3000788989899A890F94B9406B017C01A30117
:104A40009201C301B2010F943C3A2B013C01A70132
:104A50009601C701B6010F943C3A9B01AC01C3011A
:104A6000B2010F94BA400F9468436B017C012F8D03
:104A700038A149A15AA1CA01B9010F943C3A2B01AE
:104A80003C012BA13CA14DA15EA1CA01B9010F942B
:104A90003C3A9B01AC01C301B2010F94BA409B01A7
:104AA000AC01C501B4010F941A431816B4F520E007
:104AB00030E0A901C701B6010F941A4387FF2AC04D
:104AC000C701B601905820E030E040EA50E40F946E
:104AD0001A43181614F5A10169857A85C8010E9448
:104AE0006F24A6960FB6F894DEBF0FBECDBFDF9140
:104AF000CF911F910F91FF90EF90DF90CF90BF90DB
:104B0000AF909F908F907F906F905F904F903F906D
:104B10002F900895C701B601D6CF20E030E040E0E5
:104B200050E4C501B4010F941A43181624F4B101DE
:104B3000C8010E941C2219821A821B821C82BE019B
:104B40006F5F7F4FC1010E9466242DEC3CEC4CEC62
:104B50005CE3C701B6010F943C3A9B01AC01F8013C
:104B600060817181828193810F943C3A6D837E8351
:104B70008F839887D8019B968C919B978823C9F047
:104B80002AE939E949E95FE314966D917D918D91A8
:104B90009C9117970F943C3A69837A838B839C830B
:104BA000BE016F5F7F4F86EA9CE00E946624F80199
:104BB00013A6BE016B5F7F4F89859A850E9466248C
:104BC00090CF3F924F925F926F927F928F929F927F
:104BD000AF92BF92CF92DF92EF92FF920F931F930B
:104BE000CF93DF93CDB7DEB76C970FB6F894DEBFE7
:104BF0000FBECDBF8C01DB018C91A42EA80EB4E0BA
:104C0000BA1508F4E4C0FB01B180322E3B0CB31599
:104C100008F4DDC0EB2DF0E0E259F84FE081F0E060
:104C2000082E02C0F595E7950A94E2F7E0FFCFC0A1
:104C3000E32DF0E0E259F84FE081F0E00A2C02C0E9
:104C4000F595E7950A94E2F7E0FFC1C0822E942E15
:104C50000E94131F6B017C01692D660F770B072ED5
:104C6000000C880B990B0F94DD392B013C01AC0132
:104C70009B01C701B6010F94BA406B017C01CD8640
:104C8000DE86EF86F88A8A2D0E94131FA301920107
:104C90000F94B940698F7A8F8B8F9C8F69837A8349
:104CA0008B839C838B2D0E94F81E2B013C01682D69
:104CB000660F770B072E000C880B990B0F94DD39CC
:104CC0004B015C01AC019B01C301B2010F94BA40DE
:104CD0002B013C01498A5A8A6B8A7C8A832D0E9467
:104CE000F81EA50194010F94B9404B015C018D821F
:104CF0009E82AF82B886F80180859185A285B385B2
:104D000089879A87AB87BC878D8B9E8BAF8BB88F3B
:104D100020E030E040E151ECC301B2010F94D639FC
:104D200087FF6DC080E090E0A0E1B1EC898B9A8BA9
:104D3000AB8BBC8B20E030E040E151ECC501B4010D
:104D40000F94D63987FF6BC080E090E0A0E1B1EC12
:104D50008D839E83AF83B88720E030E040E651EC3E
:104D6000C701B6010F94D63987FF69C080E090E093
:104D7000A0E6B1EC8D879E87AF87B88B20E030E04E
:104D800040E651EC698D7A8D8B8D9C8D0F94D639D0
:104D900087FF65C080E090E0A0E6B1EC89839A834C
:104DA000AB83BC83CE010D960E94B71E882379F099
:104DB000CE0101960E94B71E882349F0AE014F5FD5
:104DC0005F4FBE01635F7F4FC8010E946F246C96E6
:104DD0000FB6F894DEBF0FBECDBFDF91CF911F910C
:104DE0000F91FF90EF90DF90CF90BF90AF909F908A
:104DF0008F907F906F905F904F903F90089520E04C
:104E000030E84AE953E4C301B2010F941A4318167B
:104E10000CF090CF80E090E8AAE9B3E487CF20E0DF
:104E200030E84AE953E4C501B4010F941A43181657
:104E30000CF092CF80E090E8AAE9B3E489CF20E0BB
:104E400030E04DE953E4C701B6010F941A43181638
:104E50000CF094CF80E090E0ADE9B3E48BCF20E09C
:104E600030E04DE953E4698D7A8D8B8D9C8D0F94E4
:104E70001A4318160CF096CF80E090E0ADE9B3E449
:104E80008DCFCF92DF92EF92FF92CF936B017C0197
:104E9000C42F8091CA0B8F5F09F4B5C08093CA0BF1
:104EA0008091CA0B8093790C20E030E040E752E417
:104EB00060913702709138028091390290913A02E4
:104EC0000F943C3A0F942D427093DC0B6093DB0BF4
:104ED000C092DD0BD092DE0BE092DF0BF092E00B84
:104EE0008091780CC0FB80F98093780C8CE0E4ED25
:104EF000F7E1A1EEBBE001900D928A95E1F78CE01D
:104F0000EEEDF8E1ADEEBBE001900D928A95E1F790
:104F1000809100179091780C80FB94F99093780C15
:104F2000882381F08091FC169091FD16A091FE16C9
:104F3000B091FF168093F90B9093FA0BA093FB0BA3
:104F4000B093FC0B8091DC129091DD129093FE0BDC
:104F50008093FD0B8091B0129091B1129093000C50
:104F60008093FF0B8091640D8093010C8091780CED
:104F700090919E0C90FB83F98093780C80919F0C0C
:104F80009091A00CA091A10CB091A20C8093020C66
:104F90009093030CA093040CB093050C0F940E088F
:104FA0006093730C7093740C8093750C9093760CD3
:104FB00080917E078093770C9091A50C8091780C5E
:104FC00093FB81F99091EB1890FB82F98093780C18
:104FD00080E00E940EF240E050E0BA0186EF94E1DA
:104FE0000E9453CA40EB50E06AEC7BE086EF94E10C
:104FF0000E94E7CA86EF94E1CF91FF90EF90DF9097
:10500000CF900C9414CE81E049CF4F925F926F9273
:105010007F928F929F92AF92BF92CF92DF92EF9248
:10502000FF920F931F93CF93DF9300D01F92CDB7C2
:10503000DEB719821A821B821C8296EF892E93E0BA
:10504000992ECE0101965C0126EAC22E2CE0D22ECA
:105050003BE3E32E32E0F32E10E000E0F401819117
:105060004F010E948720F50181935F01882309F495
:10507000EDC00E94EF222B013C01802F0E94A11E57
:10508000882309F4D3C0F701208131814281538103
:10509000C301B2010F94BA40F60160837183828329
:1050A00093830F5F1F4FF4E0CF0ED11C84E0E80E16
:1050B000F11C0330110591F685E40E9487208C8352
:1050C000882309F4CEC00E94EF226B017C0183E0AB
:1050D0000E94A11E882371F020914702309148025E
:1050E0004091490250914A02C701B6010F94BA405B
:1050F0006B017C01C092B20CD092B30CE092B40C64
:10510000F092B50C80917A0C882391F18091F11482
:1051100082FF2EC087FD2CC08C81882349F18981B4
:10512000811103C08A81882319F12DEC3CEC4CE4F9
:105130005DE36091D30B7091D40B8091D50B90916E
:10514000D60B0F94BA409B01AC0160914302709161
:10515000440280914502909146020F941A4318161A
:105160003CF440E060E070E080E090E40E94412781
:1051700040E050E0BA0186E40E941D2320E030E0C8
:10518000A9010F941A43181684F40E94EF2220E01C
:1051900030E040E752E40F94B441609337027093DB
:1051A00038028093390290933A028091A50C83FDD6
:1051B00028C08091BF17882321F1209147023091A8
:1051C00048024091490250914A026091B20C70919C
:1051D000B30C8091B40C9091B50C0F94B940209110
:1051E000CC173091CD174091CE175091CF170F9417
:1051F000BA406093CC177093CD178093CE179093DD
:10520000CF170F900F900F900F90DF91CF911F91BC
:105210000F91FF90EF90DF90CF90BF90AF909F9055
:105220008F907F906F905F904F900895F801EE0FF0
:10523000FF1FEE0FFF1FE659F24F2081318142819F
:105240005381C301B2010F94B94026CFF701808189
:105250009181A281B381F60180839183A283B3837C
:1052600020CF8091470290914802A0914902B091CD
:105270004A028093B20C9093B30CA093B40CB093F9
:10528000B50C40CFEAECFBE080EBDF011D928A9584
:10529000E9F7089580917A0C811104C00E94422997
:1052A0000C949AF28091F11482FF09C087FD07C027
:1052B00040E060E070E080E090E40C9441270895C5
:1052C0008091CA0B882361F09091790C891308C0F2
:1052D0008091F11484FF04C086E09CE00C94DBD143
:1052E00080E00895FC01238121110C9414CE0895CF
:1052F000CF93DF93C091DC12D091DD12209729F17A
:105300006091D8127091D9128091DA129091DB12CB
:105310000F9426426E5F7F4F24976C177D07ACF485
:1053200070934417609343170E947396605A7541B7
:105330008F4F9F4F60934517709346178093471781
:1053400090934817DF91CF910895109245171092CE
:1053500046171092471710924817F4CFCF92DF925A
:10536000EF92FF921F93CF93DF93182F662351F094
:1053700010926D071092690710926A0710926B07DE
:1053800010926C070E9473966B017C0180916907F3
:1053900090916A07A0916B07B0916C07A7019601E5
:1053A000281B390B4A0B5B0BDA01C901B7FD3DC065
:1053B00020916D0717FD13C0412F012E000C550BD6
:1053C0004C5F5F4F822F022E000C990B4817590734
:1053D00064F184EF91E0A0E0B0E0211724F488EEBE
:1053E00093E0A0E0B0E08C0D9D1DAE1DBF1D80932D
:1053F000690790936A07A0936B07B0936C072170BD
:10540000C22F30E0D32F84E28C9FB0018D9F700DAE
:105410007C1B112460597C4F82E390E00F94CF0BEA
:1054200080916D078F5F80936D07DF91CF911F9102
:10543000FF90EF90DF90CF900895CF93DF93C091CE
:10544000B012D091B112209729F16091AC127091F5
:10545000AD128091AE129091AF120F9426426E5F02
:105460007F4F24976C177D07ACF470933A176093C5
:1054700039170E947396605E70448D4F9F4F609302
:105480003B1770933C1780933D1790933E17DF9125
:10549000CF91089510923B1710923C1710923D1730
:1054A00010923E17F4CFCF93DF939091A50C93FD0C
:1054B00041C0C82F83E50E948720D82F882399F107
:1054C0000E94DC228C389105C4F59093B112809330
:1054D000B0120E941D2A6091B0127091B112072E75
:1054E000000C880B990B0F94DD392091AC12309190
:1054F000AD124091AE125091AF120F941A4360E07A
:105500001816F4F488E697E10F94270D61E06C27F4
:105510008C2F0E94BFD7CC2369F060E08D2FDF91E4
:10552000CF910C9493D3CC2329F082E50E9487205D
:105530008111C6CFDF91CF9108958CE890E0C5CF5F
:1055400089E597E1E1CFCF93C1E020E030E0A90108
:105550006091FC187091FD188091FE189091FF18D1
:105560000F94D639811101C0C0E08C2FCF910895DE
:105570004F925F926F927F928F929F92AF92BF9263
:10558000CF92DF92EF92FF920F931F93CF93DF930F
:10559000EC012091F4183091F5184091F6185091D3
:1055A000F718688179818A819B810F94B9406B01DA
:1055B0007C012091F8183091F9184091FA18509117
:1055C000FB186C817D818E819F810F94B9404B01C6
:1055D0005C01A7019601609161077091620780915B
:1055E0006307909164070F94D639882309F450C05B
:1055F000C0926107D0926207E0926307F09264075D
:105600002091590730915A0740915B0750915C07F0
:10561000C701B6010F943C3A2B013C010F945C4248
:105620006B017C0120E030E0A9010F94D63987FDA1
:1056300070C020E030E040E450E4C701B6010F94B0
:105640001A4318162CF4C12CD12CC0E4EC2EFE2CDD
:10565000A7019601C301B2010F94B94060935107AD
:10566000709352078093530790935407C701B60174
:105670000F94264260934F07062E000C770B6F5F46
:105680007F4F6430710514F064E070E060934D0763
:10569000D0914B0710914F07A501940160916507C8
:1056A0007091660780916707909168070F94D639CB
:1056B000811133C0D11381C0209133073091340759
:1056C000409135075091360760915107709152070C
:1056D00080915307909154070F943C3A20913707DB
:1056E000309138074091390750913A070F94BA40EA
:1056F000DF91CF911F910F91FF90EF90DF90CF90AE
:10570000BF90AF909F908F907F906F905F904F90E1
:105710000895C12CD12C76019BCF80926507909281
:105720006607A0926707B092680720915D073091E5
:105730005E0740915F0750916007C501B4010F9467
:105740003C3A4B015C010F945C426B017C0120E010
:1057500030E0A9010F94D63987FDF3C020E030E096
:1057600040E450E4C701B6010F941A4318162CF414
:10577000C12CD12CB0E4EB2EFE2CA7019601C50163
:10578000B4010F94B9406093550770935607809306
:10579000570790935807C701B6010F9426426093AC
:1057A0005007062E000C770B6F5F7F4F643071053A
:1057B00014F064E070E060934E07C0915007D1137D
:1057C00005C080914C078C1709F470C080914F0779
:1057D0009091500790934C0780934B070C2E000C30
:1057E000DD0B25E01203C0011124FC01EC0FFD1FAD
:1057F000EE0FFF1FEE0FFF1FEA54F34F20813181A0
:1058000042815381209347073093480740934907CB
:1058100050934A0700914E07002E000C110BFC011B
:10582000E00FF11FEE0FFF1FEE0FFF1FEA54F34FC3
:1058300060817181828193810F94B94060934307A5
:1058400070934407809345079093460720914D0736
:1058500035E02303F0011124CE0FDF1FCC0FDD1F35
:10586000CC0FDD1FCA54D34F288139814A815B8117
:1058700020933F07309340074093410750934207DE
:10588000E00FF11FEE0FFF1FEE0FFF1FEA54F34F63
:1058900060817181828193810F94B94060933B074D
:1058A00070933C0780933D0790933E078090550787
:1058B00090905607A0905707B09058072091430743
:1058C000309144074091450750914607C501B40106
:1058D0000F943C3A2091470730914807409149077F
:1058E00050914A070F94BA406B017C01C092370770
:1058F000D0923807E0923907F0923A0720913B079F
:1059000030913C0740913D0750913E07C501B401DD
:105910000F943C3A20913F07309140074091410756
:10592000509142070F94BA40A70196010F94B940D5
:10593000609333077093340780933507909336074D
:10594000BBCEC12CD12C760118CFE1E6F7E080EF79
:105950009FEFA9E7B4EC84839583A683B783808304
:105960009183A283B383EBE4F7E08DE981838083A5
:1059700008958F929F92AF92BF92CF92DF92EF9253
:10598000FF92FC0198E0ACEFB8E101900D929A957E
:10599000E1F788E0FB01A4EFB8E101900D928A9550
:1059A000E1F7C090FC18D090FD18E090FE18F09040
:1059B000FF1820E030E0A901C701B6010F94D639E5
:1059C0008823E1F1A701960160E070E080E89FE3A1
:1059D0000F94B4416B017C018090001990900119E3
:1059E000A0900219B090031920E030E0A901C50190
:1059F000B4010F94D639882329F1A501940160E000
:105A000070E080E89FE30F94B441C0925907D092B0
:105A10005A07E0925B07F0925C0760935D07709312
:105A20005E0780935F0790936007FF90EF90DF9091
:105A3000CF90BF90AF909F908F900895C12CD12CA4
:105A40007601CACF60E070E0CB01DFCFEFE6F0E097
:105A500080818260808308958091411090914210EE
:105A6000892B79F48091411090914210892B49F44F
:105A7000209141103091421081E0232B19F480E0F5
:105A8000089581E008958F929F92AF92BF92CF9236
:105A9000DF92EF92FF92CF93DF93EC0180909F0C07
:105AA0009090A00CA090A10CB090A20C20E030E04F
:105AB000A901C501B4010F94D639882309F45EC049
:105AC000C880D980EA80FB8020E030E0A901C701CE
:105AD000B6010F94D63918160CF050C0A7019601E4
:105AE000C501B4010F94D63918160CF04CC02091A2
:105AF000960C3091970C4091980C5091990CC701DD
:105B0000B6010F94D639882331F1C092960CD09209
:105B1000970CE092980CF092990C20919A0C30918D
:105B20009B0C40919C0C50919D0C688179818A81DD
:105B30009B810F943C3A9B01AC0160E070E080E8EF
:105B40009FE30F94B9406093020270930302809325
:105B50000402909305026091020270910302809109
:105B6000040290910502DF91CF91FF90EF90DF90BA
:105B7000CF90BF90AF909F908F90089560E070E0BD
:105B800080E89FE3F0CF60E070E0CB01ECCFCF92F4
:105B9000DF92EF92FF926B017C0183E3C816D10480
:105BA000E104F10470F082E3C81AD108E108F108B9
:105BB00062E370E080E090E00E9440960E9470DA1C
:105BC000ECCFC701B6010E944096FF90EF90DF90A6
:105BD000CF900C9470DA1092C60B809111179091AF
:105BE0001217A0911317B091141780930D1790936B
:105BF0000E17A0930F17B0931017089590914410AB
:105C0000109244109230B9F09430C1F09130E1F428
:105C1000882319F0813021F008959093C70B0895DF
:105C200082E08093C70B8091C60B882369F01092A5
:105C3000BF070C94EB2D1092C80B08958FE095E3ED
:105C4000909301088093000808956C98749A0C94BE
:105C5000EB2D9091F11494FB882780F994FF06C0F6
:105C600081E090915816911101C080E008950E9442
:105C7000292E882339F08091F11482FB882780F93E
:105C800091E08927089580917B0C811106C0809155
:105C90004310823011F00C94372E81E008950D945A
:105CA000C40A81E00D94F11281E00895CF93DF934F
:105CB000EC01E62F660FFF0BE859F64EE491E25037
:105CC000E13108F0B0C0F0E08827E659F14D8F4F80
:105CD0000D94B1407B2E132F132F132F132FA52EAE
:105CE000872EC92EC72EA72EED2EEB2ECB2E132FCF
:105CF000112F0F2FEF2E82E1E5E7F2E0DE01019098
:105D00000D928A95E1F7CE01DF91CF91089581E060
:105D100020EB30E03983288321EB30E03B832A837A
:105D20001D821C8223EB30E03F832E8324EB30E086
:105D3000398728871B861A861D861C8692E09E87D7
:105D40008F8781E0888B198ADECF80E0E1CF81E008
:105D50008F5F20E930E03983288321E930E03B83FD
:105D60002A8322E930E03D832C8328E930E03F8319
:105D70002E832AE930E0398728872CE930E03B87F9
:105D80002A8726E930E03D872C8793E0D8CF80E052
:105D9000DFCF80E0DECF81E08F5F20EA30E0398323
:105DA000288321EA30E03B832A8322EA30E03D83E6
:105DB0002C8328EA30E03F832E832AEA30E03987BB
:105DC00028872CEA30E03B872A8726EA30E03D87A7
:105DD0002C8794E0B4CF80E0DFCF80E0DECF81E09D
:105DE0008F5F20E231E03983288321E231E03B8379
:105DF0002A8322E231E03D832C8328E231E03F8395
:105E00002E832AE231E0398728872CE231E03B8774
:105E10002A8726E231E03D872C8795E090CF80E00D
:105E2000DFCF80E0DECF82E1FE0111928A95E9F7B3
:105E30006ACF8F929F92AF92BF92CF92DF92EF92F2
:105E4000FF920F93CF93DF931F92CDB7DEB75C0124
:105E50007B0149016B01C40ED51EF5018081918142
:105E60000F94F43F8983002311F0F7018083BE0172
:105E70006F5F7F4FC4010E94F676F50180819181AA
:105E8000019691838083FFEFEF1AFF0AEC14FD0463
:105E900021F780E00F90DF91CF910F91FF90EF906D
:105EA000DF90CF90BF90AF909F908F90089590918A
:105EB000D10095FD0CC09091D00095FF08C0809353
:105EC000D6008091D00080648093D0000895209106
:105ED00092062F5F2F770FB607FC27C0909193068D
:105EE000921328C09091D00095FF1EC09091930608
:105EF00040919206941306C09091D1009F7D90939B
:105F0000D10012C0E92FF0E0EE56F94F32819F5FC9
:105F10009F773093D600909393063091D0003064F1
:105F20003093D000491741F3D9CF90919306921343
:105F300001C0FBCFE0919206F0E0EE56F94F82836C
:105F4000209392068091D10080628093D1000895C1
:105F500080919718909198182FEF3FEF981751F074
:105F6000E92FF0E0E956F74E228130E09F5F9F7302
:105F700090939818C90108951F920F920FB60F922F
:105F800011240BB60F922F938F939F93EF93FF9350
:105F90008091930620919206821306C08091D100D1
:105FA0008F7D8093D10012C0E82FF0E0EE56F94FBC
:105FB00092818F5F8F779093D60080939306909114
:105FC000D00090649093D000281741F3FF91EF9197
:105FD0009F918F912F910F900BBE0F900FBE0F903E
:105FE0001F9018951F920F920FB60F9211240BB6A7
:105FF0000F920F931F932F933F934F935F936F9342
:106000007F938F939F93AF93BF93CF93DF93EF9340
:10601000FF93C091D60000919818D091971811E085
:106020001D0F1F7390919106943108F0B1C0E92FB4
:10603000F0E08827E15EFF4C8F4F0D94B140333084
:106040006230713083308A30C8308E30C830923040
:106050009630C8309A309E30C830A330A830AD306A
:10606000B530C830C030C03229F028F5CA3011F040
:10607000CD3031F5011731F0ED2FF0E0E956F74E54
:10608000C283D12FD0939718FF91EF91DF91CF91D9
:10609000BF91AF919F918F917F916F915F914F9140
:1060A0003F912F911F910F910F900BBE0F900FBE3C
:1060B0000F901F901895CD3481F081E0CE3471F0AF
:1060C00083E10CC0CA3338F4C033A0F6C03291F279
:1060D000CD32B1F7CFCFCD3499F782E080939106DE
:1060E000C9CFC43371F030F4C03221F283E0C13340
:1060F000A9F3E6CF8BE0C53389F38EE0C83371F3A3
:10610000DFCF88E0EBCF84E0C03341F386E0C133DA
:1061100029F3D6CF85E0C83399F6E0CF87E0C233C4
:1061200079F6DCCF89E0C13359F6D8CF8AE0C033A5
:1061300039F6D4CF8CE0C23319F6D0CF8DE0C4331A
:1061400009F0BECFCBCF8FE0C73309F0B9CFC6CFB0
:1061500080E1C63309F0B4CFC1CFC03209F48ACF91
:1061600081E1C33509F4BACFABCF80ED8C0F8A3013
:1061700008F080CF92E190939106809390067ACFB9
:10618000CA3019F0CD3009F075CF1092910672CF58
:10619000CA3019F0CD3009F06DCF8091E514882315
:1061A000A1F39A30B9F040F4953079F0973069F75F
:1061B00081E080934117E9CF9D3081F0923129F73A
:1061C000809190060E94FE2DE0CF10926E021092F8
:1061D000C80BDBCF81E080934017D7CF81E080935D
:1061E0003F17D3CF9091C00095FFFCCF8093C6009E
:1061F0000895CF93DF93EC01FE01849121968823CB
:1062000019F00E94F230F8CFDF91CF910895E0911C
:10621000640E81E6E89FF0011124EA53F14F80817A
:10622000811107C085E592E30E94F9308AE00C9461
:10623000F2300895CF93C62F0E94F9308C2FCF9162
:106240000C94F2300F931F93CF938C01C62F8CE3E5
:1062500099E00E94F930C8010E94F930CC2331F056
:106260008AE0CF911F910F910C94F230CF911F9142
:106270000F91089560E080EF9EE10E94223184E555
:1062800099E00E94F9308AE00C94F230CF93DF93CA
:10629000EC0160E080EF9EE10E9422318DE599E003
:1062A0000E94F93080E20E94F230CE010E94F93063
:1062B0008AE0DF91CF910C94F23060E080EF9EE1B4
:1062C0000E94223188E599E00E94F9308AE00C941E
:1062D000F230DF92EF92FF920F931F93CF93DF93F1
:1062E000D82E7B018A01E9010E943A31D0924410F4
:1062F00060E080EF9EE10E94223188EF9EE10E94E3
:10630000F93080E20E94F230C7010E94F9308AE041
:106310000E94F2300115110519F0C8010E944631A2
:10632000209719F0CE010E944631DF91CF911F9145
:106330000F91FF90EF90DF900C945D31811107C0B9
:1063400082ED90E10E94F9308AE00C94F23086ED03
:1063500090E1F8CF6EEB70E10E94D47E60917A0CF0
:10636000605D85EB90E10E941A3181EB90E10E9423
:10637000F93080917A0C0C949E318DEA97E00C9460
:10638000F9302F923F924F925F926F927F928F924D
:106390009F92AF92BF92CF92DF92EF92FF920F93B4
:1063A0001F93CF93DF93CDB7DEB72E970FB6F89438
:1063B000DEBF0FBECDBF87E00F9485188111C0C02E
:1063C0009BE1C92E97E3D92E8BE392E09E878D87C0
:1063D000FE0131961F017F0110E000E0C6010E941E
:1063E0005724ED85FE8581909190A190B190FE8714
:1063F000ED87A50194010F94B9402B013C01F701F1
:10640000408251826282738220E030E040EA51ECA7
:106410000F941A4387FD0AC020E030E040EA51E4BF
:10642000C301B2010F94D63918167CF4F801E25377
:10643000F84CE4911E164CF4B7FAB094B7F8B09447
:10644000F70180829182A282B382F70181909190BC
:10645000A190B1907F0120E030E040EA51ECC5010D
:10646000B4010F941A4387FD42C020E030E040EAB7
:1064700051E4C501B4010F94D6391816C4F10F5F69
:106480001F4FF4E0CF0ED11C0330110509F0A6CF49
:1064900084EDE82E87E1F82E10E0F10181919191D1
:1064A000A191B1911F01F70181939193A193B193B0
:1064B0007F01812F0F948D001F5F133071F70F94B0
:1064C000DF0560E089E496E10F94270D63E972E04F
:1064D00084E690E00F94CF0B70E060E08AE090E0FB
:1064E0000F94CF0B6AEB72E084E690E00FC00E943D
:1064F000BD3187E696E10E94F93061E089E596E1D9
:106500000F94270D68E270E080E991E02E960FB6B7
:10651000F894DEBF0FBECDBFDF91CF911F910F91D9
:10652000FF90EF90DF90CF90BF90AF909F908F90B3
:106530007F906F905F904F903F902F900D94CF0B76
:106540002E960FB6F894DEBF0FBECDBFDF91CF9170
:106550001F910F91FF90EF90DF90CF90BF90AF9081
:106560009F908F907F906F905F904F903F902F9073
:10657000089587EA97E00C94F930811102C00C94D9
:10658000B9320895CF9384E50E948720C0E0882324
:1065900009F10E949722C82F1816E4F40E94B9321C
:1065A0008DE40E94F230609184077091850790E03D
:1065B00080E00E94017988E191E10E94F9306C2F1E
:1065C000CC0F770B880B990B0E94D37B8AE00E943B
:1065D000F230CFEF8C2FCF9108950F931F93CF936D
:1065E000811116C0C42F8B010E94B93285E191E15F
:1065F0000E94F930C8010E94F930CC2349F08AE3A7
:106600000E94F2308AE0CF911F910F910C94F230EA
:10661000CF911F910F910895CF93C82F82E0C111A0
:1066200084E060E00E94F77B0E94B93285E799E040
:10663000CC2311F08AE899E0CF910C94F930CF92F5
:10664000DF92EF92FF926A017B010E94F93042E0F3
:10665000C701B601FF90EF90DF90CF900C9480D2ED
:106660000F931F93CF938EEF93E00E9432208823E5
:1066700009F44FC088E40E945620882321F00E942C
:10668000B7228093770762E570E08091810790914F
:1066900082070F9408448C0183E50E945620C82F7E
:1066A000012B11F4882341F00E94EB2DCC2321F023
:1066B0000E94B7228093BF0784E40E94562088235B
:1066C00011F10E94EF2260931117709312178093BB
:1066D00013179093141780E50E945620882309F41D
:1066E0005AC00E94DC229C0133272330310524F05C
:1066F0002730310509F04FC080931617CF911F91B5
:106700000F910C94252E8CE40E9456208111D9CF34
:10671000E2CF0E94B93284E091E10E94F930809189
:10672000BF07811132C082ED90E10E94F9304091A3
:10673000111750911217609113177091141787EF6A
:1067400090E10E941F3384EF90E10E94F930C091E4
:1067500016178BEE90E10E94F9306C2F70E090E0FC
:1067600080E00E94D37B89ED90E10E94F930809116
:10677000770781110DC082ED90E10E94F9308AE027
:10678000CF911F910F910C94F23086ED90E1CDCF17
:1067900086ED90E1F2CFCF911F910F910895CF93A5
:1067A000DF93C82F41E065EB7FE00E94ED328C2F34
:1067B0000E94BD32C4EDD2E148A159A16AA17BA1DA
:1067C0008CEA9FE00E941F332CEA35EC47E25EE33F
:1067D0006CA17DA18EA19FA10F94B441AB01BC011E
:1067E00089EA9FE00E941F332CEA35EC47E25EE322
:1067F00068A579A58AA59BA50F943C3AAB01BC017D
:1068000086EA9FE00E941F338AE0DF91CF910C94CB
:10681000F2300E941F338AE00C94F230CF93DF9362
:106820006DE376E10E94D47EC4EDD7E148815981C1
:106830006A817B8184E396E10E941F334C815D81F4
:106840006E817F8182EC90E20E941F3348855985DA
:106850006A857B858FEB90E2DF91CF910C940934B0
:10686000CF93DF936FEC7FE00E94D47EC8EAD2E141
:1068700048A159A16AA17BA186EC9FE00E941F3329
:106880002CEA35EC47E25EE36CA17DA18EA19FA1CD
:106890000F94B441AB01BC0183EC9FE00E941F3315
:1068A0002CEA35EC47E25EE368A579A58AA59BA5AD
:1068B0000F943C3AAB01BC0180EC9FE0DF91CF919B
:1068C0000C940934CF93DF936DE27FE00E94D47E75
:1068D00060912B0D70912C0D80912D0D90912E0DAE
:1068E0000F94DB39AB01BC0184E29FE00E941F33AF
:1068F00040915B0D50915C0D60915D0D70915E0D4E
:1069000081E29FE00E941F3340915F0D5091600D26
:106910006091610D7091620D8EE19FE00E941F33C6
:10692000CFEAD7E0488159816A817B818BE19FE082
:106930000E941F334C815D816E817F8182EC90E2E9
:106940000E941F33488559856A857B858FEB90E2CD
:106950000E941F334C855D856E857F858CEB90E2B0
:10696000DF91CF910C940934CF93DF9361ED7EE0FA
:106970000E94D47ECBE1DDE04CA95DA96EA97FA980
:1069800088EC9EE00E941F3348AD59AD6AAD7BADE7
:1069900085EC9EE00E941F334CAD5DAD6EAD7FADCA
:1069A0008EE19FE0DF91CF910C940934CF93DF9378
:1069B0006DEA7EE00E94D47ECBE1DDE04CA15DA1DA
:1069C0006EA17FA184EA9EE00E941F3348A559A5CD
:1069D0006AA57BA582EC90E20E941F334CA55DA5C1
:1069E0006EA57FA58FEB90E20E941F3348A959A99D
:1069F0006AA97BA98CEB90E2DF91CF910C940934CA
:106A0000CF93DF9368E87EE00E94D47ECBE1DDE0A7
:106A1000688179818A819B810F94DB39AB01BC014C
:106A20008FE79EE00E941F336C817D818E819F8164
:106A30000F94DB39AB01BC0182EC90E20E941F3362
:106A4000688579858A859B850F94DB39AB01BC010C
:106A50008FEB90E20E941F336C857D858E859F852C
:106A60000F94DB39AB01BC018CEB90E2DF91CF914D
:106A70000C940934CF93811112C040E06DE67EE0A2
:106A80000E94ED3280910017811104C080E69EE0E3
:106A90000E94F9308AE00E94F2300E94B932C0911F
:106AA000001787E59EE00E94F9308C2F0E94602439
:106AB0004091FC165091FD166091FE167091FF16E4
:106AC00084E59EE0CF910C940934CF92DF92EF924F
:106AD000FF920F931F93CF93DF936C017B01EA0129
:106AE000C901009711F00E94F930F60140815181EF
:106AF000628173818BE19FE00E941F33F701408127
:106B000051816281738182EC90E20E941F3348813F
:106B100059816A817B818FEB90E20E941F330115BE
:106B2000110559F0C801DF91CF911F910F91FF908E
:106B3000EF90DF90CF900C94F9308AE0DF91CF9105
:106B40001F910F91FF90EF90DF90CF900C94F23057
:106B50000F931F939B018A01AC01485F5F4FBC01FB
:106B60006C5F7F4F0E9465351F910F910895CF9301
:106B7000DF93EC01CB010E94F93088819981892B48
:106B800039F080E20E94F230888199810E94F930C8
:106B900080E20E94F23050E040E070E060E08BE381
:106BA00092E0DF91CF910C94A835FC012281222341
:106BB00021F065EC78E00C94B7350895FC01718301
:106BC00060834283442321F061EC78E00C94B73574
:106BD00008958091A50C85FF10C080919E0C43EF15
:106BE00058E063E079E0811104C047E159E068E2D0
:106BF00079E08BE392E00C94A83508951F93CF932E
:106C0000DF9300D0CDB7DEB7182F4091A50C45FB20
:106C1000442740F969EC78E0CE0101960E94DE3508
:106C2000112321F00E94A32A8823E1F080919E0C79
:106C30008117C1F00E94E9350E946CFB8BE392E062
:106C40000E948FFB80919E0C91E0892780939E0C7F
:106C5000882321F08BE392E00E9448FA0F94D1053B
:106C60000E94E935CE0101960E94D5350F900F9014
:106C70000F90DF91CF911F9108958F929F92AF92C5
:106C8000BF92EF92FF920F931F93CF93DF93809168
:106C9000A50C85FF04C082EE98E00E94F93080E0E8
:106CA0000E94FE351092F8181092F9181092FA18F6
:106CB0001092FB181092F4181092F5181092F61812
:106CC0001092F718109200191092011910920219DF
:106CD000109203191092FC181092FD181092FE18D1
:106CE0001092FF1806EB1CE0C0E0812C912C80EC88
:106CF000A82E8FE7B82E7801D0E0F701819291920B
:106D0000A192B1927F016D2F8C2F0E94387FDF5F9F
:106D1000D53099F7CF5F0C5E1F4FC53061F7DF911B
:106D2000CF911F910F91FF90EF90BF90AF909F90E8
:106D30008F900895CF93DF93EB010E94F930BE014D
:106D4000DD0F880B990BDF91CF910C94D37B5F9271
:106D50006F927F928F929F92AF92BF92CF92DF926B
:106D6000EF92FF920F931F93CF93DF931F92CDB7B4
:106D7000DEB77C0139018B015B01A40EB51ED12C5D
:106D8000C12CA016B10609F450C0F7018080918093
:106D9000F80151908F015982C4010F94F43F5816A5
:106DA000B9F1652DC4010F94FC3FFFEFCF1ADF0A44
:106DB000C6018F779927892B21F162E070E080E08E
:106DC00090E00E944096C4010F94F43F9981891786
:106DD000F9F00E94B93282EF94E00E94F93081E02C
:106DE0000F90DF91CF911F910F91FF90EF90DF9067
:106DF000CF90BF90AF909F908F907F906F905F905B
:106E0000089562E070E080E090E00E94C72DDBCF43
:106E1000BE016F5F7F4FC3010E94F676F70180814C
:106E20009181019691838083ACCF80E0D9CF0E947D
:106E3000F9308AE00C94F2306F927F928F929F9299
:106E4000AF92BF92CF92DF92EF92FF920F931F9378
:106E5000CF93DF93CDB7DEB764970FB6F894DEBF5C
:106E60000FBECDBF1092D0008091D0008260809381
:106E7000D0001092D50080E18093D4008091D100A1
:106E800080618093D1008091D10088608093D1008F
:106E90008091D10080688093D1008091D1008F7D56
:106EA0008093D1008AE5809368148093181485EA52
:106EB0008093691480931914E7EBF4E18EE2DF010B
:106EC0001D928A95E9F764EF71E080E090E00F94FD
:106ED0005E090F94631484E096E090937414809399
:106EE000731480EA90E8909376148093751487E089
:106EF0008093671412E810936A1480EA90E0A0E08F
:106F0000B0E080936B1490936C14A0936D14B093C5
:106F10006E1487E194E10F94FA0960E971E080E072
:106F200090E00F945E0984E094E00F949F0C84E657
:106F300090E0909374148093731405E000936714A9
:106F400010936A1486E090E1A0E0B0E080936B14A7
:106F500090936C14A0936D14B0936E1487E194E138
:106F60000F94FA098BE090E090937414809373145B
:106F70000093671410936A1480E092E1A0E0B0E0FF
:106F800080936B1490936C14A0936D14B0936E1453
:106F900087E194E10F94FA0910927414109273141B
:106FA0000093671410936A1484E390E1A0E0B0E0CA
:106FB00080936B1490936C14A0936D14B0936E1423
:106FC00087E194E10F94FA091092741410927314EB
:106FD0000093671410936A148AE390E1A0E0B0E094
:106FE00080936B1490936C14A0936D14B0936E14F3
:106FF00087E194E10F94FA096091D8127091D91247
:107000008091DA129091DB120F94264270937414DF
:10701000609373140093671410936A1486E390E1ED
:10702000A0E0B0E080936B1490936C14A0936D1467
:10703000B0936E1487E194E10F94FA0910927414DE
:10704000109273140093671410936A1480E590E112
:10705000A0E0B0E080936B1490936C14A0936D1437
:10706000B0936E1487E194E10F94FA096091AC1229
:107070007091AD128091AE129091AF120F94264292
:1070800070937414609373140093671410936A14CC
:107090008CE390E1A0E0B0E080936B1490936C14CB
:1070A000A0936D14B0936E1487E194E10F94FA09E4
:1070B0008091640D90916002899FC0011124880F16
:1070C000892F881F990B9195B4E68B9FC0011124DD
:1070D00081589F4F6FEF70E00F949D407093741430
:1070E000609373140093671410936A148EE190E117
:1070F000A0E0B0E080936B1490936C14A0936D1497
:10710000B0936E1487E194E10F94FA09E0E6CE2E75
:10711000E0E1DE2EE12CF12C109274141092731425
:107120000093671410936A14C0926B14D0926C147D
:10713000E0926D14F0926E1487E194E10F94FA09D5
:10714000EFEFCE1ADE0AEE0AFE0AF4E7CF16F0E100
:10715000DF06E104F10401F7CE0101967C0184E130
:10716000D7011D928A95E9F781E08F9390E99F936B
:107170008F939CE29F938F939F9387E194E09F93DB
:107180008F93FF92EF920F94424420E630E140E06B
:1071900050E064E274E087E194E10E9413772AE60C
:1071A00030E140E050E061E374E087E194E10E9467
:1071B000137724E730E140E050E0B70187E194E144
:1071C0000E9413772EE730E140E050E069E374E07D
:1071D00087E194E10E941377109274141092731453
:1071E0000093671410936A148EE090E1A0E0B0E081
:1071F00080936B1490936C14A0936D14B0936E14E1
:1072000087E194E10F94FA091092741410927314A8
:107210000093671410936A148FE090E1A0E0B0E04F
:1072200080936B1490936C14A0936D14B0936E14B0
:1072300087E194E10F94FA090FB6F894DEBF0FBE10
:10724000CDBF4AE0C42E40E2D42EE12CF12C55E013
:10725000752E62E8662E460157010AE010E0109292
:107260007414109273147092671460926A1480926E
:107270006B1490926C14A0926D14B0926E1487E10E
:1072800094E10F94FA0901501109FFEF8F1A9F0A38
:10729000AF0ABF0A0115110511F72AE0C20ED11C71
:1072A000E11CF11C82EDC81680E2D806E104F1046D
:1072B00091F6C12C30E2D32EE12CF12C05E012E83E
:1072C00010927414109273140093671410936A143C
:1072D000C0926B14D0926C14E0926D14F0926E1404
:1072E00087E194E10F94FA091092741410927314C8
:1072F0000093671410936A14D701C6018C529F4FF4
:10730000AF4FBF4F80936B1490936C14A0936D1488
:10731000B0936E1487E194E10F94FA099FEFC91AB4
:10732000D90AE90AF90AAAE0CA16A0E2DA06E104D3
:10733000F10431F62EEDC22E20E2D22EE12CF12CFA
:1073400005E012E8109274141092731400936714FD
:1073500010936A14C0926B14D0926C14E0926D1466
:10736000F0926E1487E194E10F94FA09BFEFCB1A03
:10737000DB0AEB0AFB0AE6EECE16E0E2DE06E104EB
:10738000F10401F7CC24C39482E1D82EE12CF12C36
:107390009AE0A92EB12C05E012E8B0927414A092E4
:1073A00073140093671410936A14C0926B14D092F4
:1073B0006C14E0926D14F0926E1487E194E10F94D6
:1073C000FA09B0927414A092731400936714109386
:1073D0006A14D701C6018096A11DB11D80936B145C
:1073E00090936C14A0936D14B0936E1487E194E1A4
:1073F0000F94FA09FFEFCF1ADF0AEF0AFF0A25E11F
:10740000C21622E1D206E104F10439F687E797E1DA
:107410000E94173764960FB6F894DEBF0FBECDBF3B
:10742000DF91CF911F910F91FF90EF90DF90CF9060
:10743000BF90AF909F908F907F906F900895CF9363
:10744000DF9367E976E10E94D47EC0910C13D0915E
:107450000D13488159816A817B818EE896E10E94F3
:107460001F334C815D816E817F8182EC90E20E94AE
:107470001F33409108135091091360910A137091C2
:107480000B138FEB90E20E941F338BE896E10E9472
:10749000F93085E896E1DF91CF910C941737CF93BF
:1074A000DF93C82F41E066EE7FE00E94ED328C2F23
:1074B0000E94BD32C4EFD6E14C815D816E817F8137
:1074C0008DED9FE00E941F33488159816A817B8145
:1074D0008AED9FE00E941F3387ED9FE00E94F93004
:1074E00085E896E1DF91CF910C941737CF93DF9326
:1074F000EC0160E086E499E00E942231CE01DF9148
:10750000CF910C941737CF93DF93CDB7DEB7A89701
:107510000FB6F894DEBF0FBECDBF8C017B01942E59
:107520000E94D8D70115110509F4C8C00E94B932CC
:10753000C8010E941737E114F10421F49AECE92EF6
:107540009CE2F92E8091DB1880FD89C081608093D8
:10755000DB18CDB6DEB68AE697E00E94173781E0E9
:107560009AE5909374148093731488E590E0909357
:1075700076148093751487E08093671482E8809373
:107580006A1484E890E0A0E0B0E080936B149093DC
:107590006C14A0936D14B0936E1487E194E10F9472
:1075A000FA09C8010F9423395C01C7010F942339EC
:1075B0008A0D9B1D03962DB73EB7281B390B0FB6BE
:1075C000F8943EBF0FBE2DBF8DB79EB701965C01EC
:1075D000FF92EF921F930F9383E697E09F938F9311
:1075E000BF92AF920F946D398AE289838A838B832D
:1075F0008C83D501CE010596EDB7FEB738960FB650
:10760000F894FEBF0FBEEDBFBE016F5F7F4FFC0160
:10761000E61BF70B2D9121110BC0E60FF71F8AE235
:107620009F01261B370B2832310534F48193F8CFA4
:10763000FC012193CF01EBCF20E630E140E050E0A8
:1076400087E194E10E9413776AE070E080E090E0C7
:107650000F945E090FB6F894DEBE0FBECDBE0E9439
:10766000BD3187E897E00E94F93061E085E797E057
:107670000E94223189EE93E0019739F000C00000AA
:10768000EEE5F9E03197F0F7F7CFF89489EE93E063
:10769000019739F000C00000E6EEF3E03197F0F713
:1076A000F7CF0E94D8D7992031F00E94F9E20E94CA
:1076B000421FA895FECF0E94BEE2F9CFE114F1046B
:1076C00021F48AECE82E8CE2F82E0EE717E03ACF90
:1076D0008091760D9091770D2FEF3FEF981751F035
:1076E000E92FF0E0EA58F24F228130E09F5F9F7768
:1076F0009093770DC90108951F920F920FB60F92C4
:1077000011240F900FBE0F901F9018951F920F928B
:107710000FB60F9211240BB60F920F931F932F9356
:107720003F934F935F936F937F938F939F93AF9309
:10773000BF93CF93DF93EF93FF93C091C600009167
:10774000770DD091760D11E01D0F1F7790918F0668
:10775000943108F0B1C0E92FF0E08827ED54F44CE3
:107760008F4F0D94B140C73BF63B053C173C1E3C88
:107770005C3C223C5C3C263C2A3C5C3C2E3C323C43
:107780005C3C373C3C3C413C493C5C3C543CC0325A
:1077900029F028F5CA3011F0CD3031F5011731F05C
:1077A000ED2FF0E0EA58F24FC283D12FD093760D3F
:1077B000FF91EF91DF91CF91BF91AF919F918F9109
:1077C0007F916F915F914F913F912F911F910F91F9
:1077D0000F900BBE0F900FBE0F901F901895CD34D9
:1077E00081F081E0CE3471F083E10CC0CA3338F40B
:1077F000C033A0F6C03291F2CD32B1F7CFCFCD3445
:1078000099F782E080938F06C9CFC43371F030F4CA
:10781000C03221F283E0C133A9F3E6CF8BE0C53358
:1078200089F38EE0C83371F3DFCF88E0EBCF84E0DB
:10783000C03341F386E0C13329F3D6CF85E0C833A6
:1078400099F6E0CF87E0C23379F6DCCF89E0C13327
:1078500059F6D8CF8AE0C03339F6D4CF8CE0C233A2
:1078600019F6D0CF8DE0C43309F0BECFCBCF8FE077
:10787000C73309F0B9CFC6CF80E1C63309F0B4CF22
:10788000C1CFC03209F48ACF81E1C33509F4BACF40
:10789000ABCF80ED8C0F8A3008F080CF92E19093CF
:1078A0008F06809390067ACFCA3019F0CD3009F058
:1078B00075CF10928F0672CFCA3019F0CD3009F013
:1078C0006DCF8091E5148823A1F39A30B9F040F48C
:1078D000953079F0973069F781E080934117E9CFCF
:1078E0009D3081F0923129F7809190060E94FE2D03
:1078F000E0CF10926E021092C80BDBCF81E0809334
:107900004017D7CF81E080933F17D3CF8EBD0DB402
:1079100007FEFDCF08958FEF8EBD0DB407FEFDCF9E
:107920008EB50895909164009B7F90936400982F8A
:10793000906A96959CBD80FD03C091E0863009F465
:1079400090E09DBD0895CF93C62F0E94F9308C2FF3
:107950000E947AD28AE0CF910C94F230AF92BF921B
:10796000CF92DF92EF92FF920F931F93CF93DF930B
:10797000EC0188EA98E00E94F930209711F4C6EBF8
:10798000DCE010E007E0015021F080E20E94F230DC
:10799000FACF812F0E947AD21F5F153099F78AE0C3
:1079A0000E94F23010E080E20E94F230812F0E94AB
:1079B0007AD25E0105E080E20E94F230F501C080DB
:1079C000D180E280F380A7019601C701B6010F9430
:1079D000AC43882361F180E20E94F2308DE30E9483
:1079E000F2308DE30E94F2308DE30E94F2308DE39D
:1079F0000E94F2308DE30E94F2300150F4E1AF0EAC
:107A0000B11C0111D8CF8AE00E94F2301F5F24968A
:107A1000153049F68AE0DF91CF911F910F91FF90C9
:107A2000EF90DF90CF90BF90AF900C94F23020E0B9
:107A300030E0A901C701B6010F941A4387FD03C0C6
:107A40008BE20E94F23043E0C701B6010E9480D26F
:107A5000D4CF2F923F924F925F926F927F928F92EC
:107A60009F92AF92BF92CF92DF92EF92FF920F93CD
:107A70001F93CF93DF93CDB7DEB76B970FB6F89414
:107A8000DEBF0FBECDBF83E50E945620182F309079
:107A90009E0C882319F00E94B722382E80913B0259
:107AA00090913C02A0913D02B0913E02888F998F47
:107AB000AA8FBB8F40903F025090400260904102DD
:107AC000709042028091430290914402A09145023D
:107AD000B09146028C8B9D8BAE8BBF8B112329F00E
:107AE000311003C080E00E94FE3566E570E08091B1
:107AF0008107909182070F940844998B888B0E948C
:107B0000A32A882309F4C4C083E40E945620882352
:107B100009F49FC00E94EF226B017C01A6EBBCE040
:107B2000BF83AE83B987A887F5E0FD83212C1E862D
:107B300028EC2F8702EC1A861B8688EC8C8792E44F
:107B40009D87A885B985BB8BAA8B15E0EA89FB893F
:107B500081909190A190B190FB8BEA8B2A853B8517
:107B60004C855D85C501B4010F94D63987FF04C0EB
:107B70008A869B86AC86BD86222D3E854F85502FFA
:107B8000C501B4010F941A43181624F4282C9E86BC
:107B9000AF860B2D1150D1F6FD81F150FD83888504
:107BA0009985449699878887F111CBCF222D3E8500
:107BB0004F85502F6A857B858C859D850F94BA40B3
:107BC00020E030E040E05FE30F943C3AA7019601EB
:107BD0000F94BA406B017C012DEB37E346E855EB7F
:107BE0000F941A4387FD0AC02DEB37E346E855E3AF
:107BF000C701B6010F94D63918165CF580E00E94D3
:107C0000FE3510E0AE80BF8000E0D5016D917D9122
:107C10008D919D915D014D01B4E08B1A9108A701F2
:107C200096010F94B940F40160837183828393833A
:107C3000602F812F0E94387F0F5F053031F71F5F63
:107C40008E819F8144969F838E831530D9F60E9442
:107C5000A52CE889F989EF2B41F00E94A32A8823FB
:107C600021F090E080E00E94AE3C8AE50E94562020
:107C7000882351F00E94EF2269837A838B839C834F
:107C8000CE0101960E94F181832D0E94FE350CC029
:107C9000311004C0A889B989AB2B39F30E94B932DD
:107CA00085EA9CE00E94F930332051F080919E0CCF
:107CB000811106C00E94BD3186E89CE00E94F93027
:107CC0000E94B93288E79CE00E94F93080919E0CB6
:107CD0000E949E310E94B9328BE69CE00E94F930EE
:107CE000C0909F0CD090A00CE090A10CF090A20C42
:107CF00020E030E0A901C701B6010F941A4318161D
:107D00000CF04FC042E0C701B6010E9480D20E9431
:107D100026C6288D398D4A8D5B8D60913B0270910E
:107D20003C0280913D0290913E020F94D639811120
:107D30001DC0A301920160913F02709140028091A9
:107D40004102909142020F94D63981110FC02091C7
:107D500043023091440240914502509146026C89A1
:107D60007D898E899F890F94D63981110F94DF0503
:107D70006B960FB6F894DEBF0FBECDBFDF91CF91EB
:107D80001F910F91FF90EF90DF90CF90BF90AF9039
:107D90009F908F907F906F905F904F903F902F902B
:107DA000089586E69CE00E94F930B3CFCF93DF932D
:107DB000EB010E94F930CE01DF91CF910C942CC6DB
:107DC000CF92DF92EF92FF920F931F93CF93DF93A7
:107DD00000D000D01F921F92CDB7DEB78FE898E099
:107DE0000E94F93085E798E00E94F93000910C1369
:107DF00010910D13F801408151816281738186E6F3
:107E000098E00E941F33F801448155816681778193
:107E100082EC90E20E941F334091081350910913A5
:107E200060910A1370910B138FEB90E20E941F3345
:107E3000F801C080D180E280F38020E030E0A90129
:107E4000C701B6010F941A4318160CF0B1C08EE5A5
:107E500098E00E94F930F801C480D580E680F78070
:107E600020E030E0A901C701B6010F941A431816AB
:107E70000CF0BCC089E398E00E94F93086E298E0FB
:107E80000E94F930C0900813D0900913E0900A13B3
:107E9000F0900B1320E030E0A901C701B6010F9468
:107EA000D63987FDBFC020E030E0A901C701B60187
:107EB0000F941A4318160CF4B8C080EF97E00E9494
:107EC000F9308CE198E00E94F93080E098E00E945F
:107ED000F93080919E0C882309F4AAC08EED97E0BA
:107EE0000E94F930C0909F0CD090A00CE090A10CA3
:107EF000F090A20C20E030E0A901C701B6010F9478
:107F0000D639882331F0B701A60185ED97E00E94AC
:107F1000093484EC97E00E94F9308BE392E00E94F0
:107F2000B82A6D837E838F839887CE0105960E9441
:107F300037810E942CC620E030E0A90160919F0C9F
:107F40007091A00C8091A10C9091A20C0F94D63945
:107F50008823E1F083E492E00E94432D9B01AC0171
:107F60006D817E818F8198850F943C3A69837A83F5
:107F70008B839C83CE0101960E943781BC0181ECEA
:107F800097E00E94D63E89E20E94F2308AE00E9489
:107F9000F23028960FB6F894DEBF0FBECDBFDF914A
:107FA000CF911F910F91FF90EF90DF90CF900895A8
:107FB00020E030E0A901C701B6010F94D63987FF50
:107FC00003C087E598E045CF20E030E0A901F80143
:107FD00064817581868197810F94D639882319F041
:107FE0008EE498E036CF8FE398E033CF20E030E0A6
:107FF000A901C701B6010F94D63987FF03C082E3F8
:1080000098E03ACF20E030E0A901F8016081718169
:10801000828193810F94D639882309F42FCF8AE285
:1080200098E02ACF8AEF97E04ACF8AEE97E047CFD1
:1080300084EB97E00E94F930A9CF7F928F929F92B4
:10804000AF92BF92CF92DF92EF92FF920F931F9366
:10805000CF93DF93CDB7DEB767970FB6F894DEBF47
:108060000FBECDBF4091A50C45FB442740F960E50C
:108070007EE0CE0145960E94DE358091A50C85FDFF
:108080000E94E03E87E00F94E50081112AC06FE472
:1080900070E080918107909182070F940844892BAA
:1080A00001F18091A50C85FF04C085E39EE00E944C
:1080B000F930CE0145960E94D53567960FB6F894F3
:1080C000DEBF0FBECDBFDF91CF911F910F91FF900B
:1080D000EF90DF90CF90BF90AF909F908F907F9068
:1080E00008950E946CFB1092120260919E0C8CE429
:1080F0000E94C722782E80E00E94FE350E9473966F
:1081000060933D1070933E1080933F109093401009
:108110000F94680481E08093D1170F94F1076AE50A
:1081200070E080918107909182070F940844FF24AA
:10813000F394009709F4F12C10E0892B69F081E0A9
:108140000F94E500082F82E00F94E50011E0811103
:1081500001C010E0011194C168E570E080918107D1
:10816000909182070F940844892B09F089C111234B
:1081700009F489C1012F10E082E50E948720E82ED2
:10818000812C912C80E8A82E80E4B82EEE2021F0DE
:108190000E94EF224B015C01898A9A8AAB8ABC8AD1
:1081A00020E030E0A901C501B4010F94D63988233D
:1081B000C1F0E11007C0111105C0011103C0FF207B
:1081C00009F43EC18091A50C85FF06C0B501A4014C
:1081D00089E19EE00E94093460E0CE0141960F944F
:1081E000491B112309F45AC0002309F454C010920A
:1081F0003B0210923C0210923D0210923E021092FD
:108200003F021092400210924102109242020F94DB
:10821000D1058EED9BE6ADE8B2E48D879E87AF87F2
:10822000B88B8AEB97E30E94572420E030E040ECC3
:108230005FE30F943C3A905869837A838B839C83E5
:1082400086EB97E30E94572420E030E040EC5FE3A8
:108250000F943C3A905869877A878B879C87AE0148
:10826000435F5F4FBE016F5F7F4FCE0109960F9452
:10827000081B0F94000810923B0210923C021092CF
:108280003D0210923E0210923F0210924002109264
:1082900041021092420280E00F94321C002319F038
:1082A00081E00F94321CFF2009F4CAC068E470E03A
:1082B00080918107909182070F940844892B09F0DF
:1082C000DBC04091A50C45FB442740F96BE07EE004
:1082D000CE010D960E94DE3583E00F948518811142
:1082E000A9C00F94D1052091D4173091D517409192
:1082F000D6175091D71760E070E086E193E40F94B1
:10830000B9404B015C012091D8173091D9174091A9
:10831000DA175091DB1760E070E086E193E40F9488
:10832000B9406B017C018091430290914402A0917D
:108330004502B09146028093AE0C9093AF0CA0938F
:10834000B00CB093B10C00910C1310910D13F80107
:108350002081318142815381C501B4010F94B9401C
:108360004B015C018092A60C9092A70CA092A80CE5
:10837000B092A90CF8012481358146815781C7014B
:10838000B6010F94B9406B017C01C092AA0CD09247
:10839000AB0CE092AC0CF092AD0C29E630E040E280
:1083A00051EC0F941A4387FD5BC023E030E04BE9AA
:1083B00053E4C701B6010F94D63918160CF450C017
:1083C00029E630E040E751ECC501B4010F941A43AF
:1083D00087FD46C023E030E84DE953E4C501B40110
:1083E0000F94D6391816E4F18091A50C85FF08C0CA
:1083F0004AEE5DE06CEF7DE086EA9CE00E94A835E5
:1084000019861A861B861C8688E0E6EAFCE0DE01F7
:10841000119601900D928A95E1F7AE01475F5F4F8B
:10842000BE016B5F7F4FCE0101960F94081B82E067
:108430000F94321CCE010D960E94D5350E94022267
:108440000F94D1058091D0178093D117772019F020
:1084500081E00E94FE350F944F040F94DF0529CE72
:1084600060E089ED9DE00F94270D0E94B93287EC02
:108470009DE00E94F930DECF82E00F94321CDECF07
:1084800011110FC011E069E570E0809181079091B2
:1084900082070F94084401E0892B09F400E00113DE
:1084A0006BCE012FF11268CE11E001E0FF24F394AE
:1084B00063CECF93DF93CDB7DEB76A970FB6F8944C
:1084C000DEBF0FBECDBF70E060E083E50E94E0221A
:1084D0008E34910569F40E9419FA0E94477C6A96CD
:1084E0000FB6F894DEBF0FBECDBFDF91CF910895D8
:1084F00080E497E10E94F9306091C0177091C11734
:1085000087E397E10F94B2096091C2177091C31786
:108510008AE297E10F94B2096091C0177091C11778
:108520008091C2179091C317681B790B80914310FB
:10853000815021E030E0823010F030E020E0621B1A
:10854000730B8FE197E10F94D10987E197E10E94C6
:10855000F9308091C4179091C517A091C617B091BA
:10856000C7178F8B988FA98FBA8FBE016F5F7F4F10
:10857000CE0147960E94451FBE016F5F7F4F8AE084
:1085800097E10E94D63E8091C8179091C917A0919B
:10859000CA17B091CB178F8B988FA98FBA8FBE0156
:1085A0006F5F7F4FCE0147960E94451FBE016F5FF0
:1085B0007F4F8AEF96E10E94D63E20E030E04AE706
:1085C00054E46091CC177091CD178091CE179091A3
:1085D000CF170F94B441AB01BC0182EE96E10E942B
:1085E0001F338DE60E94F2308AE00E94F23077CF8E
:1085F0001F93CF93DF939091A50C93FD3FC0C82F9D
:108600000E94C232182F87FD39C083E50E9487205F
:10861000D82F882361F10E94DC220F945B0861E06F
:108620008C2F0E94BFD76091DC127091DD12072E53
:10863000000C880B990B0F94DD392091D8123091E2
:10864000D9124091DA125091DB120F941A43181686
:10865000CCF088E497E1DD23B9F0CC2379F040E059
:108660006D2F812FDF91CF911F910C941BD5CC23BF
:1086700029F082E50E9487208111CDCFDF91CF9133
:108680001F91089589E19EE29F938F9383E597E17F
:108690009F938F931F920E94CB7D0F900F900F900E
:1086A0000F900F90DACF2F923F924F925F926F927E
:1086B0007F928F929F92AF92BF92CF92DF92EF9272
:1086C000FF920F931F93CF93DF93CDB7DEB7C558BB
:1086D000D1090FB6F894DEBF0FBECDBF85E59CE093
:1086E0000E94F93087E00F94851881116DC084E5F0
:1086F0000E948720882321F00E94DC220E9472B908
:1087000080E090E0A0E8BFE389839A83AB83BC83D9
:108710008D839E83AF83B8878DEC9CECACE4BEE385
:1087200089879A87AB87BC8780E090E0A0E2B1E4BC
:108730008D879E87AF87B88B8CE390E09A8B898B6F
:108740008DEC90E09C8B8B8B8DEC9CECACECBEE3C9
:108750008D8B9E8BAF8BB88F80E090E0A0EEBFE357
:10876000898F9A8FAB8FBC8F1BA61CA64AE959E94B
:1087700069E97EE38FE40E941D236D8F7E8F8F8FCA
:1087800098A360E083E40E94C72289A360E08BE4A1
:108790000E94C7228AA382E40E948720882381F155
:1087A0000E94DC22009761F19C0128523109253694
:1087B000310520F16CE870E087E29CE00E949A3677
:1087C00082E29CE00E94F930CB57DF4F0FB6F8945D
:1087D000DEBF0FBECDBFDF91CF911F910F91FF90F4
:1087E000EF90DF90CF90BF90AF909F908F907F9051
:1087F0006F905F904F903F902F9008959A8B898B48
:108800008CE40E9487208823E1F00E94EF226B0114
:108810007C01C986DA86EB86FC8620E030E0A9017F
:108820000F941A4387FD0AC020E030E040E050E496
:10883000C701B6010F94D63918161CF48AEF9BE0D5
:10884000C1CF81E50E945620882331F180917807BD
:1088500090917907892BE9F00E94EF226B017C014E
:10886000CD82DE82EF82F8862DEC3CEC4CE45DE3B9
:108870000F941A4387FD0AC020E030E040E751E43E
:10888000C701B6010F94D639181634F489EC9BE071
:1088900099CF8EE99BE096CF83E50E9487208823BD
:1088A000E9F00E94EF226B017C01CD8ADE8AEF8A1B
:1088B000F88E2DEC3CEC4CEC5DE30F941A4387FDF5
:1088C0000AC020E030E040E050E4C701B6010F9458
:1088D000D63918161CF487E79BE074CF80E50E9418
:1088E0005620882341F18091780790917907892B50
:1088F00019F48FE39BE066CF8BA58F5F8BA70E9457
:10890000EF226B017C01CD86DE86EF86F88A20E0BF
:1089100030E0A9010F941A4387FD0AC020E030E03F
:1089200048EC51E4C701B6010F94D63918161CF46F
:1089300087E19BE047CF86E40E9487208823E9F007
:108940000E94EF226B017C01C98EDA8EEB8EFC8EC9
:1089500020E030E040E85FE30F941A4387FD0AC04F
:1089600020E030E040E850E4C701B6010F94D6396A
:1089700018161CF48EEE9AE025CFC98CDA8CEB8C9D
:10898000FC8C8D889E88AF88B88CA7019601C701A2
:10899000B6010F943C3A9B01AC0160E070E084E4C6
:1089A00090E40F94B44129813A814B815C810F940A
:1089B0003C3A2B013C01A5019401C501B4010F947F
:1089C0003C3AA70196010F943C3A2CEE31E548EB76
:1089D0005DE30F94B4419B01AC01C301B2010F945C
:1089E0003C3A69837A838B839C8388E40E94872046
:1089F000882379F00E94DC22009759F09C01255AC7
:108A000031092C34310518F080EC9AE0DBCE9C8BD8
:108A10008B8B85E50E9456208823C9F00E947396AF
:108A2000611571058105910511F00F945C358091F8
:108A3000780790917907892B09F10E94EF226093C2
:108A4000730770937407809375079093760782E598
:108A50000E9456208823B9F0809178079091790779
:108A6000892BA1F00E94DC22AD969FAF8EAFAD970F
:108A7000181619068CF088E59AE0A4CE60E070E044
:108A800088E492E4DCCF8CE89AE09CCE2AE130E0E6
:108A9000AD963FAF2EAFAD9789E50E948720882322
:108AA00081F10E94EF2220916E0D30916F0D409167
:108AB000700D5091710D0F94B9406B017C0188E5E8
:108AC0000E948720882331F10E94EF2220916A0DB5
:108AD00030916B0D40916C0D50916D0D0F94B9401C
:108AE0006BA37CA38DA39EA3CFA2D8A6E9A6FAA6CA
:108AF000CE0183960E94B71E811115C08EE29AE0C6
:108B000061CEC0903F02D0904002E0904102F090D0
:108B10004202D5CF60913B0270913C0280913D02B0
:108B200090913E02DDCF64E470E0809181079091E6
:108B300082070F94084421E0892B09F020E0822F5E
:108B40000E94FE3580E090E0A0EAB0E48DA79EA7E9
:108B5000AFA7B8AB60E0CE018D960F94491B309162
:108B60000017CF57DF4F3883C158D04010920017FD
:108B70000E94C2FB8DE09AE00E94F93089899A89AF
:108B80008A3191050CF045C08B899C890F945B0854
:108B900041E061E080E00E941BD581114CC06FEF85
:108BA00082E29AE00F94270D8CA5811104C0CE01BA
:108BB00001960E94D18180E090E0A0EAB0E4809329
:108BC000AE0C9093AF0CA093B00CB093B10C1DA65B
:108BD0001EA61FA618AABE01635D7F4F86EA9CE011
:108BE0000E946624CF57DF4FB881C158D040B09360
:108BF00000170E94C2FB8AA18111E6CD1092B1122A
:108C00001092B0120E941D2A90E080E00F945B0841
:108C1000DBCD8C38910514F08CE890E09093B11284
:108C20008093B0120E941D2A61E081E00E9493D3DC
:108C30008111AACFB4CF109247021092480210922D
:108C4000490210924A0287E492E00E940EFF8BA52F
:108C5000882309F452C020E030E040E751E46091FD
:108C60004B0D70914C0D80914D0D90914E0D0F94C8
:108C7000B4416DA77EA78FA798AB80E1EBE3F2E04C
:108C8000A6EABCE001900D928A95E1F72D853E851C
:108C90004F8558896091B20C7091B30C8091B40CDF
:108CA0009091B50C0F94BA406093B20C7093B30CD2
:108CB0008093B40C9093B50CCE018D960F948704DD
:108CC0002D853E854F8558896091B20C7091B30C0B
:108CD0008091B40C9091B50C0F94B9406093B20C94
:108CE0007093B30C8093B40C9093B50C8CA5811148
:108CF00004C0CE0101960E94D181EEE6F7E085E046
:108D0000DF011D928A95E9F780E1EBE3F2E0A6EA44
:108D1000BCE001900D928A95E1F789859A85AB8533
:108D2000BC858093AE0C9093AF0CA093B00CB09325
:108D3000B10C1DA61EA61FA618AABE01635D7F4F1B
:108D400086EA9CE00E946624BE01635E7F4F86EA4D
:108D50009CE00E94662489A1882309F494C3809131
:108D60003B0290913C02A0913D02B0913E02E996F7
:108D70008CAF9DAFAEAFBFAFE99780913F029091AE
:108D80004002A0914102B0914202AB968CAF9DAFE0
:108D9000AEAFBFAFAB97A5961FAE1EAEA59733245F
:108DA0003A9422242A949FEFEE969FAFEE97AFE479
:108DB000EF96AFAFEF97B3ECC158DF4FB883CF5703
:108DC000D040E7E4C058DF4FE883C058D040A496B5
:108DD000FFADA497CC57DF4FF883C458D04021E0B3
:108DE00030E00F2E02C0220F331F0A94E2F7CE5755
:108DF000DF4F39832883C258D0408EE697E0AF9684
:108E00009FAF8EAFAF9710E0CB57DF4FF883C558B9
:108E1000D040AF96AEADBFADAF978D91AF96BFAF1F
:108E2000AEAFAF9790E0CE57DF4FE881F981C258DF
:108E3000D0408E239F23892B09F0F0C0CC57DF4F01
:108E40008881C458D0400E94131F4B015C01812FC0
:108E50000E94F81EE5966CAF7DAF8EAF9FAFE59791
:108E6000A5019401E9966CAD7DAD8EAD9FADE997FE
:108E70000F94B9406B017C01E5962CAD3DAD4EAD34
:108E80005FADE597AB966CAD7DAD8EAD9FADAB970D
:108E90000F94B9402B013C01A7019601C701B6010F
:108EA0000F943C3A6B017C01A3019201C301B20112
:108EB0000F943C3A9B01AC01C701B6010F94BA4034
:108EC0000F9468436B017C01A50194016BA17CA107
:108ED0008DA19EA10F94B9404B015C01E5962CAD8C
:108EE0003DAD4EAD5FADE5976FA178A589A59AA57B
:108EF0000F94B9402B013C01A5019401C501B401B7
:108F00000F943C3A4B015C01A3019201C301B201F1
:108F10000F943C3A9B01AC01C501B4010F94BA40D7
:108F20000F94684320E030E040E751E40F94B441EF
:108F3000A70196010F94BA40D62EE72EF82E092FDE
:108F40008090730790907407A0907507B090760793
:108F500020E030E040E85FE3C501B4010F941A431C
:108F6000181614F5C501B4010F9426424B015C019B
:108F700060E070E0CB01181419041A041B0434F4E7
:108F80000F940D35A50194010F943C400F94DD39E9
:108F90009B01AC016D2D7E2D8F2D902F0F94BA402B
:108FA000D62EE72EF82E092FEE962FADEE97EF96E0
:108FB0003FADEF97C158DF4F4881CF57D040C058E1
:108FC000DF4F5881C058D0406D2D7E2D8F2D902FB2
:108FD0000F94D63987FF22C0312ECB57DF4F288020
:108FE000C558D040EA96DFAEEA97EB96EFAEEB9726
:108FF000EC96FFAEEC97ED960FAFED97EE96DFAEE9
:10900000EE97EF96EFAEEF97C158DF4FF882CF574C
:10901000D040C058DF4F0883C058D0401F5F153084
:1090200009F0F7CEA5962EAD3FADA5972F5F3F4F28
:10903000A5963FAF2EAFA5972530310509F0C7CED5
:10904000E32DF0E0E259F84F21E030E0022C01C0BE
:10905000220F0A94EAF78081822B80836A962FAED2
:109060006A976B963FAE6B97EA968FADEA97EB9651
:109070009FADEB97EC96AFADEC97ED96BFADED974E
:109080006F968CAF9DAFAEAFBFAF6F973FEF23161C
:1090900009F4DEC1331609F4DBC1822D0E94131FCF
:1090A000F62E072F182FE92E862F902FA12FBE2DD9
:1090B00065968CAF9DAFAEAFBFAF6597832D0E9415
:1090C000F81E4B015C0169968CAE9DAEAEAEBFAE94
:1090D0006997CE018F5A9F4F0E94B71E882309F4CB
:1090E000BBC120E030E040EA50E46F2D702F812FAB
:1090F0009E2D0F94BA403B016C01CB01D601219605
:109100008CAF9DAFAEAFBFAF219725968CAE9DAE15
:10911000AEAEBFAE25972110EEC13110C3C120E025
:1091200030E040EA50E4C501B4010F94BA404B016D
:109130005C01332009F4D6C193E093150CF4D2C13D
:1091400022ED422E23E5522E2BE7622E21E4722ED1
:1091500021968CAD9DADAEADBFAD2197A7968CAFDE
:109160009DAFAEAFBFAFA79725968CAD9DADAEAD11
:10917000BFAD2597AB968CAF9DAFAEAFBFAFAB97F2
:109180009C01AD0169966CAD7DAD8EAD9FAD6997CB
:109190000F94B940E1966CAF7DAF8EAF9FAFE19772
:1091A000A7962CAD3DAD4EAD5FADA79765966CAD66
:1091B0007DAD8EAD9FAD65970F94B9402D966CAF88
:1091C0007DAF8EAF9FAF2D97E1968CAD9DADAEADCF
:1091D000BFADE19761968CAF9DAFAEAFBFAF61976A
:1091E000A7962CAD3DAD4EAD5FADA79760913B020C
:1091F00070913C0280913D0290913E020F94B940E3
:10920000A7966CAF7DAF8EAF9FAFA797AB962CADF7
:109210003DAD4EAD5FADAB9760913F0270914002A6
:1092200080914102909142020F94B940AB966CAF8D
:109230007DAF8EAF9FAFAB978F2D902FA12FBE2DFF
:109240008DA79EA7AFA7B8AB89AA9AAAABAABCAABA
:1092500089849A84AB84BC848DAA9EAAAFAAB8AE36
:109260002DEC3CEC4CEC5CE3C301B2010F943C3AB6
:1092700029813A814B815C810F943C3A20914702CD
:10928000309148024091490250914A020F94BA40ED
:1092900069AF7AAF8BAF9CAFA7962CAD3DAD4EAD0D
:1092A0005FADA797CA01B9010F943C3A6B017C01ED
:1092B000AB962CAD3DAD4EAD5FADAB97CA01B901DC
:1092C0000F943C3A9B01AC01C701B6010F94BA4020
:1092D00020E030E040E050E40F941A431816ACF45C
:1092E00020E030E040E05FE3C501B4010F94BA40F4
:1092F00029966CAF7DAF8EAF9FAF2997BE01635C9F
:109300007F4FCE0101960E941C2289859A85AB85EC
:10931000BC8529968CAF9DAFAEAFBFAF2997A39602
:109320001CAE1DAE1EAE1FAEA397BE01615A7F4F8D
:10933000CE01CD960E9466248CA58823C1F02AE92F
:1093400039E949E95FE36D817E818F8198850F94CA
:109350003C3AA3966CAF7DAF8EAF9FAFA397BE0193
:10936000615A7F4F86EA9CE00E9466241CA6E0902A
:10937000430DF090440D0091450D1091460DA090C5
:109380003F0DB090400DC090410DD090420D950121
:10939000A601B701C8010F941A43181614F47501F9
:1093A00086018090370290903802A0903902B090E8
:1093B0003A022DEC3CEC4CEC5DE3B701C8010F9494
:1093C0003C3A60933702709338028093390290934D
:1093D0003A0240E0BE01675B7F4FCE018D960E944E
:1093E000F69680E1EBE3F2E0A6EABCE001900D9294
:1093F0008A95E1F78092370290923802A092390262
:10940000B0923A0220E04FEFBE01675A7F4FCE0183
:1094100001960E94E12520E041E0BE01675A7F4F9E
:10942000CE0101960E94E1252FEF40E0BE01675A70
:109430007F4FCE0101960E94E12521E040E0BE0170
:10944000675A7F4FCE0101960E94E1250E946CFB76
:109450008091760D8093770DAD96AEADBFADAD9793
:109460001197AD96BFAFAEAFAD97AB2B09F497CBCD
:109470006A968FAD6A9787FD92CB6B968FAD6B978F
:1094800087FF69CC8CCB8BA19CA1ADA1BEA1E99635
:109490008CAF9DAFAEAFBFAFE9978FA198A5A9A53F
:1094A000BAA573CC8F2D902FA12FBE2D21968CAFF6
:1094B0009DAFAEAFBFAF219720E030E040EA50E46F
:1094C000C501B4010F94B94025966CAF7DAF8EAF46
:1094D0009FAF259783E083150CF021CEF62C072D46
:1094E0001C2DED2C92ED492E93E5592E9BEF692E04
:1094F00090E4792E2DCEA3E0A2150CF04AC0A3155E
:10950000FCF420E030E040EA50E46F2D702F812F12
:109510009E2D0F94B94021966CAF7DAF8EAF9FAF5B
:10952000219720E030E040EA50E4C501B4010F94F7
:10953000B9404B015C01B3E0B3150CF001CED2CFC2
:109540008F2D902FA12FBE2D21968CAF9DAFAEAF4A
:10955000BFAF219720E030E040EA50E4C501B401FC
:109560000F94BA4025966CAF7DAF8EAF9FAF259715
:109570003110D7CF20E030E040EA50E46F2D702F5B
:10958000812F9E2D0F94B940F62E072F182FE92E0C
:10959000A9CF31100DC020E030E040E251E4B3012A
:1095A000C6010F94B940F62E072F182FE92EC8CD0B
:1095B000E3E0E3159CF420E030E040E251E4B30145
:1095C000C6010F94B94021966CAF7DAF8EAF9FAFAF
:1095D0002197F62C072D1C2DED2CB2CDF62C072D46
:1095E0001C2DED2C82ED482E83E5582E8BEF682E36
:1095F00081E4782EADCD4F925F926F927F928F92E1
:109600009F92AF92BF92CF92DF92EF92FF920F9311
:109610001F93CF93DF9300D0CDB7DEB7B82E8091E4
:10962000630E843008F0D5C171E6D72E8091630EA9
:10963000843008F00DC18091760D9091770D891BD3
:109640008F7709F405C10E94683B97FF0BC00E9409
:10965000BD3188E396E00E94F9308091760D8093C9
:10966000770DE4CF8A3019F08D3009F0E8C0109200
:109670005E0E8091FC0D9091FD0DFC01E850F24FC3
:109680001682892B19F40E9470DAD0CF1092FD0D4A
:109690001092FC0D0EEF1DE0F8018191803209F46B
:1096A00049C08E3409F0B6C063E376E0C8010F9478
:1096B00053397C01892B41F06EE470E0C8010496B7
:1096C0000F940844009709F4C8014AE050E070E0A4
:1096D00060E001960F94C3362B013C018091F80D98
:1096E0009091F90DA091FA0DB091FB0DAC01BD0167
:1096F0004F5F5F4F6F4F7F4F4416550666067706E4
:10970000D9F0EF28C9F4AC01BD01415051096109FC
:109710007109441655066606770634F084159505DA
:10972000A605B7050CF082CF60E080E096E00E94CD
:109730003F7E7CCF8F01B0CF6AE270E0C8010F940A
:1097400037449C01009709F1982F901BF12C992325
:1097500039F09150F801E90FF11D8081F826F7CF1B
:109760004AE050E070E060E0C90101960F94C33612
:109770002F2D30E050E040E0621773078407950713
:1097800041F060E081EE95E0D2CF60E087EB95E0BC
:10979000CECF4092F80D5092F90D6092FA0D709272
:1097A000FB0D809120188130E1F467E470E0C8017E
:1097B0000F9408440097A9F04AE050E070E060E0A0
:1097C00001960F94C336643071058105910548F404
:1097D00086E195E00E94F93060E08CE095E00F941E
:1097E000270D8091FE0D8B3309F420CF8091630EFD
:1097F000843008F01BCF8091650E8D9DC00111242F
:109800006EEF7DE08A59914F0F94134480E00E94DF
:10981000EE7D0CCF8091F11480FFC3CF62E872E33C
:10982000C8010F945339009731F0FC0183818053B4
:109830008A3008F0B6CF60E08DE895E078CF2CEF65
:109840003DE04EEF5DE06EE57EE00E944D1EEECE07
:109850008091F11483FDBDC082FFBBC087FDB9C0FC
:109860001A82198241E6F42E54E0E52E69E6D62EDE
:109870008091630E843008F0ACC00E94851E811177
:10988000A8C041E050E0BE016D5F7F4F85E596E1E5
:109890000E9467CC0B8110E0019711F00FEF1FEFD2
:1098A00080915D1690915E16A0915F16B091601642
:1098B0008093ED149093EE14A093EF14B093F014F2
:1098C0000E94851E0F3F100749F4811107C00E94B6
:1098D000BD3180E596E00E94F930CACF4091650E17
:1098E000242F30E00A3061F00D3051F0882309F464
:1098F00062C089819A81009719F001969A838983C1
:109900001092140789819A81F29EF001F39EF00D66
:109910001124ED59F14FE80FF91F1382892B59F5E6
:109920000E9470DA0E94851E882309F4A1CF85E584
:1099300096E10E9414CE8091E814882391F1815021
:109940008093E8148D9DC001112462E0835B984EE2
:109950000E94A5F2E091E81424E0E29FF0011124B6
:10996000E75BF84E60817181828193810E9424209F
:109970000E945EC67DCF1A82198281E00E94EE7D30
:109980008091ED149091EE14A091EF14B091F01429
:1099900080935F0E9093600EA093610EB093620E61
:1099A000C1CF0E941DCE8091F11488608093F11484
:1099B000E09220185DCF4F9DA00111244A59514FCC
:1099C0009E012F5F3F4F64E177E0802F0E944D1E84
:1099D0004FCF0E9473966B017C01B11004C080913F
:1099E0007B0C882351F0C0923D10D0923E10E09243
:1099F0003F10F0924010BB24B39480917A0790916D
:109A00007B07A0917C07B0917D070097A105B10568
:109A1000B1F040913D1050913E1060913F10709117
:109A20004010840F951FA61FB71FA7019601281B82
:109A3000390B4A0B5B0BDA01C901B7FF12C19091D8
:109A4000111380911213981321C140910B02509170
:109A50000C0260910D0270910E02452B462B472B94
:109A600029F0981709F41BC1109225070E947396DC
:109A70004B015C011091C80B111108C0909111139A
:109A80008091121311E0981301C010E020E030E043
:109A90004AE253E46091D8127091D9128091DA129F
:109AA0009091DB120F941A4387FD2AC181E0182799
:109AB00081E04091190750911A0760911B0770913E
:109AC0001C07452B462B472B09F480E0811799F0A2
:109AD00080E090E0DC01112331F0D501C401805613
:109AE0009444A24FBF4F8093190790931A07A093F5
:109AF0001B07B0931C0740904702509048026090AB
:109B0000490270904A022091150730911607409142
:109B1000170750911807C301B2010F94D639882353
:109B200019F18091190790911A07A0911B07B09124
:109B30001C07409215075092160760921707709203
:109B40001807892B8A2B8B2B09F449C0D501C40136
:109B500080569444A24FBF4F8093190790931A07E1
:109B6000A0931B07B0931C078091190790911A07C7
:109B7000A0911B07B0911C070097A105B10579F1D1
:109B8000881A990AAA0ABB0AB7FC29C010921907B9
:109B900010921A0710921B0710921C0781EB96E097
:109BA0000E94F93060E08DE996E00F94270D8091D6
:109BB000DC129091DD121816190624F490E080E072
:109BC0000F945B088091B0129091B112181619068B
:109BD00034F41092B1121092B0120E941D2A80919A
:109BE000210790912207A0912307B09124074601F5
:109BF0005701881A990AAA0ABB0AD501C401B7FD00
:109C0000CBC03091111390911213209100028091DA
:109C10006002391709F476C0E091121334E7E39F2C
:109C2000F0011124EB57F74F9081899FC001112457
:109C3000880F892F881F990B9195281709F49FC0C9
:109C4000809300020E9473962091000221115DC052
:109C500010921D0710921E0710921F0710922007E6
:109C600077C00E94BD318AE896E00E94F930609189
:109C7000680D7091690D8FE596E00E949BF140E0C0
:109C800070E060E090E080E00E94833AC0923D1076
:109C9000D0923E10E0923F10F0924010D6CEB1101C
:109CA000E3CE0E94739600913D1010913E102091DA
:109CB0003F103091401080900B0290900C02A090C9
:109CC0000D02B0900E02080D191D2A1D3B1D601BD0
:109CD000710B820B930B97FDC7CE809125078111E5
:109CE000C5CE81E08093250780E00E94CDE281E02F
:109CF0000E94CDE282E00E94CDE20E94BEE2B6CE9A
:109D000010E0D6CE9091640D90CF00911D07109178
:109D10001E0720911F07309120070115110521050D
:109D2000310581F46C597F4F8F4F9F4F60931D0712
:109D300070931E0780931F079093200784EB8093F6
:109D4000000206C0601B710B820B930B97FDF6CFD0
:109D500020910002222389F030E050E040E02150C1
:109D6000310941095109AFEFB0E00F945B402EEF8C
:109D700030E040E050E00F943C402093421744E62E
:109D8000C40ED11CE11CF11CC0922107D092220705
:109D9000E0922307F09224070E9470DA8091201845
:109DA000882309F48BC18091BF07882309F4B0C0D0
:109DB00080911617882309F4ABC08091C60B8111DE
:109DC000A7C080917B0C81110AC080914310813023
:109DD00031F08091F11482FF9BC087FD99C0F89407
:109DE00080911617873009F07DC18CB18295817002
:109DF0009091320798278093320780911517892B0D
:109E00008093151760910D1770910E1780910F17A1
:109E100090911017789420E030E0A9010F94D63982
:109E200087FF76C001E00093C60B80917B0C811107
:109E30006DC08EE097E00E94173784E08093200881
:109E400081E09AE590937414809373148EE490E00B
:109E5000909376148093751487E08093671482E85A
:109E600080936A1484E890E0A0E0B0E080936B14E3
:109E700090936C14A0936D14B0936E1487E194E1E9
:109E80000F94FA090E943A310093441060E080EF89
:109E90009EE10E94223188EF9EE10E94F93080E22B
:109EA0000E94F23082E597E00E94F93080E30E9440
:109EB000F2308AE00E94F2300E945D311091770703
:109EC00060E0102780E09AE069F480E497E00E9467
:109ED000223180E30E94F2308AE00E94F23060E09A
:109EE00083E297E00E9422318EE297E00E94F930EF
:109EF00080E30E94F2308AE00E94F230112331F0B8
:109F000089E297E090930108809300080E946CFB1F
:109F100090910901892F809581701091010281171C
:109F2000C9F02091F11420642093F1148093010270
:109F300090FDFAC064EF71E080E090E00E94C72DD0
:109F40000E944ACE8091F11484FD15C11111EEC01A
:109F50000F9468130E9473966B017C0110910A02A2
:109F60001123F1F08091C90B8823D1F040912E0785
:109F700050912F07609130077091310746015701CA
:109F8000841A950AA60AB70AB501A40177FD1AC07A
:109F9000833009F4E7C00CF0D6C081300CF0DBC090
:109FA000212F30E0A8EEB3E00F946E40C60ED71E0E
:109FB000E81EF91EC0922E07D0922F07E0923007BC
:109FC000F092310780914310813009F073C00E94F4
:109FD00073966B017C0180912A0790912B07A091C9
:109FE0002C07B0912D07A7019601281B390B4A0BAE
:109FF0005B0BDA01C901B7FD3AC0D701C601805F2A
:10A00000984DAF4FBF4F80932A0790932B07A09393
:10A010002C07B0932D078090F0189090F118A09025
:10A02000F218B090F3180F940E08AB01BC014093E6
:10A03000F0185093F1186093F2187093F318809110
:10A04000C4179091C517A091C617B091C71788196A
:10A050009909AA09BB09840F951FA61FB71F8093F2
:10A06000C4179093C517A093C617B093C7178091D4
:10A07000260790912707A0912807B091290746014C
:10A080005701881A990AAA0ABB0AD501C401B7FD6B
:10A0900011C020E8C20E2EEED21E26E3E21EF11CF5
:10A0A000C0922607D0922707E0922807F09229074E
:10A0B0000E94F3F90F94490B0F943D1F0F900F90DE
:10A0C0000F90DF91CF911F910F91FF90EF90DF9054
:10A0D000CF90BF90AF909F908F907F906F905F9048
:10A0E0004F900895882309F48DCE649B40C091E081
:10A0F000823009F090E081E0911114C091E0981352
:10A1000081CE8091111790911217A0911317B091E1
:10A11000141780930D1790930E17A0930F17B093F9
:10A12000101770CE90E0EBCF0E942DCE123008F0C9
:10A1300011CF0F9468130ECF87E097E0909301083A
:10A140008093000807CF843009F02ACF0E94B932EB
:10A1500086EC96E004C00E94B93285EF96E00E943A
:10A16000F9301ECF0E94B9328EED96E0F8CF8230E2
:10A1700041F280E0C3CF123018F40F943818EACEC1
:10A18000123009F0E7CE0E9466D2882379F081E090
:10A190000E940EF240EB50E06AEC7BE086EF94E127
:10A1A0000E9467CC86EF94E10E9414CE0E94602941
:10A1B0008111C2CF0E9442290E949AF281E08093CD
:10A1C000E7140E9412D2C6CECF93DF93C82FD62FAA
:10A1D0008091A50C83FD0AC00E942E1F882331F0B8
:10A1E00080916F02909170020F945B086D2F8BE04D
:10A1F0000E94F77BCC2339F040E061E080E0DF9102
:10A20000CF910C941BD58091EB1891E08927809316
:10A210006E0280916E028823F1F020E030E040E091
:10A220005FE36091D8127091D9128091DA12909107
:10A23000DB120F94BA400F9426422091DC12309129
:10A24000DD12621B730B77FF03C071956195710975
:10A250006230710544F410926E028091A50C83FF68
:10A2600006C081E00FC080E00E94FB4AD2CF0E946E
:10A270002E1F8823B1F30E94B93284E699E00E9430
:10A28000F93080E0DF91CF910895AF92BF92CF92E5
:10A29000DF92EF92FF920F931F93CF93DF93CDB78F
:10A2A000DEB764970FB6F894DEBF0FBECDBF0E9435
:10A2B000C23287FDABC08AE50E948720882309F45B
:10A2C000B6C040E050E0BA018AE50E941D237B0140
:10A2D0008C0163E085E00E94F77B2091430230917E
:10A2E0004402409145025091460260E070E088ECE3
:10A2F00093E40F94B9405B016C019701A8010F949E
:10A300001A43181614F075018601C701D8018D8310
:10A310009E83AF83B88720E030E0A901B701C80170
:10A320000F94D639882321F0CE0105960E949420FF
:10A3300080E090E0A0EAB1E489879A87AB87BC8788
:10A340001D861E861F86188A8CE40E94872088231B
:10A3500009F472C00E94EF226B017C0120E030E022
:10A36000A901C701B6010F941A4387FF04C0F7FA89
:10A37000F094F7F8F094C98ADA8AEB8AFC8A0091A3
:10A38000DC121091DD1204301105DCF020E030E029
:10A3900040E05FE36091D8127091D9128091DA1297
:10A3A0009091DB120F94BA400F942642601B710B00
:10A3B00077FF03C071956195710901E06430710503
:10A3C0000CF400E063E080E00E94E45081113DC0A5
:10A3D00063E089E00E94F77B6D817E818F819885A3
:10A3E0008B019C01305809831A832B833C8320E026
:10A3F00030E0A9010F94D639882321F0CE010196CF
:10A400000E94942060E089E00E94F77B64960FB67A
:10A41000F894DEBF0FBECDBFDF91CF911F910F919A
:10A42000FF90EF90DF90CF90BF90AF900895E12C18
:10A43000F12C00E211E44DCFC090F816D090F9163F
:10A44000E090FA16F090FB1689CF83E0E82E22E028
:10A45000AE01475F5F4FBE016F5E7F4FCE010D962D
:10A460000E946F82B9CF4F925F926F927F92AF92AC
:10A47000BF92CF92DF92EF92FF921F93CF93DF9321
:10A4800000D000D01F921F92CDB7DEB75C01E62E40
:10A49000F42E642F80E00E94E450182F81111BC01D
:10A4A000EE2021F060E089E00E94F77B812F289662
:10A4B0000FB6F894DEBF0FBECDBFDF91CF911F91D5
:10A4C000FF90EF90DF90CF90BF90AF907F906F9014
:10A4D0005F904F900895EE2021F06F2D83E00E9451
:10A4E000F77B80E090E0A0E7B2E48D839E83AF83AA
:10A4F000B88780E090E0A0E8B0EC89839A83AB83D2
:10A50000BC83BE016B5F7F4FCE0101960F94150592
:10A5100068E873E180E090E00E94C72DC12CD12C47
:10A5200088ECE82E81E4F82ECD82DE82EF82F88678
:10A5300080E090E0A0E8B0E489839A83AB83BC8399
:10A54000BE016B5F7F4FCE0101960F9415054090C1
:10A55000530D5090540D6090550D7090560DC09253
:10A56000530DD092540DE092550DF092560D80E0AF
:10A5700090E0A0EAB1E48D839E83AF83B887F501B4
:10A5800080819181A281B38189839A83AB83BC83CB
:10A59000BE016B5F7F4FCE0101960F94150540926F
:10A5A000530D5092540D6092550D7092560D0E94AD
:10A5B000BEE264E670E080E090E00E94C72D76CFB6
:10A5C0008F929F92AF92BF92CF92DF92EF92FF92C3
:10A5D0001F93CF93DF9300D000D01F921F92CDB76F
:10A5E000DEB70E94C232182F87FDACC08AE50E94F8
:10A5F0008720812C912C90E2A92E91E4B92E8823FA
:10A6000041F040E050E0BA018AE50E941D234B0171
:10A610005C0164E083E00E94F77B20E030E0A90168
:10A62000C501B4010F941A4318167CF580E090E040
:10A63000A0EAB0E48D839E83AF83B8872091430264
:10A64000309144024091450250914602C501B40147
:10A650000F94BA406B017C0120E030E048EC53E4F9
:10A660000F94D63987FD06C0C12CD12C88ECE82E7A
:10A6700083E4F82EC982DA82EB82FC82BE016B5F32
:10A680007F4FCE0101960F942A1B85E50E9456202C
:10A69000882309F469C00E94EF226B017C0120E04D
:10A6A00030E0A901C701B6010F941A4387FF04C027
:10A6B000F7FAF094F7F8F094F7FAF094F7F8F094CA
:10A6C000C982DA82EB82FC8244E061E0CE0101962D
:10A6D0000E94335220E030E0A901C501B4010F947B
:10A6E0001A4318165CF580E090E0A0EAB0E48D8390
:10A6F0009E83AF83B887A501940160914302709156
:10A70000440280914502909146020F94B9406B013A
:10A710007C0120E030E0A9010F941A4318161CF0C8
:10A72000C12CD12C7601C982DA82EB82FC82BE0177
:10A730006B5F7F4FCE0101960F942A1B60E089E08A
:10A740000E94F77B28960FB6F894DEBF0FBECDBFF0
:10A75000DF91CF911F91FF90EF90DF90CF90BF904E
:10A76000AF909F908F90089588E01802F001112417
:10A77000EC50F94EC080D180E280F38090CF2F92D0
:10A780003F924F925F926F927F928F929F92AF9281
:10A79000BF92CF92DF92EF92FF920F931F93CF93CE
:10A7A000DF9300D000D000D0CDB7DEB74C018B01D5
:10A7B0004987590161E080E09AE00E9422314BE62E
:10A7C0005FE167E07AE085E00E94EE7B90917B0C90
:10A7D00081E0890F80937B0C8091F11482FB22270A
:10A7E00020F9288782FF08C087FDC3C08B7F809334
:10A7F000F1149E5F90937B0C0F94E80C80E1EBE3E7
:10A80000F2E0ACE7BCE001900D928A95E1F787E0B9
:10A810000F94E500782E60E070E080E090E4711025
:10A8200040C0209043023090440240904502509036
:10A83000460220E030E040E050E4C201B1010F9454
:10A84000BA406B017C0120E030E048EC53E40F9407
:10A850001A43181634F4C12CD12C88ECE82E93E45A
:10A86000F92EF8016084F185FD83F801F285FE83FD
:10A87000F801F385FF839601A701662D7D818E8106
:10A880009F2F0F941A43181624F06C2CDD82EE8251
:10A89000FF82A2019101662D7D818E819F810F949F
:10A8A000B9402885222349F020917A0C222329F0EF
:10A8B00041E0711040E00E9441270E946CFB81E062
:10A8C0000E94DD7E20E030E0A901F4016081718109
:10A8D000828193810F94D639882391F00E94D6FA11
:10A8E00081110EC080E090E0A0E7B2E489839A83F2
:10A8F000AB83BC83BE016F5F7F4FC4010F9415050E
:10A90000711004C0B80180E00F94881E20E030E090
:10A91000A901F50160817181828193810F94D639FB
:10A92000882329F042E06985C5010E9433520E94C4
:10A93000BEE264E670E080E090E00E94C72D81E016
:10A9400029960FB6F894DEBF0FBECDBFDF91CF9131
:10A950001F910F91FF90EF90DF90CF90BF90AF903D
:10A960009F908F907F906F905F904F903F902F902F
:10A970000895188641CFCF92DF92EF92FF92CF9346
:10A98000DF936B017C01D42FC091C90B83E08093CE
:10A99000C90B81E08093C80BC114D104E104F10418
:10A9A00031F00E947396C60ED71EE81EF91E8091E4
:10A9B000C80B882389F0C114D104E104F10421F407
:10A9C0008D2F0E94FB4AF3CF0E9473966C197D096C
:10A9D0008E099F0997FDF4CF1092C80BC093C90B45
:10A9E000DF91CF91FF90EF90DF90CF900895FF928D
:10A9F0000F931F93CF93DF93CDB7DEB72D970FB68D
:10AA0000F894DEBF0FBECDBF082F162F0E940C3367
:10AA100061E0812F0E94AE290E94739668537045B1
:10AA20008F4F9F4F60938C0C70938D0C80938E0C86
:10AA300090938F0C1092900CF090C90B83E0809350
:10AA4000C90B30E020E04DE15FE162EF79E082E0A8
:10AA50000E94693182EF99E00F947E1281E0809329
:10AA6000C80B8091C80B882309F46AC060E0812F6D
:10AA70000E94AE298091900C882309F45DC060E0AB
:10AA80008AE00E94F77B0E94B93288ED99E00E942B
:10AA9000F93030E020E042EC59E069EC79E082E006
:10AAA0000E94693189EC99E00F947E1241E060E0E8
:10AAB00070E0CB010E94BB5430E020E050E040E069
:10AAC00065EB79E085E00E94693165EB79E0CE01C4
:10AAD00001960F941C39CE0101960F949F0C0F9490
:10AAE000660860E080E00E94E450802F0E940C33F2
:10AAF0000E947396685370458F4F9F4F60938C0CE4
:10AB000070938D0C80938E0C90938F0C1092900C00
:10AB100030E020E04DE15FE169EA79E082E00E9407
:10AB2000693189EA99E00F947E1281E08093C80B25
:10AB300061E0812F0E94AE2981E00E94FB4A91CF03
:10AB4000F092C90B2D960FB6F894DEBF0FBECDBFA5
:10AB5000DF91CF911F910F91FF900895BF92CF92F7
:10AB6000DF92EF92FF920F931F93CF93DF93CDB7B6
:10AB7000DEB7A0970FB6F894DEBF0FBECDBF0E9420
:10AB8000C23287FDDCC061E081E00E94F77B85E492
:10AB90000E948720882309F4E2C00E94EF226B0103
:10ABA0007C0120E030E0A9010F941A4387FF04C024
:10ABB000F7FAF094F7F8F094F7FAF094F7F8F094C5
:10ABC000C98EDA8EEB8EFC8E8CE0E7E8F2E0DE01D7
:10ABD000119601900D928A95E1F788E50E948720F1
:10ABE000882351F040E050E0BA0188E50E941D231F
:10ABF00069837A838B839C8389E50E9487208823DD
:10AC000051F040E050E0BA0189E50E941D236D83B8
:10AC10007E838F8398878AE50E948720882351F05E
:10AC200040E050E0BA018AE50E941D2369877A87D7
:10AC30008B879C87C090F416D090F516E090F6169E
:10AC4000F090F71685E50E948720882321F00E9466
:10AC5000EF226B017C0120E030E0A901C701B601C1
:10AC60000F941A4387FF04C0F7FAF094F7F8F094B2
:10AC7000F7FAF094F7F8F094CD8EDE8EEF8EF8A20E
:10AC800062E070E082E40E94E022B82E80917B0CAA
:10AC9000811155C09E01235E3F4F41E0BE016F5FB1
:10ACA0007F4FCE0149960E94BF53882309F447C0C5
:10ACB0006B2D81E00E94F75470E060E082E50E9415
:10ACC000E0228C0180E090E0A0EAB1E48D8B9E8BC5
:10ACD000AF8BB88FC090F816D090F916E090FA16A6
:10ACE000F090FB168CE40E948720882321F00E94BC
:10ACF000EF226B017C0120E030E0A901C701B60121
:10AD00000F941A4387FF04C0F7FAF094F7F8F09411
:10AD1000C98ADA8AEB8AFC8A1D861E861F86188AF3
:10AD200080917B0C882359F02B2DAE014B5E5F4F39
:10AD3000BE016F5E7F4FCE010D960E9464BDA0964E
:10AD40000FB6F894DEBF0FBECDBFDF91CF911F913C
:10AD50000F91FF90EF90DF90CF90BF900895C12C9E
:10AD6000D12C80E8E82E80E4F82E26CFCF92DF9217
:10AD7000EF92FF920F931F93CF93DF93CDB7DEB780
:10AD80006C970FB6F894DEBF0FBECDBF8CE40E9467
:10AD90008720882309F4AFC00E94EF226B017C0159
:10ADA00020E030E0A9010F941A4387FF04C0F7FAAE
:10ADB000F094F7F8F094F7FAF094F7F8F094C98E5D
:10ADC000DA8EEB8EFC8E8CE0E7E8F2E0DE01119685
:10ADD00001900D928A95E1F788E50E9487208823EB
:10ADE000A1F040E050E0BA0188E50E941D232091C7
:10ADF0006A0D30916B0D40916C0D50916D0D0F945B
:10AE0000B94069837A838B839C8389E50E9487207C
:10AE10008823A1F040E050E0BA0189E50E941D239B
:10AE200020916E0D30916F0D4091700D5091710D0C
:10AE30000F94B9406D837E838F8398878AE50E9443
:10AE40008720882351F040E050E0BA018AE50E9453
:10AE50001D2369877A878B879C8761E080E00E9449
:10AE6000F77B1D861E861F86188A80917B0C8111B8
:10AE700033C09E01235F3F4F40E0BE016F5F7F4FB5
:10AE8000CE0149960E94BF53882331F160E080E0F3
:10AE90000E94F754898D9A8DAB8DBC8DB0588D8BE7
:10AEA0009E8BAF8BB88F198A1A8A1B8A1C8A1D86C3
:10AEB0001E861F86188A80917B0C882369F010E01B
:10AEC00000E020E0AE014B5E5F4FBE016F5E7F4F42
:10AED000CE010D960E9464BD6C960FB6F894DEBF4D
:10AEE0000FBECDBFDF91CF911F910F91FF90EF90DB
:10AEF000DF90CF900895C12CD12C80E8E82E80E41B
:10AF0000F82E59CF2F923F924F925F926F927F927D
:10AF10008F929F92AF92BF92CF92DF92EF92FF9269
:10AF20000F931F93CF93DF93CDB7DEB7E1970FB6A3
:10AF3000F894DEBF0FBECDBF89AB2091C90B28AB03
:10AF400081E08093C90B809186078D3409F4FBC39F
:10AF5000843511F40C945B6C873409F091C18091B5
:10AF60008407909185078B31910509F4DDC108F0C4
:10AF700079C18430910508F030C1209120188230C9
:10AF8000910508F48EC1233008F491C111E00297B5
:10AF900009F010E00E94052819821A821B821C8287
:10AFA0001D821E821F82188682E50E9487208823C8
:10AFB00009F490C10E94EF226B017C0120E030E097
:10AFC000A9010F94D639882309F4EAC040903B02C6
:10AFD00050903C0260903D0270903E0280913F0292
:10AFE00090914002A0914102B091420288A799A796
:10AFF000AAA7BBA78090A60C9090A70CA090A80C25
:10B00000B090A90C8091AA0C9091AB0CA091AC0CC3
:10B01000B091AD0C8CA79DA7AEA7BFA7A5019401C9
:10B02000C301B2010F94D63981110DC02CA53DA5E5
:10B030004EA55FA568A579A58AA59BA50F94D639CD
:10B04000882309F4ADC0A3019201C501B4010F9496
:10B05000B94020E030E040E05FE30F943C3A6CA35D
:10B060007DA38EA39FA328A539A54AA55BA56CA5A2
:10B070007DA58EA59FA50F94B94020E030E040E06B
:10B080005FE30F943C3A2B013C0120E030E0A90142
:10B09000C701B6010F94D639881F8827881F181753
:10B0A00009F40FC180E090E0A0E8BFEB88A799A762
:10B0B000AAA7BBA72CA13DA14EA15FA1CA01B901BE
:10B0C0000F943C3A4B015C01A3019201C301B20110
:10B0D0000F943C3A9B01AC01C501B4010F94BA40F6
:10B0E0000F9468434B015C01AC019B01C701B601A1
:10B0F0000F94B9406CA77DA78EA79FA7A5019401C7
:10B10000C701B6010F94BA409B01AC016CA57DA5A7
:10B110008EA59FA50F943C3A6B017C0120E030E0A6
:10B12000A9010F941A4387FDD1C0C701B6010F943E
:10B1300068436B017C01C301B2019058A5019401E1
:10B140000F94B44128A539A54AA55BA50F943C3AB4
:10B15000A70196010F943C3A2CA13DA14EA15FA1FD
:10B160000F94BA4069837A838B839C83A5019401F1
:10B170006CA17DA18EA19FA10F94B44128A539A5F2
:10B180004AA55BA50F943C3AA70196010F943C3A5F
:10B19000A30192010F94BA406D837E838F839887B9
:10B1A00020E030E0A90169817A818B819C810F9434
:10B1B000D6398111A3C020E030E0A9016D817E81E4
:10B1C0008F8198850F94D639811198C00E94BD3126
:10B1D0008BE291E10E94F9306AC08531910509F452
:10B1E00066C08A31910509F49CC0049709F048C0F3
:10B1F00080E50E948720C12CD12C7601882321F084
:10B200000E94F2216B017C0183E50E948720882344
:10B2100061F00E94EF2220E030E04AE754E40F940E
:10B220003C3A0F942D426B017C010E946CFB809193
:10B23000EC0F811105C060E081E491E10F94270DCE
:10B240000E947396C60ED71EE81EF91E0E947396C2
:10B250006C197D098E099F0997FF29C080E00E9423
:10B26000FB4AF4CF8A32910509F416C160F48D319E
:10B27000910509F475C008F470C04E9709F473C0C5
:10B280000E94E49C14C08B35910509F4B2C18C3541
:10B29000910509F4B2C18A35910591F710927E07A4
:10B2A00006C0233020F00E9405280F94A70129A989
:10B2B000211102C00E94073138A93093C90B0C94A8
:10B2C000396280E090E0A0E8BFE3F0CEC12CD12C41
:10B2D000760131CF89E40E948720882331F00E94D3
:10B2E000EF2269837A838B839C838AE40E94872080
:10B2F000882309F455CF0E94EF224ECF412FBE0183
:10B300006F5F7F4F86EA9CE00E94F6960E947396DC
:10B3100060933D1070933E1080933F1090934010C7
:10B32000C6CF0E945343C3CF87E00F948518811185
:10B33000BECF8CE0E3E9F2E0DE01119601900D92C0
:10B340008A95E1F770E060E080E50E948922BE0105
:10B350006F5F7F4F0F94881EAACF0E941D40A7CF1A
:10B360000E942F70A4CF88E50E948720882309F4CB
:10B3700081C00E94EF2220916A0D30916B0D4091A7
:10B380006C0D50916D0D0F94B94069837A838B8356
:10B390009C8389E50E948720882309F474C00E9459
:10B3A000EF2220916E0D30916F0D4091700D5091F4
:10B3B000710D0F94B9406D837E838F839887BE0192
:10B3C0006B5F7F4FCE0101960E940280882309F4B3
:10B3D0006ECF80E00E94FE350F94680461E085E442
:10B3E0000E94C722182F21E0482FBE016B5F7F4FBC
:10B3F000CE0101960E9400BB6B017C01AC019B0158
:10B400000F94AC4381112EC020916A0D30916B0DC9
:10B4100040916C0D50916D0D69817A818B819C8179
:10B420000F94BA40AB01BC0184E591E10E941F3347
:10B4300020916E0D30916F0D4091700D5091710DF6
:10B440006D817E818F8198850F94BA40AB01BC01DC
:10B450008FE491E10E941F33B701A6018AE491E1D4
:10B460000E9409340F944F0411110E9402220F947C
:10B47000DF051DCF60913B0270913C0280913D023F
:10B4800090913E0282CF60913F0270914002809184
:10B490004102909142028FCF80912018833008F4AE
:10B4A00006CF89E40E948720082FE12C882319F019
:10B4B0000E94DC22E82E8AE40E948720182FF12CBB
:10B4C000882319F00E94DC22F82E002319F094E062
:10B4D0009E1528F0112341F0A4E0AF1528F48CE567
:10B4E00091E10E94F930E3CE80E1EBE3F2E0A6EADD
:10B4F000BCE001900D928A95E1F7002359F08E2D62
:10B500000E94131F6093A60C7093A70C8093A80C45
:10B510009093A90C112359F08F2D0E94F81E60936F
:10B52000AA0C7093AB0C8093AC0C9093AD0C60E0C4
:10B5300080E50E94C7228823C1F10023D1F0E09169
:10B540000C13F0910D132081318142815381609160
:10B55000A60C7091A70C8091A80C9091A90C0F9447
:10B56000B9406093A60C7093A70C8093A80C90939D
:10B57000A90C1123D1F0E0910C13F0910D1324814B
:10B580003581468157816091AA0C7091AB0C8091F6
:10B59000AC0C9091AD0C0F94B9406093AA0C7093D1
:10B5A000AB0C8093AC0C9093AD0C40E050E0BA0132
:10B5B00086E40E941D236B017C0120E030E0A9019C
:10B5C0000F941A4318168CF420E030E040E752E460
:10B5D000C701B6010F94B44169837A838B839C833E
:10B5E000CE0101960F94870462CE60E070E0CB013B
:10B5F000F3CF8FE080937E075ACE80918307882314
:10B6000089F1893009F053CE06EFA02E03E0B02E69
:10B610008BE3C82E82E0D82EE12C00E010E0F5018B
:10B6200081915F010E948720F82E882369F01330F2
:10B6300011F0E82EF02E0E94EF22D6016D937D933B
:10B640008D939C9313970F2D1F5FB4E0CB0ED11CED
:10B65000143029F7EE2009F464C00F94D1050F943B
:10B66000DF0525CE16EFC12E13E0D12EF12CE12CF3
:10B6700000E010E0F60181916F010E948720382ED2
:10B68000882309F447C00E94EF224B015C0113306C
:10B6900059F0F701E659F24F2081318142815381FF
:10B6A0000F94B9404B015C01F701E55CFD4F20812F
:10B6B000318142815381C501B4010F94B9402B01FE
:10B6C0003C012DEB37E346E855EB0F941A4387FD19
:10B6D0000AC02DEB37E346E855E3C301B2010F94EE
:10B6E000D6391816BCF4133021F197012252374E87
:10B6F0005901A3019201D5016D917D918D919C918C
:10B700000F94BA40F5016083718382839383812F04
:10B710000F948D001F5FF4E0EF0EF11C143009F060
:10B72000A9CF002309F49BCF87E492E00E940EFF8B
:10B7300096CF8092470290924802A0924902B0921E
:10B740004A02032DE7CF80918407909185078937BE
:10B75000910511F40C941F6408F0E9C18E34910531
:10B7600009F46CC608F024C18A31910509F4CEC4ED
:10B7700008F0A9C08431910509F418C408F084C008
:10B780008131910509F4D0C308F058C0029708F040
:10B7900077CD80E50E948720C12CD12C76018823AB
:10B7A00021F00E94F2216B017C0183E50E94872039
:10B7B000882361F00E94EF2220E030E04AE754E461
:10B7C0000F943C3A0F942D426B017C010E946CFB5C
:10B7D00080917F0790918007009709F48EC30F94A2
:10B7E000B11000917F07109180070115110509F430
:10B7F00089C30E943A3182E08093441060E080EF78
:10B800009EE10E94223185E791E10E94F93080E2B9
:10B810000E94F230C8010E942CC68AE00E94F230D9
:10B820008DE19FE1009711F00E9446310E945D3149
:10B8300040E0C701B6010E94BB5439CD429709F0E0
:10B840001FCD83E50E948720882309F4B8C60E9493
:10B85000739660933D1070933E1080933F109093C9
:10B8600040100E94EF2220E030E04AE754E40F94B9
:10B870003C3A0F942D4260930B0270930C0280931C
:10B880000D0290930E0213CD8731910509F4C0C3C8
:10B8900080F48531910509F4B8C3469709F0F0CCDE
:10B8A0008091F11482FF02C087FF01CD0E942DCE4E
:10B8B000FECC8831910509F4C1C3499709F0E0CC69
:10B8C0000E94B656F4CC8032910509F494C4B0F5C8
:10B8D0008D31910509F47CC470F48B31910509F424
:10B8E00024C44C9709F0CCCC80917F0790918007BD
:10B8F0000E94BBF1DCCC8E31910509F46FC44F97E7
:10B9000009F0BECC0F940E086C8F7D8F8E8F9F8FA9
:10B91000BE016F5F7F4FCE014C960E94451F60E0D5
:10B92000CE0101960F944D180E94B932BE016F5F8F
:10B930007F4F89E192E10E949BF1B9CC8B34910554
:10B9400009F474C550F58A32910509F47BC4893431
:10B95000910509F095CC80E50E9487208823A1F00D
:10B960000E94EF2220E030E048EC52E40F943C3A91
:10B970000F942D426031E7E27E0710F060E177E23C
:10B980007093DD186093DC1882E50E94872088237D
:10B9900009F48DCC0E94F2218ACC8C34910509F4F3
:10B9A00049C58D34910509F06BCC0E94512E7FCC96
:10B9B0008C36910509F47BCC08F053C08535910590
:10B9C00009F42AC660F58235910509F4E8C5F0F45A
:10B9D0008135910509F054CC0E947DFB1092640DD5
:10B9E0000E94D8D70E94512E1092660D1092650DBC
:10B9F00068EE73E080E090E00E94C72D60E081E790
:10BA000092E10F94270D0E94421F51CC833591057E
:10BA100009F4CDC58435910509F413CF31CC8936AD
:10BA2000910509F414C560F48C35910509F419C623
:10BA30008836910509F024CC80E00E94F84237CC8A
:10BA40008A36910509F42EC58B36910509F018CC7C
:10BA500060E080E50E94AB22811129CC1092640D38
:10BA600026CC8237910509F496C6A0F58F3691054C
:10BA700009F440C5C8F48D36910509F4E3C48E3647
:10BA8000910509F0FDCB8EE40E948720882309F4FC
:10BA90000ECC0E9479226093F80D7093F90D80937B
:10BAA000FA0D9093FB0D03CC8037910509F4FFCB81
:10BAB0008137910509F0E4CB83E50E948720882334
:10BAC00009F459C50E9497228D3308F04FC5809321
:10BAD0000A02EDCB8637910509F472C6C0F48337AC
:10BAE000910509F460C68537910509F0C9CB8091AD
:10BAF0007F0790918007009709F45EC6FC012081C2
:10BB0000222309F459C661E00F944D18D0CB873732
:10BB1000910509F490C68837910509F0B1CB81E011
:10BB20008093D1178093D0170F94F107C0CB8A3937
:10BB300021E0920709F4BBCB08F0E6C08C3D9105EB
:10BB400011F40C94856608F04BC0893C910509F40A
:10BB5000AFC6E0F48C38910509F417C528F48D3789
:10BB6000910509F4ADCE8CCB8E3B910509F412C53D
:10BB7000883C910509F084CB8CE494E00E9432204B
:10BB8000811165C681E00E943A3591CB8D3C9105CB
:10BB900009F437C790F48B3C910509F4BCC68C3C82
:10BBA000910509F06DCB80E594E00E94322081116F
:10BBB000E0C681E00E94B4347ACB8E3C910509F452
:10BBC000B1C7833D910509F05BCB83E50E94562008
:10BBD000882309F4D6C70E94B7228093110267CB4D
:10BBE0008E32A1E09A0711F40C944A6808F05FC005
:10BBF0008232E1E09E0711F40C94366708F042C0EF
:10BC00008D3D910511F40C94C566823E910509F0B5
:10BC100037CB80E50E945620882309F448CB70E09A
:10BC200060E080E50E94E022F82E6FEF7FEF83E571
:10BC30000E94E0228C010196039708F038CBF7FCB4
:10BC400036CBE0E0F4E186E194E12491F21611F4C0
:10BC50000C948F6C31968E179F07B9F70E946CFB7E
:10BC600060E08F2D0E9404960F3F100711F40C9492
:10BC70001D670130110511F40C94336710E000E0EA
:10BC80000C9427678C3221E0920711F40C94BA6768
:10BC90008D32914009F0F4CA81E694E00E9432208E
:10BCA00081110C94D06781E00E94CF3300CB8039A2
:10BCB000A1E09A0711F40C94D268A8F48F32E1E065
:10BCC0009E0711F40C9490688033914009F0D8CA13
:10BCD00081E694E00E94322081110C940D6881E08D
:10BCE0000E943034E4CA813921E0920711F40C94A7
:10BCF000D6688239914009F0C3CA0E945D240E942F
:10BD000002220F94DF05D3CA8F34A2E09A0711F400
:10BD10000C94746A08F062C0843FE1E09E0711F45D
:10BD20000C946F6960F5843A21E0920711F40C9449
:10BD3000F068C0F48C39A1E09A0711F40C94746A8D
:10BD40008D39914009F09CCA83E50E9456208823D2
:10BD500011F40C944B6C0E94B72280937A0C0E94D1
:10BD60004A29A5CA853AE1E09E0711F40C94F468CB
:10BD70008C3A914009F084CA0E94C13198CA873F29
:10BD800021E0920711F40C94776968F4853FA1E0F3
:10BD90009A0711F40C947369863F914009F070CAB8
:10BDA0000E94F0EE84CA883FE1E09E0711F40C94F3
:10BDB000596A8C30924009F063CA1091F11412FD57
:10BDC00002C00C946C6A17FF02C00C946C6A0E944B
:10BDD000292E80FB17F91093F11469CA8C3623E0E1
:10BDE000920709F464CA90F58D3BA2E09A0711F41A
:10BDF0000C94FC6AA8F48835E2E09E0711F40C94D8
:10BE0000786A8B35924009F03BCA85E694E00E943F
:10BE1000322081110C947C6A81E00E944F3A47CA1B
:10BE20008E3B22E0920711F40C94006B8335934013
:10BE300009F026CA8DE594E00E943220F82E811187
:10BE40000C94046B81E00E941F3A31CA873EA3E044
:10BE50009A0711F40C943B6CB8F48438E3E09E0725
:10BE600011F40C94D86B803A934009F009CA2091E0
:10BE70007F07309180079091F11492609093F114B4
:10BE8000C9010E94BBF113CA883E23E0920711F456
:10BE90000C94506C893E934009F0F2C90E946CFBEF
:10BEA0008091F114877F8B7F8093F1148091E71448
:10BEB00081110C94546C0E9442290E949AF20F94B2
:10BEC0000E086D3371058105910520F086E296E13B
:10BED0000E94CD6C82E296E10E94CD6C80E197EAEF
:10BEE0009093DD188093DC188EE096E10E94F93083
:10BEF0008AE096E10E94CD6CDAC98BE891E10F945B
:10BF00007E126FCC809184079091850763E871E180
:10BF1000892B11F46BE771E130E020E04DE15FE146
:10BF200082E00E94693184CC88E594E00E9432204E
:10BF3000882359F185E40E945620882361F080917E
:10BF4000780790917907892B21F00E94DC228111DA
:10BF500002C00E94C6E2B6EFEB2EB3E0FB2E10E06B
:10BF6000D7016D917D01062E000C770B8091810722
:10BF7000909182070F940844892B19F0812F0E9419
:10BF800004E31F5F133061F792C960E08EE991E12D
:10BF90000F94270D80E00E9404E381E00E9404E3F7
:10BFA00082E00E9404E30E94C6E281C98091F114FC
:10BFB00084FF24C086EB91E10E94F9308091F11456
:10BFC00084FF17C081E195E10E94B4CE8BE1E1E1ED
:10BFD000F5E1DE01119601900D928A95E1F770E08E
:10BFE00060E0CE0101960E9488B9CE0101960E94C0
:10BFF000722987EA91E10E94F93059C90E94B93249
:10C0000087EC91E10E94F93052C90E944ACE4FC993
:10C0100080917F0790918007FC012191222331F0CC
:10C020002032D9F7DF0111971C92F7CF60E00E9410
:10C03000A5F21092DD181092DC1839C983E50E9430
:10C040008720882321F00E9479220E94242084E501
:10C050000E9487208823A9F00E9479226B017C012D
:10C060000F944008C092EC18D092ED18E092EE18B0
:10C07000F092EF18CD28CE28CF2819F081E08093D8
:10C08000431080917B0C8823F1F080E090E0A0EADF
:10C09000B1E489839A83AB83BC831C8E1D8E1E8E74
:10C0A0001F8E18A219A21AA21BA210E000E020E025
:10C0B000AE014F5F5F4FBE01645E7F4FCE01809641
:10C0C0000E9464BDF4C80E94292E882381F00E943A
:10C0D0005EC60E944F2E86E09CE00E94CDCD10925D
:10C0E0005F0E1092600E1092610E1092620E61E06F
:10C0F00088E095E30E9422314BE65FE161ED71E15A
:10C1000085E00E94EE7B0E94477CD1C88091F114AB
:10C1100084FFCDC883E50E948720882309F4C7C81F
:10C120000E9479220E942420C2C863E470E08091BA
:10C130008107909182070F940844892BE1F087EEE4
:10C1400091E10E94F93080915816882379F0BE0160
:10C150006F5F7F4F85E596E10E9460CDCE0101962D
:10C160000E942CC68AE00E94F230A1C88DED91E1B8
:10C170000E94F930F7CF8091F11482FD04C00E9433
:10C18000372E882301F1C090ED14D090EE14E0908A
:10C19000EF14F090F01487E092E10E94F930C701AB
:10C1A000B6010E9401798FE20E94F2306091E91499
:10C1B0007091EA148091EB149091EC140E94017933
:10C1C0000E9426C674C886EF91E10E94F9306FC8BC
:10C1D0008091F1148E7F8093F11469C88091F114DD
:10C1E00084FF65C80E94F17E80917F07909180074F
:10C1F0000E9435F25CC88091F11482FF03C087FF72
:10C200000E946CFB8091F11484FF51C860E080E5CE
:10C210000E94C722182F682F80917F079091800776
:10C220000E94A5F283E50E948720882321F00E94C6
:10C2300079220E9424200E945EC6111138C80E94F3
:10C240004F2E35C86DE070E080E50E94E0228C0141
:10C2500097FD2DC8D82E60E089E40E94C722811185
:10C260000DC0E0E0F4E186E194E12491D21611F4EE
:10C270000C948F6C31968E179F07B9F784E50E9456
:10C280008720F82E8823B9F00E949722813071F020
:10C2900040F0823009F18EE392E10E94F9300C9473
:10C2A000575960E0802F0E94049605C061E0802FFE
:10C2B0000E940496F12C83E50E948720882311F4C4
:10C2C0000C9457590E949722E82EB9E0DB1206C061
:10C2D0008093640D0C94575962E0E4CFFF2031F055
:10C2E00086E292E10E94F9300C94575961E0802F68
:10C2F0000E9404966E2D802F0E94D695F12CE11499
:10C30000F10431F460E0802F0E94D6950C945759C7
:10C31000EFEFEE16F10431F461E0802F0E94D69524
:10C320000C945759602FCE0101960E94562E898990
:10C33000882309F470C0E981FA818F8528898111E9
:10C3400029C0608130E083E090E0AC01421B530BD8
:10C35000440F551F042E01C0880F0A94EAF78095F8
:10C36000862362E070E001C0660F4A95EAF7862BEB
:10C370008083F9013396EE0FFF1F21E030E02C0F90
:10C380003D1FE20FF31F0190F081E02DF182E0826A
:10C390000C9457599A8991110C945759AFEFB0E00A
:10C3A000823029F0AD85BE850D90BC91A02D6081B5
:10C3B00030E083E090E0AC01421B530B440F551F6B
:10C3C000042E01C0880F0A94EAF78095862362E064
:10C3D00070E001C0660F4A95EAF7862B80832D5FD7
:10C3E0003F4F220F331F81E090E08C0F9D1F280FDD
:10C3F000391FF9010081118197010F946E402FEFD1
:10C4000030E040E050E00F941A40D80111963C9380
:10C410002E930C94575961E0BFE7EB16F10408F432
:10C4200060E0802F0E94D6950C9457590E944F2EA1
:10C430000C9457590F94E80C0C9457590E94594288
:10C440000C94575981E00E94F8420C9457590E946D
:10C45000C232182F87FD0AC080E592E10E94F930B0
:10C46000812F0E9422D38AE00E94F230F8A9F09333
:10C47000C90BE1960FB6F894DEBF0FBECDBFDF91BA
:10C48000CF911F910F91FF90EF90DF90CF90BF90D1
:10C49000AF909F908F907F906F905F904F903F9064
:10C4A0002F90089560E080E50E94AB2281110C94EA
:10C4B000575961E470E080918107909182070F9451
:10C4C00008446091640D062F892B11F40FEF10E0E2
:10C4D00083E50E948720882349F00E9479228B01FE
:10C4E0006F3F710519F010F00FEF10E00093640D2D
:10C4F0000C94575983E50E948720882321F00E94DD
:10C5000097228093A50C0E94B93283E692E10E94A3
:10C51000F9308091A50C882331F110E000E020E093
:10C520008091A50C90E0002E02C0959587950A9405
:10C53000E2F780FF12C0FF24F394F20E222319F0D9
:10C540008CE20E94F230F801EE0FFF1FE95AFD4E17
:10C55000859194910E94F9302F2D0F5F1F4F063067
:10C560001105F1F6FFCD83E592E102CE8CE38093D5
:10C570000A020C9457590E94B93260910A028AE665
:10C5800092E10E94A33C0C94575980E00E94532AE8
:10C590000C94575981E00E94532A0C94575980916A
:10C5A0007E078F7D806180937E070C945759809120
:10C5B0007E078F7E806280937E070C94575988E5B2
:10C5C00094E00E943220882319F10E946CFB85E4DC
:10C5D0000E94562081110E94BEE2A6EFEA2EA3E03F
:10C5E000FA2E10E0D7016D917D01062E000C770B1D
:10C5F00080918107909182070F940844892B19F04C
:10C60000812F0E94CDE21F5F133061F70C945759C0
:10C610000E947DFB0C94575983E50E945620882385
:10C6200011F40C9457590E94739660933D107093C7
:10C630003E1080933F10909340100E94EF2220E024
:10C6400030E04AE754E40F943C3A0F942D42609353
:10C650007A0770937B0780937C0790937D070C94F7
:10C6600057590E94C23287FF02C00C94575988E57F
:10C6700094E00E943220882309F488C0E6EFCE2E91
:10C68000E3E0DE2EFBE1EF2EFDE0FF2E10E0F601F1
:10C6900081916F010E948720882359F0133099F00F
:10C6A0000E94EF22D70154966D937D938D939C93B6
:10C6B00057971F5FB4E0EB0EF11C143041F70E9456
:10C6C00048FB0C9457590E94EF224B015C0120E07B
:10C6D00030E040EA51E40F94D63987FF4EC0A501FF
:10C6E000940160913B0D70913C0D80913D0D9091B6
:10C6F0003E0D0F94B4412B013C01AC019B016091B4
:10C70000BB077091BC078091BD079091BE070F9445
:10C710003C3A6093BB077093BC078093BD0790932E
:10C72000BE07A301920160914B0D70914C0D809159
:10C730004D0D90914E0D0F943C3A60934B0D7093BC
:10C740004C0D80934D0D90934E0D60919D0770910F
:10C750009E0780919F079091A0070F94DB39A3015A
:10C7600092010F943C3A0F942D4260939D07709371
:10C770009E0780939F079093A00780923B0D909215
:10C780003C0DA0923D0DB0923E0D93CF81E00E94F2
:10C790000B7F0C9457590E946F7E83E293E10E94B5
:10C7A000BDE10C94575983E892E10E94F9308AE088
:10C7B0000E94F2300C9457590E94477C0C945759B0
:10C7C00000917F071091800794E0F12C40E0915098
:10C7D00009F1D8018C91282F2B7F2134A1F41196D7
:10C7E0002C912133B9F4813419F1853409F441E0F5
:10C7F00098012E5F3F4F89012F5F3F4FD8018C91E9
:10C800008032C9F3E4CF803529F4F8018181805367
:10C810008A3070F341110E94B932FF2021F080E884
:10C8200093E10E94F930C8010F9449180C945759AC
:10C83000FF24F394DDCF0F9480070C945759109286
:10C84000D1171092D0170F94F1070C9457590E94EA
:10C85000C232182F87FF02C00C945759009100175D
:10C8600084E40E948720F82E8823B1F00E94EF22F2
:10C870004B015C0120E030E0A9010F94D6398823F8
:10C88000A9F0B4E01B02F0011124E450F94E8082BB
:10C890009182A282B3820F2D602F83E50E94C7226E
:10C8A000809300170E94C2FB0C94575980E0F8CF88
:10C8B00087E594E00E943220811105C081E00E944A
:10C8C00000350C9457590E94C23287FF02C00C9465
:10C8D000575906EF13E07BE1E72E7DE0F72EF801D4
:10C8E00081918F010E948720882361F00E94EF22AE
:10C8F0000F942D42D7016D937D938D939C93139745
:10C900000E94FAFAB4E0EB0EF11CE3E00A3F1E07C6
:10C9100031F70C94575987E594E00E943220811139
:10C9200005C081E00E94D6340C9457590E94C2324F
:10C9300087FF02C00C94575966EFE62E63E0F62E8F
:10C9400010E000E0D7018D917D010E9487208823AF
:10C9500049F00E94EF22F801E55EF24F64A375A34F
:10C9600086A397A30C5F1F4F0031110559F70C9454
:10C97000575983E50E948720882391F00E94EF2277
:10C9800060934F0D7093500D8093510D9093520D05
:10C990006093570D7093580D8093590D90935A0DD5
:10C9A00080E50E948720882351F00E94EF22609347
:10C9B0004F0D7093500D8093510D9093520D82E561
:10C9C0000E948720882351F00E94EF226093530D2C
:10C9D0007093540D8093550D9093560D84E50E94ED
:10C9E0008720882311F40C9457590E94EF226093FA
:10C9F000570D7093580D8093590D90935A0D0C94C8
:10CA0000575985E594E00E943220811105C081E0EC
:10CA10000E9462340C94575982E40E948720882334
:10CA200051F00E94F22160932B0D70932C0D809396
:10CA30002D0D90932E0D83E50E948720882351F0C1
:10CA40000E94EF2260935B0D70935C0D80935D0DEF
:10CA500090935E0D84E50E948720882351F00E9408
:10CA6000EF2260935F0D7093600D8093610D909342
:10CA7000620D88E50E948720882351F00E94EF22F2
:10CA80006093AF077093B0078093B1079093B2079C
:10CA900089E50E948720882351F00E94EF2260934D
:10CAA000B3077093B4078093B5079093B6078AE5F0
:10CAB0000E948720182F882351F00E94EF22609354
:10CAC000B7077093B8078093B9079093BA0785E4C6
:10CAD0000E948720882351F00E94EF226093BB07B9
:10CAE0007093BC078093BD079093BE07112311F488
:10CAF0000C9457592DEC3CEC4CEC5DE36091B7077E
:10CB00007091B8078091B9079091BA070F94D63900
:10CB1000181614F40C94575983E893E10E94F930E5
:10CB20000C945759E0918107F0918207808146EF7C
:10CB3000C42E43E0D42E54EDE52E57E1F52E10E03F
:10CB4000882329F081E00E940E340C945759F60195
:10CB500081916F010E948720882359F00E94EF2263
:10CB6000D7016D937D938D939C931397812F0F9491
:10CB70008D001F5FB4E0EB0EF11C133041F70C94F5
:10CB80002F5B64ED73E181E00E94D47E609111021D
:10CB9000605D8BEC93E10E941A3187EC93E10E9477
:10CBA000F930809111020E949E3140906A0D5090A0
:10CBB0006B0D60906C0D70906D0D20911302309193
:10CBC00014024091150250911602C301B2010F9454
:10CBD000BA406CA37DA38EA39FA380906E0D90900E
:10CBE0006F0DA090700DB090710D209117023091D3
:10CBF00018024091190250911A02C501B4010F9414
:10CC0000BA4068A779A78AA79BA7C090720DD09059
:10CC1000730DE090740DF090750D20911B02309112
:10CC20001C0240911D0250911E02C701B6010F94D3
:10CC3000BA406CA77DA78EA79FA720911F023091B5
:10CC400020024091210250912202C301B2010F94AF
:10CC5000BA402B013C0120912302309124024091E3
:10CC6000250250912602C501B4010F94BA404B0130
:10CC70005C012091270230912802409129025091B5
:10CC80002A02C701B6010F94BA406B017C011D86D0
:10CC90001E861F86188A8CA19DA1AEA1BFA1898383
:10CCA0009A83AB83BC8388A599A5AAA5BBA58D83D0
:10CCB0009E83AF83B8878CA59DA5AEA5BFA58987A8
:10CCC0009A87AB87BC874DEB53E16FEB73E1CE01E5
:10CCD00001960E94A8351D861E861F86188A4982E5
:10CCE0005A826B827C828D829E82AF82B886C98690
:10CCF000DA86EB86FC8650E040E065EB73E1CE011E
:10CD000001960E94A8350C94575900918107109103
:10CD10008207E0903502F0903602D8018C9188238A
:10CD200059F0B70185EE93E10E949A3682EE93E1C5
:10CD30000E94F9300C94575962E570E0C8010F94D5
:10CD40000844892B41F080910F029091100290933A
:10CD500036028093350262E470E0C8010F94084403
:10CD6000892B21F0F0921002E0920F0283E50E94DD
:10CD70008720882311F40C9457590E94DC22909349
:10CD80003602809335020C9457590E94C232082F04
:10CD900087FF02C00C94575983E50E948720002E1C
:10CDA000000C110B7801EE0CFF1C882361F10E942E
:10CDB000DC22F701E15DFD4F91838083000F111F9D
:10CDC000000F111FF801E55DFD4F7F01BC01990FB8
:10CDD000880B990B0F94DD392AE037ED43E25CE3D1
:10CDE0000F943C3AF801E555F84F2081318142819A
:10CDF00053810F943C3AD7016D937D938D939C930F
:10CE000013970C9457590E94B93285E40E94F2306E
:10CE100080E3800F0E94F230F701E15DFD4F6081F9
:10CE2000718189EE93E10E949A3685E20E94F23088
:10CE30008AE00E94F2300C9457598F2D0E94AD95D4
:10CE400031E020E0892B09F030E0032F122F8F2DE5
:10CE50000E94AD958017910711F40C94575980E00A
:10CE60000E94FB4AF4CF01E010E0F1CF8AE50E9476
:10CE70008720882309F45CC00E94EF2220E030E084
:10CE800040E050EC0F94D639C12CD12CE12C00ECB1
:10CE9000F02E87FD13C00E94EF2220E030E040E03A
:10CEA00050E40F941A43C12CD12CE12C10E4F12E44
:10CEB000181624F00E94EF226B017C012091370D9F
:10CEC0003091380D4091390D50913A0DC701B6019E
:10CED0000F943C3A0F942642CB010E947F9661E06A
:10CEE00080E50E94C722882341F1A7019601609145
:10CEF00008137091091380910A1390910B130F94EA
:10CF0000BA40609308137093091380930A139093A7
:10CF10000B130E94B932409108135091091360918C
:10CF20000A1370910B1385E294E10E94093405C045
:10CF300083E50E94872081119FCF8DE594E00E94B8
:10CF40003220811110C00E94B932409108135091D3
:10CF5000091360910A1370910B1386E194E10E940A
:10CF600009340C94575982E50E9456208111EBCF69
:10CF70000C94575964E071E083E50E9489228C018A
:10CF800068EE73E080E50E9489228938B3E19B074F
:10CF900010F088E893E1B8010F94CF0B0C94575927
:10CFA00080E50E948720882351F00E94EF22609341
:10CFB000F4127093F5128093F6129093F71289E4AD
:10CFC0000E948720882381F00E94EF222CEA35EC12
:10CFD00047E25EE30F943C3A6093F8127093F912C3
:10CFE0008093FA129093FB1284E40E948720882396
:10CFF00081F00E94EF222CEA35EC47E25EE30F94C9
:10D00000B4416093FC127093FD128093FE129093D2
:10D01000FF120E9453240C94575980E50E948720E8
:10D02000882351F00E94EF226093C8127093C912B6
:10D030008093CA129093CB1289E40E9487208823A0
:10D0400081F00E94EF222CEA35EC47E25EE30F9478
:10D050003C3A6093CC127093CD128093CE12909391
:10D06000CF1284E40E948720882311F40C9457592E
:10D070000E94EF222CEA35EC47E25EE30F94B441C4
:10D080006093D0127093D1128093D2129093D312E6
:10D090000C94575983E50E945620182F882369F075
:10D0A0000E94DC229C019093700280936F0291E0B9
:10D0B000232B09F090E09093EB1880E50E94562016
:10D0C000882361F020916F0230917002232B11F0C0
:10D0D0000E94B7228093EB180C94575911110C94AD
:10D0E00057590E94B93280E594E10E94F93080914D
:10D0F000EB18882391F088E394E10E94F930609165
:10D100006F02709170028FE394E10E949A368BE374
:10D1100094E10E94F9300C94575984E394E1EDCFE7
:10D1200070E060E085E40E94E022F82EEFEF8E17B9
:10D13000B1F1882361F088E894E10E94F93080E73A
:10D1400094E10E94F9300E94917C0C94575904EBB1
:10D1500010E083E40E948720B5E0EB2E882319F0CD
:10D160000E94DC22E82E83E50E948720882319F0A4
:10D170000E94DC228C0160E085E50E94C722D82E47
:10D1800060E083E694E10F94270D2D2D4E2D6F2D39
:10D19000C8010E9462DC0E94477C0C94575906E447
:10D1A00010E0D7CF0E946CFB0C94575968E470E0F4
:10D1B00080918107909182070F9408448C0183E548
:10D1C0000E945620012B11F00C94575981110C9498
:10D1D000575981E00F94991B0F94DF050C94575910
:10D1E0000E94293D0C9457596FEF7FEF89E40E940C
:10D1F000E022082F6FEF7FEF8AE40E94E022182FD1
:10D200008AE50E948720D12C811107C081E50E9408
:10D210008720D82E882309F48AC3C02E81E0800F8E
:10D22000863008F054C0912E81E0810F863008F0DE
:10D230004EC00E94EF222B013C01F02E07FDF12C85
:10D2400007FF02C0A4E0CA2E812E17FD812C17FF14
:10D2500002C0F4E09F2EE5E03E2ECF14A0F1E82CB2
:10D260003F9C500111249E1460F10E2D10E020E02F
:10D2700030E0A901DD2069F0F501E00FF11FEE0FAC
:10D28000FF1FEE0FFF1FEA54F34F208131814281CF
:10D2900053810A0D1B1D000F111F000F111F0A548F
:10D2A000134FC301B2010F94BA40D8016D937D931F
:10D2B0008D939C9313976E2D8F2D0E94387FE3944E
:10D2C000D2CFF394CACF0E94A52C0C9457590E9438
:10D2D000BD3185EB94E10E94F9300C9457590F94BD
:10D2E000690D0C9457590E9489F00C94575961E0CC
:10D2F00083E50E94C72211E0182741E068E775E145
:10D30000812F0E94ED32812F0E94BD3280E795E18E
:10D310000E94F93085E896E10E94173741E06EE5FA
:10D3200075E1812F0E94ED32812F0E94BD3281E490
:10D3300095E10E94F930812F0E943A35812F0E9499
:10D340000B7F812F0E94D634812F0E940035812FC0
:10D350000E94B434812F0E946234812F0E940E34C7
:10D3600064EE74E1812F0E94D47E00919E0C8BEDBF
:10D3700094E10E94F930802F0E94602440919F0C1C
:10D380005091A00C6091A10C7091A20C8FEB90E2D7
:10D390000E941F338EEC94E10E94F93080919E0C24
:10D3A0000E949E310E94A32A8823A1F156EBC52E2C
:10D3B0005CE0D52E00E05601F12C812F0E94BD3299
:10D3C00087E395E10E94F9308F2D0E947AD284E3A1
:10D3D00095E10E94F930802F0E947AD28FEB90E283
:10D3E0000E94F930F501608171818281938145E06D
:10D3F0000E9480D28AE00E94F230F394F4E1AF0EF2
:10D40000B11C25E0F212D9CF0F5F34E0C30ED11C5E
:10D41000053089F6812F0E94CF33812F0E9430344E
:10D42000812F0E94AA31812F0E941F3A41E06FEFA5
:10D4300074E1812F0E94ED32812F0E94BD32409114
:10D44000A5075091A6076091A7077091A80786EFDE
:10D4500094E10E940934812F0E944F3A6DE175E1F9
:10D46000812F0E94D47E1091BF0784E195E10E9434
:10D47000F930812F0E9460244091111750911217AA
:10D48000609113177091141781E195E10E941F3389
:10D49000109116178EE095E10E94F930612F70E02F
:10D4A00090E080E00E94D37B8AE00E94F2300C94EE
:10D4B000575981E0809305170E94D8F910920517FB
:10D4C000882311F40C9457590E94B93285E895E1EC
:10D4D0000E94F9300C94575914FD02C00C9457590E
:10D4E0000E94F17E0C9457590E9430330C94575986
:10D4F0000E94AE550C9457590E94C232082F87FFE4
:10D5000002C00C94575985E50E948720882359F161
:10D510000E94EF224B015C01E02E002E000CFF0860
:10D5200020E030E0A9010F941A4387FF04C0B7FA46
:10D53000B094B7F8B09420E030E84BE354E4C50170
:10D54000B4010F941A43970143E0220F331F4A9509
:10D55000E1F72C50394E1816D4F1D9018D929D92D5
:10D56000AD92BC9213978CE40E948720882311F41B
:10D570000C9457590E94EF226B017C01002E000C85
:10D58000110B20E030E0A9010F941A4387FF04C07B
:10D59000F7FAF094F7F8F09420E030E84BE354E425
:10D5A000C701B6010F941A43980193E0220F331F6D
:10D5B0009A95E1F72C50394E18169CF0D901149623
:10D5C000CD92DD92ED92FC9217970C94575980E022
:10D5D00090E8ABE3B4E4F90180839183A283B38341
:10D5E000C2CF80E090E8ABE3B4E4F9018483958393
:10D5F000A683B7830C9457590E9445510C945759F0
:10D600000E94E0520C94575920900013309001135F
:10D6100000910213109103134090041350900513CE
:10D6200060900613F0910713FCA38090081390906C
:10D630000913A0900A13B0900B1388E50E9487206D
:10D64000C82E882351F10E94EF22762ED72E7C011E
:10D6500020E030E046E953EC0F941A4387FD0CC0FC
:10D6600020E030E046E953E4672D7D2DC7010F949B
:10D67000D63918160CF06FC06CE271E08DEC95E1B4
:10D680000E949A366CE271E088EC95E10E949A362D
:10D6900085EC95E10E94F930F12C89E50E94872004
:10D6A000882361F10E94EF22762EC72ED82EE92E14
:10D6B00020E030E046E953EC0F941A4387FD0DC09B
:10D6C00020E030E046E953E4672D7C2D8D2D9E2D22
:10D6D0000F94D63918160CF043C06CE271E082EB5F
:10D6E00095E10E949A366CE271E08DEA95E10E9424
:10D6F0009A368AEA95E10E94F930F12C8AE50E9477
:10D700008720882391F10E94EF224B015C0120E0E9
:10D7100030E040E151EC0F941A4387FD0AC020E04D
:10D7200030E040E151E4C501B4010F94D639181638
:10D73000E4F467EF7FEF88E995E10E949A3669E0AB
:10D7400070E083E995E10E949A3680E995E10E94B4
:10D75000F9300C945759272C3D2C8701FC2C9DCF78
:10D76000472C5C2C6D2CECA2C9CFFF2011F40C943B
:10D770005759C101D8018093001390930113A093CE
:10D780000213B0930313C201A62DBCA1809304130E
:10D7900090930513A0930613B09307138092081378
:10D7A00090920913A0920A13B0920B130C9457593C
:10D7B000A090A507B090A607C090A707D090A80793
:10D7C0008BE40E948720882339F10E94EF227B019D
:10D7D0008C0120E030E0A9010F941A4387FD0AC0B4
:10D7E00020E030E040E251E4B701C8010F94D6399F
:10D7F0001816A4F48FE30E94F2308BE40E94F230FA
:10D800008BEE95E10E94F93083EE95E10E94F930AC
:10D8100080EE95E10E94F930750186019701A8011B
:10D82000B501C6010F94D639882361F00E946CFBC4
:10D83000C701D8018093A5079093A607A093A707D7
:10D84000B093A807E0918107F09182078081882337
:10D8500011F40C9457590E94B9324091A507509188
:10D86000A6076091A7077091A8078FEF95E10E9426
:10D8700009340C94575983E08093201810922C108F
:10D8800060E083E50E94C72281110C9457590E94E1
:10D89000177E0C94575981E00E94AA310C94575975
:10D8A0000E943F6D0C9457590E9412D281110C9422
:10D8B00057590C945B5F109184074091A50C45FB70
:10D8C000442740F962E376E1CE0101960E94DE35FD
:10D8D0008091A50C85FF10C08DE296E10E94F93081
:10D8E000612F012E000C770B880B990B0E94D37BC4
:10D8F0008AE296E10E94F9300E94739660933D108F
:10D9000070933E1080933F1090934010812F0E949F
:10D9100072B9CE0101960E94D5350C9457590E94D8
:10D92000BD3181EF93E10E94F9300C9457590E9468
:10D93000BD3185E994E10E94F9300C945759DF928A
:10D94000EF92FF920F931F93CF93DF93EC01E09040
:10D95000680DF090690D8AE0D82E6AE070E0CE0183
:10D960000F9408448C01009711F0FC011082CE0145
:10D970000E94362381E00E9482570115110519F09B
:10D98000E801D992EACFC701DF91CF911F910F91A2
:10D99000FF90EF90DF900C9436234F925F926F923E
:10D9A0007F928F929F92AF92BF92CF92DF92EF922F
:10D9B000FF920F931F93CF93DF93CDB7DEB77C0118
:10D9C0004DB65EB66090680D7090690D8DB69EB6CE
:10D9D0006AE070E0C7010F9411396C018C010E19D7
:10D9E0001F09892B21F4C7010F9423398C01C80129
:10D9F00001962DB73EB7281B390B0FB6F8943EBFE2
:10DA00000FBE2DBF8DB79EB701965C01A801B7016F
:10DA10000F944439F501E00FF11F1082C5010E94F7
:10DA2000362381E00E948257C114D10451F076015F
:10DA30009FEFE91AF90A0FB6F8949EBE0FBE8DBE8D
:10DA4000C5CF0FB6F8949EBE0FBE8DBEC3010E9417
:10DA500036230FB6F8945EBE0FBE4DBEDF91CF9158
:10DA60001F910F91FF90EF90DF90CF90BF90AF90FC
:10DA70009F908F907F906F905F904F9008952F921E
:10DA80003F924F925F926F927F928F929F92AF924E
:10DA9000BF92CF92DF92EF92FF920F931F93CF939B
:10DAA000DF93CDB7DEB7C659D1090FB6F894DEBF04
:10DAB0000FBECDBF0E9460298823B9F1E090810795
:10DAC000F090820763E570E0C7010F940844892B4A
:10DAD00009F445C08BE990E10E9417378EEF8093DF
:10DAE000DA181092D91881E09AE590937414809313
:10DAF00073148CE490E0909376148093751487E00F
:10DB00008093671482E880936A1484E890E0A0E030
:10DB1000B0E080936B1490936C14A0936D14B09349
:10DB20006E1487E194E10F94FA09CA56DF4F0FB6DD
:10DB3000F894DEBF0FBECDBFDF91CF911F910F9143
:10DB4000FF90EF90DF90CF90BF90AF909F908F901D
:10DB50007F906F905F904F903F902F90089563E477
:10DB600070E0C7010F940844892B39F00E944229C4
:10DB70000E949AF20F94B012D8CF40906F0C509040
:10DB8000700C6090710C7090720C8091780C81FF19
:10DB900005C09091A50C98609093A50C82FB8827F6
:10DBA00080F98093EB1880E990E10E94CD6C809120
:10DBB000FF0B9091000C9E012F5F3F4F7901009762
:10DBC00099F09F938F9388E890E19F938F933F9371
:10DBD0002F930F946D39C7010E949F6C0F900F9087
:10DBE0000F900F900F900F908091FD0B9091FE0B76
:10DBF000843B910514F484EB90E09F938F9380E82D
:10DC000090E19F938F93FF92EF920F946D39C7012C
:10DC10000E949F6C9091D30BCF56DF4F9883C159D0
:10DC2000D0402091D40BCE56DF4F2883C259D0402C
:10DC30003091D50BCD56DF4F3883C359D0408091FA
:10DC4000D60BCC56DF4F8883C459D0402091DD0BD2
:10DC50003091DE0B4091DF0B5091E00B692FCE56D7
:10DC6000DF4F7881C259D040CD56DF4F8881C359EC
:10DC7000D040CC56DF4F9881C459D0400F94BA4061
:10DC8000962E872E382E292E88E790E10E94CD6CA3
:10DC90008091780C0F900F900F900F900F900F9035
:10DCA00080FDD8C1CF56DF4FA880C159D040CE5695
:10DCB000DF4FB880C259D040CD56DF4FC880C3591E
:10DCC000D040CC56DF4FD880C459D0408E010F577A
:10DCD0001F4F23E041E0B501C6010F94A3349F9389
:10DCE0008F938FE690E19F938F93FF92EF920F9423
:10DCF0006D39C7010E949F6C0F900F900F900F908D
:10DD00000F900F909501A601692D782D832D922DEE
:10DD10000F941A431816FCF423E041E0692D782D86
:10DD2000832D922D0F94A3349F938F9385E690E1DA
:10DD30009F938F93FF92EF920F946D39C7010E94CA
:10DD40009F6C0F900F900F900F900F900F90A92C39
:10DD5000B82CC32CD22C8DE590E10E94CD6C87E0CD
:10DD60008093A30C8093EA186091020C7091030CCD
:10DD70008091040C9091050C8E010F571F4F21E0EC
:10DD800041E00F94A3349F938F938091780C83FB91
:10DD9000882780F9CB56DF4F8883C559D040CA56B3
:10DDA000DF4F1882C659D040CB56DF4F888199810A
:10DDB000C559D040C0969F938F9382E590E19F9381
:10DDC0008F93FF92EF920F946D39C7010E949F6C61
:10DDD00021E041E0B501C6010F94A3349F938F93D6
:10DDE00089E490E19F938F93FF92EF920F946D39A6
:10DDF000C7010E949F6C8091780C0FB6F894DEBF2B
:10DE00000FBECDBF84FF1FC06091F90B7091FA0B5C
:10DE10008091FB0B9091FC0B23E041E00F94A33425
:10DE20009F938F9381E490E19F938F93FF92EF9262
:10DE30000F946D39C7010E949F6C0F900F900F9047
:10DE40000F900F900F908091FD0B9091FE0B00971B
:10DE500099F09F938F9389E390E19F938F93FF9223
:10DE6000EF920F946D39C7010E949F6C0F900F9035
:10DE70000F900F900F900F908091010C8823A1F0CC
:10DE80001F928F931F921F928EE290E19F938F9328
:10DE9000FF92EF920F946D39C7010E949F6C0FB6ED
:10DEA000F894DEBF0FBECDBF6091CF0B7091D00B49
:10DEB0008091D10B9091D20B8E010F581F4F23E010
:10DEC00041E00F94A334D82EC92E6091CB0B7091F2
:10DED000CC0B8091CD0B9091CE0B005F1F4F23E0B8
:10DEE00041E00F94A334CF92DF929F938F9380E20F
:10DEF00090E19F938F93FF92EF920F946D39C7013A
:10DF00000E949F6C23E041E0CF56DF4F6881C159EA
:10DF1000D040CE56DF4F7881C259D040CD56DF4F2A
:10DF20008881C359D040CC56DF4F9881C459D04026
:10DF30000F94A3349F938F9386E190E19F938F93E7
:10DF4000FF92EF920F946D39C7010E949F6C8091F0
:10DF5000DC0B8F938091DB0B8F9380E190E19F939B
:10DF60008F93FF92EF920F946D39C7010E949F6CBF
:10DF70006091D70B7091D80B8091D90B9091DA0BEF
:10DF800023E041E00F94A3349F938F9387E090E1C7
:10DF90009F938F93FF92EF920F946D39C7010E9468
:10DFA0009F6C8CE0E1EEFBE0A4EDB7E101900D92F7
:10DFB0008A95E1F78CE0EDEEFBE0AEEDB8E1019083
:10DFC0000D928A95E1F780E00F948D0081E00F9427
:10DFD0008D0082E00F948D008091770C80937E07F6
:10DFE00081E080937A0C0E944A2986E09CE09F930E
:10DFF0008F938EE490E39F938F93FF92EF920F9411
:10E000006D390FB6F894DEBF0FBECDBFC7010E94B9
:10E010009F6C8091760C8F938091750C8F9380917B
:10E02000740C8F938091730C8F937F926F925F9299
:10E030004F928BEF9FE09F938F93FF92EF920F94FD
:10E040006D39C7010E949F6C0FB6F894DEBF0FBEFA
:10E05000CDBF6BCDA92CB82CC32CD22C37CE2F9290
:10E060003F924F925F926F927F928F929F92AF9268
:10E07000BF92CF92DF92EF92FF920F931F93CF93B5
:10E08000DF93CDB7DEB7CF59D1090FB6F894DEBF15
:10E090000FBECDBF4091A50C45FB442740F963EC72
:10E0A0007DE0CE018D569F4F0E94DE350E94739613
:10E0B00060933D1070933E1080933F1090934010FA
:10E0C00061E570E080918107909182070F94084488
:10E0D0008C01892B01F58091A50C85FD1CC060E0A9
:10E0E00083E40E94C722C156DF4F8883CF59D040B6
:10E0F00080919E0C882391F160E08FE40E94C722FA
:10E10000882361F18091A50C85FF09C084EA9DE018
:10E110000E94F93004C00E94E03E012B01F3CE01C1
:10E120008D569F4F0E94D535C156DF4F0FB6F894DC
:10E13000DEBF0FBECDBFDF91CF911F910F91FF903A
:10E14000EF90DF90CF90BF90AF909F908F907F9097
:10E150006F905F904F903F902F9008956EE470E025
:10E1600080918107909182070F940844892BE9F4EC
:10E1700087E00F9485188111D2CF80919E0C888BF7
:10E18000009181071091820767E570E0C8010F9444
:10E190000844892B09F404C10E94A32A81110AC0F2
:10E1A0000E94BD318CE89DE0B3CF8EE99DE00E94D6
:10E1B000CD6CDECF8AE50E948720882339F10E944A
:10E1C000EF222091720D3091730D4091740D50919A
:10E1D000750D0F94B9406B017C0120E030E040E206
:10E1E00051ECC701B6010F941A4387FD0AC020E025
:10E1F00030E040E251E4C701B6010F94D639181659
:10E2000074F40E94BD318FE79DE082CFC09043023D
:10E21000D0904402E0904502F0904602DECF40E00C
:10E2200050E060EC7FE788E50E941D2320916A0D95
:10E2300030916B0D40916C0D50916D0D0F94B94064
:10E240002B013C0140E050E060EC7FE789E50E9453
:10E250001D2320916E0D30916F0D4091700D5091E6
:10E26000710D0F94B9404B015C016FEF89E40E947E
:10E27000AB22182F6FEF8AE40E94AB22082FA30174
:10E280009201C301B2010F94AC43811156C0A501A4
:10E290009401C501B4010F94AC4381114EC020918B
:10E2A000F4183091F5184091F6185091F718C30101
:10E2B000B2010F94B9402091FC183091FD184091A3
:10E2C000FE185091FF180F94B44120E030E040E078
:10E2D0005FE30F94BA400F942642162F2091F8184E
:10E2E0003091F9184091FA185091FB18C501B4010A
:10E2F0000F94B940209100193091011940910219F1
:10E30000509103190F94B44120E030E040E05FE306
:10E310000F94BA400F942642062F812F012E000C35
:10E32000990B97FD35C00597ACF5802F002E000C9A
:10E33000990B97FD31C005978CF5153008F0EFCE9D
:10E34000053008F0ECCE80E00E94FE3525E0120298
:10E35000F0011124E00FF11D07FDFA95EE0FFF1FEC
:10E36000EE0FFF1FEA54F34FC082D182E282F382A4
:10E370000E94A52C602F812F0E94387F88898823D6
:10E3800009F4CDCE81E00E94FE350F94DF05C7CEA3
:10E3900010E0CBCF14E0C9CF00E0CFCF04E0CDCF69
:10E3A0006AE470E0C8010F940844892B61F470E0BE
:10E3B00060E086E50E94E0229A838983059730F029
:10E3C0008AE59DE0A5CE0E943D36A9CE60E084E4BA
:10E3D0000E94C7228F8740E050E0BA018AE50E9480
:10E3E0001D236BA77CA78DA79EA740E050E86BE399
:10E3F00076E483E50E941D2320E030E040E752E40C
:10E400000F94B441609331027093320280933302CF
:10E410009093340200910C1310910D13F801C080F9
:10E42000D180E280F38020E030E040E751E4C70192
:10E43000B6010F94B940C556DF4F6883CB59D04021
:10E44000C456DF4F7883CC59D040C356DF4F888302
:10E45000CD59D040C256DF4F9883CE59D04020E0EE
:10E4600030E040E450E40F94D63987FF16C0C5561B
:10E47000DF4F1882CB59D040C456DF4F1882CC5999
:10E48000D040F0E4C356DF4FF883CD59D04020E4AC
:10E49000C256DF4F2883CE59D04020E030E84DE906
:10E4A00053E4C701B6010F94BA40662ECA56DF4F37
:10E4B0007883C659D040C956DF4F8883C759D040AA
:10E4C000C856DF4F9883C859D04020E030E844E96F
:10E4D00053E40F941A4318169CF4612C30E8CA5682
:10E4E000DF4F3883C659D04084E9C956DF4F88834F
:10E4F000C759D04093E4C856DF4F9883C859D040DD
:10E50000F80184809580A680B78020E030E040E26A
:10E5100051E4C501B4010F94B9407B018C0120E0A6
:10E5200030E040E551E40F94D63987FF04C0E12C78
:10E53000F12C00E511E420E030E04BE953E4C501A3
:10E54000B4010F94BA40B62EC72ED82EC756DF4F4F
:10E550009883C959D04020E030E84FE853E40F9445
:10E560001A4318165CF4B12CF0E8CF2EAFE8DA2E7F
:10E57000F3E4C756DF4FF883C959D04088E40E94BE
:10E580005620882309F43EC10E94EF220F942642B0
:10E590001B0177FF02C06F5F7F4F7595679571957F
:10E5A000619571096A567F4F072E000C880B990BF5
:10E5B0000F94DD39762E872E982EA92E9701A8016B
:10E5C0000F941A43181624F4E72CF82C092D1A2D51
:10E5D000C556DF4F2881CB59D040C456DF4F388114
:10E5E000CC59D040C356DF4F4881CD59D040C25698
:10E5F000DF4F5881CE59D040672D782D892D9A2D27
:10E600000F941A431816A4F0C556DF4F7880CB59E3
:10E61000D040C456DF4F8880CC59D040C356DF4F1E
:10E620009880CD59D040C256DF4FA880CE59D040F7
:10E63000872D982DA92DBA2D8B8B9C8BAD8BBE8BE6
:10E64000C701D8018F8B988FA98FBA8FB101330C76
:10E65000880B990B0F94DD391B012C019701A80140
:10E660000F94BA407B018C012B2D3C2D4D2DC756AC
:10E67000DF4F5881C959D0400F94D63987FF08C061
:10E68000BE2CCF2CD02EC756DF4F1883C959D0408F
:10E69000272D382D492D5A2DC201B1010F94BA40B2
:10E6A0007B018C01262DCA56DF4F3881C659D040D8
:10E6B000C956DF4F4881C759D040C856DF4F5881EF
:10E6C000C859D0400F94D63987FF10C06E2CCA5657
:10E6D000DF4FF882C659D040C956DF4F0883C7596B
:10E6E000D040C856DF4F1883C859D040862DCA562F
:10E6F000DF4F9881C659D040C956DF4FA881C7590E
:10E70000D040C856DF4FB881C859D0408B8F9C8FFE
:10E71000AD8FBE8F8B2D9C2DAD2DC756DF4FB88191
:10E72000C959D0408F8F98A3A9A3BAA3BE01695E2F
:10E730007F4FCE0143960E940280882309F4B1C026
:10E74000BE01615E7F4FCE014B960E940280082F72
:10E75000882309F4A6C02F89388D498D5A8D6F8D75
:10E7600078A189A19AA10F94B94020E030E040E857
:10E770005EE30F943C3A6B017C012B893C894D8907
:10E780005E896B8D7C8D8D8D9E8D0F94B94020E0C0
:10E7900030E040E85EE30F943C3A6BA37CA38DA38A
:10E7A0009EA3CFA2D8A6E9A6FAA689819A811816B7
:10E7B000190674F489E19DE00E94F9308F85882361
:10E7C00021F08FE09DE00E94F9308AE00E94F23053
:10E7D0000E946CFBC156DF4F2881CF59D0402111D8
:10E7E00002C00F94680480E00E94FE3581E00F941F
:10E7F000991B882309F47CC088890E94FE350F94F8
:10E80000FC0B8DCCA701B80186E40E941D231B01DF
:10E810002C01C556DF4F4881CB59D040C456DF4F3D
:10E820005881CC59D040C356DF4F6881CD59D04074
:10E83000C256DF4F7881CE59D0408CE40E941D2310
:10E840006B8B7C8B8D8B9E8B2F8A388E498E5A8E4C
:10E850004B2D5C2D6D2DC756DF4F7881C959D040A7
:10E8600082E40E941D236B017C01462DCA56DF4FB6
:10E870005881C659D040C956DF4F6881C759D0402A
:10E88000C856DF4F7881C859D04082E50E941D23C9
:10E890006B8F7C8F8D8F9E8FCF8ED8A2E9A2FAA22C
:10E8A00045CF8091A50C85FF20C04B895C896D897F
:10E8B0007E8984E59DE00E941F334B8D5C8D6D8DBC
:10E8C0007E8D81E59DE00E941F334F89588D698DB3
:10E8D0007A8D8EE49DE00E941F334F8D58A169A16F
:10E8E0007AA18BE49DE00E9409348FE29DE010CC78
:10E8F0008F85811143C02091FC183091FD18409103
:10E90000FE185091FF186BA17CA18DA19EA10F94C0
:10E91000D639811130C020910019309101194091F0
:10E920000219509103196FA178A589A59AA50F9492
:10E93000D639811120C02091F4183091F5184091FA
:10E94000F6185091F7186B897C898D899E890F94F0
:10E95000D639811110C02091F8183091F9184091E2
:10E96000FA185091FB186F89788D898D9A8D0F94C4
:10E97000D639882319F00E943D36188A60E085E474
:10E980000E94C722882309F402C131E0C856DF4F34
:10E990003883C859D0401B861C861D861E861A8A5D
:10E9A0003FEDA32E3CE0B32E4DEE842E4CE0942E92
:10E9B00059EC252E312C412C512CFA8894E09F15CE
:10E9C0000CF40FC16B857C858D859E859B01AC0108
:10E9D0000F94AC43811105C1002309F4DFC0E1E0CD
:10E9E000C956DF4FE883C759D040F5E0CA56DF4F1C
:10E9F000F883C659D04091E009271F2D110F110F40
:10EA00001F0D1F5F898B79886A89CA56DF4F8881FD
:10EA1000C659D040781609F4E0C0062E000C770BDA
:10EA2000880B990B0F94DD392FA138A549A55AA55C
:10EA30000F943C3A2F89388D498D5A8D0F94BA40E6
:10EA40006B017C01672D770C770B880B990B0F946A
:10EA5000DD392BA13CA14DA15EA10F943C3A2B893D
:10EA60003C894D895E890F94BA406B837C838D838A
:10EA70009E83CF82D886E986FA8689819A81892BFE
:10EA800089F08BEF9CE00E94F930812F0E947AD2AE
:10EA900069E170E089EF9CE00E949A3686EF9CE085
:10EAA0000E94F9301F9299E19F931F921F93BF928A
:10EAB000AF929F928F921F920E94CB7D0FB6F894D7
:10EAC000DEBF0FBECDBFC156DF4FF881CF59D0405A
:10EAD000FF2309F471C00F940D35A20191010F9429
:10EAE0003C4064567109810991090F94DD392FE684
:10EAF00032E143E85AE30F943C3A6B017C01CB8648
:10EB0000DC86ED86FE86AC019B010F94AC4381113F
:10EB100061C079886A8825E0372D3203C00111244D
:10EB2000860D911D67FC9A95880F991F880F991F74
:10EB3000E1E0F0E0EC0FFD1FE80FF91FC756DF4FD3
:10EB4000F983E883C959D040A70196016BA57CA53C
:10EB50008DA59EA50F94BA40C756DF4FE881F98175
:10EB6000C959D04066A777A780AB91AB662D872D9A
:10EB70000E94387F188A81E00E94FB4A1F5F8989C2
:10EB8000C956DF4FF881C759D0408F0F3BCF83E084
:10EB9000C856DF4F8883C859D040FDCE2FEFC956E5
:10EBA000DF4F2883C759D0403FEFCA56DF4F388325
:10EBB000C659D04084E01FCF2981C856DF4F488115
:10EBC000C859D040BE01695F7F4FCE0103960E94B5
:10EBD00000BB93CF88890E94FE358A898F5F8A8B1C
:10EBE000ECCE0E94477C0E945D24882359F08889DE
:10EBF0000E94FE3580E090E0A0ECBFE78B879C8709
:10EC0000AD87BE878091A50C85FF08C044EB5CE012
:10EC10006BEC7CE08BE392E00E94A8356B857C85F1
:10EC20008D859E859B01AC010F94AC43811110C072
:10EC30008F858823E9F0CE018F960E94AE3C8F85A8
:10EC4000882319F08889882319F081E00E94FE3515
:10EC5000C156DF4F2881CF59D040211102C00F94F7
:10EC60004F040E9402220F94FC0B0F94DF05C7CDC6
:10EC7000BE016D5E7F4FCE0183960E94B92C84E663
:10EC8000FE01BF96A6EBBCE001900D928A95E1F7DC
:10EC90000E94A52C90E080E0D0CFCF93DF93C0916D
:10ECA000640EC093900781E6C89FE0011124CA5901
:10ECB000D14F8091A50C80FF05C00E94B932CE01D2
:10ECC0000F944918CE010E94362380E0DF91CF9146
:10ECD0000C9482578150823108F05AC0E82FF0E03E
:10ECE0008827EA58F9488F4F0D94B14096769A7666
:10ECF00088768E769276C8769D76A376A776AD7660
:10ED0000B176B576BB76BF76C876C376C976CD7652
:10ED1000809180008F77809380000895809180009B
:10ED20008F7DF9CF80918000877FF5CF84B58F7775
:10ED300084BD089584B58F7DFBCF8091B0008F771F
:10ED40008093B00008958091B0008F7DF9CF8091BD
:10ED500090008F77809390000895809190008F7D30
:10ED6000F9CF80919000877FF5CF8091A0008F77B9
:10ED70008093A00008958091A0008F7DF9CF8091AD
:10ED8000A000877FF5CF809120018F7780932001AD
:10ED90000895809120018F7DF9CF80912001877F98
:10EDA000F5CF3FB7F89480918B0790918C07A09195
:10EDB0008D07B0918E0726B5A89B05C02F3F19F08F
:10EDC0000196A11DB11D3FBFBA2FA92F982F8827EB
:10EDD000BC01CD01620F711D811D911D42E0660FC6
:10EDE000771F881F991F4A95D1F70895FC01DB0111
:10EDF0008C9120813181382798E0A901220F331F9F
:10EE000057FD05C09150C9F7318320830895B1E2C1
:10EE10002B27B0E13B27F6CF00C0000082E090E056
:10EE20000197F0F70895CF92DF92EF92FF920F9340
:10EE30001F93CF93DF93FB0101900020E9F73197F7
:10EE4000AF01461B570BE9F14932510514F048E276
:10EE500050E08C0100561F4FEAE5D801EC93FC010D
:10EE6000EF55FF4FA5EAA0833196A3E0A40FA0833E
:10EE70003196A2E8A0833196308331962083319673
:10EE8000DB018D918193CD01861B970B841795072C
:10EE9000C4F36801F12CE12CEA012596CE15DF05BB
:10EEA0005CF0F60181916F010E94572F0E940C7750
:10EEB000FFEFEF1AFF0AF2CF8EE2D8011D928A957A
:10EEC000E9F7DF91CF911F910F91FF90EF90DF90C5
:10EED000CF9008958F929F92AF92BF92CF92DF9280
:10EEE000EF92FF920F931F93CF93DF9300D01F9267
:10EEF000CDB7DEB7FC018381813091F080E00F90C7
:10EF00000F900F900F90DF91CF911F910F91FF9075
:10EF1000EF90DF90CF90BF90AF909F908F9008952B
:10EF2000818181FFEBCF81899289A389B489892B63
:10EF30008A2B8B2B09F460C07F0140E050E0BA01BE
:10EF4000CF010E9453CA8823C9F2F701C18CD28C29
:10EF500085889688A788B08C82E090E0A0E0B0E039
:10EF6000F60180839183A283B3839E012F5F3F4F7D
:10EF7000B501A401C6010E94CCC7882309F4BECF05
:10EF800000E010E09801B501A401C6010E943AC753
:10EF9000882309F4B3CF89809A80AB80BC80F601C6
:10EFA0008789803101F5F8EF8F16FFEF9F06A104E6
:10EFB000B104D8F2F701158A168A178A108E118AC1
:10EFC000128A138A148A818180688183C7010E9412
:10EFD0001ECA882309F492CF40E050E0BA01C7016D
:10EFE0000E9453CA8CCF88EF88168FEF9806A80628
:10EFF0008FE0B806F8F6B9CF81E081CF2F923F922B
:10F000004F925F926F927F928F929F92AF92BF9238
:10F01000CF92DF92EF92FF920F931F93CF93DF93E4
:10F0200000D01F92CDB7DEB7382E7B012DB73EB78B
:10F030003C832B838091CE16811107C01092B316AA
:10F040001092B61681E08093CE168091AB16811196
:10F0500007C0109290161092931681E08093AB1621
:10F06000DA018C918F3209F08DC081E195E1F701D1
:10F07000918380834F5F5F4F31101092E614F70148
:10F080000190F081E02DFA83E9838A0123EBC22EFF
:10F0900026E1D22E3BE1232E01151105E9F14DB6F3
:10F0A0005EB66FE270E0C8010F9408444C01081787
:10F0B000190768F53C01601A710A7724C3010196AB
:10F0C0002DB73EB7281B390B0FB6F8943EBF0FBEC5
:10F0D0002DBF8DB79EB701965C01A301B8010F94B7
:10F0E0002844F501E60DF71D1082C6010E9414CEDA
:10F0F000D7016D917C9121E0A501C6010E943ACF14
:10F10000811146C0C5010E9492F110E000E00FB6E7
:10F11000F8945EBE0FBE4DBE3320A9F0D701ED912D
:10F12000FC918BE1ACE2B5E101900D928A95E1F79B
:10F1300091E08091E614811190E08091F11490FBB0
:10F1400086F98093F114C801EB81FC810FB6F89425
:10F15000FEBF0FBEEDBF0F900F900F900F90DF918D
:10F16000CF911F910F91FF90EF90DF90CF90BF90C4
:10F17000AF909F908F907F906F905F904F903F9057
:10F180002F9008958CE295E1D7018D939C9377CFD2
:10F19000F7018081918129813A812817390711F07F
:10F1A0000E9414CED701CD92DC92332099F0A09129
:10F1B000E614AA3078F481E08A0F8093E6142A9E40
:10F1C000D0011124A95BBA4EF601822D01900D9257
:10F1D0008A95E1F7B3EBCB16B6E1DB0669F490E96B
:10F1E000C92E96E1D92E84010F5F1F4F0FB6F894F8
:10F1F0005EBE0FBE4DBE50CF83EBC82E86E1D82E2B
:10F20000F2CF8F929F92AF92BF92EF92FF921F9395
:10F21000CF93DF93CDB7DEB7A0970FB6F894DEBFDC
:10F220000FBECDBF611571058105910591F120E0FB
:10F230004AE0842E912CA12CB12C11E0120FEE2467
:10F24000E394F12CEC0EFD1EE20EF11C27FDFA9466
:10F25000A50194010F941A40F7016083B901CA0116
:10F26000212F611571058105910539F7115018F1AC
:10F27000E1E0F0E0EC0FFD1FE10FF11D17FDFA9545
:10F28000908187E39A3008F480E3890F0E94F2307E
:10F29000EDCF80E3A0960FB6F894DEBF0FBECDBFD2
:10F2A000DF91CF911F91FF90EF90BF90AF909F9013
:10F2B0008F900C94F230A0960FB6F894DEBF0FBE7C
:10F2C000CDBFDF91CF911F91FF90EF90BF90AF9096
:10F2D0009F908F900895BF92CF92DF92EF92FF920E
:10F2E0000F931F93CF93DF93EB01FC012381223017
:10F2F00008F49DC040855185628573854F715527FF
:10F3000066277727452B462B472B09F090C08C01A9
:10F3100010925E1210925D12C12CDD24DA947E01EF
:10F32000FBE0EF0EF11C8DE0B82E40E250E0BE0194
:10F33000C8010E9467CC8032910581F021E0892BC1
:10F3400009F420E0822F8195DF91CF911F910F91D9
:10F35000FF90EF90DF90CF90BF90089528812223F7
:10F3600009F467C0253E11F02E3229F410925E1286
:10F3700010925D12DACF3B853F733F3009F042C0F7
:10F380004A8D5B8D452B61F52F713FEF320F323087
:10F3900038F58D85213041F1C81229C02150330B39
:10F3A000B29EC001B39E900D1124DC01A35ABD4E44
:10F3B000FE0120E02B30F0F0468157814F3F510590
:10F3C00019F010F04FE550E04D932F5F32962D303D
:10F3D00089F7288126FF04C0FC01E659FD4E108202
:10F3E0002B8523FDA2CFB0CFC82ED12CD7CFDD24C3
:10F3F000D394D4CF253018F044815581DFCF41819B
:10F400005281DCCFD1100EC0FE0120E020FB2795F9
:10F4100027F93191230FEE16FF06C1F7C21601F34B
:10F42000DD24D39410925E1210925D12D9CF8FEF2B
:10F430008BCF80E089CFEF92FF920F931F93CF93F2
:10F44000DF93CDB7DEB7EB970FB6F894DEBF0FBEF4
:10F45000CDBF8C017C012FEFE21AF20A8091471395
:10F46000909148138F3F980731F48091F11484FFF5
:10F4700046C00E94B9CE90934813809347138E15CF
:10F480009F0578F18CE295E10E94B4CE8BE1ECE22D
:10F49000F5E1DE01919601900D928A95E1F710E079
:10F4A000BE016F5F7F4FCE0181960E946B79181667
:10F4B0007CF4CE0101960E94C5C6882389F301130E
:10F4C00021C0BE016F5F7F4F80E592E10E94E2C6DE
:10F4D000CE0181960E94722981E090915012911183
:10F4E00001C080E0EB960FB6F894DEBF0FBECDBF33
:10F4F000DF91CF911F910F91FF90EF90089590E0D1
:10F5000080E0B9CF1F5FCCCF8F929F92AF92BF9216
:10F51000CF92DF92EF92FF92CF93DF9390934F12AF
:10F5200080934E1210928F1282E090E0A0E0B0E043
:10F530008093781290937912A0937A12B0937B12F1
:10F5400010924D121092491210924A1210924B12C0
:10F5500010924C128FEF9FEFDC0180934512909335
:10F560004612A0934712B0934812662309F470C064
:10F5700040E060E070E0CB010E94F8C681110DC050
:10F58000C0E08C2FDF91CF91FF90EF90DF90CF9074
:10F59000BF90AF909F908F900895809103128F77C6
:10F5A00079F780910F1290911012A0911112B091E1
:10F5B000121284369105A105B10510F3C0900B120B
:10F5C000D0900C12E0900D12F0900E12C114D104E4
:10F5D000E104F104A9F240E0C701B6010E94F8C6B7
:10F5E000C82F882369F28091501090915110811595
:10F5F000924031F6A0915510AA2311F26091531058
:10F60000709154106115710509F4BACF2091521010
:10F61000222309F4B5CFA0938A1220937C1290E0A4
:10F6200080E030E0E1E0F0E0D82FAF01082E02C02A
:10F63000440F551F0A94E2F72417350769F041E09B
:10F64000480F01968930910579F74093851298CF3C
:10F65000C12CD12C7601BFCF8093851220915B10F5
:10F6600030915C1050E040E02115310541F42091CB
:10F67000691030916A1040916B1050916C1020937A
:10F680007D1230937E1240937F1250938012460178
:10F690005701860E971EA11CB11C80928B1290926E
:10F6A0008C12A0928D12B0928E12E0915610F091B1
:10F6B0005710F0939112E0939012B0E00F945B40DA
:10F6C000DC01CB01880D991DAA1DBB1D80939212F0
:10F6D00090939312A0939412B093951225E0EE0F9D
:10F6E000FF1F2A95E1F7E150FE4FEF2FFF27E69528
:10F6F0008E0F9F1FA11DB11D8093861290938712BC
:10F70000A0938812B093891280905810909059104D
:10F71000B12CA12C8114910441F48090651090903B
:10F720006610A0906710B0906810C81AD90AEA0A4B
:10F73000FB0AC80CD91CEA1CFB1C04C0F694E79415
:10F74000D794C794DA95D2F7C0928112D0928212E0
:10F75000E0928312F092841285EFC8168FE0D806EB
:10F76000E104F10420F48CE080938F1209CF80E152
:10F7700025EFC2162FEFD206E104F10488F0809144
:10F78000711090917210A0917310B09174108093C9
:10F79000921290939312A0939412B093951280E2D8
:10F7A00080938F12EECECF92DF92EF92FF926B0199
:10F7B0007C01F7FE0BC0F094E094D094C094C11C7F
:10F7C000D11CE11CF11C8DE20E94F230C701B60190
:10F7D000FF90EF90DF90CF900C94017990914410BE
:10F7E000911104C030E020E00C9469310895CF936A
:10F7F000C82F83E092E20E94F9306C2F0C2E000C8F
:10F80000770B880B990B0E94D37B8AE00E94F23021
:10F81000C0935302CC3008F038C0EC2FCC0FFF0B54
:10F820008827EA5EF3488F4F0D94B140227C277CF5
:10F830002D7C2A7C307C337C367C427C397C457C38
:10F840003C7C3F7C86EF91E2CF910D947E1285EE59
:10F8500091E2FACF87ED91E2F7CF83EC91E2F4CF1A
:10F8600080EB91E2F1CF83EA91E2EECF86E991E27B
:10F87000EBCF88E891E2E8CF88E791E2E5CF8BE62D
:10F8800091E2E2CF8BE591E2DFCFCF9108950E9424
:10F89000432E81111BC08091F11482FF0EC087FDA1
:10F8A0000CC080915D12811105C080E592E161E09C
:10F8B0000D944D188DE592E1FACF8091431081307F
:10F8C00041F08EE291E26FEF0D94270D8EE491E20C
:10F8D000FACF82E491E2F7CF0F931F93CF93DF9398
:10F8E000C82F8B018AE50E94572F85EA0E94572F67
:10F8F00087E00E94572F82E80E94572F80E00E94E5
:10F90000572F8C2F0E94572FE80115E0115021F03E
:10F9100089910E94572FFACFDF91CF911F910F91BC
:10F9200008958F929F92AF92BF92CF92DF92EF9203
:10F93000FF920F931F93CF93DF9383E7A82E84E169
:10F94000B82E80914D0290914E02F50191838083F3
:10F9500097E6C92E94E1D92E25E0E22EF601E08249
:10F960000AE614E132E8F32EF801F082CBE6D4E1A6
:10F9700082E592E1A0E0B0E088839983AA83BB830B
:10F9800087E194E10F94FA0980914B0290914C0227
:10F99000F50191838083F601E082F801F08284E52D
:10F9A00092E1A0E0B0E088839983AA83BB8387E1DA
:10F9B00094E10F94FA0944ED842E42E1942E20E064
:10F9C00030E040E251E4F40160A171A182A193A171
:10F9D0000F943C3A0F942D42F50171836083F60138
:10F9E000E082F801F08286E592E1A0E0B0E0888351
:10F9F0009983AA83BB8387E194E10F94FA092CEAE7
:10FA000035EC47E25EE3F40164A175A186A197A1FC
:10FA10000F94B44120E030E040E251E40F943C3ACE
:10FA20000F942D42F50171836083F601E082F801A5
:10FA3000F0828AE592E1A0E0B0E088839983AA830E
:10FA4000BB8387E194E10F94FA092CEA35EC47E295
:10FA50005EE3F40160A571A582A593A50F943C3ADD
:10FA600020E030E040E251E40F943C3A0F942D4204
:10FA7000F50171836083F601E082F801F0828EE582
:10FA800092E1A0E0B0E088839983AA83BB8387E1F9
:10FA900094E10F94FA0958EA852E52E1952E20E060
:10FAA00030E040E251E4F40160A171A182A193A190
:10FAB0000F943C3A0F942D42F50171836083F60157
:10FAC000E082F801F08282E692E1A0E0B0E0888373
:10FAD0009983AA83BB8387E194E10F94FA092CEA06
:10FAE00035EC47E25EE3F40164A175A186A197A11C
:10FAF0000F94B44120E030E040E251E40F943C3AEE
:10FB00000F942D42F50171836083F601E082F801C4
:10FB1000F08286E692E1A0E0B0E088839983AA8330
:10FB2000BB8387E194E10F94FA092CEA35EC47E2B4
:10FB30005EE3F40160A571A582A593A50F943C3AFC
:10FB400020E030E040E251E40F943C3A0F942D4223
:10FB5000F50171836083F601E082F801F0828AE6A4
:10FB600092E1A0E0B0E088839983AA83BB8387E118
:10FB700094E10F94FA0989E694E0DF91CF911F9107
:10FB80000F91FF90EF90DF90CF90BF90AF909F903C
:10FB90008F900D949F0CCF93DF93CDB7DEB78091FC
:10FBA0002C10811118C09E01275F3F4F4F8158854F
:10FBB0006FE370E08CEE9FE00F949D3960E080E28F
:10FBC00091E20E9422318CEE9FE00F9449188CEE56
:10FBD0009FE00F949F0CDF91CF9108959091650E57
:10FBE00021E6929FF0011124EA53F14F808384E0D3
:10FBF000989FF0011124E258F94E40915F0E509108
:10FC0000600E6091610E7091620E40835183628339
:10FC100073839F5F943040F49093650E8091630EE0
:10FC20008F5F8093630E08951092650EF7CFCF9289
:10FC3000DF92EF92FF92E6E7FDE080818183C09042
:10FC4000F80DD090F90DE090FA0DF090FB0D8FEFCC
:10FC5000C81AD80AE80AF80A87E191E20E94F93046
:10FC6000C701B6010E9434238AE00E94F23083E18A
:10FC700091E2FF90EF90DF90CF900C94F930CF920B
:10FC8000DF92EF92FF920F931F93CF938C01C62FB9
:10FC90000E94BD31C090F80DD090F90DE090FA0DA2
:10FCA000F090FB0DC8010E94F930C701B6010E9417
:10FCB00034238AE00E94F2300E94683B0196E1F70B
:10FCC0008C2F0E94177E1092FD0D1092FC0DCF918B
:10FCD0001F910F91FF90EF90DF90CF9008954F927A
:10FCE0005F926F927F928F929F92AF92BF92CF92CC
:10FCF000DF92EF92FF920F931F93CF93DF93CBE3AB
:10FD0000D2E04C845D846E847F840AE61DE0F801B5
:10FD100024813581468157816C817D818E819F81CF
:10FD20000F94BA404B015C01F80120853185428572
:10FD30005385688579858A859B850F94BA406B01C8
:10FD40007C01F80120813181428153816881798170
:10FD50008A819B810F94BA40AB01BC0180E191E2A2
:10FD60000E941F33B501A4018CE091E20E941F3371
:10FD7000B701A60188E091E20E941F33B301A201FE
:10FD800084E091E2DF91CF911F910F91FF90EF906E
:10FD9000DF90CF90BF90AF909F908F907F906F90AB
:10FDA0005F904F900C941F33CF93C82F41E00E9477
:10FDB000ED328C2FCF910C94BD329091660D981737
:10FDC00079F08093660D882339F08091640D8093DB
:10FDD000650D1092640D08958091650D8093640DFA
:10FDE000089585E596E10E941ECA85E596E10E9488
:10FDF00014CE8091F1148D7F8E7F8093F114109238
:10FE0000ED141092EE141092EF141092F01481E0A1
:10FE10008093E5140895CF93DF936DEC70E20E9418
:10FE2000D47ECBE1DDE04C895D896E897F8985ECEC
:10FE300090E20E941F33488D598D6A8D7B8D82EC34
:10FE400090E20E941F334C8D5D8D6E8D7F8D8FEB08
:10FE500090E20E941F3348A159A16AA17BA18CEBBB
:10FE600090E20E941F338AE0DF91CF910C94F23030
:10FE70006F927F928F929F92AF92BF92CF92DF92BA
:10FE8000EF92FF920F931F93CF93DF93C82EE62E2E
:10FE900080911A0D833009F043C00F9471098823B3
:10FEA00009F43EC06091B0127091B112072E000C9F
:10FEB000880B990B0F94DD3920E030E040E85FE3D8
:10FEC0000F94B9402091AC123091AD124091AE1216
:10FED0005091AF120F94D639181614F181E09AE5BB
:10FEE000909374148093731480E490E0909376144C
:10FEF0008093751487E08093671482E880936A1476
:10FF000084E890E0A0E0B0E080936B1490936C14D0
:10FF1000A0936D14B0936E1487E194E10F94FA09E5
:10FF200010E000E0D0E024E0B22E0C2C000CDD0844
:10FF30000E2C000CFF0835E0A32E45E0942E52E86D
:10FF4000852EC0E0802F8170782E6D2E6C0E8B2D4B
:10FF50008C1B711001C08C2F8C151D04D1F50E1552
:10FF60001F05B9F5AC9CF001AD9CF00D1124E00F1C
:10FF7000F11FEE0FFF1FEE0FFF1FEA54F34F20E0BB
:10FF800030E04AE754E460817181828193810F946B
:10FF90003C3A0F94264270937414609373149092B9
:10FFA000671480926A14462D50E04058574F440F12
:10FFB000551F052E000C660B770B40936B14509366
:10FFC0006C1460936D1470936E1487E194E10F9438
:10FFD000FA09CF5FC53009F0B8CFDB5F0F5F1F4F65
:10FFE000D93109F0AECFDF91CF911F910F91FF90E2
:10FFF000EF90DF90CF90BF90AF909F908F907F90C9
:020000021000EC
:100000006F9008954F925F926F927F928F929F921E
:10001000AF92BF92CF92DF92EF92FF92CF93DF9396
:1000200000D000D01F921F92CDB7DEB75C01DB017C
:10003000CD90DD90ED90FC90E0910C13F0910D13BC
:10004000FE83ED8384819581A681B78189839A831C
:10005000AB83BC839C01AD01C701B6010F94B940CD
:100060002B013C01F50180809180A280B380AD819D
:10007000BE818D919D910D90BC91A02D8D839E830D
:10008000AF83B88729E630E040E251ECC301B2010A
:100090000F941A4387FDD4C023E030E04BE953E4CA
:1000A000C301B2010F94D63918160CF4C9C02D81C2
:1000B0003E814F815885C501B4010F94B9402B0191
:1000C0003C0129E630E040E751EC0F941A4387FDEC
:1000D000B7C023E030E84DE953E4C301B2010F9407
:1000E000D63918160CF4ACC020E030E040E751E4FB
:1000F0006D817E818F8198850F94B9402B013C01E1
:1001000020E030E040E450E40F94D63987FF05C08A
:10011000412C512C30E4632E762C27E137EB41ED56
:1001200058E3C301B2010F94B9409B01AC01C50172
:10013000B4010F941A4387FD83C020E030E84DE9F5
:1001400053E46D817E818F8198850F94BA402B0195
:100150003C0120E030E844E953E40F941A431816B8
:100160003CF4412C20E8522E24E9622E23E4722E26
:1001700027E137EB41ED58E3C301B2010F94BA40D8
:100180009B01AC01C501B4010F94D63918160CF4CB
:1001900057C020E030E040E251E469817A818B81F0
:1001A0009C810F94B9404B015C0120E030E040E5B8
:1001B00051E40F94D63987FF06C0812C912C90E52D
:1001C000A92E91E4B92E27E137EB41ED58E3C501A3
:1001D000B4010F94B9409B01AC01C701B6010F9463
:1001E0001A4387FD2DC020E030E04BE953E46981DC
:1001F0007A818B819C810F94BA404B015C0120E095
:1002000030E84FE853E40F941A4318163CF4812C5D
:1002100080E8982E8FE8A82E83E4B82E27E137EBEC
:1002200041ED58E3C501B4010F94BA409B01AC0104
:10023000B1E0B983C701B6010F94D63918160CF492
:100240001982898128960FB6F894DEBF0FBECDBF04
:10025000DF91CF91FF90EF90DF90CF90BF90AF9064
:100260009F908F907F906F905F904F9008958F92A6
:100270009F92AF92BF92CF92DF92EF92FF92CF9375
:10028000FC01C080D180E280F38020E030E040E2D9
:1002900051E4C701B6010F943C3A20E030E04AE750
:1002A00054E40F943C3A4B015C0120E030E0A9019A
:1002B000C701B6010F94D63920E030E040EA50E49F
:1002C00087FF04C020E030E040EA50ECC501B401F3
:1002D0000F94BA4020E030E040E251E40F94B44182
:1002E0000F9426426B017C0180E2C114D104E10429
:1002F000F10461F08BE2F7FE09C0F094E094D09431
:10030000C094C11CD11CE11CF11C8DE280937716B6
:10031000C701B60128EE33E040E050E00F943C40C6
:100320008AE0882E912CA12CB12CCA01B901A5011B
:1003300094010F943C40605D609378168EE2809348
:100340007916C701B60124E630E040E050E00F9492
:100350003C40CA01B901A50194010F943C40605D85
:1003600060937A16C701B601A50194010F943C4031
:10037000C62FCA01B901A50194010F943C40605DEC
:1003800060937B16C05DC0937C1687E796E1CF91A2
:10039000FF90EF90DF90CF90BF90AF909F908F90A5
:1003A0000895CF93DF9300D01F92CDB7DEB721E041
:1003B000FC0123A784819581A681B781B0588983E8
:1003C0009A83AB83BC83BE016F5F7F4F86EA9CE05C
:1003D0000E9466240F900F900F900F90DF91CF91A5
:1003E0000895CF92DF92EF92FF921F93CF93DF9306
:1003F000EC0120919F0C3091A00C4091A10C5091E8
:10040000A20C688179818A819B810F94D6398823D7
:1004100009F45DC010919E0C80E00E94FE35C880FA
:10042000D980EA80FB8020E030E0A901C701B60155
:100430000F941A4318161CF0C12CD12C7601C092CF
:100440009F0CD092A00CE092A10CF092A20C2DEB8C
:1004500037E346E855EBC701B6010F941A4387FD11
:100460000AC02DEB37E346E855E3C701B6010F9408
:10047000D639181644F5A701960160E070E080E8CF
:100480009FE30F94B44160939A0C70939B0C8093FC
:100490009C0C90939D0C80EF9FEFA9E7B4EC8093A8
:1004A000960C9093970CA093980CB093990C1123F1
:1004B00071F081E0DF91CF911F91FF90EF90DF907D
:1004C000CF900C94FE3560E070E0CB01DCCFDF9183
:1004D000CF911F91FF90EF90DF90CF9008954F92B2
:1004E0005F926F927F928F929F92AF92BF92CF92C4
:1004F000DF92EF920F931F93CF93DF9300D01F9261
:10050000CDB7DEB74C015B016A01122F002309F45D
:1005100049C06E2D84E00E94F77B0E94B93284E4CA
:100520009FE10E94F93061E0812F0E94AE29009185
:10053000C90B83E08093C90B81E08093C80B86E3ED
:100540009FE10F947E120E943A3182E08093441022
:1005500060E080EF9EE10E94223188EF9EE10E94E0
:10056000F93080E20E94F23086E29FE10E94F93089
:1005700080E30E94F2308AE00E94F2308DE19FE138
:100580000E9446310E945D318091C80B882341F062
:1005900060E0812F0E94AE2981E00E94FB4AF4CFE7
:1005A0000093C90B6E2D85E00E94F77B20E030E0C0
:1005B000A901F40160817181828193810F94D63900
:1005C000882371F080E090E0A0ECB0E489839A8306
:1005D000AB83BC83BE016F5F7F4FC4010F941505D1
:1005E00020E030E0A901F501608171818281938171
:1005F0000F94D639882351F14090530D5090540DEB
:100600006090550D7090560D80E090E0A0E7B1E449
:100610008093530D9093540DA093550DB093560DA8
:1006200080E090E0A0EAB1E489839A83AB83BC8345
:10063000BE016F5F7F4FC5010F9415054092530DAA
:100640005092540D6092550D7092560D812C912C44
:1006500080E4A82EBA2C03E020E030E0A901F601E6
:1006600060817181828193810F941A43181674F40A
:1006700060E086E00E94F77B89829A82AB82BC822E
:10068000BE016F5F7F4FC6010F9415058091C60BA9
:100690002DE13FE1882311F02EEF3EE14CE05FE1D8
:1006A00066E17FE181E00E9469311091C90B0093FE
:1006B000C90B1092C80B60E087E00E94F77B809125
:1006C000C70B811104C081E00E94FB4AF8CF109350
:1006D000C90B813009F4C0CF0E943A3181E00F90FC
:1006E0000F900F900F90DF91CF911F910F91EF908E
:1006F000DF90CF90BF90AF909F908F907F906F9042
:100700005F904F9008958F929F92AF92BF92CF9239
:10071000DF92EF92FF920F931F93CF93DF93B0E49A
:10072000A0E06A2F70E0AB014B0F511D5595479526
:10073000411119C0E0E9F7E165917491072E000CB1
:10074000880B990B0F94DD39DF91CF911F910F9199
:10075000FF90EF90DF90CF90BF90AF909F908F90E1
:100760000895B42FE0CF4A1711F0B41303C0ECE89A
:10077000F8E1E2CF9A0121503109220F331F220FF5
:10078000331FF901E257F84EE590F490F901EE5667
:10079000F84EC591D4918E159F0518F3A42FC81754
:1007A000D90708F4BECFF901E057F84E059114912E
:1007B000F901EC56F84EC590D4908E199F09BC01F2
:1007C00090E080E00F94DB394B015C01B601601BC7
:1007D000710B072E000C880B990B0F94DD399B01D0
:1007E000AC01C501B4010F943C3A4B015C01CE1938
:1007F000DF09BE0190E080E00F94DB399B01AC0182
:10080000C501B4010F94B4416B017C01B801110F13
:10081000880B990B0F94DD399B01AC01C701B60120
:100820000F94BA4091CFCF93DF93809111139091A1
:100830001213891B8095877019F40E94FB4AF5CF2B
:10084000809111138F5F8770A091111394E7A99F76
:10085000D0011124FD01EA5DF74FEF0119929A953D
:10086000E9F7908198609083A55CB74F90E1E3E24F
:10087000F3E101900D929A95E1F720911113909177
:100880001213291303C094E690930E13809311134F
:10089000DF91CF910C94262DCF93DF93CDB7DEB7A8
:1008A00060970FB6F894DEBF0FBECDBF80E1EBE3DB
:1008B000F2E0DE01119601900D928A95E1F7CE01EA
:1008C00001960E948FFBCE0101960E9462FF609606
:1008D0000FB6F894DEBF0FBECDBFDF91CF91089564
:1008E0002F923F924F925F926F927F928F929F9240
:1008F000AF92BF92CF92DF92EF92FF920F931F932E
:10090000CF93DF93CDB7DEB7CE58D1090FB6F894A9
:10091000DEBF0FBECDBF8C017B01E2965FAF4EAF55
:10092000E297DC012D913D914D915C91AC962CAFFD
:100930003DAF4EAF5FAFAC9720912F0D3091300D92
:100940004091310D5091320DAC966CAD7DAD8EADB8
:100950009FADAC970F943C3A0F942743CE57DF4F8F
:10096000688379838A839B83C258D040D8011496C8
:100970002D913D914D915C911797E0962CAF3DAF35
:100980004EAF5FAFE0972091330D3091340D409121
:10099000350D5091360DE0966CAD7DAD8EAD9FADB1
:1009A000E0970F943C3A0F942743CA57DF4F688370
:1009B00079838A839B83C658D040D80118962D919D
:1009C0003D914D915C911B97E6962CAF3DAF4EAF9C
:1009D0005FAFE6972091370D3091380D4091390D7A
:1009E00050913A0DE6966CAD7DAD8EAD9FADE6971C
:1009F0000F943C3A0F942743C657DF4F688379839F
:100A00008A839B83CA58D040D8011C962D913D9172
:100A10004D915C911F9765962CAF3DAF4EAF5FAF88
:100A2000659720913B0D30913C0D40913D0D5091CB
:100A30003E0D65966CAD7DAD8EAD9FAD65970F9407
:100A40003C3A0F942743A8966CAF7DAF8EAF9FAF13
:100A5000A89780E1F801DE01919601900D928A95A8
:100A6000E1F78091A50C83FF1CC0A8962CAD3DAD8D
:100A70004EAD5FADA89720932F1330933013409362
:100A800031135093321365968CAD9DADAEADBFADB5
:100A9000659780931F1390932013A0932113B09315
:100AA0002213D7013C9011962C9011971296BC916D
:100AB0006A96BFAF6A97F701F3816B96FFAF6B97AA
:100AC0008091111390911213891B8095877019F4EE
:100AD0000E94FB4AF5CF20911113C257DF4F2883A4
:100AE000CE58D040009111138091A9079091AA0788
:100AF000892B11F00C94A3948091231390912413CB
:100B0000A0912513B0912613CE57DF4F488059800E
:100B10006A807B80C258D040481A590A6A0A7B0A08
:100B20008091271390912813A0912913B0912A1333
:100B3000CA57DF4FC880D980EA80FB80C658D040B2
:100B4000C81AD90AEA0AFB0A80912B1390912C1338
:100B5000A0912D13B0912E13C657DF4F28813981F4
:100B60004A815B81CA58D040281B390B4A0B5B0B6A
:100B70002BAB3CAB4DAB5EAB80912F139091301300
:100B8000A0913113B0913213A8962CAD3DAD4EAD6E
:100B90005FADA897281B390B4A0B5B0B23962CAF34
:100BA0003DAF4EAF5FAF2397232B242B252B09F4AA
:100BB00087C00E94D6FA882341F1A8968CAD9DADDE
:100BC000AEADBFADA89780932F1390933013A09331
:100BD0003113B093321365962CAD3DAD4EAD5FAD84
:100BE000659720931F133093201340932113509344
:100BF00022130E94B9328DEE99E10E94F9302396BA
:100C00001CAE1DAE1EAE1FAE239723966CAD7DAD00
:100C10008EAD9FAD23970F94DD3920912B0230913B
:100C20002C0240912D0250912E020F943C3A4B0120
:100C30005C0120E030E0A9010F941A4387FF04C053
:100C4000B7FAB094B7F8B09420E030E84BE354E43E
:100C500060913B0D70913C0D80913D0D90913E0D4A
:100C60000F943C3AA50194010F94D63987FF28C010
:100C7000A8968CAD9DADAEADBFADA89780932F1358
:100C800090933013A0933113B093321365962CAD2B
:100C90003DAD4EAD5FAD659720931F13309320138C
:100CA00040932113509322130E94B9328EEC99E1A4
:100CB0000E94F93023961CAE1DAE1EAE1FAE2397C8
:100CC000D301C2018827B7FD83959927AA27BB279F
:100CD000182FF7FC12608BA99CA9ADA9BEA9B7FD7E
:100CE000146023962CAD3DAD4EAD5FAD239757FDFF
:100CF000186023966CAD7DAD8EAD9FAD23970F949C
:100D0000DD3920912B0230912C0240912D0250911F
:100D10002E020F943C3A61966CAF7DAF8EAF9FAFC1
:100D2000619720E030E0A9010F941A4387FFB4C413
:100D300061966CAD7DAD8EAD9FAD61979058402FA3
:100D400050E029965FAF4EAF299754E7059F900179
:100D50001124D901AA5DB74FBCAFABAF20E030E0A2
:100D600040E05FE30F94BA400F942D422D966CAF94
:100D70007DAF8EAF9FAF2D97EBADFCAD1082EB5BDF
:100D8000FF4F10832BA93CA94DA95EA9A0962CAFBB
:100D90003DAF4EAF5FAFA09757FF0DC05095409548
:100DA000309521953F4F4F4F5F4FA0962CAF3DAFF1
:100DB0004EAF5FAFA097CFAAD8AEE9AEFAAEF7FEBE
:100DC0000BC088279927DC018C199D09AE09BF0942
:100DD0008FAB98AFA9AFBAAF27964CAE5DAE6EAEF3
:100DE0007FAE279777FE0DC022273327A90124194C
:100DF00035094609570927962CAF3DAF4EAF5FAF77
:100E0000279727968CAD9DADAEADBFAD2797EBADC7
:100E1000FCAD858B968BA78BB08F2FA938AD49ADD4
:100E20005AAD218F328F438F548FA0962CAD3DAD9C
:100E30004EAD5FADA097258F368F478F50A3C3016E
:100E4000B2010F94DD3920912D1030912E10409178
:100E50002F10509130100F943C3AA4966CAF7DAF98
:100E60008EAF9FAFA497698B7A8B8B8B9C8BC701BE
:100E7000B6010F94DD39209131103091321040913C
:100E80003310509134100F943C3A4B015C018D8A21
:100E90009E8AAF8AB88E6BA97CA98DA99EA90F9452
:100EA000DD39209135103091361040913710509136
:100EB00038100F943C3A6B017C01C98EDA8EEB8EB0
:100EC000FC8E2091391030913A1040913B10509196
:100ED0003C1061966CAD7DAD8EAD9FAD61970F946A
:100EE0003C3A69966CAF7DAF8EAF9FAF69976D8FBF
:100EF0007E8F8F8F98A327962CAD3DAD4EAD5FAD05
:100F0000279726303105410551050CF0D3C38FA931
:100F100098ADA9ADBAAD0697A105B1050CF0CAC34D
:100F2000A0962CAD3DAD4EAD5FADA09726303105FE
:100F3000410551050CF0BEC320E030E0A9016996DF
:100F40006CAD7DAD8EAD9FAD69970F941A4387FF51
:100F5000AAC369968CAD9DADAEADBFAD6997B058D3
:100F600024E729964EAD5FAD2997249FF001259F78
:100F7000F00D1124EA5DF74F85879687A787B08B20
:100F800084E729962EAD3FAD2997829FF001839F7C
:100F9000F00D1124EA5DF74F2D968CAD9DADAEADF1
:100FA000BFAD2D9781A392A3A3A3B4A3A0968CADAC
:100FB0009DADAEADBFADA0972FA938AD49AD5AAD2F
:100FC00082179307A407B50710F4DA01C901279621
:100FD0002CAD3DAD4EAD5FAD279782179307A407AB
:100FE000B50710F4DA01C9012D962CAD3DAD4EAD1B
:100FF0005FAD2D9782179307A407B50710F4DA01A8
:10100000C90124E729964EAD5FAD2997249FF001D1
:10101000259FF00D1124EA5DF74F85A396A3A7A3A2
:10102000B0A70697A105B10510F40C948694E15A77
:10103000FF4F8091640D808345284628472819F08A
:1010400080E00E9404E384E72996AEADBFAD299706
:101050008A9FF0018B9FF00D1124EA5DF74F818D7F
:10106000928DA38DB48D892B8A2B8B2B19F081E067
:101070000E9404E384E729962EAD3FAD2997829F15
:10108000F001839FF00D1124EA5DF74F858D968D59
:10109000A78DB0A1892B8A2B8B2B19F082E00E949F
:1010A00004E32D968CAD9DADAEADBFAD2D97892BD4
:1010B0008A2B8B2B11F40C94A594809174168823A1
:1010C00019F08150809374160E94C6E280E18093EB
:1010D0007416E0905B0DF0905C0D00915D0D109129
:1010E0005E0D9701A801632D722D6A968FAD6A97E8
:1010F0006B969FAD6B970F94D63987FD08C0E32C94
:10110000F22C6A960FAD6A976B961FAD6B9784E7CA
:101110002996AEADBFAD29978A9FF0018B9FF00D48
:101120001124EA5DF74F85849684A784B088A501D1
:10113000940160E070E080E89FE30F94B441A496CE
:101140006CAF7DAF8EAF9FAFA4979701A8010F94AE
:101150003C3A6B017C018091111390910F13891B14
:1011600087706A968FAF6A97A701960160E074E274
:1011700084E799E40F94B4410F9427432B013C0179
:101180006A968FAD6A9782508230A0F560912B0DE0
:1011900070912C0D80912D0D90912E0D6419750973
:1011A0008609970916161706180619061CF5660F04
:1011B000771F881F991F6A96BFAD6A972B2F30E063
:1011C00050E040E00F943C40CA01B9010F94DD3972
:1011D0000F942642640D751D861D971D0F94DD39F1
:1011E0009B01AC0160E074E284E799E40F94B441A0
:1011F0006B017C01A7019601C501B4010F943C3A33
:10120000EA966CAF7DAF8EAF9FAFEA9784E72996E1
:10121000EEADFFAD29978E9F80018F9F100D112499
:101220000A5D174FEA962CAD3DAD4EAD5FADEA9726
:10123000D80111962D933D934D935C9314979596F9
:101240002D913D914D915C91989727962CAF3DAF94
:101250004EAF5FAF2797CA01B9010F94DB39619692
:101260006CAF7DAF8EAF9FAF61979B01AC01C701A3
:10127000B6010F943C3A0F9498410F942D42EE968C
:101280006CAF7DAF8EAF9FAFEE97F801E15BFF4F84
:101290006083718382839383FE0171966C96FFAFA6
:1012A000EEAF6C979E012F5F3F4F6E963FAF2EAF14
:1012B0006E974FE35DE0C258DF4F59834883CE57A6
:1012C000D040CE014D969AAB89ABC058DF4F3983E1
:1012D0002883C058D040212C312C90E89BABAFE341
:1012E000AFAB6C96EEADFFAD6C9721913191419112
:1012F00051916C96FFAFEEAF6C97C701B6010F949A
:101300003C3A4B015C01C058DF4FA881B981C058FD
:10131000D0408D929D92AD92BD92C058DF4FB9835F
:10132000A883C058D04020E030E0A9010F941A43B0
:1013300087FF04C0B7FAB094B7F8B094C258DF4F33
:10134000E881F981CE57D0404190519061907190E1
:10135000C258DF4FF983E883CE57D040A5019401EE
:10136000C301B2010F94D63987FF12C0A5019401C1
:10137000C301B2010F94B4415B018C0191014BA9EF
:101380005FA90F94D63987FF03C015010BAB1FABC4
:1013900029A93AA96C964EAD5FAD6C972417350715
:1013A00009F09FCFA701960169966CAD7DAD8EAD1A
:1013B0009FAD69970F943C3A6B017C01CD86DE8628
:1013C000EF86F88A20E030E0A9010F941A43460125
:1013D000570187FF04C0B7FAB094B7F8B0944090B3
:1013E0004B0D50904C0D60904D0D70904E0DA50121
:1013F0009401C301B2010F94D63987FF12C0A50131
:101400009401C301B2010F94B4415B018C019101BD
:101410004BA95FA90F94D63987FF03C015010BAB09
:101420001FAB20E030E040E85FE3B1018BA99FA94A
:101430000F94D63987FF68C091014BA95FA96981D4
:101440007A818B819C810F943C3A69837A838B8368
:101450009C8391014BA95FA96D817E818F819885C5
:101460000F943C3A6D837E838F83988791014BA9BB
:101470005FA969857A858B859C850F943C3A69873D
:101480007A878B879C8791014BA95FA9C701B60119
:101490000F943C3A6D877E878F87988B84E72996D7
:1014A000AEADBFAD29978A9F80018B9F100D11248F
:1014B0000A5D174F7801BFE4EB0EF11CEE966CADA0
:1014C0007DAD8EAD9FADEE970F94DB3991014BA9A9
:1014D0005FA90F943C3A0F942D42F701608371830A
:1014E0008283938391014BA95FA9EA966CAD7DAD90
:1014F0008EAD9FADEA970F943C3AD80111966D934B
:101500007D938D939C93149761962CAD3DAD4EAD1C
:101510005FAD6197A4966CAD7DAD8EAD9FADA49788
:101520000F943C3A6FAB78AF89AF9AAF84E72996B6
:101530002EAD3FAD2997829FF001839FF00D1124BE
:10154000EA5DF74F85899689A789B08D8BAB9CABF7
:10155000ADABBEAB892B8A2B8B2B09F00FC1818DD4
:10156000928DA38DB48D892B8A2B8B2B09F006C10C
:10157000858D968DA78DB0A1892B8A2B8B2B09F099
:10158000FDC02091530D3091540D4091550D509157
:10159000560D6FA978AD89AD9AAD0F943C3A0F9472
:1015A00098410F942D422B013C01312C84E7299660
:1015B0004EAD5FAD2997849F8001859F100D11244A
:1015C0000A5D174FF801E55AFF4F4082518262824F
:1015D0007382C301B2010F94DB394B015C012FA967
:1015E00038AD49AD5AAD0F94B441A4966CAF7DAF00
:1015F0008EAF9FAFA497D80151966D937D938D9335
:101600009C9354976801B6E4CB0ED11CF60110826E
:101610001182128213827801FAE4EF0EF11CD701D5
:101620001C92332009F49AC32091A5073091A60794
:101630004091A7075091A807C501B4010F943C3A07
:101640000F942D42F6016083718382839383F801A6
:1016500081A192A1A3A1B4A1880F991FAA1FBB1FAA
:1016600027964CAD5DAD6EAD7FAD279722E07695A8
:101670006795579547952A95D1F7F7014817590768
:101680006A077B0708F46AC320812F5F2083880FD5
:10169000991FAA1FBB1FF2CF61966CAD7DAD8EADB9
:1016A0009FAD61974CCB69968CAD9DADAEADBFAD96
:1016B000699756CCE296AEADBFADE2978D919D9104
:1016C0000D90BC91A02D8BAB9CABADABBEAB20E025
:1016D00030E0A901BC01CD010F94D639882389F0EF
:1016E00084E729962EAD3FAD2997829FF001839F15
:1016F000F00D1124EA5DF74F8BA99CA9ADA9BEA9F5
:101700003BCCA4962CAD3DAD4EAD5FADA497CA01C8
:10171000B9010F943C3A6BAB7CAB8DAB9EABA50192
:101720009401C501B4010F943C3A9B01AC016BA933
:101730007CA98DA99EA90F94BA404B015C01A70119
:101740009601C701B6010F943C3A9B01AC01C5015B
:10175000B4010F94BA400F94684324E72996AEADC4
:10176000BFAD29972A9FF0012B9FF00D1124EA5D50
:10177000F74F658776878787908B02CC2D962CADA7
:101780003DAD4EAD5FAD2D97232B242B252B09F4BA
:10179000D0C120914F0D3091500D4091510D50917D
:1017A000520D6FA978AD89AD9AAD0F943C3A0F9464
:1017B00098410F942D422B013C012D968CAD9DAD8F
:1017C000AEADBFAD2D97892B8A2B8B2B09F4BAC1F7
:1017D0002091A5073091A6074091A7075091A8072F
:1017E0002D962CAF3DAF4EAF5FAF2D9720E030E090
:1017F000A9012D966CAD7DAD8EAD9FAD2D970F944B
:10180000D639882309F49EC123968CAD9DADAEAD2B
:10181000BFAD2397181619061A061B060CF092C1C5
:1018200020911313309114134091151350911613F6
:10183000AC966CAD7DAD8EAD9FADAC970F94B940BD
:1018400023966CAF7DAF8EAF9FAF23972091171378
:10185000309118134091191350911A13E0966CAD02
:101860007DAD8EAD9FADE0970F94B9404B015C010B
:1018700020911B1330911C1340911D1350911E1386
:10188000E6966CAD7DAD8EAD9FADE6970F94B940F9
:101890006B017C0123962CAD3DAD4EAD5FAD239722
:1018A000CA01B9010F943C3A23966CAF7DAF8EAF5D
:1018B0009FAF2397A5019401C501B4010F943C3A51
:1018C0009B01AC0123966CAD7DAD8EAD9FAD239792
:1018D0000F94BA404B015C01A7019601C701B60104
:1018E0000F943C3A9B01AC01C501B4010F94BA407E
:1018F0000F9468436B017C0120911F1330912013DA
:10190000409121135091221365966CAD7DAD8EAD43
:101910009FAD65970F94B940A70196010F94B4410C
:101920006B017C0120E030E040E450E40F941A4366
:1019300018160CF407C1A70196012D966CAD7DAD6C
:101940008EAD9FAD2D970F943C3A9B01AC016091F9
:10195000BB077091BC078091BD079091BE070F94A3
:10196000B4412FA938AD49AD5AAD0F943C3A0F940C
:101970002D42641575058605970510F42B013C0171
:10198000332433948091A1079091A207A091A307DB
:10199000B091A407EBADFCADC18CD28CE38CF48C80
:1019A000258D368D478D50A123962CAF3DAF4EAF80
:1019B0005FAF239721A132A143A154A12D962CAF53
:1019C0003DAF4EAF5FAF2D9727962CAD3DAD4EADE1
:1019D0005FAD279782179307A407B50708F4B4C033
:1019E0008BA99CA9ADA9BEA9892B8A2B8B2BE1F0D1
:1019F000609191077091920780919307909194075D
:101A0000641575058605970578F40F940A402BA98F
:101A10003CA94DA95EA90F941A4024153505460529
:101A2000570510F429013A01C114D104E104F1046D
:101A300001F16091950770919607809197079091B9
:101A40009807641575058605970598F427962CADBB
:101A50003DAD4EAD5FAD27970F940A40A7019601AB
:101A60000F941A40241535054605570510F4290131
:101A70003A0123962CAD3DAD4EAD5FAD2397232BA0
:101A8000242B252B21F16091990770919A07809161
:101A90009B0790919C076415750586059705B8F41A
:101AA00027962CAD3DAD4EAD5FAD27970F940A4004
:101AB00023962CAD3DAD4EAD5FAD23970F941A40EC
:101AC000241535054605570510F429013A012D96D0
:101AD0008CAD9DADAEADBFAD2D97892B8A2B8B2BD9
:101AE00009F464CD60919D0770919E0780919F07D6
:101AF0009091A007641575058605970508F056CDE9
:101B000027962CAD3DAD4EAD5FAD27970F940A40A3
:101B10002D962CAD3DAD4EAD5FAD2D970F941A4077
:101B2000241535054605570508F040CD29013A0131
:101B30003DCD2091570D3091580D4091590D509148
:101B40005A0D2FCE312C1ECF2BA93CA94DA95EA931
:101B5000232B242B252BC9F16091910770919207BB
:101B600080919307909194076415750586059705F4
:101B700060F50F94DB3961962CAD3DAD4EAD5FAD98
:101B800061970F943C3A4B015C016BA97CA98DA92C
:101B90009EA90F94DB399B01AC01C501B4010F94E0
:101BA000B4414B015C01C301B2010F94DB399B01CD
:101BB000AC01C501B4010F94D63987FF06C0C50139
:101BC000B4010F942D422B013C01C114D104E10456
:101BD000F104B9F16091950770919607809197078C
:101BE00090919807641575058605970550F50F9433
:101BF000DB3961962CAD3DAD4EAD5FAD61970F9475
:101C00003C3A4B015C01C701B6010F94DB399B01E3
:101C1000AC01C501B4010F94B4416B017C01C30157
:101C2000B2010F94DB399B01AC01C701B6010F94DF
:101C3000D63987FF06C0C701B6010F942D422B018C
:101C40003C0123968CAD9DADAEADBFAD2397892BE6
:101C50008A2B8B2BD9F16091990770919A0780910B
:101C60009B0790919C07641575058605970570F58F
:101C70000F94DB3961962CAD3DAD4EAD5FAD6197F4
:101C80000F943C3A6B017C0123966CAD7DAD8EAD1B
:101C90009FAD23970F94DB399B01AC01C701B601BF
:101CA0000F94B4416B017C01C301B2010F94DB3985
:101CB0009B01AC01C701B6010F94D63987FF06C05E
:101CC000C701B6010F942D422B013C012D962CAD7E
:101CD0003DAD4EAD5FAD2D97232B242B252B09F465
:101CE00065CC60919D0770919E0780919F079091B0
:101CF000A007641575058605970508F057CC0F9465
:101D0000DB3961962CAD3DAD4EAD5FAD61970F9463
:101D10003C3A6B017C012D966CAD7DAD8EAD9FADD7
:101D20002D970F94DB399B01AC01C701B6010F94CD
:101D3000B4416B017C01C301B2010F94DB399B01FB
:101D4000AC01C701B6010F94D63987FF2FCCC7016C
:101D5000B6010F942D422B013C0128CC84E7299633
:101D60002EAD3FAD2997829FF001839FF00D112486
:101D7000EA5DF74F31812A963FAF2A9742812E962E
:101D80004FAF2E97538162965FAF629784816696BC
:101D90008FAF6697AFEAB7E0AE96BFAFAEAFAE9784
:101DA0006E964EAC5FAC6E97B0E14B0E511C6FEA75
:101DB000262E67E0362E6E966EAC7FAC6E973BABF0
:101DC0004FAB5FAF24968FAF249710E0F301C19023
:101DD000D190E190F1903F0120E030E0A901C701EE
:101DE000B6010F941A4387FF04C0F7FAF094F7F88E
:101DF000F094D1016D917D918D919D911D0120E017
:101E000030E0A9010F94BA404B015C01A701960193
:101E10000F94D63987FF33C0112309F409C3A501F4
:101E200094012A966FAD2A972E967FAD2E976296D3
:101E30008FAD629766969FAD66970F943C3A4B01C3
:101E40005C012BA93FA94FAD24965FAD2497C70134
:101E5000B6010F943C3A9B01AC01C501B4010F944B
:101E6000D63987FF0CC0A7019601C501B4010F94B4
:101E7000B4416BAB7FAB8FAF24969FAF24974614D2
:101E8000570409F0A3CF6A96BFAD6A97BB2309F444
:101E900023C32090D6163090D7160091D8161091F3
:101EA000D9162DEB37E346E855E3B101C8010F948D
:101EB000D63987FD11C39101A8012A966FAD2A97E3
:101EC0002E967FAD2E9762968FAD629766969FADE8
:101ED00066970F94D63987FFC3C29101A8012A964D
:101EE0006FAD2A972E967FAD2E9762968FAD629733
:101EF00066969FAD66970F94B441AC966CAF7DAF7C
:101F00008EAF9FAFAC972A962FAC2A972E963FACF8
:101F10002E9762960FAD629766961FAD66974AED53
:101F200056E16C965FAF4EAF6C97412C512C20E878
:101F3000622E2FE3722E6A961FAE6A976C96AEAD34
:101F4000BFAD6C976D917D918D919D916C96BFAF5A
:101F5000AEAF6C97AC962CAD3DAD4EAD5FADAC97D2
:101F60000F943C3A4B015C016E96EEADFFAD6E975F
:101F7000C190D190E190F1906E96FFAFEEAF6E9769
:101F80006A96FFAD6A97FF2371F0A30192010F9447
:101F90003C3A4B015C01A3019201C701B6010F94C9
:101FA0003C3A6B017C01A7019601C501B4010F9475
:101FB0001A4320E030E0A90118160CF06CC2C701EA
:101FC000B6010F941A4318164CF020E030E0A90136
:101FD000C501B4010F94D63987FF4DC2A701960100
:101FE000C501B4010F94B9406B017C01AE96AEAD52
:101FF000BFADAE976D917D918D919D91AE96BFAF26
:10200000AEAFAE9720E030E0A9010F94BA404B018B
:102010005C01A70196010F94D63987FF15C0A7016F
:102020009601C501B4010F94B4419B01AC01C301F9
:10203000B2010F943C3A2B013C016A96BFAD6A97FE
:10204000BF5F6A96BFAF6A97EAEEF6E16C962EAD77
:102050003FAD6C97E217F30709F070CF6A963FAD7A
:102060006A97332341F0A3019201B101C8010F9493
:102070003C3A1B018C0124EA30E74DE75FE3B101F4
:10208000C8010F943C3A6B017C012091701630918D
:10209000711640917216509173160F94D63987FFBE
:1020A0000CC02BA93FA94FAD24965FAD2497C70163
:1020B000B6010F94D63987FD0FC28BA99FA9AFAD8A
:1020C0002496BFAD24978093701690937116A093B9
:1020D0007216B093731624E729964EAD5FAD29971B
:1020E000249FC001259F900D1124DC01AA5DB74FEC
:1020F0007D019101A801B101C8010F943C3AF7019B
:102100006187728783879487A4966CAD7DAD8EAD11
:102110009FADA49790589B01AC010F94BA40ABAD12
:10212000BCAD1D962D913D914D915C9150970F94B2
:102130003C3A9B01AC016BE077ED83E29BE30F94AB
:10214000B9404B015C018BE097EDA3E2BBE3F701E3
:1021500085839683A783B087ABADBCAD8C9181603E
:102160008C932A962FAD2A972E963FAD2E97629686
:102170004FAD629766965FAD66972A966FAD2A97C8
:102180002E967FAD2E9762968FAD629766969FAD25
:1021900066970F943C3A9B01AC01C501B4010F94C2
:1021A0001A4387FD05C0EBADFCAD80818260808362
:1021B00080E1FE013196AAEDB6E101900D928A957B
:1021C000E1F784E729962EAD3FAD2997829FF00174
:1021D000839FF00D1124EA5DF74F81819281A381E5
:1021E000B4818093D6169093D716A093D816B09347
:1021F000D916CE57DF4F88819981AA81BB81C258F9
:10220000D0408093231390932413A0932513B0936D
:102210002613CA57DF4F288139814A815B81C6580E
:10222000D0402093271330932813409329135093C1
:102230002A13C657DF4F88819981AA81BB81CA586A
:10224000D04080932B1390932C13A0932D13B09315
:102250002E13A8962CAD3DAD4EAD5FADA897209343
:102260002F13309330134093311350933213E05AAD
:10227000FF4FA091900734E0A39FD0011124A258F2
:10228000B94E8D919D910D90BC91A02D808391832D
:10229000A283B383C0901F13D0902013E09021132A
:1022A000F090221320916E0D30916F0D4091700DC2
:1022B0005091710D6091171370911813809119133B
:1022C00090911A130F94BA402B013C012091720D8A
:1022D0003091730D4091740D5091750D60911B13E9
:1022E00070911C1380911D1390911E130F94BA408E
:1022F0004B015C010BAD1CAD0C591F4F20916A0DB9
:1023000030916B0D40916C0D50916D0D60911313D8
:102310007091141380911513909116130F94BA4075
:10232000D8016D937D938D939C931397EBADFCAD8A
:10233000E859FF4F4082518262827382EBADFCAD5F
:10234000E459FF4F80829182A282B382EBADFCAD53
:10235000E059FF4FC082D182E282F38280E1FE0128
:10236000B196A3E1B3E101900D928A95E1F79091C6
:10237000111380911213981303C084E680930E13F7
:10238000C257DF4F8881CE58D0408F5F87708093CF
:102390001113809111139091101381508770891738
:1023A00009F4C8C1109111132090101380911113DA
:1023B000281609F42AC111501770D12CC12C1215FE
:1023C00009F423C1812E912CB4E7B89DF001B99D89
:1023D000F00D1124EA5DF74F808183FD13C1FCAF3E
:1023E000EBAFB1840285A384348445805680678036
:1023F0007084A30192016B2D702F8A2D932D0F9461
:10240000D639811173C0C114D10421F0D6018C9149
:1024100080FD70C011501770822D20901013281667
:1024200009F461C0181709F4F0C08F5F8770F5CF09
:10243000A7019601C501B4010F94B4419B01AC0101
:102440006BA97FA98FAD24969FAD24970F943C3A3A
:102450006BAB7FAB8FAF24969FAF249711E00FCD6E
:1024600020E030E040E85FE3AC962CAF3DAF4EAFEC
:102470005FAFAC9754CDF7FAF094F7F8F094A7015A
:102480009601C501B4010F941A4318160CF0AECD95
:1024900075016401ABCDC701B6010F94D63987FD34
:1024A00009C020E030E0A901C501B4010F941A432E
:1024B00018162CF4A5019401C701B60193CDB7FA03
:1024C000B094B7F8B094A5019401C701B6010F9478
:1024D000D63987FF8BCDDCCF2BA83FA80FAD249634
:1024E0001FAD2497EACDCBACDCAC69CFC114D104CD
:1024F00009F460C0F601C580D680E780F084B4E7B7
:10250000B89DF001B99DF00D1124EA5DF74F80816F
:1025100081FD2CC0618972898389948990589B01BF
:10252000AC010F94BA40EBADFCAD258536854785EF
:1025300050890F943C3A9B01AC01C701B6010F943E
:10254000B9406B0128968FAF28979BAB9B01AC01DC
:102550006B2D702F8A2D932D0F94D63987FD06C0D1
:10256000BC2C0D2D2896AFAC28973BA82B2D302FD7
:102570004A2D532DC301B2010F94D639882309F493
:1025800049CFF4E7F89DC001F99D900D11249C01FD
:102590002A5D374F6901D9018C9181608C938BAD95
:1025A0009CAD0E941AE2882319F1F60180818E7F8A
:1025B000808330CFE296AEADBFADE2971896CD9056
:1025C000DD90ED90FC901B972BE037ED43E25BE351
:1025D000C701B6010F941A4318160CF490CF9BE074
:1025E000C92E97EDD92E93E2E92E9BE3F92E87CFE2
:1025F0008B2D902FAA2DB32DF60185839683A7836B
:10260000B08708CFDCAECBAE05CF10911013D12C24
:10261000C12C04E780911113811709F48BC0812E1E
:10262000912C089DC001099D900D11249C012A5DEB
:10263000374F1901D9018C91560183FD6FC05901A3
:10264000C114D10409F46AC0C6010E941AE28111C2
:1026500065C0D6018C9181FD4CC0D10115964D907D
:102660005D906D907C901897D60115962D913D91B7
:102670004D915C9118972BAF3CAF4DAF5EAFA3016E
:1026800092016BAD7CAD8DAD9EAD0F94D63987FFB9
:1026900030C0F601618972898389948990589B01C1
:1026A000AC010F94BA40D6011D962D913D914D91EC
:1026B0005C9150970F943C3A9B01AC016BAD7CADA3
:1026C0008DAD9EAD0F94B9406B017C01A3019201C9
:1026D0000F94D63987FF0DC0F1018081816080831E
:1026E000C5010E941AE28823E9F0D1018C918E7F06
:1026F0008C93089DF001099DF00D1124EA5DF74FC0
:1027000021853285438554856581768187819085D1
:102710000F94D639811102C0109310131F5F1770E8
:10272000650178CFF101C582D682E782F0861093E9
:102730001013DFCFF0901213E090111324E7FE1472
:1027400009F482C08FEF8E0D8770289FF00111244D
:10275000EA5DF74F908193FD75C0A12CB12C812CBF
:10276000912C10E000E0FE1409F477C0F4E7FF9E1E
:10277000C00111249C012A5D374F6901D9018C9158
:1027800083FD64C015966D917D918D919C911897F4
:102790000F9468433B018BAF28969FAF2897011594
:1027A000110509F444C0F601808180FF04C0D801FE
:1027B0008C9181608C93F801808180FF38C0C801C2
:1027C0000E941AE281112FC0D80111962D913D91DE
:1027D0004D915C91149760E070E080E89FE30F9466
:1027E000B4411B012C01AC019B01B3018BAD2896B8
:1027F0009FAD28970F943C3A69837A838B839C839F
:102800009501A401C201B1010F943C3A698B7A8B06
:102810008B8B9C8BAE014F5F5F4FBE016F5E7F4F16
:10282000C8010E9429FCF80180818E7F8083F39487
:10283000FF2DF770FF2E53018BAC28969FAC289785
:10284000860191CFE82E7BCFEF2C87CF35018BAE61
:1028500028969FAE28976801EACF0115110509F463
:1028600055C0E296AEADBFADE29718966D917D91E1
:102870008D919C911B970F9468436B017C012DEC0B
:102880003CEC4CE45DE30F941A43181644F08DECD5
:10289000C82E8CECD82E8CE4E82E8DE3F82EF801AF
:1028A000808181608083C8010E941AE281112AC060
:1028B000D80111962D913D914D915C91149760E056
:1028C00070E080E89FE30F94B4412B013C01A70125
:1028D00096010F943C3A69837A838B839C83A3018E
:1028E0009201B501C4010F943C3A698B7A8B8B8BB2
:1028F0009C8BAE014F5F5F4FBE016F5E7F4FC80183
:102900000E9429FCF80180818E7F80830E94262D01
:1029100081E0C257DF4F0FB6F894DEBF0FBECDBFC8
:10292000DF91CF911F910F91FF90EF90DF90CF90AB
:10293000BF90AF909F908F907F906F905F904F90DF
:102940003F902F90089580E0E4CFE0905F0DF090ED
:10295000600D0091610D1091620D0C947188EF92E1
:10296000FF920F931F93CF93DF93CDB7DEB760979E
:102970000FB6F894DEBF0FBECDBFFC018B017A010C
:1029800090E1DE01119601900D929A95E1F7CE014A
:1029900001960E948FFB8091A9079091AA07892B2D
:1029A00099F4A701B801CE0101960E947084609647
:1029B0000FB6F894DEBF0FBECDBFDF91CF911F9150
:1029C0000F91FF90EF90089580E0F1CF7F928F926A
:1029D0009F92AF92BF92CF92DF92EF92FF920F93AE
:1029E0001F93CF93DF93FC01F62E80911102882371
:1029F00071F08091120281110AC021E0621709F47E
:102A000061C0621780F082E0681709F46CC0B12CD5
:102A100080E5C82E93ECD92E27E4E22E00E010E5E5
:102A2000D3ECC7EC10C00091130210911402D091A6
:102A30001502C0911602B0901F02C0902002D090E3
:102A40002102E0902202708081809280A380980110
:102A50004D2F5C2F672D782D892D9A2D0F94D63907
:102A600087FD11C02B2D3C2D4D2D5E2D672D782D12
:102A7000892D9A2D0F941A4318160CF445C0072D72
:102A8000182DD92DCA2D24E0F29EC0011124FC017D
:102A9000E55CFD4FA8016D2F7C2F4083518362833D
:102AA000738381569D4FDF91CF911F910F91FF90BE
:102AB000EF90DF90CF90BF90AF909F908F907F90DE
:102AC0000D94EE040091170210911802D091190292
:102AD000C0911A02B0902302C0902402D090250227
:102AE000E0902602B0CF00911B0210911C02D09101
:102AF0001D02C0911E02B0902702C0902802D09003
:102B00002902E0902A029FCF0B2D1C2DDD2DCE2D0A
:102B1000BACFCF92DF92EF92FF922EEA39E141E0F5
:102B2000F901C590D590E590F490C616D706E80651
:102B3000F90658F49695879577956795440F2C5F1D
:102B40003F4F59E12A3C350759F740938F07FF90D3
:102B5000EF90DF90CF900C942EE2CF93DF93282F4D
:102B600030E0F901E859F64E8491F901EE5DF64E38
:102B7000D491F901E452F74EC491CC23A1F0811114
:102B80000E946A76EC2FF0E0EE0FFF1FEE53F74E37
:102B9000A591B491EC91ED2381E090E009F480E0FF
:102BA000DF91CF91089580E090E0FACF1F93CF930B
:102BB000DF93282F30E0F901E859F64E8491F901AE
:102BC000EE5DF64ED491F901E452F74EC491CC2358
:102BD000A9F0162F81110E946A76EC2FF0E0EE0F1B
:102BE000FF1FE855F74EA591B4918FB7F894EC917B
:102BF000111108C0D095DE23DC938FBFDF91CF91F8
:102C00001F910895DE2BF8CFCF93DF9390E0FC0166
:102C1000EE5DF64E24918452974EFC0184918823F8
:102C2000C9F090E0880F991FFC01E257F74EA5917B
:102C3000B491FC01E855F74EC591D49161110DC0D6
:102C40009FB7F8948C91209582238C9388812823B8
:102C500028839FBFDF91CF910895623051F49FB7D1
:102C6000F8943C91822F809583238C93E8812E2BBE
:102C7000EFCF8FB7F894EC912E2B2C938FBFEACF28
:102C80008F929F92AF92BF92CF92DF92EF92FF927C
:102C90006B017C010E94D1764B015C01C114D1040F
:102CA000E104F104B9F00E94D176681979098A0922
:102CB0009B09683E73408105910580F321E0C21AAB
:102CC000D108E108F10888EE880E83E0981EA11C67
:102CD000B11CE4CFFF90EF90DF90CF90BF90AF900A
:102CE0009F908F9008952FB7F89460918707709107
:102CF00088078091890790918A072FBF0895CF9305
:102D0000DF93EC0184E00F94E50081113BC08091DA
:102D10008E1690918F168C0F9D1F90938F16809317
:102D20008E168091411090914210C80FD91FD093F8
:102D30004210C09341100E94739660933D107093AF
:102D40003E1080933F10909340100E942C2D8823BA
:102D5000C9F080914F0290915002A0915102B09120
:102D600052028F3F9F4FAF4FBF4F61F410924F02FF
:102D7000109250021092510210925202DF91CF91A4
:102D80000C94262DDF91CF910895CF92DF92EF9290
:102D9000FF92CF93DF93EC01BC01990F880B990B45
:102DA0000F94DD3920913510309136104091371055
:102DB000509138100F943C3A6B017C01CE010E9477
:102DC0007F96C0E0D3E1A7019601688579858A8561
:102DD0009B850F94BA40688779878A879B87DF91A4
:102DE000CF91FF90EF90DF90CF9008952F923F9278
:102DF0004F925F926F927F928F929F92AF92BF920B
:102E0000CF92DF92EF92FF920F931F93CF93DF93B6
:102E1000CDB7DEB7C557D1090FB6F894DEBF0FBEE8
:102E2000CDBF28969FAF8EAF28972E967FAF6EAFFF
:102E30002E97142FDB014D905D906D907C90139731
:102E40001496CD90DD90ED90FC901797A301920120
:102E500050582DAB3EAB4FAB58AFD701C601B05861
:102E600089A39AA3ABA3BCA3A3019201C301B2019E
:102E70000F943C3A4B015C01A7019601C701B601D2
:102E80000F943C3A9B01AC01C501B4010F94BA40C8
:102E90000F9468432F966FAF2F9760967FAF609720
:102EA00061968FAF619762969FAF629780903B0269
:102EB00090903C02A0903D02B0903E02A50194018A
:102EC000C301B2010F94BA406E966CAF7DAF8EAF66
:102ED0009FAF6E9720913F02309140024091410296
:102EE000509142022DA33EA34FA358A7C701B6019C
:102EF0000F94BA40A2966CAF7DAF8EAF9FAFA297F2
:102F00002896AEADBFAD28974D905D906D907C90AA
:102F10006E962CAD3DAD4EAD5FAD6E97C301B20167
:102F20000F94B94069A77AA78BA79CA72896EEAD06
:102F3000FFAD2897C480D580E680F780A2962CAD9F
:102F40003DAD4EAD5FADA297C701B6010F94B9403C
:102F50006DA77EA78FA798ABA3019201C501B4010D
:102F60000F94B9404B015C012DEB37E346E855EB7C
:102F70000F941A4387FDB6C32DEB37E346E855E3BC
:102F8000C501B4010F94D63918160CF4ABC3A701D0
:102F900096016DA17EA18FA198A50F94B9406B01F8
:102FA0007C012DEB37E346E855EB0F941A4387FD80
:102FB00099C32DEB37E346E855E3C701B6010F94FB
:102FC000D63918160CF48EC311111FC408E410E092
:102FD0004BED842E4FE0942E49ECA42E40E4B42E09
:102FE00075016401209143023091440240914502F1
:102FF0005091460229AB3AAB4BAB5CAB2896AEADD9
:10300000BFAD289718966D917D918D919C911B97DE
:103010000F94B9402B013C01A50194012F966FAD8F
:103020002F9760967FAD609761968FAD619762969E
:103030009FAD62970F943C3A6DA379A78DA79DAF82
:1030400027E137EB41ED58E30F94D63987FF0AC0EB
:1030500027E137EB41ED58E3C301B2010F94D639B4
:1030600087FD26C32896AEADBFAD28971C962D913F
:103070003D914D915C911F9726962CAF3DAF4EAF81
:103080005FAF269720914702309148024091490254
:1030900050914A0222962CAF3DAF4EAF5FAF2297C0
:1030A0002AE037ED43E25CE3609137027091380229
:1030B0008091390290913A020F943C3A4B015C01A5
:1030C0006091350270913602072E000C880B990B27
:1030D0000F94DD399B01AC01C501B4010F943C3A5A
:1030E0006D8F7E8F8F8F98A36DA179A58DA59DADD6
:1030F0000F945C424B015C01B80190E080E00F94BA
:10310000DB391B018C019B01AC01B401C5010F949B
:103110001A43181614F0410158019401A5016DA13C
:1031200079A58DA59DAD0F94B44169AF7AAF8BAFF2
:103130009CAF20E030E040E85FE30F941A4318169C
:103140000CF076C36DA179A58DA59DAD0F94984126
:103150000F942D421B01198A1A8A1B8A1C8A1D8A08
:103160001E8A1F8A188E198E1A8E1B8E1C8E623034
:10317000710508F473C290E080E00F94DB392C965F
:103180006CAF7DAF8EAF9FAF2C979B01AC01C70199
:10319000B6010F94B44169AF7AAF8BAF9CAF9B017E
:1031A000AC010F943C3A6B017C01AC019B0169AD11
:1031B0007AAD8BAD9CAD0F943C3A20E030E040EC12
:1031C00050E40F94B4419B01AC0169AD7AAD8BAD75
:1031D0009CAD0F94B940A6966CAF7DAF8EAF9FAFFC
:1031E000A69720E030E040E05FE3C701B6010F940E
:1031F0003C3A9B01AC0160E070E080E89FE30F94F3
:10320000B940AA966CAF7DAF8EAF9FAFAA972C96B0
:103210002CAD3DAD4EAD5FAD2C97C301B2010F9407
:10322000B441E2966CAF7DAF8EAF9FAFE29722962E
:103230002CAD3DAD4EAD5FAD229726966CAD7DAD0C
:103240008EAD9FAD26970F94B9402C962CAD3DAD19
:103250004EAD5FAD2C970F94B441E6966CAF7DAF49
:103260008EAF9FAFE697C9A8DAA8EBA8FCA8C986DD
:10327000DA86EB86FC862296CCACDDACEEACFFACFD
:103280002297CD86DE86EF86F88A0E9473969B0190
:10329000AC0128533F4F4F4F5F4FAE962CAF3DAF21
:1032A0004EAF5FAFAE9740901F0D5090200D6090D5
:1032B000210D7090220D60911B0D70911C0D80915D
:1032C0001D0D90911E0D461657066806790610F4DE
:1032D000C301B2010F94DB3967966CAF7DAF8EAF3F
:1032E0009FAF6797A0903F0DB090400DC090410DEB
:1032F000D090420DC301B2010F94DB397B018C01E8
:103300009B01AC01B501C6010F94D63987FD02C0FF
:10331000570168016D8D7E8D8F8D98A19B01AC0149
:103320000F943C3A562E772E4C0167962CAD3DAD4E
:103330004EAD5FAD67972F966FAD2F9760967FADBF
:10334000609761968FAD619762969FAD62970F947B
:103350003C3A7B018C019501A601B501C6010F9491
:103360003C3A662E7EAF23968FAF239763969FAF2E
:1033700063979701A801652D772DC4010F941A4317
:1033800018161CF0E52CF72C84019701A801662D76
:103390007EAD23968FAD239763969FAD63970F9471
:1033A000D63987FD08C06E2CFEAE23960FAF23974B
:1033B00063961FAF63977DA0C9A46896CFAE689748
:1033C000DDA46996DFAE6997EDAC6A96EFAE6A97B9
:1033D00029E129AB44244394512C0E9470DA0E94C5
:1033E00073968B019C01AE96CCACDDACEEACFFAC21
:1033F000AE970C191D092E093F0937FD0FC09B011F
:10340000AC0128533F4F4F4F5F4FAE962CAF3DAFAF
:103410004EAF5FAFAE9780E00E94FB4A39A93150B2
:1034200039AB332309F432C22DA93EA94FA958ADB7
:10343000A6966CAD7DAD8EAD9FADA6970F943C3A30
:103440006B017C0129A13AA14BA15CA1AA966CADAC
:103450007DAD8EAD9FADAA970F943C3A9B01AC0118
:10346000C701B6010F94BA407B018C012DA93EA97A
:103470004FA958ADAA966CAD7DAD8EAD9FADAA9704
:103480000F943C3A4B015C0129A13AA14BA15CA1EC
:10349000A6966CAD7DAD8EAD9FADA6970F943C3AD0
:1034A0009B01AC01C501B4010F94B9406DAB7EAB7B
:1034B0008FAB98AFC701D80189A39AA3ABA3BCA3D4
:1034C0002DA93EA94FA958AD6E966CAD7DAD8EADC0
:1034D0009FAD6E970F94BA4069837A838B839C83E8
:1034E00029A13AA14BA15CA1A2966CAD7DAD8EAD98
:1034F0009FADA2970F94BA406D837E838F83988788
:10350000E2962CAD3DAD4EAD5FADE29769857A8513
:103510008B859C850F94BA4069877A878B879C87B7
:10352000E6962CAD3DAD4EAD5FADE6976D857E85E3
:103530008F8598890F94BA406D877E878F87988B87
:10354000CE0101960F94FF00E1E04E16510409F000
:103550000CC250E040E030E020E0852F942FA32FF4
:10356000B22F8D8B9E8BAF8BB88F2C962CAD3DAD33
:103570004EAD5FAD2C976DA179A58DA59DAD0F9436
:10358000B4419B01AC01672D68967FAD6897699641
:103590008FAD69976A969FAD6A970F94B940762E62
:1035A00068967FAF689769968FAF69976A969FAF65
:1035B0006A9767962CAD3DAD4EAD5FAD6797CA017A
:1035C000B9010F94BA40272D68963FAD6897699668
:1035D0004FAD69976A965FAD6A970F943C3A7B014D
:1035E0008C01262D3EAD23964FAD239763965FAD9C
:1035F00063970F941A43181644F4E62CFEAC2396F6
:103600000FAD239763961FAD6397C701D801898FCC
:103610009A8FAB8FBC8FAE014F5E5F4FBE01635E72
:103620007F4FCE0101960E94AF948823B9F02F9668
:103630008FAD2F9760969FAD60976196AFAD619704
:103640006296BFAD62978D8B9E8BAF8BB88FFFEF6D
:103650004F1A5F0A2414350409F0BFCE80E1289682
:10366000EEADFFAD2897DE01119601900D928A957F
:10367000E1F7CE0101960F94FF001D8A1E8A1F8A72
:10368000188E198E1A8E1B8E1C8EAE014F5E5F4FE8
:10369000BE01635E7F4FCE0101960E94AF9480E130
:1036A000FE013196ABE3B2E001900D928A95E1F70D
:1036B000CB58DF4F0FB6F894DEBF0FBECDBFDF9102
:1036C000CF911F910F91FF90EF90DF90CF90BF901F
:1036D000AF909F908F907F906F905F904F903F90B2
:1036E0002F90089529A53AA54BA55CA56DA97EA9A3
:1036F0008FA998AD0F943C3A6B017C012DA53EA596
:103700004FA558A969A17AA18BA19CA10F943C3A1D
:103710009B01AC01C701B6010F94BA406B017C015B
:103720002DA53EA54FA558A96DA97EA98FA998AD35
:103730000F943C3A4B015C0129A53AA54BA55CA529
:1037400069A17AA18BA19CA10F943C3A9B01AC0189
:10375000C501B4010F94B940A70196010F943941F6
:103760006B017C0120E030E0A9010F94D639882359
:1037700009F49ECF20E030E0A901C701B6010F9403
:10378000D63987FD2BC090E080E0812B81309105F8
:1037900041F1029789F120E030E0A901C701B601AB
:1037A0000F941A434601570187FF04C0B7FAB0943B
:1037B000B7F8B0942BED3FE049EC50E4C501B401FB
:1037C0000F94B44120E030E040E952E40F943C3AD9
:1037D0000F9498410F942D428B0104CC82E090E02D
:1037E000D4CF2BED3FE049EC50E4C701B6010F9474
:1037F000B9406B017C01CFCF2BED3FE049EC50E4A9
:10380000C701B6010F94BA40F4CF08E410E02BEDE5
:10381000822E2FE0922E29ECA22E20E4B22E3BED38
:10382000C32E3FE0D32E39ECE32E30ECF32EDACB6F
:103830002DEC3CEC4CEC5DE369AD7AAD8BAD9CAD11
:103840000F94D63987FF1FC02DEC3CEC4CEC5DE3A8
:103850006DA179A58DA59DAD0F94B4410F945C42E7
:103860004B015C0120E030E040E85FE30F94D63983
:1038700087FF06C0812C912C90E8A92E9FE3B92EDA
:10388000C501B40165CCB401C50162CCB20190E0C0
:1038900080E00F94DB3929AD3AAD4BAD5CAD0F94B0
:1038A0003C3A6B017C010F94AF4169A37AA38BA3CF
:1038B0009CA3C701B6010F945A434B015C012E969D
:1038C000AEADBFAD2E97CD90DD90ED90FC901397EF
:1038D000F7FAF094F7F8F09414962D913D914D91EC
:1038E0005C91179729AB3AAB4BAB5CABA701960148
:1038F00069A17AA18BA19CA10F943C3A6DAB7EABE0
:103900008FAB98AF29A93AA94BA95CA9C501B4010D
:103910000F943C3A9B01AC016DA97EA98FA998AD8B
:103920000F94BA406DAB7EAB8FAB98AFA7019601F9
:10393000C501B4010F943C3A6B017C0129A93AA955
:103940004BA95CA969A17AA18BA19CA10F943C3AD7
:103950009B01AC01C701B6010F94B94069A37AA3DA
:103960008BA39CA3B9E1B9ABABCD2F965FAD2F97DD
:1039700060964FAD609761963FAD619762962FADAF
:103980006297EBCDCF92DF92EF92FF920E947396F7
:103990006B017C0128E5C20E22E0D21EE11CF11C65
:1039A0000E948B3C8F3F71F00E9473966C197D09C9
:1039B0008E099F0997FDF4CF80E0FF90EF90DF9094
:1039C000CF90089581E0F9CF0E94B9326091680DDF
:1039D0007091690D81EF90E20E94D63E8EEE90E2EA
:1039E0000C94F9304F925F926F927F928F929F92D8
:1039F000AF92BF92CF92DF92EF92FF920F931F93FD
:103A0000CF93DF93CDB7DEB7AA970FB6F894DEBF9A
:103A10000FBECDBF60912314709124148EED9EE1F2
:103A20000F94D10940911B1450911C1460911D14E6
:103A300070911E148FEC9EE10F94BE0980911B14AF
:103A400090911C14A0911D14B0911E14EFEAF2E0A5
:103A500010E000E041915191619171914115510542
:103A60006105710511F40C9464B8481759076A0789
:103A70007B0709F0E2C0AC01BD01477F42335041F2
:103A80006105710511F40C9468B88433E0E19E0778
:103A9000A105B10509F45BC08115F3E19F07A105FC
:103AA000B10509F454C0AC01BD0148505041610951
:103AB0007109453051056105710510F40C946CB81D
:103AC000AC01BD01465450416109710947305105AF
:103AD0006105710510F40C9470B8AC01BD0144553A
:103AE000504161097109453051056105710510F4B6
:103AF00002E110E08A35E2E19E07A105B10539F146
:103B000010F00C94D8B8863322E19207A105B105D4
:103B1000F1F010F00C9490B88E31F0E19F07A10500
:103B2000B105A9F010F00C9474B88A31E0E19E0759
:103B3000A105B10561F08C31F0E19F07A105B10548
:103B400031F0883120E19207A105B10511F408E0B8
:103B500010E0803421E19207A105B10509F470C09D
:103B6000AC01BD014B7F403950416105710509F43D
:103B70006AC08839F0E19F07A105B10509F463C067
:103B8000823421E19207A105B10509F45FC08434B4
:103B9000E1E19E07A105B10509F45BC08834F1E1BC
:103BA0009F07A105B10509F457C0AC01BD015151F2
:103BB00061097109413351056105710508F44FC070
:103BC0008A509042A109B109833D9105A105B10533
:103BD00008F448C081EC9EE10E941737B801012E1D
:103BE000000C880B990B0E94D37B0E9426C617FFFE
:103BF0003CC0E7E1F4E180E5DF011D928A95E9F739
:103C00008AE58093181485EA80931914AA960FB652
:103C1000F894DEBF0FBECDBFDF91CF911F910F9102
:103C2000FF90EF90DF90CF90BF90AF909F908F90DC
:103C30007F906F905F904F9008950F5F1F4F0ACF56
:103C400000E411E1C7CF09E919E9C4CF02E411E1A9
:103C5000C1CF04E411E1BECF08E411E1BBCF00E025
:103C600011E1B8CF09E110E0B5CF85EB9EE10E94EC
:103C700017370F30110511F40C9469B00CF00CC11A
:103C80000630110509F4F2C40CF098C0013011059A
:103C900009F45DC344F4012B09F4ECC188E39AE113
:103CA0000E941737A6CF0230110509F4DBC3033099
:103CB0001105A1F780911B1490911C14A0911D1463
:103CC000B0911E148830F0E19F07A105B10509F0FD
:103CD00051C48DEF9DE10E9417378091231490917C
:103CE0002414803F910509F0E7C381E09AE59093A1
:103CF00074148093731485E390E09093761480930A
:103D0000751487E08093671482E880936A1484E8CE
:103D100090E0A0E0B0E080936B1490936C14A093BB
:103D20006D14B0936E1487E194E10F94FA096091D9
:103D300023147091241485EF9DE10F94D109809193
:103D40001B1490911C14A0911D14B0911E148C3062
:103D50009041A105B10509F04CCF809123149091B9
:103D60002414029709F045CF0F94320B81E0809321
:103D70001E081092200881E09AE5909374148093B5
:103D8000731482E590E0909376148093751487E025
:103D90008093671482E880936A1484E890E0A0E03E
:103DA000B0E080936B1490936C14A0936D14B09357
:103DB0006E1487E194E10F94FA091BCF0B301105C3
:103DC00011F40C948FAA5CF50730110509F465C550
:103DD0000830110509F062CF87EA9DE10E9417378C
:103DE000C0901B14D0901C14E0901D14F0901E1471
:103DF0000091231410912414B2E3CB16B0E1DB063A
:103E0000E104F10409F0ACC70115110509F056C72A
:103E10008091640DE4E68E9FC001112440C20C30F5
:103E2000110511F40C94BDAC0D30110509F036CF1D
:103E300060912314709124148BE69DE10F94D109B5
:103E40006091231470912414FB013197EB31F1053B
:103E500010F00C9464B08827EF5CF0468F4F0D94FF
:103E6000B14019AD58AD09AE8DAEB7AE25AF4EAF6E
:103E700062AF85AF99AFB8AFFAAF05B00EB017B06B
:103E800020B029B032B03CB040B042B04DB058B0D4
:103E90005BB05EB061B0EBAD0931110511F40C946B
:103EA0009EB40CF0A2C00631110511F40C9417B4A5
:103EB0005CF50231110511F40C943BB1053111058B
:103EC00009F0ECCE609123147091241488EB9BE1EF
:103ED0000F94D1098BEA9BE10E941737E0912314DC
:103EE000F0912414E730F10510F00C9411B48827F8
:103EF000E358F0468F4F0D94B1409FB3ABB3CFB3AF
:103F0000DEB3EAB3F6B305B40731110511F40C942E
:103F10005BB40831110509F0C1CE80912314909152
:103F200024148F3F910519F010F08FEF90E09093DB
:103F30000F0880930E0820910E0830910F0821156C
:103F4000310511F00C9476B410927414109273141D
:103F500005E00093671412E810936A148AE890E170
:103F6000A0E0B0E080936B1490936C14A0936D1458
:103F7000B0936E1487E194E10F94FA0989E090E020
:103F800090937414809373140093671410936A14BD
:103F90008CE890E1A0E0B0E080936B1490936C14F7
:103FA000A0936D14B0936E1487E194E10F94FA0915
:103FB00080910E08109273148093741485E080939E
:103FC000671482E880936A1481EA90E0A0E0B0E090
:103FD00080936B1490936C14A0936D14B0936E1433
:103FE00087E194E10F94FA0904CE0234B1E11B0792
:103FF00011F40C946AB704F50115F1E11F0711F4EF
:104000000C94ADB70034114109F048CE83E295E03D
:104010000F9449182091231430912414211531054F
:1040200011F00C944DB710920F0810920E081092D8
:104030000C080F946314DDCD043481E1180711F4EA
:104040000C948FB70834114109F028CE8CE595E027
:104050000F94491880912314909124148530910570
:1040600010F00C94A4B785E090E09093130880932F
:104070001208DFCF80912314909124148130910590
:10408000A9F58BE99EE10E94173790E080E00F943C
:104090001C1610922408109223081092220880E81F
:1040A0009EE10E94173781E09AE590937414809303
:1040B00073148EE290E0909376148093751487E0E9
:1040C0008093671482E880936A1484E890E0A0E00B
:1040D000B0E080936B1490936C14A0936D14B09324
:1040E0006E1487E194E10F94FA0983CD8230910533
:1040F00009F0C8C00F9492108CE79EE190930108DC
:10410000809300088BE090E0909374148093731474
:1041100005E00093671412E810936A1480E092E1BE
:10412000A0E0B0E080936B1490936C14A0936D1496
:10413000B0936E1487E194E10F94FA09109274140D
:10414000109273140093671410936A148EE090E138
:10415000A0E0B0E080936B1490936C14A0936D1466
:10416000B0936E1487E194E10F94FA0910927414DD
:10417000109273140093671410936A148FE090E107
:10418000A0E0B0E080936B1490936C14A0936D1436
:10419000B0936E1487E194E10F94FA0910927414AD
:1041A000109273140093671410936A1486E190E1DF
:1041B000A0E0B0E080936B1490936C14A0936D1406
:1041C000B0936E1487E194E10F94FA0962E070E015
:1041D00080E090E00F945E091092741410927314B2
:1041E0000093671410936A1480E190E1A0E0B0E0BE
:1041F00080936B1490936C14A0936D14B0936E1411
:1042000087E194E10F94FA091092741410927314D8
:104210000093671410936A1482E190E1A0E0B0E08B
:1042200080936B1490936C14A0936D14B0936E14E0
:1042300087E194E10F94FA0984E59EE10E94173723
:1042400081E09AE590937414809373148DE290E06A
:10425000909376148093751487E08093671410937D
:104260006A1484E890E0A0E0B0E080936B1490932F
:104270006C14A0936D14B0936E1487E194E10F94C5
:10428000FA09B7CC039709F0B4CC8CE29EE10E9406
:1042900017378091640DB4E68B9FC00111248158BB
:1042A0009F4F6FEF70E00F949D4070E090E080E0D2
:1042B0000F94DB3920E030E0A9010F94D639811149
:1042C00023C081E09AE590937414809373148AE379
:1042D00090E0909376148093751487E08093671430
:1042E00082E880936A1484E890E0A0E0B0E08093D4
:1042F0006B1490936C14A0936D14B0936E1487E1BB
:1043000094E10F94FA0975CC81E09AE590937414C6
:104310008093731489E390E09093761480937514DE
:1043200087E08093671482E880936A1484E890E0C1
:10433000A0E0B0E080936B1490936C14A0936D1484
:10434000B0936E1487E194E10F94FA0952CC8091F6
:104350002314909124148130910509F44ACC8230C1
:10436000910509F04EC087E09EE10E9417378091C9
:104370002008843019F181E09AE5909374148093B9
:10438000731485E390E0909376148093751487E01E
:104390008093671482E880936A1484E890E0A0E038
:1043A000B0E080936B1490936C14A0936D14B09351
:1043B0006E1487E194E10F94FA091BCC81E09AE531
:1043C000909374148093731486E390E09093761422
:1043D0008093751487E08093671482E880936A1451
:1043E00084E890E0A0E0B0E080936B1490936C14AC
:1043F000A0936D14B0936E1487E194E10F94FA09C1
:10440000F8CB039709F0F5CB8091640DE4E68E9F1D
:10441000C001112481589F4F6FEF70E00F949D40B1
:1044200070E090E080E00F94DB3920E030E0A901FB
:104430000F94D639882369F080E090E0A8ECB2E4CC
:1044400089839A83AB83BC83CE0101960F946F0856
:10445000D0CB19821A821B821C82CE0101960F9446
:104460006F08C7CB0091231410912414B80190E079
:1044700080E00F94DB396B017C0120E030E040E20A
:1044800051E40F94D63987FD11C020E030E04AEFA7
:1044900053E4C701B6010F941A43181654F0902F35
:1044A000812F9093350280933602A3CB9AE080E06F
:1044B000F8CF94EF81E0F5CF81E09AE59093741402
:1044C000809373148DE290E090937614809375142A
:1044D00087E08093671412E810936A1484E890E0F0
:1044E000A0E0B0E080936B1490936C14A0936D14D3
:1044F000B0936E1487E194E10F94FA09109274144A
:104500001092731405E00093671410936A1480E10D
:1045100090E1A0E0B0E080936B1490936C14A093B2
:104520006D14B0936E1487E194E10F94FA09109220
:104530007414109273140093671410936A1482E138
:1045400090E1A0E0B0E080936B1490936C14A09382
:104550006D14B0936E1487E194E10F94FA096091A1
:1045600023147091241486EE9DE10F94D1090F94C9
:104570009210E5CB8A3020E19207A105B10509F040
:1045800041C08091231490912414813F910509F03A
:1045900030CB81E09AE5909374148093731486E392
:1045A00090E0909376148093751487E0809367145D
:1045B00082E880936A1484E890E0A0E0B0E0809301
:1045C0006B1490936C14A0936D14B0936E1487E1E8
:1045D00094E10F94FA0942E15AE169E17AE184E059
:1045E0000E94EE7B60E08EE491E20F94270D61E083
:1045F00080E00E94F77B88E09AE190930108809325
:1046000000089DCB8C309041A105B10509F097CBF6
:104610008091231490912414019709F090CB0F946A
:10462000320B1092200881E09AE5909374148093E5
:10463000731485E390E0909376148093751487E06B
:104640008093671482E880936A1484E890E0A0E085
:10465000B0E080936B1490936C14A0936D14B0939E
:104660006E1487E194E10F94FA0969CB0091231449
:1046700010912414B80190E080E00F94DB3917FF0B
:1046800006C020E030E040E857E40F94B94020E055
:1046900030E048EC52E40F94B4416B017C01BC0162
:1046A000A60184ED9DE10E94093420E030E040E164
:1046B00051ECC701B6010F941A4387FDBAC020E040
:1046C00030E040E151E4C701B6010F94D639181625
:1046D0000CF4AFC020E030E0A901609108137091A4
:1046E000091380910A1390910B130F94BA40A701FC
:1046F00096010F94B94020913510309136104091B9
:104700003710509138100F94B4414B015C0120E0F8
:1047100030E0A9010F941A4318160CF085C0C501AA
:10472000B4010F9498410F94264261157105E9F484
:1047300083EC9DE10E94173720E030E0A9016091F1
:1047400008137091091380910A1390910B130F9421
:10475000BA409B01AC01C701B6010F941A4361E056
:1047600070E0181614F06FEF7FEF88279927861BEB
:10477000970B0E94C59620E030E0A90160910813D4
:104780007091091380910A1390910B130F94BA4002
:104790008E01045E1F4F23E041E00F94A3349F93EA
:1047A0008F9385EB9DE19F938F930B5111091F937D
:1047B0000F930F946D39C8010F949F0C0F900F90B9
:1047C0000F900F900F900F9020E030E0A9016091C2
:1047D00008137091091380910A1390910B130F9491
:1047E000BA4020E030E048EC52E40F943C3A0F9499
:1047F0002642709374146093731485E08093671459
:1048000082E880936A1486E290E1A0E0B0E08093B1
:104810006B1490936C14A0936D14B0936E1487E195
:1048200094E10F94FA09E5C9C501B4010F945C4203
:104830007ACF8BE794E00F949F0C20E030E0A90141
:10484000609108137091091380910A1390910B13D2
:104850000F94BA4020E030E048EC52E40F943C3A28
:104860000F942642709374146093731485E08093C0
:10487000671482E880936A1486E290E1A0E0B0E0D9
:1048800080936B1490936C14A0936D14B0936E147A
:1048900087E194E10F94FA0997CF809123149091C6
:1048A0002414009709F4A5C98130910509F05EC070
:1048B0008091640D24E6829FC001112481589F4F8E
:1048C0006FEF70E00F949D4070E090E080E00F94F7
:1048D000DB3920E030E0A9010F94D639811123C0E3
:1048E00081E09AE590937414809373148CE390E0C4
:1048F000909376148093751487E08093671482E810
:1049000080936A1484E890E0A0E0B0E080936B1498
:1049100090936C14A0936D14B0936E1487E194E19E
:104920000F94FA0966C981E09AE590937414809314
:1049300073148BE390E0909376148093751487E062
:104940008093671482E880936A1484E890E0A0E082
:10495000B0E080936B1490936C14A0936D14B0939B
:104960006E1487E194E10F94FA0943C982309105EE
:1049700009F43FC98330910509F072C08091640D3C
:10498000A4E68A9FC001112481589F4F6FEF70E009
:104990000F949D4070E090E080E00F94DB3920E0C0
:1049A00030E0A9010F94D63981112FC080E090E04A
:1049B000A8ECB2E489839A83AB83BC83CE010196D1
:1049C0000F946F0881E09AE59093741480937314A8
:1049D00089E390E0909376148093751487E0809338
:1049E000671482E880936A1484E890E0A0E0B0E065
:1049F00080936B1490936C14A0936D14B0936E1409
:104A000087E194E10F94FA09F4C819821A821B8293
:104A10001C82CE0101960F946F0881E09AE5909375
:104A20007414809373148AE390E0909376148093C7
:104A3000751487E08093671482E880936A1484E891
:104A400090E0A0E0B0E080936B1490936C14A0937E
:104A50006D14B0936E1487E194E10F94FA09C9C8FC
:104A60008530910509F051C080E090E0A4E3B3E403
:104A700089839A83AB83BC8360E0CE0101960F9457
:104A8000BA0880E090E0ACE8B2E489839A83AB8313
:104A9000BC8366E0CE0101960F94ED0884EB90E0B4
:104AA000909374148093731405E00093671412E8D4
:104AB00010936A1484E390E1A0E0B0E080936B145B
:104AC00090936C14A0936D14B0936E1487E194E1ED
:104AD0000F94FA0986E490E0909374148093731411
:104AE0000093671410936A148AE390E1A0E0B0E0A9
:104AF00080936B1490936C14A0936D14B0936E1408
:104B000087E194E10F94FA0974C88630910509F0A1
:104B100052C080E090E0A0E7B3E489839A83AB833E
:104B2000BC8360E0CE0101960F94BA0880E090E06B
:104B3000ACEDB2E489839A83AB83BC8366E0CE019B
:104B400001960F94ED0880EF90E090937414809399
:104B5000731405E00093671412E810936A1484E359
:104B600090E1A0E0B0E080936B1490936C14A0935C
:104B70006D14B0936E1487E194E10F94FA098EE6F8
:104B800090E09093741480937314009367141093BF
:104B90006A148AE390E1A0E0B0E080936B149093F4
:104BA0006C14A0936D14B0936E1487E194E10F948C
:104BB000FA090C94F99D813F910511F00C94F99D2F
:104BC00019821A821B821C82CE0101960F946F08F3
:104BD00019821A821B821C8260E0CE0101960F941A
:104BE000ED0819821A821B821C8266E0CE010196B2
:104BF0000F94ED08109274141092731405E0009352
:104C0000671412E810936A1484E390E1A0E0B0E026
:104C100080936B1490936C14A0936D14B0936E14E6
:104C200087E194E10F94FA0961E070E080E090E0A0
:104C30000F945E0910927414109273140093671409
:104C400010936A148AE390E1A0E0B0E080936B14C3
:104C500090936C14A0936D14B0936E1487E194E15B
:104C60000F94FA0961E070E080E090E00F945E0933
:104C700081E09AE5909374148093731489E390E033
:104C8000909376148093751487E080936714109343
:104C90006A1484E890E0A0E0B0E080936B149093F5
:104CA0006C14A0936D14B0936E1487E194E10F948B
:104CB000FA0982E0809320080C94F99D01301105D7
:104CC00029F519821A821B821C8260E0CE010196AE
:104CD0000F94BA08109274141092731485E08093A4
:104CE000671482E880936A1484E390E1A0E0B0E066
:104CF00080936B1490936C14A0936D14B0936E1406
:104D000087E194E10F94FA090C94F99D02301105A2
:104D100011F00C94F99D19821A821B821C8266E0A4
:104D2000CE0101960F94ED08109274141092731432
:104D300085E08093671482E880936A148AE390E1A7
:104D4000A0E0B0E080936B1490936C14A0936D146A
:104D5000B0936E1487E194E10F94FA090C94F99DD5
:104D6000F4E3CF16F0E1DF06E104F10481F4B801C9
:104D700090E080E00F94DB3969837A838B839C8396
:104D800060E0CE0101960F94ED080C94F99D2AE3A2
:104D9000C21620E1D206E104F10481F4B80190E0EA
:104DA00080E00F94DB3969837A838B839C8366E090
:104DB000CE0101960F94ED080C94F99DC11483E186
:104DC000D806E104F10421F51093300200932F027C
:104DD000B801110F880B990B0F94DD392AE037EDDC
:104DE00043E25CE30F943C3A2091AB073091AC076F
:104DF0004091AD075091AE070F943C3A60932B025F
:104E000070932C0280932D0290932E020C94F99DA6
:104E1000A2E5CA16A2E1DA06E104F10431F4109326
:104E20004E0200934D020C94F99DB4E5CB16B2E10D
:104E3000DB06E104F10431F410934C0200934B02C1
:104E40000C94F99DE0E8CE16E2E1DE06E104F104FF
:104E5000A1F424E6209FC001219F900D1124B0E011
:104E6000A0E080931B0D90931C0DA0931D0DB0939B
:104E70001E0D0E94FAFA0C94F99DF2E8CF16F2E1A9
:104E8000DF06E104F104A1F424E6209FC001219F84
:104E9000900D1124B0E0A0E080931F0D9093200DA1
:104EA000A093210DB093220D0E94FAFA0C94F99D63
:104EB00024E8C21622E1D206E104F104A1F42AE0BA
:104EC000209FC001219F900D1124B0E0A0E08093AD
:104ED000230D9093240DA093250DB093260D0E94D1
:104EE000FAFA0C94F99DB80190E080E0A6E8CA16A1
:104EF000A2E1DA06E104F104E1F46093270D709376
:104F0000280D8093290D90932A0D0E94FAFA809122
:104F1000231490912414B0E0A0E08093270D909387
:104F2000280DA093290DB0932A0D0E94FAFA0C9433
:104F3000F99D0F94DB39B8E7CB16B2E1DB06E1044B
:104F4000F10451F460933F0D7093400D8093410D37
:104F50009093420D0C94F99DEAE7CE16E2E1DE064D
:104F6000E104F10451F46093430D7093440D809378
:104F7000450D9093460D0C94F99DFCE7CF16F2E198
:104F8000DF06E104F10451F46093470D7093480D7E
:104F90008093490D90934A0D0C94F99D2EE7C2160B
:104FA00022E1D206E104F10451F460934B0D7093B9
:104FB0004C0D80934D0D90934E0D0C94F99DAEE1E8
:104FC000CA16A0E1DA06E104F10451F469837A8398
:104FD0008B839C83CE0101960F946F080C94F99DEE
:104FE00017FF06C020E030E040E857E40F94B940D6
:104FF00020E030E048EC52E40F94B4414B015C01F6
:10500000B2E4CB16B2E1DB06E104F10491F420E056
:1050100030E040E251E40F943C3A60932F0D7093DE
:10502000300D8093310D9093320D0E9448FB0C940B
:10503000F99DE6E4CE16E2E1DE06E104F10491F426
:1050400020E030E040E251E40F943C3A6093330DAD
:105050007093340D8093350D9093360D0E9448FB6C
:105060000C94F99DFAE4CF16F2E1DF06E104F104B5
:1050700091F420E030E040E251E40F943C3A609338
:10508000370D7093380D8093390D90933A0D0E942F
:1050900048FB0C94F99D2EE4C21622E1D206E104ED
:1050A000F104F1F420E030E040E251E40F943C3AA6
:1050B0006B017C01C0923B0DD0923C0DE0923D0D06
:1050C000F0923E0D0E9448FBC0923B0DD0923C0DE9
:1050D000E0923D0DF0923E0D0E9448FB0C94F99D2C
:1050E00086E3C81682E1D806E104F10451F4809207
:1050F000001390920113A0920213B09203130C9428
:10510000F99DAAE3CA16A2E1DA06E104F10451F41A
:105110008092041390920513A0920613B092071385
:105120000C94F99DB6E2CB16B0E1DB06E104F10484
:1051300051F48092081390920913A0920A13B0922E
:105140000B130C94F99DE0E7CE16E2E1DE06E104D4
:10515000F10451F48092AF079092B007A092B1078A
:10516000B092B2070C94F99DF2E7CF16F2E1DF0698
:10517000E104F10451F48092B3079092B407A09235
:10518000B507B092B6070C94F99D24E7C21622E148
:10519000D206E104F10451F48092B7079092B80767
:1051A000A092B907B092BA070C94F99D86E7C81689
:1051B00082E1D806E104F10451F48092BB07909299
:1051C000BC07A092BD07B092BE070C94F99DA8E160
:1051D000CA16A0E1DA06E104F10469F48091BF0780
:1051E000882321F01092BF070C94F99D81E08093F1
:1051F000BF070C94F99DBAE1CB16B0E1DB06E104E0
:10520000F10489F480917A0C882331F010927A0CA1
:105210000E944A290C94F99D81E080937A0C0E94A7
:105220004A290C94F99DE6E5CE16E2E1DE06E1049A
:10523000F104E1F52CEA35EC47E25EE36091FC1203
:105240007091FD128091FE129091FF120F943C3AE2
:105250006FA378A789A79AA72CEA35EC47E25EE30B
:105260006091F8127091F9128091FA129091FB12EC
:105270000F94B4416C8F7D8F8E8F9F8F20E030E034
:1052800040E251E4C501B4010F943C3A69837A834A
:105290008B839C83AE01495D5F4FBE01645E7F4F8F
:1052A000CE0101960F942A340C94F99DFAE5CF169D
:1052B000F2E1DF06E104F104B1F52CEA35EC47E256
:1052C0005EE36091FC127091FD128091FE1290914C
:1052D000FF120F943C3A6FA378A789A79AA720E002
:1052E00030E040E251E4C501B4010F943C3A6C8FC8
:1052F0007D8F8E8F9F8F8091F4129091F512A091E7
:10530000F612B091F71289839A83AB83BC83AE0106
:10531000495D5F4FBE01645E7F4FCE0101960F94E1
:105320002A340C94F99D2EE5C21622E1D206E1043E
:10533000F104B1F520E030E040E251E4C501B401F0
:105340000F943C3A6FA378A789A79AA72CEA35EC6B
:1053500047E25EE36091F8127091F9128091FA12BF
:105360009091FB120F94B4416C8F7D8F8E8F9F8F25
:105370008091F4129091F512A091F612B091F7126B
:1053800089839A83AB83BC83AE01495D5F4FBE01C5
:10539000645E7F4FCE0101960F942A340C94F99DE0
:1053A00082E6C81682E1D806E104F104E1F52CEAB0
:1053B00035EC47E25EE36091D0127091D11280919A
:1053C000D2129091D3120F943C3A6FA378A789A779
:1053D0009AA72CEA35EC47E25EE36091CC1270911B
:1053E000CD128091CE129091CF120F94B4416C8F58
:1053F0007D8F8E8F9F8F20E030E040E251E4C50129
:10540000B4010F943C3A69837A838B839C83AE0109
:10541000495D5F4FBE01645E7F4FCE0101960F94E0
:1054200067340C94F99DA6E6CA16A2E1DA06E104F7
:10543000F104B1F52CEA35EC47E25EE36091D0125D
:105440007091D1128091D2129091D3120F943C3A64
:105450006FA378A789A79AA720E030E040E251E443
:10546000C501B4010F943C3A6C8F7D8F8E8F9F8F56
:105470008091C8129091C912A091CA12B091CB121A
:1054800089839A83AB83BC83AE01495D5F4FBE01C4
:10549000645E7F4FCE0101960F9467340C94F99DA2
:1054A000BAE6CB16B2E1DB06E104F10411F00C948C
:1054B000F99D20E030E040E251E4C501B4010F94D1
:1054C0003C3A6FA378A789A79AA72CEA35EC47E264
:1054D0005EE36091CC127091CD128091CE129091CA
:1054E000CF120F94B4416C8F7D8F8E8F9F8F8091E0
:1054F000C8129091C912A091CA12B091CB1289839F
:105500009A83AB83BC83AE01495D5F4FBE01645E8D
:105510007F4FCE0101960F9467340C94F99D8091D2
:10552000231490912414009711F40C94F99D813068
:10553000910509F0CCC080919E0C882309F4C1C06C
:1055400083E090E0909374148093731485E08093CB
:10555000671482E880936A1485E490E1A0E0B0E0EB
:1055600080936B1490936C14A0936D14B0936E148D
:1055700087E194E10F94FA090E94A32A882309F491
:1055800053C010E000E0E12C84E0B82E95E0D92E65
:1055900022E8C22EF12CE02FE170AE2E9E2C9F0C43
:1055A0008B2D8F19A11001C08F2DF801D89EE00D11
:1055B000F11D1124EE0FFF1FEE0FFF1FEA54F34FF2
:1055C00020E030E04AE754E4608171818281938178
:1055D0000F943C3A0F9426427093741460937314A2
:1055E000D0926714C0926A14892D90E08058974F2A
:1055F000880F991F092E000CAA0BBB0B80936B140C
:1056000090936C14A0936D14B0936E1487E194E1A1
:105610000F94FA09F394F5E0FF12C0CFEF0E0F5F7D
:105620001F4F29E1E212B6CF8AE090E09093741404
:105630008093731485E08093671482E880936A14E2
:1056400080E092E1A0E0B0E080936B1490936C1442
:10565000A0936D14B0936E1487E194E10F94FA094E
:105660000F947109811130C087E99DE19093010881
:105670008093000882E080931A0D81E09AE5909370
:1056800074148093731480E490E090937614809364
:10569000751487E08093671482E880936A1484E825
:1056A00090E0A0E0B0E080936B1490936C14A09312
:1056B0006D14B0936E1487E194E10F94FA090C9481
:1056C000F99D82E090E03ECF8BE89DE1CFCF823024
:1056D000910509F0EFC080E090E0A0E2B1E4809392
:1056E000140890931508A0931608B0931708809398
:1056F000180890931908A0931A08B0931B0884E621
:1057000090E0909374148093731405E000936714F1
:1057100012E810936A1484E590E1A0E0B0E0809371
:105720006B1490936C14A0936D14B0936E1487E176
:1057300094E10F94FA0920E030E040E251E46091F6
:1057400018087091190880911A0890911B080F94FD
:105750003C3A0F9426427093741460937314009330
:10576000671410936A1488E590E1A0E0B0E080939C
:105770006B1490936C14A0936D14B0936E1487E126
:1057800094E10F94FA096091D8127091D912809126
:10579000DA129091DB120F94264270937414609386
:1057A00073140093671410936A1486E390E1A0E0E9
:1057B000B0E080936B1490936C14A0936D14B0932D
:1057C0006E1487E194E10F94FA098091DC129091B4
:1057D000DD129093741480937314009367141093E4
:1057E0006A1484E390E1A0E0B0E080936B1490939E
:1057F0006C14A0936D14B0936E1487E194E10F9430
:10580000FA09109274141092731400936714109391
:105810006A1480E590E1A0E0B0E080936B1490936F
:105820006C14A0936D14B0936E1487E194E10F94FF
:10583000FA09109274141092731400936714109361
:105840006A148EE490E1A0E0B0E080936B14909332
:105850006C14A0936D14B0936E1487E194E10F94CF
:10586000FA0962E070E080E090E00F945E0981E068
:105870009AE5909374148093731481E490E090936C
:1058800076148093751487E08093671410936A14DC
:1058900084E890E0A0E0B0E080936B1490936C14E7
:1058A000A0936D14B0936E1487E194E10F94FA09FC
:1058B0000C94F99D8330910521F581E09AE5909350
:1058C00074148093731487E490E09093761480931B
:1058D000751487E08093671482E880936A1484E8E3
:1058E00090E0A0E0B0E080936B1490936C14A093D0
:1058F0006D14B0936E1487E194E10F94FA090C943F
:10590000F99D8430910511F40C94F99D8530910531
:1059100061F42EE730E140E050E069E374E087E1B4
:1059200094E10E9413770C94F99D069711F00C9462
:10593000F99D87E89DE190930108809300088BE032
:1059400090E0909374148093731485E080936714AF
:1059500082E880936A1480E092E1A0E0B0E0809356
:105960006B1490936C14A0936D14B0936E1487E134
:1059700094E10F94FA090C94F99D609123147091AD
:1059800024148DE79DE10F94B20980912314909126
:105990002414019711F581E09AE590937414809393
:1059A00073148FE390E0909376148093751487E0DE
:1059B0008093671482E880936A1484E890E0A0E002
:1059C000B0E080936B1490936C14A0936D14B0931B
:1059D0006E1487E194E10F94FA0980912314909159
:1059E0002414029711F00C94F99D81E09AE59093AC
:1059F00074148093731480E490E0909376148093F1
:105A0000751487E08093671482E880936A1484E8B1
:105A100090E0A0E0B0E080936B1490936C14A0939E
:105A20006D14B0936E1487E194E10F94FA090C940D
:105A3000F99D8091A30C80FF02C081FD36C08BE5EB
:105A40009DE1909301088093000820E030E0A901D7
:105A5000609108137091091380910A1390910B13B0
:105A60000F94BA4020E030E048EC52E40F943C3A06
:105A70000F942642709374146093731485E080939E
:105A8000671482E880936A1486E290E1A0E0B0E0B7
:105A900080936B1490936C14A0936D14B0936E1458
:105AA00087E194E10F94FA0996C08AE49DE1C9CF99
:105AB00020E030E0A90160910813709109138091F2
:105AC0000A1390910B130F94BA402DEC3CEC4CEC64
:105AD0005DE30F94BA406B017C0120E030E040E1CF
:105AE00051EC0F941A4387FD76C020E030E040E18E
:105AF00051E4C701B6010F94D63918160CF46BC0E7
:105B000020E030E040E251E46091370D7091380DB3
:105B10008091390D90913A0D0F94B4410F94264223
:105B2000CB010E94C59620E030E0A90160910813E6
:105B30007091091380910A1390910B130F94BA403E
:105B400020E030E048EC52E40F943C3A0F942642B7
:105B5000709374146093731485E08093671482E8E3
:105B600080936A1486E290E1A0E0B0E080936B1429
:105B700090936C14A0936D14B0936E1487E194E12C
:105B80000F94FA0920E030E0A901609108137091A8
:105B9000091380910A1390910B130F94BA408E0150
:105BA000045E1F4F23E041E00F94A3349F938F9333
:105BB0008CE39DE19F938F930B5111091F930F93DA
:105BC0000F946D39C8010F949F0C0F900F900F9098
:105BD0000F900F900F908AE090E090937414809350
:105BE000731485E08093671482E880936A1480E0E0
:105BF00092E1A0E0B0E080936B1490936C14A093BA
:105C00006D14B0936E1487E194E10F94FA090C942B
:105C1000F99D20E030E0A90160910813709109130B
:105C200080910A1390910B130F94BA402DEC3CEC29
:105C30004CEC5DE30F94B9406B017C0120E030E057
:105C400040E151EC0F941A4387FDC5CF20E030E0CE
:105C500040E151E4C701B6010F94D63918160CF48F
:105C6000BACF20E030E040E251E46091370D70910E
:105C7000380D8091390D90913A0D0F94B4419058A0
:105C80000F942642CB010E94C59620E030E0A90186
:105C9000609108137091091380910A1390910B136E
:105CA0000F94BA4020E030E048EC52E40F943C3AC4
:105CB0000F942642709374146093731485E080935C
:105CC000671482E880936A1486E290E1A0E0B0E075
:105CD00080936B1490936C14A0936D14B0936E1416
:105CE00087E194E10F94FA0920E030E0A901609186
:105CF00008137091091380910A1390910B130F945C
:105D0000BA408E01045E1F4F23E041E00F94A3349C
:105D10009F938F938EE29DE14DCF80E00E94FE35F0
:105D20000F947109811120C08CE19DE190930108CD
:105D30008093000882E080931A0D81E09AE59093A9
:105D400074148093731484E590E090937614809398
:105D5000751487E08093671482E880936A1484E85E
:105D600090E0A0E0B0E094CE8EE09DE1DFCF83E054
:105D700080931A0D83E090E09093741480937314D1
:105D800085E08093671482E880936A148DE890E13F
:105D9000A0E0B0E080936B1490936C14A0936D140A
:105DA000B0936E1487E194E10F94FA09C12C71E16C
:105DB000D72EE12CF12C05E012E810927414109209
:105DC00073140093671410936A14C0926B14D092EA
:105DD0006C14E0926D14F0926E1487E194E10F94CC
:105DE000FA0982E0C80ED11CE11CF11CA2E3CA161C
:105DF000A1E1DA06E104F10401F781E09AE590936C
:105E000074148093731480E490E0909376148093DC
:105E1000751487E08093671410936A1484E890E007
:105E2000A0E0B0E080936B1490936C14A0936D1479
:105E3000B0936E1487E194E10F94FA0980EB9CE132
:105E40009093010880930008C6CE80E090E0A0E81F
:105E5000B0E489839A83AB83BC8362E0CE01019670
:105E60000E94E694C12CD12C66E1E62E63E4F62E66
:105E7000C982DA82EB82FC8260E0CE0101960E9448
:105E8000E694C982DA82EB82FC8261E0CE0101965F
:105E90000E94E69486E080931A0D9DCE80E090E00B
:105EA000A0E8B0E489839A83AB83BC8362E0CE012F
:105EB00001960E94E694C12CD12C50EBE52E51E4C2
:105EC000F52ED6CF80E090E0A0E8B0E489839A83F5
:105ED000AB83BC8362E0CE0101960E94E69480E031
:105EE00090E0ABE8B3E489839A83AB83BC8360E042
:105EF000CE0101960E94E69480E090E0A0EBB1E430
:105F000089839A83AB83BC83C0CF80E090E0A0E814
:105F1000B0E489839A83AB83BC8362E0CE010196AF
:105F20000E94E694C12CD12C4BE8E42E43E4F42EDD
:105F30009FCF80E090E0A0E8B0E489839A83AB83B0
:105F4000BC8362E0CE0101960E94E69480E090E07E
:105F5000A0EBB1E489839A83AB83BC8360E0CE017C
:105F600001960E94E69480E090E0ABE8B3E4C8CFED
:105F700080919E0C811120C083E090E09093741476
:105F80008093731485E08093671482E880936A1489
:105F900085E490E1A0E0B0E080936B1490936C14E2
:105FA000A0936D14B0936E1487E194E10F94FA09F5
:105FB00081E00E94FE3549CD82E090E09093741418
:105FC0008093731485E08093671482E880936A1449
:105FD00085E490E1A0E0B0E080936B1490936C14A2
:105FE000A0936D14B0936E1487E194E10F94FA09B5
:105FF00080E0DFCF88EA9CE190930108809300085D
:106000008AE994E00F949F0CE6CD82EA9CE190939C
:1060100001088093000882EB94E0F4CF8CE99CE1C6
:10602000909301088093000884EC94E0EBCF8CE718
:106030009CE190930108809300088EED94E0E2CFFC
:106040008DE59CE190930108809300088FEE94E029
:10605000D9CF10920F0810920E0810920C080F94CE
:106060006314B9CD8FEF90E090930F0880930E08E2
:1060700081E080930C08F3CF8AE080931108EFCF82
:1060800084E6FBCF80910B08882319F010920B084F
:10609000E6CF81E080930B08E2CF80910D088A3033
:1060A00019F410920D08DBCF8AE080930D08D7CF4A
:1060B0008CE49CE1C5CE8DE29CE1C2CE87E09CE100
:1060C000BFCE8BEF9BE1BCCE8FED9BE10F94D1094E
:1060D00082CD84E080931A0D80911B1490911C1442
:1060E000A0911D14B0911E1460912314709124147A
:1060F0008834E0E19E07A105B10509F448C08A345F
:10610000F0E19F07A105B10509F450C08C3420E1EE
:106110009207A105B10509F491C0C12CD12C7601DB
:106120004601570186349041A105B105E9F5633078
:10613000710549F58EEC9BE190930108809300086E
:1061400081E080930708109206088AE090E090931F
:1061500074148093731485E08093671482E88093AD
:106160006A1480E092E1A0E0B0E080936B14909319
:106170006C14A0936D14B0936E1487E194E10F94A6
:10618000FA090C94F99D10921A0D0C94F99DC12CEA
:1061900020E8D22E2DE9E22E23E4F22E812C912C40
:1061A00030E7A32E31ECB32E10E00DC0C12CD12C62
:1061B0008BE9E82E83E4F82E812C912C90E2A92E15
:1061C00091ECB92E11E090E080E00F94DB3920E0F3
:1061D00030E040E251E40F94B4412B013C01A501B1
:1061E00094010F94D63987FF34C089829A82AB829A
:1061F000BC82612FCE0101960E94E69410921A0D86
:106200008AE090E0909374148093731485E08093F7
:10621000671482E880936A1480E092E1A0E0B0E025
:1062200080936B1490936C14A0936D14B0936E14C0
:1062300087E194E10F94FA090C94F99DC12CD12CBB
:1062400008ECE02E03E4F02E812C912C540112E096
:10625000BACFA7019601C301B2010F941A431816D1
:106260002CF049825A826B827C82C3CFC982DA8247
:10627000EB82FC82BECF80911B1490911C14A091E4
:106280001D14B0911E148635F0E19F07A105B105DC
:1062900009F018C2009123141091241420E030E07A
:1062A0004AE253E46091D8127091D9128091DA12C7
:1062B0009091DB120F94D63987FF04C00530110589
:1062C00008F488C00430110509F404C108F05EC068
:1062D0000230110509F4D6C008F0F3C001301105F1
:1062E00009F4BDC020E030E040E251E460911408C0
:1062F0007091150880911608909117080F943C3AF8
:106300000F942642709374146093731405E0009305
:10631000671412E810936A1484E590E1A0E0B0E0FD
:1063200080936B1490936C14A0936D14B0936E14BF
:1063300087E194E10F94FA0920E030E040E251E473
:10634000609118087091190880911A0890911B08A3
:106350000F943C3A0F942642709374146093731414
:106360000093671410936A1488E590E1A0E0B0E010
:1063700080936B1490936C14A0936D14B0936E146F
:1063800087E194E10F94FA090C94F99D0630110508
:1063900071F008F4B0C0013F110509F0A3CF1092CD
:1063A0001C0861E070E080E090E00F945E0981E0FD
:1063B0009AE5909374148093731481E490E0909321
:1063C00076148093751487E08093671482E8809335
:1063D0006A1467C18AEA90E09093741480937314EE
:1063E00085E08093671412E810936A1480E290E1CC
:1063F000A0E0B0E080936B1490936C14A0936D14A4
:10640000B0936E1487E194E10F94FA0965E070E0AF
:1064100080E090E00F945E0981E09AE59093741417
:106420008093731482E490E09093761480937514B3
:1064300087E08093671410936A1484E890E0A0E0EA
:10644000B0E080936B1490936C14A0936D14B09390
:106450006E1487E194E10F94FA090C94F99D209150
:106460001408309115084091160850911708609152
:106470004702709148028091490290914A020F941C
:10648000B94012C020914702309148024091490220
:1064900050914A0260911408709115088091160875
:1064A000909117080F94BA40609347027093480286
:1064B0008093490290934A028BEA92E00F94EE0493
:1064C00011CF209118083091190840911A08509165
:1064D0001B08CDCF209147023091480240914902DC
:1064E00050914A02609118087091190880911A0819
:1064F00090911B08D7CF81E080931C0880E090E04A
:10650000AEE3B3E489839A83AB83BC8360E0CE01BE
:1065100001960F94BA0820E030E048EC52E4609114
:10652000D8127091D9128091DA129091DB120F94E7
:106530003C3A6B017C016091DC127091DD12072EF8
:10654000000C880B990B0F94DD399B01AC01C7013E
:10655000B6010F94B4410F942D426536710510F0C9
:1065600064E670E0709374146093731405E0009314
:10657000671412E810936A1484E290E1A0E0B0E09E
:1065800080936B1490936C14A0936D14B0936E145D
:1065900087E194E10F94FA096091D8127091D912B1
:1065A0008091DA129091DB120F942642709374144A
:1065B000609373140093671410936A1486E390E158
:1065C000A0E0B0E080936B1490936C14A0936D14D2
:1065D000B0936E1487E194E10F94FA098091DC1274
:1065E0009091DD1290937414809373140093671448
:1065F00010936A1484E390E1A0E0B0E080936B1400
:1066000090936C14A0936D14B0936E1487E194E191
:106610000F94FA0910927414109273140093671473
:1066200010936A1480E590E1A0E0B0E080936B14D1
:1066300090936C14A0936D14B0936E1487E194E161
:106640000F94FA0910927414109273140093671443
:1066500010936A148EE490E1A0E0B0E080936B1494
:1066600090936C14A0936D14B0936E1487E194E131
:106670000F94FA0965E070E080E090E00F945E0905
:1066800081E09AE5909374148093731484E490E00D
:10669000909376148093751487E080936714109319
:1066A0006A1484E890E0A0E0B0E080936B149093CB
:1066B0006C14A0936D14B0936E1487E194E10F9461
:1066C000FA0910CE843520E19207A105B105C1F485
:1066D000609123147091241490E080E00F94DB39D2
:1066E00020E030E040E251E40F94B441609314089C
:1066F0007093150880931608909317080C94F99DD1
:1067000088359041A105B10511F00C94F99D609177
:1067100023147091241490E080E00F94DB3920E082
:1067200030E040E251E40F94B44160931808709354
:10673000190880931A0890931B080C94F99D8CE912
:106740009BE10E94173787E99BE1909301088093B2
:1067500000080C94F99D81E09AE59093741480935D
:1067600073148EE590E0909376148093751487E00F
:106770008093671482E880936A1484E890E0A0E034
:10678000B0E080936B1490936C14A0936D14B0934D
:106790006E1487E194E10F94FA090C94F99D8EEF41
:1067A00094E00F949F0C21E048E060E080914D025E
:1067B00090914E020E9462DC0C94F99D8BE89BE163
:1067C0000E94173781E89BE19093010880930008AD
:1067D0000C94F99D83E79BE10E94173783E69BE1C8
:1067E00090930108809300080C94F99D81E195E055
:1067F0000F949F0C21E044E06FEF80914B02909149
:106800004C020E9462DC0C94F99D84E59BE10E949D
:1068100017378FE49BE190930108809300080C9454
:10682000F99D80E49BE10E9417370C94F99D82E367
:106830009BE10E941737809123149091241481309A
:10684000910519F58AE19BE10E9417378091530267
:106850008650823020F01092C80B0C94F99D8091E4
:10686000C60B882329F08091BF0781110C94F2A8F0
:1068700082E08093C70B1092C80B83E080932008BE
:1068800081E0809305080C94F99D892B11F00C94FC
:10689000F99D84E09BE10E94173780915302865056
:1068A000823010F00C94F99D81E08093C70B109218
:1068B000C80B0C94F99D809123149091241481307D
:1068C000910541F48EEF9AE19093010880930008BE
:1068D0000C94F99D029711F00C94F99D87EF9AE1C1
:1068E00090930108809300080C94F99DC9010196CA
:1068F00097FD4F9615E0959587951A95E1F70197C5
:10690000909374148093731405E00093671412E855
:1069100010936A148AE890E1A0E0B0E080936B14D1
:1069200090936C14A0936D14B0936E1487E194E16E
:106930000F94FA0988E090E00C94C09F85EE9AE1EC
:106940000E9417370F94AF0840911B1450911C14EC
:1069500060911D1470911E14882331F0433DF0E2C4
:106960005F0761057105F1F1423D50426105710516
:1069700011F00C94F99D80912314909124140197A7
:1069800009F4D9C180912314909124148230910587
:1069900009F05AC28BEB9AE10E9417370091230845
:1069A000109124080C5F1F4F0F94790921E030E00B
:1069B00040910208411102C030E020E0280F391F49
:1069C0000217130710F00C94F99D80912308909101
:1069D0002408049690932408809323080F941C168F
:1069E0000C94F99D8BED9AE10E9417378091231446
:1069F0002FEF280F2093220840910308509104089C
:106A0000452B09F03FC0909102089923D9F140919C
:106A1000230850912408240F352F311D232B79F59D
:106A20000E9438C68FEF9FEF9093481380934713CF
:106A300080910208815080930208109204081092FD
:106A40000308811112C01092C0070F948E0983EDC4
:106A50009AE10E94173790E080E00F941C16109284
:106A60002408109223080C94069E6FE270E080ECDC
:106A700097E00F940844DC0111961C92E8CF8250F5
:106A80008093220871E2C72E72E1D72EE12CF12CFF
:106A9000E3E14E2EE0E65E2E612C712CAA24AA942E
:106AA000BA2CA5E08A2EB2E89B2E0AE010E0B09244
:106AB0007414A09273148092671490926A14409296
:106AC0006B1450926C1460926D1470926E1487E186
:106AD00094E10F94FA091093741400937314809244
:106AE000671490926A14C0926B14D0926C14E09266
:106AF0006D14F0926E1487E194E10F94FA09B0E1FD
:106B00004B0E511C611C711CEFEFCE1ADE0AEE0A0F
:106B1000FE0AF5E2CF16F2E1DF06E104F10439F6F0
:106B200064EDC62E60E2D62EE12CF12C05E012E8D1
:106B300010927414109273140093671410936A14D3
:106B4000C0926B14D0926C14E0926D14F0926E149B
:106B500087E194E10F94FA092FEFC21AD20AE20AF0
:106B6000F20A8EEDC81680E2D806E104F10401F7BE
:106B7000209122088091230890912408820F911D72
:106B80000E941B7A2091F11480912308909124088F
:106B900060912208680F792F711D25FF71C08BEC61
:106BA0009AE10F94D10920912208809123089091B5
:106BB0002408820F911D0E941B7A80910208843064
:106BC00008F049CF60E572E180EC97E00F94FD4357
:106BD00061E275E080EC97E00F94FD4319821C821E
:106BE00080912F156CE275E1811102C061E175E1C0
:106BF00021E040E552E1CE0101960E943ACF882380
:106C0000B1F18BE1FE013196ACE2B5E101900D925C
:106C10008A95E1F78091F1148F7B8093F114A09114
:106C2000E614AA3080F481E08A0F8093E6148BE1A9
:106C30008A9FD0011124A95BBA4EECE2F5E10190E4
:106C40000D928A95E1F7CE0101960E9472298FEF8D
:106C50009FEF9093481380934713809102088F5FB2
:106C6000809302081092040810920308F4CE0E9448
:106C7000B93260E572E182E29AE10E949BF1E3CFD2
:106C800082EC9AE10F94D109209122088091230887
:106C900090912408820F911D0E941B7A24ED30E20E
:106CA00040E050E060E572E187E194E10E941377F3
:106CB000809123149091241454E0880F991F5A95C1
:106CC000E1F78D5F9F49B0E0A0E020EF37E8309317
:106CD0007414209373140093671410936A148093B0
:106CE0006B1490936C14A0936D14B0936E1487E1A1
:106CF00094E10F94FA098091231490912414805EFA
:106D00009D4EB0E0A0E026E030E030937414209374
:106D100073140093671410936A1480936B14909308
:106D20006C14A0936D14B0936E1487E194E10F94EA
:106D3000FA090C94F99D0F94AF08882309F422CE28
:106D4000209122088091230890912408820F911DA0
:106D50000E941B7A80E592E10E9467C6C12C40E246
:106D6000D42EE12CF12C05E012E81092741410924C
:106D700073140093671410936A14C0926B14D0922A
:106D80006C14E0926D14F0926E1487E194E10F940C
:106D9000FA09AFEFCA1ADA0AEA0AFA0ABAE0CB1617
:106DA000B0E2DB06E104F10401F7209122088091B2
:106DB000230890912408820F911D0E941B7A20E0E5
:106DC00030E240E050E060E572E187E194E10E944A
:106DD000137762E070E080E090E00F945E0962E07B
:106DE00070E080E090E00F945E0981E09AE5909376
:106DF00074148093731485E390E0909376148093D9
:106E0000751487E08093671410936A1484E890E007
:106E1000A0E0B0E080936B1490936C14A0936D1479
:106E2000B0936E1487E194E10F94FA0981E08093A6
:106E30001F0883E0809320081092240810922308F2
:106E4000109222080C94F99D83309105B1F486EBE1
:106E50009AE10E941737809123089091240884308A
:106E6000910510F40C94F99D049790932408809355
:106E700023080F941C160C94F99D049711F00C94A0
:106E8000F99D8EEA9AE10E94173786EA9AE190937B
:106E90000108809300080C94F99D2536310558F0BF
:106EA0008FEF90E090930F0880930E0881E080931D
:106EB0000C080C9419A0AFEFB0E00F946E4024E6DC
:106EC00030E040E050E00F943C4030930F082093B6
:106ED0000E08ECCF81E395E00F94491860912314DC
:106EE000709124148EE89AE10F94D10980912314B3
:106EF000909124148A30910568F48AE080931108F7
:106F00006091110886E79AE10E94A33C0F946314F4
:106F10000C94F99D8536910588F384E6EFCF83E4E0
:106F200095E00F94491880912314909124148A308D
:106F3000910528F48AE0809310080C9419A08536F6
:106F40009105C8F384E6F7CF8536910510F40C94CB
:106F500035A084E690E00C9435A0C0901B14D0902E
:106F60001C14E0901D14F0901E14E1E1DE1AE108FB
:106F7000F108F694E794D794C7948C2D65E00F94AC
:106F80007D40182F8BEF189F802D1124082F0C0D9A
:106F900010FF04C0E4E0EC190E2F081B6C2D8BE6EB
:106FA0009AE10E94A33C602F85E69AE10E94A33CEF
:106FB000612F8FE59AE10E94A33C20912314309128
:106FC0002414B90190E080E037FF74C00F94DB39DE
:106FD00020E030E040E857E40F94B94020E030E092
:106FE0004AE754E40F94B4416B017C01BC01A60153
:106FF00086E59AE10E94093420E030E040EA50EC56
:10700000C701B6010F94D63987FD57C020E030E0A4
:1070100040EA50E4C701B6010F941A43181634F43D
:10702000C12CD12C20EAE22E20E4F22EB701A601D9
:1070300083E49AE10E940934053090F4153080F41D
:1070400025E0029FF0011124E10FF11DEE0FFF1F5B
:10705000EE0FFF1FEA54F34FC082D182E282F38227
:1070600080901B1490901C14A0901D14B0901E14BE
:1070700020E030E04AE754E4C701B6010F943C3AFF
:107080000F942642709374146093731485E0809378
:10709000671482E880936A1480926B1490926C1447
:1070A000A0926D14B0926E1487E194E10F94FA09E6
:1070B0000C94F99D0F94DB3991CFC12CD12C90EA1F
:1070C000E92E90ECF92EB2CF0FEF1FEF0C947A9DC2
:1070D00008E010E00C947A9D03E010E00C947A9D97
:1070E0000FE010E00C947A9D8E34E0E19E07A1053C
:1070F000B10511F40C94A79D8C39F0E19F07A1050F
:10710000B10511F40C94A79D863220E19207A105E8
:10711000B10511F00C94A99D06E010E00C94D59DEA
:107120008A34E2E19E07A105B10511F40C94A79DF4
:10713000D0F4823422E19207A105B10511F40C9438
:10714000A79D8634E2E19E07A105B10511F40C94D8
:10715000A79D8A33F2E19F07A105B10511F00C94B8
:10716000A99D0C94A79D823522E19207A105B10546
:1071700011F40C94A79D50F48E34F2E19F07A10501
:10718000B10511F00C94A99D0C94A79D843522E1C2
:107190009207A105B10511F40C94A79D8635E2E193
:1071A0009E07A105B10511F00C94A99D0C94A79D13
:1071B0008837F2E19F07A105B10511F40C94A79D52
:1071C00008F048C08A36E2E19E07A105B10511F436
:1071D0000C94A79DD0F4823622E19207A105B10557
:1071E00011F40C94A79D8636E2E19E07A105B10536
:1071F00011F40C94A79D8E35F2E19F07A105B1050E
:1072000011F00C94A99D0C94A79D823722E192075E
:10721000A105B10511F40C94A79D50F48037F2E15B
:107220009F07A105B10511F00C94A99D0C94A79D91
:10723000843722E19207A105B10511F40C94A79DB2
:107240008637E2E19E07A105B10511F00C94A99DD6
:107250000C94A79D8038F2E19F07A105B10511F4B8
:107260000C94A79DD0F48C37E2E19E07A105B105EF
:1072700011F40C94A79D8E37F2E19F07A105B1058B
:1072800011F40C94A79D8A3722E19207A105B1055C
:1072900011F00C94A99D0C94A79D8438E2E19E07FF
:1072A000A105B10511F40C94A79D50F4823822E198
:1072B0009207A105B10511F00C94A99D0C94A79D0E
:1072C0008638E2E19E07A105B10511F40C94A79D53
:1072D0008115F3E19F07A105B10511F00C94A99D5B
:1072E0000C94A79DCF93882389F0C82F0E94B932B0
:1072F00084E50E94F2308C2F0E947AD280E20E94B4
:10730000F2308CED90E2CF910C94F930CF9108954A
:107310006F927F928F929F92AF92BF92CF92DF92A5
:10732000EF92FF920F931F93CF93DF93CDB7DEB70A
:10733000C655D1090FB6F894DEBF0FBECDBF5C01B4
:107340007B016DB67EB6BE016F5F7F4FC5010E94A7
:107350006B7918160CF06BC08C858871803109F040
:1073600081C08DB69EB610E000E0E114F10439F062
:10737000F70101900020E9F78F010E191F09C801DC
:107380000D962DB73EB7281B390B0FB6F8943EBFAC
:107390000FBE2DBF8DB79EB701966C01080F191F48
:1073A000E114F10439F0B7010F9413448FE2F801AE
:1073B00031978083BE016F5F7F4FC8010E94E2C694
:1073C0001CAE1FAE21E0A801B501CE01CC960E94F3
:1073D0003ACF8823E1F08BE1FE01FC96DE01919625
:1073E00001900D928A95E1F7B601CE0181960E9437
:1073F00088B9CE0181960E947229CE01CC960E9456
:1074000072290FB6F8949EBE0FBE8DBE9CCF0E940F
:10741000B932B80188EA90E20E949BF1CE01CC9685
:107420000E9472290FB6F8949EBE0FBE8DBE0FB695
:10743000F8947EBE0FBE6DBECA5ADF4F0FB6F894E9
:10744000DEBF0FBECDBFDF91CF911F910F91FF9097
:10745000EF90DF90CF90BF90AF909F908F907F90F4
:107460006F900895CE0101960E94C5C6882309F445
:107470006ACFE114F10431F0C7010E942CC68FE2FB
:107480000E94F230BE016F5F7F4F80E592E10E9463
:10749000E2C60E942CC680E20E94F2306D8D7E8D85
:1074A0008F8D98A10E9401798AE00E94F2304BCF23
:1074B0004F925F926F927F92AF92BF92CF92DF9284
:1074C000EF92FF921F93CF93DF9300D000D01F92D3
:1074D000CDB7DEB75C017B012C833D834E835F8398
:1074E0004091A50C45FB442740F963E670E2CE01CC
:1074F00001960E94DE3581E00E94DD7E69E170E048
:1075000080E090E00E94C72DBE016C5F7F4FC701F5
:107510000F942A1B1091A40C147080E00E94DD7E51
:107520001092A40C82E00F9445050F94D105CE0172
:1075300001960E94D535C0904302D0904402E0905D
:107540004502F090460220910813309109134091B2
:107550000A1350910B1360E070E080EA90E40F94FE
:10756000B9402B013C018091A50C85FF26C0112359
:1075700041F0A3019201C701B6010F941A431816F6
:107580003CF5C5010E94F93089E990E20E94F9308A
:10759000111104C08CE890E20E94F930A30192011D
:1075A000C701B6010F941A43181624F48AE790E233
:1075B0000E94F9308AE00E94F2301123F9F011E0C4
:1075C000A3019201C701B6010F941A4318160CF0DB
:1075D00010E0812F27960FB6F894DEBF0FBECDBF07
:1075E000DF91CF911F91FF90EF90DF90CF90BF90F0
:1075F000AF907F906F905F904F90089511E0E9CF2A
:107600002F923F924F925F926F927F928F929F92B2
:10761000AF92BF92CF92DF92EF92FF920F931F93A0
:10762000CF93DF93CDB7DEB76E970FB6F894DEBF7A
:107630000FBECDBF1C017D8F6C8F4B8F2E8F409165
:10764000A50C45FB442740F96DE470E2CE01489655
:107650000E94DE358091A50C85FF57C020916A0DF0
:1076600030916B0D40916C0D50916D0DF101608169
:107670007181828193810F94BA40AB01BC0188E48F
:1076800090E20E941F3320916E0D30916F0D40915A
:10769000700D5091710DEC8DFD8D60817181828135
:1076A00093810F94BA40AB01BC0185E490E20E9443
:1076B0001F33FB8D62E775E0F33051F068E775E04A
:1076C000F23031F069E875E0F13011F464E875E00A
:1076D00082E490E20E94D63E8FE390E20E94F9306D
:1076E0008E8D0E947AD26EE875E08CE390E20E9463
:1076F000D63E80E390E20E94F93047E150E26CE12F
:1077000070E28BE392E00E94A835F1014080518045
:107710006280738049825A826B827C82EC8DFD8DFF
:10772000C080D180E280F380CD82DE82EF82F88655
:107730008090430290904402A0904502B09046028F
:1077400089869A86AB86BC86BE016B5F7F4FCE0171
:1077500001960E94028081110FC08091A50C85FFC7
:1077600004C08FEF9FE10E94F930C12CD12C90EC26
:10777000E92E9FE7F92EF5C000910C1310910D131F
:10778000F8012081318142815381C301B2010F94FC
:10779000B9402B013C0149825A826B827C82F801FC
:1077A0002481358146815781C701B6010F94B940C4
:1077B0009B01AC012D833E834F835887809131021A
:1077C00090913202A0913302B09134028D879E874E
:1077D000AF87B88BCE010D966C0185017401C30192
:1077E000B2010F942C1A81E00F94991B81115EC194
:1077F0004091A50C45FB442740F96EEA7FE1CE019C
:1078000045960E94DE358091A30C82FFC9C020916D
:1078100008133091091340910A1350910B1360E043
:1078200070E080EA90EC0F94B940698B7A8B8B8B77
:107830009C8B20E030E040E451E4BE016F5E7F4F5E
:1078400089EA9FE10E9458BA882309F4AEC0C12C8E
:10785000D12C30ECE32E3FE7F32ECE0145960E946B
:10786000D535209108133091091340910A13509196
:107870000B13C701B6010F94BA406B017C01AC0138
:107880009B010F94AC43811159C09B8D933009F03B
:1078900000C120E030E040EA50E460914302709182
:1078A000440280914502909146020F94BA406D8740
:1078B0007E878F87988B67E173E0CE010D960F94DA
:1078C0002A1BEE8DE33008F446C020916A0D3091FA
:1078D0006B0D40916C0D50916D0DF10160817181C6
:1078E000828193810F94BA40AB01BC0187EF9FE185
:1078F0000E941F3320916E0D30916F0D4091700DDD
:107900005091710DEC8DFD8D60817181828193812B
:107910000F94BA40AB01BC0182EF9FE10E941F337C
:10792000B701A6018DEE9FE10E940934A7019601DF
:10793000C701B6010F94AC43882369F00E945D240F
:1079400060E08EED9FE10F94270D0E94BD318EEC1B
:107950009FE10E94F930B701A60181EC9FE10E94EE
:107960000934CE0148960E94D535C701B6016E96FE
:107970000FB6F894DEBF0FBECDBFDF91CF911F9140
:107980000F91FF90EF90DF90CF90BF90AF909F90BE
:107990008F907F906F905F904F903F902F900895C1
:1079A00060E070E080E291EC40CFC0904302D09064
:1079B0004402E0904502F09046028091A50C85FFBC
:1079C00006C0B701A6018CE99FE10E94093420E0BE
:1079D00030E040EA50E460914302709144028091AB
:1079E0004502909146020F94BA406D877E878F873B
:1079F000988B67E173E0CE010D960F942A1B20E06F
:107A000030E040EC50E4BE016F5E7F4F87E99FE1BC
:107A10000E9458BA81111BCF4090430250904402FB
:107A200060904502709046028091A50C85FF12C0BF
:107A3000B301A2018AE89FE10E941F33A3019201D2
:107A4000C701B6010F94B940AB01BC018CE79FE1BF
:107A50000E94093420E030E040E450E4C301B20168
:107A60000F943C3A2B013C01A7019601C701B601D6
:107A70000F94BA409B01AC01C301B2010F94BA400C
:107A80002DEC3CEC4CE45EE30F943C3A6B017C0142
:107A9000E4CE8B8D8150823008F013CF0E945D249C
:107AA000882309F40ECFFE8DF33038F4C12CD12C8D
:107AB00080ECE82E8FE7F82E41CFC12CD12C20ECA2
:107AC000E22E2FE7F22E01CF6F927F928F929F923C
:107AD000AF92BF92CF92DF92EF92FF920F931F93DC
:107AE000CF93DF9300D000D01F921F92CDB7DEB7A7
:107AF0005C014B013A01F22E68010091900C0F9449
:107B000066088091DC129091DD128C159D051CF4A5
:107B1000C6010F945B0860E080E00E94E450811190
:107B20001DC160E089E00E94F77B1C141D0444F431
:107B3000C6010F945B0840E060E080E00E941BD526
:107B400060E088E00E94F77B60E081E00E94E45002
:107B500080E090E0A0E7B2E48D839E83AF83B88796
:107B600080E090E0A0E8B0EC89839A83AB83BC838B
:107B7000BE016B5F7F4FCE0101960F94150587E024
:107B80000F94E500811168C08091470290914802EE
:107B9000A0914902B0914A0240914302509144029F
:107BA00060914502709146020091800C1091810C09
:107BB0002091820C3091830CC0907C0CD0907D0C75
:107BC000E0907E0CF0907F0CC092A60CD092A70C97
:107BD000E092A80CF092A90C0093AA0C1093AB0CA5
:107BE0002093AC0C3093AD0C4093AE0C5093AF0C83
:107BF0006093B00C7093B10C8093B20C9093B30C63
:107C0000A093B40CB093B50C80E090E0A8E4B2E48B
:107C100089839A83AB83BC83CE0101960F9487043A
:107C20008091840C9091850CA091860CB091870C6A
:107C30008093AE0C9093AF0CA093B00CB093B10CAA
:107C400080E090E0A0EAB0E489839A83AB83BC83B0
:107C5000CE0101960F94870480E090E0A0E7B2E4A3
:107C60008D839E83AF83B88780E090E0A0E8B0E486
:107C700089839A83AB83BC83BE016B5F7F4FCE0148
:107C800001960F9415058091880C9091890CA09114
:107C90008A0CB0918B0C8093470290934802A0937A
:107CA0004902B0934A028093B20C9093B30CA09314
:107CB000B40CB093B50C82EB9CE00E940EFF87E4FD
:107CC00092E00E940EFF60E089E00E94F77B61E095
:107CD00083E69FE10E94223180917B0C815080934A
:107CE0007B0C4BE65FE163E77FE185E00E94EE7B82
:107CF00080914310823011F40F94C40A80917B0C60
:107D0000882381F0815080937B0C0E945EC6809115
:107D10007A0C882339F040E060E070E080E090E485
:107D20000E94412780E00E94DD7E0E94EB2D0E9490
:107D3000477C28960FB6F894DEBF0FBECDBFDF910B
:107D4000CF911F910F91FF90EF90DF90CF90BF9058
:107D5000AF909F908F907F906F900895E12C2F2D82
:107D6000A301B401C5010E946F82DFCE8BE1E1E186
:107D7000F5E1ACE2B5E101900D928A95E1F78091D1
:107D8000F11480648093F1141092E6140895CF9357
:107D900080914D12C1E08823C9F080914E129091DC
:107DA0004F124091451250914612609147127091C6
:107DB0004812DC01ED91FC910288F389E02D25E465
:107DC00030E11995C82F811104C0C0E08C2FCF91EC
:107DD00008954091491250914A1260914B1270914E
:107DE0004C124115510561057105B9F080914E1293
:107DF00090914F12DC01ED91FC910288F389E02D06
:107E000025E430E11995882301F31092491210926C
:107E10004A1210924B1210924C1210924D12D6CF61
:107E20000F931F93CF93DF93CDB7DEB760970FB655
:107E3000F894DEBF0FBECDBF8C01DC01ED91FC914B
:107E40000280F381E02DBE016F5F7F4F199588237B
:107E500009F464C08981807CC9F56F81637070E02A
:107E6000762F6627770F770F8885B4E08B9FC00148
:107E70001124682B792B8985829586958695837048
:107E8000682B6F5F7F4F90E080E02A852370220F80
:107E90003B8537FB332730F9232B3E813F70230F7F
:107EA0003327331F2750310904C0660F771F881FFF
:107EB000991F2A95D2F760960FB6F894DEBF0FBED1
:107EC000CDBFDF91CF911F910F910895803419F5A7
:107ED00068856695669570E090E080E0CB01772735
:107EE00066272A85622B098510E0102F0027012EB6
:107EF000000C220B330B602B712B822B932B6F5FAB
:107F00007F4F8F4F9F4F4AE0660F771F881F991F43
:107F10004A95D1F7D0CF8BE0F801848360E070E020
:107F2000CB01C9CF0895FC01828108952F923F9221
:107F30004F925F926F927F928F929F92AF92BF9279
:107F4000CF92DF92EF92FF920F931F93CF93DF9325
:107F500000D000D0CDB7DEB7DC010D90BC91A02DD4
:107F6000BE83AD8318966D917C91072E000C880B13
:107F7000990B0F94DD396B017C0120E030E0A90101
:107F80000F94D6398823E1F0AD81BE8114968D918E
:107F90009D910D90BC91A02D89839A83AB83BC8366
:107FA0009C01AD01C701B6010F94B9404B015C01C2
:107FB00020E030E040E251EC0F94D63987FF08C052
:107FC00081E0ED81FE818387C12CD12C7601DCC05C
:107FD00020E030E040E251E4C501B4010F941A43BF
:107FE000181664F481E0AD81BE811B968C93C12C80
:107FF000D12C8FE7E82E83E4F82EC6C0ED81FE81F8
:108000008385882349F0138614861586168617867D
:10801000148E158E168E178EAD81BE8194964D905E
:108020005D906D907C9097971C962D913D914D9110
:108030005C911F97C501B4010F94BA40F62EE72E4C
:10804000D82EC92E20E030E0A9010F94D63987FD43
:10805000B6C0A301920160E070E08FE793E40F9453
:10806000B441162F072F382E292E2F2D3E2D4D2DA2
:108070005C2D0F94D63987FF02C0780161018F2DE6
:108080009E2DAD2DBC2DED81FE8184879587A68721
:10809000B78720A131A142A153A1C501B4010F941A
:1080A0003C3A4B015C01AD81BE8154968D929D920C
:1080B000AD92BC9257972F2D3E2D4D2D5C2DC301B7
:1080C000B2010F943C3A2B013C01ED81FE81408EC0
:1080D000518E628E738EC48CD58CE68CF78C298180
:1080E0003A814B815C8160897189828993890F947F
:1080F000B940AD81BE8198962D913D914D915C9195
:108100009B970F943C3AA70196010F94B94020ED3C
:108110003CEC4CE45DE30F943C3AA70196010F94CC
:10812000BA406B017C01ED81FE81C48ED58EE68E56
:10813000F78E89819A81AB81BC81808B918BA28BD8
:10814000B38BA3019201C501B4010F94BA40A701FA
:1081500096010F94BA4020E030E0A9010F94BA4094
:108160006B017C0120E030E0A9010F94D63987FD36
:108170002BCF20E030E04FE753E4C701B6010F9466
:108180001A4318160CF433CFC701B60126960FB662
:10819000F894DEBF0FBECDBFDF91CF911F910F913D
:1081A000FF90EF90DF90CF90BF90AF909F908F9017
:1081B0007F906F905F904F903F902F900895F12C9B
:1081C000E12CD12CC12C5BCFCF93DF93C091DC127B
:1081D000D091DD1281E0CE31D105E4F020E030E035
:1081E00040E05FE36091D8127091D9128091DA1269
:1081F0009091DB120F94BA400F9426426C1B7D0BBA
:1082000077FF03C071956195710981E06330710555
:108210000CF080E0DF91CF9108958F929F92AF9202
:10822000BF92CF92DF92EF92FF920F931F93CF9363
:10823000DF93B0E2A0E06A2F70E0AB014B0F511D5D
:1082400055954795411119C0E9E0FFE26591749198
:10825000072E000C880B990B0F94DD39DF91CF911D
:108260001F910F91FF90EF90DF90CF90BF90AF9054
:108270009F908F900895B42FE0CFA41711F0B413FE
:1082800003C0E5E8FFE2E2CF9A0121503109220F55
:10829000331F220F331FF901E95FF04DE590F49091
:1082A000F901E55FF04DC591D4918E159F0518F346
:1082B000A42FC817D90708F4BECFF901E75FF04D26
:1082C00005911491F901E35FF04DC590D4908E199A
:1082D0009F09BC0190E080E00F94DB394B015C0109
:1082E000B601601B710B072E000C880B990B0F94C5
:1082F000DD399B01AC01C501B4010F943C3A4B013F
:108300005C01CE19DF09BE0190E080E00F94DB39FB
:108310009B01AC01C501B4010F94B4416B017C0118
:10832000B801110F880B990B0F94DD399B01AC013B
:10833000C701B6010F94BA4091CFEF92FF920F930D
:108340001F93E0920917F0920A1700930B171093EE
:108350000C176093171770931817809319179FEFD6
:10836000FF27621B730B840B30F480957095619529
:10837000790B890B992790938806A6E06A9F009253
:108380007C06512DEE277A9F500DE11D8A9FE00D4E
:1083900050937D06E0937E06AFE06A9F00928006D0
:1083A000512DEE277A9F500DE11D8A9FE00D5093CD
:1083B0008106E0938206AAE06A9F00928406512D0E
:1083C000EE277A9F500DE11D8A9FE00D50938506A0
:1083D000E09386061F910F91FF90EF9008950000A3
:1083E0008091D21780FF23C089988FEF80934E1819
:1083F0008091D21781FF1EC08F9A8FEF80934F1804
:108400008091D21782FF19C080910B0180958270F4
:10841000809309018FEF809350188091D21783FFCA
:1084200013C016988FEF8093511800000895899A11
:1084300081E0DCCF8F9881E0E1CF80910B018270E9
:108440008093090181E0E7CF169A81E0ECCFCF93CA
:10845000DF93C091DC12D091DD12209729F1609159
:10846000D8127091D9128091DA129091DB120F9488
:1084700026426E5F7F4F24976C177D07ACF4709394
:108480004417609343170E947396605A75418F4F4B
:108490009F4F6093451770934617809347179093AB
:1084A0004817DF91CF910895109245171092461703
:1084B0001092471710924817F4CF0F9300910517A9
:1084C00021E0022726E037E141E050E0BC0182EFE5
:1084D00096E10E94192F0F9108950F9300910517AF
:1084E00021E0022726E037E14CE050E0BC0182EFBA
:1084F00096E10E94192F0F9108950F93009105178F
:1085000021E0022726E037E141E050E0BC0182EFA4
:1085100096E10E94192F0F9108950F93009105176E
:1085200021E0022726E037E148E050E0BC0182EF7D
:1085300096E10E94192F0F9108950F93009105174E
:1085400021E0022726E037E14CE050E0BC0182EF59
:1085500096E10E94192F0F9108950F93009105172E
:1085600021E0022726E037E144E050E0BC0182EF41
:1085700096E10E94192F0F9108950F9301E026E0D4
:1085800037E141E050E0BC0182EF96E10E94192FF3
:108590000F910895CF93DF93EC018D810E94923C5F
:1085A00060E08B81DF91CF910C94D695DF92EF92B2
:1085B000FF920F931F93CF93DF938C01C62FD22F7F
:1085C000F32EE42ED52E0E94CAC20E94C29C8C2F8C
:1085D00080640E94863C8D2D0E94863C8E2D0E94D8
:1085E000863C8F2D0E94863C8D2F0E94863C87E81A
:1085F000C11101C085E90E94863CCC3011F40E9473
:108600008B3CC0E00E948B3CF801868387FF04C04E
:10861000CF3F11F0CF5FF6CFDF91CF911F910F9138
:10862000FF90EF90DF90089561E0FC0183810E944C
:10863000D6958FEF0C94863C0F931F93CF938C01AC
:108640000E94CAC20E94C29CC82F882371F08DEF7D
:108650000E94863C0E94C29CC82FC8010E9414C37D
:108660008C2FCF911F910F91089582E1F80184839F
:10867000F4CF8F929F92AF92BF92CF92DF92EF9200
:10868000FF920F931F93CF93DF93EC016A017B015D
:10869000590120E030E0A90167E30E94D6C2A5019C
:1086A000980167E1CE010E94D6C2811127C08F8157
:1086B000833039F089E0CC0CDD1CEE1CFF1C8A9560
:1086C000D1F7A701960169E1CE010E94D6C211E05F
:1086D000882319F010E087E08C83CE010E9414C338
:1086E000812FDF91CF911F910F91FF90EF90DF903D
:1086F000CF90BF90AF909F908F90089589E08C832A
:1087000010E0EBCFCF93DF93EC016EBDFA01CA010D
:108710009E5F0DB407FEFDCF20812EBD0DB407FE78
:10872000FDCF21812EBD3296E817F90791F70DB4E0
:1087300007FEFDCF8FEF0E94863C8FEF0E94863CA4
:108740000E948B3C8E838F71853049F083E18C834E
:10875000CE010E9414C380E0DF91CF91089581E0A3
:10876000FBCF0F931F93CF93DF93EC018B010E94FC
:10877000CAC20E94C29C81110CC085E18C8310E0AA
:10878000CE010E9414C3812FDF91CF911F910F91D1
:108790000895A8016CEFCE010E9482C3182F882390
:1087A00061F3EECF0F931F93CF93DF93EC01890119
:1087B0008F81833039F089E0440F551F661F771F82
:1087C0008A95D1F79A01AB0168E1CE010E94D6C229
:1087D00081112AC0A8016EEFCE010E9482C3182F1A
:1087E0008823B1F00E94C29C182F8823D1F020E08A
:1087F00030E0A9016DE0CE010E94D6C2882321F0AD
:1088000086E18C8310E004C00E948B3C8111F8CF7C
:10881000CE010E9414C3812FDF91CF911F910F9140
:10882000089587E18C83F4CF86E0EBCF1F93CF933D
:10883000DF93EC010E94CAC220E030E0A9016CE0A5
:10884000CE010E94D6C211E0882319F010E083E027
:108850008C83CE010E9414C3812FDF91CF911F9191
:1088600008951F93CF93DF93EC018F81833039F00C
:1088700089E0440F551F661F771F8A95D1F79A012B
:10888000AB0162E1CE010E94D6C211E0882319F04B
:1088900010E085E08C83CE010E9414C3812FDF910C
:1088A000CF911F9108958F929F92AF92BF92EF92B6
:1088B000FF920F931F93CF93DF938C01EB017A010B
:1088C0000E9473964B015C012CE2820E21E0921E05
:1088D000A11CB11C0E948B3CF80186838F3F69F478
:1088E0000E947396681979098A099B0997FDF2CF4E
:1088F00081E1F8018483C0E021C08E3F71F5F1E091
:10890000EF1AF1088FEF8EBDFE012FEF0DB407FEB9
:10891000FDCF8EB581932EBDCF018C1B9D0B8E1587
:108920009F05A0F30DB407FEFDCF8EB5CE0DDF1D64
:1089300088830E948B3C0E948B3CC1E0C8010E944E
:1089400014C38C2FDF91CF911F910F91FF90EF9067
:10895000BF90AF909F908F9008958FE0CACF0F93F4
:108960001F93CF93DF93EC018B010E94CAC240E0BA
:1089700052E0B801CE01DF91CF911F910F910C947D
:1089800053C40F931F93CF93DF93EC0189018F8121
:10899000833039F089E0440F551F661F771F8A9591
:1089A000D1F79A01AB0161E1CE010E94D6C28111DB
:1089B0000AC040E052E0B801CE01DF91CF911F9193
:1089C0000F910C9453C484E08C83CE010E9414C395
:1089D00080E0DF91CF911F910F9108958F929F9228
:1089E000AF92BF92CF92DF92EF92FF920F931F93BD
:1089F000CF93DF93EC01162F1F821C824B830E94C2
:108A000073966B017C0120EDC20E27E0D21EE11CA3
:108A1000F11CA89561E08B810E94D69561E08B8165
:108A20000E940496209A289A219A2398229A81E0FB
:108A30000E94923C85E08D830E94923C0AE08FEF79
:108A40000E94863C0150D9F7A89520E030E0A901AA
:108A500060E0CE010E94D6C28E83813081F00E94F8
:108A600073966C197D098E099F0997FDEECF81E001
:108A70008C83CE010E9414C31A8280E06AC0A8953C
:108A80002AEA31E040E050E068E0CE010E94D6C220
:108A9000853041F581E08F83A8958F81812C912CC1
:108AA0005401823029F4812C912CA12C80E4B82E21
:108AB00020E030E0A90167E3CE010E94D6C2A50103
:108AC000940169E2CE010E94D6C28E838823F1F020
:108AD0000E9473966C197D098E099F0997FDE8CF56
:108AE0008AE0C6CF04E00E948B3C8E830150D9F708
:108AF0008A3A11F482E0CFCF0E9473966C197D09F7
:108B00008E099F0997FDBCCF82E0B2CF8F81823062
:108B1000C1F420E030E0A9016AE3CE010E94D6C290
:108B2000882311F088E0A4CF0E948B3C807C803C9D
:108B300011F483E08F830E948B3C0E948B3C0E9447
:108B40008B3CCE010E9414C381E08A83173070F4FD
:108B50001D83DF91CF911F910F91FF90EF90DF90D8
:108B6000CF90BF90AF909F908F90089588E18C83B5
:108B700084CF0F931F93CF93DF93EC018B0120E001
:108B800030E0A90169E00E94D6C281110AC040E12B
:108B900050E0B801CE01DF91CF911F910F910C945D
:108BA00053C480E18C83CE010E9414C380E0DF9126
:108BB000CF911F910F9108951F920F920FB60F92B0
:108BC00011242F933F938F939F93AF93BF938091E3
:108BD000870790918807A0918907B0918A07309103
:108BE000961823E0230F2D3758F50196A11DB11DCE
:108BF000209396188093870790938807A0938907FE
:108C0000B0938A0780918B0790918C07A0918D0774
:108C1000B0918E070196A11DB11D80938B07909393
:108C20008C07A0938D07B0938E07BF91AF919F9152
:108C30008F913F912F910F900FBE0F901F9018951D
:108C400026E8230F0296A11DB11DD2CF8DE00E9410
:108C5000F2308AE00C94F230CF93DF93EC018991EB
:108C6000882319F00E94F230FACFDF91CF91089556
:108C70008091E6148823C1F081508093E614E1E1ED
:108C8000F5E1882351F08150990B2BE1289FF001E9
:108C9000299FF00D1124E95BFA4E8BE1ACE2B5E1BE
:108CA00001900D928A95E1F78091E614811105C03B
:108CB0009091F11490649093F11408958091F114BF
:108CC00084FF04C08460877F8093F1140895CF925D
:108CD000DF92EF92FF920F931F93CF93DF93CDB765
:108CE000DEB7EDB6FEB6DC010D900020E9F79D0180
:108CF000281B390B285F3F4FEDB7FEB7E21BF30B84
:108D00000FB6F894FEBF0FBEEDBF0DB71EB70F5FD5
:108D10001F4F9F938F938EE490E39F938F931F93A6
:108D20000F930F946D396801F4E0CF0ED11C0F90B2
:108D30000F900F900F900F900F90D6018D916D01B5
:108D4000882349F0082E000C990B0F94CC43F601B0
:108D500031978083F2CF69E470E3C8010F9406393C
:108D60004FE350E0B80180EE97E10F9428440FB62E
:108D7000F894FEBE0FBEEDBEDF91CF911F910F9113
:108D8000FF90EF90DF90CF900895FC01938591FFC5
:108D900002C080E00895987121E0903109F020E050
:108DA0008091F11420FB85F98093F114903141F00A
:108DB0008085873471F781E091859E3751F308955E
:108DC00081E0FDCFFC0120E03EE2DB014D91BD01E1
:108DD000403249F0283011F430833196DB0111978D
:108DE0004C91408331962F5F2B3079F71082089594
:108DF000CF92DF92EF92FF92CF936B017C01C42F51
:108E00008091451290914612A0914712B09148125C
:108E10008C159D05AE05BF0529F10E94C7BE8111C5
:108E200008C0C0E08C2FCF91FF90EF90DF90CF90E3
:108E3000089580914E1290914F12DC01ED91FC91BA
:108E40000088F189E02D25E430E1B701A6011995EC
:108E5000882339F3C0924512D0924612E09247120D
:108E6000F0924812CC2321F081E080934D12DACFAA
:108E7000C1E0D8CF4F925F926F927F928F929F9274
:108E8000AF92BF92CF92DF92EF92FF920F931F9318
:108E9000CF93DF93EC01423051056105710590F4E9
:108EA00080E0DF91CF911F910F91FF90EF90DF90C5
:108EB000CF90BF90AF909F908F907F906F905F907A
:108EC0004F90089589859A85AB85BC850196A11D33
:108ED000B11D84179507A607B70710F38F89803156
:108EE000C9F5852E962EA72EBB248B899C89AD892A
:108EF000BE89880E991EAA1EBB1E280139016A016F
:108F00007B0141E0C501B4010E94F8C6882341F20B
:108F10009F89903181F5DD24EE24FF24F601EE0FC8
:108F2000FF1FEB5BFF4E118300839A89923008F498
:108F3000B8CF4D815E816F817885840E951EA61E07
:108F4000B71E8092491290924A12A0924B12B09290
:108F50004C12A7CF803209F0A3CF8B899C89AD89B1
:108F6000BE894A015B01E7E0B694A7949794879481
:108F7000EA95D1F7BECFE894C7F8DD24EE24FF24AC
:108F8000F601EE0FFF1FEE0FFF1FEB5BFF4E40825F
:108F9000518262827382C9CFCF92DF92EF92FF92A9
:108FA0000F931F93CF93DF93FC0181859285A38557
:108FB000B4850196A11DB11D84179507A607B707B3
:108FC00050F480E0DF91CF911F910F91FF90EF90CF
:108FD000DF90CF90089587898031A9F5BB27A72F0F
:108FE000962F852FC388D488E588F6888C0D9D1D23
:108FF000AE1DBF1DE9016A017B018F014091451241
:10900000509146126091471270914812841795074B
:10901000A607B70749F5F8018789803169F5B701D7
:10902000A601552766277727440F551F4B5B5F4ED8
:10903000FA0180819181B0E0A0E088839983AA83BE
:10904000BB8381E0BFCF803209F0BBCFC388D48817
:10905000E588F688DB01CA01C7E0B695A795979524
:109060008795CA95D1F7C2CF40E0BC01CD010E94DF
:10907000F8C68111D0CFA5CFB701A6014F775527EC
:1090800066277727440F551F440F551F4B5B5F4ED4
:10909000FA0180819181A281B381BF70CECF4F92BE
:1090A0005F926F927F92AF92BF92CF92DF92EF92D8
:1090B000FF920F931F93CF93DF9300D01F92CDB7F2
:1090C000DEB78C0149835A836B837C835901C12CA1
:1090D000D12C7601412C82E0582E612C712C4981D3
:1090E0005A816B817C819E012F5F3F4FC8010E9496
:1090F000CCC7882319F1F8018585A301920104C02A
:10910000220F331F441F551F8A95D2F7DA01C90178
:10911000C80ED91EEA1EFB1E49815A816B817C81D3
:1091200087898031F1F481E0483F5F4F6105710527
:10913000B0F2F501C082D182E282F3820F900F90EB
:109140000F900F90DF91CF911F910F91FF90EF90B3
:10915000DF90CF90BF90AF907F906F905F904F90D7
:10916000089581E0483F5F4F6F4F7F4008F4B7CFCD
:10917000E0CF0F931F93CF93DF93FC012381222332
:1091800031F080E0DF91CF911F910F9108958B0115
:10919000EC01FB018789803139F582E08B831D8AE0
:1091A0001E8A1F8A188E808D918DB0E0A0E025E088
:1091B000880F991FAA1FBB1F2A95D1F7898B9A8BFD
:1091C000AB8BBC8B1A8F098F81E089831886198637
:1091D0001A861B861C821D821E821F82188A1C868C
:1091E0001D861E861F86CECF803259F683E08B8384
:1091F000428D538D648D758D4D8B5E8B6F8B788F0B
:109200009E012F5E3F4FC8010E944FC88111DACFE7
:10921000B8CF3F924F925F926F927F928F929F92C0
:10922000AF92BF92CF92DF92EF92FF920F931F9374
:10923000CF93DF93CDB7DEB72C970FB6F894DEBF90
:109240000FBECDBF5C01DC0159968D909C90F4015E
:1092500081859285A385B4859C01AD012F5F3F4F29
:109260004F4F5F4F29873A874B875C87D50114960C
:109270004D905D906D907C9017974114510461045E
:10928000710409F459C0BFEF4B1A5B0A6B0A7B0AE1
:10929000312C730162011D821E821F821886F40127
:1092A00081859285A385B4852D813E814F81588526
:1092B000281739074A075B0708F056C089859A8541
:1092C000AB85BC858C159D05AE05BF0550F482E0CD
:1092D000C82ED12CE12CF12C92E0492E512C612C7E
:1092E000712C9E012F5F3F4FB701A601C4010E9460
:1092F000CCC78823C9F189819A81AB81BC81892B34
:109300008A2B8B2B01F1260137019FEF491A590A4D
:10931000690A790A2D813E814F8158852F5F3F4F21
:109320004F4F5F4F2D833E834F8358873FEFC31AC4
:10933000D30AE30AF30AB3CF40805180628073807E
:1093400033243394A6CFC414D504E604F70411F7EC
:109350000FEF1FEF2FEF3FE0B701A601C4010E94FE
:109360003AC7782E81111AC0712C872D2C960FB612
:10937000F894DEBF0FBECDBFDF91CF911F910F914B
:10938000FF90EF90DF90CF90BF90AF909F908F9025
:109390007F906F905F904F903F900895F5014481CA
:1093A000558166817781411551056105710539F057
:1093B00097018601C4010E943AC78823A9F2D5010A
:1093C0001496CD92DD92ED92FC921797332051F0D6
:1093D000D701C6010196A11DB11DF40180839183BF
:1093E000A283B383F50185899689A789B08D892BDE
:1093F0008A2B8B2B09F0B9CFC58AD68AE78AF08EE3
:10940000818180688183B1CFCF93DF93EC01462FB8
:1094100041706C857D858E859F850E94F8C6882366
:1094200051F0888920E2829FC00111248B5B9F4EFE
:10943000DF91CF91089590E080E0FACFCF93DF9352
:10944000EC018B81882349F1898187FF22C061E08B
:10945000CE010E9404CAFC01892BF9F08081853E6F
:10946000E1F08B81823040F489899A89AB89BC898B
:10947000848F958FA68FB78F8D899E89938F828FCA
:109480008D899E89AF89B88DB58BA48B89818F77A3
:109490008983DF91CF910C94C7BE81E0888380E0FF
:1094A000DF91CF9108958F929F92AF92BF92CF920A
:1094B000DF92EF92FF920F931F93CF93DF93EC0114
:1094C0008B8181110EC080E0DF91CF911F910F91B0
:1094D000FF90EF90DF90CF90BF90AF909F908F90D4
:1094E000089509891A892B893C89041715072607CD
:1094F000370748F34A015B01823031F48886998648
:10950000AA86BB8681E0E0CF81149104A104B10456
:1095100049F4188619861A861B861C821D821E82B3
:109520001F82F0CF088519852A853B85E98DFA8D44
:10953000858590E00996B901A8014150510961095A
:109540007109082E04C076956795579547950A943A
:10955000D2F775016401E1E0CE1AD108E108F10803
:1095600004C0F694E794D794C7948A95D2F7C416AA
:10957000D506E606F70620F0012B022B032B11F58A
:109580008D899E89AF89B88D8C839D83AE83BF837F
:109590008E010C5F1F4FC114D104E104F10409F4E2
:1095A000ADCF4C815D816E817F819801898D9A8DCF
:1095B0000E94CCC791E0C91AD108E108F1088111D5
:1095C000EACF81CFC41AD50AE60AF70AE1CF2F9273
:1095D0003F924F925F926F927F928F929F92AF9243
:1095E000BF92CF92DF92EF92FF920F931F93CF9390
:1095F000DF9300D01F92CDB7DEB78C014B011A016B
:10960000DC0113968C911397813009F0CFC011962D
:109610008C9181FFCBC082FDB5C06101D801189645
:109620004D915D916D917C911B97C114D10409F40A
:109630001BC159968D919C915A97FC0174802FEF14
:10964000270D2A013B0139E076946794579447949B
:109650003A95D1F7722E74207A01F1E0FF22711051
:1096600020C0E114F104E9F414964D915D916D91DF
:109670007C911797411551056105710509F09CC052
:1096800055968D919D910D90BC91A02D0097A105AF
:10969000B10509F0AAC0C8010E9409C9882309F4CC
:1096A00085C0A12C82E0B82EAE18BF08CA14DB0416
:1096B00008F45601D80159964D915C915A97149629
:1096C0008D919D910D90BC91A02D0297A109B1099A
:1096D000FA01258504C0880F991FAA1FBB1F2A9570
:1096E000D2F74685578560897189840F951FA61F1B
:1096F000B71F9C01AD01270D311D411D511D2901D1
:109700003A01A11432E0B30609F07DC08091451200
:1097100090914612A0914712B091481248165906EE
:109720006A067B0669F410924D128FEF9FEFDC0101
:109730008093451290934612A0934712B09348121B
:1097400080914E1290914F12DC01ED91FC910288B4
:10975000F389E02D9401B301A2011995882331F119
:10976000F80180859185A285B3858A0D9B1DA11D79
:10977000B11D80879187A287B3878A0C9B1CCA186A
:10978000DB084CCFF801418952896389748980854F
:109790009185A285B385481759076A077B0709F4A5
:1097A0003CCFC8010E9453CA811137CF81E0D80154
:1097B0008C938FEF9FEF6EC09E012F5F3F4F0E94F3
:1097C000CCC7882399F389819A81AB81BC81F80148
:1097D000218D328DF9012789203169F4883FFFEF0F
:1097E0009F07A105B10508F056CFF8018483958342
:1097F000A683B78356CF883F2FEF9207A2072FE0AB
:10980000B20798F348CFE114F10431F5F80140852F
:1098100051856285738581899289A389B4894817A6
:1098200059076A077B07C0F00E94C7BE882309F466
:10983000BDCF81E080934D12409245125092461266
:109840006092471270924812A501B401C7018B5B68
:109850009F4E0F94E14384CF41E0C301B2010E94C7
:10986000F8C68111F1CFA2CFF80181899289A3892D
:10987000B48984179507A607B70738F48181418B0F
:10988000528B638B748B80688183F801818183FDA7
:1098900018C0C1010F900F900F900F90DF91CF91E2
:1098A0001F910F91FF90EF90DF90CF90BF90AF90FE
:1098B0009F908F907F906F905F904F903F902F90F0
:1098C0000895C8010E941ECA8111E3CF6FCF2F9265
:1098D0003F924F925F926F927F928F929F92AF9240
:1098E000BF92CF92DF92EF92FF920F931F93CF938D
:1098F000DF93EC014B017A018B81811115C08FEF51
:109900009FEFDF91CF911F910F91FF90EF90DF902C
:10991000CF90BF90AF909F908F907F906F905F900F
:109920004F903F902F900895898180FFE8CF8989DB
:109930009A89AB89BC89488559856A857B85841B52
:10994000950BA60BB70BA70170E060E08417950795
:10995000A607B70708F47C0167011E0124E0220E68
:10996000311CC114D10409F4A9C0488559856A8500
:109970007B855A0181E0B822898D9A8D2A013B01AD
:1099800029E076946794579447942A95D1F72B81D0
:10999000FC01223081F5628D738D848D958D640D6F
:1099A000751D861D971D00E012E00A191B09C016DF
:1099B000D10608F486010115E2E01E0771F440901B
:1099C00045125090461260904712709048126415EC
:1099D00075058605970509F04EC040E00E94F8C65F
:1099E000882309F48CCFB5016B5B7F4EA801C401BD
:1099F0000F94E14352C0148111501421A114B104F9
:109A000071F411110CC0452B462B472B51F58D8954
:109A10009E89AF89B88D8C839D83AE83BF83E98D8A
:109A2000FA8D4C805D806E807F8022E0421A510862
:109A300061087108858504C0440C551C661C771CA0
:109A40008A95D2F786859785A089B189480E591ED7
:109A50006A1E7B1EC301B201610F711D811D911D24
:109A6000A2CF4C815D816E817F8191010E94CCC724
:109A70008111D5CF44CFA0914E12B0914F12ED91EC
:109A8000FC9111970088F189E02D9401AB01BC0194
:109A9000CD011995882309F432CF800E911E888557
:109AA0009985AA85BB85800F911FA11DB11D88874F
:109AB0009987AA87BB87C01AD10A53CFC70121CF84
:109AC000CF93DF93EB01FC012381211104C080E0DF
:109AD000DF91CF9108952250223028F48FE28883BD
:109AE000198281E0F5CF60E00E9404CA009779F303
:109AF000DC0160E080E09EE22D91203299F0883018
:109B000031F49E01260F311DF90190836F5F9E0194
:109B1000260F311DAD0141505109FA014081F90173
:109B200040836F5F8F5F8B3039F7FE01E60FF11DC9
:109B30001082D7CFCF93DF93EC01CB01E881F9817D
:109B4000608171810E9460CD28813981D901ED91B8
:109B5000FC91AA81BB818C919081992359F089361F
:109B6000C8F4CF010196F901918380838C918F5FB6
:109B70008C93EACF893670F48FE28083E881F98193
:109B800080819181019691838083EA81FB8180812C
:109B90008F5F8083DF91CF9108950F931F93CF93B1
:109BA000DF9300D000D01F92CDB7DEB79C012F5FAE
:109BB0003F4F3F832E832FE2FC01208381E08D8382
:109BC000CE0106969A83898301979C838B8310E04C
:109BD0000BE18091E614181758F4109FB00111247E
:109BE000695B7A4ECE0101960E949ACD1F5FF1CF3C
:109BF0008D818B3558F465E576E1CE0101960E94A2
:109C00009ACD8E819F8101979F838E83EE81FF8104
:109C1000108227960FB6F894DEBF0FBECDBFDF913E
:109C2000CF911F910F910895CF93DF93EC010E9484
:109C30001ECA1B82DF91CF91089510927B0C8091F8
:109C4000F1148F778093F1140E94292E882321F03C
:109C500085E596E10C9414CE0895CF93C091F1144C
:109C6000C2FF15C0C7FD13C00E94292E80FBC7F993
:109C7000C093F1148091F1148F7E80648093F1146D
:109C80000E94B93287E390E3CF910C94F9300E949F
:109C90001DCEF0CFCF93DF938091F1148F7E809310
:109CA000F11480911415882321F081E195E10E943F
:109CB00014CE8091F2149091F314DC01ED91FC919B
:109CC0000190F081E02D45E360E0199581110EC00F
:109CD0000E94B9328BE290E30E94F9308091F11436
:109CE00084FF34C0DF91CF910C94B6BEC091F214C2
:109CF000D091F31461E0CE010E94847A81110BC0EF
:109D000060E0CE010E94847A811105C00E94BD31BD
:109D100087E190E3E1CF68E772E181E195E10E949C
:109D2000B9C8811105C00E94BD3186E090E3D4CF4F
:109D30008091F11480618093F1140E94B9328AEF0E
:109D40009FE20E94F9300F943818C8CF80912018F4
:109D5000882339F061E08AEE9FE2DF91CF910D9484
:109D6000270DDF91CF91089540E050E0BA010C94A7
:109D700053CA0F931F93CF93DF93CDB7DEB7EB9703
:109D80000FB6F894DEBF0FBECDBF8CE295E10E9406
:109D9000B4CE8BE1ECE2F5E1DE01919601900D92FB
:109DA0008A95E1F710E000E0BE016F5F7F4FCE01C2
:109DB00081960E946B7918163CF4CE0101960E94A0
:109DC000C5C6080F111DF0CFCE0181960E947229E1
:109DD000C801EB960FB6F894DEBF0FBECDBFDF9182
:109DE000CF911F910F9108950F931F93CF93DF93FE
:109DF000CDB7DEB7EB970FB6F894DEBF0FBECDBF81
:109E00008C018CE295E10E94B4CE8BE1ECE2F5E1AD
:109E1000DE01919601900D928A95E1F7BE016F5F88
:109E20007F4FCE0181960E946B791816A4F4CE0163
:109E300001960E94C5C6882389F3BE016F5F7F4FDC
:109E400080E592E10E94E2C660E572E1C8010F94EC
:109E5000EA43892B19F7CE0181960E947229EB966D
:109E60000FB6F894DEBF0FBECDBFDF91CF911F912B
:109E70000F9108952F923F924F925F926F927F922F
:109E80008F929F92AF92BF92CF92DF92EF92FF920A
:109E90000F931F93CF93DF93CDB7DEB7C454D1098F
:109EA0000FB6F894DEBF0FBECDBF7C014B015A0147
:109EB000222E19821C821C8E1F8E6115710511F4D1
:109EC00010E0B3C1DC0113968C918111F9CFFA0136
:109ED00080818B018F32D1F4DB0113968C91139723
:109EE0008250823060F059966D917C91CE014C96F3
:109EF0000E94B9C88E01045E1F4F882309F3C50173
:109F00005C010196F50120812F32D1F39E012F5F74
:109F10003F4F6901290130E2332E2496CFAE2497BA
:109F20002596DFAE25973E013CE1630E711C22961B
:109F30003FAE229721963FAE21973FAE3EAE3DAE5B
:109F40003CAE3BAE3AAE39AE38AE3FAA950190E09A
:109F500047E0D9018D91882361F18F3251F18E3222
:109F600039F44A3009F4ACCF98E04AE09D01F1CFD2
:109F7000EAEDFFE22491222321F031968213FACFF9
:109F80009FCF491708F49CCF813208F499CF8F37BF
:109F900009F496CF3FE9380F3A3108F420EEE7E3B1
:109FA000F0E0EC0FFD1FE90FF11D820F80839F5F32
:109FB000DDCF8FA9803209F483CF5901D9018C916B
:109FC0002F5F3F4F8F32C9F38823A9F00815190579
:109FD00019F0C8010E9414CE24969FAD24972596AF
:109FE0008FAD25974C145D0411F4962D872D8601B5
:109FF000C92ED82E9CCFF801818D928DD7015A960B
:10A000009C938E935997C8010E94B4CEC12CF8013D
:10A0100080859185A285B385418952896389748938
:10A0200084179507A607B70708F053C025E0B69533
:10A03000A795979587952A95D1F7F82FFF70DF2E72
:10A04000D80113968C91823008F43ACF41E050E069
:10A05000BE016E5B7F4FC8010E9467CC019709F07B
:10A060002FCFF80180859185A285B3854F96A11DDC
:10A07000B11D80879187A287B387F0E2DF9EB00190
:10A0800011246B5B7F4E6115710509F419CFDB015B
:10A090008C91882341F0853E09F04DC0CC2029F0F9
:10A0A000CC24C394B4CFC1100EC0809145129091BE
:10A0B0004612A0914712B0914812F7018487958704
:10A0C000A687B787D08ADB018C918111E9CFCC2498
:10A0D000C394822D8274823409F0F2CECC2009F42C
:10A0E000C7C0F701D08861E0C7010E9404CA009789
:10A0F00009F4E6CE20E2DC011D922A95E9F72BE077
:10A10000FE01F796DC0101900D922A95E1F721E21C
:10A1100038E2FC01318B208B40E058E057874687BE
:10A12000338B228B318F208F578B468B0E94C7BE7B
:10A1300081110AC0C5CE4BE050E0CE01C7960F9406
:10A14000D443892B09F063CF2D2D30E0F901B5E020
:10A15000EE0FFF1FBA95E1F7DF01AB5BBF4E1B9619
:10A160008C91817121F0822D827109F020C1D7017B
:10A1700059968D919C915A97409145125091461253
:10A1800060914712709148121C964D935D936D93A8
:10A190007C931F975096DC925097EB5BFF4E848820
:10A1A0009588B12CA12C54019924882455968D9220
:10A1B0009D92AD92BC925897428D538D70E060E0B5
:10A1C000482959296A297B2955964D935D936D93AA
:10A1D0007C935897A5E0220F331FAA95E1F7D90188
:10A1E000AB5BBF4E1B962C91287109F0D2C0848DB9
:10A1F000958DA68DB78DF701818B928BA38BB48B38
:10A2000081E08383822D8F70F70181831482158210
:10A2100016821782108611861286138611E024FE9C
:10A2200004C0C7010E946A77182FCE014C960E9485
:10A230007229CE0101960E947229812FCC5BDF4FDB
:10A240000FB6F894DEBF0FBECDBFDF91CF911F9147
:10A250000F91FF90EF90DF90CF90BF90AF909F90C5
:10A260008F907F906F905F904F903F902F900895C8
:10A27000D80113968C911397823009F421CE519610
:10A280008D919D910D90BC91A02D803E9F4FAF412F
:10A29000B10508F015CEC8010E9409C9882309F448
:10A2A0000FCE0E94C7BE882309F40ACED801599662
:10A2B000ED91FC915A9714968D909D90AD90BC9025
:10A2C0001797B2E08B1A9108A108B108858504C0E0
:10A2D000880C991CAA1CBB1C8A95D2F78685978589
:10A2E000A089B189880E991EAA1EBB1E81E08093A9
:10A2F0004D128092451290924612A0924712B0924F
:10A300004812E5E4F0E180E092E0DF019C011D925B
:10A3100021503040E1F7DD24D394D8015996ED91D6
:10A32000FC918481D816C0F480914E1290914F1206
:10A33000DC01ED91FC910288F389E02D25E430E108
:10A34000B501A4014D0D511D611D711D1995882385
:10A3500009F4B6CDD394E1CF258580E092E0A0E06A
:10A36000B0E004C0880F991FAA1FBB1F2A95D2F71F
:10A37000F8014189528963897489840F951FA61F4A
:10A38000B71F818B928BA38BB48B85E490E1D12C8A
:10A39000B1CE203161F497012F5E3F4F0E944FC82C
:10A3A000882329F084E0D70113968C932BCFD70113
:10A3B00013961C9285CD1F93CF93DF93CDB7DEB755
:10A3C0006D970FB6F894DEBF0FBECDBF1D8E1C8EED
:10A3D000AC01BE01645E7F4F80E00E94FE7710E01A
:10A3E0000097A9F019821C826C8D7D8D21E0AC0153
:10A3F000CE0101960E943ACF182F882321F0CE017A
:10A4000001960E9414CECE0101960E947229812FDE
:10A410006D960FB6F894DEBF0FBECDBFDF91CF9122
:10A420001F910895EF92FF921F93CF93DF9300D077
:10A4300000D000D01F92CDB7DEB78091F11484FF19
:10A440000E944ACE8091F11484FF3CC00E94602992
:10A45000811138C08091E71490E08F969F938F937D
:10A460008FE491E39F938F93CE0101967C019F939C
:10A470008F930F946D398091F1140F900F900F907E
:10A480000F900F900F9084FF1DC0C7010E94DBD179
:10A49000182F8823B9F00E94B6BEC7010E9467C674
:10A4A0008091E7148F5F8093E714812F2A960FB66F
:10A4B000F894DEBF0FBECDBFDF91CF911F91FF900B
:10A4C000EF9008951092E71410E0EFCFCF9321E0C2
:10A4D00048E653E061E175E186EF94E10E943ACFEE
:10A4E000C82F882321F086EF94E10E9414CE8C2F90
:10A4F000CF910895682F70E090E080E00C9401798E
:10A500008F929F92AF92BF92CF92DF92EF92FF9283
:10A51000CF936B017C01B42E20E030E0A9010F94B1
:10A52000D63987FF07C08DE20E94F230F7FAF09427
:10A53000F7F8F094C0E060E070E080E09FE3CB15B6
:10A5400041F02DEC3CEC4CEC5DE30F943C3ACF5FDA
:10A55000F6CFA70196010F94BA406B017C010F94CE
:10A560002D424B015C010E940179CC2371F1C501A0
:10A57000B4010F94DB399B01AC01C701B6010F9404
:10A58000B9406B017C018EE20E94F230C150E8F0CC
:10A5900020E030E040E251E4C701B6010F943C3ABC
:10A5A0006B017C010F942D424B015C010E940179EB
:10A5B000C501B4010F94DB399B01AC01C701B601A1
:10A5C0000F94B9406B017C01E1CFCF91FF90EF90E8
:10A5D000DF90CF90BF90AF909F908F900895EF92B3
:10A5E000FF920F931F93CF937B018A01C2E48F3FA9
:10A5F00009F0C4E580E20E94F2308C2F0E94F23014
:10A600008AE30E94F230F701608171818281938137
:10A6100042E00E9480D286EC9FE20E94F930F8016D
:10A62000608171818281938142E00E9480D262E0E8
:10A6300070E080E090E0CF911F910F91FF90EF903C
:10A640000C9440961F93CF93DF9300D000D01F92BD
:10A650001F92CDB7DEB7182F6091DC127091DD121A
:10A66000072E000C880B990B0F94DD396D837E83C8
:10A670008F8398878091D8129091D912A091DA1285
:10A68000B091DB1289839A83AB83BC83AE014B5FAD
:10A690005F4FBE016F5F7F4F80E80E94EFD26091F5
:10A6A000B0127091B112072E000C880B990B0F9409
:10A6B000DD396D837E838F8398878091AC12909172
:10A6C000AD12A091AE12B091AF1289839A83AB8381
:10A6D000BC83AE014B5F5F4FBE016F5F7F4F8FEF5B
:10A6E0000E94EFD26091B2121F3F39F08CE2180243
:10A6F000F0011124EC52FD4E628570E08EEC9FE279
:10A700000E949A366091B21270E089EC9FE20E943A
:10A710009A3628960FB6F894DEBF0FBECDBFDF91F4
:10A72000CF911F9108952F923F924F925F926F9217
:10A730007F928F929F92AF92BF92CF92DF92EF92D1
:10A74000FF920F931F93CF93DF93CDB7DEB764973C
:10A750000FB6F894DEBF0FBECDBF898B6A8B81E048
:10A7600080936E021A821B821C821D8219861A86B1
:10A770001B861C861D862CE32E873CE13F8746E422
:10A78000488B312C212C50E85B8B8FEB8C8B198202
:10A7900091E09887812C912C54016091B0127091B6
:10A7A000B112072E000C880B990B0F94DD397B0139
:10A7B0008C01232D322D4B895C890F94D639882347
:10A7C000B9F02091AC123091AD124091AE1250917F
:10A7D000AF12A989B701C801A111EEC00F94D639F3
:10A7E000881F8827881F89833E2C2F2C0B8B1C8B5E
:10A7F0000E9473966B017C01DC01CB0129853A85AF
:10A800004B855C85821B930BA40BB50BB7FD2EC04B
:10A81000D701C60188519C4FAF4FBF4F89879A8798
:10A82000AB87BC8780E00E9422D386ED9FE20E9426
:10A83000F93081149104A104B10409F4EAC0C501FE
:10A84000B40168577C4E8F4F9F4F6C197D098E095C
:10A850009F0928EE33E040E050E00F941A40CA010F
:10A86000B9010E9434238AE00E94F23080E00E9405
:10A87000FB4A0E94739660933D1070933E10809344
:10A880003F10909340109091AC129E83A091AD1216
:10A89000AF830091AE121091AF12292F3A2FA80169
:10A8A000632D722D8B899C890F94B9402B013C013B
:10A8B00020E030E0A9010F941A4387FF04C077FA23
:10A8C000709477F8709481149104A104B10409F094
:10A8D000A4C020E030E040E050E4C301B2010F9496
:10A8E000D63987FF10C0B885812C912C5401BB2329
:10A8F00031F082E8882E86E0982EA12CB12C8C0CA9
:10A900009D1CAE1CBF1C29812223A9F18A819B8139
:10A91000AC81BD81892B8A2B8B2B61F0D701C601BD
:10A920002A813B814C815D81821B930BA40BB50B6B
:10A93000B7FD21C02E813F81A8016D857E858F8561
:10A9400098890F94B94020E030E040E85FE30F942D
:10A95000D63987FD35C0D701C601805A9541AF4F22
:10A96000BF4F8A839B83AC83BD839E819D87AF81CC
:10A97000AE870F87188BBA89BB2339F08091911865
:10A9800010929118811110926E0280916E028823AC
:10A99000B9F081149104A104B10461F028E8C21A4D
:10A9A00023E1D20AE108F108C818D908EA08FB082F
:10A9B000F7FE06C01886F1CE0F94D63987FF23C064
:10A9C000B0916E02B983BB2321F010926E020E94F7
:10A9D000477C898164960FB6F894DEBF0FBECDBF69
:10A9E000DF91CF911F910F91FF90EF90DF90CF906B
:10A9F000BF90AF909F908F907F906F905F904F909F
:10AA00003F902F9008953E2C2F2C0B8B1C8B19827E
:10AA1000EFCE8FE30E94F23026CF20E030E040E41A
:10AA200050E4C301B2010F941A4318160CF06BCF17
:10AA30004601570168CF2F923F924F925F926F92DB
:10AA40007F928F929F92AF92BF92CF92DF92EF92BE
:10AA5000FF920F931F93CF93DF93CDB7DEB7659728
:10AA60000FB6F894DEBF0FBECDBF898B6A8B4B8BC0
:10AA700081E080936E021A821B821C821D821986DD
:10AA80001A861B861C861D862CE32E873CE13F8799
:10AA900046E4488B312C212C50E85C8B8FEB8D8B5E
:10AAA000198291E09887812C912C54016091DC12DD
:10AAB0007091DD12072E000C880B990B0F94DD3975
:10AAC0007B018C01232D322D4C895D890F94D63961
:10AAD0008823B9F02091D8123091D9124091DA121E
:10AAE0005091DB12AA89B701C801A111EEC00F94E1
:10AAF000D639881F8827881F89833E2C2F2C0C8BE2
:10AB00001D8B0E9473966B017C01DC01CB012985B2
:10AB10003A854B855C85821B930BA40BB50BB7FD67
:10AB20002EC0D701C60188519C4FAF4FBF4F8987B8
:10AB30009A87AB87BC8789890E9422D382ED9FE2E6
:10AB40000E94F93081149104A104B10409F4EAC00F
:10AB5000C501B4016053784F8F4F9F4F6C197D0929
:10AB60008E099F0928EE33E040E050E00F941A4030
:10AB7000CA01B9010E9434238AE00E94F23080E0C9
:10AB80000E94FB4A0E94739660933D1070933E10A2
:10AB900080933F10909340109091D8129E83A09183
:10ABA000D912AF830091DA121091DB12292F3A2FBC
:10ABB000A801632D722D8C899D890F94B9402B01BA
:10ABC0003C0120E030E0A9010F941A4387FF04C044
:10ABD00077FA709477F8709481149104A104B10409
:10ABE00009F0A4C020E030E040E85FE3C301B20117
:10ABF0000F94D63987FF10C0B885812C912C540151
:10AC0000BB2331F08AE9882E82E0982EA12CB12C4A
:10AC10008C0C9D1CAE1CBF1C29812223A9F18A81AA
:10AC20009B81AC81BD81892B8A2B8B2B61F0D70155
:10AC3000C6012A813B814C815D81821B930BA40B51
:10AC4000B50BB7FD21C02E813F81A8016D857E85A2
:10AC50008F8598890F94B94020E030E040EC5FE3A5
:10AC60000F94D63987FD35C0D701C601805A95416A
:10AC7000AF4FBF4F8A839B83AC83BD839E819D87EB
:10AC8000AF81AE870F87188BBB89BB2339F08091CA
:10AC9000911810929118811110926E0280916E029B
:10ACA0008823B9F081149104A104B10461F020ED6E
:10ACB000C21A27E0D20AE108F108C818D908EA0840
:10ACC000FB08F7FE06C01886F1CE0F94D63987FF31
:10ACD00023C0B0916E02B983BB2321F010926E02A3
:10ACE0000E94477C898165960FB6F894DEBF0FBE3F
:10ACF000CDBFDF91CF911F910F91FF90EF90DF902B
:10AD0000CF90BF90AF909F908F907F906F905F900B
:10AD10004F903F902F9008953E2C2F2C0C8B1D8B25
:10AD20001982EFCE8FE30E94F23026CF20E030E090
:10AD300040E450E4C301B2010F941A4318160CF01A
:10AD40006BCF4601570168CF809163028F3708F4BB
:10AD50004EC08F579091DE1290939018992309F46A
:10AD600044C02C9A2091B21220938F189091020126
:10AD7000211190959072909300012091421730E03C
:10AD80003595279520938E1890910201232B09F079
:10AD900090959074909300018F5F809363028091EF
:10ADA0008D1891E0892780938D1880916202980F09
:10ADB00085300CF090E0823009F47AC06CF588237D
:10ADC00009F440C0813009F467C0909362020F9487
:10ADD00019078091A9079091AA07009729F0019778
:10ADE0009093AA078093A90708952C98BBCF9091C0
:10ADF0009018891708F02C9890918F18891728F0CF
:10AE00009091020190729093000190918E18891791
:10AE100018F290910201BDCF843009F461C00CF4A6
:10AE20005AC0853091F620918C18211102C0809370
:10AE30008C1880918C18815080938C18882329F26B
:10AE400095E0C3CF809161028F5F80311CF48093C5
:10AE50006102BBCF1092610280918B18811113C0E7
:10AE60002091D4123091D5123093D7122093D6125C
:10AE70002091A8123091A9123093AB122093AA12FC
:10AE800081E080938B181092D5121092D4121092F8
:10AE9000A9121092A81299CF88E080937B0085E4D4
:10AEA00080937C0080917A00806480937A008DCFBB
:10AEB00080917A0086FD27C04091780050917900FA
:10AEC0002091D4123091D512240F351F3093D51212
:10AED0002093D4127ACF88E080937B0086E4E0CF81
:10AEE00080917A0086FD11C04091780050917900E0
:10AEF0002091A8123091A912240F351F3093A91266
:10AF00002093A81262CF92E060CF94E05ECF0F93BF
:10AF10000FB70F9300916E000D7F00936E00789431
:10AF20000F930BB70F930CB70F921F922F933F9372
:10AF30004F935F936F937F938F939F93AF93BF9341
:10AF4000EF93FF9311240E94A4D6FF91EF91BF913C
:10AF5000AF919F918F917F916F915F914F913F91B1
:10AF60002F911F900F900CBF0F910BBF0F9102609C
:10AF7000F89400936E000F910FBF0F9118952091D8
:10AF8000DC123091DD12263531053CF42091B012EF
:10AF90003091B1122630310524F0882341F00C9411
:10AFA0004F2E662321F00E94512E0C94477C089569
:10AFB000CF93DF93C4EDD2E1198618860E9427C291
:10AFC0001A862C98C8EAD2E1198618860E941D2A92
:10AFD0001A8680910201807280930001DF91CF91E7
:10AFE0000895CF92DF92EF92FF920F931F93CF932A
:10AFF000DF93CDB7DEB72C970FB6F894DEBF0FBE48
:10B00000CDBF182F6B017A0180912018833090F00A
:10B010000E94BD31C6010E94F93089E99EE20E947A
:10B02000F9301F3F51F585E99EE20E94F9308AE030
:10B030000E94F2300E94D8D7A8958091751881118E
:10B040004FC081E08093751882E0809320180E94A1
:10B05000D8D705E1015019F1A895409A69E170E04F
:10B0600080E090E00E944096409860E570E080E0CB
:10B0700090E00E944096A895EDCF17FDD8CF83E9C8
:10B080009EE20E94F930612F012E000C770B880B95
:10B09000990B0E94D37B8AE00E94F230C8CF409A7D
:10B0A00087E00F948518811111C08CE0E9E3F3E08B
:10B0B000DE01119601900D928A95E1F7BE016F5F56
:10B0C0007F4F80E00F94881E0E946CFB6CE87EE24C
:10B0D0001F3F11F060E97EE240E0C7010E94833A21
:10B0E0002C960FB6F894DEBF0FBECDBFDF91CF9187
:10B0F0001F910F91FF90EF90DF90CF9008952F92C6
:10B100003F924F925F926F927F928F929F92AF92F7
:10B11000BF92CF92DF92EF92FF920F931F93CF9344
:10B12000DF9300D000D01F92CDB7DEB79F838E8310
:10B130001B016A01298381E090E02F3F11F090E02C
:10B1400080E025E0289FF001299FF00D1124E457AD
:10B15000F34F8481882309F4A9C0AE81BF8114967E
:10B160001C921497FD011582168217821086EE81BB
:10B17000FF8184818230B9F0833009F41EC18130AF
:10B1800009F07BC02581368147815085D1016D91C1
:10B190007D918D919C910F94D63987FD6EC082E090
:10B1A000EE81FF818483C701FF0CAA0BBB0B8A834E
:10B1B0009B83AC83BD83998191112EC08091640DD6
:10B1C000882339F1D101CD90DD90ED90FC90EE8196
:10B1D000FF8185809680A780B0846A817B818C8185
:10B1E0009D810F94DD392B013C0120E030E040E8E7
:10B1F0005EE30F943C3A9B01AC01C501B4010F948E
:10B20000B9409B01AC01C701B6010F941A4387FDF9
:10B210007BC080E8809360020E9473966B017C0182
:10B220006A817B818C819D810F94DD399B01AC010A
:10B23000AE81BF8115966D917D918D919C911897EE
:10B240000F94B9409B01AC01F10160817181828151
:10B2500093810F941A4387FDA2C09801A8EEB3E032
:10B260000F946E40C60ED71EE81EF91EAE81BF8138
:10B27000CD92DD92ED92FC92139727960FB6F8943B
:10B28000DEBF0FBECDBFDF91CF911F910F91FF9019
:10B29000EF90DF90CF90BF90AF909F908F907F9076
:10B2A0006F905F904F903F902F900895D6018D90B2
:10B2B0009D90AD90BC90A5019401EE81FF816581C8
:10B2C0007681878190850F94D639882309F44FCFF2
:10B2D000AE81BF8115968D929D92AD92BC921897CA
:10B2E000BB24B39420E030E0A901F60160817181B4
:10B2F000828193810F941A4318160CF0B12CAE8101
:10B30000BF811496BC9233CF23E830EC4AEA5EE367
:10B31000C301B2010F943C3A9B01AC01C501B401D9
:10B320000F94B9409B01AC01C701B6010F941A43B9
:10B3300087FD02C080E66ECF20E030E040E05FE3B2
:10B34000C301B2010F943C3A9B01AC01C501B401A9
:10B350000F94B9409B01AC01C701B6010F941A4389
:10B3600087FD02C080E456CF2DEC3CEC4CE45FE35B
:10B37000C301B2010F943C3A9B01AC01C501B40179
:10B380000F94B9409B01AC01C701B6010F941A4359
:10B3900087FD02C080E23ECF109260023DCFEE8179
:10B3A000FF8180819181A281B381C81AD90AEA0AFA
:10B3B000FB0AF7FC62CF83E0848346EA5FE266EB38
:10B3C0007FE2898127960FB6F894DEBF0FBECDBF0E
:10B3D000DF91CF911F910F91FF90EF90DF90CF9071
:10B3E000BF90AF909F908F907F906F905F904F90A5
:10B3F0003F902F900C94F1D747EB5EE264EC7EE235
:10B400000C94F1D7CF93DF93A8958091D6129091A9
:10B41000D7120E9483836093D8127093D9128093BD
:10B42000DA129093DB128091AA129091AB120E94D3
:10B430000DC16093AC127093AD128093AE129093D5
:10B44000AF12C091D612D091D7128091680290911C
:10B450006902C817D90718F480E00E94FCD98091CE
:10B46000DC129091DD121816190674F480916602B0
:10B47000909167028C179D0738F447E85FE264E912
:10B480007FE280E00E94F1D72091931830919418C8
:10B490008091AA129091AB128217930718F48FEF44
:10B4A0000E94FCD98091B0129091B1121816190621
:10B4B000A4F420916402309165028091AA129091C7
:10B4C000AB122817390748F447E85FE264E97FE2E6
:10B4D0008FEFDF91CF910C94F1D7DF91CF91089549
:10B4E0008F929F92AF92BF92CF92DF92EF92FF9294
:10B4F0000F931F93CF93DF9300D01F92CDB7DEB78A
:10B5000080912018811112C0A8950F900F900F9074
:10B510000F90DF91CF911F910F91FF90EF90DF90EF
:10B52000CF90BF90AF909F908F90089580918A1890
:10B530008111EBCF81E080938A1880914117882395
:10B5400039F041E070E060E089EF9EE20E94833ACA
:10B5500080914017882359F0109240170F94730080
:10B560000E946CFB8EEF0F9445050F94D1058091DE
:10B570003F17882359F010923F178091F11480688B
:10B580008093F11484EF9EE20E94CD6C80918B1821
:10B59000811103C010928A18B8CF0E9402DA10926B
:10B5A0008B180E9473964B015C0160916C02709144
:10B5B0006D02072E000C880B990B0F94DD399B014F
:10B5C000AC016091D8127091D9128091DA129091E9
:10B5D000DB120F941A4318161CF480E00E94FCD969
:10B5E0008091900C811119C080918C0C90918D0CE0
:10B5F000A0918E0CB0918F0C0097A105B10569F058
:10B60000A5019401281B390B4A0B5B0BDA01C90118
:10B61000B7FD03C081E08093900C6091DC127091C3
:10B62000DD12072E000C880B990B0F94DD3969830E
:10B630007A838B839C833AE0E32EF12C0CE310E0B9
:10B6400020E0AE014F5F5F4F68ED72E186E992E165
:10B650000E947FD8C090D812D090D912E090DA1210
:10B66000F090DB1260916A0270916B02072E000C61
:10B67000880B990B0F94DD399B01AC01C701B60112
:10B680000F941A4318160CF0D5C060916C0270919B
:10B690006D02072E000C880B990B0F94DD399B016E
:10B6A000AC01C701B6010F94D63987FFC3C08091A2
:10B6B000900C90918218911109C024ED32E13093E1
:10B6C00081182093801891E0909382188111AEC068
:10B6D00080E898E10E9496BF0F9426427595679581
:10B6E0006093DE128091451790914617A0914717FD
:10B6F000B09148170097A105B105F1F0A50194019B
:10B70000281B390B4A0B5B0BDA01C901B7FD14C0CA
:10B710006091D8127091D9128091DA129091DB1257
:10B720000F942642209143173091441762177307F4
:10B730000CF482C00E9427C220E030E046E153E4CE
:10B740006091AC127091AD128091AE129091AF12D7
:10B750000F941A4318161CF48FEF0E94FCD98091A5
:10B760003B1790913C17A0913D17B0913E17009761
:10B77000A105B105F1F0A5019401281B390B4A0B75
:10B780005B0BDA01C901B7FD14C06091AC12709176
:10B79000AD128091AE129091AF120F94264220917B
:10B7A000391730913A17621773070CF44DC00E9495
:10B7B0001D2A8091950C811115C08091910C90915A
:10B7C000920CA091930CB091940C0097A105B10537
:10B7D00049F0881A990AAA0ABB0AB7FC03C081E09B
:10B7E0008093950C6091B0127091B112072E000CED
:10B7F000880B990B0F94DD3969837A838B839C8343
:10B8000092E0E92EF12C02E310E02FEFAE014F5F42
:10B810005F4F6CEA72E18FE992E10E947FD88091DC
:10B82000950C8823D9F11092B212B4CE60E070E08A
:10B83000CB0152CF60E054CF46ED5EE265EE7EE292
:10B8400080E00E94F1D778CF46ED5EE265EE7EE2C1
:10B850008FEF0E94F1D7ADCF20E030E046E153E416
:10B86000C701B6010F94D639181654F18091781893
:10B87000811109C088EA92E1909377188093761835
:10B8800081E08093781886E798E10E9496BF0F9434
:10B890002642759567956093B2127CCEC090AC122B
:10B8A000D090AD12E090AE12F090AF1220E030E0F8
:10B8B00040EA50E4C701B6010F941A4387FFCCCF8A
:10B8C00060E0E9CF2F923F924F925F926F927F920A
:10B8D0008F929F92AF92BF92CF92DF92EF92FF92A0
:10B8E0000F931F93CF93DF93CDB7DEB7CA55D1091E
:10B8F0000FB6F894DEBF0FBECDBF7C01162F4FAF41
:10B9000025962FAF25970E9473966F87788B898B2A
:10B910009A8B1F3F09F043C024EB30E03A83298320
:10B920000E94917C1F3F09F407C2C12E012E000C1A
:10B93000DD08F60143E0EE0FFF1F4A95E1F7EA59F3
:10B94000FD4F868197810F978E159F050CF07EC362
:10B950008FE79EE20E94F93080E69EE20E94F93075
:10B960000E94917C89E39EE2C65ADF4F0FB6F8949D
:10B97000DEBF0FBECDBFDF91CF911F910F91FF9022
:10B98000EF90DF90CF90BF90AF909F908F907F907F
:10B990006F905F904F903F902F900C94763A4CE3CD
:10B9A00050E05A834983BCCF3090D8120091D9120D
:10B9B000E091DA126796EFAF6797F091DB12669627
:10B9C000FFAF669796C22496EEADFFAD24978083B5
:10B9D00006C3FBEE4F2E512C612C712CAEC384E1BB
:10B9E00090E0A0E0B0E08B8B9C8BAD8BBE8BE4E154
:10B9F0004E2E512C612C712CB0C34B8A5C8A6D8AFF
:10BA00007E8AABC32496EEADFFAD2497808387C4B6
:10BA1000D701C6012AA93BA94CA95DA9821B930B9A
:10BA2000A40BB50BB7FD5DC0812F17FD80E00E9410
:10BA300022D38AE00E94F230D701C6018053984F8A
:10BA4000AF4FBF4F8AAB9BABACABBDAB9DA59111CC
:10BA500096C02AAD3BAD4CAD5DAD632D702F6796A2
:10BA60008FAD679766969FAD66970F941A43181629
:10BA70000CF071C020E030E040E050E4632D702F06
:10BA800067968FAD679766969FAD66970F94BA409D
:10BA90006AAF7BAF8CAF9DAF2EA53FA548A959A932
:10BAA0002C0D3D1D4E1D5F1D2EAB3FAB48AF59AF5A
:10BAB00065966CAD7DAD8EAD9FAD65970F94DD390C
:10BAC0009B01AC0181E08DA7632D702F67968FAD30
:10BAD000679766969FAD66970F941A4318160CF0F9
:10BAE0001DA68F859889A989BA896B968CAF9DAF61
:10BAF000AEAFBFAF6B972F89388D498D5A8D281700
:10BB000039074A075B0730F46B962CAF3DAF4EAF59
:10BB10005FAF6B976B968CAD9DADAEADBFAD6B97C8
:10BB2000C81AD90AEA0AFB0A91E8C9169FE4D9069D
:10BB300092E1E906F104E8F10E94917C88E69DE239
:10BB40000E94763A8BE59DE20E94F93089E49DE2FD
:10BB50000E94F93076C2D701C6012EA93FA948AD8F
:10BB600059AD821B930BA40BB50B46ED5EE265EE5F
:10BB70007EE2B7FDB6CF812F0E94F1D7B2CF61969A
:10BB80006CAD7DAD8EAD9FAD61970F94DD39232DEA
:10BB9000302F67964FAD679766965FAD66970F94A7
:10BBA0001A4318160CF09DCF46EA5FE266EB7FE27F
:10BBB000E2CF2296AEADBFAD2297ED81FE81AE17EA
:10BBC000BF070CF0B6C033970CF4B3C08CE39DE212
:10BBD0000E94F9308BEE9CE20E94F9308BED9CE2E2
:10BBE0000E94763A1F3F09F086C02BEC3CE23A8374
:10BBF000298389EB9CE20E94F93089819A810E9415
:10BC0000F9304F81588569857A8587ED9CE20E94DD
:10BC1000093489EB9CE20E94F93089819A810E9463
:10BC2000F93048A159A16AA17BA183ED9CE20E9451
:10BC3000093489EB9CE20E94F93089819A810E9443
:10BC4000F930B501A4018FEC9CE20E9409342596DD
:10BC50005FAD25975523A1F12CEA35EC47E25EE371
:10BC6000C501B4010F94B4416B017C012CEA35ECA1
:10BC700047E25EE368A179A18AA19BA10F943C3AB7
:10BC80002F81388549855A851F3FD1F12093F412C1
:10BC90003093F5124093F6125093F7126093F81216
:10BCA0007093F9128093FA129093FB12C092FC12D7
:10BCB000D092FD12E092FE12F092FF120E945324E5
:10BCC000C65ADF4F0FB6F894DEBF0FBECDBFDF916F
:10BCD000CF911F910F91FF90EF90DF90CF90BF9089
:10BCE000AF909F908F907F906F905F904F903F901C
:10BCF0002F900C94917C4AEC5CE25A83498379CF73
:10BD00002093C8123093C9124093CA125093CB1299
:10BD10006093CC127093CD128093CE129093CF1279
:10BD2000C092D012D092D112E092D212F092D312DD
:10BD3000C7CF0F943D1FB9C03DE8E316F1040CF0E6
:10BD400007CE8CE29EE20E94F93084E29EE20E94DD
:10BD5000F9300E94D8D78FE78093B21229813A81B7
:10BD6000A8EEB3E00F946E406EA77FA788AB99ABA7
:10BD7000DC01CB012F85388949895A89820F931FAD
:10BD8000A41FB51F8EAB9FABA8AFB9AF60E089E130
:10BD90009EE20F94270D81E080936E028F85988933
:10BDA000A989BA898F8B988FA98FBA8F8AAB9BABE1
:10BDB000ACABBDAB812C912C540188A299A2AAA254
:10BDC000BBA28F829886A986BA862FE730E040E032
:10BDD00050E02B8B3C8B4D8B5E8B198230E43B8784
:10BDE0004CE14E8F56E45F8F212C1B8E1C8E1D8ED6
:10BDF0003FE7432E512C612C712C1DA68AAE9BAEC1
:10BE0000ACAEBDAE19A61AA61BA61CA681E088A7DB
:10BE10001E821D82312C00E067961FAE67976696E2
:10BE20001FAE669797010F2C000C440B550B2996FB
:10BE30002CAF3DAF4EAF5FAF29974FAD042E000C36
:10BE4000550B22965FAF4EAF22975CE21502C00100
:10BE50001124DC01A252BD4E2496BFAFAEAF249791
:10BE6000C7014E969C01092E000C440B550B2D96D4
:10BE70002CAF3DAF4EAF5FAF2D97CC979C01990F84
:10BE8000440B550B61962CAF3DAF4EAF5FAF619742
:10BE900036E0E31AF108C701FF0CAA0BBB0B65964D
:10BEA0008CAF9DAFAEAFBFAF659780916E02882318
:10BEB00009F4C7C00E9473966B017C0190918B18A6
:10BEC0009EAF992309F49BC00E9402DA10928B184E
:10BED0001F3F09F069CD3090AC120091AD12A091D6
:10BEE000AE126796AFAF6797B091AF126696BFAFCD
:10BEF0006697222D3B8D4C8D5D8D632D702F67963F
:10BF00008FAD679766969FAD66970F941A43181684
:10BF100054F4232C0B8F67962FAD67972C8F669662
:10BF20003FAD66973D8F29813B854E8D5F8D632D9B
:10BF3000702F67968FAD679766969FAD66970F9443
:10BF4000D63987FF0AC039820B8767964FAD67974E
:10BF50004E8F66965FAD66975F8F29966CAD7DAD0F
:10BF60008EAD9FAD29970F94DD396CA37DA38EA371
:10BF70009FA388A5882309F47EC09B014EA1592F59
:10BF8000632D702F67968FAD679766969FAD669706
:10BF90000F941A4318169CF5B701A6018F89988D46
:10BFA000A98DBA8D481B590B6A0B7B0BDB01CA01AB
:10BFB00088589341A109B109B7FD21C08B899C899B
:10BFC000AD89BE8984199509A609B709B595A795C4
:10BFD000979587951F3F09F0F6CC8093B21249A739
:10BFE0005AA76BA77CA72CA0FDA1FB8F2EA12C8F9D
:10BFF0003FA13D8FCF86D88AE98AFA8A18A62D9666
:10C000006CAD7DAD8EAD9FAD2D970F94DD39232D99
:10C01000302F67964FAD679766965FAD66970F9422
:10C02000D63987FFF5CC81EA9DE20E94F93082E89B
:10C030009DE20E94F9300E94917C89E39EE20E9479
:10C04000763A10926E020E94D8D73ACE8CE29EE2E7
:10C050000E94F93084E29EE20E94F9300E94D8D713
:10C060008CE28C9DF0018D9DF00D1124EC52FD4E63
:10C070008FE7828773CE2CA13DA14EA15FA1632DD6
:10C08000702F67968FAD679766969FAD66970F94F2
:10C09000D63987FFB4CFD701C6012F8538894989A2
:10C0A0005A89821B930BA40BB50BAC01BD014858F8
:10C0B00053416109710977FDA2CF4D815E81452B06
:10C0C00009F41CC129A53AA54BA55CA5280F391F69
:10C0D0004A1F5B1F2F8B388F498F5A8F29A53AA58E
:10C0E0004BA55CA5281B390B4A0B5B0BC301B201A6
:10C0F0000F940A402F89388D498D5A8D0F943C40FA
:10C100004B885C886D887E88420E531E641E751EA7
:10C1100034E143165104610471040CF460CC4CEE1C
:10C1200044165104610471040CF053CC50E84516D8
:10C130005104610471040CF460CC4B8A5C8A6D8AF2
:10C140007E8A8EEF90E0A0E0B0E09C01AD01241962
:10C1500035094609570929013A0181E19EE20E9409
:10C16000F9306B897C898D899E890E9434238CE00B
:10C170009EE20E94F930C301B2010E94342349813A
:10C180005B856E8D7F8D85E09EE20E941F33422D80
:10C190005B8D6C8D7D8D8EEF9DE20E941F33AD8196
:10C1A000BE8113970CF4AAC0C301B2010F94DD390C
:10C1B00020E030E040E850E40F943C3A4B015C0151
:10C1C00029813B854E8D5F8D622D7B8D8C8D9D8D64
:10C1D0000F94B9402BED3FE049E450E40F943C3A12
:10C1E00020E030E040E05FE30F943C3A9B01AC017B
:10C1F000C501B4010F94B4416B877C878D879E87FE
:10C200006F89788D898D9A8D0F94DD392FE632E113
:10C2100043E85AE30F943C3A69837A838B839C8387
:10C220001E3F59F02AE939E949E15FE3812C912C5D
:10C23000A12C6EE3B62E1F3F59F42DEC3CEC4CE4E0
:10C240005EE37BEA872E7AEA972EA92C7EE3B72E4F
:10C250006B857C858D859E850F943C3A6F837887AE
:10C2600089879A879B01AC010F94BA4029813A8152
:10C270004B815C810F94B44168A379A38AA39BA3EB
:10C2800029813A814B815C816F81788589859A8586
:10C290000F943C3AA50194010F943C3A4B015C0188
:10C2A0004B855C856D857E8588EF9DE20E941F33FE
:10C2B00049815A816B817C8182EF9DE20E94093421
:10C2C00083EE9DE21E3F10F484ED9DE20E94F93062
:10C2D0004F81588569857A858EEC9DE20E941F33D7
:10C2E00048A159A16AA17BA188EC9DE20E941F335D
:10C2F000B501A40182EC9DE20E9409348B899C89DE
:10C30000AD89BE89840D951DA61DB71DB595A79550
:10C31000979587951F3F09F075CB8093B2122296AF
:10C32000FFAD2297FF932FAD2F933E813F934D8119
:10C330004F938EEA9DE29F938F9389EB9DE29F93AB
:10C340008F931F920E94CB7D8D819E8101969E834B
:10C350008D830FB6F894DEBF0FBECDBFBCA1B983ED
:10C36000EDA1EB87FEA1FE8F2FA12F8FCF8AD88E54
:10C37000E98EFA8E3EAD38A742CECF92DF92EF9291
:10C38000FF92CF93DF93EC01C880D980EA80FB80D5
:10C390008FEA9CE20E94F930C701B6010E94342363
:10C3A000CC80DD80EE80FF808CE091E20E94F9304D
:10C3B000C701B6010E943423C884D984EA84FB846F
:10C3C00088E091E20E94F930C701B6010E9434234F
:10C3D0008AE0DF91CF91FF90EF90DF90CF900C94A7
:10C3E000F230CF93C82F0E9401FF94E0C99F9001C3
:10C3F0001124F901E35EF84E275D384ED9014D91C5
:10C400005D916D917C91408351836283738391E050
:10C4100090931C17882319F0CF910C94262DCF915F
:10C420000895FC0190E1A9E2B7E101900D929A957F
:10C43000E1F70895BC012091731830917418409170
:10C440007318509174182417350731F481E02617BA
:10C45000370709F080E008959A01F1CF6132710544
:10C460008105910538F4EFEAF8E26591749190E066
:10C4700080E00895AB01BC01405251096109710986
:10C48000411528E0520761057105C8F024E0529F6C
:10C49000C001112481559B4DFC01329625913491A8
:10C4A000FC0185919491AA27439FF001429F000CC3
:10C4B000E11DFA1F11248E1B9F0BBC01D8CFDB019D
:10C4C000CA01B695A795979587958C7F9C012155B4
:10C4D000374DF90185919491F9013296A591B49166
:10C4E00047704A9F90014B9F300D112443E03695D1
:10C4F00027954A95E1F7821B930BDFCF0F930FB778
:10C500000F9300916E000F930D7F00936E000091CA
:10C510006F000D7F00936F000F930BB70F930CB755
:10C520000F921F922F933F934F935F936F937F933D
:10C530008F939F93AF93BF93EF93FF9311240E9428
:10C540001FE3FF91EF91BF91AF919F918F917F91E9
:10C550006F915F914F913F912F911F900F900CBF62
:10C560000F910BBF0F910260F89400936F000F9131
:10C5700000936E000F910FBF0F91189580912118B5
:10C58000877F80932118129A81E0089512988091F4
:10C590002118886080932118089521E030E0082E4A
:10C5A00002C0220F331F0A94E2F720953095909134
:10C5B0002118292320932118813061F020F0823046
:10C5C00071F081E008955F9A8091A30C8E7F809333
:10C5D000A30CF7CF8A9A8091A30C8D7FF8CF80911E
:10C5E000080180958170809306018091A30C8B7F58
:10C5F000EECF80E00E94CDE281E00E94CDE282E0B9
:10C600000E94CDE20C94BEE2813089F070F082305D
:10C6100081F021E030E001C0220F8A95EAF7809195
:10C620002118822B8093211808955F98F2CF8A9861
:10C63000F0CF90910801917090930601EACF2F926C
:10C640003F924F925F926F927F928F929F92AF92A2
:10C65000BF92CF92DF92EF92FF920F931F93CF93EF
:10C66000DF93CDB7DEB767970FB6F894DEBF0FBE86
:10C67000CDBF8FEF9FEF90938900809388002AE0D1
:10C680002983312C212C789480916F189091701807
:10C69000A0917118B0917218892B8A2B8B2B09F0FD
:10C6A00029C280911C17882371F180917318909191
:10C6B000741810921C17892B09F41CC2109274185C
:10C6C0001092731810921B179091111380911213EE
:10C6D000981731F0809112138F5F87708093121337
:10C6E0004FEF5FEFBA0140935C0250935D0260939D
:10C6F0005E0270935F024093580250935902609318
:10C700005A0270935B028091731890917418892B70
:10C7100009F4F0C140916B1850916C1860916D183C
:10C7200070916E188091671890916818A09169189F
:10C73000B0916A18481759076A077B0708F0DAC1F1
:10C7400000918F0710E030E020E0841B950BA60BD2
:10C75000B70B081719072A073B0710F4D901C801BE
:10C760008E8B840F951FA61FB71F80936B18909315
:10C770006C18A0936D18B0936E1877247394009181
:10C780002A1810912B1820912C1830912D18809177
:10C790003A1890913B18A0913C18B0913D18080FA1
:10C7A000191F2A1F3B1F00933A1810933B18209320
:10C7B0003C1830933D1837FD18C080912618909191
:10C7C0002718A0912818B091291848015901881AF2
:10C7D000990AAA0ABB0AD501C40180933A1890931A
:10C7E0003B18A0933C18B0933D1840912E185091DF
:10C7F0002F18609130187091311880913E189091E7
:10C800003F18A0914018B0914118480F591F6A1F56
:10C810007B1F40933E1850933F18609340187093CD
:10C82000411877FD18C08091261890912718A09183
:10C830002818B09129185A016B01A81AB90ACA0A16
:10C84000DB0AD601C50180933E1890933F18A09350
:10C850004018B0934118C0903218D0903318E0902F
:10C860003418F09035188091421890914318A09197
:10C870004418B09145188C0D9D1DAE1DBF1D8093B1
:10C88000421890934318A0934418B0934518B7FDED
:10C8900018C0C0902618D0902718E0902818F09063
:10C8A00029184C015D018C189D08AE08BF08750160
:10C8B0006401C0924218D0924318E0924418F0925A
:10C8C00045188090361890903718A0903818B0907E
:10C8D0003918C0904618D0904718E0904818F0904A
:10C8E0004918C80CD91CEA1CFB1CC0924618D092EF
:10C8F0004718E0924818F0924918F7FC55C080900C
:10C90000261890902718A0902818B0902918C818B9
:10C91000D908EA08FB08C0924618D0924718E0925E
:10C920004818F0924918C0907318D0907418E6E433
:10C93000CE0ED11CF601C080D180E280F380CD28DC
:10C94000CE28CF2809F45FC180905118082C000C24
:10C950009908AA08BB08C0903517D0903617E09008
:10C960003717F0903817C818D908EA08FB08C092A2
:10C970003517D0923617E0923717F0923817C090DB
:10C980005B18D0905C18E0905D18F0905E18F1E0B4
:10C99000CF1AD108E108F108C0925B18D0925C1858
:10C9A000E0925D18F0925E18F12C711004C0C090F6
:10C9B0008400D090850037FD1CC040904E18042C98
:10C9C000000C5508660877088090291790902A1760
:10C9D000A0902B17B0902C17840C951CA61CB71C8C
:10C9E0008092291790922A17A0922B17B0922C1799
:10C9F000889A77FD1CC040904F18042C000C5508F5
:10CA00006608770880902D1790902E17A0902F170A
:10CA1000B0903017840C951CA61CB71C80922D1763
:10CA200090922E17A0922F17B09230178E9AB7FDC2
:10CA300021C040905018042C000C55086608770857
:10CA40008090311790903217A0903317B090341720
:10CA5000840C951CA61CB71C80923117909232173B
:10CA6000A0923317B0923417F0910B01F095F87043
:10CA7000F0930901FF20E1F040905118042C000CC4
:10CA80005508660877088090351790903617A09063
:10CA90003717B0903817840C951CA61CB71C8092D1
:10CAA000351790923617A0923717B0923817149A0C
:10CAB000C0908400D0908500C0908400D090850004
:10CAC00037FF889877FF8E98B7FD05C080910B01DE
:10CAD000887080930901F11014988E88882021F0C5
:10CAE00080918400909185002E8921502E8B712C8D
:10CAF000211145CE80915C0290915D02A0915E0271
:10CB0000B0915F020097A105B10509F07FC0409187
:10CB10004A1850914B1860914C1870914D188091A3
:10CB2000221890912318A0912418B0912518840FF1
:10CB3000951FA61FB71F80934A1890934B18A09378
:10CB40004C18B0934D18B7FD4DC040915118042EAC
:10CB5000000C550B660B770B0091351710913617AB
:10CB60002091371730913817040F151F261F371FD4
:10CB700000933517109336172093371730933817D3
:10CB800000915B1810915C1820915D1830915E182F
:10CB9000400F511F621F731F40935B1850935C1826
:10CBA00060935D1870935E18409126185091271875
:10CBB0006091281870912918841B950BA60BB70B50
:10CBC00080934A1890934B18A0934C18B0934D182B
:10CBD000149A8091840090918500809184009091B6
:10CBE000850014988091580290915902A0915A02A0
:10CBF000B0915B0280935C0290935D02A0935E0211
:10CC0000B0935F0208C0FF24F394CFCE8F3F9F4FB5
:10CC1000AF4FBF4F39F380904F0290905002A090D9
:10CC20005102B09052028A829B82AC82BD828928D6
:10CC30008A288B2809F055C0A0904110B09042106E
:10CC4000BF8AAE8AA114B10409F43AC01091090157
:10CC5000127082E00E9404E3000080910B011A141C
:10CC60001B040CF080958270809309010000809174
:10CC70000B01809588708093090100C000008EE050
:10CC800090E00197F0F780910B0188708093090183
:10CC9000000080910B011111809582708093090131
:10CCA0000000CE88DF8880914110909142101C14C2
:10CCB0001D040CF0E2C00197909342108093411044
:10CCC0000E942C2D882309F4DAC080ED97E0A0E0C3
:10CCD000B0E080934F0290935002A0935102B09322
:10CCE000520280916F1890917018A0917118B091B4
:10CCF0007218892B8A2B8B2B09F027C3809073180D
:10CD0000909074189F8A8E8A8114910409F4AEC0A1
:10CD100080916B1890916C18A0916D18B0916E185D
:10CD200040916718509168186091691870916A185D
:10CD300084179507A607B70708F4A5C08091BF0719
:10CD4000882309F46DC0F40185899689A789B08D7F
:10CD5000892B8A2B8B2BA1F4818D928DA38DB48D81
:10CD6000892B8A2B8B2B61F4858D968DA78DB0A195
:10CD7000892B8A2B8B2B21F480917B0C8823B1F19A
:10CD8000AE89BF8991966D917D918D919C9194977B
:10CD9000C0900D17D0900E17E0900F17F09010175D
:10CDA000AB5BBF4F2C9123FF07C09095809570958A
:10CDB00061957F4F8F4F9F4F0F94DD392091391030
:10CDC00030913A1040913B1050913C100F943C3AF6
:10CDD0009B01AC01C701B6010F94B94060930D17D8
:10CDE00070930E1780930F1790931017809116175A
:10CDF0008730B1F48091151780FF10C08091111712
:10CE000090911217A0911317B091141780930D17DA
:10CE100090930E17A0930F17B09310171092151739
:10CE2000109274181092731810921B17909111138E
:10CE300080911213981731F0809112138F5F8770D1
:10CE40008093121388248A94982C540180925C0257
:10CE500090925D02A0925E02B0925F0280925802B0
:10CE600090925902A0925A02B0925B0220ED822E5B
:10CE700027E0922EA12CB12C94C001961DCF8FEFEC
:10CE80009FEFDC0126CF40916318509164186091A8
:10CE9000651870916618481759076A077B0708F4E8
:10CEA00097C480915F1890916018A0916118B0911B
:10CEB0006218EE89FF8945A956A967A970AD841744
:10CEC0009507A607B70708F07AC40097A105B10532
:10CED00009F010C3C0901717D0901817E0901917D9
:10CEE000F0901A17C701B6010E9489954B015C01A9
:10CEF00080915F1890916018A0916118B0916218AC
:10CF0000880D991DAA1DBB1D80935F189093601812
:10CF1000A0936118B0936218E0917318F09174189F
:10CF2000FF8BEE8BEA5BFF4F80819181A281B38101
:10CF30000097A105B105A9F1EE89FF89E55BFF4FD7
:10CF40000081118130E020E040905B1850905C1827
:10CF500060905D1870905E18401651066206730668
:10CF60001CF080E090E0DC01BC01CD016C0D7D1D6A
:10CF70008E1D9F1D0E942EE22E893F89265B3F4F0A
:10CF8000D9012C9104C0660F771F881F991F2A951D
:10CF9000D2F7609358027093590280935A0290938B
:10CFA0005B028091731890917418892B09F0C5C1A8
:10CFB0000E94CCFE9093741880937318892B09F407
:10CFC000BCC1C0907318D0907418DF8ACE8AD60185
:10CFD0008C9183FF02C00C9488EEF601E05AFF4F5B
:10CFE00080819181A281B38180936F0C9093700CAA
:10CFF000A093710CB093720C80E13496ABECBBE063
:10D0000001900D928A95E1F7EE89FF8905891689CD
:10D010002789308D81E0011511052105310509F4BD
:10D0200080E0AE89BF8959964D905D906D907C905F
:10D030005C97411451046104710411F00C94B5EE35
:10D04000AE89BF895D968D909D90AD90BC90909774
:10D0500081149104A104B10409F0846080931B172A
:10D06000109252181092531810925418109255188A
:10D0700010925F1810926018109261181092621846
:10D08000EE89FF89C5A0D6A0E7A0F0A4C0926718DA
:10D09000D0926818E0926918F0926A1844275527D0
:10D0A000BA014C195D096E097F0940934A185093E3
:10D0B0004B1860934C1870934D1840933A18509346
:10D0C0003B1860933C1870933D1840933E18509362
:10D0D0003F18609340187093411840934218509342
:10D0E0004318609344187093451840934618509322
:10D0F0004718609348187093491841A152A163A141
:10D1000074A1440F551F661F771F000F111F221FA8
:10D11000331F00932A1810932B1820932C18309348
:10D120002D18440C551C661C771C40922E185092EA
:10D130002F186092301870923118880C991CAA1C14
:10D14000BB1C8092321890923318A0923418B0927F
:10D1500035184093361850933718609338187093E9
:10D160003918CC0CDD1CEE1CFF1CC0922618D09286
:10D170002718E0922818F092291810926B18109234
:10D180006C1810926D1810926E1881A592A5A3A527
:10D19000B4A58093631890936418A0936518B09316
:10D1A000661885A596A5A7A5B0A980935718909352
:10D1B0005818A0935918B0935A18EA5BFF4F808112
:10D1C0009181A281B381892B8A2B8B2BA1F0EE89CF
:10D1D000FF89E65BFF4F808104C0440F551F661F27
:10D1E000771F8A95D2F740932218509323186093A3
:10D1F0002418709325182E893F892B5B3F4FD90146
:10D200008C919091D217891721F08093D2170E94A8
:10D21000EFC10F94190788248A94982C54018092A6
:10D22000540290925502A0925602B0925702A090DA
:10D230007318B0907418F501FD96E080F1800281BA
:10D240001381D501D1962D913D914D915C91D4974B
:10D25000AD5ABF4FBF8BAE8B6D917D918D919C91DF
:10D260000E949DC110925618EE89FF8960817181DC
:10D27000828193810E9489954B015C0180915F18A6
:10D2800090916018A0916118B0916218880D991D55
:10D29000AA1DBB1D80935F1890936018A09361181E
:10D2A000B0936218C0907318D0907418DF8ACE8A39
:10D2B000F601EA5BFF4F80819181A281B3810097E3
:10D2C000A105B105D1F135960081118130E020E052
:10D2D000C0905B18D0905C18E0905D18F0905E18DC
:10D2E000C016D106E206F3061CF080E090E0DC01F7
:10D2F000EE89FF89ED5AFF4F008111812281338130
:10D30000BC01CD01600F711F821F931F0E942EE28E
:10D310002E893F89265B3F4FD9012C9104C0660FAF
:10D32000771F881F991F2A95D2F760935802709330
:10D33000590280935A0290935B0280926F189092E8
:10D340007018A0927118B09272188A809B80AC807D
:10D35000BD8089288A288B28D1F480916F189091FC
:10D360007018A0917118B09172188A3F9105A105AB
:10D37000B10568F43AEFA32EB12CC12CD12CA092A8
:10D380006F18B0927018C0927118D09272184091B4
:10D390004F02509150026091510270915202C09020
:10D3A0006F18D0907018E0907118F09072184F3F7D
:10D3B0002FEF52076207720799F0D701C601B695A1
:10D3C000A79597958795481759076A077B0740F4F3
:10D3D00080934F0290935002A0935102B093520257
:10D3E00040914F025091500260915102709152024F
:10D3F00000915C0210915D0220915E0230915F020B
:10D40000DB01CA01C416D506E606F70610F4D701FB
:10D41000C6010097E1E0AE07B10520F08FEF9FEF66
:10D42000A0E0B0E0081719072A073B0710F4D9015C
:10D43000C801C81AD90AEA0AFB0AC0926F18D0922A
:10D440007018E0927118F09272180F3FFFEF1F07EB
:10D450002F073F0761F0081B190B2A0B3B0B0093AA
:10D460005C0210935D0220935E0230935F024F3F97
:10D470002FEF52076207720761F0481B590B6A0BC6
:10D480007B0B40934F025093500260935102709374
:10D490005202F8942091840030918500205F3F4F24
:10D4A000498141504983442309F462C4280E391E3E
:10D4B0002216330608F4E7C83092890020928800CB
:10D4C000789467960FB6F894DEBF0FBECDBFDF919C
:10D4D000CF911F910F91FF90EF90DF90CF90BF9071
:10D4E000AF909F908F907F906F905F904F903F9004
:10D4F0002F90089550E04E81682FC92E8A2FAF815A
:10D50000F885E9857A853B852C859D8530910917BD
:10D51000369FE12D772720910A17269FE00D711D78
:10D5200010900B17169E700D3C9DE00D711D2C9DEB
:10D53000700D389F700DAE2FF72FAE9F312D222723
:10D540009927A79F300D211D951FFE9F300D211D8E
:10D55000951FF79F200D911DA22FF92FAE9F412DF2
:10D5600022279927A79F400D211D951FFE9F400D43
:10D57000211D951FF79F200D911DA22FF92F3327F5
:10D5800060911717C090181780911917009088069E
:10D59000052A09F484C0209184062A9F3119650B5D
:10D5A000C50A850B909185069A9F30196109C50AB5
:10D5B000850B409186064A9F6019C108850B2F9FF5
:10D5C00030196109C50A850B9F9F6019C108850B39
:10D5D0004F9FC0188109AE9F412D22279927A79FF1
:10D5E000400D211D951FFE9F400D211D951FF79F8A
:10D5F000200D911DA22FF92F209180062A9F310D19
:10D60000651FC51E851F909181069A9F300D611D73
:10D61000C51E851F409182064A9F600DC11C851F53
:10D620002F9F300D611DC51E851F9F9F600DC11C62
:10D63000851F4F9FC00C811DAE9F412D222799272A
:10D64000A79F400D211D951FFE9F400D211D951F79
:10D65000F79F200D911DA22FF92F20917C062A9F64
:10D660003119650BC50A850B90917D069A9F30197B
:10D670006109C50A850B40917E064A9F6019C10861
:10D68000850B2F9F30196109C50A850B9F9F601973
:10D69000C108850B4F9FC01881090C94D1EB2091D4
:10D6A00084062A9F310D651FC51E851F9091850632
:10D6B0009A9F300D611DC51E851F409186064A9FA9
:10D6C000600DC11C851F2F9F300D611DC51E851F5C
:10D6D0009F9F600DC11C851F4F9FC00C811DAE9F79
:10D6E000412D22279927A79F400D211D951FFE9FA1
:10D6F000400D211D951FF79F200D911DA22FF92F81
:10D70000209180062A9F3119650BC50A850B9091DF
:10D7100081069A9F30196109C50A850B40918206DE
:10D720004A9F6019C108850B2F9F30196109C50AEE
:10D73000850B9F9F6019C108850B4F9FC0188109F9
:10D74000AE9F412D22279927A79F400D211D951F90
:10D75000FE9F400D211D951FF79F200D911DA22FAB
:10D76000F92F20917C062A9F310D651FC51E851F4C
:10D7700090917D069A9F300D611DC51E851F4091B9
:10D780007E064A9F600DC11C851F2F9F300D611DB5
:10D79000C51E851F9F9F600DC11C851F4F9FC00C1C
:10D7A000811D11244E83AF83F887E9877A873B87F1
:10D7B0002C879D87DC2CC62EF12CE82E93CBAE89CE
:10D7C000BF89D196CD90DD90ED90FC90D4978ACB17
:10D7D00040915718509158186091591870915A18E3
:10D7E000481759076A077B0708F040C2809156180E
:10D7F0008111AAC0EE89FF89EF5BFF4FE080F180C5
:10D8000002811381EE89FF89E95AFF4F208131811E
:10D8100042815381EE89FF8961A972A983A994A9E4
:10D820000E949DC1F1E0F0935618AE89BF89D19650
:10D83000CD90DD90ED90FC90D497C701B6010E9489
:10D8400089954B015C018091521890915318A091D9
:10D850005418B0915518880D991DAA1DBB1D8093B1
:10D86000521890935318A0935418B0935518E09100
:10D870007318F0917418FF8BEE8BEA5BFF4F4080BA
:10D88000518062807380411451046104710409F471
:10D8900088CBEE89FF89E35BFF4F80819181B0E007
:10D8A000A0E040915B1850915C1860915D187091F8
:10D8B0005E1884179507A607B7070CF05BC2C4145F
:10D8C000D504E604F70409F46CCBC414D504E604CB
:10D8D000F70408F059C2C301B2016C197D098E0921
:10D8E0009F0911E00E942EE22E893F89265B3F4F5F
:10D8F000D9012C9104C0660F771F881F991F2A95A4
:10D90000D2F7609358027093590280935A02909311
:10D910005B028091D21783FB992790F9191709F4BC
:10D9200040CBB8E08B278093D21780915118819516
:10D93000809351180000C414D504E604F70408F0DD
:10D9400093C1169800002DCB8091521890915318D6
:10D95000A0915418B0915518EE89FF8941AD52AD90
:10D9600063AD74AD84179507A607B70708F072C1B9
:10D970000097A105B10549F4C0901717D09018176A
:10D98000E0901917F0901A1758CF50E04E85282FC5
:10D99000C92E8A2FFF85E88979896A893B899C8904
:10D9A000AD8930910917329F712D662790910A1722
:10D9B000929F700D611D10900B17129E600D3C9D83
:10D9C000700D611D9C9D600D389F600DF72FE62F37
:10D9D000F79F312D9927AA27F69F300D911DA51F7E
:10D9E000E79F300D911DA51FE69F900DA11DF92FFA
:10D9F000EA2FF79F412D9927AA27F69F400D911DE9
:10DA0000A51FE79F400D911DA51FE69F900DA11D2D
:10DA1000F92FEA2F332720911717C09018178091FC
:10DA2000191700908806052A09F484C0909184068D
:10DA30009F9F3119250BC50A850BA0918506AF9FC5
:10DA400030192109C50A850B409186064F9F201980
:10DA5000C108850B9E9F30192109C50A850BAE9F11
:10DA60002019C108850B4E9FC0188109F79F412DD1
:10DA70009927AA27F69F400D911DA51FE79F400DEE
:10DA8000911DA51FE69F900DA11DF92FEA2F9091E2
:10DA900080069F9F310D251FC51E851FA091810601
:10DAA000AF9F300D211DC51E851F409182064F9FDF
:10DAB000200DC11C851F9E9F300D211DC51E851F79
:10DAC000AE9F200DC11C851F4E9FC00C811DF79F6E
:10DAD000412D9927AA27F69F400D911DA51FE79F6D
:10DAE000400D911DA51FE69F900DA11DF92FEA2F56
:10DAF00090917C069F9F3119250BC50A850BA0913B
:10DB00007D06AF9F30192109C50A850B40917E061D
:10DB10004F9F2019C108850B9E9F30192109C50A06
:10DB2000850BAE9F2019C108850B4E9FC018810937
:10DB30000C941CEE909184069F9F310D251FC51EED
:10DB4000851FA0918506AF9F300D211DC51E851F25
:10DB5000409186064F9F200DC11C851F9E9F300D52
:10DB6000211DC51E851FAE9F200DC11C851F4E9F08
:10DB7000C00C811DF79F412D9927AA27F69F400DC4
:10DB8000911DA51FE79F400D911DA51FE69F900DBC
:10DB9000A11DF92FEA2F909180069F9F3119250B27
:10DBA000C50A850BA0918106AF9F30192109C50ACE
:10DBB000850B409182064F9F2019C108850B9E9FBF
:10DBC00030192109C50A850BAE9F2019C108850BA4
:10DBD0004E9FC0188109F79F412D9927AA27F69FCC
:10DBE000400D911DA51FE79F400D911DA51FE69FAC
:10DBF000900DA11DF92FEA2F90917C069F9F310D6A
:10DC0000251FC51E851FA0917D06AF9F300D211DCC
:10DC1000C51E851F40917E064F9F200DC11C851F8C
:10DC20009E9F300D211DC51E851FAE9F200DC11C5E
:10DC3000851F4E9FC00C811D11244E87FF87E88BE6
:10DC4000798B6A8B3B8B9C8BAD8BDC2CC22EF12CA1
:10DC5000E82EF3CD2E893F89295A3F4FD901CD9027
:10DC6000DD90ED90FC90E9CD169A6CCE8091540237
:10DC700090915502A0915602B0915702B7FF3EC055
:10DC8000EE89FF89E15BFF4F608171818281938121
:10DC90000E948995609354027093550280935602B6
:10DCA0009093570280907318909074189F8A8E8A70
:10DCB000F401EA5BFF4F80819181A281B381892BBE
:10DCC0008A2B8B2BD9F03996608171818281938167
:10DCD0000E942EE29401265B3F4FD9012C9104C093
:10DCE000660F771F881F991F2A95D2F760935802F5
:10DCF0007093590280935A0290935B028090540271
:10DD000090905502A0905602B09057020C94D1E723
:10DD10008E899F8945960E9411E210927418109284
:10DD2000731810921B17909111138091121398176A
:10DD300031F0809112138F5F877080931213CC247F
:10DD4000CA94DC2C7601C0925C02D0925D02E09213
:10DD50005E02F0925F02C0925802D0925902E092A5
:10DD60005A02F0925B020C94D8E782600C9420E88F
:10DD70001901A2CB412C512C3201C114D104E10470
:10DD8000F10411F40C94D1E7C701B60164197509C7
:10DD90008609970910E0A6CD26E037E144E050E07F
:10DDA000BC0182EF96E10C94A73626E037E141E012
:10DDB00050E0BC0182EF96E10C94A73626E037E1F3
:10DDC00041E050E0BC0182EF96E10C94A73626E0DA
:10DDD00037E14CE050E0BC0182EF96E10C94A736AD
:10DDE000CF92DF92EF92FF92CF93DF93CDB7DEB762
:10DDF0002C970FB6F894DEBF0FBECDBFABE1BDE0F0
:10DE000090E080E0FC01E55AFB4D4591559165910C
:10DE100074914D935D936D937D93FC01E55BFB4D98
:10DE2000459155916591749150964D935D936D9385
:10DE30007C935397FC01E55CFB4D459155916591B1
:10DE4000749190964D935D936D937C939397049604
:10DE500080319105B9F680E29EE4A0E0B0E08093C5
:10DE60002B0D90932C0DA0932D0DB0932E0D80E0D3
:10DE700090E8ABE3B4E480934F0D9093500DA093E2
:10DE8000510DB093520D80E090E0AAE7B4E4809386
:10DE9000530D9093540DA093550DB093560D80E003
:10DEA00090E0A6E9B3E48093570D9093580DA093AA
:10DEB000590DB0935A0D10925B0D10925C0D10929B
:10DEC0005D0D10925E0D10925F0D1092600D10921C
:10DED000610D1092620DC12CD12C80E2E82E81E4FC
:10DEE000F82EC092AF07D092B007E092B107F0923F
:10DEF000B20780E090E0A0EAB0E48093B30790938B
:10DF0000B407A093B507B093B6074AE959E969E9A0
:10DF10007EE34093B7075093B8076093B9077093B7
:10DF2000BA078093BB079093BC07A093BD07B0933B
:10DF3000BE071092DC171092DD171092DE171092B8
:10DF4000DF171092D8171092D9171092DA17109283
:10DF5000DB171092D4171092D5171092D617109283
:10DF6000D71781E08093BF0780931617C0921117CF
:10DF7000D0921217E0921317F09214170E94EB2D13
:10DF8000C0920117D0920217E0920317F092041783
:10DF90000E943D368CE0E5E4F3E0DE01119601904D
:10DFA0000D928A95E1F789819A81AB81BC8180933A
:10DFB000001390930113A0930213B09303138D8168
:10DFC0009E81AF81B8858093041390930513A0932D
:10DFD0000613B093071389859A85AB85BC8580931A
:10DFE000081390930913A0930A13B0930B1380E0C6
:10DFF00090E0AAECB1E48093F4129093F512A09310
:10E00000F612B093F71285E698E0A6EBBEE3809394
:10E01000F8129093F912A093FA12B093FB1281E0D8
:10E020009FE1A0EEB3E48093FC129093FD12A093C5
:10E03000FE12B093FF1283EC95E9ACE2B4E4809356
:10E04000C8129093C912A093CA12B093CB1280E267
:10E050009BE1A2E9B1E48093CC129093CD12A093FE
:10E06000CE12B093CF1287EF9CEDABECB5E480936A
:10E07000D0129093D112A093D212B093D3121092D7
:10E080007A0C0E944A291092001780E090E0A0EEDE
:10E09000BFE38093FC169093FD16A093FE16B093F9
:10E0A000FF161092D1171092D0170F94F10710920B
:10E0B000A5071092A6071092A7071092A80780E064
:10E0C00090E0A6E9B2E48093F4169093F516A0933D
:10E0D000F616B093F7168093F8169093F916A0935E
:10E0E000FA16B093FB160F9406060E94B93287E524
:10E0F00092E20E9417372C960FB6F894DEBF0FBE3F
:10E10000CDBFDF91CF91FF90EF90DF90CF900D9436
:10E11000DB09AF92BF92CF92DF92EF92FF920F9303
:10E120001F93CF93DF9381E0809305170E94D8F966
:10E1300010920517882309F4E9C00E94D8F9F82E37
:10E1400086E292E20E9417370E94A32A882309F4EC
:10E15000BFC010E000E0D0E034E0C32E45E0D42E94
:10E1600052E8E52EC0E0802F8170B82EAC2EAD0EA7
:10E170008C2D8C1BB11001C08C2FF801D89EE00DA6
:10E18000F11D1124EE0FFF1FEE0FFF1FEA54F34F96
:10E1900020E030E04AE754E460817181828193811C
:10E1A0000F943C3A0F942642709374146093731446
:10E1B000D0926714E0926A148A2D90E08058974FAD
:10E1C000880F991F092E000CAA0BBB0B80936B14B0
:10E1D00090936C14A0936D14B0936E1487E194E146
:10E1E0000F94FA09CF5FC53009F6DB5F0F5F1F4F51
:10E1F000D93109F0B7CF83E090E090937414809305
:10E200007314C0936714E0926A1485E490E1A0E06F
:10E21000B0E080936B1490936C14A0936D14B09342
:10E220006E1487E194E10F94FA0981E00E94FE35B3
:10E2300020E030E0A90160910813709109138091EA
:10E240000A1390910B130F94BA40AB01BC018DE0FF
:10E2500092E20E94093420E030E0A90160910813A5
:10E260007091091380910A1390910B130F94BA4087
:10E2700020E030E048EC52E40F943C3A0F94264200
:10E28000709374146093731485E08093671482E82C
:10E2900080936A1486E290E1A0E0B0E080936B1472
:10E2A00090936C14A0936D14B0936E1487E194E175
:10E2B0000F94FA090F9463148F2DDF91CF911F9162
:10E2C0000F91FF90EF90DF90CF90BF90AF900895A7
:10E2D00082E090E0909374148093731485E08093AF
:10E2E000671482E880936A1485E490E1A0E0B0E0CE
:10E2F00080936B1490936C14A0936D14B0936E1470
:10E3000087E194E10F94FA0980E090CF0E94F0EE4B
:10E310000F94690D0E94B93283E492E20E94F930B1
:10E32000F12CCACFBC0188E590E30E94D63E85E57A
:10E3300090E30C94F9300E94D63E8AE00C94F230BF
:10E340001F93CF93DF93182FEB010E94B9328AE419
:10E3500091E30E94F93086E391E3113011F48CE3EC
:10E3600091E30E94F930BE0182E491E3DF91CF9105
:10E370001F910C949BF1EF92FF920F931F93CF93F9
:10E38000DF931F921F92CDB7DEB72091F11424FFC7
:10E3900038C07C01BC0182E00E94A0F11092E81418
:10E3A0008091F114877F8B7F8093F1140E941DCEA2
:10E3B000A701BE016F5F7F4F80E00E94FE778C0156
:10E3C000C7010115110539F169817A8126E5A80196
:10E3D00085E596E10E943ACF8823E1F08091F1141F
:10E3E00081608093F114C8010E94F4CE1092E5146C
:10E3F000B80184E291E30E949BF160E0C8010F94B0
:10E400004D180F900F90DF91CF911F910F91FF90BA
:10E41000EF900895C8010E9492F1F3CFCF939091AD
:10E42000F11494FF20C09091F91491111CC02AE5B9
:10E43000811121E0C82F48E653E061E175E186EFE4
:10E4400094E10E943ACF811105C088E693E0CF9114
:10E450000C9492F1C11107C068E673E084E291E385
:10E46000CF910C949BF1CF910895FF920F931F933E
:10E47000CF93DF93CDB7DEB76D970FB6F894DEBFBD
:10E480000FBECDBF2091F11424FF2AC0AC01BE0104
:10E49000645E7F4F80E00E94FE778C01009701F15F
:10E4A0006C8D7D8D19821C8222E0AC01CE0101961B
:10E4B0000E943ACF811120C0F12CCE0101960E941A
:10E4C0007229B801FF2069F186E191E30E949BF176
:10E4D0001092ED141092EE141092EF141092F014AA
:10E4E0006D960FB6F894DEBF0FBECDBFDF91CF9112
:10E4F0001F910F91FF900895CE0101960E946A77B7
:10E500008823D1F261E0CE0101960E9404CA0097EF
:10E5100099F225EEFC0120831C820E94C7BEF82ED2
:10E52000CCCF8EEF90E30E94D63E8BEF90E30E941B
:10E53000F930D6CF0E9466D2882331F00E9442295A
:10E5400088E693E00C9435F20895EF92FF920F93D2
:10E550001F93CF93DF931F921F92CDB7DEB77C013D
:10E560008091F11484FD04C0C7010E9492F15FC044
:10E57000613009F46CC008F463C0623009F4C0C0B3
:10E580008091F114877F8B7F8093F1140E941DCEC0
:10E59000A701BE016F5F7F4F81E00E94FE778C0173
:10E5A000009711F369817A8121E0AC0185E596E15C
:10E5B0000E943ACF882309F4AAC0809166169091F0
:10E5C0006716A0916816B09169168093E91490932C
:10E5D000EA14A093EB14B093EC141092ED14109283
:10E5E000EE141092EF141092F014B80183E890E347
:10E5F0000E94D63E4091E9145091EA146091EB14C8
:10E600007091EC148BE790E30F94BE098CE690E3D5
:10E610000E94F930C8010E94F4CE80915D128823D7
:10E6200011F00DE512E160E0C8010F944D180F9054
:10E630000F90DF91CF911F910F91FF90EF90089570
:10E64000B70182E00E94A0F11092E81499CF0E94D5
:10E65000292E811105C0B70181E00E94A0F190CF61
:10E660008091E814882379F00E94BD3161E070E068
:10E670008CED90E30F94D60940E070E060E08BEC05
:10E6800090E30E94833A8DE497E10E94CDCDE09122
:10E69000E81484E0E89FF0011124E75BF84E8091D4
:10E6A000ED149091EE14A091EF14B091F0148083CA
:10E6B0009183A283B3830E94B932B70182EB90E3C6
:10E6C0000E94D63E6091E81489E6689FB00111244B
:10E6D000635B784E87EA90E30E94D63E4091ED144A
:10E6E0005091EE146091EF147091F01481EA90E370
:10E6F0000F94BE098091E8148F5F8093E81440CF97
:10E700000E94B93281E990E30E94F93039CFC80103
:10E710002CCF2F923F924F925F926F927F928F9267
:10E720009F92AF92BF92CF92DF92EF92FF920F93A0
:10E730001F93CF93DF93CDB7DEB7C958D1090FB67A
:10E74000F894DEBF0FBECDBF2DB73EB7C857DF4F21
:10E7500039832883C858D04001E026E037E144E0FF
:10E7600050E0BE0163587F4F82EF96E10E94192F5F
:10E7700043E050E0BE0163587F4F84E693E00F947E
:10E780001A44892B09F44BC0C058DF4F8881C05808
:10E79000D040882339F08FE3EE968FAFEE97EF9657
:10E7A0001FAEEF970E94B932BE0163587F4F8EE8CB
:10E7B00094E20E94D63E80E894E20E94F9308BE613
:10E7C00094E20E94763A81E08093081790910817AE
:10E7D00081E08927C857DF4F28813981C858D04048
:10E7E0000FB6F8943EBF0FBE2DBFC757DF4F0FB611
:10E7F000F894DEBF0FBECDBFDF91CF911F910F9177
:10E80000FF90EF90DF90CF90BF90AF909F908F9050
:10E810007F906F905F904F903F902F90089501E010
:10E8200026E037E142E050E0BE016F577F4F82EFB4
:10E8300096E10E94192FED961CAE1DAE1EAE1FAEC6
:10E84000ED971092071710920617CE018D579F4F24
:10E850000E94BDC2ADB6BEB6CD57DF4FC880C3580B
:10E86000D040D12C33E0C30ED11CCC0CDD1CCC0C21
:10E87000DD1C8DB79EB78C199D090FB6F8949EBF0D
:10E880000FBE8DBFEDB7FEB73196CA57DF4FF98384
:10E89000E883C658D0402DB73EB72C193D090FB6B6
:10E8A000F8943EBF0FBE2DBF8DB79EB701964C01A9
:10E8B000EDB7FEB7EC19FD090FB6F894FEBF0FBE19
:10E8C000EDBF2DB73EB72F5F3F4F7901B601CA5755
:10E8D000DF4F88819981C658D0400E94E4F90091A9
:10E8E000051781E0082726E037E144E050E06BE2BD
:10E8F0007DE082EF96E10E94192FB601C4010E94CB
:10E90000E4F9B601C7010E94E4F90091051701116D
:10E9100057C0CD57DF4F8881C358D04090E0029652
:10E92000ABE1BDE050E040E030E020E067E674E2BB
:10E93000E7E5CE2EE4E2DE2E821793070CF4BCC08E
:10E94000CA57DF4FE881F981C658D040E40FF51F60
:10E9500040805180628073804D925D926D927D9275
:10E96000821793070CF4AEC0F401E40FF51F20806A
:10E9700031801281E3812101612E7E2E50964D92CD
:10E980005D926D927C925397821793070CF4A3C00B
:10E99000F701E40FF51F208031801281E38121010E
:10E9A000612E7E2E90964D925D926D927C92939701
:10E9B0002F5F3F4F4C5F5F4F2430310509F0BCCFD4
:10E9C0008FE49DE00E94ADC283E59DE00E94ADC250
:10E9D00087E59DE00E94ADC28BE59DE00E94ADC23F
:10E9E0008FE59DE00E94ADC281E0082726E037E177
:10E9F00040E150E06FEA77E082EF96E10E94192F44
:10EA0000CE0187589F4F0E94ADC20FB6F894BEBE8C
:10EA10000FBEADBE84ED97E10E949DC2CE01835929
:10EA20009F4F0E947DC2CE0101967C010E94ADC223
:10EA3000CE018C579F4F0E945DC2809105178111B6
:10EA40001AC0AE968FADAE978093BF0789819A8129
:10EA5000AB81BC818093111790931217A093131769
:10EA6000B0931417CC57DF4F8881C458D04080939F
:10EA700016170E94EB2D81E097E10E94ADC2CE01F6
:10EA800087589F4F0E94ADC2C7010E94BDC2CE01F0
:10EA900083599F4F0E94BDC20981AE968FADAE973C
:10EAA000089F8001112401501109F8F0CE01875808
:10EAB0009F4F0E94ADC2F7CFFB01459055906590E6
:10EAC00074904ACFF601459055906590749012016C
:10EAD000162DE72D50CFE7E4F4E245905590659070
:10EAE00074901201162DE72D5ACF80E093E10E9419
:10EAF0009DC21AE01150CE0129F087589F4F0E9405
:10EB0000ADC2F8CF8C579F4F0E94BDC2CE018B572C
:10EB10009F4F0E94BDC2C7010E948DC2CE01835982
:10EB20009F4F0E948DC2CC57DF4F0881C458D04000
:10EB3000053009F0EFC1CB57DF4F8881C558D04071
:10EB4000853009F0E7C180910517811102C00E944C
:10EB5000FE35BE0163597F4FC7010E94B92C009159
:10EB6000051781E0082726E037E144E650E066EB30
:10EB70007CE082EF96E10E94192FC7010E947DC2BE
:10EB8000CE0183599F4F0E945DC20091051711E08D
:10EB9000012726E037E140E150E0B70182EF96E13E
:10EBA0000E94192FC7010E947DC2009105170127FD
:10EBB00026E037E144E150E0B70182EF96E10E94A0
:10EBC000192F0091051701113AC089809A80AB80F6
:10EBD000BC80A5019401C501B4010F94AC4381111F
:10EBE0002EC049845A846B847C846D817E818F81A0
:10EBF00098858092F4129092F512A092F612B0923B
:10EC0000F7122CEA35EC47E25EE30F943C3A60934E
:10EC1000F8127093F9128093FA129093FB122CEA77
:10EC200035EC47E25EE3C301B2010F94B441609357
:10EC3000FC127093FD128093FE129093FF1281E0FC
:10EC4000082726E037E142E050E0B70182EF96E185
:10EC50000E94192FC7010E946DC200910517011172
:10EC60003AC089809A80AB80BC80A5019401C5011F
:10EC7000B4010F94AC4381112EC049845A846B8433
:10EC80007C846D817E818F8198858092C81290925C
:10EC9000C912A092CA12B092CB122CEA35EC47E20C
:10ECA0005EE30F943C3A6093CC127093CD12809344
:10ECB000CE129093CF122CEA35EC47E25EE3C3010B
:10ECC000B2010F94B4416093D0127093D11280932B
:10ECD000D2129093D312C7010E946DC2C7010E9445
:10ECE0005DC2C7010E945DC2C7010E945DC285E08E
:10ECF000F70111928A95E9F781E0082726E037E1CC
:10ED000045E050E0B70182EF96E10E94192FC7015C
:10ED10000E947DC200910517011103C08981809373
:10ED20007A0C11E0012726E037E140E250E0B7011C
:10ED300082EF96E10E94192FCE0183599F4F0E94C6
:10ED40007DC200910517012726E037E149E050E038
:10ED5000B70182EF96E10E94192F0091051701116A
:10ED60000FC08981809300178A819B81AC81BD810E
:10ED70008093FC169093FD16A093FE16B093FF1699
:10ED800011E0012726E037E142E150E0B70182EFD0
:10ED900096E10E94192F00910517012726E037E11F
:10EDA00044E250E0B70182EF96E10E94192F0091F2
:10EDB0000517012726E037E140E150E0B70182EF77
:10EDC00096E10E94192F00910517012726E037E1EF
:10EDD00042E050E0B70182EF96E10E94192FC7018F
:10EDE0000E94ADC20091051701110CC089819A8162
:10EDF000AB81BC818093A5079093A607A093A7073A
:10EE0000B093A80711E0012726E037E140E150E088
:10EE1000B70182EF96E10E94192F00910517012793
:10EE200026E037E14CE650E0B70182EF96E10E9420
:10EE3000192F00910517012726E037E148E050E03F
:10EE400064EF76E182EF96E10E94192FC7010E94DC
:10EE50009DC2CE018C579F4F0E945DC2CE01835947
:10EE60009F4F0E94ADC280E3F70111928A95E9F7A6
:10EE700000910517012726E037E140E350E0B70194
:10EE800082EF96E10E94192F80910517811114C01D
:10EE90008CE0F701DE01A359BF4F01900D928A95D6
:10EEA000E1F789819A810C9709F446C08FE893E2D3
:10EEB0000E94F9300F94DB098091F2169091F316BD
:10EEC0008233934009F493C00E94BD3189E792E2F6
:10EED0000E94F93081E0809308170E94B932609156
:10EEE000F2167091F3166456710983E394E20E945E
:10EEF0009A366EEC72E08BE294E20F94D109809125
:10EF00000517811163CC8091081781115FCC0F9494
:10EF100006065CCCCB57DF4F8881C558D040089F90
:10EF2000800111240150110908F427CECE01875821
:10EF30009F4F0E94ADC2F6CF8B81813019F089E4DA
:10EF400093E2B6CF83E293E20E94F9308CE0FE01B7
:10EF5000E359FF4FA8E0B8E001900D928A95E1F7E0
:10EF6000609111088DE093E20E94A33C609110082B
:10EF70008AEF92E20E94A33C6091120870911308FC
:10EF800082EE92E20F94D60910910D088EEC92E277
:10EF90000E94F930612F110F770B880B990B0E949B
:10EFA000D37B8AE00E94F23060910E0870910F08C6
:10EFB0008CEB92E20F94D60910910B0886EA92E24C
:10EFC0000E94F930812F0E9460248AE00E94F23072
:10EFD00010910C0881E992E20E94F930812F0E9481
:10EFE00060248AE00E94F2300F94631465CF10927F
:10EFF00008172091061730910717CF57DF4F8881E8
:10F000009981C158D04028173907E1F081E08093F9
:10F0100008170E94BD31CF57DF4F68817981C158F1
:10F02000D0408BE094E20F94B20960910617709182
:10F03000071786E094E20F94B20986EF93E20E94EC
:10F04000F9305DCF80910517811159CF0E94B932F7
:10F0500084E693E00E942CC66091F2167091F3163C
:10F060006456710989ED93E20E949A36C0900617A2
:10F07000D0900717F12CE12C8CEC93E20E94F93030
:10F08000C701B6010E94017989EC93E2D8CF9F9223
:10F09000AF92BF92CF92DF92EF92FF920F931F93A6
:10F0A000CF93DF9300D01F921F92CDB7DEB7E7EC6E
:10F0B000F9E30027BB27462F572FA82FAA2341F497
:10F0C000A52F542FB85FAA2319F4A52F5527B85F91
:10F0D000A03138F45295A295452F4F70507FA42B44
:10F0E000BC5FA03428F4550FAA1F550FAA1FBE5F9E
:10F0F000A03818F4550FAA1FB395550FAA1FEA0F91
:10F10000F01F449151E0AA27B85081F1C8F0B0FF38
:10F1100002C0440F551FB1FF04C0440F551F440FD8
:10F12000551FB2FF06C052954295142F1F70407FA5
:10F13000512BB3FF1BC0A52F542F44270C94B6F8B6
:10F14000B195B0FF02C055954795B1FF04C05595E4
:10F15000479555954795B2FF05C05295407F42951A
:10F16000452B5F70B3FF02C0452F5527DD24CC240B
:10F17000BB24B2E0649FD018C108B00AB00B749FE2
:10F18000C018B108B00B849FB018B109659FC018B2
:10F19000B108B00B759FB018B109859FB0196A9F6F
:10F1A000B018B1097A9FB0194D9DA12C992433272D
:10F1B000992722275D9DA00C911C301F901F201FB6
:10F1C000AD9D900C311D901F201F4C9DA00C911CDB
:10F1D000301F901F201F5C9D900C311D901F201F21
:10F1E000AC9D300D911D201F4B9D900C311D901F2B
:10F1F000201F5B9D300D911D201FAB9D900D211D8B
:10F200004B9F300D911D201F5B9F900D211DAB9FCB
:10F21000200DB1E0BB24CC24DD24639FD018C108AD
:10F22000B00AB00B739FC018B108B00B839FB01821
:10F23000B109699FC018B108B00B799FB018B10926
:10F24000899FB019629FB018B109729FB019D61A80
:10F25000C70AB80A20F0B1E03B0F901F201F11240D
:10F26000792F632F90E0822F0F900F900F900F90C7
:10F270000F90DF91CF911F910F91FF90EF90DF9052
:10F28000CF90BF90AF909F900895FC017081472F61
:10F2900050E0062E02C0559547950A94E2F740FFCC
:10F2A00014C04091EA1850E0062E02C055954795CB
:10F2B0000A94E2F740FF09C021E030E001C0220FCC
:10F2C0006A95EAF720952723208308958091C80B3B
:10F2D000811106C081E09091C90B93300CF480E05D
:10F2E00008958091111390911213891B877089F4EE
:10F2F0008091630E81110DC08091000890910108EA
:10F30000892B39F481E09091E017911103C080E0DE
:10F31000089581E00895CF93C82FCB010E94F93062
:10F3200084E695E30E94F93085E595E3CC2311F05E
:10F330008AE595E3CF910C941737CF93DF93C09173
:10F34000DC18D091DD18DF77209759F58091F11402
:10F3500083FD2BC00E94292E882319F18091E91486
:10F360009091EA14A091EB14B091EC140097A105D0
:10F37000B105B9F0BC01CD01615F784D8F4F9F4F52
:10F3800020E137E240E050E00F941A406091ED1424
:10F390007091EE148091EF149091F0140F941A4034
:10F3A000E901CE01DF91CF910895C0E1D7E2F9CF15
:10F3B00084E690E09093F3168093F216109207176C
:10F3C000109206170C9489F30F93AB010091051767
:10F3D00021E0022726E037E1BC0182EF96E10E949E
:10F3E000192F0F910895CF93DF9300D01F92CDB7BF
:10F3F000DEB78091BF178823A9F083E390E09C8358
:10F400008B831A8219829E012F5F3F4F40E150E0AB
:10F4100060EC77E1CE0103960E94A73689E79BE373
:10F420000E9417370F900F900F900F90DF91CF91A0
:10F430000895CF93DF9300D01F921F92CDB7DEB710
:10F4400081E08093BF1780E1E0ECF7E1DF011D92DE
:10F450008A95E9F70E94F3F986E18D8382E390E0D3
:10F460009C838B831A8219829E012F5F3F4F41E05C
:10F4700050E0BE016B5F7F4FCE0103960E94A7361E
:10F480000F900F900F900F900F90DF91CF910895F4
:10F490004F925F926F927F928F929F92AF92BF92A4
:10F4A000CF92DF92EF92FF92CF93DF9300D000D004
:10F4B000CDB7DEB79E838D830E94B82A4B015C01D5
:10F4C000AD81BE8118964D905D906D907C901B979C
:10F4D000AC019B01C301B2010F94B9406B017C01E7
:10F4E00080919F0C9091A00CA091A10CB091A20CC6
:10F4F00089839A83AB83BC8320E030E0A901BC01FF
:10F50000CD010F94D639882349F020E030E0A901DD
:10F51000C701B6010F94D6391816ECF0AD81BE8143
:10F520001896CD92DD92ED92FC921B9726960FB61F
:10F53000F894DEBF0FBECDBFDF91CF91FF90EF906B
:10F54000DF90CF90BF90AF909F908F907F906F9003
:10F550005F904F90089529813A814B815C81C3016E
:10F56000B2010F941A4387FFE1CF20919A0C30919A
:10F570009B0C40919C0C50919D0CC501B4010F94C3
:10F580003C3A9B01AC0160E070E080E89FE30F949F
:10F59000B9409B01AC01C701B6010F94B441ED81A4
:10F5A000FE816087718782879387C0CFCF93DF9377
:10F5B0008091EB18811119C0C0916F02D091700237
:10F5C000219720E030E040E05FE36091D812709135
:10F5D000D9128091DA129091DB120F94BA400F94F5
:10F5E000264221E06C177D070CF020E0822FDF918E
:10F5F000CF910895AF92BF92CF92DF92EF92FF9298
:10F600000F931F93CF93DF93CBE1DDE001E917E088
:10F610008BE2A82E8DE0B82EC12CD12C7601C3949C
:10F6200069917991899199910F94DB392889398968
:10F630004A895B890F943C3A0F942D42F8016193FB
:10F640007193819391938F01C616D706E806F90648
:10F6500010F46B017C01AC16BD0611F76FEF7FEF64
:10F66000CB01A70196010F941A402093A107309374
:10F67000A2074093A3075093A407DF91CF911F9156
:10F680000F91FF90EF90DF90CF90BF90AF900895D3
:10F690000F931F93CF93DF930FE21DE0CDE2D0E1F4
:10F6A000F80121913191419151918F0160E070E019
:10F6B00080E89FE30F94B441699379938993999378
:10F6C000F0E1CD33DF0761F70E944C84DF91CF91E9
:10F6D0001F910F910C94FAFA9091111380911213CB
:10F6E000981306C08091A9079091AA07892B21F051
:10F6F00080E00E94FB4AF0CF089590911113809111
:10F700001213981308C08091A9079091AA07892B1A
:10F7100011F40C94F9E280E00E94FB4AEECFCF9204
:10F72000DF92EF92FF92CF93DF9320919E0C2223E2
:10F7300011F1EC0108960E94432D6B017C0120E041
:10F7400030E0A9010F94D6398823A9F0CE010E9498
:10F75000B82A9B01AC01C701B6010F943C3A9B014A
:10F76000AC01688579858A859B850F94BA40688746
:10F7700079878A879B87DF91CF91FF90EF90DF9009
:10F78000CF900895CF92DF92EF92FF928091001771
:10F79000882309F457C0C090FC16D090FD16E09065
:10F7A000FE16F090FF1620E030E0A901C701B60177
:10F7B0000F94D639882309F445C020E030E040E0BA
:10F7C0005FE3C701B6010F943C3A9B01AC010F9473
:10F7D0003C3A2BED3FE049E450E40F943C3A9B0166
:10F7E000AC0160E070E080E89FE30F94B4416B01EE
:10F7F0007C01C092AB07D092AC07E092AD07F092CB
:10F80000AE0760912F0270913002072E000C880B1A
:10F81000990B0F94DD392AE037ED43E25CE30F9456
:10F820003C3AA70196010F943C3A60932B027093E7
:10F830002C0280932D0290932E02FF90EF90DF9088
:10F84000CF900895C12CD12C80E8E82E8FE3F82EBC
:10F85000D0CF2F923F924F925F926F927F928F9272
:10F860009F92AF92BF92CF92DF92EF92FF920F934F
:10F870001F93CF93DF93CDB7DEB7A0970FB6F89461
:10F88000DEBF0FBECDBF1C017B015E834D83FC013B
:10F89000E15BFF4F208131814281538129833A838B
:10F8A0004B835C83CA01B9010F94DB394B015C01C6
:10F8B000D7012D913D914D915C910F943C3A0F945D
:10F8C00098412B013C01ED81FE81208131814281F3
:10F8D0005381C501B4010F943C3A0F9498416B01D8
:10F8E0007C01C301B2010F942D426D877E878F8703
:10F8F000988B683771058105910540F428E730E061
:10F9000040E050E02D873E874F87588BC701B601F6
:10F910000F942D426D837E838F839887683771059E
:10F920008105910540F488E790E0A0E0B0E08D8388
:10F930009E83AF83B887D10195962D913D914D91CE
:10F940005C91989729873A874B875C87F101E55A44
:10F95000FF4F6081718182819381611571058105FD
:10F96000910509F4FCC10F94DD396D8B7E8B8F8B73
:10F97000988F9B01AC0160E070E080E89FE30F94FA
:10F98000B441698F7A8F8B8F9C8F20E030E040E00C
:10F990005FE30F943C3A6B017C01A5019401C50122
:10F9A000B4010F943C3A2B013C016D817E818F8123
:10F9B00098850F94DB399B01AC010F943C3A9B0175
:10F9C000AC01C301B2010F94B940A70196010F9495
:10F9D0003C3A4B015C016D857E858F8598890F943B
:10F9E000DB399B01AC010F943C3A6D8F7E8F8F8F7A
:10F9F00098A39B01AC01C301B2010F94B940A701C8
:10FA000096010F943C3A2B013C010F9498410F94BE
:10FA10002D426B017C01C501B4010F945C420F942F
:10FA20002D42698B7A8B8B8B9C8BDC01CB018C0DEF
:10FA30009D1DAE1DBF1D29853A854B855C85281B04
:10FA4000390B4A0B5B0BDA01C901B7FF61C069854D
:10FA50007A858B859C850F94DB39A30192010F94E5
:10FA6000BA40A50194010F94B94020E030E040E095
:10FA70005FE30F943C3A0F9498416B017C0120E0C6
:10FA800030E0A9010F941A4318161CF0C12CD12C98
:10FA90007601C701B6010F942D426B017C01898567
:10FAA0009A85AB85BC858C159D05AE05BF0510F408
:10FAB0006C017D0129853A854B855C852C193D09B2
:10FAC0004E095F09298B3A8B4B8B5C8BC701B601C2
:10FAD0000F94DB394B015C012D893E894F89588D8C
:10FAE000CA01B9010F94BA409B01AC01C501B40130
:10FAF0000F943C3A2D8D3E8D4F8D58A10F94BA40F6
:10FB00000F9468430F942D4269837A838B839C837F
:10FB100020E034E244EF59E4698D7A8D8B8D9C8D21
:10FB20000F943C3A4B015C0169817A818B819C8105
:10FB30002D853E854F855889621B730B840B950B71
:10FB40000F94DB39A50194010F943C3A0F942D4298
:10FB50002B013C0169817A818B819C812D813E81C1
:10FB60004F815885621B730B840B950B0F94DB3907
:10FB7000A50194010F943C3A0F942D424B015C0176
:10FB80003FE6431651046104710408F0F4C0F20129
:10FB9000EE0FFF1FEE0FFF1FE55FF74C859195916C
:10FBA000A591B4918C01AD8BB9874FE68416910471
:10FBB000A104B10408F0E7C0F401EE0FFF1FEE0F3F
:10FBC000FF1FE55FF74C4591559165917491342F76
:10FBD000252F698F7D8FD1019996CD92DD92ED927F
:10FBE000FC929C979596CD90DD90ED90FC90989727
:10FBF000B701A60189899A89AB89BC89481B590B31
:10FC00006A0B7B0BD1019D964D935D936D937C9315
:10FC1000D097F101ED5AFF4F8D859E85AF85B8894C
:10FC200080839183A283B383D101D5964D925D9257
:10FC30006D927C92D897F10181AE92AEA3AEB4AE34
:10FC4000FD96008311834D894283598553833496F1
:10FC500030832183898D82839D8D938329813A818D
:10FC60004B815C81D1962D933D934D935C93D497BA
:10FC700076962D813E814F81588520833183428342
:10FC80005383719780819181A281B381892B8A2BC3
:10FC90008B2B09F44BC0D10191966D917D918D9183
:10FCA0009C9194970F94DB392091A5073091A6077A
:10FCB0004091A7075091A8070F943C3A4B015C0173
:10FCC000C701B6010F94DB399B01AC01C501B4013A
:10FCD0000F94B4416B017C01F101E55BFF4FFA87A2
:10FCE000E98769817A818B819C810F94DB39A70137
:10FCF00096010F943C3A0F942D42A985BA856D93D5
:10FD00007C93F101E35BFF4FFA83E9836D817E8190
:10FD10008F8198850F94DB39A70196010F943C3AA7
:10FD20000F942D42A981BA816D937C93A0960FB652
:10FD3000F894DEBF0FBECDBFDF91CF911F910F9121
:10FD4000FF90EF90DF90CF90BF90AF909F908F90FB
:10FD50007F906F905F904F903F902F900895198EF5
:10FD60001A8E1B8E1C8E198A1A8A1B8A1C8AC12C19
:10FD7000D12C7601CDCEC301B2010E9447F88B0190
:10FD80008D8B998712CFC501B4010E9447F8362F99
:10FD9000272F898F9D8F1FCF809111139091121360
:10FDA000891B877019F490E080E0089590910E13FC
:10FDB000992351F0833030F48FEF890F19F080933D
:10FDC0000E13F1CF10920E138091121324E7829F2D
:10FDD000C00111248A5D974FFC01208120FDE3CFF3
:10FDE000209112132F5F277020930F13309112135D
:10FDF00020911013321304C020910F13209310137D
:10FE0000089590916F0081E091FD02C080E0089517
:10FE100090916F009D7F90936F000895CF92DF9235
:10FE2000EF92FF92FC01C080D180E280F3802091AC
:10FE30003B0D30913C0D40913D0D50913E0DC70161
:10FE4000B6010F943C3A0F94274360932F1370939D
:10FE500030138093311390933213C0921F13D092BA
:10FE60002013E0922113F0922213909111138091AC
:10FE70001213981731F0FF90EF90DF90CF900C9411
:10FE800013840E946CFB0E9401FF40912F1350913C
:10FE900030136091311370913213409335175093A2
:10FEA00036176093371770933817882331F0FF9017
:10FEB000EF90DF90CF900C94262DFF90EF90DF9085
:10FEC000CF9008954F925F926F927F928F929F9200
:10FED000AF92BF92CF92DF92EF92FF92CF93DF93D8
:10FEE000EC0180E1FE01A3E1B3E101900D928A955E
:10FEF000E1F720913B0D30913C0D40913D0D50912B
:10FF00003E0D6C857D858E859F850F943C3A0F94C0
:10FF100027436B017C012091370D3091380D4091C2
:10FF2000390D50913A0D688579858A859B850F94A6
:10FF30003C3A0F9427434B015C012091330D3091E3
:10FF4000340D4091350D5091360D6C817D818E813F
:10FF50009F810F943C3A0F9427432B013C01209141
:10FF60002F0D3091300D4091310D5091320D68813F
:10FF700079818A819B810F943C3A0F942743609347
:10FF80002313709324138093251390932613409288
:10FF90002713509228136092291370922A1380928B
:10FFA0002B1390922C13A0922D13B0922E13C0926B
:10FFB0002F13D0923013E0923113F09232139091BC
:10FFC000111380911213981781F0DF91CF91FF9058
:10FFD000EF90DF90CF90BF90AF909F908F907F90E9
:10FFE0006F905F904F900C9413840E946CFB0E9462
:10FFF00001FFC82F83E293E10E9411E2CC2381F03C
:020000022000DC
:10000000DF91CF91FF90EF90DF90CF90BF90AF90B6
:100010009F908F907F906F905F904F900C94262DC3
:10002000DF91CF91FF90EF90DF90CF90BF90AF9096
:100030009F908F907F906F905F904F900895CF9298
:10004000DF92EF92FF92CF93DF93C82F0E9401FFC0
:1000500094E0C99FE0011124FE01E75DF84EC080E5
:10006000D180E280F38081110E94262DC35DDF4E96
:10007000C701B6010F94DD39288139814A815B813E
:100080000F943C3ADF91CF91FF90EF90DF90CF90AB
:100090000895CF92DF92EF92FF92CF93DF93C82F14
:1000A0000E9401FF94E0C99FE0011124FE01E35E7C
:1000B000F84EC080D180E280F38081110E94262D0D
:1000C000C35DDF4EC701B6010F94DD392881398148
:1000D0004A815B810F943C3ADF91CF91FF90EF9082
:1000E000DF90CF9008950E9401FF9091121390939A
:1000F00011139093101390930F1394E690930E1393
:1001000020ED33E03093AA072093A90781110E94C4
:10011000262D81E080931C170895CF92DF92EF92F5
:10012000FF920F931F93CF93DF93C82FD0E08E01E0
:10013000000F111F000F111FC8018659924F6C014B
:10014000F801EC52F84E7F010252174EF80120815F
:10015000318142815381F701608171818281938174
:100160000F94BA40F60160837183828393838091F8
:10017000A50C85FF21C0CA50DC4F688185E098E35B
:100180000E941A31F701408151816281738185EFAC
:1001900097E30E941F33F80140815181628173818E
:1001A00082EE97E3DF91CF911F910F91FF90EF9037
:1001B000DF90CF900C940934DF91CF911F910F9174
:1001C000FF90EF90DF90CF900895CF93DF931F9231
:1001D000CDB7DEB7898360E0CE0101960E9445F974
:1001E00061E0CE0101960E9445F962E0CE010196E0
:1001F0000E9445F989810F90DF91CF9108958F92E8
:100200009F92AF92BF92CF92DF92EF92FF92CF93E5
:10021000DF9320911102222309F48EC0EC0180911A
:10022000EA18E82E80FF2CC08090130290901402F0
:10023000A0901502B0901602288139814A815B8115
:10024000C501B4010F941A43181624F488829982C8
:10025000AA82BB8280901F0290902002A09021026F
:10026000B0902202288139814A815B81C501B401A5
:100270000F94D63987FF04C088829982AA82BB82F4
:10028000E1FE2CC08090170290901802A0901902F5
:10029000B0901A022C813D814E815F81C501B4016D
:1002A0000F941A43181624F48C829D82AE82BF826A
:1002B0008090230290902402A0902502B090260204
:1002C0002C813D814E815F81C501B4010F94D639E7
:1002D00087FF04C08C829D82AE82BF82E2FE2CC06A
:1002E000C0901B02D0901C02E0901D02F0901E02F4
:1002F000288539854A855B85C701B6010F941A4365
:10030000181624F4C886D986EA86FB86C090270290
:10031000D0902802E0902902F0902A0228853985A1
:100320004A855B85C701B6010F94D63987FF04C0A3
:10033000C886D986EA86FB86DF91CF91FF90EF9041
:10034000DF90CF90BF90AF909F908F9008952F92A5
:100350003F924F925F926F927F928F929F92AF9255
:10036000BF92CF92DF92EF92FF920F931F93CF93A2
:10037000DF93CDB7DEB7AC970FB6F894DEBF0FBEF4
:10038000CDBF86EA9CE00F94FF008091A50C83FD11
:1003900070C020914702309148024091490250912B
:1003A0004A026091B20C7091B30C8091B40C9091A0
:1003B000B50C0F94D639882309F45BC00E94D6FA95
:1003C000182F882331F00E94B9328FE096E30E9403
:1003D000F9302091470230914802409149025091F2
:1003E0004A026091B20C7091B30C8091B40C909160
:1003F000B50C0F94B9406B017C0120E030E0A901FD
:100400000F941A4387FF04C0F7FAF094F7F8F094BA
:1004100020912B0230912C0240912D0250912E02FE
:10042000C701B6010F943C3A20E030E84BE354E4B6
:100430000F941A431816DCF40E94B93280EF95E34A
:100440000E94F9308091B20C9091B30CA091B40C41
:10045000B091B50C8093470290934802A093490253
:10046000B0934A0282EB9CE00E940EFF02C0111181
:10047000E9CF2AE037ED43E25CE360913702709107
:1004800038028091390290913A020F943C3A6B0104
:100490007C016091350270913602072E000C880BAA
:1004A000990B0F94DD399B01AC01C701B6010F9484
:1004B0003C3A6D8F7E8F8F8F98A380919E0C8823FE
:1004C00011F180909F0C9090A00CA090A10CB09086
:1004D000A20CC090AE0CD090AF0CE090B00CF0909D
:1004E000B10C20E030E0A901C501B4010F94D63968
:1004F000882309F440C0A7019601C501B4010F94F7
:100500001A431816C4F119821A821B821C821D829A
:100510001E821F82188619861A861B861C86AE01CB
:100520004F5F5F4FBE01635E7F4F86EA9CE00E9493
:10053000AF9480E1E6EAFCE0ABE3B2E001900D921B
:100540008A95E1F7AC960FB6F894DEBF0FBECDBF2B
:10055000DF91CF911F910F91FF90EF90DF90CF909F
:10056000BF90AF909F908F907F906F905F904F90D3
:100570003F902F90089520913B0230913C02409192
:100580003D0250913E026091A60C7091A70C8091A3
:10059000A80C9091A90C0F94B94069A37AA38BA3DE
:1005A0009CA320913F023091400240914102509122
:1005B00042026091AA0C7091AB0C8091AC0C9091AE
:1005C000AD0C0F94B9406DA37EA38FA398A7209183
:1005D0004302309144024091450250914602C701C6
:1005E000B6010F94B94069A77AA78BA79CA7209161
:1005F0004702309148024091490250914A0260916D
:10060000B20C7091B30C8091B40C9091B50C0F9416
:10061000B9404B015C0120E030E0A90169A17AA159
:100620008BA19CA10F94D63981110CC020E030E041
:10063000A9016DA17EA18FA198A50F94D639882319
:1006400009F461CF29A13AA14BA15CA1CA01B9016A
:100650000F943C3A6B017C012DA13EA14FA158A5FE
:10066000CA01B9010F943C3A9B01AC01C701B60124
:100670000F94BA406B017C0129A53AA54BA55CA556
:10068000CA01B9010F943C3A9B01AC01C701B60104
:100690000F94BA406B017C01A5019401C501B4011E
:1006A0000F943C3A9B01AC01C701B6010F94BA40CC
:1006B0000F9468436B017C012DEB37E346E855E36B
:1006C0000F94D63987FF0FC020E030E0A901C501A3
:1006D000B4010F941A437501640187FF04C0F7FA4F
:1006E000F094F7F8F0942DEB37E346E855E3C701B3
:1006F000B6010F94D63987FD1CCF20E030E040EAE8
:1007000050E4C701B6010F94B4410F942D421B0170
:10071000672B19F422242394312CB10190E080E05E
:100720000F94DB399B01AC0160E070E080E89FE34F
:100730000F94B4412B013C01AC019B0169A17AA14A
:100740008BA19CA10F943C3A69A37AA38BA39CA391
:10075000A30192016DA17EA18FA198A50F943C3AAF
:100760006DA37EA38FA398A7A301920169A57AA583
:100770008BA59CA50F943C3A69A77AA78BA79CA749
:10078000A3019201C501B4010F943C3A4B015C01F5
:10079000A3019201C701B6010F943C3A698B7A8B91
:1007A0008B8B9C8B1D8A1E8A1F8A188E198E1A8E1F
:1007B0001B8E1C8E80E1EBE3F2E08E010F5F1F4F7A
:1007C000D80101900D928A95E1F70E9473966B0112
:1007D0007C0128ECC20ED11CE11CF11C81E0281A1E
:1007E000310809F455C00E9473962B013C014C1846
:1007F0005D086E087F0877FC4FC06B017C0128EC18
:10080000C20ED11CE11CF11C80E00E94FB4A29A110
:100810003AA14BA15CA169817A818B819C810F9463
:10082000BA4069837A838B839C832DA13EA14FA11B
:1008300058A56D817E818F8198850F94BA406D8314
:100840007E838F83988729A53AA54BA55CA56985EA
:100850007A858B859C850F94BA4069877A878B87C8
:100860009C87A50194016D857E858F8598890F945D
:10087000BA406D877E878F87988BAE014F5E5F4F42
:10088000BE01635E7F4FC8010E94AF948111A6CF65
:10089000AE014F5E5F4F46CE0E9470DAB8CF8091B6
:1008A0001F1990912019A0912119B09122198093BC
:1008B000370290933802A0933902B0933A028091A4
:1008C0001D1990911E199093360280933502089558
:1008D0008091370290913802A0913902B0913A028A
:1008E00080931F1990932019A0932119B093221976
:1008F000809135029091360290931E1980931D19B4
:1009000084E690E0909336028093350208958F92AA
:100910009F92AF92BF92CF92DF92EF92FF92CF93CE
:10092000DF938090370290903802A0903902B09007
:100930003A02FC01C080D180E280F38020E030E008
:10094000A901C701B6010F94D639882341F0C0929E
:100950003702D0923802E0923902F0923A02C09106
:100960003502D091360284E690E09093360280936F
:100970003502C0902B02D0902C02E0902D02F09016
:100980002E0280E090E0A0E8BFE380932B029093DA
:100990002C02A0932D02B0932E020F94A7018092F7
:1009A000370290923802A0923902B0923A02D09364
:1009B0003602C0933502C0922B02D0922C02E092F4
:1009C0002D02F0922E02DF91CF91FF90EF90DF90F9
:1009D000CF90BF90AF909F908F900895CF93DF936B
:1009E000CDB7DEB72C970FB6F894DEBF0FBECDBFE4
:1009F00019821A821B821C821D821E821F82188607
:100A000019861A861B861C86AE014F5F5F4FBC019C
:100A10008BE392E00E94AF942C960FB6F894DEBF61
:100A20000FBECDBFDF91CF910895EF92FF920F934C
:100A30001F93CF93DF937C018B010E94EB2DCBE3BF
:100A4000D2E020912B0230912C0240912D02509146
:100A50002E02F70160817181828193810F94B441EC
:100A60002C853D854E855F850F94BA406C877D87C8
:100A70008E879F87C8010F94EE04DF91CF911F915D
:100A80000F91FF90EF900C946CFB8F929F92AF921E
:100A9000BF92CF92DF92EF92FF921F93CF93DF939B
:100AA000CDB7DEB760970FB6F894DEBF0FBECDBFEF
:100AB000182F80E00F941F004B015C0180921119E8
:100AC00090921219A0921319B092141981E00F9408
:100AD0001F006B017C01C0921519D0921619E0928B
:100AE0001719F092181982E00F941F0060931919DA
:100AF00070931A1980931B1990931C191D861E86DA
:100B00001F86188A89829A82AB82BC82CD82DE825D
:100B1000EF82F88669877A878B879C8783E00F94BA
:100B20001F006D877E878F87988B80919E0C88230E
:100B300021F0CE0101960E9448FA1E3FD9F480E1CF
:100B4000FE013196ABE3B2E001900D928A95E1F798
:100B500060960FB6F894DEBF0FBECDBFDF91CF9188
:100B60001F91FF90EF90DF90CF90BF90AF909F903C
:100B70008F90089584E0189FF0011124DF01A55C97
:100B8000BD4F81E090E08C0F9D1FE80FF91F408161
:100B90005181628173814D935D936D937C93139723
:100BA000D7CF8091A50C85FF08C04EEA55E365ECD0
:100BB00075E38BE392E00E94A8350C944C84CF93AC
:100BC000DF93CDB7DEB72C970FB6F894DEBF0FBE1C
:100BD000CDBF0E946F7E0E9401FF9CE0E9E2F7E139
:100BE000DE01119601900D929A95E1F781110E9414
:100BF000262DCE0101960E94BDE12C960FB6F894E9
:100C0000DEBF0FBECDBFDF91CF9108952F923F92EF
:100C10004F925F926F927F928F929F92AF92BF920C
:100C2000CF92DF92EF92FF920F931F93CF93DF93B8
:100C300000D000D000D0CDB7DEB740903B0250903E
:100C40003C0260903D0270903E0280903F02909086
:100C50004002A0904102B0904202C0904302D09066
:100C60004402E0904502F090460280914702909144
:100C70004802A0914902B0914A028C839D83AE83C1
:100C8000BF830E94FAFA0E9453240E94C2FB88E4A8
:100C9000282E8BE3382EA1E1B2E0B987A8870CE3B8
:100CA0001BE3E6EFF3E0FB83EA83198289810F946B
:100CB0008D00C1010E945724A885B98512966D93B5
:100CC0007D938D939C931597C8010E945724E885C6
:100CD000F98566877787808B918B8091A50C85FF3E
:100CE0001DC0AA81BB816C9186E39BE30E941A31EF
:100CF000E885F985428153816481758180E39BE3B6
:100D00000E941F33A885B9851E964D915D916D9106
:100D10007C9151978AE29BE30E940934B981BF5FBD
:100D2000B983E4E02E0E311C888599850496998755
:100D300088870C5F1F4FAA81BB811196BB83AA8352
:100D4000B981B33009F0B2CF81E097E10E94F1811F
:100D50000E94A52C0E9448FBA301920160913B02D6
:100D600070913C0280913D0290913E020F94D639E1
:100D700081112CC0A501940160913F027091400245
:100D800080914102909142020F94D63981111EC088
:100D9000A70196016091430270914402809145023F
:100DA000909146020F94D639811110C02C813D815B
:100DB0004E815F81609147027091480280914902A3
:100DC00090914A020F94D6398823D1F029960FB614
:100DD000F894DEBF0FBECDBFDF91CF911F910F9171
:100DE000FF90EF90DF90CF90BF90AF909F908F904B
:100DF0007F906F905F904F903F902F900D94DF0504
:100E000029960FB6F894DEBF0FBECDBFDF91CF910C
:100E10001F910F91FF90EF90DF90CF90BF90AF9018
:100E20009F908F907F906F905F904F903F902F900A
:100E300008958091D117811105C08091D31788231F
:100E400009F45DC080911019659B53C08160809347
:100E50001019909103018091101991FF4CC082608C
:100E600080931019809110194B9B47C08460809328
:100E7000101980911B1780FF10C08091D21780FF3E
:100E80000CC08091101980FF08C08091A40C816073
:100E90008093A40C80E00E94F1E180911B1781FFF8
:100EA00010C08091D21781FF0CC08091101981FF72
:100EB00008C08091A40C82608093A40C81E00E9401
:100EC000F1E180911B1782FF1AC08091D21782FF37
:100ED00016C08091D317882391F08091101982FF5A
:100EE0000EC08091A40C84608093A40C82E00C94CA
:100EF000F1E18E7FACCF8D7FB3CF8B7FB8CF0895DC
:100F0000CF93DF9384E995E30E94F9308CB16EE8CA
:100F100075E385FB882780F90E948BF98091030196
:100F200068E875E3869581700E948BF989B162E863
:100F300075E383FB882780F90E948BF9C09116170F
:100F400089E795E3C23051F10E94F93086E795E3D5
:100F50000E94F930CC23E1F0C73009F03FC087E6AA
:100F600095E30E94F93082E00E94AD95EC0184E6A1
:100F700095E30E94F9308AE595E3CD2B11F085E5E4
:100F800095E30E94F9308AE0DF91CF910C94F23022
:100F900081E795E3DF91CF910C94F9300E94F9300D
:100FA00086E795E30E94F930C1E0D0E082E00E943C
:100FB000AD95C817D90749F089E495E30E94F93047
:100FC0008AE0DF91CF910C94F23081E595E30E94A5
:100FD000F9308AE0DF91CF910C94F230D0E0C0E09C
:100FE000E5CF8091D117811104C08091D317882358
:100FF00031F062E070E080E090E00C94C72D08953D
:101000008091A40C882319F01092A40C089540E05C
:1010100070E060E08BE395E30E94833A0F931F93A7
:1010200080914310813019F50E9473960091231925
:10103000109124192091251930912619601B710BEC
:10104000820B930B28EE33E040E050E00F941A40FF
:101050006091EC187091ED188091EE189091EF1856
:10106000620F731F841F951F1F910F910895609148
:101070002719709128198091291990912A19D6CF92
:1010800010924310109223191092241910922519CE
:1010900010922619109227191092281910922919C6
:1010A00010922A191092EC181092ED181092EE1866
:1010B0001092EF180895803F910514F080EF90E0B2
:1010C0009093DD128093DC120C947829ECE8FCE01C
:1010D000108211821282138214820C947829CF928A
:1010E000DF92EF92FF92FC01C080D180E280F3801A
:1010F00020E030E0A901C701B6010F94D63920E005
:1011000030E0A90187FD14C020E030E048EC52E453
:10111000C701B6010F941A4324E630E040E050E0E6
:10112000181634F0C701B6010F9426429B01AC019A
:10113000AFEFB0E00F945B4024E630E040E050E0D9
:101140000F943C402F3F310519F010F02FEF30E0A5
:101150002093640DFF90EF90DF90CF9008958091E1
:10116000090180FF05C08091F11482958170089576
:1011700081E00895CF92DF92EF92FF92FC01C08050
:10118000D180E280F3800F94660820E030E0A9016E
:10119000C701B6010F94D63987FD1BC020E030E0AF
:1011A00040E753E4C701B6010F941A43181634F40C
:1011B000C12CD12C80E7E82E83E4F82EC701B601BC
:1011C0000F942743CB01FF90EF90DF90CF900D94C9
:1011D0005B08C12CD12C7601F1CFCF92DF92EF9238
:1011E000FF92FC01C080D180E280F380663059F527
:1011F0001092910C1092920C1092930C1092940CED
:101200001092950C0E941D2A20E030E0A901C70130
:10121000B6010F94D63987FF25C0C12CD12C760199
:10122000C701B6010F9427436C38710514F06CE8C0
:1012300070E07093B1126093B012FF90EF90DF9066
:10124000CF900C941D2A0F94660820E030E0A9018D
:10125000C701B6010F94D63987FF15C0C12CD12C18
:10126000760121C020E030E04CE053E4C701B60134
:101270000F941A431816A4F6C12CD12C9CE0E92E29
:1012800093E4F92ECDCF20E030E040E753E4C701EE
:10129000B6010F941A43181634F4C12CD12C80E7F0
:1012A000E82E83E4F82EC701B6010F942743CB0143
:1012B000FF90EF90DF90CF900D945B082091DB18AA
:1012C00020FF0DC020E83EE3629FA001639F500D08
:1012D000729F500D1124CA010497F0F708950C94E1
:1012E000C72D9091A30C977081E0973009F080E0B2
:1012F000089580914713909148138F3F980731F4D8
:101300008091F11484FF07C00E94B9CE90934813D6
:1013100080934713089590E080E0F8CFCF93DF9358
:101320001092C0071092020810920408109203084D
:1013300010920F1910920E19CFEFDFEF8091F11478
:1013400086FD07C00E9438C6D0934813C093471348
:10135000F5CF8FEF9FEF9093481380934713DF9162
:10136000CF910895CF93DF93EB010E94F930BE0136
:1013700090E080E0DF91CF910C940179CF92DF92E1
:10138000EF92FF926A017B010E94F930C701B6011A
:101390000E9401798AE0FF90EF90DF90CF900C944B
:1013A000F2300F94B2098AE00C94F2300E949A361F
:1013B0008AE00C94F230E8E0F8E08CE090E0918371
:1013C000808381E082838383848380E290E09783BB
:1013D00086838FE0808784E681878CE390E0938723
:1013E000828715820E941C371092DA1887EC94E3EA
:1013F0000C9417378F929F92AF92BF92CF92DF9249
:10140000EF92FF920F931F93CF93DF937C0121E51F
:10141000E20EF11CD7014C914A3509F0A4C06C01D1
:10142000B2E5CB0ED11CF6013081353A09F09BC0F4
:10143000EC01C05BDF4F2881233008F494C08C019D
:1014400000561F4FD8014C93E15BFF4F308331961C
:101450002083EF54F1093081E05BFF4F3083303857
:10146000B1F43196AC54B1093C913083E854F109A0
:10147000AF5ABF4F50E040E02250330B42175307A2
:10148000CCF4808132968D934F5F5F4FF7CF23303E
:1014900031F5313809F074C0FC01EC55FF4FDC0127
:1014A000AC5ABF4F2C9120833196885A9F4FDC0154
:1014B0008C9180834801B12CA12C888190E0029608
:1014C0008A159B050CF43FC0F40181914F010E94E5
:1014D000572F0E940C77FFEFAF1ABF0AEECF3238BA
:1014E00021F5FC01EC5AFF4F30814181E05BFF4F59
:1014F000408331963083DC01AA55BF4F50E040E075
:101500002350330B42175307ACF6FA01EE7FE45A2F
:10151000FF4FE80FF91F608171817C9311966C93E6
:1015200011974E5F5F4F1296EDCF243019F6333886
:1015300009F6FC01EC5AFF4F20813181E05BFF4F3F
:1015400030833196B0CF80E5DE011D928A95E9F7B0
:101550008EE2F80111928A95E9F78AE5D7018C931A
:1015600085EAF6018083DF91CF911F910F91FF9063
:10157000EF90DF90CF90BF90AF909F908F900895A5
:10158000323809F097CFADCFCF93C091431087EC9D
:101590009AE30E94173780911A0D873059F183E042
:1015A0008093200861E070E080E090E00F945E0995
:1015B00081E09AE5909374148093731485E390E02E
:1015C000909376148093751487E08093671482E873
:1015D00080936A1484E890E0A0E0B0E080936B14FC
:1015E00090936C14A0936D14B0936E1487E194E102
:1015F0000F94FA0980914310813089F1823061F5AE
:101600000F940E086093EC187093ED188093EE1809
:101610009093EF1881E0809343100E94739660933B
:101620002319709324198093251990932619C23099
:1016300089F08091C0179091C11701969093C117BE
:101640008093C0171092F0181092F1181092F218AF
:101650001092F31881E004C00F944008DBCF80E0C3
:10166000CF9108950E94477C1092C80B10926E0291
:101670000E94372E882331F08FE095E39093010884
:101680008093000861E088E095E30E9422310D9488
:10169000C40A0F931F930E9473960091BB17109179
:1016A000BC172091BD173091BE17011511052105FA
:1016B000310509F064C020913513222309F45CC080
:1016C000E091331321502093351321E02E0F209306
:1016D000331330913613231302C01092331324E0D6
:1016E000E29FF0011124E95CFC4E0081118122810E
:1016F00033810093B7171093B8172093B91730931D
:10170000BA17600F711F811D911D6093BB177093F5
:10171000BC178093BD179093BE178091B917909115
:10172000BA17892B49F11FB7F89483E195E30E941A
:10173000173784E096E0909374148093731480EAD2
:1017400090E8909376148093751487E080936714E3
:1017500082E880936A1480EA90E0A0E0B0E0809391
:101760006B1490936C14A0936D14B0936E1487E176
:1017700094E10F94FA091FBF1F910F910895601B08
:10178000710B820B930B97FDF7CF40981092BB170C
:101790001092BC171092BD171092BE17EDCF0F9389
:1017A0001F93CF93DF938C01EB0190913513209120
:1017B0003613921305C00F94490B0E9470DAF5CFCF
:1017C0008091341334E0839FF0011124E95CFC4ED6
:1017D00011830083D383C2839F5F909335138F5F00
:1017E000281739F080933413DF91CF911F910F9117
:1017F000089510923413F8CFBF92CF92DF92EF92F8
:10180000FF920F931F93CF93DF930E94A32A882305
:1018100009F477C0D0E0C0E000E034E0D32E45E02A
:10182000E42E52E8F52E10E08C2F8170C82EB12ED8
:10183000B00E8D2D811BC11001C0812FFE01E89ECD
:10184000E00DF11D1124EE0FFF1FEE0FFF1FEA54F4
:10185000F34F20E030E04AE754E4608171818281F7
:1018600093810F943C3A0F942642709374146093C2
:101870007314E0926714F0926A148B2D90E08058F4
:10188000974F880F991F092E000CAA0BBB0B809352
:101890006B1490936C14A0936D14B0936E1487E145
:1018A00094E10F94FA091F5F153009F60B5F21963A
:1018B000093109F0B8CF83E090E0909374148093DD
:1018C000731410936714F0926A1485E490E1A0E019
:1018D000B0E080936B1490936C14A0936D14B0934C
:1018E0006E1487E194E10F94FA0981E0DF91CF91C2
:1018F0001F910F91FF90EF90DF90CF90BF900C94CD
:10190000FE3582E090E0909374148093731485E028
:101910008093671482E880936A1485E490E1A0E0E4
:10192000B0E080936B1490936C14A0936D14B093FB
:101930006E1487E194E10F94FA0980E0D7CFAF925B
:10194000BF92CF92DF92EF92FF920F931F93CF93AC
:10195000DF93EC0184E6C82E80E2D82EE12CF12C36
:1019600002E8A12C90E2B92E15E000936A14C0920F
:101970006B14D0926C14E0926D14F0926E14B092CD
:101980007414A09273141093671487E194E10F9478
:10199000FA098FEFC81AD80AE80AF80A88E7C816C1
:1019A00080E2D806E104F10401F724E630E240E0E9
:1019B00050E0BE0187E194E1DF91CF911F910F913B
:1019C000FF90EF90DF90CF90BF90AF900C94137783
:1019D000809143108130C9F584E295E30E94173766
:1019E00081E09AE590937414809373148EE490E0F0
:1019F000909376148093751487E08093671482E83F
:101A000080936A1484E890E0A0E0B0E080936B14C7
:101A100090936C14A0936D14B0936E1487E194E1CD
:101A20000F94FA0984E995E00F949F0C82E080936B
:101A300043100E947396609327197093281980931E
:101A4000291990932A1981E0089580E008950F9351
:101A50001F93CF93DF938C016F3F19F410922C10DA
:101A600060E020912C10862F062E000C990B281771
:101A7000190609F04CF560932C10C8010F94233916
:101A8000800F911FEC01C01BD10BC034D1053CF07D
:101A90000197FC012491207C2038D1F3F3CFDD277E
:101AA000AE01B8018CEE9FE00F944439C451D04F81
:101AB0001882C8010E94763A8CEE9FE0DF91CF91A8
:101AC0001F910F910D949F0CDF91CF911F910F915A
:101AD00008958F929F92AF92BF92DF92EF92FF9202
:101AE0000F931F93CF93DF93CDB7DEB7CA5AD109B7
:101AF0000FB6F894DEBF0FBECDBFCF55DF4F1882B3
:101B000019821A821B82C15AD04080919F05909100
:101B1000A005A091A105B091A205CB55DF4F888308
:101B20009983AA83BB83C55AD04084E690E0909302
:101B3000F3168093F2161092071710920617109260
:101B4000081726E037E144E050E0BE016B557F4FB7
:101B500082EF96E10E94A7368091F2169091F316DB
:101B600002969093F3168093F21610920717109234
:101B7000061781E0C655DF4F8883CA5AD040CE0190
:101B800086559F4F0E94D5EE26E037E148E450E0AD
:101B90006BE17DE082EF96E10E94A73626E037E117
:101BA00040E150E06FEA77E082EF96E10E94A736CD
:101BB0008AE097EDA3EABCE3CF55DF4F8883998392
:101BC000AA83BB83C15AD040CE018F559F4F0E943C
:101BD000CCEE84ED97E10E94E7EE8FEB97E00E9458
:101BE000DEEE81E197E10E94CCEE86E197E10E9472
:101BF000D5EE80919F0C9091A00CA091A10CB0917A
:101C0000A20C89839A83AB83BC838E010F5F1F4F25
:101C1000C8010E94CCEECF55DF4F188219821A827C
:101C20001B82C15AD0407E018DE6E80EF11C83E094
:101C3000F70180838983CE018F559F4F0E94CCEEA0
:101C4000C7010E94D5EEC8010E94D5EE3AE0D32E1E
:101C5000DA94DD2031F0CE018F559F4F0E94CCEEFB
:101C6000F7CF80E093E10E94E7EECF55DF4F188277
:101C700019821A821B82C15AD0402AE0D22EDA94ED
:101C8000DD2031F0CE018F559F4F0E94CCEEF7CF73
:101C900085E0D82ED982F701D082C8010E94D5EE06
:101CA000C7010E94D5EE26E037E148E050E06CEF36
:101CB00078E182EF96E10E94A73626E037E148E01E
:101CC00050E064EF78E182EF96E10E94A73626E0CB
:101CD00037E144E650E066EB7CE082EF96E10E945B
:101CE000A7361982AA24AA94F701A082C8010E94EB
:101CF000DEEEC7010E94D5EE90E1B92EF8018B2DE2
:101D000011928A95E9F726E037E140E150E0B80109
:101D100082EF96E10E94A7361982C8010E94DEEE8A
:101D20008091F4129091F512A091F612B091F712F1
:101D300089839A83AB83BC832CEA35EC47E25EE36C
:101D40006091F8127091F9128091FA129091FB1241
:101D50000F94B4416D837E838F8398872CEA35EC92
:101D600047E25EE36091FC127091FD128091FE12D9
:101D70009091FF120F943C3A69877A878B879C87F2
:101D800080E090E0A0E8BFE38D879E87AF87B88BA7
:101D9000198A1A8A1B8A1C8A26E037E144E150E03E
:101DA000B80182EF96E10E94A73684E190E09A8321
:101DB000898326E037E142E050E0B80182EF96E106
:101DC0000E94A7368091C8129091C912A091CA12A0
:101DD000B091CB1289839A83AB83BC832CEA35EC18
:101DE00047E25EE36091CC127091CD128091CE12E9
:101DF0009091CF120F94B4416D837E838F83988727
:101E00002CEA35EC47E25EE36091D0127091D1127A
:101E10008091D2129091D3120F943C3A69877A87BD
:101E20008B879C8726E037E14CE050E0B80182EFD9
:101E300096E10E94A7368CE0EDE6F3E0D801019030
:101E40000D928A95E1F726E037E14CE050E0B801C9
:101E500082EF96E10E94A7361982C8010E94D5EE52
:101E60008FE78983C8010E94D5EEA982C8010E942C
:101E7000D5EEE9E7F3E0D80101900D92DA94E1F7AD
:101E800026E037E145E050E0B80182EF96E10E949C
:101E9000A73680917A0C8983C8010E94DEEE80E229
:101EA000EEE7F3E0D80101900D928A95E1F726E084
:101EB00037E140E250E0B80182EF96E10E94A73698
:101EC000F7011082C7010E94DEEE80E097E10E94D8
:101ED000DEEE8CEF96E10E94CCEECF55DF4F1882FC
:101EE00019821A821B82C15AD040CE018F559F4F52
:101EF0000E94CCEE82E1F80111928A95E9F726E082
:101F000037E142E150E0B80182EF96E10E94A73646
:101F100084E2EEE9F3E0D80101900D928A95E1F7B1
:101F200026E037E144E250E0B80182EF96E10E94FA
:101F3000A736F8018B2D11928A95E9F726E037E153
:101F400040E150E0B80182EF96E10E94A7361A8284
:101F5000198226E037E142E050E0B80182EF96E1D5
:101F60000E94A73685EA97E00E94CCEEF801119214
:101F7000BA94E9F726E037E140E150E0B80182EF9A
:101F800096E10E94A7368CE6F80111928A95E9F74E
:101F900026E037E14CE650E0B80182EF96E10E947E
:101FA000A73626E037E148E050E064EF76E182EFC3
:101FB00096E10E94A7361CE0F701812F11928A95C5
:101FC000E9F7C755DF4F1882C95AD04080E090E04A
:101FD000A0E4B0E4C356DF4F88839983AA83BB8310
:101FE000CD59D040C7010E94E7EECE0187559F4FE3
:101FF0000E94D5EECE0183569F4F0E94CCEE80E327
:10200000F70111928A95E9F784E59BE30E94F93084
:10201000E8E0F8E0D70101900D921A95E1F726E08B
:1020200037E140E350E0B70182EF96E10E94A73626
:10203000D0900817D1104EC00091F2161091F316EF
:10204000045611098091061790910717F7019183A3
:10205000808384E690E09093F3168093F21626E056
:1020600037E144E050E064E673E082EF96E10E94DD
:10207000A73626E037E142E050E0B70182EF96E173
:102080000E94A7360E94B932B8018EEA9BE30F94F2
:10209000B209F70180809180B12CA12C81EA9BE3E9
:1020A0000E94F930C501B4010E9401798EE99BE3D9
:1020B0000E94F9300E3C124041F00E94BD3189E788
:1020C00092E20E94F930DD24D394809108178D2983
:1020D0008093081780910817811109C060E08EE88D
:1020E0009BE30F94270D8EE89BE30E94763A89E7E5
:1020F0009BE30E9417379091081781E08927C65506
:10210000DF4F0FB6F894DEBF0FBECDBFDF91CF918A
:102110001F910F91FF90EF90DF90BF90AF909F9035
:102120008F9008951092C80B10926E020E94292E73
:102130009091F11480FB97F99093F11461E088EE8F
:1021400094E30E9422310E94512E4BE65FE16DEF35
:1021500074E385E00E94EE7B60E08FEE94E30D94E3
:10216000270D1F93CF93DF93CDB7DEB7A8970FB698
:10217000F894DEBF0FBECDBF9C0184E080932008A1
:102180009091530280910D19E92F092E000CFF0B3D
:102190008E171F0621F42A5B344309F44DC09C308E
:1021A00008F0A2C18827E852FF4E8E4F0D94B1402F
:1021B0009A01E4005E011001D600F8006C016C0188
:1021C0009801E0007E01980181E09AE590937414F3
:1021D000809373148EE490E090937614809375143A
:1021E00087E08093671482E880936A1484E890E023
:1021F000A0E0B0E080936B1490936C14A0936D14E6
:10220000B0936E1487E194E10F94FA0983EA95E0A4
:102210000F949F0C1091530210930D198EE894E3C4
:102220000E94F930612F110F770B880B990B0E94D8
:10223000D37B8AE00E94F230A8960FB6F894DEBFF6
:102240000FBECDBFDF91CF911F91089581E09AE538
:1022500090937414809373148EE490E090937614AA
:102260008093751487E08093671482E880936A14E2
:1022700084E890E0A0E0B0E080936B1490936C143D
:10228000A0936D14B0936E1487E194E10F94FA0952
:1022900089EB95E0BDCF81E09AE59093741480932B
:1022A00073148EE490E0909376148093751487E015
:1022B0008093671482E880936A1484E890E0A0E039
:1022C000B0E080936B1490936C14A0936D14B09352
:1022D0006E1487E194E10F94FA098DED95E098CFA3
:1022E00081E09AE590937414809373148EE490E0E7
:1022F000909376148093751487E08093671482E836
:1023000080936A1484E890E0A0E0B0E080936B14BE
:1023100090936C14A0936D14B0936E1487E194E1C4
:102320000F94FA0988E0E2ECF3E0DE0111960190E7
:102330000D928A95E1F7FE01399680E2DF011D9248
:102340008A95E9F78091C60B811106C08091BF077D
:1023500064ED75E0811102C065E076E0CE01019682
:102360000F94FD436EE076E0CE0101960F94FD439D
:10237000CE0101964DCF81E09AE59093741480933D
:1023800073148EE490E0909376148093751487E034
:102390008093671482E880936A1484E890E0A0E058
:1023A000B0E080936B1490936C14A0936D14B09371
:1023B0006E1487E194E10F94FA0985E296E028CF44
:1023C00081E09AE590937414809373148EE490E006
:1023D000909376148093751487E08093671482E855
:1023E00080936A1484E890E0A0E0B0E080936B14DE
:1023F00090936C14A0936D14B0936E1487E194E1E4
:102400000F94FA0980E396E003CF81E09AE5909378
:102410007414809373148EE490E0909376148093F8
:10242000751487E08093671482E880936A1484E8C7
:1024300090E0A0E0B0E080936B1490936C14A093B4
:102440006D14B0936E1487E194E10F94FA098AE455
:1024500096E0DECE81E09AE5909374148093731435
:102460008EE490E0909376148093751487E08093C7
:10247000671482E880936A1484E890E0A0E0B0E0FA
:1024800080936B1490936C14A0936D14B0936E149E
:1024900087E194E10F94FA0987E596E0B9CE81E0EF
:1024A0009AE5909374148093731484E490E090936D
:1024B00076148093751487E08093671482E8809384
:1024C0006A1484E890E0A0E0B0E080936B149093ED
:1024D0006C14A0936D14B0936E1487E194E10F9483
:1024E000FA0984E696E094CE82E08093C70B1092BE
:1024F000C80B88EA94E30E9417378CCECF92DF9204
:10250000EF92FF920F931F93CF93DF93CDB7DEB778
:102510007C01CDB6DEB60F94233901962DB73EB7B8
:10252000281B390B0FB6F8943EBF0FBE2DBF0DB759
:102530001EB70F5F1F4FB701C8010F941C39C801A8
:102540000F94B1100FB6F894DEBE0FBECDBEDF9172
:10255000CF911F910F91FF90EF90DF90CF90089552
:10256000CF93DF9300D01F92CDB7DEB786E794E319
:102570000E94173780911A0D833061F119821A82F7
:102580001B821C82CE0101960F946F0810921F08C7
:1025900081E09AE5909374148093731483E390E040
:1025A000909376148093751487E08093671482E883
:1025B00080936A1484E890E0A0E0B0E080936B140C
:1025C00090936C14A0936D14B0936E1487E194E112
:1025D0000F94FA090F900F900F900F90DF91CF9109
:1025E0000895CF92DF92EF92FF92CF93C82F809100
:1025F00043108150823008F069C00F94B0121092DD
:1026000043100E9473966093271970932819809342
:10261000291990932A19C090F018D090F118E090E1
:10262000F218F090F3180F940E08AB01BC01409320
:10263000F0185093F1186093F2187093F31880918A
:10264000C4179091C517A091C617B091C7178C19E0
:102650009D09AE09BF09840F951FA61FB71F809360
:10266000C4179093C517A093C617B093C717C1118D
:102670000AC0C1E00E94F3F98C2FCF91FF90EF9038
:10268000DF90CF9008958091C2179091C317019663
:102690009093C3178093C2170F940E08C090C81769
:1026A000D090C917E090CA17F090CB17C616D7067E
:1026B000E806F906F0F60F940E086093C8177093B9
:1026C000C9178093CA179093CB17D3CFC0E0D2CF4E
:1026D0008F929F92AF92BF92CF92DF92EF92FF9232
:1026E0000F931F93CF93DF930F948E093AE0C32E7D
:1026F00030E2D32EE12CF12C15E002E8460157011F
:10270000CAE0D0E0109274141092731410936714FE
:1027100000936A1480926B1490926C14A0926D14C2
:10272000B0926E1487E194E10F94FA0921978FEF2C
:10273000881A980AA80AB80A209721F78AE0C80ED2
:10274000D11CE11CF11C82EDC81680E2D806E10420
:10275000F104A1F6C12C20E2D22EE12CF12CD5E01F
:10276000C2E81092741410927314D0936714C0933B
:102770006A14C0926B14D0926C14E0926D14F092B3
:102780006E1487E194E10F94FA0910927414109278
:102790007314D0936714C0936A14D701C6018C5286
:1027A0009F4FAF4FBF4F80936B1490936C14A093C7
:1027B0006D14B0936E1487E194E10F94FA098FEFD2
:1027C000C81AD80AE80AF80A8AE0C81680E2D806C9
:1027D000E104F10431F69EEDC92E90E2D92EE12CF0
:1027E000F12CD5E0C2E81092741410927314D093B7
:1027F0006714C0936A14C0926B14D0926C14E09268
:102800006D14F0926E1487E194E10F94FA098FEF42
:10281000C81AD80AE80AF80A86EEC81680E2D8066E
:10282000E104F10401F7CC24C39482E1D82EE12C19
:10283000F12C0AE010E0D5E0C2E810937414009384
:102840007314D0936714C0936A14C0926B14D0921F
:102850006C14E0926D14F0926E1487E194E10F9481
:10286000FA091093741400937314D0936714C093EF
:102870006A14D701C6018096A11DB11D80936B1407
:1028800090936C14A0936D14B0936E1487E194E14F
:102890000F94FA098FEFC81AD80AE80AF80A85E1F6
:1028A000C81682E1D806E104F10439F6DF91CF9130
:1028B0001F910F91FF90EF90DF90CF90BF90AF905E
:1028C0009F908F9008950F931F93CF93DF9300D025
:1028D00000D01F921F92CDB7DEB78091110890E013
:1028E0008A3091050CF067C18AE0809311088091CD
:1028F0001208909113088A3091050CF062C18AE0A9
:1029000090E0909313088093120880910C0888231C
:1029100009F45EC188EB90910B089111846090914D
:102920000D089A3009F482601A8219829AE5998317
:102930009FEF9B838C83BE016F5F7F4F80E890E0A9
:102940000E946C7C209112083091130844E6429F4B
:10295000C001439F900D1124209111082D832091D7
:1029600010082E839F838887BE016B5F7F4F82E8AC
:1029700090E00E946C7C80910C0881112BC1109218
:1029800074141092731405E00093671412E8109306
:102990006A148AE890E1A0E0B0E080936B14909311
:1029A0006C14A0936D14B0936E1487E194E10F94AE
:1029B000FA0989E090E09093741480937314009363
:1029C000671410936A148CE890E1A0E0B0E0809363
:1029D0006B1490936C14A0936D14B0936E1487E1F4
:1029E00094E10F94FA0980910E0890910F0890934A
:1029F00074148093731405E00093671412E8109325
:102A00006A1488E890E1A0E0B0E080936B149093A2
:102A10006C14A0936D14B0936E1487E194E10F943D
:102A2000FA0980910E081092731480937414009325
:102A3000671410936A1481EA90E0A0E0B0E08093FC
:102A40006B1490936C14A0936D14B0936E1487E183
:102A500094E10F94FA0920910E0830910F0837FD88
:102A6000E4C02F3F310519F014F02FEF30E0032EB2
:102A7000000C440B550BA4E6B0E00F945B402FEF25
:102A800030E040E050E00F943C40309374142093C9
:102A9000731405E00093671412E810936A1480E43D
:102AA00091E1A0E0B0E080936B1490936C14A0933C
:102AB0006D14B0936E1487E194E10F94FA0980913C
:102AC000110890E09093741480937314009367142A
:102AD00010936A1482E491E1A0E0B0E080936B145B
:102AE00090936C14A0936D14B0936E1487E194E1ED
:102AF0000F94FA098091100890E0909374148093D9
:102B000073140093671410936A1484E491E1A0E0B5
:102B1000B0E080936B1490936C14A0936D14B093F9
:102B20006E1487E194E10F94FA0980911208909154
:102B30001308909374148093731400936714109384
:102B40006A1488E491E1A0E0B0E080936B14909364
:102B50006C14A0936D14B0936E1487E194E10F94FC
:102B6000FA0980910B08882309F463C083E090E0A0
:102B700090937414809373140093671410936A14E1
:102B800086E491E1A0E0B0E080936B1490936C1424
:102B9000A0936D14B0936E1487E194E10F94FA0939
:102BA00028960FB6F894DEBF0FBECDBFDF91CF9150
:102BB0001F910F910895853691050CF498CE84E607
:102BC00094CE803992400CF4A0CE8FE892E099CE5A
:102BD00080EBA1CE20910E0830910F08C90101961B
:102BE00097FD4F9625E0959587952A95E1F70197F2
:102BF000909374148093731405E00093671412E8A3
:102C000010936A148AE890E1A0E0B0E080936B141E
:102C100090936C14A0936D14B0936E1487E194E1BB
:102C20000F94FA0988E090E0C6CE20E030E0A901D8
:102C300022CF82E090E09CCF2F923F924F925F9202
:102C40006F927F928F929F92AF92BF92CF92DF92BC
:102C5000EF92FF920F931F93CF93DF93009709F0AA
:102C6000AAC1109204081092030890930F19809340
:102C70000E19BAE0CB2EB0E2DB2EE12CF12C15E0E0
:102C800002E846015701C4E1D0E01092A613109269
:102C9000A5131093991300939C1380929D13909207
:102CA0009E13A0929F13B092A01389E493E10F9416
:102CB000FA0921972FEF821A920AA20AB20A2097E4
:102CC00021F744E1C40ED11CE11CF11C8AE5C816B1
:102CD00080E2D806E104F104A1F6C12CA0E2DA2ECC
:102CE000E12CF12CD5E0C2E81092A6131092A513A6
:102CF000D0939913C0939C13C0929D13D0929E13AE
:102D0000E0929F13F092A01389E493E10F94FA09E3
:102D10001092A6131092A513D0939913C0939C13ED
:102D2000D701C6018C529F4FAF4FBF4F80939D1369
:102D300090939E13A0939F13B093A01389E493E103
:102D40000F94FA09EFEFCE1ADE0AEE0AFE0AFAE055
:102D5000CF16F0E2DF06E104F10431F6FEEDCF2EEE
:102D6000F0E2DF2EE12CF12CD5E0C2E81092A613A0
:102D70001092A513D0939913C0939C13C0929D13E6
:102D8000D0929E13E0929F13F092A01389E493E1F6
:102D90000F94FA092FEFC21AD20AE20AF20A46EE9B
:102DA000C41640E2D406E104F10401F7CC24C39434
:102DB000E2E1DE2EE12CF12C0AE010E0D5E0C2E8E1
:102DC0001093A6130093A513D0939913C0939C134B
:102DD000C0929D13D0929E13E0929F13F092A01385
:102DE00089E493E10F94FA091093A6130093A513B5
:102DF000D0939913C0939C13D701C6018096A11D4F
:102E0000B11D80939D1390939E13A0939F13B09335
:102E1000A01389E493E10F94FA098FEFC81AD80A36
:102E2000E80AF80AE5E0CE16E2E1DE06E104F10484
:102E300039F600910308109104080115110509F0F5
:102E4000D6C080910208882309F4E1C02AE030E26C
:102E500040E050E06EE676E089E493E10E9413776B
:102E6000C1E0D0E003E010E0E0900308F090040837
:102E700035E0332E42E8242E44244A94542C64E056
:102E8000662E712C7FE1C72E74E0D72E8091030847
:102E900090910408800F911FE816F90608F0D5C03C
:102EA000C7010E941B7A882309F481C080915D12BA
:102EB00060E572E1882311F06DE572E1FB0101909C
:102EC0000020E9F7CF010197861B970BF4E1FC9FE7
:102ED0009001FD9F300D1124265F3F4D50E040E0F2
:102EE000459710F0FB01128A89E493E10E94137761
:102EF000CE018F5F9D4EB0E0A0E021964E0124E010
:102F0000880C991C2A95E1F7FDEF8F1AFFE99F0ABB
:102F1000B12CA12C2091F11425FF7EC07092A61334
:102F20006092A5133092991320929C1380939D1365
:102F300090939E13A0939F13B093A01389E493E101
:102F40000F94FA09D092A613C092A5133092991348
:102F500020929C1380929D1390929E13A0929F1397
:102F6000B092A01389E493E10F94FA09B70186EEB9
:102F700094E30F94B20980915D126DE572E18111C5
:102F800002C060E572E183EE94E30E94D63E60ECFD
:102F900077E08FED94E30E94D63E60E572E18EED1E
:102FA00094E30E94D63E8AED94E30E94F9302FEF1D
:102FB000E21AF20A6BCF2091030830910408A901AC
:102FC0004150510960910E1970910F1968177907D6
:102FD00038F42C5F3F4F309304082093030845CE0C
:102FE0004430510508F43DCE24503109F4CF04306B
:102FF000110569F480910208882331F083E090E0A4
:103000009093040880930308D0E0C0E02DCFD0E077
:10301000C0E004E010E028CF1092A6131092A51390
:103020003092991320929C1380939D1390939E133A
:10303000A0939F13B093A01389E493E10F94FA092E
:103040005092A6134092A51381CFDF91CF911F918B
:103050000F91FF90EF90DF90CF90BF90AF909F9037
:103060008F907F906F905F904F903F902F9008953A
:103070008DE594E30E9417370F948E0990E080E06D
:103080000F941C1610922408109223081092220804
:1030900008950E942CC60C9426C60F931F93CF93BD
:1030A000DF9320912C1021112BC08C0160E080E275
:1030B00091E20E942231C8010F944918F801019051
:1030C0000020E9F73197EF01C01BD10BC034D105C7
:1030D0002CF08291807C8038E1F3F5CFDD27AE01C2
:1030E000B8018CEE9FE00F942844C451D04F188251
:1030F0008CEE9FE0DF91CF911F910F910D949F0C6B
:10310000DF91CF911F910F910895CF92DF92EF92AF
:10311000FF920F931F93CF93DF93CDB7DEB7A697A0
:103120000FB6F894DEBF0FBECDBF182F0F94E50089
:10313000812309F46BC040915D0450915E0460915D
:103140005F04709160044F8F58A369A37AA330E0A5
:1031500020E0E0E090E0AC01022E02C055954795DA
:103160000A94E2F740FF11C063E270E06C0F7D1F2C
:103170006E0F711D4FE150E04C0F5D1F420F531F4A
:10318000DA014C91DB014C93EF5F2F5F3F4F23300F
:10319000310509F78E010D5D1F4FE00FF12FF11D75
:1031A00010821F930F938AE2C82E86E3D82EDF92F7
:1031B000CF92CE0101967C019F938F930F946D392E
:1031C0000E94B932C7010F9449181F930F93DF92E1
:1031D000CF92FF92EF920F946D3960E0C7010F9488
:1031E0004D180FB6F894DEBF0FBECDBF81E0A69696
:1031F0000FB6F894DEBF0FBECDBFDF91CF911F9108
:103200000F91FF90EF90DF90CF90089580E0EFCF87
:103210006F927F928F929F92AF92BF92CF92DF92E6
:10322000EF92FF920F931F93CF93DF93CDB7DEB74B
:10323000A3970FB6F894DEBF0FBECDBFF82E4A019C
:103240005B01380169014091A50C45FB442740F919
:103250006AE476E3CE0181960E94DE3520E030E01C
:10326000A901B801C6010F94D6398111E4C0FF202D
:1032700019F081E0F812DAC060E070E88BE395E4C1
:1032800020E030E040E752E40F94B441362F272F7E
:10329000432F522FBC014D8F5E8F6F8F78A30F2D60
:1032A00010E08091A50C85FF25C0F801EA50FC4F85
:1032B000608185E496E30E941A31B501A40182E49D
:1032C00096E30E941F338FE396E30E94F93020E0DB
:1032D00030E0A901B301C6010F94D639882309F45F
:1032E000AEC042E0B301C6010E9480D288E396E3FB
:1032F0000E94F930F801E253F84CE491CC24C394D5
:103300001E160CF4C12CDD24D39420E030E0A9017A
:10331000C501B4010F941A4318160CF0D12CCD142A
:1033200071F092E0F9120BC0EE2049F081E00E94AA
:10333000DD7E69E170E080E090E00E94C72D80E0D2
:103340000F941F0069837A838B839C8381E00F94A1
:103350001F006D837E838F83988782E00F941F0008
:1033600069877A878B879C8783E00F941F006D871E
:103370007E878F87988B000F111F000F111FE1E0D0
:10338000F0E0EC0FFD1F0E0F1F1FF80110821182DD
:1033900012821382CE0101960E9462FFF8018082A0
:1033A0009182A282B382198A1A8A1B8A1C8A1D8A78
:1033B0001E8A1F8A188E198E1A8E1B8E1C8E809163
:1033C000A9079091AA07892B51F4AE014F5E5F4F78
:1033D000BE01635E7F4FCE0101960E9470840E9401
:1033E0006CFBCD1451F0F2E0FF1205C0EE2019F095
:1033F00080E00E94DD7E0F940008CE0181960E943D
:10340000D535A3960FB6F894DEBF0FBECDBFDF91C2
:10341000CF911F910F91FF90EF90DF90CF90BF90D1
:10342000AF909F908F907F906F90089560E070E0D4
:1034300086E194E425CF302F272DC60129CF4D8D6D
:103440005E8D6F8D78A18DE396E30E941F338BE331
:1034500096E30E94F9304ACFCF92DF92EF92FF922B
:103460000F931F93CF93DF93CDB7DEB767970FB658
:10347000F894DEBF0FBECDBF6C877D878E879F8798
:10348000288B398B4A8B5B8BEC8AFD8A0E8B1F8BCA
:103490004091A50C45FB442740F96CED75E3CE0146
:1034A00009960E94DE358091A50C85FF0EC010E0C4
:1034B00000E029ED35E3AE014C5E5F4FBE01605F79
:1034C0007F4FCE010C960E946535F601E080F180B9
:1034D0000281138120E030E0A901B701C8010F94F7
:1034E000D639811190C05091310240913202309111
:1034F000330220913402852F942FA32FB22F89837A
:103500009A83AB83BC8320E030E0A901B701C801F6
:103510000F94D639811104C0E12CF12C00E211E4A2
:10352000C701D8018D839E83AF83B887CC88DD889F
:10353000EE88FF88A70196016091430270914402D2
:1035400080914502909146020F94D63987FF0CC0B6
:10355000C0924302D0924402E0924502F0924602A9
:10356000CE0105960F94EE0488899989AA89BB89B2
:103570004C855D856E857F8540933B0250933C0270
:1035800060933D0270933E0280933F02909340020D
:10359000A0934102B0934202CE0101960F94EE0433
:1035A000CC88DD88EE88FF88A701960160914302F0
:1035B0007091440280914502909146020F941A4303
:1035C000181664F4C0924302D0924402E09245027D
:1035D000F0924602CE0105960F94EE040E946CFB19
:1035E000CE0109960E94D53567960FB6F894DEBFD6
:1035F0000FBECDBFDF91CF911F910F91FF90EF9044
:10360000DF90CF9008955E2D4F2D302F212F73CF57
:10361000CF92DF92EF92FF920F931F936A01E09097
:103620004302F09044020091450210914602FB01D2
:103630002081318142815381FC01608171818281CD
:1036400093810F942C1A1F910F91FF90EF90DF90B0
:10365000CF900895CF92DF92EF92FF920F931F9336
:103660006B01FC01E080F18002811381EBE3F2E069
:103670002481358146815781608171818281938166
:103680000F942C1A1F910F91FF90EF90DF90CF9025
:103690000895AF92BF92CF92DF92EF92FF920F9375
:1036A0001F93CF93DF9300D01F92CDB7DEB7FC01FD
:1036B000E080F18002811381611112C0A090430269
:1036C000B0904402C0904502D09046029501A601F8
:1036D000B701C8010F94D63987FF02C07501860172
:1036E00020E030E048EC53E4B701C8010F94D6392C
:1036F00087FD04C0E12CF12C08EC13E4C701D801CC
:1037000089839A83AB83BC836AEF73E0CE01019611
:103710000F942A1B0F900F900F900F90DF91CF9175
:103720001F910F91FF90EF90DF90CF90BF90AF90DF
:103730000895BF92CF92DF92EF92FF920F931F9363
:10374000CF93DF9300D01F92CDB7DEB7B82E809114
:10375000A50C85FF12C04EEF5AE366E17BE38BE3D5
:1037600092E00E94A83585EF9AE30E94F9308B2DF4
:103770000E9460248AE00E94F2308091D3178B155A
:1037800009F461C0BB20D1F18091A50C85FF0CC06C
:1037900040E050E060E271E482EE9AE30E941F3361
:1037A0008FED9AE30E94F93080E090E0A0E2B1E46E
:1037B00089839A83AB83BC83C0900813D09009138C
:1037C000E0900A13F0900B1320E030E0A901C7014C
:1037D000B6010F94D63987FF0CC0A701960160E0AF
:1037E00070E080E291E40F94B94069837A838B831F
:1037F0009C8360E0CE0101960F94491B60913B02CF
:1038000070913C0280913D0290913E0220913F02D6
:1038100030914002409141025091420219821A8235
:103820001B821C82E0904302F0904402009145020A
:1038300010914602FE0131966F010F942C1AB0923E
:10384000D3170F94F10780E00F900F900F900F9017
:10385000DF91CF911F910F91FF90EF90DF90CF906C
:10386000BF9008952F923F924F925F926F927F92F6
:103870008F929F92AF92BF92CF92DF92EF92FF9280
:103880000F931F93CF93DF93CDB7DEB764970FB637
:10389000F894DEBF0FBECDBFF82EC82ED12C80917C
:1038A000A50C85FF0CC0F601EA50FC4F608184ED49
:1038B00097E30E941A3181ED97E30E94F930F601F7
:1038C000E253F84C149182E0F8122FC081E00F947B
:1038D000991B8111CDC18AEC97E30E94572420E007
:1038E00030E0A9010F94D6398823F9F0612F110F28
:1038F000770B880B990B0F94DD394B015C018AEC37
:1039000097E30E9457242B013C0120E030E040EA7D
:1039100050E40F94D63911E087FF1CC0412C512C84
:1039200040EA642E40E4742E15C0612F110F770B0E
:10393000880B990B0F94DD394B015C01C601880F90
:10394000991F880F991F8E53984C0E9457242B0162
:103950003C0110E0A5019401C301B2010F943C3A6F
:103960002B013C011601220C331C220C331CC1011B
:103970008A54984C0E94572420E030E040EC5FE3EA
:103980000F943C3AA50194010F943C3A698B7A8BD1
:103990008B8B9C8B8091A50C85FF0CC049895A8923
:1039A0006B897C898AEA97E30E941F3386EA97E352
:1039B0000E94F930EE24E394E12600E010E0980143
:1039C00049895A896B897C898F2D0F94081920E0C9
:1039D00030E0A901C301B2010F94D639882309F45C
:1039E00069C0D301C201B058898B9A8BAB8BBC8B59
:1039F0008091A50C85FF0CC049895A896B897C8907
:103A00008AE997E30E941F3386E997E30E94F93021
:103A100092E000E010E020E431E4F91619F000E053
:103A200010E09801E12C49895A896B897C898F2D96
:103A30000F940819A3019201C301B2010F94BA4077
:103A40002B013C018091A50C85FF0AC0B301A201A6
:103A50008CE897E30E941F3388E897E30E94F930CF
:103A6000A2E000E010E020EC30E4FA16E1F0F6010C
:103A7000E558F94C6491611107C00E94B93289E59B
:103A800096E30E94F9306AE070E090E080E00F94E5
:103A9000DB399B01AC0160E070E088E492E40F94B4
:103AA000B4418B019C01EE24E394B301A2018F2D5C
:103AB0000F9408198091A50C85FF0CC0F601EA50FF
:103AC000FC4F60818AE297E30E941A3187E297E314
:103AD0000E94F93081E090E00F2C01C0880F0A9419
:103AE000EAF79091A30C982B9093A30C9091EA186D
:103AF000892B8093EA18C101855E984C0E94572457
:103B00008601000F111F000F111FF801E55CFD4F2A
:103B10006083718382839383B2E0FB1226C040905E
:103B200008135090091360900A1370900B13A301AF
:103B300092016091430270914402809145029091FC
:103B400046020F94B94060934302709344028093FD
:103B50004502909346028091A50C85FF06C0B301F3
:103B6000A20187EC96E30E940934F801E252F74E75
:103B700010821182128213828F2D0F948D008091FA
:103B8000A50C85FF25C0F601EA50FC4FE0806E2DA4
:103B900088EB96E30E941A31F801EC52F84E40810E
:103BA00051816281738183EB96E30E9409344AE973
:103BB00056E36FE976E38BE392E00E94A8356E2D21
:103BC00081E896E30E941A318EE796E30E94F9306D
:103BD0000F94D105F801E55CFD4F80819181A281B0
:103BE000B381F801EA55F34F80839183A283B383B5
:103BF0008091A50C85FF08C044E557E364E777E3AF
:103C00008BE392E00E94A835E2E0FE1669F18CE0B9
:103C1000EAEEF3E0DE01119601900D928A95E1F74C
:103C2000E1E0F0E0EC0FFD1FE00FF11F408051805C
:103C30006280738020E030E0A901C301B2010F94DB
:103C4000D63981112EC08091A50C85FF11C0F601D7
:103C5000EA50FC4F608186E497E30E941A3183E4C6
:103C600097E30E94F93004C00E945D24882379F212
:103C700064960FB6F894DEBF0FBECDBFDF91CF9133
:103C80001F910F91FF90EF90DF90CF90BF90AF907A
:103C90009F908F907F906F905F904F903F902F906C
:103CA000089520E030E0A901C301B2010F941A4346
:103CB00087FF04C077FA709477F87094055C1D4F05
:103CC000A3019201C501B4010F943C3A9B01AC01E0
:103CD000D8016D917D918D919C910F94B940F8011F
:103CE0006083718382839383F2E080E090E0A0E4BC
:103CF000B1E4FF1621F080E090E0A8E4B2E48D8703
:103D00009E87AF87B88BCE010D960F94EE049BCFA4
:103D10008F929F92AF92BF92CF92DF92EF92FF92DB
:103D20000F931F93CF93DF93CDB7DEB760970FB696
:103D3000F894DEBF0FBECDBF8B0140E050E068E4D9
:103D400072E449875A876B877C8740E050E060EADD
:103D500070E44D875E876F87788B8130B9F1823050
:103D600009F462C020E030E040E050E4609143029A
:103D70007091440280914502909146020F94BA409E
:103D80004B017C0120E030E048EC53E40F941A43EF
:103D9000181634F4812C912C88ECE82E93E4F92E3B
:103DA000F801A084B184C284D3849401A701B50131
:103DB000C6010F941A43181614F054016701C50187
:103DC000D60189839A83AB83BC8351C0BE01635FF4
:103DD0007F4FC80108960F942A1B88E0F801DE0186
:103DE000119601900D928A95E1F7AE01475F5F4F02
:103DF000BE016B5F7F4FCE0101960F94081B0F949D
:103E0000DF0560960FB6F894DEBF0FBECDBFDF9121
:103E1000CF911F910F91FF90EF90DF90CF90BF90C7
:103E2000AF909F908F900895F8012085318542854D
:103E300053856091430270914402809145029091B4
:103E400046020F94BA406B017C0120E030E048EC60
:103E500053E40F94D63987FD06C0C12CD12C28EC31
:103E6000E22E23E4F22EC982DA82EB82FC82BE01CA
:103E7000635F7F4FCE010196AECF2F923F924F925C
:103E80005F926F927F928F929F92AF92BF92CF92EA
:103E9000DF92EF92FF920F931F93CF93DF9300D0A7
:103EA0001F92CDB7DEB7ADB6BEB647E1642E44E192
:103EB000742E5AE5452E65EA562E9091051980918B
:103EC000971820919818821B8F7309F4E8C09130DD
:103ED00009F43FC0A8F1923009F443C0933079F758
:103EE0008091971890919818891B8F73909104195D
:103EF000891708F4D4C00E94A82F282E8091041995
:103F000033243A94380EEDB6FEB68150990BADB716
:103F1000BEB7A81BB90B0FB6F894BEBF0FBEADBF9E
:103F20000DB71EB70F5F1F4F680148013A94BFEFEE
:103F30003B1611F10E94A82FF40181934F01F6CF97
:103F40000E94A82F8A3509F0B8CF21E020930519E7
:103F5000B4CF0E94A82F853A69F482E080930519B6
:103F6000ACCF0E94A82F8093041983508E3710F491
:103F700083E0F4CF80E0F2CFF2E82F1212C0D80134
:103F80008C918F3409F084C011968C918B3409F098
:103F90007FC0109205190FB6F894FEBE0FBEEDBE9D
:103FA0008CCFB3E82B1274C0F80160817181762741
:103FB000672776279280492D440FCB01B0E0A0E01F
:103FC00080931B1490931C14A0931D14B0931E1483
:103FD0009092171490E080E050E0F2E0CF0ED11CF8
:103FE0008417950770F4FC01EE7FED5DFB4ED60162
:103FF00011963C91119712962C9131832083029651
:10400000ECCF8CE093E30F94B209692D84E093E345
:104010000E94A33CF801D3808FEF92E30E94F93015
:104020008D2D0E947AD2D80114966C9188EF92E37C
:104030000E94A33CF801D58083EF92E30E94F930FF
:104040008D2D0E947AD2D80116966C918CEE92E357
:104050000E94A33C109205198BEC92E30E94173743
:1040600060911A0D16168CF4062E000C770B89EB56
:1040700092E30F94D609F30120E511922A95E9F70E
:10408000409218145092191486CF0E94F29C83CF4C
:10409000109205190FB6F894FEBE0FBEEDBE8091CA
:1040A000D918882319F180910C198837F8F48F5F9B
:1040B00080930C190FB6F894BEBE0FBEADBE0F9024
:1040C0000F900F900F90DF91CF911F910F91FF9064
:1040D000EF90DF90CF90BF90AF909F908F907F90A8
:1040E0006F905F904F903F902F90089510920C1911
:1040F00080910A1990910B199C012F5F3F4F3093CB
:104100000B1920930A198E3E9240A0F26091D812AA
:104110007091D9128091DA129091DB120F9426429D
:10412000709374146093731405E00093671412E89D
:1041300010936A1486E390E1A0E0B0E080936B14E2
:1041400090936C14A0936D14B0936E1487E194E176
:104150000F94FA096091AC127091AD128091AE1279
:104160009091AF120F94264270937414609373145D
:104170000093671410936A148CE390E1A0E0B0E020
:1041800080936B1490936C14A0936D14B0936E1481
:1041900087E194E10F94FA098091DC129091DD128D
:1041A00090937414809373140093671410936A149B
:1041B00084E390E1A0E0B0E080936B1490936C14E2
:1041C000A0936D14B0936E1487E194E10F94FA09F3
:1041D0008091B0129091B1129093741480937314E3
:1041E0000093671410936A148AE390E1A0E0B0E0B2
:1041F00080936B1490936C14A0936D14B0936E1411
:1042000087E194E10F94FA091092741410927314D8
:104210000093671410936A1480E590E1A0E0B0E089
:1042200080936B1490936C14A0936D14B0936E14E0
:1042300087E194E10F94FA091092741410927314A8
:104240000093671410936A148EE490E1A0E0B0E04C
:1042500080936B1490936C14A0936D14B0936E14B0
:1042600087E194E10F94FA090E9466F9882391F09E
:104270009091530220910D19E92F092E000CFF0B8C
:104280002E171F06B9F42091081930910919243608
:10429000310584F49091050891117CC0882339F18F
:1042A00080910819909109190196909309198093AA
:1042B00008191DC09C3008F068C08827ED59FE4DD4
:1042C0008E4F0D94B140EC0068012E01C800AA0188
:1042D000E800A001C40044019C001401CE0080E568
:1042E00094E30F947E12109209191092081981E03C
:1042F0008093D91810920B1910920A1980911A0DF7
:10430000811174C01092071980910719853620F029
:104310001092071910921A0DE0911A0DE150E73032
:1043200008F0A3C00E2E000CFF0B8827E556FE4DAB
:104330008E4F0D94B140AC01C001DE008E016601CC
:104340006A01A4008FE394E3CCCF81E394E3C9CF67
:104350008DE194E3C6CF8AE094E3C3CF8AEB94E384
:10436000C0CF8DEF93E3BDCF8FEE93E3BACF8FED48
:1043700093E3B7CF82ED93E3B4CF82EC93E3B1CF75
:1043800086EB93E30E941737AECF85EA93E30F9451
:10439000B110A9CF811125C081E09AE590937414E2
:1043A0008093731485E390E0909376148093751452
:1043B00087E08093671482E880936A1484E890E031
:1043C000A0E0B0E080936B1490936C14A0936D14F4
:1043D000B0936E1487E194E10F94FA0910920508E6
:1043E00082CF1092050884E690E05FCF0E9471F9B9
:1043F000811188CF809107198F5F8093071984CF2F
:104400000F947109882389F187E993E30E94173794
:1044100081E09AE5909374148093731486E390E09E
:10442000909376148093751487E08093671482E8E4
:1044300080936A1484E890E0A0E0B0E080936B146D
:1044400090936C14A0936D14B0936E1487E194E173
:104450000F94FA0910921A0D08C00F94710988235D
:1044600021F00E9471F98823A9F380919E0C882382
:1044700009F4B9C583E090E09093741480937314A9
:1044800085E08093671482E880936A1485E490E164
:10449000A0E0B0E080936B1490936C14A0936D1423
:1044A000B0936E1487E194E10F94FA098091BF07ED
:1044B000882309F49BC583E090E090937414809363
:1044C000731485E08093671482E880936A1488E10E
:1044D00090E1A0E0B0E080936B1490936C14A093F3
:1044E0006D14B0936E1487E194E10F94FA098091F2
:1044F0007A0C882309F47DC583E090E090937414CE
:104500008093731485E08093671482E880936A1423
:104510008AE190E1A0E0B0E080936B1490936C147A
:10452000A0936D14B0936E1487E194E10F94FA098F
:104530008091DA18811160C589E18093DA1868EBFF
:104540007BE080E090E00F945E092091DA18822FE2
:1045500090E0253608F08CC5909374148093731402
:1045600085E08093671482E880936A1480E090E18C
:10457000A0E0B0E080936B1490936C14A0936D1442
:10458000B0936E1487E194E10F94FA090E9471F9D7
:1045900081117FC51091F11412FB002700F912FF61
:1045A00002C017FF76C50E94372E811172C5809117
:1045B0004310813009F46DC5002311F017FF69C560
:1045C0000E94432E811165C520910E0830910F087D
:1045D00037FD02C00D94412B20E030E0A901A4E694
:1045E000B0E00F945B402FEF30E040E050E00F94DC
:1045F0003C40309374142093731405E000936714C7
:1046000012E810936A1480E491E1A0E0B0E0809396
:104610006B1490936C14A0936D14B0936E1487E197
:1046200094E10F94FA098091110890E0909374142A
:10463000809373140093671410936A1482E491E1D9
:10464000A0E0B0E080936B1490936C14A0936D1471
:10465000B0936E1487E194E10F94FA0980911008E9
:1046600090E09093741480937314009367141093E4
:104670006A1484E491E1A0E0B0E080936B1490931D
:104680006C14A0936D14B0936E1487E194E10F94B1
:10469000FA098091120890911308909374148093F2
:1046A00073140093671410936A1488E491E1A0E0F6
:1046B000B0E080936B1490936C14A0936D14B0933E
:1046C0006E1487E194E10F94FA0980910B08882316
:1046D00009F4E3C783E090E090937414809373141B
:1046E0000093671410936A1486E491E1A0E0B0E0AF
:1046F00080936B1490936C14A0936D14B0936E140C
:1047000087E194E10F94FA0920E030E040E251E4BF
:1047100060912F0D7091300D8091310D9091320D7F
:104720000F943C3A0F942D42709374146093731459
:1047300005E00093671412E810936A1482E492E192
:10474000A0E0B0E080936B1490936C14A0936D1470
:10475000B0936E1487E194E10F94FA0920E030E001
:1047600040E251E46091330D7091340D8091350D2C
:104770009091360D0F943C3A0F942D42709374141F
:10478000609373140093671410936A1486E492E1A3
:10479000A0E0B0E080936B1490936C14A0936D1420
:1047A000B0936E1487E194E10F94FA0920E030E0B1
:1047B00040E251E46091370D7091380D8091390DD0
:1047C00090913A0D0F943C3A0F942D4270937414CB
:1047D000609373140093671410936A148AE492E14F
:1047E000A0E0B0E080936B1490936C14A0936D14D0
:1047F000B0936E1487E194E10F94FA0920E030E061
:1048000040E251E460913B0D70913C0D80913D0D73
:1048100090913E0D0F943C3A0F942D427093741476
:10482000609373140093671410936A148EE492E1FA
:10483000A0E0B0E080936B1490936C14A0936D147F
:10484000B0936E1487E194E10F94FA0960911B0D07
:1048500070911C0D80911D0D90911E0D0F94DB39F0
:1048600020E030E048EC52E40F94B4410F942D4224
:1048700070937414609373140093671410936A1404
:1048800080E892E1A0E0B0E080936B1490936C1408
:10489000A0936D14B0936E1487E194E10F94FA091C
:1048A00060911F0D7091200D8091210D9091220D2E
:1048B0000F94DB3920E030E048EC52E40F94B4412F
:1048C0000F942D42709374146093731400936714C3
:1048D00010936A1482E892E1A0E0B0E080936B1438
:1048E00090936C14A0936D14B0936E1487E194E1CF
:1048F0000F94FA096091230D7091240D8091250D7C
:104900009091260D0F94DB3920E030E040E251E435
:104910000F94B4410F942D427093741460937314E8
:104920000093671410936A1484E892E1A0E0B0E069
:1049300080936B1490936C14A0936D14B0936E14C9
:1049400087E194E10F94FA096091270D7091280D89
:104950008091290D90912A0D0F94DB390F942D42EF
:1049600070937414609373140093671410936A1413
:1049700086E892E1A0E0B0E080936B1490936C1411
:10498000A0936D14B0936E1487E194E10F94FA092B
:1049900060913F0D7091400D8091410D9091420DBD
:1049A0000F942D42709374146093731400936714E2
:1049B00010936A1488E792E1A0E0B0E080936B1452
:1049C00090936C14A0936D14B0936E1487E194E1EE
:1049D0000F94FA096091430D7091440D8091450D3B
:1049E0009091460D0F942D4270937414609373143C
:1049F0000093671410936A148AE792E1A0E0B0E094
:104A000080936B1490936C14A0936D14B0936E14F8
:104A100087E194E10F94FA096091470D7091480D78
:104A20008091490D90914A0D0F942D42709374140A
:104A3000609373140093671410936A148CE792E1E7
:104A4000A0E0B0E080936B1490936C14A0936D146D
:104A5000B0936E1487E194E10F94FA0960914B0DC5
:104A600070914C0D80914D0D90914E0D0F942D42F3
:104A700070937414609373140093671410936A1402
:104A80008EE792E1A0E0B0E080936B1490936C14F9
:104A9000A0936D14B0936E1487E194E10F94FA091A
:104AA00020E030E048EC52E46091AF077091B0072D
:104AB0008091B1079091B2070F943C3A0F942D4228
:104AC00070937414609373140093671410936A14B2
:104AD00080E792E1A0E0B0E080936B1490936C14B7
:104AE000A0936D14B0936E1487E194E10F94FA09CA
:104AF00020E030E048EC52E46091B3077091B407D5
:104B00008091B5079091B6070F943C3A0F942D42CF
:104B100070937414609373140093671410936A1461
:104B200082E792E1A0E0B0E080936B1490936C1464
:104B3000A0936D14B0936E1487E194E10F94FA0979
:104B400020E030E048EC52E46091B7077091B8077C
:104B50008091B9079091BA070F943C3A0F942D4277
:104B600070937414609373140093671410936A1411
:104B700084E792E1A0E0B0E080936B1490936C1412
:104B8000A0936D14B0936E1487E194E10F94FA0929
:104B900020E030E048EC52E46091BB077091BC0724
:104BA0008091BD079091BE070F943C3A0F942D421F
:104BB00070937414609373140093671410936A14C1
:104BC00086E792E1A0E0B0E080936B1490936C14C0
:104BD000A0936D14B0936E1487E194E10F94FA09D9
:104BE00020E030E048EC52E4609100137091011332
:104BF00080910213909103130F943C3A0F94264234
:104C000070937414609373140093671410936A1470
:104C100086E392E1A0E0B0E080936B1490936C1473
:104C2000A0936D14B0936E1487E194E10F94FA0988
:104C300020E030E048EC52E46091041370910513D9
:104C400080910613909107130F943C3A0F942642DB
:104C500070937414609373140093671410936A1420
:104C60008AE392E1A0E0B0E080936B1490936C141F
:104C7000A0936D14B0936E1487E194E10F94FA0938
:104C800080914D0290914E0290937414809373140E
:104C90000093671410936A1482E592E1A0E0B0E0FB
:104CA00080936B1490936C14A0936D14B0936E1456
:104CB00087E194E10F94FA0980914B0290914C02A4
:104CC00090937414809373140093671410936A1470
:104CD00084E592E1A0E0B0E080936B1490936C14B3
:104CE000A0936D14B0936E1487E194E10F94FA09C8
:104CF00020E030E040E251E46091F4127091F5124E
:104D00008091F6129091F7120F943C3A0F942D4235
:104D100070937414609373140093671410936A145F
:104D200086E592E1A0E0B0E080936B1490936C1460
:104D3000A0936D14B0936E1487E194E10F94FA0977
:104D40002CEA35EC47E25EE36091F8127091F912BB
:104D50008091FA129091FB120F94B44120E030E060
:104D600040E251E40F943C3A0F942D427093741436
:104D7000609373140093671410936A148AE592E1A8
:104D8000A0E0B0E080936B1490936C14A0936D142A
:104D9000B0936E1487E194E10F94FA092CEA35EC94
:104DA00047E25EE36091FC127091FD128091FE1269
:104DB0009091FF120F943C3A20E030E040E251E441
:104DC0000F943C3A0F942D427093741460937314B3
:104DD0000093671410936A148EE592E1A0E0B0E0AE
:104DE00080936B1490936C14A0936D14B0936E1415
:104DF00087E194E10F94FA0920E030E040E251E4C9
:104E00006091C8127091C9128091CA129091CB1210
:104E10000F943C3A0F942D42709374146093731462
:104E20000093671410936A1482E692E1A0E0B0E068
:104E300080936B1490936C14A0936D14B0936E14C4
:104E400087E194E10F94FA092CEA35EC47E25EE33E
:104E50006091CC127091CD128091CE129091CF12B0
:104E60000F94B44120E030E040E251E40F943C3A2A
:104E70000F942D427093741460937314009367140D
:104E800010936A1486E692E1A0E0B0E080936B1480
:104E900090936C14A0936D14B0936E1487E194E119
:104EA0000F94FA092CEA35EC47E25EE36091D012E8
:104EB0007091D1128091D2129091D3120F943C3AFA
:104EC00020E030E040E251E40F943C3A0F942D4250
:104ED00070937414609373140093671410936A149E
:104EE0008AE692E1A0E0B0E0DAC189E893E30E94AB
:104EF000173781E09AE5909374148093731480E4DB
:104F000090E0909376148093751417E010936714D3
:104F100082E880936A1484E890E0A0E0B0E0809397
:104F20006B1490936C14A0936D14B0936E1487E17E
:104F300094E10F94FA0910931A0D97CA809107080B
:104F4000882309F492CA0F947109882309F48DCA41
:104F50000E9471F9811189CA8BE793E30E94173788
:104F60001092070877CA0F947109882309F47DCA43
:104F70000E9471F9811179CA10921A0D8DE693E39E
:104F80000E94173781E09AE590937414809373140C
:104F90008EE490E0909376148093751487E080936C
:104FA000671482E880936A1484E890E0A0E0B0E09F
:104FB00080936B1490936C14A0936D14B0936E1443
:104FC00087E194E10F94FA0950CA0E9471F98111A6
:104FD0004CCA19821A821B821C8262E0CE010196A1
:104FE0000E94E69437CA82E090E046CA82E090E0F0
:104FF00064CA82E090E082CA8A3F08F0A6CA0F9491
:10500000AF08882371F10F9438188EEF8093DA1867
:1050100084E593E30E94173781E09AE59093741436
:10502000809373148DE290E09093761480937514BE
:1050300087E08093671482E880936A1484E890E0A4
:10504000A0E0B0E080936B1490936C14A0936D1467
:10505000B0936E1487E194E10F94FA091092D91875
:1050600029C885E693E39093010880930008CDCF8B
:1050700084569109909374148093731485E08093FF
:10508000671482E880936A1481E090E1A0E0B0E0C8
:1050900071CA8091640D90916002899FC0011124B2
:1050A000880F892F881F990B9195A4E68A9FC001CC
:1050B000112481589F4F6FEF70E00F949D407093C3
:1050C00074146093731415E01093671482E880934E
:1050D0006A148EE190E1A0E0B0E080936B149093AD
:1050E0006C14A0936D14B0936E1487E194E10F9447
:1050F000FA090F940E0820E13EE040E050E00F94E2
:105100001A4021153105B1E04B07510508F475C06F
:105110005093741440937314309376142093751441
:1051200087E08093671412E810936A1480E190E19D
:10513000A0E0B0E080936B1490936C14A0936D1476
:10514000B0936E1487E194E10F94FA090F940E085E
:1051500020E13EE040E050E00F941A402CE330E0C4
:1051600040E050E00F941A4030937414209373146D
:1051700005E00093671410936A1482E190E1A0E0C7
:10518000B0E080936B1490936C14A0936D14B09363
:105190006E1487E194E10F94FA090E949DF924E6C8
:1051A00030E0B9010F948940662309F465C26F5F4E
:1051B00060930619E62EF12C633330F5EE0CFF1CDC
:1051C000F0927414E09273140093671410936A14AD
:1051D0008EE090E1A0E0B0E080936B1490936C14AB
:1051E000A0936D14B0936E1487E194E10F94FA09C3
:1051F000109274141092731429C030937414209375
:105200007314109367148FCF309374142093731416
:105210000093671410936A148EE090E1A0E0B0E070
:1052200080936B1490936C14A0936D14B0936E14D0
:1052300087E194E10F94FA09E2E3EE1AE0E8FE0A4E
:10524000EE0CFF1CF0927414E09273140093671438
:1052500010936A148FE090E1A0E0B0E080936B14AB
:1052600090936C14A0936D14B0936E1487E194E145
:105270000F94FA090E949DF964E670E00F9489404A
:105280007727709374146093731485E08093671488
:1052900082E880936A1486E190E1A0E0B0E0809318
:1052A0006B1490936C14A0936D14B0936E1487E1FB
:1052B00094E10F94FA0920E030E0A901609108130D
:1052C0007091091380910A1390910B130F94BA40B7
:1052D00020E030E048EC52E40F943C3A0F94264230
:1052E000709374146093731405E00093671412E8CC
:1052F00010936A1486E290E1A0E0B0E080936B1412
:1053000090936C14A0936D14B0936E1487E194E1A4
:105310000F94FA0980912F029091300290937414A7
:10532000809373140093671410936A1480E093E1E0
:10533000A0E0B0E080936B1490936C14A0936D1474
:10534000B0936E1487E194E10F94FA0980911C08E0
:10535000811105C080911E08882309F469C020E0EE
:1053600030E048EC52E46091D8127091D9128091EB
:10537000DA129091DB120F943C3A6B017C01609140
:10538000DC127091DD12072E000C880B990B0F9424
:10539000DD399B01AC01C701B6010F94B4410F94F4
:1053A0002D426536710510F064E670E07093741458
:1053B0006093731405E00093671412E810936A1465
:1053C00084E290E1A0E0B0E080936B1490936C14C1
:1053D000A0936D14B0936E1487E194E10F94FA09D1
:1053E000C090D812D090D912E090DA12F090DB126F
:1053F00020E030E04AE253E4C701B6010F941A43BB
:10540000181624F480911C0881114AC16091DC12A5
:105410007091DD12072E000C880B990B0F94DD396B
:105420009B01AC01C701B6010F941A4387FFB0C1BD
:1054300080910708882339F18091060891E0980F40
:105440009093060890E0909374148093731485E011
:105450008093671482E880936A1482E490E1A0E06C
:10546000B0E080936B1490936C14A0936D14B09380
:105470006E1487E194E10F94FA09809106088A304E
:1054800010F0109206080F94AF08882309F4B3C1F6
:105490006091230870912408EE24E394F12C6115A7
:1054A0007105A9F090E080E00F94DB3920E030E056
:1054B00040E85EE30F943C3A0F94984120E030E0DE
:1054C00040E85FE30F94BA400F942D427B0101E066
:1054D00010E080910208811102C010E000E00F94FA
:1054E0007909800F911FBC0190E080E00F94DB39B7
:1054F00020E030E040E85EE30F943C3A0F9498419E
:105500002B013C01F0927414E092731405E00093B7
:10551000671412E810936A1480E193E1A0E0B0E010
:1055200080936B1490936C14A0936D14B0936E14CD
:1055300087E194E10F94FA09C301B2010F942D425F
:1055400070937414609373140093671410936A1427
:1055500082E193E1A0E0B0E080936B1490936C142F
:10556000A0936D14B0936E1487E194E10F94FA093F
:1055700080911B1490911C14A0911D14B0911E14C5
:105580008C34F0E19F07A105B10509F467CD8A3499
:105590009041A105B10509F461CD20E030E040E281
:1055A00051E460913B0270913C0280913D029091E8
:1055B0003E020F943C3A0F94264270937414609309
:1055C000731405E00093671412E810936A1488E4DA
:1055D00090E1A0E0B0E080936B1490936C14A093E2
:1055E0006D14B0936E1487E194E10F94FA0920E0F2
:1055F00030E040E251E460913F02709140028091BE
:105600004102909142020F943C3A0F9426427093CB
:105610007414609373140093671410936A148AE4EB
:1056200090E1A0E0B0E080936B1490936C14A09391
:105630006D14B0936E1487E194E10F94FA0920E0A1
:1056400030E040E251E46091430270914402809165
:105650004502909146020F943C3A0F942642709373
:105660007414609373140093671410936A148CE499
:1056700090E1A0E0B0E0E6CC1092741410927314A4
:10568000A3CD2F3F310519F014F02FEF30E0032E9A
:10569000000C440B550B0D94EF2282E090E01CC8E7
:1056A00010921C0820E030E040E251E460911408C0
:1056B0007091150880911608909117080F943C3A44
:1056C0000F942642709374146093731400936714BC
:1056D00010936A1484E590E1A0E0B0E080936B142D
:1056E00090936C14A0936D14B0936E1487E194E1C1
:1056F0000F94FA0920E030E040E251E4609118088C
:105700007091190880911A0890911B080F943C3AE7
:105710000F9426427093741460937314009367146B
:1057200010936A1488E590E1A0E0B0E080936B14D8
:1057300090936C14A0936D14B0936E1487E194E170
:105740000F94FA0983E393E30E94173781E09AE507
:10575000909374148093731481E490E09093761482
:105760008093751487E08093671410936A1484E81B
:1057700090E0A0E0B0E080936B1490936C14A09341
:105780006D14B0936E1487E194E10F94FA0950CE32
:1057900060911E08662309F44BCE062E000C770B91
:1057A0008AE193E30F94D60910921E0884E090E0FA
:1057B000909374148093731485E08093671412E8B7
:1057C00010936A148EE890E1A0E0B0E080936B142F
:1057D00090936C14A0936D14B0936E1487E194E1D0
:1057E0000F94FA0981E09AE59093741480937314EE
:1057F00083E590E0B3CF109274141092731405E017
:105800000093671412E810936A1480E193E1A0E01A
:10581000B0E080936B1490936C14A0936D14B093CC
:105820006E1487E194E10F94FA09109274141092A7
:1058300073148ACECF93DF9386EF94E10E9472298E
:1058400085E596E10E947229C5E5D6E16B97CE0108
:105850000E94722985E1C734D807C1F78CE295E12F
:105860000E94722981E195E1DF91CF910C94722918
:105870000F931F93CF93DF9310921115109214156D
:1058800010922C1510922F15E7E4F5E185E596E1CD
:10589000108213827B968E179F07D1F78FE193E0DA
:1058A0009093EB168093EA161092EC1689E18093A0
:1058B000EE161092F11610928F1210925516109249
:1058C0005816C1E0C093DF121092E0121092E1125C
:1058D0001092E2121092E3121092E4121092E5126A
:1058E0001092E6121092E7121092E8121092E9124A
:1058F0001092EA121092EB121092EC121092ED122A
:105900001092EE121092EF121092F0121092F11209
:105910001092F2121092F3121092F4121092F512E9
:105920001092F6121092F7121092F8121092F912C9
:105930001092FA121092FB121092FC121092FD12A9
:105940001092FE121092FF12C093B3121092B41272
:105950001092B5121092B6121092B7121092B8129D
:105960001092B9121092BA121092BB121092BC127D
:105970001092BD121092BE121092BF121092C0125D
:105980001092C1121092C2121092C3121092C4123D
:105990001092C5121092C6121092C7121092C8121D
:1059A0001092C9121092CA121092CB121092CC12FD
:1059B0001092CD121092CE121092CF121092D012DD
:1059C0001092D1121092D2121092D31210929612FB
:1059D00010929712109298121092991210929A1295
:1059E00010929F121092A0121092A1121092A21265
:1059F0001092A31280E093E190930D1380930C1307
:105A000010922F1310923013109231131092321300
:105A100010922B1310922C1310922D1310922E1300
:105A200010922713109228131092291310922A1300
:105A30001092231310922413109225131092261300
:105A400010921F1310922013109221131092221300
:105A500010921B1310921C1310921D1310921E1300
:105A600010921713109218131092191310921A1300
:105A70001092131310921413109215131092161300
:105A80001092E6161092E7161092E8161092E91698
:105A90001092E2161092E3161092E4161092E51698
:105AA0001092DE161092DF161092E0161092E11698
:105AB0001092DA161092DB161092DC161092DD1698
:105AC0001092D6161092D7161092D8161092D91698
:105AD00010921213109211131092101310920F13B0
:105AE00010920E1384E080933613109234131092A8
:105AF0003313109235131AE510939A1310934A1327
:105B0000D5EAD0939B13D0934B130EE2E9EEF3E169
:105B1000DF01202F1D922A95E9F78FEF9FEF9093D9
:105B20004813809347130F948E09109368141093B1
:105B30001814D0936914D0931914E7EBF4E1DF0142
:105B40001D920A95E9F71092F6141092F914C09379
:105B5000E5148AEE96E19093F3148093F214809109
:105B6000F114847E8B7F8093F1141092ED141092C7
:105B7000EE141092EF141092F0141092E914109297
:105B8000EA141092EB141092EC141092E814109294
:105B9000E7141092E614E7E4F5E18EE091E0DF010E
:105BA0009C011D9221503040E1F780910A018E7FC7
:105BB00080930A0180910B01809581708093090187
:105BC000C093F4141092F514DF91CF911F910F91AF
:105BD0000895CF93DF93CDB7DEB7EB970FB6F89468
:105BE000DEBF0FBECDBF789484B5826084BD84B51E
:105BF000816084BD85B5826085BD85B5816085BDC8
:105C000080916E00816080936E001092810080917F
:105C10008100826080938100809181008160809307
:105C20008100809180008160809380008091B1002C
:105C300084608093B1008091B00081608093B00057
:105C400080919100826080939100809191008160A9
:105C5000809391008091900081608093900080916A
:105C6000A10082608093A1008091A1008160809357
:105C7000A1008091A00081608093A000809121010B
:105C800082608093210180912101816080932101B4
:105C90008091200181608093200180917A0084604E
:105CA00080937A0080917A00826080937A0080915C
:105CB0007A00816080937A0080917A008068809376
:105CC0007A001092C1000091311914BE1092C000E8
:105CD0008091C00082608093C0001092C50087E070
:105CE0008093C4008091C10080618093C100809145
:105CF000C10088608093C1008091C100806880935A
:105D0000C1000E9473966B017C0128EEC20E23E055
:105D1000D21EE11CF11C84EF94E10E94542E8823D2
:105D200009F48FC089E292E30E94F930269A2E98F6
:105D30008091510390915203A0915303B091540369
:105D400089A39AA3ABA3BCA3CE0181969BAB8AABDC
:105D5000FE01B596FEA3EDA3812CE4E29E2EE4EFB6
:105D6000AE2EB12CEAA9FBA96191FBABEAABCE0147
:105D700001960E94562E8A89811105C1898988233E
:105D800009F401C1FF85FAA722242A94312CF230AC
:105D900019F022242A94322C29813A813DAB2CAB74
:105DA0008B819C8199A788A78EE0E5E5F3E0DE0171
:105DB000539601900D928A95E1F79AA5923009F0D9
:105DC00049C0E1E0E8AFF3E0F9AFCE0143969FAB05
:105DD0008EAB11E091E09FA31FA6EFEFF0E0F9ABCF
:105DE000E8AB5DEFE52EF12CEEA9FFA9C190D190B3
:105DF000FFABEEABFAA5F23091F120E2C216D1046E
:105E000009F491C030E8C316D10409F48CC088EEBF
:105E100093E0C89E9001C99E300DD89E300D11248C
:105E200050E040E0C501B4010F943C40C901019726
:105E3000369527950097A9F4E1E0F0E0FCA7EBA7E1
:105E400017C00E9473966C197D098E099F0997FDF2
:105E5000F8CF68CF2AE028AF3EE039AFB6CF910146
:105E6000C1013CA62BA68215930510F49CA78BA715
:105E70002115310509F4A2C13EA62DA62215330530
:105E800010F43EA72DA78BA59CA501968C9D900193
:105E90008D9D300D9C9D300D112450E040E0C501DA
:105EA000B4010F943C4029013BAF2AAFCC0CDD1C60
:105EB0008DA59EA5C89E9001C99E300DD89E300D1F
:105EC000112450E040E0C501B4010F943C40F901B9
:105ED00099EEE91693E0F90608F473C1B70188EE6C
:105EE00093E0DB01A81BB90B8AAD9BAD893E9340C3
:105EF00008F46BC1B20188EE93E0681B790BE93EB0
:105F0000F34008F466C1C901E8EEF3E08E1B9F0B75
:105F10006A177B0724F4861797070CF05EC18A176F
:105F20009B070CF463C11F5F183009F05DCFECA92B
:105F3000FDA980818C7F9FA19370892B8083E8A528
:105F4000F9A52081FFA18F2F90E0959587959595D4
:105F50008795A3E0880F991FAA95E1F7277E822BEA
:105F6000E8A5F9A580838081887FFFA58F2BE8A510
:105F7000F9A58083FAA5F23031F0ED85FE8528A9D8
:105F800039A9318320838DA19EA1EAA9FBA98E178F
:105F90009F0709F0E7CE0E94252E00FF04C080E293
:105FA00092E30E94F93001FF04C08FE092E30E9467
:105FB000F93002FF04C08DEF91E30E94F93003FF36
:105FC00004C08CEE91E30E94F93005FF04C08BED14
:105FD00091E30E94F9308BEC91E30E94F9300E942A
:105FE000B93287E991E30E94F9300E94B9328FE714
:105FF00091E30E94F9300E94B93280912B1990915F
:106000002C199E012F5F3F4F5901B901009709F4E8
:10601000F6C0681B790B80E791E30E949A3660EA2C
:1060200073E089E591E30F94D109389A4098109272
:10603000BB171092BC171092BD171092BE170E948A
:106040001C370E94477C80919218811107C00E94E2
:1060500089F0882319F081E0809392182091D41759
:106060003091D5174091D6175091D71760913B02C8
:1060700070913C0280913D0290913E020F94BA4093
:1060800060933B0270933C0280933D0290933E02EA
:106090002091D8173091D9174091DA175091DB171A
:1060A00060913F02709140028091410290914202C2
:1060B0000F94BA4060933F02709340028093410274
:1060C000909342022091DC173091DD174091DE174A
:1060D0005091DF1760914302709144028091450214
:1060E000909146020F94BA40609343027093440229
:1060F00080934502909346020F94D105249A2C98E0
:10610000809101018062809301018091020180727F
:10611000809300018091010180648093010180914E
:106120000201809580748093000187ED80937A004E
:1061300010927E0010927D0080917D00806280939D
:106140007D0080917D00806480937D0080E887BD24
:1061500080916E00826080936E00ECE8F8E1C5905B
:10616000D49035E0C316D1041CF4E5E0CE2ED12C3A
:10617000D0926B02C0926A020D2C000CEE08FF0850
:1061800080916602909167020E9483832B013C01FB
:10619000C701B6010F94DD399B01AC01C301B20107
:1061A0000F94D63987FF2EC08091660290916702C6
:1061B00040979093670280936602E2CF21E030E03F
:1061C00060CEC70168EE73E08CCEC20168EE73E06A
:1061D00094CEF90188EE93E099CE720199AD9FA318
:1061E0001FA7EBA5FCA5F9ABE8AB9DCE7901F8ADF7
:1061F000FFA31FA72DA53EA539AB28AB94CE6153B5
:10620000794109CFE0E9F7E1C590D49061E0C61A81
:10621000D1088FEFC816D10421F01CF0CC24CA9409
:10622000D12CD0926D02C0926C020D2C000CEE08A5
:10623000FF0880916802909169020E9483832B017C
:106240003C01C701B6010F94DD399B01AC01C301CC
:10625000B2010F941A43181654F480916802909179
:10626000690240969093690280936802E2CF0091A0
:10627000640210916502C8010E940DC120E030E067
:1062800040EA50E40F94D63987FF07C00051110946
:106290001093650200936402EACF00919318109165
:1062A0009418C8010E940DC120E030E046E153E49B
:1062B0000F941A4318163CF4005F1F4F1093941864
:1062C00000939318EACF0F94400819A282E390E05C
:1062D0009C8B8B8B1A82198201E0950141E050E082
:1062E000BE016F5D7F4FCE0143960E94192F89A199
:1062F000863109F422C10E9419FA81E08093BF1708
:106300006D98759A809104018D7F8093040180912E
:106310000501809582708093030153985B9A1092D7
:10632000D1171092D0170F94F107819A879A809114
:106330000A01826080930A010E9A579A5F9A829AA4
:106340008A9A8091070181608093070180910801FA
:1063500080958170809306010A9A129A809A889893
:106360005F9A8091A30C8E7F8093A30C869A8E985F
:106370008A9A8091A30C8D7F8093A30C80910A014F
:10638000886080930A0180910B01887080930901D5
:106390008091080180958170809306018091A30C03
:1063A0008B7F8093A30C0C9A1498129A8091800092
:1063B0008C7F8093800080918100877E88608093AD
:1063C0008100809180008F73809380008091810094
:1063D000887F82608093810080E090E490938900C0
:1063E0008093880010928500109284000E94262DD0
:1063F000789486E08093D2170E94EFC11092D31751
:106400000F94F10788E198E20FB6F894A89580936D
:1064100060000FBE909360000E943A3183E0809349
:10642000201821E6D22E3DE0432E4AE0542E50E3C0
:10643000A52E52E3B52E63E0C62E80E00E94FB4AF3
:106440008091F11487FF30C01092E714877F8B7F13
:106450008093F1140E941DCE1092650E1092640E6E
:106460001092630E0F9473000E946CFB8EEF0F94DA
:1064700045050F94D10580E00F94F1120E94D8D702
:106480001092640D10926E020E9442290E9466D200
:10649000882331F00E94422988E693E00E9435F279
:1064A000B0920108A0920008809120188DB69EB687
:1064B00010E000E0843009F452C08DB69EB66091C1
:1064C00000087091010810E000E06115710509F005
:1064D0008CC08091E017882309F42AC1E0EEF7E12F
:1064E0008F01005E1741F190FF2019F02AE0F212AF
:1064F000F7CF0115110559F0F801E052F84E10825E
:1065000080EE97E10E94362380E00E94825781E06E
:10651000F11001C080E0800F982FE92FF0E0E052E9
:10652000F84E2081E92FE81BF0E0E052F84E20837E
:10653000222309F496C09F5FF0CF83E390E09C8B09
:106540008B8B1A82198201E0950140E150E060ECEA
:1065500077E1CE0143960E94192FCFCE8C01F8012E
:10656000E15BFD4CE491C8010196EE2311F0EA30A5
:10657000A9F7EDB7FEB7E81BF90B0FB6F894FEBF0D
:106580000FBEEDBF2DB73EB72F5F3F4F7901A8017A
:106590006FE472E3C9010F94FD38F701E00FF11FBA
:1065A0001082F70180818B33C9F08091630E8430B3
:1065B000A8F48091650E8D9DC0011124B7018A5900
:1065C000914F0F94134481E00E94EE7D0FB6F89432
:1065D0009EBE0FBE8DBEC09220186FCF0FB6F8942E
:1065E0009EBE0FBE8DBE69CF8301FB01E00FF11F80
:1065F00034903801FFEF6F1A7F0A332019F02AE038
:106600003212F2CF8DB79EB7861997090FB6F8945C
:106610009EBF0FBE8DBFEDB7FEB731967F01A801BB
:10662000CF010F94FD38F701E00FF11F10823320E6
:1066300009F47BC08091000890910108680E791ED2
:106640007092010860920008012B31F0C7010E948E
:10665000362380E00E9482570FB6F8949EBE0FBE8C
:106660008DBE9091A40C80919518981709F4E5CEF1
:106670008091A40C809395188091A40C882309F430
:10668000DCCE0E94B9328AEA92E30E94F93080910E
:10669000A40C10E280FF0AC080E00F944900AB0117
:1066A000BC0186EA92E30E941F3318E58091A40C96
:1066B00000E281FF0AC081E00F944900AB01BC01F8
:1066C00082EA92E30E941F3309E58091A40C82FFC5
:1066D000BEC082E00F944900AB01BC018EE992E399
:1066E0000E941F339AE5F92E8AE00E94F2301F9231
:1066F00080E28F931F92FF921F920F931F921F931E
:1067000086E892E39F938F938FE892E39F938F9312
:106710001F920E94CB7D2DB73EB7235F3F4F0FB630
:10672000F8943EBF0FBE2DBF88CE712C612C88CF50
:106730008091630E882309F494CF8091F11480FF37
:1067400080C00091640E0D9D800111240A59114FE3
:1067500062E872E3C8010F945339009731F0FC01ED
:10676000838180538A3008F057C0F80101900020DF
:10677000E9F731977F01E01AF10A109255166EE49D
:1067800070E0C8010F9408444C010097B1F5F1E0A6
:10679000EF1AF108F801EE0DFF1D418252821382BB
:1067A000F80101900020E9F73197AF01401B510B30
:1067B000B80185E596E10E94E7CA809155168823C5
:1067C00031F00E94BD3188E592E30E94F93080915A
:1067D000F11481FD36C0E091640EDE9EF0011124BB
:1067E000EA53F14F808181111FC085E592E30E9439
:1067F000F9308AE00E94F23017C060E270E00F9436
:1068000008448C010F5F1F4F6AE270E0C4010F94CF
:106810000844FC013197C1CF0E94F17E8FE692E3DC
:106820000E94F9300E9407318091640E8F5F84309E
:1068300058F48093640E8091630E81508093630EB0
:1068400010CF0E944D76F0CF1092640EF4CF80E20C
:10685000F82E4ACFCF92DF92EF92FF920F931F93C1
:10686000CF93DF93FC01DA01CD90DD90ED90FC90A9
:10687000DB016D917D918D919C910081118122812F
:106880003381C4EDD2E108A319A32AA33BA32CEAC8
:1068900035EC47E25EE30F943C3A6CA37DA38EA3F4
:1068A0009FA32CEA35EC47E25EE3C701B6010F94E3
:1068B000B44168A779A78AA79BA7DF91CF911F91C1
:1068C0000F91FF90EF90DF90CF900C945324CF92D4
:1068D000DF92EF92FF920F931F93CF93DF93FC0110
:1068E000DA01CD90DD90ED90FC90DB016D917D9112
:1068F0008D919C910081118122813381C8EAD2E17E
:1069000008A319A32AA33BA32CEA35EC47E25EE3D4
:106910000F943C3A6CA37DA38EA39FA32CEA35EC85
:1069200047E25EE3C701B6010F94B44168A779A7B7
:106930008AA79BA7DF91CF911F910F91FF90EF90B6
:10694000DF90CF900895EF920F931F93CF93DF9333
:10695000E80134E047FD34E1042E000C550B57FFED
:1069600003C0519541955109E32E022F242FAE010A
:106970000F94AB3CCE01DF91CF911F910F91EF901F
:1069800008958F929F92AF92BF92CF92DF92EF9233
:10699000FF92CF93DF93EC01688179818A819B819B
:1069A000611571058105910521F464E279ED8BE5AE
:1069B00097E02DE133EF41E050E00F943C40490176
:1069C0005A019B01AC01A7EAB1E40F945B406B0153
:1069D0007C01ACEEB4EFA50194010F946940C60EA2
:1069E000D71EE81EF91EF7FE06C081E0C81AD108BE
:1069F000E10880E8F80AC882D982EA82FB82C701EE
:106A0000B6019F77DF91CF91FF90EF90DF90CF900D
:106A1000BF90AF909F908F9008958F929F92AF926A
:106A2000BF92CF92DF92EF92FF92609171027091CC
:106A30007202809173029091740261157105810553
:106A4000910521F464E279ED8BE597E02DE133EFD8
:106A500041E050E00F943C4049015A019B01AC01D8
:106A6000A7EAB1E40F945B406B017C01ACEEB4EF9C
:106A7000A50194010F946940C60ED71EE81EF91EA9
:106A8000F7FE06C081E0C81AD108E10880E8F80ADC
:106A9000C0927102D0927202E0927302F09274027C
:106AA000C701B6019F77FF90EF90DF90CF90BF9026
:106AB000AF909F908F9008956093710270937202CF
:106AC000809373029093740208958F929F92AF9275
:106AD000BF92CF92DF92EF92FF920F931F93CF93CB
:106AE000DF935C017B016115710519F0DB018D936A
:106AF0009C9385010F5F1F4FF501D0818D2F90E092
:106B00000F94F4386C01892BB9F5DD32B9F50F5FBC
:106B10001F4FD5011196DC91C1E05801F1E0AF1A89
:106B2000B10843E050E068E973E0C5010F942C39E7
:106B3000892B69F5680182E0C80ED11C45E050E060
:106B400063E973E0C6010F942C39892B21F46801A5
:106B500097E0C90ED11CE114F10419F0D701CD92D0
:106B6000DC9260E070E080E89FEFC111FFC060E060
:106B700070E080E89FE7FAC05801BBCFDB3229F410
:106B800085010E5F1F4FF501D181C0E0C6CF43E004
:106B900050E060E973E0C5010F942C39892BE9F0CE
:106BA000F80110E000E020E030E0A9015F01B0ED65
:106BB0008B2E8D0E89E08815C8F19C2E689491F873
:106BC0008C2F8870C2FF16C0811102C00F5F1F4F4B
:106BD0003196D501DC91C92DE9CFE114F10429F0FA
:106BE0000E5F1F4FF7011183008360E070E080ECBF
:106BF0009FE7BCC0882311F001501109A5E0B0E067
:106C00000F945B409B01AC01220F331F441F551FA3
:106C1000280D311D411D511D283999E939074907B2
:106C200099E15907A8F2C6609C2ED2CFAEEF8A1226
:106C300006C0C3FD3CC09C2E689493F8C9CFDF7D8D
:106C4000D534A9F580818D3239F4C061DF01129607
:106C5000818162E070E006C0DF018B32C1F31196E2
:106C600061E070E080535D01A61AB70A8A30F8F43B
:106C7000E0E8CE16ECE0DE065CF4B601660F771FA6
:106C8000660F771FC60ED71ECC0CDD1CC80ED11C9C
:106C90005D01FFEFAF1ABF0A8C9180538A30A8F1D3
:106CA000C4FF03C0D194C194D1080C0D1D1DC1FFB8
:106CB00009C0E114F10431F081E0A81AB108D7014C
:106CC000AD92BC92CA01B9010F94DB39C370C330D5
:106CD00009F490584B015C0120E030E0A9010F94C9
:106CE000D639882309F440C0C7ECD3E017FF05C0AC
:106CF000119501951109CFEAD3E06E01B8E1CB1AE5
:106D0000D10880E2E82EF12C0FC0D501B1CFFE01F1
:106D100025913591459154910E191F09C501B40172
:106D20000F943C3A4B015C01D501C4010E151F05BF
:106D300074F72497F594E794CC16DD06A9F78A2F0B
:106D4000880F8B2F881F8F3F49F020E030E0A9018A
:106D5000C501B4010F94D639811106C082E290E0DA
:106D60009093301980932F19C501B401DF91CF9111
:106D70001F910F91FF90EF90DF90CF90BF90AF9059
:106D80009F908F9008953F924F925F926F927F9263
:106D90008F929F92AF92BF92CF92DF92EF92FF922B
:106DA0000F931F93CF93DF935C016B017A01611501
:106DB000710519F0FB0191838083E114F10451F016
:106DC000C7010297839730F040E030E020E090E088
:106DD0006BC05E01E5012196F5011081812F90E0E5
:106DE0000F94F438892BA9F71D3201F52196F5018E
:106DF000118101E0E114F10409F4E6C0F0E1EF16BD
:106E0000F10409F088C0103359F488818F7D8835EA
:106E100009F07CC0198122960260F0E1EF2EF12C7E
:106E2000812C912CA12C88E0B82E92C01B3221F429
:106E3000E5012296F501118100E0DCCFEAE0EE16D3
:106E4000F10409F4C7C0F0E1EF16F10409F073C0D2
:106E5000E7CF78E0E72EF12C812C912CA12C60E17A
:106E6000B62E76C021E0ADC0302F3170C114D104F0
:106E700031F0222371F12197F601D183C08327FFDE
:106E80002EC060E070E080E090E8311104C06FEF48
:106E90007FEF8FEF9FE722E230E0309330192093AD
:106EA0002F19462F372F282F642F732F822FDF9112
:106EB000CF911F910F91FF90EF90DF90CF90BF90F7
:106EC000AF909F908F907F906F905F904F903F908A
:106ED000089501FF04C02297F601D183C0833323B4
:106EE00041F090958095709561957F4F8F4F9F4FA2
:106EF000D8CF97FFD6CF82E290E09093301980935D
:106F00002F196FEF7FEF8FEF9FE7CBCF10E3E114E7
:106F1000F10409F49ECF28E0E216F10409F49CCFB5
:106F20000CF08CCF812C912CA12CE0E4BE2E82E0C1
:106F3000E816F10469F060E070E080E090E8970105
:106F40000F2C000C440B550B0F941A4049015A01A9
:106F500020E060E070E0CB0127010F2C000C6608F8
:106F60007708FE0150ED352E310E39E0331570F4FF
:106F70003FEB310F49EC342E3A3138F03FE9310F15
:106F80003A3108F071CF39EA332E310E3E141F0426
:106F90000CF06ACF27FD15C086169706A806B9061D
:106FA00078F0A30192010F940A40630D711D811DB9
:106FB000911D61307105810520E8920708F452CFD8
:106FC0002FEF21961081CDCF103309F41ECF2AE088
:106FD000E22EF12C9CEC892E982CA82C9CE0B92E4A
:106FE000B7CF3F924F925F926F927F928F929F9214
:106FF000AF92BF92CF92DF92EF92FF920F931F93C7
:10700000CF93DF935C016B017A016115710519F073
:10701000FB0191838083E114F10449F0C7010297D9
:10702000839728F060E070E0CB019BC05E01E50132
:107030002196F5011081812F90E00F94F438892B6F
:10704000A9F71D3209F05CC02196F501118101E01C
:10705000E114F10409F4BBC0F0E1EF16F10409F00A
:107060009BC0103341F488818F7D883509F08FC033
:10707000198122960260E0E1EE2EF12C88248A9498
:10708000982CA82CFFE0BF2E20E060E070E0CB0140
:1070900027010F2C000C66087708FE0150ED352EF5
:1070A000310E39E0331568F43FEB310F49EC342EE3
:1070B0003A3130F03FE9310F3A31B0F539EA332E49
:1070C000310E3E141F0484F52F3FB9F08616970643
:1070D000A806B90638F1A30192010F940A40232DA6
:1070E00030E050E040E0620F731F841F951F62176D
:1070F000730784079507B0F021E021961081CDCF6A
:107100001B3221F4E5012296F501118100E0A0CFA8
:1071100078E0E72EF12C88248A94982CA82C6FE133
:10712000B62EB2CF2FEFE9CFC114D10431F0222314
:1071300051F12197F601D183C08300FF07C09095DC
:107140008095709561957F4F8F4F9F4F2F3F49F4EA
:1071500082E290E09093301980932F196FEF7FEFC8
:10716000CB01DF91CF911F910F91FF90EF90DF90B6
:10717000CF90BF90AF909F908F907F906F905F90D7
:107180004F903F90089501FFD8CF2297D3CF10E3BF
:10719000E114F10409F4BCCF3AE0E316F104E9F09C
:1071A00080E1E816F10409F466CFE8E0EE16F10498
:1071B00009F4B1CF6FEF7FEFCB0197010F2C000CDB
:1071C000440B550B0F941A4049015A015DCF1033FF
:1071D00009F449CF9AE0E92EF12C89E9882E982C00
:1071E000A82C89E1B82E50CF91110D94FC3E80322D
:1071F00019F089508550C8F70895FB01DC0102C0E1
:1072000005900D9241505040D8F70895FB01DC01E4
:107210000D900020E9F7119705900D920020E1F7FD
:107220000895FC010590061621F00020D9F7C00151
:1072300008953197CF010895FB01DC0105900D926F
:107240000020E1F70895FC0105900020E9F7809502
:1072500090958E0F9F1F0895FB01DC014150504017
:1072600088F08D9181341CF08B350CF4805E659133
:1072700061341CF06B350CF4605E861B611171F398
:10728000990B0895881BFCCFFB01DC014150504055
:1072900048F005900D920020C9F701C01D924150A1
:1072A0005040E0F70895FB0155915523A9F0BF0127
:1072B000DC014D9145174111E1F759F4CD010590DD
:1072C000002049F04D9140154111C9F3FB014111D6
:1072D000EFCF81E090E0019708950F931F93CF9334
:1072E000DF93CDB7DEB72E970FB6F894DEBF0FBE93
:1072F000CDBF0E891F898EE08C831A8309838FEF9F
:107300009FE79E838D83AE01465E5F4F688D798DCA
:10731000CE0101960F94A93A2F813885020F131FD1
:10732000F80110822E960FB6F894DEBF0FBECDBFC7
:10733000DF91CF911F910F9108950F931F93CF93DA
:10734000DF93CDB7DEB72E970FB6F894DEBF0FBE32
:10735000CDBF8C01FA018EE08C831A83098377FFFD
:1073600002C060E070E8615071097E836D83A901FD
:10737000BF01CE0101960F94A93A4D815E8157FD60
:107380000AC02F813885421753070CF49A01020F67
:10739000131FF80110822E960FB6F894DEBF0FBEB1
:1073A000CDBFDF91CF911F910F9108950F94183A9F
:1073B00008F481E00895E89409C097FB3EF49095A5
:1073C0008095709561957F4F8F4F9F4F9923A9F0BE
:1073D000F92F96E9BB279395F6958795779567954D
:1073E000B795F111F8CFFAF4BB0F11F460FF1BC091
:1073F0006F5F7F4F8F4F9F4F16C0882311F096E924
:1074000011C0772321F09EE8872F762F05C06623D1
:1074100071F096E8862F70E060E02AF09A95660F8A
:10742000771F881FDAF7880F9695879597F9089543
:10743000990F0008550FAA0BE0E8FEEF1616170685
:10744000E807F907C0F012161306E407F50798F0ED
:10745000621B730B840B950B39F40A2661F0232B06
:10746000242B252B21F408950A2609F4A140A69582
:107470008FEF811D811D08950F944F3A0D94BA3FEF
:107480000F94AC3F38F00F94B33F20F0952311F0E8
:107490000D94A33F0D94A93F11240D94EE3F0F943A
:1074A000CB3F70F3959FC1F3950F50E0551F629F3E
:1074B000F001729FBB27F00DB11D639FAA27F00D4D
:1074C000B11DAA1F649F6627B00DA11D661F829F74
:1074D0002227B00DA11D621F739FB00DA11D621F59
:1074E000839FA00D611D221F749F3327A00D611D76
:1074F000231F849F600D211D822F762F6A2F112458
:107500009F5750409AF0F1F088234AF0EE0FFF1F8A
:10751000BB1F661F771F881F91505040A9F79E3FE1
:10752000510580F00D94A33F0D94EE3F5F3FE4F3CF
:10753000983ED4F3869577956795B795F795E79537
:107540009F5FC1F7FE2B880F911D9695879597F940
:1075500008952F923F924F925F926F927F928F92F7
:107560009F92AF92BF92CF92DF92EF92FF920F93D2
:107570001F93CF93DF9300D000D000D01F921F92B3
:10758000CDB7DEB77C013B018A01FC011782168270
:10759000838181FFDDC1CE0101965C01F7019381FA
:1075A000F30193FD859193FF81913F01882309F4B5
:1075B00053C1853239F493FD859193FF81913F0149
:1075C000853229F4B70190E00F94153FE7CF912C55
:1075D000212C312CFFE1F31538F08B3211F190F4AE
:1075E000803209F1833229F137FC3CC020ED280FAD
:1075F0002A3050F536FE20C08AE0989E200D1124D6
:10760000922E06C08D3291F0803371F7689430F875
:10761000F30193FD859193FF81913F018111DACFB1
:1076200021C0689431F8689432F8F2CF689433F846
:10763000EFCF689434F8ECCFEAE02E9E200D1124B1
:10764000222E689435F8E4CF8E3229F436FC04C13A
:10765000689436F8DDCF8C3619F4689437F8D8CFB3
:107660008836B1F2982F9F7D95549330E0F08336A1
:10767000A1F18337C1F1833509F063C02801F2E03D
:107680004F0E511CF801C080D180692D70E036FC8E
:1076900002C06FEF7FEFC6010F94FF3E4C0168946C
:1076A00037F882010AC00C5F1F4FFFE3F98388247B
:1076B0008394912C6501E89437F833FE2DC0522C49
:1076C0008114910471F5552009F468CFB70180E267
:1076D00090E00F94153F5A94F6CFF801808189838A
:1076E0000E5F1F4FE4CF2801F2E04F0E511CF8014E
:1076F000C080D180692D70E036FC02C06FEF7FEF53
:10770000C6010F940A3F4C018201D5CFB70180E238
:1077100090E00F94153F2A942814190409F0B0F74B
:10772000CECFF60137FC859137FE81916F01B7010D
:1077300090E00F94153F51105A94F1E08F1A910880
:10774000BFCF843619F0893609F077C0F80137FECB
:107750006BC060817181828193810C5F1F4FF32D1B
:10776000FF763F2E97FF09C09095809570956195A3
:107770007F4F8F4F9F4F689437F82AE030E0A50184
:107780000F94453FC82ECA188C2C432C36FE0CC0D3
:10779000E89440F8C91440F434FE05C032FC03C03C
:1077A000F32DFE7E4F2E892C44FEAAC0FE01EC0D67
:1077B000F11D8081803309F09CC0242D297E422E4A
:1077C000842D8870582E43FCAAC040FEA4C09C2C77
:1077D000821418F42C0C922C981844FEA6C0B70101
:1077E00080E390E00F94153F42FE09C088E790E0E7
:1077F00041FE02C088E590E0B7010F94153FC9141F
:1078000008F49FC0CA94D12C9FEFC91AD90ACA0C98
:10781000DB1CF60182916F01B70190E00F94153FD8
:10782000AC14BD04B1F74FCF60817181072E000CFD
:10783000880B990B0E5F1F4F92CFD32CE894D4F88E
:107840002AE030E08537E1F1232D297FD22E8F36D3
:10785000A9F1F0F4883551F1F701868197812B96D3
:107860000FB6F894DEBF0FBECDBFDF91CF911F9151
:107870000F91FF90EF90DF90CF90BF90AF909F90CF
:107880008F907F906F905F904F903F902F900895D2
:10789000803749F0883701F7D4FE02C06894D2F8E7
:1078A00020E130E00DC06894D4F8F6CF34FE03C078
:1078B000822F8660D82E20E132E002C028E030E03E
:1078C000F801D7FE0FC060817181828193810C5FC6
:1078D0001F4FA5010F94453FC82ECA183D2CE894B0
:1078E00037F852CF6081718190E080E00E5F1F4FCA
:1078F000F0CF42FC02C0839463CF8394839460CF23
:10790000842D867809F45CCFF6CFB70180E290E051
:107910000F94153F83948214C0F3512C5ECF522CE8
:107920005818821408F459CFF8CF842D867809F4BA
:1079300066CF8BE241FE80E247FC8DE2B70190E02A
:107940005CCFB70180E390E00F94153F9A9457CF36
:107950008FEF9FEF84CF8F929F92AF92BF92CF9283
:10796000DF92EF92FF920F931F93CF93DF9300D09C
:1079700000D000D0CDB7DEB76A01F22EB02E102FA6
:10798000FBE3AF2EA01608F41BE31F5F012F27E0D7
:10799000AE014F5F5F4F0F94243EBC018981982F49
:1079A0009970913009F44EC09BE2E1FC04C09E2D19
:1079B0009170E0FC49C05E2D5071E82FE87083FFA4
:1079C00055C084E0911101C083E0EF2DE81B8F15B5
:1079D00008F0E0E0D6018E2F20E25523C9F199236B
:1079E00029F0D6019C93C60101966C0196012D5F8A
:1079F0003F4FE2FE33C08EE4D6018C9391E41196A2
:107A00009C93119712968C93D9018E2F90E281113D
:107A10002AC0E20FF32FF11D10828EEF9FEF2996FF
:107A20000FB6F894DEBF0FBECDBFDF91CF911F918F
:107A30000F91FF90EF90DF90CF90BF90AF909F900D
:107A40008F9008959DE2B7CF90E2B5CF2D938150EE
:107A50008111FCCFCE0ED11CE0E0C1CF8EE6D60165
:107A60008C9391E6CCCF9D938150D1CF482F447019
:107A700082FF3DC084E0911101C083E08F1510F4B6
:107A8000EF2DE81BD6018E2F20E2552309F1992313
:107A900029F0D6019C93C60101966C0196012D5FD9
:107AA0003F4FE2FE1BC089E4D6018C938EE4119611
:107AB0008C93119786E412968C93D9018E2F90E2C5
:107AC000882309F4A6CF9D938150FACF2D9381503E
:107AD0008111FCCFCE0ED11CE0E0D9CF89E6D601D2
:107AE0008C938EE611968C93119786E6E4CF9B01DA
:107AF00077FF02C030E020E0A1E0B0E0911102C0C9
:107B0000B0E0A0E0F9013196AE0FBF1F8B2C912C95
:107B1000BB2009F461C05401EFEFAE1ABE0AAA0DF2
:107B2000BB1DFA161B0619F014F04F2D4A1B5111FC
:107B300088C0E3FC59C07601A42FB0E2A1114FC068
:107B4000C40ED11C992309F45BC040E0D601119604
:107B5000F60190836D01552309F448C0012F060FEB
:107B60009A81582F507184FF03C0913309F401505A
:107B700010160CF047C0093008F008E0EEE2FE2EC7
:107B80005B01A01AB10885019194819491082F3F5F
:107B9000320729F4D601FC92F60131966F01621783
:107BA000730794F1021713077CF5DB01A21BB30BDB
:107BB000AA24A394B12CAC0EBD1EAA0DBB1D119618
:107BC0008C9121503109D601119628153905F4F010
:107BD000F60180836D01DBCFB12CA12CA0CFF70182
:107BE000B1937F01A150AACF9111B0CFD601942FAC
:107BF00050E302C05D9391509111FCCFC40ED11C93
:107C000040E0ACCF01E0BACF80E3DBCF621773076F
:107C100031F4963388F4953311F4552369F0F60165
:107C20008083FD01842F90E2811108C0A40FB11D53
:107C30001C9290E080E0F3CE81E3F1CF91938150EC
:107C4000F3CF911183CF8ACF283008F027E0332774
:107C5000DA01990F311D87FD91600096610571056C
:107C600039F432602E5F3D9330E32A95E1F70895B1
:107C70009F3F30F080387105610509F03C5F3C5F43
:107C80003D93913008F08068911DDF93CF931F934F
:107C90000F93FF92EF92192F987F9695E92F969563
:107CA0009695E90FFF27EB5DFB4F99273327EE24CD
:107CB000FF24A701E70105900894079428F4360FE4
:107CC000E71EF81E491F511D660F771F881F991F59
:107CD0000694A1F70590079428F4E70EF81E491FB3
:107CE000561FC11D770F881F991F661F0694A1F7A5
:107CF0000590079428F4F80E491F561FC71FD11D81
:107D0000880F991F661F771F0694A1F705900794A7
:107D100020F4490F561FC71FD81F990F661F771FE2
:107D2000881F0694A9F784911095177041F0D69595
:107D3000C79557954795F794E7941A95C1F7EBECDB
:107D4000F3E06894159015913591659195910590A2
:107D50007FE27395E118F10A430B560BC90BD0096A
:107D6000C0F7E10CF11E431F561FC91FD01D7EF442
:107D7000703311F48A95E6CFE894015030F0080F83
:107D80000AF40027021708F4202F2395022F7A33D4
:107D900028F079E37D932A95E9F710C07D932A9521
:107DA00089F6069497956795379517951794E11876
:107DB000F10A430B560BC90BD00998F023957E911D
:107DC00073957A3308F070E37C932013B8F77E91B3
:107DD00070617D9330F0839571E37D9370E32A9514
:107DE000E1F71124EF90FF900F911F91CF91DF9158
:107DF000992787FD90950895992788270895FC0174
:107E00000590615070400110D8F7809590958E0FC5
:107E10009F1F0895FC016150704001900110D8F738
:107E2000809590958E0F9F1F08950F931F93CF936A
:107E3000DF93182F092FEB018B8181FD09C01FEF04
:107E40000FEF812F902FDF91CF911F910F91089508
:107E500082FF14C02E813F818C819D8128173907B4
:107E60003CF4E881F981CF010196998388831083DE
:107E70008E819F8101969F838E83E3CFE885F9856C
:107E8000812F1995892BA1F3DACFFA01AA2728307F
:107E900051F1203181F1E8946F936E7F6E5F7F4FD7
:107EA0008F4F9F4FAF4FB1E03ED0B4E03CD0670F53
:107EB000781F891F9A1FA11D680F791F8A1F911DA6
:107EC000A11D6A0F711D811D911DA11D20D009F4F6
:107ED00068943F912AE0269F11243019305D319338
:107EE000DEF6CF010895462F4770405D4193B3E021
:107EF0000FD0C9F7F6CF462F4F70405D4A3318F0C8
:107F0000495D31FD4052419302D0A9F7EACFB4E078
:107F1000A6959795879577956795BA95C9F7009730
:107F20006105710508959B01AC010A2E06945795D1
:107F3000479537952795BA95C9F7620F731F841F28
:107F4000951FA01D089597F99F6780E870E060E095
:107F500008959FEF80EC089500240A9416161706E2
:107F600018060906089500240A941216130614062A
:107F700005060895092E0394000C11F4882352F08D
:107F8000BB0F40F4BF2B11F460FF04C06F5F7F4F45
:107F90008F4F9F4F089557FD9058440F551F59F02C
:107FA0005F3F71F04795880F97FB991F61F09F3FE6
:107FB00079F087950895121613061406551FF2CF0F
:107FC0004695F1DF08C0161617061806991FF1CF5F
:107FD00086957105610508940895E894BB27662786
:107FE0007727CB0197F90895F999FECF92BD81BD0E
:107FF000F89A992780B50895262FF999FECF1FBAD0
:1080000092BD81BD20BD0FB6F894FA9AF99A0FBEC1
:1080100001960895DB018F939F930F945B40BF916E
:10802000AF91A29F800D911DA39F900DB29F900DC7
:1080300011240895A1E21A2EAA1BBB1BFD010DC03D
:10804000AA1FBB1FEE1FFF1FA217B307E407F50708
:1080500020F0A21BB30BE40BF50B661F771F881FE4
:10806000991F1A9469F760957095809590959B017A
:10807000AC01BD01CF010895052E97FB1EF40094BD
:108080000F94534057FD07D00F941A4007FC03D0BC
:108090004EF40D94534050954095309521953F4FA7
:1080A0004F4F5F4F089590958095709561957F4FE4
:1080B0008F4F9F4F08950F946E40A59F900DB49FD2
:1080C000900DA49F800D911D11240895B7FF0D946C
:1080D0005B400F945B40821B930B0895A29FB001FD
:1080E000B39FC001A39F700D811D1124911DB29FEC
:1080F000700D811D1124911D0895991B79E004C014
:10810000991F961708F0961B881F7A95C9F78095D6
:108110000895AA1BBB1B51E107C0AA1FBB1FA617CE
:10812000B70710F0A61BB70B881F991F5A95A9F720
:1081300080959095BC01CD01089597FB072E16F40C
:10814000009407D077FD09D00F94894007FC05D033
:108150003EF4909581959F4F0895709561957F4F5E
:108160000895EE0FFF1F881F8BBF0790F691E02D3B
:1081700019945058BB27AA270F94D1400D94BA3FA9
:108180000F94AC3F38F00F94B33F20F039F49F3F89
:1081900019F426F40D94A93F0EF4E095E7FB0D9435
:1081A000A33FE92F0F94CB3F58F3BA176207730729
:1081B0008407950720F079F4A6F50D94ED3F0EF4B1
:1081C000E0950B2EBA2FA02D0B01B90190010C01E7
:1081D000CA01A0011124FF27591B99F0593F50F4FF
:1081E000503E68F11A16F040A22F232F342F442757
:1081F000585FF3CF469537952795A795F04053954F
:10820000C9F77EF41F16BA0B620B730B840BBAF01E
:108210009150A1F0FF0FBB1F661F771F881FC2F789
:108220000EC0BA0F621F731F841F48F4879577959D
:108230006795B795F7959E3F08F0B0CF9395880F57
:1082400008F09927EE0F9795879508950F94AC3F06
:1082500060F080E891E009F49EEF0F94B33F28F0BE
:1082600040E851E071F45EEF0CC00D94A93F0D940D
:10827000ED3FE92FE0780F94CB3F40F3092E052A1C
:10828000B1F3261737074807590738F00E2E07F8BD
:10829000E02569F0E025E0640AC0EF6307F8009488
:1082A00007FADB01B9019D01DC01CA01AD01EF93C1
:1082B0000F94CB410F94BA3F0F9469415F915523BE
:1082C00039F02BED3FE049E450FD49EC0D94BA4004
:1082D0000895DF93DD27B92FBF7740E85FE31616D7
:1082E000170648075B0718F4D92F0F941F439F9375
:1082F0008F937F936F930F94A843E4EEF0E00F9475
:108300009C420F94BA3F2F913F914F915F910F94F0
:108310004F3ADD2351F09058A2EA2AED3FE049ECB4
:108320005FE3D0785D270F94D140DF910D94BA3F81
:108330000F94024390F09F3748F4911116F40D9476
:10834000EE3F60E070E080E89FE3089526F01B16A2
:10835000611D711D811D0D9473420D948E420F9409
:10836000C542E3950D94EE420F94C8410D94BA3F77
:108370000F94B33F58F00F94AC3F40F029F45F3FA7
:1083800029F00D94A33F51110D94EE3F0D94A93F98
:108390000F94CB3F68F39923B1F3552391F3951BC9
:1083A000550BBB27AA2762177307840738F09F5F16
:1083B0005F4F220F331F441FAA1FA9F335D00E2E83
:1083C0003AF0E0E832D091505040E695001CCAF7F0
:1083D0002BD0FE2F29D0660F771F881FBB1F2617B3
:1083E00037074807AB07B0E809F0BB0B802DBF018A
:1083F000FF2793585F4F3AF09E3F510578F00D9458
:10840000A33F0D94EE3F5F3FE4F3983ED4F386958F
:1084100077956795B795F7959F5FC9F7880F911D79
:108420009695879597F90895E1E0660F771F881F65
:10843000BB1F621773078407BA0720F0621B730B18
:10844000840BBA0BEE1F88F7E09508950F942D4228
:108450006894B1110D94EE3F08950F94D33F88F0C6
:108460009F5798F0B92F9927B751B0F0E1F0660FF8
:10847000771F881F991F1AF0BA95C9F714C0B13039
:1084800091F00F94ED3FB1E008950D94ED3F672F0B
:10849000782F8827B85F39F0B93FCCF38695779568
:1084A0006795B395D9F73EF4909580957095619551
:1084B0007F4F8F4F9F4F08950F94024390F09F3747
:1084C00048F4911116F00D94EE3F60E070E080E802
:1084D0009FEB089526F41B16611D711D811D0D94DF
:1084E00073420D948E42882371F4772321F09850C3
:1084F000872B762F07C0662311F499270DC0905162
:10850000862B70E060E02AF09A95660F771F881F2F
:10851000DAF7880F9695879597F908959F3F31F080
:10852000915020F4879577956795B795880F911DA1
:108530009695879597F90895DF93CF931F930F939F
:10854000FF92EF92DF927B018C01689406C0DA2ED5
:10855000EF010F944F3AFE01E894A59125913591D2
:1085600045915591A6F3EF010F94D140FE0197017B
:10857000A801DA9469F7DF90EF90FF900F911F91B7
:10858000CF91DF9108950D94A93F0F94D33FD8F375
:10859000E894E0E0BB279F57F0F02AED3FE049EC7C
:1085A00006C0EE0FBB0F661F771F881F28F0B23A78
:1085B00062077307840728F0B25A620B730B840BAF
:1085C000E3959A9572F7803830F49A95BB0F661F41
:1085D000771F881FD2F790480D949042EF93E0FFE9
:1085E00007C0A2EA2AED3FE049EC5FEB0F94D140CF
:1085F0000F94BA3F0F90039401FC9058E1E1F1E031
:108600000D94B8430F94D33FA0F0BEE7B91788F498
:10861000BB279F3860F41616B11D672F782F882767
:10862000985FF7CF869577956795B11D93959639A5
:10863000C8F308950F94183A08F48FEF08959B013A
:10864000AC0160E070E080E89FE30D94B4410F94CA
:10865000D33F58F19E5760F19851A0F0E9F098305F
:1086600020F5092E9927660F771F881F991F0A94F6
:10867000D1F712C0062E672F782F8827985F11F444
:10868000000C07C0993FB4F386957795679593954D
:10869000D9F7611D711D811D3EF4909580957095EF
:1086A00061957F4F8F4F9F4F089568940D94EE3FD3
:1086B0000D94ED3F9F930F94C5420F9007FCEE5F22
:1086C0000D94EE4219F416F40D94A93F0D948E42C8
:1086D0000F94D33FB8F39923C9F3B6F39F57550BC3
:1086E00087FF0F94B1430024A0E640EA9001805830
:1086F0005695979528F4805C660F771F881F20F0A9
:1087000026173707480730F4621B730B840B2029A8
:1087100031294A2BA69517940794202531254A27FD
:1087200058F7660F771F881F20F02617370748076E
:1087300030F4620B730B840B200D311D411DA0958D
:1087400081F7B901842F9158880F969587950895E0
:108750009B01AC010D943C3A0F94183A880B990B8D
:10876000089591505040660F771F881FD2F70895E3
:108770009F938F937F936F93FF93EF939B01AC0134
:108780000F943C3AEF91FF910F949C422F913F91AF
:108790004F915F910D943C3A9111089581548A5103
:1087A00008F4805E855A0895FB01DC0104C08D91B8
:1087B0000190801921F441505040C8F7881B990B53
:1087C0000895FB01DC0102C001900D924150504020
:1087D000D8F70895FB01DC018D9181341CF08B35B5
:1087E0000CF4805E619161341CF06B350CF4605EBA
:1087F000861B611189F3990B0895FB01DC010D9033
:108800000020E9F7119701900D920020E1F70895FB
:10881000FC018191861721F08823D9F799270895C3
:108820003197CF010895FB01DC0101900D920020EA
:10883000E1F70895FB01DC014150504030F08D918B
:108840000190801919F40020B9F7881B990B08953D
:10885000FB01DC014150504048F001900D92002096
:10886000C9F701C01D9241505040E0F70895FC0146
:1088700081E090E00190061609F4CF010020D1F7C5
:10888000019708950F931F93CF93DF93CDB7DEB772
:108890002E970FB6F894DEBF0FBECDBF0E891F898D
:1088A00086E08C831A8309838FEF9FE79E838D83F5
:1088B000AE01465E5F4F688D798DCE0101960F94B3
:1088C000A93A2F813885020F131FF80110822E96C6
:1088D0000FB6F894DEBF0FBECDBFDF91CF911F91D1
:1088E0000F9108951DE1C1EEDDE100E006C0802F8B
:1088F000FE010F94B1402196011DC23ED10780E0D8
:088900000807A9F7F894FFCF66
:108908000D020000803F5CFF79C402C0D4010064FE
:10891800000100000070C1000020C100000000003C
:10892800809D4300009B430000C8430000803F64D3
:10893800000000484364000000C8410000164300DE
:10894800001643000000000000000046009600FFEB
:10895800FFFFFF09FFFFFFFFFFFFFFFFFFFFFFFF15
:1089680080FF0601FF3FFF3F00000000FF3F01AA14
:10897800000100000044000000000047004800001B
:1089880000000000010101000048420000204100F1
:108998000020410000484200002041000020410022
:1089A80000484200004842000080400000004002A9
:1089B8001000000410000006100000081000000A53
:1089C8001000000C100000261000003010000032CB
:1089D800100000341000003A1000003E1000004063
:1089E8001000004410000046100000481000004A23
:1089F8001000004C100000541000005610000058E1
:108A08001000005C1000005E1000005F100000887D
:108A1800100000000000000000404100000000EECF
:108A2800C4B9C531C4AFC416C439C3B1C31CC3C1AA
:108A3800C4D2C310BF93BF92BF00004842000020B9
:108A48004100002041000016C3000016C3000000CA
:108A5800000A05062E0100080020004000800000E2
:108A680001000401563837002F504C52000000C056
:108A78007F0000C07F0000C07FFF003C00010000B5
:108A880040400000344200000000000000000000E8
:108A98000000000050410000000000000041640098
:108AA800000064000000030000006400000064008F
:108AB80000000300000003000000030000001E0087
:108AC800000059657320746F20000000000000004A
:108AD800000000000000000000000000000000008E
:108AE800000000000000000000000000004100003D
:108AF80000410000004058595A4500004041525377
:108B080044504800544D3344203130532050726F44
:108B18002052656164790025642058202564205816
:108B280020256400544D3344203130532050726F57
:108B3800004457372E342E370074696E796D61639F
:108B480068696E657333642E636F6D004453540017
:108B5800505253540042535458595A450058595A80
:108B6800005049440054554C005049442054756EF7
:108B7800652046696E69736865640052657175653C
:108B880073746564204F6666736574204265796FF7
:108B98006E64204C696D69747300426567696E6E16
:108BA800696E67204732362E2E2048656174696EDB
:108BB8006700426567696E204D616E75616C204D76
:108BC800657368004D6F76696E6720746F204E6517
:108BD8007874204D65736820506F696E74004D6F0E
:108BE80076656420646F776E20302E303235004D04
:108BF8006F76656420757020302E30323500486FEE
:108C080074656E64205049442053746172746564BD
:108C1800004265642050494420537461727465644D
:108C2800002F00566F6C756D65446973706C6179BF
:108C380000446973706C61794272696768746E6523
:108C4800737300446973706C61795374616E646204
:108C5800794272696768746E6573730044697370EA
:108C68006C61795374616E6462795365636F6E6485
:108C7800730072616973650073746F7720286C6183
:108C88007374290073746F77006E6F6E650070726D
:108C98006F62650050617573696E672E2E2E0045F0
:108CA80052520050726573732059657320746F2097
:108CB800436F6E74696E7565004C6F616420466918
:108CC8006C616D656E7420746F2020202020202038
:108CD80020202020436F6E74696E756500416464BE
:108CE8002046696C616D656E7420616E64205072F7
:108CF8006573732020202059657320746F20526596
:108D0800686561740044697361626C6520002020A5
:108D18002020202020202020204E6F20746F2050FB
:108D280075726765005061726B696E672E2E2E0032
:108D3800426567696E6E696E672046696C616D652C
:108D48006E74204368616E676500556E6C6F616470
:108D5800696E672E2E2E0052656C6F6164696E67AE
:108D68002E2E2E00526568656174696E6700557015
:0C8D7800204469726563746F727900001A
:00000001FF
