:100000000C94A71D0C94E71D0C94E71D0C94E71DA0
:100010000C94E71D0C94E71D0C94E71D0C94E71D50
:100020000C94E71D0C94E71D0C94E71D0C94E71D40
:100030000C94E71D0C94E71D0C94E71D0C94E71D30
:100040000C94E71D0C94D89A0C94E71D0C94E71DB2
:100050000C94E71D0C945F990C94E71D0C9419EF18
:100060000C94E71D0C94593A0C944F3A0C94E71DEC
:100070000C94E71D0C94E71D0C94E71D0C94E71DF0
:100080000C94E71D0C94E71D0C94E71D0C94E71DE0
:100090000C94E71D0C94E71D0C94E71D0C94E71DD0
:1000A0000C94E71D0C94E71D0C94E71D0C94E71DC0
:1000B0000C94E71D0C94E71D0C94E71D0C94E71DB0
:1000C0000C94E71D0C94E71D0C94E71D0C94302F45
:1000D0000C94FA2E0C94E71D0C94E71D0C94E71D6C
:1000E0000C94E71D084AD73B3BCE016E84BCBFFD94
:1000F000C12F3D6C74319ABD56833DDA3D00C77FF8
:1001000011BED9E4BB4C3E916BAAAABE0000008090
:100110003F05A84CCDB2D44EB93836A9020C50B91F
:10012000918688083CA6AAAA2ABE000000803F004B
:100130000C9455DC0C9443DC0D94D4030C94B32D37
:100140000D94E4120C94D72D0C94B7BB0C94078734
:100150000D94F9020C948D2D0D940D030C94F43D27
:100160000C94DCBB0C94FD3D0C94C82F0C94F53A18
:100170000D94D8120C94E1430C94FD3A0C94B23DCA
:100180000D94A1070C94D52D0C94FDBA0D94CB03BE
:100190000C94053B0D94A5030C94D42F0C94CC2FF8
:1001A0000C941EDC0C94013B0D94E1120C94712F05
:1001B0000C94F6430C942F3B0C9425DC0C94E53DF9
:1001C0000C942BDC0C942A860C94B52D0C94A02F47
:1001D0000C94E62F0C948F2D0C94BA810D94560735
:1001E0000C94E12F0C9492BB0C940D860C944D2D25
:1001F0000C94743E0D94B9030D94D5120C9448BB25
:100200000C94C93A0C94B3BA0C94AA880C9401BC0F
:100210000C94033E0C94D8BA0C943D820C943DDCB3
:100220000D9430030C941ADC0C9471BA0D944403B1
:100230000C94DF870D9496010C946D2D0D94B007EE
:100240000C9451DC0D9462020D944A070D94B00396
:100250000C946B2D0D94F8030C94EA3A0C94412DF8
:100260000D9403040D94DB120C9447DC0D940604EA
:100270000C940A3B0D9489070C94FE2F0C943C823D
:100280000C9439DC0C94B12D0C94D02F0C9410DC10
:100290000C94433E0C94703E0D94DE120C9422DCC0
:1002A0000C946DBB0C94A2860C941C3B0C94A08700
:1002B0000D94B4010C94D92D0C9428440C940F3B4C
:1002C0000C94F93A0D947A070D94EB030C9450DCDE
:1002D0000C94F13D0D9438020D94DD030C94EB2F3A
:1002E0000C94B2870C9422870D9495070C9416DC1D
:1002F0000D94C2030C94F13A0C94FA3D0C94AF2F78
:100300000C94003E0D94EA120D94C4000D94D0029A
:100310000D943C2E0C94C3860C94C12F0C94063083
:100320000C94143B0C94DC2F0D94E7120C94F32FD7
:100330000D94E7030C94EE3D0C94B8430D9409041E
:100340000C94912D0C949A3A0D94CF120C94E83D94
:100350000D9403010D94ED030C94273B0C94F73D91
:100360000C944BDC0C94D83A0C94D82F0D94ED12CD
:100370000C94EB3D0D940C040C942FDC0D94630352
:100380000C9435DC0D945A2E0D94D2120D94CA1291
:100390004E414E494E495459494E46CDCCCC3D0A6A
:1003A000D7233C17B7D13877CC2B329595E6241F4D
:1003B000B14F0A000020410000C84200401C462006
:1003C000BCBE4CCA1B0E5AAEC59D7400407A10F3D9
:1003D0005A00A0724E18090010A5D4E80000E87673
:1003E00048170000E40B54020000CA9A3B000000CA
:1003F000E1F505000080969800000040420F0000E3
:1004000000A08601000000102700000000E80300A3
:100410000000006400000000000A0000000000016D
:1004200000000000002C76D888DC674F0823DFC16D
:10043000DFAE59E1B1B796E5E3E453C63AE6519928
:100440007696E8E6C28426EB898C9B62ED407C6F51
:10045000FCEFBC9C9F40F2BAA56FA5F490055A2A08
:10046000F75C936B6CF9676DC11BFCE0E40D47FE14
:10047000F520E6B500D0ED902E0300943577050009
:1004800080841E080000204E0A000000C80C333390
:1004900033330F986E12831141EF8D2114893BE69F
:1004A0005516CFFEE6DB18D1844B381BF77C1D9028
:1004B0001DA4BBE424203284725E228100C9F12491
:1004C000ECA1E53D2744455441494C00434F4D4D77
:1004D000554E49434154494F4E0044525952554E8E
:1004E000004552524F525300494E464F0045434833
:1004F0004F0053544F505045442E20005072696EA7
:100500007465722073746F70706564206475652003
:10051000746F206572726F72732E20466978207432
:100520006865206572726F7220616E6420757365F4
:10053000204D39393920746F20726573746172747B
:100540002E202854656D706572617475726520691E
:10055000732072657365742E20536574206974204E
:1005600061667465722072657374617274696E6716
:10057000290A004E6F20436865636B73756D2077A1
:10058000697468206C696E65206E756D6265722C89
:10059000204C617374204C696E653A20004E6F20C8
:1005A000436865636B73756D2077697468206C6947
:1005B0006E65206E756D6265722C204C61737420BF
:1005C0004C696E653A2000636865636B73756D20D6
:1005D0006D69736D617463682C204C617374204C79
:1005E000696E653A20004C696E65204E756D6265D6
:1005F00072206973206E6F74204C617374204C6993
:100600006E65204E756D6265722B312C204C6173C6
:1006100074204C696E653A20004D313130005365CD
:100620007269616C20737461747573206D69736D88
:10063000617463680A0053442072656164206572C6
:10064000726F720A00746F6F206D75636820696E37
:100650006163746976652074696D65202D2063750A
:100660007272656E7420636F6D6D616E643A200006
:100670002121204B494C4C206361757365642062D5
:10068000792000486F74656E642049646C6520545D
:10069000696D656F757400486F74656E6420496498
:1006A0006C652054696D656F75740A0062757379A5
:1006B0003A2070617573656420666F7220696E7090
:1006C00075740A00627573793A2070617573656498
:1006D00020666F7220757365720A00627573793ACD
:1006E0002070726F63657373696E670A004D3130F5
:1006F000303053003D3D6F6E46696C616D656E74C0
:1007000052756E6F75743D3D007061757365004D77
:10071000363030002066696C616D656E745F72758D
:100720006E6F7574200066696C616D656E745F72C2
:10073000756E6F757420540046696C616D656E74DA
:1007400052756E6F757420540025533A202553005E
:100750002A2A2A6B696C6C2A2A2A00706F776572C4
:100760006F6666004B494C4C45442E200050726920
:100770006E7465722068616C7465642E206B696CA0
:100780006C28292063616C6C6564210A00656368CC
:100790006F3A004572726F723A0020286469736183
:1007A000626C6564290A0020280041424C204164A3
:1007B0006A7573746D656E74205A005A20466164C0
:1007C000653A20002028656E61626C6564290A0024
:1007D00041626F76650053616D65205A2061730038
:1007E00042656C6F77004175746F20426564204CE0
:1007F0006576656C696E673A2042494C494E4541C1
:100800005200204E6F7A7A6C65290A00202620005B
:100810002D43656E746572002D46726F6E74002DE7
:100820004261636B002028416C69676E65642057E4
:100830006974680020284D6964646C650020284C48
:1008400065667400202852696768740050726F6290
:1008500065204F666673657420580050726F62653C
:100860003A204649585F4D4F554E5445445F5052CB
:100870004F42450A004D616368696E652054797086
:10088000653A2043617274657369616E0A0042695A
:100890006C696E656172204C6576656C696E672067
:1008A000477269643A0A003E3E3E003C3C3C00739D
:1008B00065745F6265645F6C6576656C696E675FC1
:1008C000656E61626C65640072657365745F626514
:1008D000645F6C6576656C0A00203A204C6576652D
:1008E0006C696E67204F4E0A002020637572726536
:1008F0006E745F706F736974696F6E3D00203A208B
:100900004C6576656C696E67204F46460A0020206C
:1009100063757272656E745F706F736974696F6E00
:100920003D002F2F616374696F6E3A006E6F7469BA
:100930006669636174696F6E2000656E6400736838
:100940006F7700627574746F6E00486F74656E64C3
:1009500020746F6F20636F6C640A0053656E6420AF
:100960004D31303820746F20726573756D650A00E3
:10097000496E736572742066696C616D656E742072
:10098000616E642073656E64204D3130380A005208
:10099000656865617420446F6E65005265686561C5
:1009A00074696E672E2E2E0052656865617400486A
:1009B00065617465722054696D656F757400536567
:1009C0006E64204D31303820746F2068656174206A
:1009D0006E6F7A7A6C650A004E6F7A7A6C65205079
:1009E00061726B6564007061757365640050617558
:1009F00073650057616974696E6720666F7220685D
:100A000065617475702E0A004C656176696E6720A9
:100A1000473236003F5370656369666965642058E4
:100A20002C5920636F6F7264696E617465206F75F5
:100A300074206F6620626F756E64732E0A003F2803
:100A4000522965706561742076616C7565206E6FE2
:100A50007420706C61757369626C653B206D757391
:100A600074206265206174206C6561737420312E7E
:100A70000A003F2852296570656174206D75737492
:100A800020626520737065636966696564207768B4
:100A9000656E206E6F74207573696E6720616E20BD
:100AA0004C43442E0A003F53706563696669656470
:100AB000206E6F7A7A6C652074656D7065726174F2
:100AC000757265206E6F7420706C61757369626CED
:100AD000652E0A003F537065636966696564206628
:100AE000696C616D656E742073697A65206E6F74D0
:100AF00020706C61757369626C652E0A003F5370DB
:100B000065636966696564207072696D65206C65EE
:100B10006E677468206E6F7420706C6175736962A3
:100B20006C652E0A003F5072696D65206C656E67BA
:100B30007468206D757374206265207370656369D5
:100B400066696564207768656E206E6F74207573C2
:100B5000696E6720616E204C43442E0A003F53703B
:100B600065636966696564206E6F7A7A6C65207367
:100B7000697A65206E6F7420706C61757369626C40
:100B8000652E0A003F52657472616374696F6E204E
:100B90004D756C7469706C696572206D7573742025
:100BA0006265207370656369666965642E0A003F3B
:100BB0005370656369666965642052657472616328
:100BC00074696F6E204D756C7469706C6965722004
:100BD0006E6F7420706C61757369626C652E0A00AB
:100BE0003F537065636966696564206C61796572FD
:100BF00020686569676874206E6F7420706C617519
:100C00007369626C652E0A0043292E0A003F5370F7
:100C100065636966696564206265642074656D70EA
:100C200065726174757265206E6F7420706C617589
:100C30007369626C65202834302D0047323620738A
:100C400074617274696E672E2E2E0A004F46460A32
:100C500000466164652048656967687420004265E4
:100C600064204C6576656C696E6720004661696C2E
:100C7000656420746F20656E61626C6520426564F6
:100C8000204C6576656C696E670A00496E76616C0A
:100C90006964206D6573682E0A00203A203E20703A
:100CA000726F62696E6720636F6D706C6574650A40
:100CB00000202063757272656E745F706F73697463
:100CC000696F6E3D0050726F62696E6720506F6988
:100CD0006E740025532025692F2569002E0A002FE8
:100CE0000050726F62696E67206D65736820706F67
:100CF000696E742000202844525952554E290047ED
:100D00003239204175746F20426564204C657665E8
:100D10006C696E67003F20284C2C522C462C4229CF
:100D2000206F7574206F6620626F756E64732E0A73
:100D300000204200204600205200473239204C005B
:100D40003F2856296572626F7365206C6576656C05
:100D500020696D706C61757369626C652028302D37
:100D600034292E0A00426164205A2076616C756530
:100D70000A004E6F2062696C696E6561722067724D
:100D800069640A004732384C30003E204175746F68
:100D90002D6C6576656C206E6F74206E656564657C
:100DA000642C20736B69700A00473239005A205056
:100DB000726F62652050617374204265640A005A44
:100DC0002050726F62652050617374204265640028
:100DD000203A20686F6D655F7A5F736166656C7934
:100DE0000A00202064657374696E6174696F6E3DDA
:100DF00000686F6D655F7A5F736166656C7900523C
:100E000061697365205A20286265666F7265206883
:100E10006F6D696E672920627920003E20686F6DD2
:100E2000696E67206E6F74206E65656465642C2042
:100E3000736B69700A004732380020440020204D4F
:100E4000323030205300202844697361626C65643D
:100E5000293A0046696C616D656E7420736574741F
:100E6000696E67730020204D3230312058004D618B
:100E70007820416363656C65726174696F6E2028C8
:100E8000756E6974732F7332290020204D32303310
:100E90002058004D617820666565647261746573E1
:100EA0002028756E6974732F73290020520020204A
:100EB0004D323034205000416363656C657261745B
:100EC000696F6E2028756E6974732F73322920281C
:100ED000503C7072696E742D616363656C3E205284
:100EE0003C726574726163742D616363656C3E204E
:100EF000543C74726176656C2D616363656C3E2948
:100F00000020580020540020530020204D3230355E
:100F1000204200416476616E6365642028423C6D26
:100F2000696E5F7365676D656E745F74696D655F2B
:100F300075733E20533C6D696E5F666565647261D2
:100F400074653E20543C6D696E5F74726176656CA9
:100F50005F66656564726174653E20583C6D6178BA
:100F60005F6A65726B3E20593C6D61785F6A65729D
:100F70006B3E205A3C6D61785F6A65726B3E20451E
:100F80003C6D61785F6A65726B3E290020440020E9
:100F9000490020204D333031205000486F74656E79
:100FA00064205049440020440020490020204D3353
:100FB00030342050004265642050494400203B00FA
:100FC00020550020204D363033204C0046696C619E
:100FD0006D656E74206C6F61642F756E6C6F6164EB
:100FE000004D323453256C6454256C64004739320B
:100FF0002E394525730047314625640047315A256F
:1010000073463630300047315825735925734633BF
:10101000303030004D313036502569532569004D50
:10102000313039532569004D323030442573004743
:1010300039322E395A2573004D3432305325635AD4
:10104000257300473238523058590047315A2573BA
:1010500046363030004739322E395A257300473929
:10106000322E394530004D313039532569004D312C
:101070003930532569004D343230205330205A30F6
:10108000003D3D4F6E506F7765724C6F73735265C4
:1010900073756D653D3D00203B200020204D3431AF
:1010A00033205300506F7765722D6C6F737320720D
:1010B00065636F76657279004F4646004F4E00209B
:1010C0003B20486F73742068616E646C696E6720A2
:1010D00000203B204D6F646520006D6D00203B209B
:1010E00044697374616E6365200046696C616D6567
:1010F0006E742072756E6F757420003B200020495D
:101100006E76616C696420657874727564657220AE
:101110000047322F47332062616420706172616D35
:1011200065746572730A00536C6565702E2E2E000F
:10113000205A3A200020593A200042656420583A4B
:1011400020004D65736820706F696E74206F757430
:10115000206F662072616E67650A00626567696E5E
:10116000004D302053746F70004D312053746F70F8
:1011700000436C69636B20746F20526573756D65F5
:101180002E2E2E004E6F204D6F76652E00456E641C
:101190002066696C65206C6973740A004265676932
:1011A0006E2066696C65206C6973740A004E6F204E
:1011B0006D656469610A00526573756D696E6720BB
:1011C000534400286E6F2066696C65290043757270
:1011D00072656E742066696C653A20004E6F7420EB
:1011E0005344207072696E74696E670A005344201C
:1011F0007072696E74696E6720627974652000256B
:1012000069730025696D20256973002569682025AB
:10121000696D20256973002569642025696820258A
:10122000696D202569730025697920256964202569
:1012300069682025696D20256973005072696E7494
:101240002074696D653A20003F43616E6E6F7420B3
:10125000777269746520746F20494E5055540A00A6
:10126000496E76616C69642050696E204D6F6465CB
:101270000A006F6B006F666600ED04E804E104DAB3
:1012800004CC04C50444454255473A004D3131333E
:10129000205300544D33442031305350726F563236
:1012A000204F46462E004649524D574152455F4E0B
:1012B000414D453A4D61726C696E204457372E346A
:1012C0002E3720544D33442053534D444E42202852
:1012D00041756720313920323032352031323A358C
:1012E000313A35362920534F555243455F434F44D9
:1012F000455F55524C3A68747470733A2F2F676982
:10130000746875622E636F6D2F496E73616E6974B8
:10131000794175746F6D6174696F6E2F4D61726C78
:10132000696E2F747265652F437265616C6974799B
:101330004477696E5F322E302050524F544F434FE6
:101340004C5F56455253494F4E3A312E30204D4155
:101350004348494E455F545950453A544D33442013
:1013600031305350726F56322045585452554445CF
:10137000525F434F554E543A3120555549443A63D4
:10138000656465326132662D343161322D34373413
:10139000382D396231322D63353563363266333656
:1013A000376666002F2F005741524E494E47212085
:1013B0004C6F77205A204A65726B206D6179206CE2
:1013C00065616420746F20756E77616E746564204A
:1013D0007061757365732E0A0020204D61783A2084
:1013E00000200020204D696E3A2000203B20002084
:1013F000204D323131205300536F667420656E6486
:1014000073746F707300250A0046523A0020466CD0
:101410006F773A200050726F746563746564205072
:10142000696E0A00363726033C3D380E2E303E12D8
:101430001A1C180A43090844000142616279737456
:101440006570205A0064697300656E0043290A00C4
:1014500061626C656420286D696E2074656D702012
:1014600000436F6C642065787472756465732061E5
:1014700072652000504944204175746F74756E6523
:1014800000206661696C65642120426164206865A2
:10149000617465722069640A005049442041757482
:1014A0006F74756E65004D34323120696E636F72F2
:1014B0007265637420706172616D65746572207508
:1014C000736167650A004D65736820706F696E749B
:1014D000206F7574206F662072616E67650A002048
:1014E0003B204C6576656C696E67200020204D348A
:1014F00032302053004175746F20426564204C6582
:1015000076656C696E670020204D393030204B00C5
:101510004C696E65617220416476616E636500207E
:10152000500020440020204D3539312053004669B9
:101530006C616D656E742072756E6F757420736565
:101540006E736F7200204A002020473239205720E6
:10155000490020204D3134392043203B20556E690D
:10156000747320696E2043656C736975730A005447
:10157000656D706572617475726520556E697473FE
:10158000002020473231203B004C696E656172209B
:10159000556E69747300454550524F4D204F4B0AAC
:1015A00000290A0020746F20003F5A206F757420B4
:1015B0006F662072616E6765202800290A0020741A
:1015C0006F20003F59206F7574206F662072616E26
:1015D000676520282D00290A0020746F20003F58DD
:1015E000206F7574206F662072616E676520282DEC
:1015F000002E0A002028302D313029002076616C21
:101600007565206F7574206F662072616E67650066
:10161000416476616E6365204B3D004D3834004473
:101620006F6E65207072696E74696E672066696C92
:10163000650A004D3737004D333100290A002E2E40
:101640002E2800540020204D323036205800486F9C
:101650006D65206F6666736574004F6666736574AA
:1016600073204170706C696564004572723A205451
:101670006F6F206661722100546F6F206661722067
:1016800066726F6D207265666572656E6365207047
:101690006F696E740A0020286D6D2900203B0020C0
:1016A000204D3835312058005A2D50726F62652018
:1016B0004F666673657400436F6F6C696E672E2E9C
:1016C0002E0045312025530042656420436F6F6C26
:1016D000696E672E2E2E004265642048656174692C
:1016E0006E672E2E2E003D3D4477696E20496E694F
:1016F0007420436F6D706C6574653D3D0068616E6C
:10170000646C652077616974776179203D3D0020C4
:10171000202A2A2A2A2A2A2A5254535F48616E64B0
:101720006C65446174612A2A2A2A2A2A2A2A2000FE
:10173000202D206434200064333A2000202D2064C2
:1017400032200064313A2000202D206C656E20008C
:1017500056502072656365697665643A20002A2ACE
:101760002A4E6F7A7A6C6554656D70537461747526
:10177000735B325D203D003D3D48656174696E6775
:1017800020446F6E65204368616E67652046696C12
:10179000616D656E743D3D002020737461727470DC
:1017A000726F677265737320004D32320A4D3231A9
:1017B000003D3D7761697477617920353D3D003D9D
:1017C0003D7761697477617920343D3D003D3D7717
:1017D00061697477617920333D3D003D3D776169F2
:1017E0007477617920313D3D00436F6E6669726D9B
:1017F00020436F6E74696E75650050617573655333
:10180000746174757300524553554D45204F5054C3
:10181000494F4E533A0048656174696E672E2E2E0B
:10182000000000436C69636B20746F20686561740D
:10183000000000526573756D696E672E2E2E0000D4
:101840000050757267696E672E2E2E000000496E7B
:101850007365727420616E6420436C69636B000071
:1018600000436C69636B20746F20636F6E74696EE4
:101870007565000000456A656374696E672E2E2EDB
:10188000000000506C6561736520776169742E2ECD
:101890002E0000005061726B696E672E2E2E0000C4
:1018A000002A2A2A496E6974696E6720636172642E
:1018B000206973204F4B2A2A2A003D3D6F6E5072DB
:1018C000696E7454696D657253746F707065643DB0
:1018D0003D003D3D6F6E55736572436F6E66697274
:1018E0006D52657175697265643D3D005061757337
:1018F00065204D6F646520537461747573004C6F7F
:101900006164696E672E2E2E0000003D3D6F6E46AD
:101910006163746F727952657365743D3D00270A87
:101920000A0000272027002027002D0063616E6336
:10193000656C005072696E742041626F72746564E8
:101940000055492041626F72746564007265737559
:101950006D65004D3234002A2A2A43506C6179208B
:10196000546F6E652A2A2A003D3D6F6E5072696E73
:101970007454696D65725061757365643D3D003DD9
:101980003D6F6E5072696E7454696D657253746107
:10199000727465643D3D00486F6D696E67204661F5
:1019A000696C65640050524553454E54004F555480
:1019B000006F70656E0054524947474552454400D8
:1019C0003A20004D4F54494F4E203A20004F464692
:1019D0000A003A200066696C616D656E74007A5F7A
:1019E0006D696E00795F6D696E00785F6D696E007C
:1019F0005265706F7274696E6720656E6473746F80
:101A000070207374617475730A00203A2073796EC4
:101A1000635F706C616E5F706F736974696F6E0A7B
:101A200000202063757272656E745F706F736974E5
:101A3000696F6E3D003E2000646F5F626C6F636B88
:101A4000696E675F6D6F76655F746F0020746F6F8E
:101A5000206C6F6E6720657874727573696F6E2085
:101A600070726576656E7465640A0020636F6C64DD
:101A700020657874727573696F6E20707265766513
:101A80006E7465640A00486F6D6520257320466991
:101A9000727374005761726E696E673A20486F6D99
:101AA000696E672042756D702044697669736F7244
:101AB000203C20310A00020204290A003C3C3C2060
:101AC0007365745F617869735F69735F61745F6880
:101AD0006F6D652800203A200A002020637572721D
:101AE000656E745F706F736974696F6E3D005D2021
:101AF0003D20003E20686F6D655F6F66667365749C
:101B00005B002A2A2A205A20484F4D454420574935
:101B100054482050524F424520285A5F4D494E5F4D
:101B200050524F42455F555345535F5A5F4D494EA2
:101B30005F454E4453544F505F50494E29202A2A46
:101B40002A0A3E2070726F62652E6F666673657436
:101B50002E7A203D200000001643000016430000AE
:101B60000000290A003E3E3E207365745F6178697B
:101B7000735F69735F61745F686F6D652800290A20
:101B8000003C3C3C20686F6D6561786973280020DB
:101B90003A203E204146544552207365745F617877
:101BA00069735F69735F61745F686F6D650A0020B8
:101BB0002063757272656E745F706F736974696F9C
:101BC0006E3D006D6D0A0052652D62756D703A2094
:101BD000006D6D0A004D6F766520417761793A207E
:101BE000006D6D0A00486F6D6520466173743A2080
:101BF000000000A5430000A0430000C8430000000F
:101C0000410000004100000040290A003E3E3E2005
:101C1000686F6D6561786973280020706F736974EF
:101C2000696F6E5F7368696674203D200020686F7D
:101C30006D655F6F6666736574203D20004178694D
:101C4000732000000000010000000100008000552A
:101C50005555000000400033333300AAAA2A00493A
:101C600092240000002000C7711C0099991900D12E
:101C7000451700555515003BB113002449120011BA
:101C8000111100000010000F0F0F00E3380E004389
:101C9000790D00CCCC0C00C3300C00E8A20B006422
:101CA000210B00AAAA0A00703D0A009DD809004233
:101CB0007B090092240900DCD30800888808001002
:101CC00042080000000800F0C10700878707007580
:101CD000500700711C07003EEB0600A1BC0600691E
:101CE00090060066660600703E0600611806001742
:101CF000F4050074D105005BB00500B290050062E8
:101D00007205005555050078390500B81E05000517
:101D10000505004EEC040087D40400A1BD0400902A
:101D2000A7040049920400C17D0400EE690400C7C5
:101D3000560400444404005C3204000821040041BD
:101D4000100400000004003FF00300F8E003002648
:101D5000D20300C3C30300CCB503003AA803000AB2
:101D60009B0300388E0300C08103009F750300D0E1
:101D7000690300505E03001D5303003448030091C3
:101D80003D03003333030016290300381F03009777
:101D9000150300300C0300030303000BFA02004993
:101DA000F10200BAE802005CE002002DD802002D2A
:101DB000D0020059C80200B0C0020031B90200DAF6
:101DC000B10200AAAA0200A0A30200BC9C0200FA71
:101DD0009502005C8F0200DF8802008282020045CB
:101DE0007C02002776020027700200436A02007C12
:101DF000640200D05E02003F590200C8530200FF97
:101E0000FDFCFAF8F6F4F2F0EEECEAE9E7E5E3E1DE
:101E1000E0DEDCDAD9D7D5D4D2D0CFCDCBCAC8C793
:101E2000C5C3C2C0BFBDBCBAB9B7B6B4B3B2B0AF18
:101E3000ADACAAA9A8A6A5A4A2A1A09E9D9C9A9972
:101E4000989795949392908F8E8D8B8A89888786A8
:101E500084838281807F7E7D7B7A797877767574C2
:101E6000737271706F6E6D6C6B6A696867666564BA
:101E7000636261605F5E5D5C5B5A595858575655A6
:101E80005453525150504F4E4D4C4B4A4A4948477B
:101E90004646454443424241403F3E3E3D3C3B3B3B
:101EA0003A39383837363535343332323130302FED
:101EB0002E2E2D2C2B2B2A29292827272625252491
:101EC000232322212120201F1E1E1D1C1C1B1B1A28
:101ED00019191818171616151514131312121111B3
:101EE000100F0F0E0E0D0D0C0C0B0A0A0909080835
:101EF0000707060605050404030302020100002982
:101F00000A0050726F62653A3A646F5F7A5F72617D
:101F100069736528006465706C6F793A2000203A17
:101F20002050726F62653A3A7365745F6465706CD5
:101F30006F7965640A00202063757272656E745F44
:101F4000706F736974696F6E3D00206D61783A003F
:101F5000206D696E3A0041786973200000809D43CE
:101F600000009B430000C843000070C1000020C176
:101F700000000000536176696E67204457494E2087
:101F80004C43442073657474696E672066726F6D8C
:101F900020454550524F4D0A003D3D6F6E536574CC
:101FA00074696E677353746F7265643D3D00536569
:101FB0007474696E67732053746F72656400290AC4
:101FC000002062797465733B20637263200053655F
:101FD0007474696E67732053746F7265642028008F
:101FE0000A20696E6974207A70726F62655F7A6F19
:101FF0006666736574203D20003D3D6F6E436F6ED5
:1020000066696775726174696F6E53746F72655239
:102010006561643D3D00454550524F4D20496E6914
:102020007469616C697A65640A0048617264636FFF
:102030006465642044656661756C742053657474CE
:10204000696E6773204C6F6164656400454550524A
:102050004F4D206461746173697A65206572726F97
:10206000722E0A0053657474696E6720566F6C7522
:102070006D65204F6E203A200053657474696E6759
:10208000205374616E646279204F6E203A200053B1
:10209000657474696E6720566F6C756D65203A20A3
:1020A0000053657474696E6720526F746174696F50
:1020B0006E203A200053657474696E672053746112
:1020C0006E6462792054696D65203A20005365740E
:1020D00074696E67205374616E646279203A2000DF
:1020E00053657474696E67204272696768746E65BF
:1020F0007373203A20004C6F6164696E6720445707
:10210000494E204C43442073657474696E672066A1
:10211000726F6D20454550524F4D0A0044697363FC
:10212000617264696E67204457494E204C434420D5
:1021300073657474696E672066726F6D20454550D3
:10214000524F4D202D2073657474696E677320762D
:10215000657273696F6E20696E636F727265637406
:102160000A0044697363617264696E672044574969
:102170004E204C43442073657474696E6720667208
:102180006F6D20454550524F4D202D2073697A6563
:1021900020696E636F72726563740A00290A0020F9
:1021A00062797465733B2063726320002073746FDF
:1021B0007265642073657474696E677320726574E8
:1021C000726965766564202800202863616C6375F8
:1021D0006C6174656429210A0020213D2000454579
:1021E00050524F4D20435243206D69736D617463AB
:1021F00068202D202873746F726564292000205395
:10220000697A653A2000496E6465783A20000000DA
:10221000FA430000FA430000204100008C42000015
:10222000A0420000A0420000C84300000243EE02AA
:102230000000EE020000640000003C000000454584
:1022400050524F4D2056657273696F6E2045727201
:102250006F7200204D61726C696E3D563837290AE5
:1022600000454550524F4D2076657273696F6E2060
:102270006D69736D617463682028454550524F4DF8
:102280003D0024F404D9201BC40C5C0E9804C4093E
:102290005F0265077101F405F900FB04B30048040F
:1022A0008700C10369005803550003034500BE02BF
:1022B0003A008402310053022A0029022500040258
:1022C0002000E4011C00C8011900AF0117009801AB
:1022D000140084011300710110006101100051010C
:1022E0000E0043010D0036010B002B010B002001F5
:1022F0000B00150109000C01090003010800FB0097
:102300000800F3000800EB000700E4000600DE0010
:102310000600D8000600D2000600CC000500C70069
:102320000500C2000500BD000400B9000400B500AE
:102330000400B1000400AD000400A9000400A500E1
:102340000300A20003009F0004009B00030098000C
:1023500003009500020093000300900003008D002D
:1023600002008B0003008800020086000200840047
:102370000300810002007F0002007D0002007B005C
:10238000020079000200770001007600020074006C
:10239000020072000100710002006F0002006D0077
:1023A00001006C0002006A00010069000200670081
:1023B0000100660001006500010064000200620087
:1023C000010061000100600001005F0002005D008B
:1023D00001005C0001005B0001005A00010059008F
:1023E000010058000100570001005600010055008F
:1023F000010054000100530000005300010052008E
:10240000010051000100500001004F0001004E008A
:1024100000004E0001004D0001004C0001004B0087
:1024200000004B0001004A00010049000100480083
:10243000000048000100470001004600000046007F
:102440000100450000004500010044000100430078
:102450000000430001004200000042000100410072
:10246000000041000100400001003F0000003F006B
:1024700001003E0000003E0001003D0000003D0064
:1024800001003C0000003C0000003C0001003B005B
:1024900000003B0001003A0000003A000100390052
:1024A000000039000100380000003800000038004A
:1024B0000100370000003700010036000000360040
:1024C0000000360001003500000035000000350036
:1024D000010034000000340000003400010033002B
:1024E0000000330000003300010032000000320021
:1024F0000000320001003100000031000000310016
:1025000001003000000030000000300001002F000A
:1025100000002F0000002F0000002F0001002E00FF
:1025200000002E0000002E0001002D0000002D00F4
:1025300000002D0000002D0001002C0000002C00E8
:1025400000002C0000002C0001002B0000002B00DC
:1025500000002B0000002B0001002A0000002A00D0
:1025600000002A0000002A000100290000002900C4
:1025700000002900000029000000290001002800B7
:1025800000002800000028000000280000002800AB
:10259000010027000000270000002700000027009E
:1025A0000000270001002600000026000000260091
:1025B0000000260000002600010025000000250084
:1025C0000000250000002500000025000000250077
:1025D000010024000000240000002400000024006A
:1025E000000024000100230000002300000023005D
:1025F000000023000000230000002300000023004F
:102600000100220000002200000022000000220041
:102610000000220000002200010021000000210033
:102620000000210000002100000021000000210026
:102630000000210001002000000020000000200018
:10264000000020000000200000002000000020000A
:102650000000200001001F0000001F0000001F00FC
:1026600000001F0000001F0000001F0000001F00EE
:1026700001001E0000001E0000001E0000001E00E1
:10268000000024F4D43050C38E20C2A24017828BA5
:102690007011127A910D816CD90AA861E108C758AE
:1026A0006607615143061E4B5D05C145A7041A41EB
:1026B0001104093D9803713931034036DB0265335B
:1026C0009102D4305402802E1D02632CEE01752A33
:1026D000C501B028A001102781018F2564012B249A
:1026E0004B01E0223401AC211F018D200D01801F20
:1026F000FC00841EED00971DDF00B81CD200E61B15
:10270000C600201BBC00641AB200B219A8000A1946
:10271000A0006A189900D117910040178B00B516D8
:10272000840031167E00B31579003A157300C71482
:102730006F0058146A00EE136600881363002513B7
:102740005E00C7125B006C12570015125400C111D5
:10275000510070114F0021114B00D61049008D100F
:1027600047004610440002104200C00F4000800F96
:102770003E00420F3C00060F3B00CB0E3800930E8C
:1027800037005C0E3500270E3400F30D3200C10D0A
:102790003100900D3000600D2E00320D2D00050D22
:1027A0002C00D90C2B00AE0C2900850C29005C0CE8
:1027B0002700350C27000E0C2600E80B2400C40B64
:1027C0002400A00B23007D0B23005A0B2100390BA2
:1027D0002100180B2000F80A1F00D90A1E00BB0AAE
:1027E0001E009D0A1D00800A1D00630A1C00470A86
:1027F0001B002C0A1B00110A1A00F7091A00DD0938
:102800001900C4091900AB091900920917007B09C6
:102810001800630917004C09160036091600200934
:1028200016000A091500F5081500E0081400CC0888
:102830001400B8081400A4081400900813007D08C0
:1028400012006B08130058081200460812003408E2
:102850001100230811001208110001081100F007EF
:102860001000E0071000D0071000C0071000B007EC
:102870000F00A107100091070E0083070F007407D7
:102880000F0065070E0057070E0049070E003B07B3
:102890000D002E070E0020070D0013070D00060780
:1028A0000D00F9060C00ED060D00E0060C00D40644
:1028B0000C00C8060C00BC060C00B0060C00A406F8
:1028C0000B0099060C008D060B0082060B007706A4
:1028D0000B006C060B0061060A0057060B004C0645
:1028E0000A0042060A0038060A002E060A002406DC
:1028F0000A001A060A001006090007060A00FD056C
:102900000900F4050900EB050900E2050900D905F5
:102910000900D0050900C7050900BE050900B50575
:102920000800AD050800A50509009C0508009405F0
:1029300008008C050800840508007C050800740563
:1029400008006C050700650508005D0507005605D1
:1029500008004E0507004705070040050800380538
:102960000700310507002A050700230507001C059D
:102970000600160507000F050700080506000205FA
:102980000700FB040600F5040700EE040600E80457
:102990000600E2040700DB040600D5040600CF04AD
:1029A0000600C9040600C3040600BD040600B704FF
:1029B0000600B1040500AC040600A6040600A0044D
:1029C00005009B04060095040500900406008A0497
:1029D000050085040500800406007A0405007504DE
:1029E0000500700405006B04050066040500610421
:1029F00005005C04050057040500520405004D0461
:102A0000050048040500430405003E0404003A04A0
:102A1000050035040500300404002C0405002704DB
:102A20000400230405001E0404001A040400160414
:102A30000500110404000D04040009040500040449
:102A4000040000040400FC030400F8030400F40381
:102A50000400F0030400EC030400E8030400E403B2
:102A60000400E0030400DC030400D8030400D403E2
:102A70000400D0030400CC030400C8030300C50312
:102A8000030020436F756E7420583A002364656616
:102A9000696E652044454641554C545F00006265AF
:102AA00064004B6420004B6920004B7020005049AB
:102AB000442074756E696E6720646F6E65002066D1
:102AC000696E697368656421205075742074686547
:102AD000206C617374204B702C204B6920616E64F4
:102AE000204B6420636F6E7374616E747320667222
:102AF0006F6D2062656C6F7720696E746F20436F15
:102B00006E66696775726174696F6E2E680A00502F
:102B10004944204175746F74756E65002066616963
:102B20006C6564212074696D656F75740A00504985
:102B300044204175746F74756E65004175746F74CF
:102B4000756E65206661696C6564212054696D65E8
:102B50006F75742E00206661696C65642120546570
:102B60006D706572617475726520746F6F2068692D
:102B700067680A00504944204175746F74756E652A
:102B800000504944204379636C6573002553202528
:102B9000692F256900204B643A2000204B693A20B8
:102BA00000204B703A200020436C617373696320EE
:102BB000504944200A00204E6F206F76657273687A
:102BC0006F6F740A002054753A2000204B753A202C
:102BD00000206D61783A2000206D696E3A20002057
:102BE000643A200020626961733A2000486561748C
:102BF000696E672E2E2E002073746172740A005065
:102C00004944204175746F74756E65004175746F29
:102C100074756E65206661696C6564212054656D0C
:102C2000706572617475726520746F6F2068696772
:102C3000682E00206661696C6564212054656D70A2
:102C40006572617475726520746F6F20686967685A
:102C50000A00504944204175746F74756E650042D6
:102C60006564004531004500626564002C2073797D
:102C70007374656D2073746F70706564212048658E
:102C8000617465725F49443A20004572723A204D82
:102C9000415854454D50004D415854454D502074B5
:102CA00072696767657265640048656174696E671B
:102CB000204661696C65640048656174696E6720CF
:102CC0006661696C6564004D353234004D313132D6
:102CD0002053687574646F776E001000C90210018C
:102CE0002C014001220170011801B0010E01F00118
:102CF00004015002FA00B002F0003003E600D003F5
:102D0000DC009004D2007005C800A006BE000008D8
:102D1000B400B009AA00D00BA000600E96006011AC
:102D20008C000015820020197800C01D6E00A022C2
:102D30006400B0275A00902C500000314600E03467
:102D40003C0010383200903A2800603C1E00A03D44
:102D50001400803E0A00203F00004572723A204D68
:102D6000494E54454D50004D494E54454D502074E8
:102D7000726967676572656400544845524D414CFD
:102D80002052554E4157415900546865726D616C2F
:102D90002052756E6177617900202F002042403A01
:102DA0000020403A0020573A0020573A007C3C3E31
:102DB0005E2B3D3F2F5B5D3B2C2A225C004D656402
:102DC000696120496E6974204661696C0053442032
:102DD00063617264206F6B0A006F70656E526F6F73
:102DE00074206661696C65640A00766F6C756D6548
:102DF0002E696E6974206661696C65640A004E6FA5
:102E000020534420636172640A005344206361725A
:102E1000642072656C65617365640A000A4D323422
:102E2000004D3233202573002E0A006F70656E202E
:102E30006661696C65642C2046696C653A200046C1
:102E4000696C652073656C65637465640A00205362
:102E5000697A653A200046696C65206F70656E6519
:102E6000643A2000454E4420535542524F55544930
:102E70004E450A002220706F730022207061726537
:102E80006E743A2200535542524F5554494E4520D4
:102E900043414C4C207461726765743A220053754B
:102EA0006263616C6C204F766572666C6F7700456B
:102EB00078636565646564206D617820535542527E
:102EC0004F5554494E452064657074683A002E0A87
:102ED0000044656C6574696F6E206661696C656439
:102EE0002C2046696C653A200046696C6520646553
:102EF0006C657465643A0057726974696E67207412
:102F00006F2066696C653A200066726573680064BC
:102F10006F696E67002066696C653A20004E6F77B6
:102F200020002F6175746F25632E67002020506C80
:102F3000616E6E657242756666657242797465731C
:102F40003A20002046726565204D656D6F72793AB2
:102F5000200020436F6D70696C65643A204175678D
:102F600020313920323032350A00204C6173742010
:102F7000557064617465643A20323032332D3032DA
:102F80002D3033207C20417574686F723A2054696B
:102F90006E794D616368696E657333440A004D61F3
:102FA000726C696E204457372E342E370A00205336
:102FB0006F6674776172652052657365740A0020CC
:102FC0005761746368646F672052657365740A00A3
:102FD0002042726F776E206F75742052657365742E
:102FE0000A002045787465726E616C2052657365C5
:102FF000740A00506F77657255700A0073746172BD
:10300000740A004739310A47315A350A4739300ABC
:103010004D38340A4D31303453300A4D3134305349
:1030200030004D31303031006F6B006572726F725D
:103030002077726974696E6720746F2066696C65A9
:103040000A00446F6E6520736176696E6720666959
:103050006C652E0A004D323900456E6473746F70D2
:1030600073002553202563202563202563202563D5
:1030700000205A3A0020593A0020583A00656E6400
:1030800073746F7073206869743A20000000210027
:10309000240027002A002D00300033000101000029
:1030A000040107010A0100002200250028002B006E
:1030B0002E003100340002010000050108010B015F
:1030C000000020002300260029002C002F003200E1
:1030D00000010000030106010901050505050705BA
:1030E00008080808020202020A0A08080404040484
:1030F00001010101010101010303030303030303B0
:10310000040707070C0C0C0C0C0C0C0C020202023E
:1031100006060606060606060B0B0B0B0B0B0B0B27
:1031200001021020200808102040102040800201D9
:1031300002010804020101020408102040808040BE
:1031400020100804020180040201804020100804BD
:10315000020108040201010204081020408001025B
:1031600004081020408000000A0B02090C0D0E0814
:103170000703040100000000000000000000000040
:10318000000000000000000000000000000000003F
:1031900000001211100000000000000000000000FC
:1031A0000000000000000000000000007026000089
:1031B0009B1E0000C3150000C70D0000F4070000AF
:1031C0004F04000040020000260100004572726FAB
:1031D000722077726974696E6720746F204545505C
:1031E000524F4D210A0020746F6F206C6F6E672064
:1031F000657874727573696F6E2070726576656E2E
:103200007465640A0020636F6C642065787472755D
:1032100073696F6E2070726576656E7465640A00FE
:103220004D323520500A4D323400526573756D654C
:103230000055492050617573650043616E6E6F746F
:1032400020656E746572207375626469723A20003D
:103250004E6F204D61746368203A00436F6E737443
:103260007261696E206D65736856616C20006D65D2
:10327000736856616C200079506E74200078506E2F
:103280007420006D657368506F696E742000446926
:1032900073706C61794272696768746E65737320CC
:1032A0005365743A2000446973706C6179427269A5
:1032B0006768746E657373204C43443A20004D3246
:1032C000320A4D323100526566726573680050678C
:1032D0005570005067446F776E0049732046696CE3
:1032E0006520004973204469722000476F5570447F
:1032F000697200486173204D656469610046696CBC
:10330000656E616D652053656C6563746564004D21
:103310003130303043004D31303030002046696C60
:10332000616D656E7420526573706F6E7365204EAB
:103330006F00526573756D652059657320647572F1
:10334000696E67207072696E74000A204E6F2046A5
:10335000696C616D656E7400496E76616C6964209C
:103360004F7074696F6E004D3530300053746F725A
:10337000652053657474696E6773004D3939390A75
:103380004D32383050305331363000424C546F7526
:103390006368205265736574004D3530320A4D35CF
:1033A000303000496E697420454550524F4D004DF4
:1033B0003530300053746F72652053657474696ED4
:1033C000677300496E4C616E6743686F696365009F
:1033D0000A202A2A2A7265636461742E646174610A
:1033E0005B305D203D004732380A4731204631309E
:1033F0003030205A313000556E737570706F7274B2
:103400006564204F7074696F6E2053656C656374DA
:103410006564004D36303553300A47323858004D18
:1034200036303553310A54300A4732380A4D363077
:103430003553320A473238580A473158300A4D3628
:1034400030355333004D36303553310A54300A4746
:1034500032380A4D36303553320A473238580A4727
:10346000315830004D36303553310A473238580A1A
:1034700047315830004D32313153300A4739310A23
:1034800047315A302E3032350A4739300A4D323101
:10349000315331004D32313153300A4739310A4707
:1034A000315A2D302E3032350A4739300A4D3231FB
:1034B00031533100473239533200473239533100EA
:1034C00047323652323535004D3139305335350AB1
:1034D0004732380A4732390A4D3430300A4D3130DC
:1034E00034533231350A4732380A4D31303953328C
:1034F00031350A4D34323053310A4731583130308A
:103500005931303046353030300A47315A300A4D63
:103510003530300A4D31313720536574205A204FF1
:103520006666736574004731204631303030205A6A
:10353000302E30004732380A4731204631303030A3
:10354000205A302E30005A204F6666736574203A38
:10355000202573005A204F6666736574203A202533
:1035600073004732385A0A473146313530305A30C5
:103570002E30004732380A473146313530305A3024
:103580002E3000426564204C6576656C204F707467
:10359000696F6E200052657475726E203A20004D7E
:1035A000383400473146313030305A302E30004701
:1035B00032380A473146313030305A302E30004DE3
:1035C000616E75616C53657454656D70005A204F5F
:1035D0006666736574203A20257300526F756E64B9
:1035E000696E6720746F2073746570005265717521
:1035F0006573746564204F66667365742000537448
:103600006F70205472696767657265640053746FE8
:1036100070204E6F0053746F705072696E74004862
:10362000616E646C6520446174612041646A7573E5
:103630007420322053657474696E67205363726519
:10364000656E200048616E646C6520446174612081
:103650005072696E7446696C6520332053657474CA
:10366000696E672053637265656E200048616E6401
:103670006C652044617461205072696E7446696C97
:103680006520322053657474696E672053637265D8
:10369000656E20004D38340048616E646C652044CE
:1036A000617461205072696E7446696C6520506F58
:1036B00073740048616E646C6520446174612050CD
:1036C00072696E7446696C65205072650042656768
:1036D000696E537769746368003D3D204368656394
:1036E0006B6B65793D3D007265636461742E616446
:1036F0006472203D3D007265636461742E64617480
:10370000615B305D203D3D0070012C01900127017F
:10371000B0012201C0011D01F001180110021301C6
:1037200030020E016002090190020401C002FF0094
:103730000003FA004003F5008003F000D003EB0023
:103740002004E6007004E100E004DC004005D7003E
:10375000C005D2004006CD00D006C8008007C300D7
:103760003008BE00F008B900C009B400B00AAF00CC
:10377000B00BAA00D00CA500000EA000500F9B00BB
:10378000C01096005012910000148C00C0158700E4
:10379000B0178200B0197D00D01B7800001E7300A6
:1037A00040206E0090226900F024640040275F00F2
:1037B00090295A00E02B5500102E500020304B006D
:1037C00010324600E033410090353C00103737009E
:1037D00070383200A0392D00B03A2800A03B2300F9
:1037E000603C1E00103D1900903D1400103E0F007B
:1037F000703E0A00C03E0500003F0000403FFBFF56
:10380000803FF6FFC03FF1FF70726F6D70745F0014
:10381000626567696E0044697361626C6552756EBA
:103820006F75740050757267654D6F7265005061F9
:103830007573656400436F6E74696E7565004C6FD7
:1038400061642046696C616D656E742054004C6F34
:1038500061642046696C616D656E7400496E7365C4
:1038600072742066696C616D656E7420616E64208F
:1038700073656E64204D3130380A00726573756D62
:103880006564004469736D69737300526573756D87
:10389000696E67002044697363726570616E637955
:1038A0003A00326E642050726F6265205A3A0053BB
:1038B0004C4F57003173742050726F6265205A3A32
:1038C00000464153540050726F62653A3A72756E09
:1038D0005F7A5F70726F6265006D656173757265A6
:1038E000645F7A3A200050726F62696E67204661A9
:1038F000696C65640A0050726F62696E6720466188
:10390000696C656400205A3A200020593A20004230
:10391000656420583A2000506F736974696F6E2097
:103920004E6F7420526561636861626C650A0020A5
:103930003A200A00202063757272656E745F706FA2
:10394000736974696F6E3D005F72656C617469764E
:1039500065290A002C20002C20002C20002C20009F
:103960002E2E2E280050726F62653A3A70726F6286
:10397000655F61745F706F696E740050726F62652D
:103980003A3A70726F62655F646F776E5F746F5FF3
:103990007A00205472696767657265642065617298
:1039A0006C792E00204E6F20747269676765722EE5
:1039B000002050726F6265206661696C21202D00C5
:1039C000FFFFFF290A005D005B002C20002C200077
:1039D0002E2E2E2800646F5F686F6D696E675F6DB5
:1039E0006F76650043616E6E6F74206F70656E2038
:1039F0007375626469722000204500205A002059C6
:103A00000020204D393220580053746570732070A7
:103A1000657220756E697400496E76616C69642008
:103A200065787472756465720A00220A00556E6BBF
:103A30006E6F776E20636F6D6D616E643A20220049
:103A400020453A00205A3A0020593A00583A006F6F
:103A50006B0A00526573656E643A20006E6F74697C
:103A60006669636174696F6E2000544D3344203180
:103A7000305350726F56322052656164792E005077
:103A800072696E74696E672E2E2E005072696E74A4
:103A90002050617573656400524553554D45204F64
:103AA0005054494F4E533A0048656174696E672E11
:103AB0002E2E000000436C69636B20746F206865D4
:103AC0006174000000526573756D696E672E2E2E4D
:103AD00000000050757267696E672E2E2E00000080
:103AE0004C6F6164696E672E2E2E000000496E7364
:103AF00065727420616E6420436C69636B00000022
:103B0000436C69636B20746F20636F6E74696E75AC
:103B100065000000456A656374696E672E2E2E008D
:103B20000000506C6561736520776169742E2E2EDC
:103B30000000005061726B696E672E2E2E0000002F
:103B400050617573654D73673D00C2018801112492
:103B50001FBECFEFD1E2DEBFCDBF00E00CBF84B708
:103B600080930A1914BE0FB6F894A895809160004E
:103B7000886180936000109260000FBE16E0A0E0A4
:103B8000B2E0E8EDFFE702E00BBF02C007900D9244
:103B9000A037B107D9F729E1A0E7B6E001C01D922F
:103BA000AA30B207E1F71DE1C6EADDE100E006C098
:103BB00021970109802FFE010F94193CC53AD107C6
:103BC00080E00807A9F70F9425280D94DA3F0C949C
:103BD0000000CF93DF93C091D714D091D81481E027
:103BE000CE31D105E4F020E030E040E05FE36091C9
:103BF000D3147091D4148091D5149091D6140F944D
:103C0000223C0F948E3D6C1B7D0B77FF03C071959A
:103C10006195710981E0633071050CF080E0DF91FE
:103C2000CF910895CF93DF93DB01F9019C919130FF
:103C3000C1F0943080F094509C938830D1F480810E
:103C40009181009771F0019791838083480F591FEC
:103C5000EA01188206C08C3539F49C5F9C9394303D
:103C600041F4DF91CF9108958B3339F781E08C9344
:103C7000F8CF20813181B9016F5F7F4F71836083FD
:103C8000420F531FEA018883808191818F3591050E
:103C90006CF7E7CF0F931F9381E0009128171091E5
:103CA000291720912A1730912B17409124175091F2
:103CB00025176091261770912717041715072607F7
:103CC000370708F480E01F910F91089520916A074B
:103CD000833021F425FD0CC024FD0CC030E0A90187
:103CE00002C0559547958A95E2F7CA0181700895FB
:103CF00081E0089580E00895CF92DF92EF92FF92E5
:103D0000CF93DF93EC01CC80DD80EE80FF8029E64D
:103D100030E040E251ECC701B6010F94823E87FDCE
:103D200023C023E030E04BE953E4C701B6010F9410
:103D30003E351816CCF0C880D980EA80FB8029E691
:103D400030E040E751ECC701B6010F94823E87FD99
:103D50000BC0C1E023E030E84DE953E4C701B601F0
:103D60000F943E3518160CF4C0E08C2FDF91CF91E4
:103D7000FF90EF90DF90CF900895682F70E090E073
:103D800080E00F9445352091E2073091E3074091A0
:103D9000E4075091E5070F94A4352091DA0730919C
:103DA000DB074091DC075091DD070F94223C08951A
:103DB000682F70E090E080E00F9445352091DE0799
:103DC0003091DF074091E0075091E1070F94A4354F
:103DD0002091D6073091D7074091D8075091D90745
:103DE0000F94223C08958091D50781110EC0209137
:103DF0001102309112022150310981E040910315E6
:103E000050910415421753070CF080E00895269A4C
:103E10002E9A089580917307909174072FEF3FEFCA
:103E2000981751F0E92FF0E0ED58F84F228130E07B
:103E30009F5F9F7390937407C9010895AB01BC0104
:103E4000409328175093291760932A1770932B17C4
:103E500080E998E10C94B58DEF92FF920F931F9338
:103E6000CF937C0100916D0710916E07C0E0F701C0
:103E7000EC0FF11D6081662351F0062E000C770BCC
:103E8000C8010F94703F892B49F4CF5FF0CF80E0D9
:103E9000CF911F910F91FF90EF90089581E0F8CF9F
:103EA000682F880F770B80916D0790916E070F94A4
:103EB000703FFC0181E0309709F480E0309781F099
:103EC000918120ED290F2A3030F09E3251F49281F9
:103ED00090539A3098F43196F0936507E093640715
:103EE00008959D3211F09B3249F4928120ED290F03
:103EF0002A3088F39E3211F49381EACFF0E0E0E0BB
:103F0000EBCF0E94501F882341F081E0209164078D
:103F100030916507232B09F480E008950F931F93D8
:103F2000CF93DF9300D01F92CDB7DEB79C010BEC8F
:103F30001EE090E1E8E5F2E0D80101900D929A953B
:103F4000E1F7F9012081318142815381F8016085D7
:103F50007185828593850F94223CF8016087718773
:103F60008287938780E090E0A0EAB0E489839A8317
:103F7000AB83BC83CE0101960E9403D60F900F90B5
:103F80000F900F90DF91CF911F910F9108952F9275
:103F90003F924F925F926F927F928F929F92AF92D9
:103FA000BF92CF92DF92EF92FF921F93CF93DF9356
:103FB000CDB7DEB72C970FB6F894DEBF0FBECDBFDE
:103FC0007A011901DC012D913D914D915C912D8378
:103FD0003E834F835887FB0140805180628073800D
:103FE0008090580290905902A0905A02B0905B02C3
:103FF000A50194016D817E818F8198850F943E3556
:1040000081110EC011E0A301920160915C027091D8
:104010005D0280915E0290915F020F943E358111A6
:1040200010E0D1012D913D914D915C9129873A8706
:104030004B875C87F701C080D180E280F3802091BC
:104040000602309107024091080250910902C7010F
:10405000B6010F943E35882309F44EC0C092060283
:10406000D0920702E0920802F09209028091640265
:1040700090916502A0916602B091670240915C0246
:1040800050915D0260915E0270915F028092CB0E52
:104090009092CC0EA092CD0EB092CE0E4093CF0E49
:1040A0005093D00E6093D10E7093D20EC092D30E67
:1040B000D092D40EE092D50EF092D60E8093D70E09
:1040C0009093D80EA093D90EB093DA0E20E030E092
:1040D00040E05FE360916C0F70916D0F80916E0F07
:1040E00090916F0F0F94A43569837A838B839C839F
:1040F000CE0101960E9403D62D813E814F815885C5
:104100002093CB0E3093CC0E4093CD0E5093CE0E19
:104110004092CF0E5092D00E6092D10E7092D20E7D
:10412000D1012D913D914D915C916091D70E70918F
:10413000D80E8091D90E9091DA0E0F94223C6093A4
:10414000D70E7093D80E8093D90E9093DA0E11117A
:104150002FC020E030E0A90169857A858B859C8598
:104160000F943E35811133C060E070E088EC92E43A
:1041700069837A838B839C83CE0101960E9403D648
:104180002C960FB6F894DEBF0FBECDBFDF91CF9156
:104190001F91FF90EF90DF90CF90BF90AF909F90D6
:1041A0008F907F906F905F904F903F902F900895E9
:1041B0002AEF3EE74AE25FE36091700F7091710F62
:1041C0008091720F9091730F0F94A435D1CF60E05E
:1041D00070E080EA91E4CCCF80916407909165070C
:1041E000009731F04AE050E070E060E00D94593300
:1041F00060E070E0CB010895CF93DF9300D01F9271
:10420000CDB7DEB780E090E0A0EAB0E489839A837E
:10421000AB83BC8361E0CE0101960E94FCCA0F9083
:104220000F900F900F90DF91CF9108950F931F93F0
:10423000CF93DF9300D000D01F921F92CDB7DEB78F
:104240008B01FC0123A5211102C00F94B71E1D8212
:104250001E821F82188620E030E040E05FE360911C
:1042600060027091610280916202909163020F94EA
:10427000223C69837A838B839C839E012B5F3F4F13
:10428000AE014F5F5F4F6CE572E088E592E00E94FF
:10429000C71F1D821E821F82188620E030E040E08A
:1042A0005FE3F80160857185828593850F94223CD8
:1042B00069837A838B839C83B8016C5F7F4F9E01F7
:1042C0002B5F3F4FAE014F5F5F4FC8010E94C71F7A
:1042D00028960FB6F894DEBF0FBECDBFDF91CF9109
:1042E0001F910F9108958091640790916507009741
:1042F00031F04AE050E070E060E00D942B3260E075
:1043000070E0CB010895CF93DF93EB010E94811FF2
:10431000882319F00E947321EB01CE01DF91CF9128
:1043200008950E94732197FD0CC00E9473216F3F76
:1043300071058105910509F034F40E947321862FDF
:10434000089580E008958FEF0895CF93C62F0E94BF
:10435000811F882319F0CF910C9491218C2FCF913C
:1043600008958091640790916507892B41F00E9420
:10437000912191E0811101C090E0892F089591E091
:10438000FCCFCF93DF93C82FD62F0E94811F8823A5
:1043900021F0DF91CF910C94B1218C2F0E94501FFE
:1043A000811101C08D2FDF91CF9108950E9473215B
:1043B000CB010895CF93DF93EB010E94811F8823E7
:1043C00021F0DF91CF910C94D621CE01DF91CF91D6
:1043D00008950F931F93CF93809164079091650781
:1043E000009709F1FC018F01C1912C2F2F7DA1F0C5
:1043F000C53431F0C53621F0C83511F0C83799F70A
:10440000F801108270E060E00F94CD30F801C083B5
:10441000CF911F910F91089570E060E0CF911F91AF
:104420000F910D94CD3060E070E0CB01F1CFCF92D1
:10443000DF92EF92FF926A017B010E94811F882325
:1044400031F0FF90EF90DF90CF900C94E921C701FD
:10445000B601FF90EF90DF90CF9008950D947B12FE
:104460000F931F93CF9310926C0710926B072FE35B
:1044700020937207109271071092700710926F07C5
:104480009C01F90190812F5F3F4F9032D1F39E3410
:10449000C9F4818190ED980F9A3020F08D3211F09F
:1044A0008B3281F432969F012F5F3F4F8081805382
:1044B0008A3008F475C09F012F5F3F4F80818032A2
:1044C00009F470C0F0938C0FE0938B0F8F010F5F96
:1044D0001F4FC0816AE270E0C8010F94703F0097DF
:1044E00031F0FC01319780818032E1F31182CD34CB
:1044F00029F0C43519F0C73409F04EC0F8018081A5
:104500000F5F1F4F8032D1F380538A3008F044C0D0
:10451000C093720730E020E04AE0DF011196429F2D
:10452000C001439F900D11249C01205331098081CB
:10453000280F311D87FD3A95818190ED980F9A30B3
:1045400098F130937107209370078E3261F43296A0
:1045500090E04AE0DF0131968C9150ED580F5A30CF
:1045600028F190936F07FD01119680818032D9F375
:10457000F0936E07E0936D07CD3441F52E31310590
:1045800039F0D0F42731310519F02C313105F1F42F
:10459000F0936C07E0936B07CF911F910F910895F3
:1045A000F90181CFF90187CFFD01B7CF949F800D2D
:1045B000112490ED980FCECF2537310538F02737ED
:1045C000310530F3203A83E0380711F350E040E042
:1045D000CF0101966081662309F45AC0613291F4DB
:1045E000CD3481F42032310569F490936C078093C7
:1045F0006B0763E270E00F94703F009769F2FC0173
:104600001082CACFFC01DF018D91803271F090EDF4
:10461000980F9A3008F18E3251F4918190539A306C
:10462000D8F041155105E1F414C0FD01ECCF8D32F5
:1046300011F08B3259F4918160ED690F6A3060F0AE
:104640009E3221F4928190539A3030F041155105F9
:1046500019F4AF014150510981548A3108F4B8CF9F
:10466000DF01FD018D91882309F4B2CF90ED980F01
:104670009A30B8F393ED980F923098F38B3289F318
:10468000CF0101966081603209F0A2CFFC01F8CF22
:1046900050936C0740936B077FCF81E080930615A2
:1046A0000895FC016591759185919491089580E03C
:1046B0000C944CCB682F70E090E080E00D947B125E
:1046C0009B01AC01485F5F4FBC016C5F7F4F0C9456
:1046D000C71F2F923F924F925F926F927F928F925D
:1046E0009F92AF92BF92CF92DF92EF92FF920F9381
:1046F0001F93CF93DF93CDB7DEB7A6970FB6F8948D
:10470000DEBF0FBECDBF8C011B015A874987409089
:1047100058025090590260905A0270905B0280904B
:104720005C0290905D02A0905E02B0905F02DB019F
:104730008D919D910D90BC91A02D8B8B9C8BAD8B01
:10474000BE8B9C01AD01C301B2010F94213C6B01F2
:104750007C01D10114968D919D910D90BC91A02D5D
:104760008F8B988FA98FBA8F9C01AD01C501B401C1
:104770000F94213C6B8F7C8F8D8F9E8FA985BA857E
:104780008D919D910D90BC91A02D8B879C87AD87BD
:10479000BE879C01AD01C301B2010F94213C6F8F14
:1047A00078A389A39AA3A985BA8514968D919D9122
:1047B0000D90BC91A02D8F87988BA98BBA8B9C01F3
:1047C000AD01C501B4010F94213C6BA37CA38DA363
:1047D0009EA3A7019601C701B6010F94A4356B01F2
:1047E0007C012B8D3C8D4D8D5E8DCA01B9010F94DE
:1047F000A4359B01AC01C701B6010F94223C4B01CB
:104800005C012B893C894D895E896B857C858D8512
:104810009E850F94213C2B013C012F89388D498DB9
:104820005A8D6F85788989899A890F94213C6B010B
:104830007C01A3019201C301B2010F94A4352B01A5
:104840003C01A7019601C701B6010F94A4359B0155
:10485000AC01C301B2010F94223C0F94D03E6B0116
:104860007C012F8D38A149A15AA1CA01B9010F9429
:10487000A4352B013C012BA13CA14DA15EA1CA0195
:10488000B9010F94A4359B01AC01C301B2010F948F
:10489000223C9B01AC01C501B4010F94823E181665
:1048A000B4F520E030E0A901C701B6010F94823EC3
:1048B00087FF2AC0C701B601905820E030E040EAE7
:1048C00050E40F94823E181614F5A10169857A858B
:1048D000C8010E946923A6960FB6F894DEBF0FBEEA
:1048E000CDBFDF91CF911F910F91FF90EF90DF909F
:1048F000CF90BF90AF909F908F907F906F905F9080
:104900004F903F902F900895C701B601D6CF20E079
:1049100030E040E050E4C501B4010F94823E181627
:1049200024F4B101C8010E94162119821A821B8247
:104930001C82BE016F5F7F4FC1010E9460232DEC7E
:104940003CEC4CEC5CE3C701B6010F94A4359B0131
:10495000AC01F80160817181828193810F94A4354B
:104960006D837E838F839887D8019B968C919B97CC
:104970008823C9F02AE939E949E95FE314966D9182
:104980007D918D919C9117970F94A43569837A83BB
:104990008B839C83BE016F5F7F4F8BEC9EE00E94F8
:1049A0006023F80113A6BE016B5F7F4F89859A854E
:1049B0000E94602390CF3F924F925F926F927F92BE
:1049C0008F929F92AF92BF92CF92DF92EF92FF921F
:1049D0000F931F93CF93DF93CDB7DEB76C970FB6CE
:1049E000F894DEBF0FBECDBF8C01DB018C91A42EED
:1049F000A80EB4E0BA1508F4E4C0FB01B180322E71
:104A00003B0CB31508F4DDC0EB2DF0E0E65AF84F8F
:104A1000E081F0E0082E02C0F595E7950A94E2F7F0
:104A2000E0FFCFC0E32DF0E0E65AF84FE081F0E080
:104A30000A2C02C0F595E7950A94E2F7E0FFC1C0A1
:104A4000822E942E0E94D81E6B017C01692D660F68
:104A5000770B072E000C880B990B0F9445352B0113
:104A60003C01AC019B01C701B6010F94223C6B01D4
:104A70007C01CD86DE86EF86F88A8A2D0E94D81EBC
:104A8000A30192010F94213C698F7A8F8B8F9C8FA9
:104A900069837A838B839C838B2D0E94BD1E2B019F
:104AA0003C01682D660F770B072E000C880B990BC5
:104AB0000F9445354B015C01AC019B01C301B20170
:104AC0000F94223C2B013C01498A5A8A6B8A7C8ACA
:104AD000832D0E94BD1EA50194010F94213C4B0122
:104AE0005C018D829E82AF82B886F80180859185B7
:104AF000A285B38589879A87AB87BC878D8B9E8B70
:104B0000AF8BB88F20E030E040E151ECC301B2013F
:104B10000F943E3587FF6DC080E090E0A0E1B1ECDE
:104B2000898B9A8BAB8BBC8B20E030E040E151EC61
:104B3000C501B4010F943E3587FF6BC080E090E063
:104B4000A0E1B1EC8D839E83AF83B88720E030E095
:104B500040E651ECC701B6010F943E3587FF69C0AE
:104B600080E090E0A0E6B1EC8D879E87AF87B88BA0
:104B700020E030E040E651EC698D7A8D8B8D9C8D84
:104B80000F943E3587FF65C080E090E0A0E6B1EC71
:104B900089839A83AB83BC83CE010D960E947C1ED1
:104BA000882379F0CE0101960E947C1E882349F06B
:104BB000AE014F5F5F4FBE01635F7F4FC8010E9430
:104BC00069236C960FB6F894DEBF0FBECDBFDF91A0
:104BD000CF911F910F91FF90EF90DF90CF90BF90FA
:104BE000AF909F908F907F906F905F904F903F908D
:104BF000089520E030E84AE953E4C301B2010F947C
:104C0000823E18160CF090CF80E090E8AAE9B3E459
:104C100087CF20E030E84AE953E4C501B4010F949E
:104C2000823E18160CF092CF80E090E8AAE9B3E437
:104C300089CF20E030E04DE953E4C701B6010F947D
:104C4000823E18160CF094CF80E090E0ADE9B3E41A
:104C50008BCF20E030E04DE953E4698D7A8D8B8D68
:104C60009C8D0F94823E18160CF096CF80E090E059
:104C7000ADE9B3E48DCFCF92DF92EF92FF92CF9365
:104C80006B017C01C42F8091E90D8F5F09F4B5C0E1
:104C90008093E90D8091E90D8093980E20E030E03B
:104CA00040E752E46091540270915502809156029F
:104CB000909157020F94A4350F94953D7093FB0D7E
:104CC0006093FA0DC092FC0DD092FD0DE092FE0DA6
:104CD000F092FF0D8091970EC0FB80F98093970EA4
:104CE0008CE0E3E4F9E0A0E0BEE001900D928A954B
:104CF000E1F78CE0E8ECF7E0ACE0BEE001900D926B
:104D00008A95E1F78091F2079091970E80FB94F9D4
:104D10009093970E882381F08091EE079091EF0792
:104D2000A091F007B091F1078093180E9093190E9F
:104D3000A0931A0EB0931B0E809103159091041549
:104D400090931D0E80931C0E8091D7149091D814CF
:104D500090931F0E80931E0E8091990E8093200ECB
:104D60008091970E9091C10E90FB83F98093970EDE
:104D70008091C20E9091C30EA091C40EB091C50E49
:104D80008093210E9093220EA093230EB093240EB5
:104D90000E94DDB26093920E7093930E8093940EF6
:104DA0009093950E80916A078093960E9091CA0E0B
:104DB0008091970E93FB81F99091D50790FB82F932
:104DC0008093970E80E00E94CCEF40E050E0BA0163
:104DD00081E397E10E94B58D40EB50E069EE7DE004
:104DE00081E397E10E94498E81E397E1CF91FF90A3
:104DF000EF90DF90CF900C94769181E049CF4F9265
:104E00005F926F927F928F929F92AF92BF92CF925A
:104E1000DF92EF92FF920F931F93CF93DF9300D017
:104E20001F92CDB7DEB719821A821B821C829BECBF
:104E3000A92E93E0B92ECE0101964C012BECC22E87
:104E40002EE0D22E38E5E32E32E0F32E10E000E023
:104E5000F50181915F010E94811FF40181934F014F
:104E6000882309F4C1C00E94E9212B013C01802F55
:104E70000E94661E882309F4A7C0F70120813181B2
:104E800042815381C301B2010F94223CF601608339
:104E90007183828393830F5F1F4FF4E0CF0ED11C89
:104EA00084E0E80EF11C0330110591F685E40E94C0
:104EB000811F8C83882309F4A2C00E94E9216B0121
:104EC0007C0183E00E94661E882371F020916402B9
:104ED000309165024091660250916702C701B601A8
:104EE0000F94223C6B017C01C092D70ED092D80E59
:104EF000E092D90EF092DA0E80919D0E882391F106
:104F000080912C1782FF2EC087FD2CC08C818823B6
:104F100049F18981811103C08A81882319F12DEC1F
:104F20003CEC4CE45DE36091F20D7091F30D8091E7
:104F3000F40D9091F50D0F94223C9B01AC01609112
:104F400060027091610280916202909163020F94FD
:104F5000823E18163CF440E060E070E080E090E4AF
:104F60000E943B2640E050E0BA0186E40E941722EE
:104F700020E030E0A9010F94823E181684F40E94CC
:104F8000E92120E030E040E752E40F941C3D6093BB
:104F900054027093550280935602909357020F90DB
:104FA0000F900F900F90DF91CF911F910F91FF9075
:104FB000EF90DF90CF90BF90AF909F908F907F90B9
:104FC0006F905F904F900895F801EE0FFF1FEE0F66
:104FD000FF1FE357F04F2081318142815381C3018C
:104FE000B2010F94213C52CFF70180819181A281BF
:104FF000B381F60180839183A283B3834CCF8091E8
:10500000640290916502A0916602B091670280935C
:10501000D70E9093D80EA093D90EB093DA0E6CCF22
:10502000E9EEFDE080EBDF011D928A95E9F7089536
:1050300080919D0E811104C00E9410280C9407F0ED
:1050400080912C1782FF09C087FD07C040E060E017
:1050500070E080E090E40C943B2608958091E90D87
:10506000882361F09091980E891308C080912C17C5
:1050700084FF04C085E29EE00C9463EF80E0089515
:10508000FC01238121110C9476910895CF93DF9335
:10509000C0910315D0910415209729F16091FF1458
:1050A0007091001580910115909102150F948E3D1D
:1050B0006E5F7F4F24976C177D07ACF470931108D7
:1050C000609310080E94EBEE605A75418F4F9F4F1E
:1050D0006093120870931308809314089093150836
:1050E000DF91CF9108951092120810921308109238
:1050F000140810921508F4CFCF92DF92EF92FF922E
:105100001F93CF93DF93182F662351F01092590706
:105110001092550710925607109257071092580791
:105120000E94EBEE6B017C01809155079091560730
:10513000A0915707B0915807A7019601281B390B7A
:105140004A0B5B0BDA01C901B7FD3DC0209159073D
:1051500017FD13C0412F012E000C550B4C5F5F4F04
:10516000822F022E000C990B4817590764F184EF27
:1051700091E0A0E0B0E0211724F488EE93E0A0E0F5
:10518000B0E08C0D9D1DAE1DBF1D80935507909303
:105190005607A0935707B09358072170C22F30E0ED
:1051A000D32F84E28C9FB0018D9F700D7C1B112446
:1051B00060597C4F82E390E00E946AD68091590743
:1051C0008F5F80935907DF91CF911F91FF90EF90F0
:1051D000DF90CF900895CF93DF93C091D714D091F3
:1051E000D814209729F16091D3147091D414809130
:1051F000D5149091D6140F948E3D6E5F7F4F2497F7
:105200006C177D07ACF470930708609306080E9442
:10521000EBEE605E70448D4F9F4F60930808709373
:10522000090880930A0890930B08DF91CF910895A5
:10523000109208081092090810920A0810920B08A0
:10524000F4CFCF93DF939091CA0E93FD3CC0C82F4B
:1052500083E50E94811FD82F882371F10E94D621F7
:105260008C3891059CF59093D8148093D7140E94A4
:10527000EB286091D7147091D814072E000C880B7E
:10528000990B0F9445352091D3143091D41440914B
:10529000D5145091D6140F94823E60E01816CCF4C9
:1052A00087ED96E10E942FB7CC2369F060E08D2F47
:1052B000DF91CF910C946B95CC2329F082E50E946D
:1052C000811F8111CBCFDF91CF9108958CE890E0C1
:1052D000CACF88EC96E1E6CFCF93C1E020E030E082
:1052E000A9016091DE077091DF078091E00790913E
:1052F000E1070F943E35811101C0C0E08C2FCF91A2
:1053000008954F925F926F927F928F929F92AF9289
:10531000BF92CF92DF92EF92FF920F931F93CF93A2
:10532000DF93EC012091D6073091D7074091D80741
:105330005091D907688179818A819B810F94213CA2
:105340006B017C012091DA073091DB074091DC078B
:105350005091DD076C817D818E819F810F94213C6E
:105360004B015C01A701960160914D0770914E07BA
:1053700080914F07909150070F943E35882309F490
:1053800050C0C0924D07D0924E07E0924F07F09266
:1053900050072091450730914607409147075091AB
:1053A0004807C701B6010F94A4352B013C010F94A7
:1053B000C43D6B017C0120E030E0A9010F943E3533
:1053C00087FD70C020E030E040E450E4C701B60142
:1053D0000F94823E18162CF4C12CD12CC0E4EC2E74
:1053E000FE2CA7019601C301B2010F94213C6093EA
:1053F0003D0770933E0780933F0790934007C70196
:10540000B6010F948E3D60933B07062E000C770B80
:105410006F5F7F4F6430710514F064E070E060935B
:105420003907D091370710913B07A501940160918E
:1054300051077091520780915307909154070F9430
:105440003E35811133C0D11381C020911F073091A7
:105450002007409121075091220760913D077091EC
:105460003E0780913F07909140070F94A43520910B
:1054700023073091240740912507509126070F9468
:10548000223CDF91CF911F910F91FF90EF90DF9021
:10549000CF90BF90AF909F908F907F906F905F90D4
:1054A0004F900895C12CD12C76019BCF809251074B
:1054B00090925207A0925307B09254072091490747
:1054C00030914A0740914B0750914C07C501B401F8
:1054D0000F94A4354B015C010F94C43D6B017C011A
:1054E00020E030E0A9010F943E3587FDF3C020E0B5
:1054F00030E040E450E4C701B6010F94823E181634
:105500002CF4C12CD12CB0E4EB2EFE2CA70196017B
:10551000C501B4010F94213C609341077093420789
:105520008093430790934407C701B6010F948E3DC3
:1055300060933C07062E000C770B6F5F7F4F643043
:10554000710514F064E070E060933A07C0913C0785
:10555000D11305C0809138078C1709F470C0809171
:105560003B0790913C0790933807809337070C2EA8
:10557000000CDD0B25E01203C0011124FC01EC0F2F
:10558000FD1FEE0FFF1FEE0FFF1FE552F14F2081B1
:105590003181428153812093330730933407409304
:1055A00035075093360700913A07002E000C110B77
:1055B000FC01E00FF11FEE0FFF1FEE0FFF1FE55282
:1055C000F14F60817181828193810F94213C6093BE
:1055D0002F07709330078093310790933207209103
:1055E000390735E02303F0011124CE0FDF1FCC0F64
:1055F000DD1FCC0FDD1FC552D14F288139814A8173
:105600005B8120932B0730932C0740932D075093F9
:105610002E07E00FF11FEE0FFF1FEE0FFF1FE552E9
:10562000F14F60817181828193810F94213C60935D
:105630002707709328078093290790932A07809063
:10564000410790904207A0904307B09044072091F3
:105650002F07309130074091310750913207C50133
:10566000B4010F94A4352091330730913407409151
:105670003507509136070F94223C6B017C01C09294
:105680002307D0922407E0922507F0922607209165
:105690002707309128074091290750912A07C50113
:1056A000B4010F94A43520912B0730912C07409121
:1056B0002D0750912E070F94223CA70196010F94BD
:1056C000213C60931F0770932007809321079093DC
:1056D0002207BBCEC12CD12C760118CFEDE4F7E028
:1056E00080EF9FEFA9E7B4EC84839583A683B7830B
:1056F00080839183A283B383E7E3F7E08DE981831D
:10570000808308958F929F92AF92BF92CF92DF9243
:10571000EF92FF92FC0198E0AEEDB7E001900D92A0
:105720009A95E1F788E0FB01A6EDB7E001900D92B4
:105730008A95E1F7C090DE07D090DF07E090E007A0
:10574000F090E10720E030E0A901C701B6010F9415
:105750003E358823E1F1A701960160E070E080E822
:105760009FE30F941C3D6B017C018090E2079090B9
:10577000E307A090E407B090E50720E030E0A9013E
:10578000C501B4010F943E35882329F1A501940188
:1057900060E070E080E89FE30F941C3DC0924507F5
:1057A000D0924607E0924707F09248076093490776
:1057B00070934A0780934B0790934C07FF90EF90AC
:1057C000DF90CF90BF90AF909F908F900895C12CA5
:1057D000D12C7601CACF60E070E0CB01DFCFEFE6DD
:1057E000F0E08081826080830895809166129091BC
:1057F0006712892B79F48091661290916712892B38
:1058000049F4209166123091671281E0232B19F43C
:1058100080E0089581E008958F929F92AF92BF92A9
:10582000CF92DF92EF92FF92CF93DF93EC018090C3
:10583000C20E9090C30EA090C40EB090C50E20E092
:1058400030E0A901C501B4010F943E35882309F465
:105850005EC0C880D980EA80FB8020E030E0A901EA
:10586000C701B6010F943E3518160CF050C0A701C1
:105870009601C501B4010F943E3518160CF04CC0CA
:105880002091B90E3091BA0E4091BB0E5091BC0ED2
:10589000C701B6010F943E35882331F1C092B90E8D
:1058A000D092BA0EE092BB0EF092BC0E2091BD0ECB
:1058B0003091BE0E4091BF0E5091C00E688179812B
:1058C0008A819B810F94A4359B01AC0160E070E05C
:1058D00080E89FE30F94213C6093020270930302DF
:1058E000809304029093050260910202709103027A
:1058F0008091040290910502DF91CF91FF90EF908B
:10590000DF90CF90BF90AF909F908F90089560E010
:1059100070E080E89FE3F0CF60E070E0CB01ECCF77
:10592000CF92DF92EF92FF926B017C0183E3C81666
:10593000D104E104F10470F082E3C81AD108E1084F
:10594000F10862E370E080E090E00E9450EE0E9477
:1059500069D1ECCFC701B6010E9450EEFF90EF90E5
:10596000DF90CF900C9469D11092E50D8091FC07E7
:105970009091FD07A091FE07B091FF078093F80773
:105980009093F907A093FA07B093FB0708959091BD
:105990006912109269129230B9F09430C1F09130CE
:1059A000E1F4882319F0813021F008959093E60DF9
:1059B000089582E08093E60D8091E50D882369F0DB
:1059C0001092CE090C94B42C1092E70D089583E543
:1059D00099E19093100A80930F0A08956C98749A35
:1059E0000C94B42C90912C1794FB882780F994FF89
:1059F00006C081E090919318911101C080E0089554
:105A00000E94F22C882339F080912C1782FB882782
:105A100080F991E08927089580919E0E811106C03A
:105A200080916812823011F00C94002D81E008956D
:105A30000C9427B581E00895CF93DF93EC01E62F16
:105A4000660FFF0BEA59FE4CE491E250E13108F099
:105A5000B0C0F0E08827E05DF24D8F4F0D94193C07
:105A6000412DD92DD92DD92DD92D6B2D4D2D8F2DE2
:105A70008D2D6D2DB32DB12D912DD92DD72DD52D4A
:105A8000B52D82E1E5E7F2E0DE0101900D928A9505
:105A9000E1F7CE01DF91CF91089581E020EB30E076
:105AA0003983288321EB30E03B832A831D821C82CB
:105AB00023EB30E03F832E8324EB30E039872887C7
:105AC0001B861A861D861C8692E09E878F8781E042
:105AD000888B198ADECF80E0E1CF81E08F5F20E9FB
:105AE00030E03983288321E930E03B832A8322E9AF
:105AF00030E03D832C8328E930E03F832E832AE980
:105B000030E0398728872CE930E03B872A8726E96F
:105B100030E03D872C8793E0D8CF80E0DFCF80E076
:105B2000DECF81E08F5F20EA30E03983288321EAED
:105B300030E03B832A8322EA30E03D832C8328EA4D
:105B400030E03F832E832AEA30E0398728872CEA29
:105B500030E03B872A8726EA30E03D872C8794E0B7
:105B6000B4CF80E0DFCF80E0DECF81E08F5F20E246
:105B700031E03983288321E231E03B832A8322E22A
:105B800031E03D832C8328E231E03F832E832AE2FB
:105B900031E0398728872CE231E03B872A8726E2EB
:105BA00031E03D872C8795E090CF80E0DFCF80E02B
:105BB000DECF82E1FE0111928A95E9F76ACF9091DA
:105BC000D10095FD0CC09091D00095FF08C0809346
:105BD000D6008091D00080648093D00008952091F9
:105BE00086062F5F2F770FB607FC27C09091870698
:105BF000921328C09091D00095FF1EC09091870607
:105C000040918606941306C09091D1009F7D909399
:105C1000D10012C0E92FF0E0EA57F94F32819F5FBF
:105C20009F773093D600909387063091D0003064F0
:105C30003093D000491741F3D9CF90918706921342
:105C400001C0FBCFE0918606F0E0EA57F94F82836E
:105C5000209386068091D10080628093D1000895C0
:105C60008F929F92AF92BF92CF92DF92EF92FF926C
:105C70000F931F93CF93DF937C0121E5E20EF11C7C
:105C8000D7014C914A3509F0A4C06C01B2E5CB0EA6
:105C9000D11CF6013081353A09F09BC0EC01C05BA4
:105CA000DF4F2881233008F494C08C0100561F4F29
:105CB000D8014C93E15BFF4F308331962083EF5442
:105CC000F1093081E05BFF4F30833038B1F4319619
:105CD000AC54B1093C913083E854F109AF5ABF4F3D
:105CE00050E040E02250330B42175307CCF4808140
:105CF00032968D934F5F5F4FF7CF233031F53138B8
:105D000009F074C0FC01EC55FF4FDC01AC5ABF4FE9
:105D10002C9120833196885A9F4FDC018C9180838F
:105D20004801B12CA12C888190E002968A159B0530
:105D30000CF43FC0F40181914F010E94DF2D0F94BC
:105D4000B40DFFEFAF1ABF0AEECF323821F5FC01D8
:105D5000EC5AFF4F30814181E05BFF4F4083319629
:105D60003083DC01AA55BF4F50E040E02350330B95
:105D700042175307ACF6FA01EE7FE45AFF4FE80FE3
:105D8000F91F608171817C9311966C9311974E5F1E
:105D90005F4F1296EDCF243019F6333809F6FC0127
:105DA000EC5AFF4F20813181E05BFF4F3083319609
:105DB000B0CF80E5DE011D928A95E9F78EE2F80109
:105DC00011928A95E9F78AE5D7018C9385EAF60165
:105DD0008083DF91CF911F910F91FF90EF90DF9023
:105DE000CF90BF90AF909F908F900895323809F078
:105DF00097CFADCF1F920F920FB60F9211240BB613
:105E00000F922F938F939F93EF93FF938091870629
:105E100020918606821306C08091D1008F7D8093E9
:105E2000D10012C0E82FF0E0EA57F94F92818F5F5E
:105E30008F779093D600809387069091D0009064DE
:105E40009093D000281741F3FF91EF919F918F918C
:105E50002F910F900BBE0F900FBE0F901F901895B3
:105E60001F920F920FB60F9211240BB60F920F9341
:105E70001F932F933F934F935F936F937F938F93D2
:105E80009F93AF93BF93CF93DF93EF93FF93C09113
:105E9000D60000917407D091730711E01D0F1F7396
:105EA00090918506943108F0B1C0E92FF0E0882781
:105EB000E35AF04D8F4F0D94193C712FA02FAF2F47
:105EC000C12FC82F0630CC2F0630D02FD42F06304C
:105ED000D82FDC2F0630E12FE62FEB2FF32F0630E3
:105EE000FE2FC03229F028F5CA3011F0CD3031F53F
:105EF000011731F0ED2FF0E0ED58F84FC283D12FAC
:105F0000D0937307FF91EF91DF91CF91BF91AF9144
:105F10009F918F917F916F915F914F913F912F91C1
:105F20001F910F910F900BBE0F900FBE0F901F90FF
:105F30001895CD3481F081E0CE3471F083E10CC04E
:105F4000CA3338F4C033A0F6C03291F2CD32B1F783
:105F5000CFCFCD3499F782E080938506C9CFC43383
:105F600071F030F4C03221F283E0C133A9F3E6CFFF
:105F70008BE0C53389F38EE0C83371F3DFCF88E05F
:105F8000EBCF84E0C03341F386E0C13329F3D6CFB1
:105F900085E0C83399F6E0CF87E0C23379F6DCCFED
:105FA00089E0C13359F6D8CF8AE0C03339F6D4CF6F
:105FB0008CE0C23319F6D0CF8DE0C43309F0BECFE8
:105FC000CBCF8FE0C73309F0B9CFC6CF80E1C6335E
:105FD00009F0B4CFC1CFC03209F48ACF81E1C33513
:105FE00009F4BACFABCF80ED8C0F8A3008F080CFA8
:105FF00092E190938506809384067ACFCA3019F097
:10600000CD3009F075CF1092850672CFCA3019F0E5
:10601000CD3009F06DCF809120178823A1F39A30FD
:10602000B9F040F4953079F0973069F781E08093CA
:106030000E08E9CF9D3081F0923129F780918406D6
:106040000E94C72CE0CF10922D021092E70DDBCFFB
:1060500081E080930D08D7CF81E080930C08D3CFE7
:106060009091C00095FFFCCF8093C6000895CF9318
:10607000DF93EC01FE0184912196882319F00E94A0
:106080003030F8CFDF91CF910895E091971081E6FD
:10609000E89FF0011124E750FF4E8081811107C075
:1060A00088E290E30E9437308AE00C943030089503
:1060B000CF93C62F0E9437308C2FCF910C94303065
:1060C0000F931F93CF938C01C62F82E299E00E9419
:1060D0003730C8010E943730CC2331F08AE0CF91AD
:1060E0001F910F910C943030CF911F910F91089513
:1060F00060E088E098E30E9460308EE399E00E94BF
:1061000037308AE00C943030CF93DF93EC0160E0BD
:1061100088E098E30E94603083E499E00E94373081
:1061200080E20E943030CE010E9437308AE0DF9159
:10613000CF910C94303060E088E098E30E946030AA
:106140008AE399E00E9437308AE00C943030DF9285
:10615000EF92FF920F931F93CF93DF93D82E7B0183
:106160008A01E9010E949B30D092691260E088E0C8
:1061700098E30E94603080E198E30E94373080E22B
:106180000E943030C7010E9437308AE00E943030D0
:106190000115110519F0C8010E948430209719F0EB
:1061A000CE010E948430DF91CF911F910F91FF901B
:1061B000EF90DF900C947830811107C088EB90E16C
:1061C0000E9437308AE00C9430308CEB90E1F8CFAD
:1061D00064EA70E10F94CC1560919D0E605D8BE9CF
:1061E00090E10E94583087E990E10E943730809119
:1061F0009D0E0C94DC3083E997E00C9437302F929D
:106200003F924F925F926F927F928F929F92AF9246
:10621000BF92CF92DF92EF92FF920F931F93CF9393
:10622000DF93CDB7DEB72E970FB6F894DEBF0FBE63
:10623000CDBF87E00E945CC98111C0C096E5C92E20
:106240009BE1D92E88E592E09E878D87FE013196ED
:106250001F017F0110E000E0C6010E945123ED857F
:10626000FE8581909190A190B190FE87ED87A50168
:1062700094010F94213C2B013C01F7014082518293
:106280006282738220E030E040EA51EC0F94823E5B
:1062900087FD0AC020E030E040EA51E4C301B201CA
:1062A0000F943E3518167CF4F801E054F64CE49156
:1062B0001E164CF4B7FAB094B7F8B094F701808288
:1062C0009182A282B382F70181909190A190B190C6
:1062D0007F0120E030E040EA51ECC501B4010F94A9
:1062E000823E87FD42C020E030E040EA51E4C50133
:1062F000B4010F943E351816C4F10F5F1F4FF4E040
:10630000CF0ED11C0330110509F0A6CF83E4E82E8F
:1063100089E0F82E10E0F10181919191A191B19164
:106320001F01F70181939193A193B1937F01812F75
:106330000E945EAD1F5F133071F70E94A1AF60E055
:106340008AE596E10E942FB763E972E084E690E067
:106350000E946AD670E060E08AE090E00E946AD60F
:106360006AEB72E084E690E00FC00E94FB3088E7A1
:1063700096E10E94373061E08AE696E10E942FB7ED
:1063800068E270E080E991E02E960FB6F894DEBFE7
:106390000FBECDBFDF91CF911F910F91FF90EF9076
:1063A000DF90CF90BF90AF909F908F907F906F9035
:1063B0005F904F903F902F900C946AD62E960FB618
:1063C000F894DEBF0FBECDBFDF91CF911F910F912B
:1063D000FF90EF90DF90CF90BF90AF909F908F9005
:1063E0007F906F905F904F903F902F9008958DE831
:1063F00097E00C943730811102C00C94F731089566
:10640000CF9384E50E94811FC0E0882309F10E9498
:106410009121C82F1816E4F40E94F7318DE40E94F0
:106420003030609170077091710790E080E00F94B8
:10643000A90F8EEF90E10E9437306C2FCC0F770BB5
:10644000880B990B0F947B128AE00E943030CFEFBB
:106450008C2FCF9108950F931F93CF93811116C066
:10646000C42F8B010E94F7318BEF90E10E943730EF
:10647000C8010E943730CC2349F08AE30E943030B3
:106480008AE0CF911F910F910C943030CF911F91E2
:106490000F910895CF93C82F82E0C11184E060E08E
:1064A0000F949F120E94F7318BE599E0CC2311F0F5
:1064B00080E799E0CF910C943730CF92DF92EF9242
:1064C000FF926A017B010E94373042E0C701B601AA
:1064D000FF90EF90DF90CF900C9458940F931F9300
:1064E000CF9381EF93E00E942C1F882309F44FC0C3
:1064F00088E40E94501F882321F00E94B1218093DC
:10650000630762E570E080916D0790916E070F94CC
:10651000703F8C0183E50E94501FC82F012B11F49E
:10652000882341F00E94B42CCC2321F00E94B12199
:106530008093CE0984E40E94501F882311F10E94A9
:10654000E9216093FC077093FD078093FE07909309
:10655000FF0780E50E94501F882309F45AC00E945B
:10656000D6219C0133272330310524F02730310513
:1065700009F04FC080930108CF911F910F910C94A7
:10658000EE2C8CE40E94501F8111D9CFE2CF0E94E3
:10659000F7318AEE90E10E9437308091CE09811167
:1065A00032C088EB90E10E9437304091FC07509157
:1065B000FD076091FE077091FF078DED90E10E944D
:1065C0005D328AED90E10E943730C091010881ED83
:1065D00090E10E9437306C2F70E090E080E00F94E3
:1065E0007B128FEB90E10E9437308091630781111D
:1065F0000DC088EB90E10E9437308AE0CF911F9167
:106600000F910C9430308CEB90E1CDCF8CEB90E17E
:10661000F2CFCF911F910F910895CF93DF93C82FA1
:1066200041E06BE97FE00E942B328C2F0E94FB310E
:10663000CBEFD4E148A159A16AA17BA182E99FE0F7
:106640000E945D322CEA35EC47E25EE36CA17DA14D
:106650008EA19FA10F941C3DAB01BC018FE89FE070
:106660000E945D322CEA35EC47E25EE368A579A52D
:106670008AA59BA50F94A435AB01BC018CE89FE0D3
:106680000E945D328AE0DF91CF910C9430300E94FD
:106690005D328AE00C943030CF93DF936EE476E184
:1066A0000F94CC15C3E4D9E0488159816A817B817C
:1066B00085E496E10E945D324C815D816E817F812F
:1066C0008EEF99E30E945D32488559856A857B8506
:1066D0008BEF99E3DF91CF910C944733CF93DF9306
:1066E00065EB7FE00F94CC15CFECD4E148A159A124
:1066F0006AA17BA18CEA9FE00E945D322CEA35EC16
:1067000047E25EE36CA17DA18EA19FA10F941C3D89
:10671000AB01BC0189EA9FE00E945D322CEA35ECB6
:1067200047E25EE368A579A58AA59BA50F94A435E9
:10673000AB01BC0186EA9FE0DF91CF910C94473317
:10674000CF93DF9363E17FE00F94CC156091500FFE
:106750007091510F8091520F9091530F0F944335C8
:10676000AB01BC018AE09FE00E945D324091800F46
:106770005091810F6091820F7091830F87E09FE0AD
:106780000E945D324091840F5091850F6091860F79
:106790007091870F84E09FE00E945D32CEEBD9E0DC
:1067A000488159816A817B8181E09FE00E945D324E
:1067B0004C815D816E817F818EEF99E30E945D3215
:1067C000488559856A857B858BEF99E30E945D3208
:1067D0004C855D856E857F8588EF99E3DF91CF914C
:1067E0000C944733CF93DF9367EB7EE00F94CC1587
:1067F000C0E4DFE04CA95DA96EA97FA98EEA9EE006
:106800000E945D3248AD59AD6AAD7BAD8BEA9EE02A
:106810000E945D324CAD5DAD6EAD7FAD84E09FE01A
:10682000DF91CF910C944733CF93DF9363E97EE000
:106830000F94CC15C0E4DFE04CA15DA16EA17FA157
:106840008AE89EE00E945D3248A559A56AA57BA50D
:106850008EEF99E30E945D324CA55DA56EA57FA5E4
:106860008BEF99E30E945D3248A959A96AA97BA9D7
:1068700088EF99E3DF91CF910C944733CF93DF9367
:106880006EE67EE00F94CC15C0E4DFE0688179818C
:106890008A819B810F944335AB01BC0185E69EE064
:1068A0000E945D326C817D818E819F810F94433582
:1068B000AB01BC018EEF99E30E945D32688579855A
:1068C0008A859B850F944335AB01BC018BEF99E31F
:1068D0000E945D326C857D858E859F850F94433542
:1068E000AB01BC0188EF99E3DF91CF910C94473362
:1068F000CF93811112C040E063E57EE00E942B320D
:106900008091F207811104C086E49EE00E94373036
:106910008AE00E9430300E94F731C091F2078DE387
:106920009EE00E9437308C2F0E945A234091EE0740
:106930005091EF076091F0077091F1078AE39EE0B4
:10694000CF910C944733CF92DF92EF92FF920F9347
:106950001F93CF93DF936C017B01EA01C90100977C
:1069600011F00E943730F6014081518162817381BC
:1069700081E09FE00E945D32F70140815181628198
:1069800073818EEF99E30E945D32488159816A815B
:106990007B818BEF99E30E945D320115110559F05F
:1069A000C801DF91CF911F910F91FF90EF90DF9081
:1069B000CF900C9437308AE0DF91CF911F910F91E7
:1069C000FF90EF90DF90CF900C9430300F931F9397
:1069D0009B018A01AC01485F5F4FBC016C5F7F4F38
:1069E0000E94A3341F910F910895CF93DF93EC0180
:1069F000CB010E94373088819981892B39F080E260
:106A00000E943030888199810E94373080E20E9454
:106A1000303050E040E070E060E088E592E0DF91E7
:106A2000CF910C94E634FC012281222321F06BEA01
:106A300078E00C94F5340895FC01718360834283FF
:106A4000442321F067EA78E00C94F53408958091AE
:106A5000CA0E85FF10C08091C10E49ED58E069EE65
:106A600078E0811104C04DEF58E06EE079E088E5F0
:106A700092E00C94E63408951F93CF93DF9300D0F7
:106A8000CDB7DEB7182F4091CA0E45FB442740F919
:106A90006FEA78E0CE0101960E941C35112321F0A7
:106AA0000E946C298823E1F08091C10E8117C1F00A
:106AB0000E9427350E947FA888E592E00E9421AAC3
:106AC0008091C10E91E089278093C10E882321F027
:106AD00088E592E00E945BA70E9493AF0E94273551
:106AE000CE0101960E9413350F900F900F90DF9109
:106AF000CF911F9108958F929F92AF92BF92EF9284
:106B0000FF920F931F93CF93DF938091CA0E85FF5F
:106B100004C088EC98E00E94373080E00E943C3549
:106B20001092DA071092DB071092DC071092DD0753
:106B30001092D6071092D7071092D8071092D90753
:106B40001092E2071092E3071092E4071092E50713
:106B50001092DE071092DF071092E0071092E10713
:106B60000BED1EE0C0E0812C912C80ECA82E8FE76D
:106B7000B82E7801D0E0F70181929192A192B19262
:106B80007F016D2F8C2F0F945216DF5FD53099F750
:106B9000CF5F0C5E1F4FC53061F7DF91CF911F9122
:106BA0000F91FF90EF90BF90AF909F908F900895BE
:106BB000CF93DF93EB010E943730BE01DD0F880BCE
:106BC000990BDF91CF910D947B120E94D8358AE00A
:106BD0000C9430300E9437308AE00C9430306F9241
:106BE0007F928F929F92AF92BF92CF92DF92EF925D
:106BF000FF920F931F93CF93DF93CDB7DEB76497C8
:106C00000FB6F894DEBF0FBECDBF1092D0008091BA
:106C1000D00082608093D0001092D50080E18093F4
:106C2000D4008091D10080618093D1008091D10007
:106C300088608093D1008091D10080688093D100DA
:106C40008091D1008F7D8093D1008AE58093A31637
:106C50008093531685EA8093A41680935416E2EF2E
:106C6000F6E18EE2DF011D928A95E9F764EF71E0AB
:106C700080E090E00E9414B50E94AFBD84E096E0F1
:106C80009093AF168093AE1680EA90E89093B11679
:106C90008093B01687E08093A21612E81093A51691
:106CA00080EA90E0A0E0B0E08093A6169093A7164B
:106CB000A093A816B093A91682E596E10E94302E03
:106CC00060E971E080E090E00E9414B587EF93E006
:106CD0000E94A7B684E690E09093AF168093AE161C
:106CE00005E00093A2161093A51686E090E1A0E0BF
:106CF000B0E08093A6169093A716A093A816B09321
:106D0000A91682E596E10E94302E8BE090E09093E8
:106D1000AF168093AE160093A2161093A51680E0CE
:106D200092E1A0E0B0E08093A6169093A716A093FE
:106D3000A816B093A91682E596E10E94302E109213
:106D4000AF161092AE160093A2161093A51684E308
:106D500090E1A0E0B0E08093A6169093A716A093D0
:106D6000A816B093A91682E596E10E94302E1092E3
:106D7000AF161092AE160093A2161093A5168AE3D2
:106D800090E1A0E0B0E08093A6169093A716A093A0
:106D9000A816B093A91682E596E10E94302E609164
:106DA000FF147091001580910115909102150F94B8
:106DB0008E3D7093AF166093AE160093A21610939B
:106DC000A51686E390E1A0E0B0E08093A61690932C
:106DD000A716A093A816B093A91682E596E10E9483
:106DE000302E1092AF161092AE160093A21610938A
:106DF000A51680E590E1A0E0B0E08093A616909300
:106E0000A716A093A816B093A91682E596E10E9452
:106E1000302E6091D3147091D4148091D514909138
:106E2000D6140F948E3D7093AF166093AE160093F8
:106E3000A2161093A5168CE390E1A0E0B0E0809339
:106E4000A6169093A716A093A816B093A91682E54C
:106E500096E10E94302E8091990E90911F02899F99
:106E6000C0011124880F892F881F990B9195B4E6D2
:106E70008B9FC001112481589F4F6FEF70E00F94DA
:106E8000053C7093AF166093AE160093A216109354
:106E9000A5168EE190E1A0E0B0E08093A616909355
:106EA000A716A093A816B093A91682E596E10E94B2
:106EB000302EE0E6CE2EE0E1DE2EE12CF12C109219
:106EC000AF161092AE160093A2161093A516C0929C
:106ED000A616D092A716E092A816F092A91682E5FF
:106EE00096E10E94302EEFEFCE1ADE0AEE0AFE0A7D
:106EF000F4E7CF16F0E1DF06E104F10401F7CE017B
:106F000001967C0184E1D7011D928A95E9F781E021
:106F10008F9390E99F938F939CE29F938F939F937E
:106F20008BE094E09F938F93FF92EF920F94AA3F90
:106F300020E630E140E050E068E174E082E596E16F
:106F40000F94BB0D2AE630E140E050E066E274E0C9
:106F500082E596E10F94BB0D24E730E140E050E07C
:106F6000B70182E596E10F94BB0D2EE730E140E0DA
:106F700050E06EE274E082E596E10F94BB0D109252
:106F8000AF161092AE160093A2161093A5168EE0BF
:106F900090E1A0E0B0E08093A6169093A716A0938E
:106FA000A816B093A91682E596E10E94302E1092A1
:106FB000AF161092AE160093A2161093A5168FE08E
:106FC00090E1A0E0B0E08093A6169093A716A0935E
:106FD000A816B093A91682E596E10E94302E0FB64E
:106FE000F894DEBF0FBECDBF4AE0C42E40E2D42EDF
:106FF000E12CF12C55E0752E62E8662E4601570112
:107000000AE010E01092AF161092AE167092A2161F
:107010006092A5168092A6169092A716A092A81626
:10702000B092A91682E596E10E94302E0150110916
:10703000FFEF8F1A9F0AAF0ABF0A0115110511F75A
:107040002AE0C20ED11CE11CF11C82EDC81680E2C0
:10705000D806E104F10491F6C12C30E2D32EE12CE4
:10706000F12C05E012E81092AF161092AE160093C4
:10707000A2161093A516C092A616D092A716E0925B
:10708000A816F092A91682E596E10E94302E109281
:10709000AF161092AE160093A2161093A516D70144
:1070A000C6018C529F4FAF4FBF4F8093A61690934F
:1070B000A716A093A816B093A91682E596E10E94A0
:1070C000302E9FEFC91AD90AE90AF90AAAE0CA16AE
:1070D000A0E2DA06E104F10431F62EEDC22E20E240
:1070E000D22EE12CF12C05E012E81092AF1610928E
:1070F000AE160093A2161093A516C092A616D092B3
:10710000A716E092A816F092A91682E596E10E94D1
:10711000302EBFEFCB1ADB0AEB0AFB0AE6EECE16E7
:10712000E0E2DE06E104F10401F7CC24C39482E13D
:10713000D82EE12CF12C9AE0A92EB12C05E012E812
:10714000B092AF16A092AE160093A2161093A51699
:10715000C092A616D092A716E092A816F092A91691
:1071600082E596E10E94302EB092AF16A092AE1644
:107170000093A2161093A516D701C6018096A11DF3
:10718000B11D8093A6169093A716A093A816B0934E
:10719000A91682E596E10E94302EFFEFCF1ADF0A92
:1071A000EF0AFF0A25E1C21622E1D206E104F1044A
:1071B00039F686EE96E10E94EA3564960FB6F894A9
:1071C000DEBF0FBECDBFDF91CF911F910F91FF901A
:1071D000EF90DF90CF90BF90AF909F908F907F9077
:1071E0006F900895CF93DF9368EA76E10F94CC1502
:1071F000C0913315D0913415488159816A817B81C2
:107200008FE996E10E945D324C815D816E817F81C4
:107210008EEF99E30E945D3240912F155091301509
:1072200060913115709132158BEF99E30E945D32B8
:107230008CE996E10E94373086E996E1DF91CF91A3
:107240000C94EA35CF93DF93C82F41E06CEC7FE0DC
:107250000E942B328C2F0E94FB31C6EED7E04C816E
:107260005D816E817F8183EC9FE00E945D32488169
:1072700059816A817B8180EC9FE00E945D328DEBB9
:107280009FE00E94373086E996E1DF91CF910C9420
:10729000EA35CF93DF93EC0160E08CE299E00E9445
:1072A0006030CE01DF91CF910C94EA35CF93DF931C
:1072B000CDB7DEB7A8970FB6F894DEBF0FBECDBF2F
:1072C0008C017B01942E0E9497990115110509F4F8
:1072D000C8C00E94F731C8010E94EA35E114F104E8
:1072E00021F49DE9E92E9AE2F92E8091C10780FDF3
:1072F00089C081608093C107CDB6DEB680E597E096
:107300000E94EA3581E09AE59093AF168093AE161D
:1073100088E590E09093B1168093B01687E0809353
:10732000A21682E88093A51684E890E0A0E0B0E081
:107330008093A6169093A716A093A816B093A916AB
:1073400082E596E10E94302EC8010F948B345C01D7
:10735000C7010F948B348A0D9B1D03962DB73EB742
:10736000281B390B0FB6F8943EBF0FBE2DBF8DB74B
:107370009EB701965C01FF92EF921F930F9389E4F1
:1073800097E09F938F93BF92AF920F94D5348AE288
:1073900089838A838B838C83D501CE010596EDB7D3
:1073A000FEB738960FB6F894FEBF0FBEEDBFBE0114
:1073B0006F5F7F4FFC01E61BF70B2D9121110BC076
:1073C000E60FF71F8AE29F01261B370B2832310593
:1073D00034F48193F8CFFC012193CF01EBCF20E669
:1073E00030E140E050E082E596E10F94BB0D6AE0A9
:1073F00070E080E090E00E9414B50FB6F894DEBE15
:107400000FBECDBE0E94FB308DE697E00E94373064
:1074100061E08BE597E00E94603089EE93E0019790
:1074200039F000C00000EEE5F9E03197F0F7F7CF52
:10743000F89489EE93E0019739F000C00000E6EE81
:10744000F3E03197F0F7F7CF0E949799992031F048
:107450000E948B9B0E94071FA895FECF0E94509B05
:10746000F9CFE114F10421F48DE9E82E8AE2F82E37
:1074700004E617E03ACF8091990F90919A0F2FEF81
:107480003FEF981751F0E92FF0E0E756F04F2281D7
:1074900030E09F5F9F7790939A0FC90108951F92E4
:1074A0000F920FB60F9211240F900FBE0F901F90E6
:1074B00018951F920F920FB60F9211240BB60F92D0
:1074C0000F931F932F933F934F935F936F937F93EC
:1074D0008F939F93AF93BF93CF93DF93EF93FF93DC
:1074E000C091C60000919A0FD091990F11E01D0F25
:1074F0001F7790918306943108F0B1C0E92FF0E036
:107500008827EA57F54C8F4F0D94193C9A3AC93A9F
:10751000D83AEA3AF13A2F3BF53A2F3BF93AFD3A9D
:107520002F3B013B053B2F3B0A3B0F3B143B1C3BD6
:107530002F3B273BC03229F028F5CA3011F0CD305F
:1075400031F5011731F0ED2FF0E0E756F04FC2832F
:10755000D12FD093990FFF91EF91DF91CF91BF91F0
:10756000AF919F918F917F916F915F914F913F91DB
:107570002F911F910F910F900BBE0F900FBE0F9088
:107580001F901895CD3481F081E0CE3471F083E105
:107590000CC0CA3338F4C033A0F6C03291F2CD32F9
:1075A000B1F7CFCFCD3499F782E080938306C9CF6E
:1075B000C43371F030F4C03221F283E0C133A9F357
:1075C000E6CF8BE0C53389F38EE0C83371F3DFCFAC
:1075D00088E0EBCF84E0C03341F386E0C13329F388
:1075E000D6CF85E0C83399F6E0CF87E0C23379F68D
:1075F000DCCF89E0C13359F6D8CF8AE0C03339F601
:10760000D4CF8CE0C23319F6D0CF8DE0C43309F06B
:10761000BECFCBCF8FE0C73309F0B9CFC6CF80E163
:10762000C63309F0B4CFC1CFC03209F48ACF81E1AB
:10763000C33509F4BACFABCF80ED8C0F8A3008F098
:1076400080CF92E190938306809384067ACFCA30EC
:1076500019F0CD3009F075CF1092830672CFCA3081
:1076600019F0CD3009F06DCF809120178823A1F358
:107670009A30B9F040F4953079F0973069F781E0AD
:1076800080930E08E9CF9D3081F0923129F78091E7
:1076900084060E94C72CE0CF10922D021092E70DB5
:1076A000DBCF81E080930D08D7CF81E080930C0879
:1076B000D3CF8EBD0DB407FEFDCF08958FEF8EBDE5
:1076C0000DB407FEFDCF8EB50895909164009B7FA9
:1076D00090936400982F906A96959CBD80FD03C09E
:1076E00091E0863009F490E09DBD0895CF93C62FB8
:1076F0000E9437308C2F0E9452948AE0CF910C94D4
:1077000030302F923F924F925F926F927F928F9282
:107710009F92AF92BF92CF92DF92EF92FF920F9320
:107720001F93CF93DF9300D01F92CDB7DEB7ADB6D6
:10773000BEB642E5642E46E1742E5AE5452E65EA52
:10774000562E9091B6078091730720917407821B83
:107750008F7309F4E7C09130F1F1A0F1923009F490
:1077600042C0933081F78091730790917407109114
:10777000B507891B8F73811708F4D4C00E940A1FB4
:10778000282E33243A94310EEDB6FEB6A12FA15027
:10779000BB0BEDB7FEB7EA1BFB0B0FB6F894FEBFB1
:1077A0000FBEEDBF0DB71EB70F5F1F4F6801480139
:1077B0003A94FFEF3F1611F10E940A1FD4018D93F6
:1077C0004D01F6CF0E940A1F8A3509F0BACF21E099
:1077D0002093B607B6CF0E940A1F853A69F482E06B
:1077E0008093B607AECF0E940A1F8093B5078350DF
:1077F0008E3710F483E0F4CF80E0F2CFB2E82B12A2
:1078000011C0F80180818F3409F085C081818B34EB
:1078100009F081C01092B6070FB6F894FEBE0FBEF5
:10782000EDBE8FCFF3E82F1276C0D8016D917C9119
:10783000119776276727762712969C90492D440F3B
:10784000CB01B0E0A0E08093561690935716A0931A
:107850005816B09359169092521690E080E050E07E
:10786000B2E0CB0ED11C8417950770F4FC01EE7FBB
:10787000E25AF94ED60111963C91119712962C912D
:10788000318320830296ECCF80E597E10E94D6B544
:10789000692D88E497E10E94763BF801D38083E468
:1078A00097E10E9437308D2D0E945294D801149692
:1078B0006C918CE397E10E94763BF801D58087E3D9
:1078C00097E10E9437308D2D0E945294D801169670
:1078D0006C9180E397E10E94763B1092B6078FE0AF
:1078E00097E10E94EA3560913F0F16168CF4062E40
:1078F000000C770B8DEF96E10E94E535F30120E552
:1079000011922A95E9F7409253165092541684CF5B
:107910000E949DF081CF1092B6070FB6F894FEBE7C
:107920000FBEEDBE8091BE07882319F18091BD077F
:107930008837F8F48F5F8093BD070FB6F894BEBE0A
:107940000FBEADBE0F900F900F900F90DF91CF91B3
:107950001F910F91FF90EF90DF90CF90BF90AF906D
:107960009F908F907F906F905F904F903F902F905F
:1079700008951092BD078091BB079091BC079C01B0
:107980002F5F3F4F3093BC072093BB078E3E924042
:10799000A0F26091FF1470910015809101159091F3
:1079A00002150F948E3D7093AF166093AE1605E0EE
:1079B0000093A21612E81093A51686E390E1A0E0CA
:1079C000B0E08093A6169093A716A093A816B09344
:1079D000A91682E596E10E94302E6091D314709131
:1079E000D4148091D5149091D6140F948E3D709339
:1079F000AF166093AE160093A2161093A5168CE3F3
:107A000090E1A0E0B0E08093A6169093A716A09313
:107A1000A816B093A91682E596E10E94302E8091B7
:107A20000315909104159093AF168093AE160093B2
:107A3000A2161093A51684E390E1A0E0B0E0809335
:107A4000A6169093A716A093A816B093A91682E540
:107A500096E10E94302E8091D7149091D814909383
:107A6000AF168093AE160093A2161093A5168AE364
:107A700090E1A0E0B0E08093A6169093A716A093A3
:107A8000A816B093A91682E596E10E94302E1092B6
:107A9000AF161092AE160093A2161093A51680E5AD
:107AA00090E1A0E0B0E08093A6169093A716A09373
:107AB000A816B093A91682E596E10E94302E109286
:107AC000AF161092AE160093A2161093A5168EE470
:107AD00090E1A0E0B0E08093A6169093A716A09343
:107AE000A816B093A91682E596E10E94302E0E9456
:107AF0004BB4882391F0909170022091BF07E92F39
:107B0000092E000CFF0B2E171F06B9F42091B907A0
:107B10003091BA072436310584F49091140A9111FA
:107B20007CC0882339F18091B9079091BA070196FA
:107B30009093BA078093B9071DC09C3008F068C0C5
:107B40008827EA55F24C8F4F0D94193CB23DE53D24
:107B5000EB3DE83DEE3DF13DF43D003EF73D033E9B
:107B6000FA3DFD3D84E998E10E940BBC1092BA07F2
:107B70001092B90781E08093BE071092BC07109263
:107B8000BB0780913F0F811174C01092B80780919C
:107B9000B807853620F01092B80710923F0FE09199
:107BA0003F0FE150E73008F0A3C00E2E000CFF0B92
:107BB0008827E252F24C8F4F0D94193C433E703EA1
:107BC000B843E143F6432844743E83E898E1CCCFC0
:107BD00085E798E1C9CF81E698E1C6CF8EE498E1C8
:107BE000C3CF8EEF98E1C0CF81E498E1BDCF83E3AE
:107BF00098E1BACF83E298E1B7CF86E198E1B4CFBC
:107C000086E098E1B1CF8AEF97E10E94EA35AECFE6
:107C100089EE97E10E943EBAA9CF811125C081E08B
:107C20009AE59093AF168093AE1685E390E090931B
:107C3000B1168093B01687E08093A21682E88093F5
:107C4000A51684E890E0A0E0B0E08093A61690939B
:107C5000A716A093A816B093A91682E596E10E94F4
:107C6000302E1092140A82CF1092140A84E690E00B
:107C70005FCF0E94FAB4811188CF8091B8078F5FDF
:107C80008093B80784CF0E9495B5882389F18BED46
:107C900097E10E94EA3581E09AE59093AF168093D0
:107CA000AE1686E390E09093B1168093B01687E00D
:107CB0008093A21682E88093A51684E890E0A0E065
:107CC000B0E08093A6169093A716A093A816B09341
:107CD000A91682E596E10E94302E10923F0F08C04F
:107CE0000E9495B5882321F00E94FAB48823A9F355
:107CF0008091C10E882309F4B9C583E090E0909388
:107D0000AF168093AE1685E08093A21682E880932A
:107D1000A51685E490E1A0E0B0E08093A6169093CC
:107D2000A716A093A816B093A91682E596E10E9423
:107D3000302E8091CE09882309F49BC583E090E022
:107D40009093AF168093AE1685E08093A21682E8DA
:107D50008093A51688E190E1A0E0B0E08093A6169C
:107D60009093A716A093A816B093A91682E596E162
:107D70000E94302E80919D0E882309F47DC583E0FA
:107D800090E09093AF168093AE1685E08093A21694
:107D900082E88093A5168AE190E1A0E0B0E08093AC
:107DA000A6169093A716A093A816B093A91682E5DD
:107DB00096E10E94302E8091C007811160C589E153
:107DC0008093C00768EB7BE080E090E00E9414B5F0
:107DD0002091C007822F90E0253608F08CC5909343
:107DE000AF168093AE1685E08093A21682E880934A
:107DF000A51680E090E1A0E0B0E08093A6169093F5
:107E0000A716A093A816B093A91682E596E10E9442
:107E1000302E0E94FAB481117FC510912C1712FBED
:107E2000002700F912FF02C017FF76C50E94002D3F
:107E3000811172C580916812813009F46DC50023EB
:107E400011F017FF69C50E940C2D811165C52091A5
:107E50001D0A30911E0A37FD02C00C94844720E0B1
:107E600030E0A901A4E6B0E00F94C33B2FEF30E06F
:107E700040E050E00F94A43B3093AF162093AE1631
:107E800005E00093A21612E81093A51680E491E194
:107E9000A0E0B0E08093A6169093A716A093A81632
:107EA000B093A91682E596E10E94302E8091200AB7
:107EB00090E09093AF168093AE160093A2161093A5
:107EC000A51682E491E1A0E0B0E08093A61690931D
:107ED000A716A093A816B093A91682E596E10E9472
:107EE000302E80911F0A90E09093AF168093AE16CB
:107EF0000093A2161093A51684E491E1A0E0B0E0EF
:107F00008093A6169093A716A093A816B093A916CF
:107F100082E596E10E94302E8091210A9091220AFA
:107F20009093AF168093AE160093A2161093A516E9
:107F300088E491E1A0E0B0E08093A6169093A716A4
:107F4000A093A816B093A91682E596E10E94302E60
:107F500080911A0A882309F4E3C783E090E09093A4
:107F6000AF168093AE160093A2161093A51686E462
:107F700091E1A0E0B0E08093A6169093A716A0939D
:107F8000A816B093A91682E596E10E94302E20E053
:107F900030E040E251E46091540F7091550F8091B0
:107FA000560F9091570F0F94A4350F94953D7093F1
:107FB000AF166093AE1605E00093A21612E8109378
:107FC000A51682E492E1A0E0B0E08093A61690931B
:107FD000A716A093A816B093A91682E596E10E9471
:107FE000302E20E030E040E251E46091580F709173
:107FF000590F80915A0F90915B0F0F94A4350F94F5
:10800000953D7093AF166093AE160093A216109331
:10801000A51686E492E1A0E0B0E08093A6169093C6
:10802000A716A093A816B093A91682E596E10E9420
:10803000302E20E030E040E251E460915C0F70911E
:108040005D0F80915E0F90915F0F0F94A4350F9498
:10805000953D7093AF166093AE160093A2161093E1
:10806000A5168AE492E1A0E0B0E08093A616909372
:10807000A716A093A816B093A91682E596E10E94D0
:10808000302E20E030E040E251E46091600F7091CA
:10809000610F8091620F9091630F0F94A4350F943C
:1080A000953D7093AF166093AE160093A216109391
:1080B000A5168EE492E1A0E0B0E08093A61690931E
:1080C000A716A093A816B093A91682E596E10E9480
:1080D000302E6091400F7091410F8091420F90912E
:1080E000430F0F94433520E030E048EC52E40F9406
:1080F0001C3D0F94953D7093AF166093AE160093A0
:10810000A2161093A51680E892E1A0E0B0E080935B
:10811000A6169093A716A093A816B093A91682E569
:1081200096E10E94302E6091440F7091450F80912E
:10813000460F9091470F0F94433520E030E048EC14
:1081400052E40F941C3D0F94953D7093AF166093CD
:10815000AE160093A2161093A51682E892E1A0E055
:10816000B0E08093A6169093A716A093A816B0939C
:10817000A91682E596E10E94302E6091480F709119
:10818000490F80914A0F90914B0F0F94433520E097
:1081900030E040E251E40F941C3D0F94953D709304
:1081A000AF166093AE160093A2161093A51684E83E
:1081B00092E1A0E0B0E08093A6169093A716A0935A
:1081C000A816B093A91682E596E10E94302E609120
:1081D0004C0F70914D0F80914E0F90914F0F0F9457
:1081E00043350F94953D7093AF166093AE16009390
:1081F000A2161093A51686E892E1A0E0B0E0809365
:10820000A6169093A716A093A816B093A91682E578
:1082100096E10E94302E6091640F7091650F8091FD
:10822000660F9091670F0F94953D7093AF16609312
:10823000AE160093A2161093A51688E792E1A0E06F
:10824000B0E08093A6169093A716A093A816B093BB
:10825000A91682E596E10E94302E6091680F709118
:10826000690F80916A0F90916B0F0F94953D7093F9
:10827000AF166093AE160093A2161093A5168AE768
:1082800092E1A0E0B0E08093A6169093A716A09389
:10829000A816B093A91682E596E10E94302E60914F
:1082A0006C0F70916D0F80916E0F90916F0F0F9406
:1082B000953D7093AF166093AE160093A21610937F
:1082C000A5168CE792E1A0E0B0E08093A61690930B
:1082D000A716A093A816B093A91682E596E10E946E
:1082E000302E6091700F7091710F8091720F90918C
:1082F000730F0F94953D7093AF166093AE16009375
:10830000A2161093A5168EE792E1A0E0B0E080934C
:10831000A6169093A716A093A816B093A91682E567
:1083200096E10E94302E20E030E048EC52E460916B
:10833000BE097091BF098091C0099091C1090F9445
:10834000A4350F94953D7093AF166093AE160093CD
:10835000A2161093A51680E792E1A0E0B0E080930A
:10836000A6169093A716A093A816B093A91682E517
:1083700096E10E94302E20E030E048EC52E460911B
:10838000C2097091C3098091C4099091C5090F94E5
:10839000A4350F94953D7093AF166093AE1600937D
:1083A000A2161093A51682E792E1A0E0B0E08093B8
:1083B000A6169093A716A093A816B093A91682E5C7
:1083C00096E10E94302E20E030E048EC52E46091CB
:1083D000C6097091C7098091C8099091C9090F9485
:1083E000A4350F94953D7093AF166093AE1600932D
:1083F000A2161093A51684E792E1A0E0B0E0809366
:10840000A6169093A716A093A816B093A91682E576
:1084100096E10E94302E20E030E048EC52E460917A
:10842000CA097091CB098091CC099091CD090F9424
:10843000A4350F94953D7093AF166093AE160093DC
:10844000A2161093A51686E792E1A0E0B0E0809313
:10845000A6169093A716A093A816B093A91682E526
:1084600096E10E94302E20E030E048EC52E460912A
:108470002715709128158091291590912A150F9430
:10848000A4350F948E3D7093AF166093AE16009393
:10849000A2161093A51686E392E1A0E0B0E08093C7
:1084A000A6169093A716A093A816B093A91682E5D6
:1084B00096E10E94302E20E030E048EC52E46091DA
:1084C0002B1570912C1580912D1590912E150F94D0
:1084D000A4350F948E3D7093AF166093AE16009343
:1084E000A2161093A5168AE392E1A0E0B0E0809373
:1084F000A6169093A716A093A816B093A91682E586
:1085000096E10E94302E80916A0290916B029093C6
:10851000AF168093AE160093A2161093A51682E5AF
:1085200092E1A0E0B0E08093A6169093A716A093E6
:10853000A816B093A91682E596E10E94302E80918C
:108540006802909169029093AF168093AE160093E3
:10855000A2161093A51684E592E1A0E0B0E0809306
:10856000A6169093A716A093A816B093A91682E515
:1085700096E10E94302E20E030E040E251E460912C
:108580001B1570911C1580911D1590911E150F944F
:10859000A4350F94953D7093AF166093AE1600937B
:1085A000A2161093A51686E592E1A0E0B0E08093B4
:1085B000A6169093A716A093A816B093A91682E5C5
:1085C00096E10E94302E2CEA35EC47E25EE36091A2
:1085D0001F157091201580912115909122150F94EF
:1085E0001C3D20E030E040E251E40F94A4350F94AC
:1085F000953D7093AF166093AE160093A21610933C
:10860000A5168AE592E1A0E0B0E08093A6169093CB
:10861000A716A093A816B093A91682E596E10E942A
:10862000302E2CEA35EC47E25EE360912315709121
:10863000241580912515909126150F94A43520E0DE
:1086400030E040E251E40F94A4350F94953D7093CF
:10865000AF166093AE160093A2161093A5168EE582
:1086600092E1A0E0B0E08093A6169093A716A093A5
:10867000A816B093A91682E596E10E94302E20E05C
:1086800030E040E251E46091EF147091F014809179
:10869000F1149091F2140F94A4350F94953D7093BA
:1086A000AF166093AE160093A2161093A51682E63D
:1086B00092E1A0E0B0E08093A6169093A716A09355
:1086C000A816B093A91682E596E10E94302E2CEAF6
:1086D00035EC47E25EE36091F3147091F4148091FD
:1086E000F5149091F6140F941C3D20E030E040E228
:1086F00051E40F94A4350F94953D7093AF16609399
:10870000AE160093A2161093A51686E692E1A0E09D
:10871000B0E08093A6169093A716A093A816B093E6
:10872000A91682E596E10E94302E2CEA35EC47E24C
:108730005EE36091F7147091F8148091F9149091B0
:10874000FA140F94A43520E030E040E251E40F9495
:10875000A4350F94953D7093AF166093AE160093B9
:10876000A2161093A5168AE692E1A0E0B0E0DAC165
:108770008DEC97E10E94EA3581E09AE59093AF167F
:108780008093AE1680E490E09093B1168093B0167B
:1087900017E01093A21682E88093A51684E890E073
:1087A000A0E0B0E08093A6169093A716A093A81619
:1087B000B093A91682E596E10E94302E10933F0FE8
:1087C00097CA8091160A882309F492CA0E9495B527
:1087D000882309F48DCA0E94FAB4811189CA8FEBEB
:1087E00097E10E94EA351092160A77CA0E9495B561
:1087F000882309F47DCA0E94FAB4811179CA1092C3
:108800003F0F81EB97E10E94EA3581E09AE5909372
:10881000AF168093AE168EE490E09093B1168093DD
:10882000B01687E08093A21682E88093A51684E8AC
:1088300090E0A0E0B0E08093A6169093A716A093D6
:10884000A816B093A91682E596E10E94302E50CA70
:108850000E94FAB481114CCA19821A821B821C82AE
:1088600062E0CE0101960E94F6EC37CA82E090E009
:1088700046CA82E090E064CA82E090E082CA8A3F01
:1088800008F0A6CA0E9440B4882371F10E948DC1ED
:108890008EEF8093C00788E997E10E94EA3581E076
:1088A0009AE59093AF168093AE168DE290E0909388
:1088B000B1168093B01687E08093A21682E8809369
:1088C000A51684E890E0A0E0B0E08093A61690930F
:1088D000A716A093A816B093A91682E596E10E9468
:1088E000302E1092BE0729C889EA97E19093100AAA
:1088F00080930F0ACDCF845691099093AF16809341
:10890000AE1685E08093A21682E88093A51681E0DA
:1089100090E1A0E0B0E071CA8091990E90911F02A1
:10892000899FC0011124880F892F881F990B919569
:10893000A4E68A9FC001112481589F4F6FEF70E019
:108940000F94053C7093AF166093AE1615E010932C
:10895000A21682E88093A5168EE190E1A0E0B0E037
:108960008093A6169093A716A093A816B093A91665
:1089700082E596E10E94302E0E94DDB220E13EE0C9
:1089800040E050E00F94823B21153105B1E04B07E8
:10899000510508F475C05093AF164093AE1630934E
:1089A000B1162093B01687E08093A21612E81093B8
:1089B000A51680E190E1A0E0B0E08093A616909328
:1089C000A716A093A816B093A91682E596E10E9477
:1089D000302E0E94DDB220E13EE040E050E00F94F6
:1089E000823B2CE330E040E050E00F94823B309338
:1089F000AF162093AE1605E00093A2161093A516AD
:108A000082E190E1A0E0B0E08093A6169093A716D3
:108A1000A093A816B093A91682E596E10E94302E85
:108A20000E94B0B324E630E0B9010F94F13B662315
:108A300009F465C26F5F6093B707E62EF12C6333CC
:108A400030F5EE0CFF1CF092AF16E092AE160093DC
:108A5000A2161093A5168EE090E1A0E0B0E08093FE
:108A6000A6169093A716A093A816B093A91682E510
:108A700096E10E94302E1092AF161092AE1629C0C9
:108A80003093AF162093AE161093A2168FCF30936B
:108A9000AF162093AE160093A2161093A5168EE083
:108AA00090E1A0E0B0E08093A6169093A716A09363
:108AB000A816B093A91682E596E10E94302EE2E353
:108AC000EE1AE0E8FE0AEE0CFF1CF092AF16E09200
:108AD000AE160093A2161093A5168FE090E1A0E0C9
:108AE000B0E08093A6169093A716A093A816B09313
:108AF000A91682E596E10E94302E0E94B0B364E68A
:108B000070E00F94F13B77277093AF166093AE1629
:108B100085E08093A21682E88093A51686E190E115
:108B2000A0E0B0E08093A6169093A716A093A81695
:108B3000B093A91682E596E10E94302E20E030E045
:108B4000A90160912F157091301580913115909188
:108B500032150F94223C20E030E048EC52E40F94B0
:108B6000A4350F948E3D7093AF166093AE1605E05A
:108B70000093A21612E81093A51686E290E1A0E0F9
:108B8000B0E08093A6169093A716A093A816B09372
:108B9000A91682E596E10E94302E80914C029091B8
:108BA0004D029093AF168093AE160093A2161093C9
:108BB000A51680E093E1A0E0B0E08093A616909324
:108BC000A716A093A816B093A91682E596E10E9475
:108BD000302E80912B0A811105C080912D0A8823A7
:108BE00009F469C020E030E048EC52E46091FF14E1
:108BF0007091001580910115909102150F94A43584
:108C00006B017C016091031570910415072E000C17
:108C1000880B990B0F9445359B01AC01C701B60138
:108C20000F941C3D0F94953D6536710510F064E678
:108C300070E07093AF166093AE1605E00093A21635
:108C400012E81093A51684E290E1A0E0B0E08093D2
:108C5000A6169093A716A093A816B093A91682E51E
:108C600096E10E94302EC090FF14D0900015E09045
:108C70000115F090021520E030E04AE253E4C7010C
:108C8000B6010F94823E181624F480912B0A8111AC
:108C90004AC16091031570910415072E000C880BD2
:108CA000990B0F9445359B01AC01C701B6010F9498
:108CB000823E87FFB0C18091160A882339F18091E6
:108CC000150A91E0980F9093150A90E09093AF16D3
:108CD0008093AE1685E08093A21682E88093A51655
:108CE00082E490E1A0E0B0E08093A6169093A716EE
:108CF000A093A816B093A91682E596E10E94302EA3
:108D00008091150A8A3010F01092150A0E9440B422
:108D1000882309F4B3C16091320A7091330AEE24BA
:108D2000E394F12C61157105A9F090E080E00F94B7
:108D3000433520E030E040E85EE30F94A4350F9423
:108D4000003D20E030E040E85FE30F94223C0F94C8
:108D5000953D7B0101E010E08091110A811102C074
:108D600010E000E00E949DB5800F911FBC0190E0D3
:108D700080E00F94433520E030E040E85EE30F945C
:108D8000A4350F94003D2B013C01F092AF16E09208
:108D9000AE1605E00093A21612E81093A51680E126
:108DA00093E1A0E0B0E08093A6169093A716A0935D
:108DB000A816B093A91682E596E10E94302EC30151
:108DC000B2010F94953D7093AF166093AE16009369
:108DD000A2161093A51682E193E1A0E0B0E0809383
:108DE000A6169093A716A093A816B093A91682E58D
:108DF00096E10E94302E8091561690915716A091C0
:108E00005816B09159168C34F0E19F07A105B105B1
:108E100009F467CD8A349041A105B10509F461CD0B
:108E200020E030E040E251E4609158027091590234
:108E300080915A0290915B020F94A4350F948E3D5D
:108E40007093AF166093AE1605E00093A21612E879
:108E50001093A51688E490E1A0E0B0E08093A616F8
:108E60009093A716A093A816B093A91682E596E151
:108E70000E94302E20E030E040E251E460915C023C
:108E800070915D0280915E0290915F020F94A43513
:108E90000F948E3D7093AF166093AE160093A2169A
:108EA0001093A5168AE490E1A0E0B0E08093A616A6
:108EB0009093A716A093A816B093A91682E596E101
:108EC0000E94302E20E030E040E251E460916002E8
:108ED0007091610280916202909163020F94A435B7
:108EE0000F948E3D7093AF166093AE160093A2164A
:108EF0001093A5168CE490E1A0E0B0E0E6CC1092CF
:108F0000AF161092AE16A3CD2F3F310519F014F015
:108F10002FEF30E0032E000C440B550B0C94323F26
:108F200082E090E01CC810922B0A20E030E040E282
:108F300051E46091230A7091240A8091250A90914E
:108F4000260A0F94A4350F948E3D7093AF1660934C
:108F5000AE160093A2161093A51684E590E1A0E04A
:108F6000B0E08093A6169093A716A093A816B0938E
:108F7000A91682E596E10E94302E20E030E040E222
:108F800051E46091270A7091280A8091290A9091F2
:108F90002A0A0F94A4350F948E3D7093AF166093F8
:108FA000AE160093A2161093A51688E590E1A0E0F6
:108FB000B0E08093A6169093A716A093A816B0933E
:108FC000A91682E596E10E94302E87E797E10E947C
:108FD000EA3581E09AE59093AF168093AE1681E46E
:108FE00090E09093B1168093B01687E08093A2161C
:108FF0001093A51684E890E0A0E0B0E08093A61658
:109000009093A716A093A816B093A91682E596E1AF
:109010000E94302E50CE60912D0A662309F44BCE6B
:10902000062E000C770B8EE597E10E94E535109235
:109030002D0A84E090E09093AF168093AE1685E001
:109040008093A21612E81093A5168EE890E1A0E096
:10905000B0E08093A6169093A716A093A816B0939D
:10906000A91682E596E10E94302E81E09AE5909360
:10907000AF168093AE1683E590E0B3CF1092AF1693
:109080001092AE1605E00093A21612E81093A516F2
:1090900080E193E1A0E0B0E08093A6169093A7163C
:1090A000A093A816B093A91682E596E10E94302EEF
:1090B0001092AF161092AE168ACEAF92BF92CF9298
:1090C000DF92EF92FF920F931F93CF93DF93EC0108
:1090D0008EE898E00E943730209711F4CBEDDEE067
:1090E00010E007E0015021F080E20E943030FACF1A
:1090F000812F0E9452941F5F153099F78AE00E94D9
:10910000303010E080E20E943030812F0E94529473
:109110005E0105E080E20E943030F501C080D18020
:10912000E280F380A7019601C701B6010F94143FB6
:10913000882361F180E20E9430308DE30E9430305C
:109140008DE30E9430308DE30E9430308DE30E9429
:1091500030308DE30E9430300150F4E1AF0EB11C8D
:109160000111D8CF8AE00E9430301F5F249615305D
:1091700049F68AE0DF91CF911F910F91FF90EF9018
:10918000DF90CF90BF90AF900C94303020E030E073
:10919000A901C701B6010F94823E87FD03C08BE28F
:1091A0000E94303043E0C701B6010E945894D4CFEA
:1091B0002F923F924F925F926F927F928F929F92E7
:1091C000AF92BF92CF92DF92EF92FF920F931F93D5
:1091D000CF93DF93CDB7DEB76B970FB6F894DEBFB2
:1091E0000FBECDBF83E50E94501F182F3090C10ED7
:1091F000882319F00E94B121382E80915802909155
:109200005902A0915A02B0915B02888F998FAA8F60
:10921000BB8F40905C0250905D0260905E02709047
:109220005F028091600290916102A0916202B09110
:1092300063028C8B9D8BAE8BBF8B112329F0311079
:1092400003C080E00E943C3566E570E080916D07C8
:1092500090916E070F94703F998B888B0E946C29B8
:10926000882309F4C4C083E40E94501F882309F4B2
:109270009FC00E94E9216B017C01ABEDBEE0BF8382
:10928000AE83B987A887F5E0FD83212C1E8628ECE4
:109290002F8702EC1A861B8688EC8C8792E49D87C8
:1092A000A885B985BB8BAA8B15E0EA89FB898190DB
:1092B0009190A190B190FB8BEA8B2A853B854C85E0
:1092C0005D85C501B4010F943E3587FF04C08A86D1
:1092D0009B86AC86BD86222D3E854F85502FC501CD
:1092E000B4010F94823E181624F4282C9E86AF8673
:1092F0000B2D1150D1F6FD81F150FD8388859985A4
:10930000449699878887F111CBCF222D3E854F85D2
:10931000502F6A857B858C859D850F94223C20E0AB
:1093200030E040E05FE30F94A435A70196010F946D
:10933000223C6B017C012DEB37E346E855EB0F94A3
:10934000823E87FD0AC02DEB37E346E855E3C701AF
:10935000B6010F943E3518165CF580E00E943C354E
:1093600010E0AE80BF8000E0D5016D917D918D91C0
:109370009D915D014D01B4E08B1A9108A701960102
:109380000F94213CF4016083718382839383602F67
:10939000812F0F9452160F5F053031F71F5F8E81BA
:1093A0009F8144969F838E831530D9F60E946E2B41
:1093B000E889F989EF2B41F00E946C29882321F07C
:1093C00090E080E00E945D488AE50E94501F88235B
:1093D00051F00E94E92169837A838B839C83CE01BB
:1093E00001960F94D71E832D0E943C350CC031107E
:1093F00004C0A889B989AB2B39F30E94F7318BE8F7
:109400009CE00E943730332051F08091C10E8111D1
:1094100006C00E94FB308CE69CE00E9437300E9420
:10942000F7318EE59CE00E9437308091C10E0E949A
:10943000DC300E94F73181E59CE00E943730C0901B
:10944000C20ED090C30EE090C40EF090C50E20E086
:1094500030E0A901C701B6010F94823E18160CF046
:109460004FC042E0C701B6010E9458940E949AEF93
:10947000288D398D4A8D5B8D60915802709159020B
:1094800080915A0290915B020F943E3581111DC06C
:10949000A301920160915C0270915D0280915E0275
:1094A00090915F020F943E3581110FC020916002B0
:1094B0003091610240916202509163026C897D8912
:1094C0008E899F890F943E3581110E94A1AF6B96C2
:1094D0000FB6F894DEBF0FBECDBFDF91CF911F91C5
:1094E0000F91FF90EF90DF90CF90BF90AF909F9043
:1094F0008F907F906F905F904F903F902F90089546
:109500008CE49CE00E943730B3CFCF93DF93EB0124
:109510000E943730CE01DF91CF910C94A0EFCF9213
:10952000DF92EF92FF920F931F93CF93DF9300D0C0
:1095300000D01F921F92CDB7DEB785E798E00E945A
:1095400037308BE598E00E94373000913315109149
:109550003415F80140815181628173818CE498E077
:109560000E945D32F80144815581668177818EEFDA
:1095700099E30E945D3240912F1550913015609112
:109580003115709132158BEF99E30E945D32F8012D
:10959000C080D180E280F38020E030E0A901C701E3
:1095A000B6010F94823E18160CF0B1C084E498E026
:1095B0000E943730F801C480D580E680F78020E033
:1095C00030E0A901C701B6010F94823E18160CF0D5
:1095D000BCC08FE198E00E9437308CE098E00E9498
:1095E0003730C0902F15D0903015E0903115F090A5
:1095F000321520E030E0A901C701B6010F943E35D5
:1096000087FDBFC020E030E0A901C701B6010F947B
:10961000823E18160CF4B8C086ED97E00E943730F1
:1096200082E098E00E94373086EE97E00E94373063
:109630008091C10E882309F4AAC084EC97E00E94AF
:109640003730C090C20ED090C30EE090C40EF090A0
:10965000C50E20E030E0A901C701B6010F943E35E8
:10966000882331F0B701A6018BEB97E00E944733C6
:109670008AEA97E00E94373088E592E00E948129CB
:109680006D837E838F839887CE0105960F94511842
:109690000E94A0EF20E030E0A9016091C20E70911D
:1096A000C30E8091C40E9091C50E0F943E35882351
:1096B000E1F080E692E00E940C2C9B01AC016D81F0
:1096C0007E818F8198850F94A43569837A838B83FB
:1096D0009C83CE0101960F945118BC0187EA97E054
:1096E0000E94854A89E20E9430308AE00E94303030
:1096F00028960FB6F894DEBF0FBECDBFDF91CF9195
:109700001F910F91FF90EF90DF90CF90089520E090
:1097100030E0A901C701B6010F943E3587FF03C0B1
:109720008DE398E045CF20E030E0A901F8016481A5
:109730007581868197810F943E35882319F084E3E3
:1097400098E036CF85E298E033CF20E030E0A90101
:10975000C701B6010F943E3587FF03C088E198E04A
:109760003ACF20E030E0A901F80160817181828167
:1097700093810F943E35882309F42FCF80E198E040
:109780002ACF80EE97E04ACF80ED97E047CF8AE975
:1097900097E00E943730A9CF7F928F929F92AF922D
:1097A000BF92CF92DF92EF92FF920F931F93CF93CE
:1097B000DF93CDB7DEB767970FB6F894DEBF0FBE65
:1097C000CDBF4091CA0E45FB442740F966E37EE0D9
:1097D000CE0145960E941C358091CA0E85FD0E94DF
:1097E0008F4A87E00E94B6AD81112AC06FE470E015
:1097F00080916D0790916E070F94703F892B01F156
:109800008091CA0E85FF04C08BE19EE00E94373034
:10981000CE0145960E94133567960FB6F894DEBFC9
:109820000FBECDBFDF91CF911F910F91FF90EF90B1
:10983000DF90CF90BF90AF909F908F907F900895D2
:109840000E947FA810922F026091C10E8CE40E94AA
:10985000C121782E80E00E943C350E94EBEE60939F
:1098600060127093611280936212909363120E944F
:1098700091AE81E0809340090E944EB16AE570E0AC
:1098800080916D0790916E070F94703FFF24F394C1
:10989000009709F4F12C10E0892B69F081E00E9417
:1098A000B6AD082F82E00E94B6AD11E0811101C073
:1098B00010E0011194C168E570E080916D0790910E
:1098C0006E070F94703F892B09F089C1112309F4A9
:1098D00089C1012F10E082E50E94811FE82E812CB2
:1098E000912C80E8A82E80E4B82EEE2021F00E9472
:1098F000E9214B015C01898A9A8AAB8ABC8A20E003
:1099000030E0A901C501B4010F943E358823C1F0B0
:10991000E11007C0111105C0011103C0FF2009F4B7
:109920003EC18091CA0E85FF06C0B501A4018FEF2C
:109930009DE00E94473360E0CE0141960E94FCCA40
:10994000112309F45AC0002309F454C0109258029C
:109950001092590210925A0210925B0210925C020D
:1099600010925D0210925E0210925F020E9493AF0D
:109970008EED9BE6ADE8B2E48D879E87AF87B88B0E
:1099800085EF9BE10E94512320E030E040EC5FE353
:109990000F94A435905869837A838B839C8381EFDD
:1099A0009BE10E94512320E030E040EC5FE30F9404
:1099B000A435905869877A878B879C87AE01435F6F
:1099C0005F4FBE016F5F7F4FCE0109960E94BBCAF9
:1099D0000E94CFB2109258021092590210925A026D
:1099E00010925B0210925C0210925D0210925E0275
:1099F00010925F0280E00E94E5CB002319F081E025
:109A00000E94E5CBFF2009F4CAC068E470E08091B1
:109A10006D0790916E070F94703F892B09F0DBC0A2
:109A20004091CA0E45FB442740F961EF7DE0CE012D
:109A30000D960E941C3583E00E945CC98111A9C06B
:109A40000E9493AF20914309309144094091450908
:109A50005091460960E070E081E393E40F94213C6B
:109A60004B015C0120914709309148094091490917
:109A700050914A0960E070E086E193E40F94213C44
:109A80006B017C018091600290916102A091620261
:109A9000B09163028093D30E9093D40EA093D50E11
:109AA000B093D60E0091331510913415F801208132
:109AB000318142815381C501B4010F94213C4B0196
:109AC0005C018092CB0E9092CC0EA092CD0EB09203
:109AD000CE0EF8012481358146815781C701B60138
:109AE0000F94213C6B017C01C092CF0ED092D00E1E
:109AF000E092D10EF092D20E29E630E040E251EC35
:109B00000F94823E87FD5BC023E030E04BE953E4D5
:109B1000C701B6010F943E3518160CF450C029E663
:109B200030E040E751ECC501B4010F94823E87FD5F
:109B300046C023E030E84DE953E4C501B4010F9479
:109B40003E351816E4F18091CA0E85FF08C040ED3D
:109B50005DE062EE7DE08BEC9EE00E94E6341986CB
:109B60001A861B861C8688E0EBECFEE0DE0111966F
:109B700001900D928A95E1F7AE01475F5F4FBE01FC
:109B80006B5F7F4FCE0101960E94BBCA82E00E94AC
:109B9000E5CBCE010D960E9413350E94FC200E9459
:109BA00093AF80913F0980934009772019F081E0BD
:109BB0000E943C350E9478AE0E94A1AF29CE60E0A1
:109BC0008FEB9DE00E942FB70E94F7318DEA9DE058
:109BD0000E943730DECF82E00E94E5CBDECF11114C
:109BE0000FC011E069E570E080916D0790916E07FC
:109BF0000F94703F01E0892B09F400E001136BCE54
:109C0000012FF11268CE11E001E0FF24F39463CE3E
:109C10001F93CF93DF939091CA0E93FD3BC0C82F43
:109C20000E940032182F87FD35C083E50E94811FF6
:109C3000D82F882341F10E94D6210E94EBB3609176
:109C4000031570910415072E000C880B990B0F94C7
:109C500045352091FF143091001540910115509128
:109C600002150F94823E1816CCF087EB96E1DD23A7
:109C7000B9F0CC2379F040E06D2F812FDF91CF91A7
:109C80001F910C94F396CC2329F082E50E94811F4A
:109C90008111D1CFDF91CF911F9108958CEE9BE27E
:109CA0009F938F9382EC96E19F938F931F920F94D3
:109CB000C3140F900F900F900F900F90DACF2F9248
:109CC0003F924F925F926F927F928F929F92AF924C
:109CD000BF92CF92DF92EF92FF920F931F93CF9399
:109CE000DF93CDB7DEB7C558D1090FB6F894DEBF04
:109CF0000FBECDBF8BE39CE00E94373087E00E940F
:109D00005CC981116DC084E50E94811F882321F008
:109D10000E94D6210F94642180E090E0A0E8BFE388
:109D200089839A83AB83BC838D839E83AF83B887FB
:109D30008DEC9CECACE4BEE389879A87AB87BC874B
:109D400080E090E0A0E2B1E48D879E87AF87B88B7A
:109D50008CE390E09A8B898B8DEC90E09C8B8B8BC5
:109D60008DEC9CECACECBEE38D8B9E8BAF8BB88FF7
:109D700080E090E0A0EEBFE3898F9A8FAB8FBC8F1D
:109D80001BA61CA64AE959E969E97EE38FE40E9413
:109D900017226D8F7E8F8F8F98A360E083E40E94DF
:109DA000C12189A360E08BE40E94C1218AA382E4DF
:109DB0000E94811F882381F10E94D621009761F1C2
:109DC0009C01285231092536310520F16CE870E0FC
:109DD0008DE09CE00E94D83588E09CE00E943730FE
:109DE000CB57DF4F0FB6F894DEBF0FBECDBFDF916C
:109DF000CF911F910F91FF90EF90DF90CF90BF9088
:109E0000AF909F908F907F906F905F904F903F901A
:109E10002F9008959A8B898B8CE40E94811F882350
:109E2000E1F00E94E9216B017C01C986DA86EB86AC
:109E3000FC8620E030E0A9010F94823E87FD0AC035
:109E400020E030E040E050E4C701B6010F943E3519
:109E500018161CF480EE9BE0C1CF81E50E94501FD4
:109E6000882331F18091640790916507892BE9F08F
:109E70000E94E9216B017C01CD82DE82EF82F886AF
:109E80002DEC3CEC4CE45DE30F94823E87FD0AC070
:109E900020E030E040E751E4C701B6010F943E35C1
:109EA000181634F48FEA9BE099CF84E89BE096CFB4
:109EB00083E50E94811F8823E9F00E94E9216B015C
:109EC0007C01CD8ADE8AEF8AF88E2DEC3CEC4CECDE
:109ED0005DE30F94823E87FD0AC020E030E040E061
:109EE00050E4C701B6010F943E3518161CF48DE5F9
:109EF0009BE074CF80E50E94501F882341F1809140
:109F0000640790916507892B19F485E29BE066CF81
:109F10008BA58F5F8BA70E94E9216B017C01CD8609
:109F2000DE86EF86F88A20E030E0A9010F94823EB9
:109F300087FD0AC020E030E048EC51E4C701B601DB
:109F40000F943E3518161CF48DEF9AE047CF86E447
:109F50000E94811F8823E9F00E94E9216B017C01A6
:109F6000C98EDA8EEB8EFC8E20E030E040E85FE3B5
:109F70000F94823E87FD0AC020E030E040E850E4C4
:109F8000C701B6010F943E3518161CF484ED9AE013
:109F900025CFC98CDA8CEB8CFC8C8D889E88AF88A1
:109FA000B88CA7019601C701B6010F94A4359B0197
:109FB000AC0160E070E084E490E40F941C3D2981E2
:109FC0003A814B815C810F94A4352B013C01A501A2
:109FD0009401C501B4010F94A435A70196010F9413
:109FE000A4352CEE31E548EB5DE30F941C3D9B015D
:109FF000AC01C301B2010F94A43569837A838B83CA
:10A000009C8388E40E94811F882379F00E94D621D6
:10A01000009759F09C01255A31092838310518F06C
:10A0200086EA9AE0DBCE9C8B8B8B85E50E94501FE5
:10A030008823C9F00E94EBEE611571058105910539
:10A0400011F00F94C4308091640790916507892BBB
:10A0500009F10E94E92160935F0770936007809384
:10A0600061079093620782E50E94501F8823B9F030
:10A070008091640790916507892BA1F00E94D621F9
:10A08000AD969FAF8EAFAD97181619068CF08EE384
:10A090009AE0A4CE60E070E088E492E4DCCF82E74E
:10A0A0009AE09CCE2AE130E0AD963FAF2EAFAD975F
:10A0B00089E50E94811F882381F10E94E921209176
:10A0C000910F3091920F4091930F5091940F0F94F4
:10A0D000213C6B017C0188E50E94811F882331F1BE
:10A0E0000E94E92120918D0F30918E0F40918F0FAA
:10A0F0005091900F0F94213C6BA37CA38DA39EA342
:10A10000CFA2D8A6E9A6FAA6CE0183960E947C1E0D
:10A11000811115C084E19AE061CEC0905C02D090BC
:10A120005D02E0905E02F0905F02D5CF6091580230
:10A130007091590280915A0290915B02DDCF64E4E4
:10A1400070E080916D0790916E070F94703F21E051
:10A15000892B09F020E0822F0E943C3580E090E0BE
:10A16000A0EAB0E48DA79EA7AFA7B8AB60E0CE0190
:10A170008D960E94FCCA3091F207CF57DF4F38838B
:10A18000C158D0401092F2070E9454AA83EF99E080
:10A190000E94373089899A898A3191050CF045C02F
:10A1A0008B899C890E94EBB341E061E080E00E94D2
:10A1B000F39681114CC06FEF88E09AE00E942FB7B0
:10A1C0008CA5811104C0CE0101960F94B71E80E0CA
:10A1D00090E0A0EAB0E48093D30E9093D40EA093C5
:10A1E000D50EB093D60E1DA61EA61FA618AABE0198
:10A1F000635D7F4F8BEC9EE00E946023CF57DF4F63
:10A20000B881C158D040B093F2070E9454AA8AA1E5
:10A210008111E6CD1092D8141092D7140E94EB2829
:10A2200090E080E00E94EBB3DBCD8C38910514F018
:10A230008CE890E09093D8148093D7140E94EB2878
:10A2400061E081E00E946B958111AACFB4CF10929A
:10A25000640210926502109266021092670284E610
:10A2600092E00E9490A88BA5882309F452C020E0B8
:10A2700030E040E751E46091700F7091710F809170
:10A28000720F9091730F0F941C3D6DA77EA78FA73F
:10A2900098AB80E1E8E5F2E0ABECBEE001900D9216
:10A2A0008A95E1F72D853E854F8558896091D70EB7
:10A2B0007091D80E8091D90E9091DA0E0F94223CB5
:10A2C0006093D70E7093D80E8093D90E9093DA0EC8
:10A2D000CE018D960E9403D62D853E854F855889E7
:10A2E0006091D70E7091D80E8091D90E9091DA0EB0
:10A2F0000F94213C6093D70E7093D80E8093D90EA3
:10A300009093DA0E8CA5811104C0CE0101960F94B2
:10A31000B71EEAE5F7E085E0DF011D928A95E9F7CF
:10A3200080E1E8E5F2E0ABECBEE001900D928A95A9
:10A33000E1F789859A85AB85BC858093D30E909390
:10A34000D40EA093D50EB093D60E1DA61EA61FA6A2
:10A3500018AABE01635D7F4F8BEC9EE00E946023D4
:10A36000BE01635E7F4F8BEC9EE00E94602389A15B
:10A37000882309F494C38091580290915902A091C6
:10A380005A02B0915B02E9968CAF9DAFAEAFBFAF02
:10A39000E99780915C0290915D02A0915E02B0917C
:10A3A0005F02AB968CAF9DAFAEAFBFAFAB97A5963C
:10A3B0001FAE1EAEA59733243A9422242A949FEF11
:10A3C000EE969FAFEE97AFE4EF96AFAFEF97B3EC9B
:10A3D000C158DF4FB883CF57D040E7E4C058DF4FB4
:10A3E000E883C058D040A496FFADA497CC57DF4F68
:10A3F000F883C458D04021E030E00F2E02C0220F75
:10A40000331F0A94E2F7CE57DF4F39832883C258AF
:10A41000D0408AE597E0AF969FAF8EAFAF9710E040
:10A42000CB57DF4FF883C558D040AF96AEADBFAD28
:10A43000AF978D91AF96BFAFAEAFAF9790E0CE57CD
:10A44000DF4FE881F981C258D0408E239F23892BAA
:10A4500009F0F0C0CC57DF4F8881C458D0400E942B
:10A46000D81E4B015C01812F0E94BD1EE5966CAF8A
:10A470007DAF8EAF9FAFE597A5019401E9966CADD6
:10A480007DAD8EAD9FADE9970F94213C6B017C01B2
:10A49000E5962CAD3DAD4EAD5FADE597AB966CADA1
:10A4A0007DAD8EAD9FADAB970F94213C2B013C0150
:10A4B000A7019601C701B6010F94A4356B017C0179
:10A4C000A3019201C301B2010F94A4359B01AC0119
:10A4D000C701B6010F94223C0F94D03E6B017C0162
:10A4E000A50194016BA17CA18DA19EA10F94213C9B
:10A4F0004B015C01E5962CAD3DAD4EAD5FADE597F2
:10A500006FA178A589A59AA50F94213C2B013C0148
:10A51000A5019401C501B4010F94A4354B015C0160
:10A52000A3019201C301B2010F94A4359B01AC01B8
:10A53000C501B4010F94223C0F94D03E20E030E0DE
:10A5400040E751E40F941C3DA70196010F94223C73
:10A55000D62EE72EF82E092F80905F079090600787
:10A56000A0906107B090620720E030E040E85FE330
:10A57000C501B4010F94823E181614F5C501B4014B
:10A580000F948E3D4B015C0160E070E0CB0118142C
:10A5900019041A041B0434F40F947530A5019401B6
:10A5A0000F94A43B0F9445359B01AC016D2D7E2D7E
:10A5B0008F2D902F0F94223CD62EE72EF82E092FA8
:10A5C000EE962FADEE97EF963FADEF97C158DF4F68
:10A5D0004881CF57D040C058DF4F5881C058D04035
:10A5E0006D2D7E2D8F2D902F0F943E3587FF22C02D
:10A5F000312ECB57DF4F2880C558D040EA96DFAECA
:10A60000EA97EB96EFAEEB97EC96FFAEEC97ED96F4
:10A610000FAFED97EE96DFAEEE97EF96EFAEEF97BA
:10A62000C158DF4FF882CF57D040C058DF4F088362
:10A63000C058D0401F5F153009F0F7CEA5962EAD5B
:10A640003FADA5972F5F3F4FA5963FAF2EAFA59784
:10A650002530310509F0C7CEE32DF0E0E65AF84F7A
:10A6600021E030E0022C01C0220F0A94EAF7808139
:10A67000822B80836A962FAE6A976B963FAE6B975C
:10A68000EA968FADEA97EB969FADEB97EC96AFAD60
:10A69000EC97ED96BFADED976F968CAF9DAFAEAFDB
:10A6A000BFAF6F973FEF231609F4DEC1331609F4ED
:10A6B000DBC1822D0E94D81EF62E072F182FE92EFF
:10A6C000862F902FA12FBE2D65968CAF9DAFAEAF7C
:10A6D000BFAF6597832D0E94BD1E4B015C0169963B
:10A6E0008CAE9DAEAEAEBFAE6997CE018F5A9F4F76
:10A6F0000E947C1E882309F4BBC120E030E040EAC0
:10A7000050E46F2D702F812F9E2D0F94223C3B0122
:10A710006C01CB01D60121968CAF9DAFAEAFBFAF20
:10A72000219725968CAE9DAEAEAEBFAE259721107B
:10A73000EEC13110C3C120E030E040EA50E4C50171
:10A74000B4010F94223C4B015C01332009F4D6C1C3
:10A7500093E093150CF4D2C122ED422E23E5522E44
:10A760002BE7622E21E4722E21968CAD9DADAEAD0D
:10A77000BFAD2197A7968CAF9DAFAEAFBFAFA797E8
:10A7800025968CAD9DADAEADBFAD2597AB968CAF8C
:10A790009DAFAEAFBFAFAB979C01AD0169966CADFD
:10A7A0007DAD8EAD9FAD69970F94213CE1966CAF66
:10A7B0007DAF8EAF9FAFE197A7962CAD3DAD4EAD6F
:10A7C0005FADA79765966CAD7DAD8EAD9FAD65977E
:10A7D0000F94213C2D966CAF7DAF8EAF9FAF2D9720
:10A7E000E1968CAD9DADAEADBFADE19761968CAFFE
:10A7F0009DAFAEAFBFAF6197A7962CAD3DAD4EAD4F
:10A800005FADA797609158027091590280915A02EA
:10A8100090915B020F94213CA7966CAF7DAF8EAFF9
:10A820009FAFA797AB962CAD3DAD4EAD5FADAB974F
:10A8300060915C0270915D0280915E0290915F0276
:10A840000F94213CAB966CAF7DAF8EAF9FAFAB97B3
:10A850008F2D902FA12FBE2D8DA79EA7AFA7B8AB90
:10A8600089AA9AAAABAABCAA89849A84AB84BC841C
:10A870008DAA9EAAAFAAB8AE2DEC3CEC4CEC5CE3E2
:10A88000C301B2010F94A43529813A814B815C81C7
:10A890000F94A435209164023091650240916602C4
:10A8A000509167020F94223C69AF7AAF8BAF9CAF97
:10A8B000A7962CAD3DAD4EAD5FADA797CA01B901CE
:10A8C0000F94A4356B017C01AB962CAD3DAD4EAD24
:10A8D0005FADAB97CA01B9010F94A4359B01AC01E0
:10A8E000C701B6010F94223C20E030E040E050E484
:10A8F0000F94823E1816ACF420E030E040E05FE3B5
:10A90000C501B4010F94223C29966CAF7DAF8EAF88
:10A910009FAF2997BE01635C7F4FCE0101960E94D5
:10A92000162189859A85AB85BC8529968CAF9DAF0C
:10A93000AEAFBFAF2997A3961CAE1DAE1EAE1FAE25
:10A94000A397BE01615A7F4FCE01CD960E9460232E
:10A950008CA58823C1F02AE939E949E95FE36D81D3
:10A960007E818F8198850F94A435A3966CAF7DAFBF
:10A970008EAF9FAFA397BE01615A7F4F8BEC9EE0D5
:10A980000E9460231CA6E090680FF090690F009170
:10A990006A0F10916B0FA090640FB090650FC0907C
:10A9A000660FD090670F9501A601B701C8010F94FB
:10A9B000823E181614F4750186018090540290901E
:10A9C0005502A0905602B09057022DEC3CEC4CEC96
:10A9D0005DE3B701C8010F94A435609354027093EE
:10A9E0005502809356029093570240E0BE01675B88
:10A9F0007F4FCE018D960F94EB1880E1E8E5F2E0F1
:10AA0000ABECBEE001900D928A95E1F78092540282
:10AA100090925502A0925602B092570220E04FEF5A
:10AA2000BE01675A7F4FCE0101960E94DB2420E0D1
:10AA300041E0BE01675A7F4FCE0101960E94DB24A0
:10AA40002FEF40E0BE01675A7F4FCE0101960E9472
:10AA5000DB2421E040E0BE01675A7F4FCE01019622
:10AA60000E94DB240E947FA88091990F80939A0F07
:10AA7000AD96AEADBFADAD971197AD96BFAFAEAFD2
:10AA8000AD97AB2B09F497CB6A968FAD6A9787FD8C
:10AA900092CB6B968FAD6B9787FF69CC8CCB8BA1DC
:10AAA0009CA1ADA1BEA1E9968CAF9DAFAEAFBFAFEB
:10AAB000E9978FA198A5A9A5BAA573CC8F2D902F42
:10AAC000A12FBE2D21968CAF9DAFAEAFBFAF21970A
:10AAD00020E030E040EA50E4C501B4010F94213C8D
:10AAE00025966CAF7DAF8EAF9FAF259783E0831522
:10AAF0000CF021CEF62C072D1C2DED2C92ED492EBD
:10AB000093E5592E9BEF692E90E4792E2DCEA3E08C
:10AB1000A2150CF04AC0A315FCF420E030E040EA96
:10AB200050E46F2D702F812F9E2D0F94213C219684
:10AB30006CAF7DAF8EAF9FAF219720E030E040EA51
:10AB400050E4C501B4010F94213C4B015C01B3E01A
:10AB5000B3150CF001CED2CF8F2D902FA12FBE2D8B
:10AB600021968CAF9DAFAEAFBFAF219720E030E014
:10AB700040EA50E4C501B4010F94223C25966CAF25
:10AB80007DAF8EAF9FAF25973110D7CF20E030E05B
:10AB900040EA50E46F2D702F812F9E2D0F94213CA1
:10ABA000F62E072F182FE92EA9CF31100DC020E067
:10ABB00030E040E251E4B301C6010F94213CF62E8F
:10ABC000072F182FE92EC8CDE3E0E3159CF420E011
:10ABD00030E040E251E4B301C6010F94213C2196DC
:10ABE0006CAF7DAF8EAF9FAF2197F62C072D1C2D3C
:10ABF000ED2CB2CDF62C072D1C2DED2C82ED482E20
:10AC000083E5582E8BEF682E81E4782EADCD4F92E0
:10AC10005F926F927F928F929F92AF92BF92CF92EC
:10AC2000DF92EF92FF920F931F93CF93DF9300D0A9
:10AC3000CDB7DEB7B82E80919610843008F0D5C11C
:10AC400071E6D72E80919610843008F00DC1809166
:10AC5000990F90919A0F891B8F7709F405C10E9473
:10AC60003B3A97FF0BC00E94FB308EE196E00E94BA
:10AC700037308091990F80939A0FE4CF8A3019F082
:10AC80008D3009F0E8C01092811080911F109091D2
:10AC90002010FC01E55EFF4E1682892B19F40E94FC
:10ACA00069D1D0CF1092201010921F1001E210E154
:10ACB000F8018191803209F449C08E3409F0B6C0A0
:10ACC00069E176E0C8010F94BB347C01892B41F027
:10ACD0006EE470E0C80104960F94703F009709F489
:10ACE000C8014AE050E070E060E001960F942B321A
:10ACF0002B013C0180911B1090911C10A0911D1004
:10AD0000B0911E10AC01BD014F5F5F4F6F4F7F4F81
:10AD10004416550666067706D9F0EF28C9F4AC014B
:10AD2000BD01415051096109710944165506660675
:10AD3000770634F084159505A605B7050CF082CF8B
:10AD400060E086EE95E00F9437157CCF8F01B0CF91
:10AD50006AE270E0C8010F949F3F9C01009709F1DF
:10AD6000982F901BF12C992339F09150F801E90F9D
:10AD7000F11D8081F826F7CF4AE050E070E060E0F6
:10AD8000C90101960F942B322F2D30E050E040E0A6
:10AD9000621773078407950741F060E087EC95E040
:10ADA000D2CF60E08DE995E0CECF40921B1050925B
:10ADB0001C1060921D1070921E1080918F098130BE
:10ADC000E1F467E470E0C8010F94703F0097A9F0C8
:10ADD0004AE050E070E060E001960F942B3264305E
:10ADE00071058105910548F48CEF94E00E9437309D
:10ADF00060E082EF94E00E942FB7809121108B33A6
:10AE000009F420CF80919610843008F01BCF8091F8
:10AE100098108D9DC001112461E270E187569F4E0C
:10AE20000F947B3F80E00F94E6140CCF80912C1799
:10AE300080FFC3CF65E570E3C8010F94BB34009772
:10AE400031F0FC01838180538A3008F0B6CF60E096
:10AE500083E795E078CF2FE130E141E250E161E80E
:10AE600070E10E94121EEECE80912C1783FDBDC0B2
:10AE700082FFBBC087FDB9C01A82198241E6F42E59
:10AE800054E0E52E69E6D62E80919610843008F0C5
:10AE9000ACC00E944A1E8111A8C041E050E0BE0132
:10AEA0006D5F7F4F80E998E10E94C98F0B8110E0B0
:10AEB000019711F00FEF1FEF80919818909199185A
:10AEC000A0919A18B0919B188093281790932917F6
:10AED000A0932A17B0932B170E944A1E0F3F10070A
:10AEE00049F4811107C00E94FB3086E396E00E947E
:10AEF0003730CACF40919810242F30E00A3061F0EB
:10AF00000D3051F0882309F462C089819A8100973D
:10AF100019F001969A8389831092080789819A8192
:10AF2000F29EF001F39EF00D1124EA56FF4EE80F59
:10AF3000F91F1382892B59F50E9469D10E944A1E7C
:10AF4000882309F4A1CF80E998E10E94769180914D
:10AF50002317882391F18150809323178D9DC00181
:10AF6000112462E0865E974F0E9478C8E091231713
:10AF700024E0E29FF0011124EA5EF74F60817181C5
:10AF8000828193810E941E1F0E94C0897DCF1A82F8
:10AF9000198281E00F94E614809128179091291767
:10AFA000A0912A17B0912B17809392109093931031
:10AFB000A0939410B0939510C1CF0E947F9180917F
:10AFC0002C17886080932C17E0928F095DCF4F9DDE
:10AFD000A001112447565F4E9E012F5F3F4F68E04E
:10AFE00077E0802F0E94121E4FCF0E94EBEE6B0184
:10AFF0007C01B11004C080919E0E882351F0C09254
:10B000006012D0926112E0926212F0926312BB243D
:10B01000B3948091660790916707A0916807B091FB
:10B0200069070097A105B105B1F0409160125091F8
:10B0300061126091621270916312840F951FA61FB6
:10B04000B71FA7019601281B390B4A0B5B0BDA01CE
:10B05000C901B7FF12C19091381580913915981325
:10B0600021C140910B0250910C0260910D02709130
:10B070000E02452B462B472B29F0981709F41BC1CC
:10B08000109219070E94EBEE4B015C011091E70D45
:10B09000111108C0909138158091391511E098135D
:10B0A00001C010E020E030E04AE253E46091FF1478
:10B0B0007091001580910115909102150F94823EB8
:10B0C00087FD2AC181E0182781E040910D0750914A
:10B0D0000E0760910F0770911007452B462B472BE9
:10B0E00009F480E0811799F080E090E0DC01112301
:10B0F00031F0D501C40180569444A24FBF4F8093D4
:10B100000D0790930E07A0930F07B0931007409080
:10B110006402509065026090660270906702209110
:10B12000090730910A0740910B0750910C07C301A2
:10B13000B2010F943E35882319F180910D0790914B
:10B140000E07A0910F07B091100740920907509287
:10B150000A0760920B0770920C07892B8A2B8B2BA6
:10B1600009F449C0D501C40180569444A24FBF4F91
:10B1700080930D0790930E07A0930F07B0931007CD
:10B1800080910D0790910E07A0910F07B0911007C5
:10B190000097A105B10579F1881A990AAA0ABB0A94
:10B1A000B7FC29C010920D0710920E0710920F07DE
:10B1B0001092100787E996E00E94373060E083E83C
:10B1C00096E00E942FB780910315909104151816F0
:10B1D000190624F490E080E00E94EBB38091D7142C
:10B1E0009091D8141816190634F41092D8141092AD
:10B1F000D7140E94EB288091150790911607A09113
:10B200001707B091180746015701881A990AAA0A28
:10B21000BB0AD501C401B7FDCBC030913815909160
:10B2200039152091000280911F02391709F476C068
:10B23000E091391534E7E39FF0011124EC55F54F07
:10B240009081899FC0011124880F892F881F990B35
:10B250009195281709F49FC0809300020E94EBEE9D
:10B260002091000221115DC0109211071092120767
:10B27000109213071092140777C00E94FB3080E7EA
:10B2800096E00E94373060918B0F70918C0F85E4AF
:10B2900096E00E94ACEF40E070E060E090E080E07B
:10B2A0000E945639C0926012D0926112E0926212EE
:10B2B000F0926312D6CEB110E3CE0E94EBEE009175
:10B2C000601210916112209162123091631280908D
:10B2D0000B0290900C02A0900D02B0900E02080D8F
:10B2E000191D2A1D3B1D601B710B820B930B97FDD3
:10B2F000C7CE809119078111C5CE81E080931907CF
:10B3000080E00E945F9B81E00E945F9B82E00E9440
:10B310005F9B0E94509BB6CE10E0D6CE9091990EC6
:10B3200090CF0091110710911207209113073091CF
:10B330001407011511052105310581F46C597F4F62
:10B340008F4F9F4F609311077093120780931307DD
:10B350009093140784EB8093000206C0601B710B6E
:10B36000820B930B97FDF6CF20910002222389F0E8
:10B3700030E050E040E02150310941095109AFEF80
:10B38000B0E00F94C33B2EEF30E040E050E00F946C
:10B39000A43B20930F0844E6C40ED11CE11CF11C11
:10B3A000C0921507D0921607E0921707F09218077F
:10B3B0000E9469D180918F09882309F413C180917B
:10B3C000CE09882309F4B0C080910108882309F4CC
:10B3D000ABC08091E50D8111A7C080919E0E8111B7
:10B3E0000AC080916812813031F080912C1782FF61
:10B3F0009BC087FD99C0F89480910108873009F0BF
:10B4000005C18CB18295817090911E079827809319
:10B410001E0780910008892B809300086091F8072F
:10B420007091F9078091FA079091FB07789420E0DA
:10B4300030E0A9010F943E3587FF76C001E000930C
:10B44000E50D80919E0E81116DC084EF96E00E9403
:10B45000EA3584E080932F0A81E09AE59093AF1655
:10B460008093AE168EE490E09093B1168093B01660
:10B4700087E08093A21682E88093A51684E890E086
:10B48000A0E0B0E08093A6169093A716A093A8160C
:10B49000B093A91682E596E10E94302E0E949B305F
:10B4A0000093691260E088E098E30E94603080E1D8
:10B4B00098E30E94373080E20E94303088E397E0C2
:10B4C0000E94373080E30E9430308AE00E943030A2
:10B4D0000E9478301091630760E0102786EE99E0B3
:10B4E00069F486E297E00E94603080E30E94303089
:10B4F0008AE00E94303060E089E097E00E9460308E
:10B5000084E197E00E94373080E30E9430308AE087
:10B510000E943030112331F08FE097E09093100AB1
:10B5200080930F0A0E947FA890910901892F80952E
:10B530008170109101028117C9F020912C172064AD
:10B5400020932C178093010290FD82C064EF71E07C
:10B5500080E090E00E94902C0E949EC180912C1768
:10B5600084FD9DC0111176C00E94B4BC0E94EBEE18
:10B570006B017C0110910A021123F1F08091E80D1A
:10B580008823D1F040911A0750911B0760911C0746
:10B5900070911D0746015701841A950AA60AB70A39
:10B5A000B501A40177FD1AC0833009F46FC00CF017
:10B5B0005EC081300CF063C0212F30E0A8EEB3E014
:10B5C0000F94D63BC60ED71EE81EF91EC0921A076E
:10B5D000D0921B07E0921C07F0921D070E942AB32D
:10B5E0000E94813B0F900F900F90DF91CF911F91A0
:10B5F0000F91FF90EF90DF90CF90BF90AF909F9012
:10B600008F907F906F905F904F900895882309F4FA
:10B6100005CF649B40C091E0823009F090E081E06A
:10B62000911114C091E09813F9CE8091FC0790918C
:10B63000FD07A091FE07B091FF078093F807909354
:10B64000F907A093FA07B093FB07E8CE90E0EBCFA1
:10B650000E948F91123008F089CF0E94B4BC86CF2F
:10B660008DEE96E09093100A80930F0A7FCF84307E
:10B6700009F0A2CF0E94F7318CEA96E004C00E9444
:10B68000F7318BED96E00E94373096CF0E94F7316C
:10B6900084EC96E0F8CF823041F280E0C3CF1230E4
:10B6A00018F40E948DC162CF123009F05FCF0E9462
:10B6B000F3EF882379F081E00E94CCEF40EB50E07B
:10B6C00069EE7DE081E397E10E94C98F81E397E114
:10B6D0000E9476910E942E288111C2CF0E941028CC
:10B6E0000E9407F081E0809322170E9423F03ECF52
:10B6F000CF93DF93C82FD62F8091CA0E83FD0AC047
:10B700000E94F31E882331F0809111029091120261
:10B710000E94EBB36D2F8BE00F949F12CC2339F076
:10B7200040E061E080E0DF91CF910C94F39680914E
:10B73000D50791E0892780932D0280912D028823DF
:10B74000F1F020E030E040E05FE36091FF147091A1
:10B75000001580910115909102150F94223C0F94D1
:10B760008E3D2091031530910415621B730B77FFFA
:10B7700003C07195619571096230710544F41092AE
:10B780002D028091CA0E83FF06C081E00FC080E0C9
:10B790000E940756D2CF0E94F31E8823B1F30E9465
:10B7A000F7318AE499E00E94373080E0DF91CF9151
:10B7B0000895AF92BF92CF92DF92EF92FF920F93D4
:10B7C0001F93CF93DF93CDB7DEB764970FB6F8948E
:10B7D000DEBF0FBECDBF0E94003287FDABC08AE541
:10B7E0000E94811F882309F4B6C040E050E0BA01EE
:10B7F0008AE50E9417227B018C0163E085E00F94AB
:10B800009F1220916002309161024091620250913A
:10B81000630260E070E088EC93E40F94213C5B01EC
:10B820006C019701A8010F94823E181614F075015F
:10B830008601C701D8018D839E83AF83B88720E03E
:10B8400030E0A901B701C8010F943E35882321F0EB
:10B85000CE0105960E948E1F80E090E0A0EAB1E440
:10B8600089879A87AB87BC871D861E861F86188AA4
:10B870008CE40E94811F882309F472C00E94E92190
:10B880006B017C0120E030E0A901C701B6010F94F3
:10B89000823E87FF04C0F7FAF094F7F8F094C98A63
:10B8A000DA8AEB8AFC8A00910315109104150430A2
:10B8B0001105DCF020E030E040E05FE36091FF1430
:10B8C0007091001580910115909102150F94223C02
:10B8D0000F948E3D601B710B77FF03C071956195CE
:10B8E000710901E0643071050CF400E063E080E070
:10B8F0000E94785B81113DC063E089E00F949F1244
:10B900006D817E818F8198858B019C0130580983E0
:10B910001A832B833C8320E030E0A9010F943E354D
:10B92000882321F0CE0101960E948E1F60E089E0FD
:10B930000F949F1264960FB6F894DEBF0FBECDBF72
:10B94000DF91CF911F910F91FF90EF90DF90CF90FB
:10B95000BF90AF900895E12CF12C00E211E44DCF9F
:10B96000C090EA07D090EB07E090EC07F090ED076D
:10B9700089CF83E0E82E22E0AE01475F5F4FBE0132
:10B980006F5E7F4FCE010D960F94551FB9CF4F922A
:10B990005F926F927F92AF92BF92CF92DF92EF92BF
:10B9A000FF921F93CF93DF9300D000D01F921F927E
:10B9B000CDB7DEB75C01E62EF42E642F80E00E9446
:10B9C000785B182F81111BC0EE2021F060E089E028
:10B9D0000F949F12812F28960FB6F894DEBF0FBEEA
:10B9E000CDBFDF91CF911F91FF90EF90DF90CF906F
:10B9F000BF90AF907F906F905F904F900895EE2032
:10BA000021F06F2D83E00F949F1280E090E0A0E77B
:10BA1000B2E48D839E83AF83B88780E090E0A0E896
:10BA2000B0EC89839A83AB83BC83BE016B5F7F4F8D
:10BA3000CE0101960E94D7AE68E873E180E090E005
:10BA40000E94902CC12CD12C88ECE82E81E4F82E99
:10BA5000CD82DE82EF82F88680E090E0A0E8B0E45C
:10BA600089839A83AB83BC83BE016B5F7F4FCE011A
:10BA700001960E94D7AE4090780F5090790F609059
:10BA80007A0F70907B0FC092780FD092790FE0926E
:10BA90007A0FF0927B0F80E090E0A0EAB1E48D8312
:10BAA0009E83AF83B887F50180819181A281B381A4
:10BAB00089839A83AB83BC83BE016B5F7F4FCE01CA
:10BAC00001960E94D7AE4092780F5092790F609203
:10BAD0007A0F70927B0F0E94509B64E670E080E0CA
:10BAE00090E00E94902C76CF8F929F92AF92BF925F
:10BAF000CF92DF92EF92FF921F93CF93DF9300D00C
:10BB000000D01F921F92CDB7DEB70E940032182FCF
:10BB100087FDACC08AE50E94811F812C912C90E2A8
:10BB2000A92E91E4B92E882341F040E050E0BA01FB
:10BB30008AE50E9417224B015C0164E083E00F94C8
:10BB40009F1220E030E0A901C501B4010F94823EAC
:10BB500018167CF580E090E0A0EAB0E48D839E8327
:10BB6000AF83B887209160023091610240916202F8
:10BB700050916302C501B4010F94223C6B017C011A
:10BB800020E030E048EC53E40F943E3587FD06C0DA
:10BB9000C12CD12C88ECE82E83E4F82EC982DA82FD
:10BBA000EB82FC82BE016B5F7F4FCE0101960E944B
:10BBB000DDCA85E50E94501F882309F469C00E94F0
:10BBC000E9216B017C0120E030E0A901C701B60149
:10BBD0000F94823E87FF04C0F7FAF094F7F8F094D0
:10BBE000F7FAF094F7F8F094C982DA82EB82FC82DB
:10BBF00044E061E0CE0101960E94C75C20E030E0A5
:10BC0000A901C501B4010F94823E18165CF580E0CD
:10BC100090E0A0EAB0E48D839E83AF83B887A5014E
:10BC20009401609160027091610280916202909132
:10BC300063020F94213C6B017C0120E030E0A901FC
:10BC40000F94823E18161CF0C12CD12C7601C982AB
:10BC5000DA82EB82FC82BE016B5F7F4FCE010196E0
:10BC60000E94DDCA60E089E00F949F1228960FB60B
:10BC7000F894DEBF0FBECDBFDF91CF911F91FF9033
:10BC8000EF90DF90CF90BF90AF909F908F900895EE
:10BC900088E01802F0011124EA51F84FC080D180E9
:10BCA000E280F38090CF2F923F924F925F926F92FB
:10BCB0007F928F929F92AF92BF92CF92DF92EF923C
:10BCC000FF920F931F93CF93DF9300D000D000D04B
:10BCD000CDB7DEB74C018B014987590161E086EE93
:10BCE00099E00E94603043E858E36DEE79E085E02A
:10BCF0000F94961290919E0E81E0890F80939E0E74
:10BD000080912C1782FB222720F9288782FF08C008
:10BD100087FDCDC08B7F80932C179E5F90939E0EE6
:10BD20000E94F0B680E1E8E5F2E0AFE9BEE0019004
:10BD30000D928A95E1F787E00E94B6AD782E60E01B
:10BD400070E080E090E4711040C02090600230907C
:10BD50006102409062025090630220E030E040E0D7
:10BD600050E4C201B1010F94223C6B017C0120E040
:10BD700030E048EC53E40F94823E181634F4C12CA2
:10BD8000D12C88ECE82E93E4F92EF8016084F1853B
:10BD9000FD83F801F285FE83F801F385FF839601A8
:10BDA000A701662D7D818E819F2F0F94823E1816EC
:10BDB00024F06C2CDD82EE82FF82A2019101662DBF
:10BDC0007D818E819F810F94213C2885222349F01B
:10BDD00020919D0E222329F041E0711040E00E9445
:10BDE0003B260E947FA880919B0E811109C081E0B3
:10BDF00080939B0E8091990E80939A0E1092990ECB
:10BE000020E030E0A901F401608171818281938199
:10BE10000F943E35882391F00E94E9A781110EC04E
:10BE200080E090E0A0E7B2E489839A83AB83BC838F
:10BE3000BE016F5F7F4FC4010E94D7AE711004C076
:10BE4000B80180E00E9435CE20E030E0A901F50184
:10BE500060817181828193810F943E35882329F01E
:10BE600042E06985C5010E94C75C0E94509B64E660
:10BE700070E080E090E00E94902C81E029960FB65F
:10BE8000F894DEBF0FBECDBFDF91CF911F910F9110
:10BE9000FF90EF90DF90CF90BF90AF909F908F90EA
:10BEA0007F906F905F904F903F902F9008951886ED
:10BEB00037CFCF92DF92EF92FF92CF93DF936B0158
:10BEC0007C01D42FC091E80D83E08093E80D81E0E0
:10BED0008093E70DC114D104E104F10431F00E9414
:10BEE000EBEEC60ED71EE81EF91E8091E70D8823E3
:10BEF00089F0C114D104E104F10421F48D2F0E94D2
:10BF00000756F3CF0E94EBEE6C197D098E099F094D
:10BF100097FDF4CF1092E70DC093E80DDF91CF911C
:10BF2000FF90EF90DF90CF900895FF920F931F93B3
:10BF3000CF93DF93CDB7DEB72D970FB6F894DEBF62
:10BF40000FBECDBF082F162F0E944A3261E0812F0D
:10BF50000E947C280E94EBEE685370458F4F9F4FE4
:10BF60006093AF0E7093B00E8093B10E9093B20EAB
:10BF70001092B30EF090E80D83E08093E80D30E06E
:10BF800020E045E358E368ED79E082E00E94A730C5
:10BF900088ED99E00E940BBC81E08093E70D8091D1
:10BFA000E70D882309F46AC060E0812F0E947C2895
:10BFB0008091B30E882309F45DC060E08AE00F949D
:10BFC0009F120E94F7318EEB99E00E94373030E0EB
:10BFD00020E048EA59E06FEA79E082E00E94A73069
:10BFE0008FEA99E00E940BBC41E060E070E0CB0179
:10BFF0000E94595F30E020E050E040E06BE979E0DA
:10C0000085E00E94A7306BE979E0CE0101960F949C
:10C010008434CE0101960E94A7B60E94F7B360E077
:10C0200080E00E94785B802F0E944A320E94EBEEF3
:10C03000685370458F4F9F4F6093AF0E7093B00E53
:10C040008093B10E9093B20E1092B30E30E020E0C8
:10C0500045E358E36FE879E082E00E94A7308FE87B
:10C0600099E00E940BBC81E08093E70D61E0812F95
:10C070000E947C2881E00E94075691CFF092E80D43
:10C080002D960FB6F894DEBF0FBECDBFDF91CF91D6
:10C090001F910F91FF900895BF92CF92DF92EF9280
:10C0A000FF920F931F93CF93DF93CDB7DEB7A09787
:10C0B0000FB6F894DEBF0FBECDBF0E94003287FDE1
:10C0C000DCC061E081E00F949F1285E40E94811F33
:10C0D000882309F4E2C00E94E9216B017C0120E081
:10C0E00030E0A9010F94823E87FF04C0F7FAF09474
:10C0F000F7F8F094F7FAF094F7F8F094C98EDA8E26
:10C10000EB8EFC8E8CE0E7E8F2E0DE011196019008
:10C110000D928A95E1F788E50E94811F882351F0EE
:10C1200040E050E0BA0188E50E94172269837A83D3
:10C130008B839C8389E50E94811F882351F040E016
:10C1400050E0BA0189E50E9417226D837E838F83B8
:10C1500098878AE50E94811F882351F040E050E0D3
:10C16000BA018AE50E94172269877A878B879C87A4
:10C17000C090E607D090E707E090E807F090E90765
:10C1800085E50E94811F882321F00E94E9216B012F
:10C190007C0120E030E0A901C701B6010F94823E86
:10C1A00087FF04C0F7FAF094F7F8F094F7FAF094E8
:10C1B000F7F8F094CD8EDE8EEF8EF8A262E070E09C
:10C1C00082E40E94DA21B82E80919E0E811155C022
:10C1D0009E01235E3F4F41E0BE016F5F7F4FCE0166
:10C1E00049960E94535E882309F447C06B2D81E075
:10C1F0000E94955F70E060E082E50E94DA218C0188
:10C2000080E090E0A0EAB1E48D8B9E8BAF8BB88F7D
:10C21000C090EA07D090EB07E090EC07F090ED07B4
:10C220008CE40E94811F882321F00E94E9216B0188
:10C230007C0120E030E0A901C701B6010F94823EE5
:10C2400087FF04C0F7FAF094F7F8F094C98ADA8A05
:10C25000EB8AFC8A1D861E861F86188A80919E0E98
:10C26000882359F02B2DAE014B5E5F4FBE016F5EF0
:10C270007F4FCE010D960F945326A0960FB6F894DB
:10C28000DEBF0FBECDBFDF91CF911F910F91FF9009
:10C29000EF90DF90CF90BF900895C12CD12C80E813
:10C2A000E82E80E4F82E26CFCF92DF92EF92FF9215
:10C2B0000F931F93CF93DF93CDB7DEB76C970FB675
:10C2C000F894DEBF0FBECDBF8CE40E94811F88238F
:10C2D00009F4AFC00E94E9216B017C0120E030E04D
:10C2E000A9010F94823E87FF04C0F7FAF094F7F893
:10C2F000F094F7FAF094F7F8F094C98EDA8EEB8E9A
:10C30000FC8E8CE0E7E8F2E0DE01119601900D92E0
:10C310008A95E1F788E50E94811F8823A1F040E01B
:10C3200050E0BA0188E50E94172220918D0F3091CC
:10C330008E0F40918F0F5091900F0F94213C698385
:10C340007A838B839C8389E50E94811F8823A1F0D7
:10C3500040E050E0BA0189E50E9417222091910F38
:10C360003091920F4091930F5091940F0F94213C74
:10C370006D837E838F8398878AE50E94811F88233F
:10C3800051F040E050E0BA018AE50E941722698727
:10C390007A878B879C8761E080E00F949F121D86CF
:10C3A0001E861F86188A80919E0E811133C09E01C1
:10C3B000235F3F4F40E0BE016F5F7F4FCE01499644
:10C3C0000E94535E882331F160E080E00E94955F17
:10C3D000898D9A8DAB8DBC8DB0588D8B9E8BAF8B1C
:10C3E000B88F198A1A8A1B8A1C8A1D861E861F8688
:10C3F000188A80919E0E882369F010E000E020E00A
:10C40000AE014B5E5F4FBE016F5E7F4FCE010D965A
:10C410000F9453266C960FB6F894DEBF0FBECDBFB7
:10C42000DF91CF911F910F91FF90EF90DF90CF9010
:10C430000895C12CD12C80E8E82E80E4F82E59CF45
:10C440002F923F924F925F926F927F928F929F9224
:10C45000AF92BF92CF92DF92EF92FF920F931F9312
:10C46000CF93DF93CDB7DEB7E1970FB6F894DEBF79
:10C470000FBECDBF89AB2091E80D28AB81E0809342
:10C48000E80D809172078D3409F4FAC3843511F4F4
:10C490000C946377873409F091C180917007909173
:10C4A00071078B31910509F4DCC108F079C1843042
:10C4B000910508F030C120918F098230910508F470
:10C4C0008EC1233008F491C111E0029709F010E009
:10C4D0000E94FF2619821A821B821C821D821E82E4
:10C4E0001F82188682E50E94811F882309F48FC16C
:10C4F0000E94E9216B017C0120E030E0A9010F944A
:10C500003E35882309F4EAC0409058025090590201
:10C5100060905A0270905B0280915C0290915D0283
:10C52000A0915E02B0915F0288A799A7AAA7BBA7B6
:10C530008090CB0E9090CC0EA090CD0EB090CE0EF1
:10C540008091CF0E9091D00EA091D10EB091D20ECD
:10C550008CA79DA7AEA7BFA7A5019401C301B201F7
:10C560000F943E3581110DC02CA53DA54EA55FA5AC
:10C5700068A579A58AA59BA50F943E35882309F463
:10C58000ADC0A3019201C501B4010F94213C20E08C
:10C5900030E040E05FE30F94A4356CA37DA38EA34D
:10C5A0009FA328A539A54AA55BA56CA57DA58EA549
:10C5B0009FA50F94213C20E030E040E05FE30F9422
:10C5C000A4352B013C0120E030E0A901C701B601F0
:10C5D0000F943E35881F8827881F181709F40EC14D
:10C5E00080E090E0A0E8BFEB88A799A7AAA7BBA727
:10C5F0002CA13DA14EA15FA1CA01B9010F94A435A0
:10C600004B015C01A3019201C301B2010F94A43557
:10C610009B01AC01C501B4010F94223C0F94D03EA4
:10C620004B015C01AC019B01C701B6010F94213C99
:10C630006CA77DA78EA79FA7A5019401C701B6018E
:10C640000F94223C9B01AC016CA57DA58EA59FA5F6
:10C650000F94A4356B017C0120E030E0A9010F9418
:10C66000823E87FDD0C0C701B6010F94D03E6B015A
:10C670007C01C301B2019058A50194010F941C3DA7
:10C6800028A539A54AA55BA50F94A435A701960155
:10C690000F94A4352CA13DA14EA15FA10F94223C83
:10C6A00069837A838B839C83A50194016CA17DA10E
:10C6B0008EA19FA10F941C3D28A539A54AA55BA575
:10C6C0000F94A435A70196010F94A435A3019201FC
:10C6D0000F94223C6D837E838F83988720E030E027
:10C6E000A90169817A818B819C810F943E358111EA
:10C6F000A2C020E030E0A9016D817E818F81988504
:10C700000F943E35811197C00E94FB3081E191E189
:10C710000E9437306AC08531910509F466C08A31BC
:10C72000910509F49BC0049709F048C080E50E9478
:10C73000811FC12CD12C7601882321F00E94EC208E
:10C740006B017C0183E50E94811F882361F00E94B8
:10C75000E92120E030E04AE754E40F94A4350F9437
:10C76000953D6B017C010E947FA880911F12811171
:10C7700005C060E087E291E10E942FB70E94EBEED6
:10C78000C60ED71EE81EF91E0E94EBEE6C197D093D
:10C790008E099F0997FF29C080E00E940756F4CFB9
:10C7A0008A32910509F415C160F48D31910509F4BF
:10C7B00074C008F46FC04E9709F472C00F945621EC
:10C7C00014C08B35910509F4B1C18C35910509F47C
:10C7D000B1C18A35910591F710926A0706C02330DE
:10C7E00020F00E94FF260E945BD329A9211102C0DC
:10C7F0000E94453038A93093E80D19C480E090E0DC
:10C80000A0E8BFE3F1CEC12CD12C760132CF89E470
:10C810000E94811F882331F00E94E92169837A8375
:10C820008B839C838AE40E94811F882309F456CF5E
:10C830000E94E9214FCF412FBE016F5F7F4F8BECEC
:10C840009EE00F94EB180E94EBEE609360127093E1
:10C8500061128093621290936312C7CF0E945F4E61
:10C86000C4CF87E00E945CC98111BFCF8CE0E3E9AF
:10C87000F2E0DE01119601900D928A95E1F770E0E9
:10C8800060E080E50E948321BE016F5F7F4F0E94C0
:10C8900035CEABCF0E94CC4BA8CF0E94377BA5CF23
:10C8A00088E50E94811F882309F481C00E94E92144
:10C8B00020918D0F30918E0F40918F0F5091900FDE
:10C8C0000F94213C69837A838B839C8389E50E9442
:10C8D000811F882309F474C00E94E9212091910FDF
:10C8E0003091920F4091930F5091940F0F94213CEF
:10C8F0006D837E838F839887BE016B5F7F4FCE01F0
:10C9000001960F941C17882309F46FCF80E00E94D2
:10C910003C350E9491AE61E085E40E94C121182F50
:10C9200021E0482FBE016B5F7F4FCE0101960F942F
:10C93000EF236B017C01AC019B010F94143F81112B
:10C940002EC020918D0F30918E0F40918F0F5091FE
:10C95000900F69817A818B819C810F94223CAB017D
:10C96000BC018AE391E10E945D322091910F3091E8
:10C97000920F4091930F5091940F6D817E818F8122
:10C9800098850F94223CAB01BC0185E391E10E94A4
:10C990005D32B701A60180E391E10E9447330E9416
:10C9A00078AE11110E94FC200E94A1AF1ECF6091B1
:10C9B00058027091590280915A0290915B0282CF85
:10C9C00060915C0270915D0280915E0290915F02C5
:10C9D0008FCF80918F09833008F407CF89E40E94BC
:10C9E000811F082FE12C882319F00E94D621E82E00
:10C9F0008AE40E94811F182FF12C882319F00E94CD
:10CA0000D621F82E002319F094E09E1528F011236A
:10CA100041F0A4E0AF1528F482E491E10E943730A0
:10CA2000E4CE80E1E8E5F2E0ABECBEE001900D92EF
:10CA30008A95E1F7002359F08E2D0E94D81E60934D
:10CA4000CB0E7093CC0E8093CD0E9093CE0E11230F
:10CA500059F08F2D0E94BD1E6093CF0E7093D00EA3
:10CA60008093D10E9093D20E60E080E50E94C121A8
:10CA70008823C1F10023D1F0E0913315F0913415F2
:10CA800020813181428153816091CB0E7091CC0E17
:10CA90008091CD0E9091CE0E0F94213C6093CB0EE1
:10CAA0007093CC0E8093CD0E9093CE0E1123D1F0C7
:10CAB000E0913315F09134152481358146815781F9
:10CAC0006091CF0E7091D00E8091D10E9091D20EC8
:10CAD0000F94213C6093CF0E7093D00E8093D10EB3
:10CAE0009093D20E40E050E0BA0186E40E941722F3
:10CAF0006B017C0120E030E0A9010F94823E181602
:10CB00008CF420E030E040E752E4C701B6010F9416
:10CB10001C3D69837A838B839C83CE0101960E949E
:10CB200003D663CE60E070E0CB01F3CF8FE080935B
:10CB30006A075BCE80916F07882389F1893009F0FD
:10CB400054CE3BECA32E33E0B32E48E5C42E42E096
:10CB5000D42EE12C00E010E0F50181915F010E94EC
:10CB6000811FF82E882369F0133011F0E82EF02E83
:10CB70000E94E921D6016D937D938D939C93139729
:10CB80000F2D1F5FB4E0CB0ED11C143029F7EE201F
:10CB900009F464C00E9493AF0E94A1AF26CE2BEC93
:10CBA000C22E23E0D22EF12CE12C00E010E0F601A1
:10CBB00081916F010E94811F382E882309F447C09C
:10CBC0000E94E9214B015C01133059F0F701E35752
:10CBD000F04F20813181428153810F94213C4B01E0
:10CBE0005C01F701E85AFD4F208131814281538178
:10CBF000C501B4010F94213C2B013C012DEB37E31F
:10CC000046E855EB0F94823E87FD0AC02DEB37E3D3
:10CC100046E855E3C301B2010F943E351816BCF443
:10CC2000133021F197012853384F5901A301920184
:10CC3000D5016D917D918D919C910F94223CF501D0
:10CC40006083718382839383812F0E945EAD1F5F17
:10CC5000F4E0EF0EF11C143009F0A9CF002309F421
:10CC60009BCF84E692E00E9490A896CF80926402C7
:10CC700090926502A0926602B0926702032DE7CF00
:10CC800080917007909171078D37910509F4B4C0B8
:10CC900008F08FC28135910509F4E7C708F06CC12F
:10CCA0008A31910509F483C508F0A9C08431910542
:10CCB00009F4CDC408F084C08131910509F485C41C
:10CCC00008F058C0029708F079CD80E50E94811FD6
:10CCD000C12CD12C7601882321F00E94EC206B011D
:10CCE0007C0183E50E94811F882361F00E94E92175
:10CCF00020E030E04AE754E40F94A4350F94953DCA
:10CD00006B017C010E947FA880916B0790916C075A
:10CD1000009709F443C40E943EBA00916B0710913A
:10CD20006C070115110509F43EC40E949B3082E096
:10CD30008093691260E088E098E30E9460308BE5A0
:10CD400091E10E94373080E20E943030C8010E9499
:10CD5000A0EF8AE00E94303085E398E3009711F05D
:10CD60000E9484300E94783040E0C701B6010E94E2
:10CD7000595F3BCD429709F021CD83E50E94811F89
:10CD8000882309F499C70E94EBEE609360127093B8
:10CD9000611280936212909363120E94E92120E055
:10CDA00030E04AE754E40F94A4350F94953D609326
:10CDB0000B0270930C0280930D0290930E0215CD1E
:10CDC0008731910509F475C480F48531910509F422
:10CDD0006DC4469709F0F2CC80912C1782FF02C0F7
:10CDE00087FF03CD0E948F9100CD8831910509F412
:10CDF00076C4499709F0E2CC0E945461F6CC8032A7
:10CE0000910509F450C508F07DC08D31910509F4F4
:10CE100033C570F48B31910509F4D8C44C9709F0EF
:10CE2000CDCC80916B0790916C070E9425C8DDCC1A
:10CE30008E31910509F427C54F9709F0BFCC0E94A8
:10CE4000DDB27B018C0120E831E541E050E00F9438
:10CE5000823BC9016DE671E00F94F13B4B015C012F
:10CE6000C801B70120E13EE040E050E00F94823B72
:10CE7000CA01B90128E130E040E050E00F94823B64
:10CE8000762E672EC62ED72E8CE3282E312C412CE1
:10CE9000512CC801B701A20191010F94823BF62EDB
:10CEA000E72ECA01B901A20191010F94823BCB0187
:10CEB0008E010F5F1F4F8114910409F41FC5EF927B
:10CEC000FF927F936F936F927F92BF92AF929F92E8
:10CED0008F9287E292E19F938F931F930F930F940A
:10CEE000D5340FB6F894DEBF0FBECDBF60E0C801E9
:10CEF0000E94EDC70E94F731B8018BE392E10E94D6
:10CF0000ACEF73CC8B34910509F433C650F58A32FB
:10CF1000910509F438C58934910509F04FCC80E5B5
:10CF20000E94811F8823A1F00E94E92120E030E0C7
:10CF300048EC52E40F94A4350F94953D6031E7E23C
:10CF40007E0710F060E177E27093C3076093C20739
:10CF500082E50E94811F882309F447CC0E94EC20BF
:10CF600044CC8C34910509F408C68D34910509F040
:10CF700025CC0E947EBC39CC8D36910509F406C6BD
:10CF800008F077C08C35910509F4C3C688F5833560
:10CF9000910509F489C608F47FC68435910509F422
:10CFA000ECCE8535910509F009CC83E50E94501F30
:10CFB000882309F41ACC0E94EBEE60936012709300
:10CFC000611280936212909363120E94E92120E023
:10CFD00030E04AE754E40F94A4350F94953D6093F4
:10CFE0006607709367078093680790936907FDCB86
:10CFF0008A36910509F4CFC598F58836910509F46C
:10D00000C0C58936910509F0D9CB0E940032182F8E
:10D0100087FD0AC082E792E10E943730812F0E948B
:10D02000FA948AE00E943030F8A9F093E80DE19676
:10D030000FB6F894DEBF0FBECDBFDF91CF911F9129
:10D040000F91FF90EF90DF90CF90BF90AF909F90A7
:10D050008F907F906F905F904F903F902F900895AA
:10D060008B36910509F4BFC58C36910509F4BDCB0B
:10D07000A5CB8337910509F4E6C608F057C0803781
:10D08000910509F4B2CB08F042C08E36910509F43F
:10D09000B5C58F36910509F091CB83E50E94811FBC
:10D0A000882321F00E9491218093CA0E0E94F731BB
:10D0B00085E892E10E9437308091CA0E882309F4F6
:10D0C000B0C510E000E020E08091CA0E90E0002E94
:10D0D00002C0959587950A94E2F780FF12C0FF245D
:10D0E000F394F20E222319F08CE20E943030F80102
:10D0F000EE0FFF1FE758FD4E859194910E94373047
:10D100002F2D0F5F1F4F06301105F1F67CC38137BD
:10D11000910509F489C58237910509F04FCB0F9429
:10D1200067158EE595E10E94409A5FCB87379105A0
:10D1300009F4BEC678F58537910509F48DC68637A2
:10D14000910509F03BCB00916B0710916C0794E0BF
:10D15000F12C40E0915009F49AC6D8018C91282F07
:10D160002B7F213409F08BC611962C91213309F0C5
:10D170008EC6813409F499C6853409F441E09801DA
:10D180002E5F3F4F89012F5F3F4FD8018C91803236
:10D19000C9F3E0CF8837910509F48EC68937910528
:10D1A00009F00CCB1092400910923F090E944EB139
:10D1B0001CCB8C3921E0920711F40C947C7508F09B
:10D1C000FAC08D3D910511F40C94F97108F05BC023
:10D1D0008B3C910509F4E0C6F8F48E3B910509F407
:10D1E0003FC540F48C38910509F0E8CA80E00E9400
:10D1F0002129FBCA883C910509F467C6893C910541
:10D2000009F0DCCA8CE494E00E942C1F811199C6BD
:10D2100081E00E943E34E9CA8E3C910509F4C3C7FF
:10D2200090F48C3C910509F4E5C68D3C910509F01C
:10D23000C5CA8AE494E00E942C1F81112EC781E0A8
:10D240000E94A033D2CA833D910509F4DAC78C3D10
:10D25000910509F0B3CA00916D0710916E07E09037
:10D260005202F0905302D8018C91882311F40C944F
:10D27000D071B70189E094E10E94D83586E094E14D
:10D280000E943730B2CA8F32A1E09A0711F40C9491
:10D29000947308F071C08C32E1E09E0711F40C9495
:10D2A000CC72D8F5823E910511F40C945172823201
:10D2B000914009F083CA8AE50E94811F882311F4F6
:10D2C0000C94A1720E94E92120E030E040E050EC93
:10D2D0000F943E3587FF02C00C94B9720E94E92179
:10D2E00020E030E040E050E40F94823E181614F441
:10D2F0000C94BF720E94E92120915C0F30915D0F68
:10D3000040915E0F50915F0F0F94A4350F948E3DA6
:10D31000CB010F9414130C94A7728D3231E0930754
:10D3200011F40C94E2728E32914009F047CA83E501
:10D330000E94501F182F882369F00E94D6219C015B
:10D34000909312028093110291E0232B09F090E058
:10D350009093D50780E50E94501F882311F40C9408
:10D3600072732091110230911202232B11F00E944E
:10D37000B1218093D50739CA8139B1E09B0711F4F7
:10D380000C94D67368F48033F1E09F0711F40C9489
:10D390002A738039914009F011CA0E947FA825CADA
:10D3A000823931E0930711F40C94F0738A3991407B
:10D3B00009F41BCA03CA8F34B2E09B0711F40C9422
:10D3C0007C7508F05CC0843FF1E09F0711F40C9479
:10D3D000777430F5843A31E0930711F40C94F873C4
:10D3E00090F48D39914009F0E9C983E50E94501FFE
:10D3F000882311F40C9453770E94B12180939D0EE1
:10D400000E941828F2C9853AE1E09E0711F40C94B5
:10D41000FC738C3A914009F0D1C90E94FF30E5C9F4
:10D42000873F21E0920711F40C947F7468F4853FE4
:10D43000A1E09A0711F40C947B74863F914009F0A7
:10D44000BDC90E945DB1D1C9883FE1E09E0711F4DA
:10D450000C9461758C30924009F0B0C910912C1772
:10D4600012FD02C00C94747517FF02C00C94747501
:10D470000E94F22C80FB17F910932C17B6C98C363A
:10D4800023E0920709F4B1C990F58D3BA2E09A0719
:10D4900011F40C940476A8F48835E2E09E0711F4A8
:10D4A0000C9480758B35924009F088C98AE594E028
:10D4B0000E942C1F81110C94847581E00E942239F6
:10D4C00094C98E3B22E0920711F40C9408768335C0
:10D4D000934009F073C982E594E00E942C1FF82E56
:10D4E00081110C940C7681E00E94F2387EC9873E4F
:10D4F000A3E09A0711F40C944377B8F48438E3E07E
:10D500009E0711F40C94E076803A934009F056C9D6
:10D5100020916B0730916C0790912C17926090933B
:10D520002C17C9010E9425C860C9883E23E09207D4
:10D5300011F40C945877893E934009F03FC90E943A
:10D540007FA880912C17877F8B7F80932C178091E9
:10D55000221781110C945C770E9410280E9407F01A
:10D560000E94DDB26D3371058105910520F087E3DE
:10D5700096E10E94D57783E396E10E94D57780E11A
:10D5800097EA9093C3078093C2078FE196E10E94C8
:10D5900037308BE196E10E94D57727C981E791E189
:10D5A0000E940BBCBACB809170079091710769E61D
:10D5B00071E1892B11F461E671E130E020E045E38F
:10D5C00058E382E00E94A730CFCB8DE494E00E9424
:10D5D0002C1F882359F185E40E94501F882361F095
:10D5E0008091640790916507892B21F00E94D621D4
:10D5F000811102C00E94589B9BECE92E93E0F92E0A
:10D6000010E0D7016D917D01062E000C770B809103
:10D610006D0790916E070F94703F892B19F0812F41
:10D620000E94969B1F5F133061F7DFC860E084E8BB
:10D6300091E10E942FB780E00E94969B81E00E94BA
:10D64000969B82E00E94969B0E94589BCEC8809138
:10D650002C1784FF24C08CE991E10E94373080911F
:10D660002C1784FF17C08CE497E10E94AC918BE1EA
:10D67000ECE4F7E1DE01119601900D928A95E1F755
:10D6800070E060E0CE0101960F947A21CE01019600
:10D690000E9440288DE891E10E943730A6C80E9480
:10D6A000F7318DEA91E10E9437309FC80E949EC1F8
:10D6B0009CC880916B0790916C07FC0121912223FB
:10D6C00031F02032D9F7DF0111971C92F7CF60E0DB
:10D6D0000E9478C81092C3071092C20786C883E5DB
:10D6E0000E94811F882321F00E9473210E941E1F27
:10D6F00084E50E94811F8823A9F00E9473216B0199
:10D700007C010E940FB3C092C407D092C507E0927B
:10D71000C607F092C707CD28CE28CF2819F081E0A0
:10D720008093681280919E0E8823F1F080E090E053
:10D73000A0EAB1E489839A83AB83BC831C8E1D8EDF
:10D740001E8E1F8E18A219A21AA21BA210E000E0C2
:10D7500020E0AE014F5F5F4FBE01645E7F4FCE01A0
:10D7600080960F94532641C80E94F22C882381F0A2
:10D770000E94C0890E94182D85E29EE00E942F9190
:10D780001092921010929310109294101092951083
:10D7900061E08CE499E10E94603043E858E367EB74
:10D7A00071E185E00F9496120F94EF121EC88091DC
:10D7B0002C1784FF1AC883E50E94811F882309F46F
:10D7C00014C80E9473210E941E1F0FC863E470E0FA
:10D7D00080916D0790916E070F94703F892BE9F04F
:10D7E0008DEC91E10E94373080919318882381F06D
:10D7F000BE016F5F7F4F80E998E10E94C290CE0129
:10D8000001960E94A0EF8AE00E9430300C94F563EC
:10D8100083EC91E10E943730F6CF80912C1782FD86
:10D8200004C00E94002D882309F1C0902817D090D1
:10D830002917E0902A17F0902B178DEE91E10E94A6
:10D840003730C701B6010F94A90F8FE20E94303024
:10D8500060912417709125178091261790912717B2
:10D860000F94A90F0E949AEF0C94F5638CED91E14F
:10D870000E9437300C94F56380912C178E7F809333
:10D880002C170C94F56380912C1784FD02C00C9426
:10D89000F5630F94D51580916B0790916C070E94EA
:10D8A00008C20C94F56380912C1782FF03C087FF98
:10D8B0000E947FA880912C1784FD02C00C94F56310
:10D8C00060E080E50E94C121182F682F80916B07CE
:10D8D00090916C070E9478C883E50E94811F88237D
:10D8E00021F00E9473210E941E1F0E94C089111105
:10D8F0000C94F5630E94182D0C94F563A114B104E7
:10D9000089F0EF92FF927F936F936F927F92BF9215
:10D91000AF9287E192E19F938F931F930F930F94A0
:10D92000D534DFCACD2879F0EF92FF927F936F93C1
:10D930006F927F928BE092E19F938F931F930F934F
:10D940000F94D534CECA892B69F0EF92FF927F9362
:10D950006F9383E092E19F938F931F930F930F94A4
:10D96000D534BFCAEF92FF928FEF91E19F938F93CF
:10D970001F930F930F94D5340F900F900F900F902B
:10D980000F900F90B3CA6DE070E080E50E94DA213D
:10D990008C0197FF02C00C94F563D82E60E089E4F7
:10D9A0000E94C12181110DC0E4E2F4E18AE394E117
:10D9B0002491D21611F40C94977731968E179F0705
:10D9C000B9F784E50E94811FF82E8823B9F00E94E0
:10D9D0009121813071F040F0823009F180E692E1CE
:10D9E0000E9437300C94F56360E0802F0E9414EEA3
:10D9F00005C061E0802F0E9414EEF12C83E50E94A7
:10DA0000811F882311F40C94F5630E949121E82E64
:10DA1000B9E0DB1206C08093990E0C94F56362E0C6
:10DA2000E4CFFF2031F088E492E10E9437300C947B
:10DA3000F56361E0802F0E9414EE6E2D802F0E940E
:10DA4000E6EDF12CE114F10431F460E0802F0E9446
:10DA5000E6ED0C94F563EFEFEE16F10431F461E0BE
:10DA6000802F0E94E6ED0C94F563602FCE010196A5
:10DA70000E941C2D8989882309F470C0E981FA81EC
:10DA80008F852889811129C0608130E083E090E092
:10DA9000AC01421B530B440F551F042E01C0880FCD
:10DAA0000A94EAF78095862362E070E001C0660F71
:10DAB0004A95EAF7862B8083F9013396EE0FFF1F14
:10DAC00021E030E02C0F3D1FE20FF31F0190F081A9
:10DAD000E02DF182E0820C94F5639A8991110C9407
:10DAE000F563AFEFB0E0823029F0AD85BE850D90D3
:10DAF000BC91A02D608130E083E090E0AC01421B3E
:10DB0000530B440F551F042E01C0880F0A94EAF7E7
:10DB10008095862362E070E001C0660F4A95EAF7BF
:10DB2000862B80832D5F3F4F220F331F81E090E0D3
:10DB30008C0F9D1F280F391FF9010081118197015A
:10DB40000F94D63B2FEF30E040E050E00F94823B43
:10DB5000D80111963C932E930C94F56361E0BFE7D6
:10DB6000EB16F10408F460E0802F0E94E6ED0C94BF
:10DB7000F5630E94182D0C94F5630E94F0B60C9486
:10DB8000F56380E00E94084E0C94F56381E00E94EA
:10DB9000084E0C94F56360E080E50E94A521811198
:10DBA0000C94F56361E470E080916D0790916E07CD
:10DBB0000F94703F6091990E062F892B11F40FEF8F
:10DBC00010E083E50E94811F882349F00E947321A1
:10DBD0008B016F3F710519F010F00FEF10E000930B
:10DBE000990E0C94F56360E080E50E94A5218111F7
:10DBF0000C94F5631092990E0C94F5638EE40E94D8
:10DC0000811F882311F40C94F5630E9473216093A3
:10DC10001B1070931C1080931D1090931E100C9479
:10DC2000F56385E792E1F6CD83E50E94811F8823A5
:10DC300069F00E9491218D3320F480930A020C94A4
:10DC4000F5638CE380930A020C94F5630E94F7312C
:10DC500060910A028CE892E10E94763B0C94F56395
:10DC600081E00E9421290C94F5630E94CBA91092B7
:10DC7000990E0E9497990E947EBC68EE73E080E046
:10DC800090E00E94902C60E083E992E10E942FB71F
:10DC90000E94071F0C94F56380916A078F7D806155
:10DCA00080936A070C94F56380916A078F7E806287
:10DCB00080936A070C94F5638DE494E00E942C1F16
:10DCC000882319F10E947FA885E40E94501F8111CA
:10DCD0000E94509BBBECEB2EB3E0FB2E10E0D70173
:10DCE0006D917D01062E000C770B80916D07909150
:10DCF0006E070F94703F892B19F0812F0E945F9B54
:10DD00001F5F133061F70C94F5630E94CBA90C944C
:10DD1000F5630E94003287FF02C00C94F5638DE426
:10DD200094E00E942C1F882309F488C0FBECCF2EBE
:10DD3000F3E0DF2EA0E4EA2EAFE0FA2E10E0F601C9
:10DD400081916F010E94811F882359F0133099F04F
:10DD50000E94E921D70154966D937D938D939C93F6
:10DD600057971F5FB4E0EB0EF11C143041F70E948F
:10DD70005BA80C94F5630E94E9214B015C0120E053
:10DD800030E040EA51E40F943E3587FF4EC0A501D4
:10DD900094016091600F7091610F8091620F90917A
:10DDA000630F0F941C3D2B013C01AC019B01609162
:10DDB000CA097091CB098091CC099091CD090F943B
:10DDC000A4356093CA097093CB098093CC099093D2
:10DDD000CD09A30192016091700F7091710F809134
:10DDE000720F9091730F0F94A4356093700F70931E
:10DDF000710F8093720F9093730F60919E097091D1
:10DE00009F098091A0099091A1090F944335A30126
:10DE100092010F94A4350F94953D60939E097093E1
:10DE20009F098093A0099093A1098092600F90921E
:10DE3000610FA092620FB092630F93CF81E00F94B5
:10DE400025160C94F56386EA92E10E9437308AE049
:10DE50000E9430300C94F56380916B0790916C07B1
:10DE6000009749F0FC012081222329F061E00E9403
:10DE7000EDC70C94F5630F94EF120C94F5638035A5
:10DE800031F4F801818180538A3008F478C9411156
:10DE90000E94F731FF2021F084EA93E10E9437309D
:10DEA000C8010E94E9C70C94F563FF24F39467C985
:10DEB0000E94DBB00C94F56381E08093400980936D
:10DEC0003F090E944EB10C94F56381E494E00E94F6
:10DED0002C1F811105C081E00E9478340C94F563F9
:10DEE0000E940032182F87FF02C00C94F563009146
:10DEF000F20784E40E94811FF82E8823B1F00E946B
:10DF0000E9214B015C0120E030E0A9010F943E358E
:10DF10008823A9F0B4E01B02F0011124E251F84F6C
:10DF200080829182A282B3820F2D602F83E50E94AE
:10DF3000C1218093F2070E9454AA0C94F56380E0FB
:10DF4000F8CF0E94003287FF02C00C94F5630BECFF
:10DF500013E070E4E72E7FE0F72EEFECCE2EE3E047
:10DF6000DE2EF80181918F010E94811F882361F0CC
:10DF70000E94E9210F94953DD7016D937D938D9378
:10DF80009C9313970E940DA8B4E0EB0EF11CC016F1
:10DF9000D10639F70C94F5638CE494E00E942C1FB1
:10DFA000811105C081E00E9414340C94F5630E9435
:10DFB000003287FF02C00C94F5636BECE62E63E041
:10DFC000F62E10E000E0F70181917F010E94811F91
:10DFD000882349F00E94E921F801E05CF04F64A336
:10DFE00075A386A397A30C5F1F4F0031110559F746
:10DFF0000C94F56385E494E00E942C1F811105C008
:10E0000081E00E94F2330C94F56383E50E94811F46
:10E01000882391F00E94E9216093740F7093750F2B
:10E020008093760F9093770F60937C0F70937D0FA2
:10E0300080937E0F90937F0F80E50E94811F88233D
:10E0400051F00E94E9216093740F7093750F8093D3
:10E05000760F9093770F82E50E94811F882351F0FD
:10E060000E94E9216093780F7093790F80937A0F63
:10E0700090937B0F84E50E94811F882311F40C94F8
:10E08000F5630E94E92160937C0F70937D0F80936C
:10E090007E0F90937F0F0C94F56382E40E94811FA2
:10E0A000882351F00E94EC206093500F7093510F21
:10E0B0008093520F9093530F83E50E94811F882312
:10E0C00051F00E94E9216093800F7093810F80933B
:10E0D000820F9093830F84E50E94811F882351F063
:10E0E0000E94E9216093840F7093850F8093860FBF
:10E0F0009093870F88E50E94811F882351F00E942A
:10E10000E9216093BE097093BF098093C009909381
:10E11000C10989E50E94811F882351F00E94E921ED
:10E120006093C2097093C3098093C4099093C50991
:10E130008AE50E94811F182F882351F00E94E9214F
:10E140006093C6097093C7098093C8099093C90961
:10E1500085E40E94811F882351F00E94E921609389
:10E16000CA097093CB098093CC099093CD091123F0
:10E1700011F40C94F5632DEC3CEC4CEC5DE36091F8
:10E18000C6097091C7098091C8099091C9090F9477
:10E190003E35181614F40C94F56387EA93E10E9457
:10E1A00037300C94F563E0916D07F0916E07808134
:10E1B0004BECC42E43E0D42E53E4E52E59E0F52E6B
:10E1C00010E0882329F081E00E944C330C94F56321
:10E1D000D6018D916D010E94811F882351F00E940C
:10E1E000E921F7016083718382839383812F0E94E9
:10E1F0005EAD1F5FF4E0EF0EF11C133049F70C9495
:10E20000CC6583E50E94501F882331F00E94B12124
:10E2100080932E020C94F56368EF73E181E00F9414
:10E22000CC1560912E02605D8FEE93E10E94583014
:10E230008BEE93E10E94373080912E020E94DC30F9
:10E2400040908D0F50908E0F60908F0F7090900FB8
:10E2500020913002309131024091320250913302CC
:10E26000C301B2010F94223C6CA37DA38EA39FA394
:10E270008090910F9090920FA090930FB090940F78
:10E28000209134023091350240913602509137028C
:10E29000C501B4010F94223C68A779A78AA79BA760
:10E2A000C090950FD090960FE090970FF090980F38
:10E2B000209138023091390240913A0250913B024C
:10E2C000C701B6010F94223C6CA77DA78EA79FA71C
:10E2D00020913C0230913D0240913E0250913F021C
:10E2E000C301B2010F94223C2B013C01209140025A
:10E2F000309141024091420250914302C501B40164
:10E300000F94223C4B015C01209144023091450264
:10E310004091460250914702C701B6010F94223C3A
:10E320006B017C011D861E861F86188A8CA19DA10B
:10E33000AEA1BFA189839A83AB83BC8388A599A52D
:10E34000AAA5BBA58D839E83AF83B8878CA59DA509
:10E35000AEA5BFA589879A87AB87BC8741EE53E1FD
:10E3600063EE73E1CE0101960E94E6341D861E869F
:10E370001F86188A49825A826B827C828D829E8295
:10E38000AF82B886C986DA86EB86FC8650E040E02C
:10E3900069ED73E1CE0101960E94E6340C94F563B9
:10E3A00062E570E0C8010F94703F892B41F08091C5
:10E3B0000F0290911002909353028093520262E4F4
:10E3C00070E0C8010F94703F892B21F0F092100289
:10E3D000E0920F0283E50E94811F882311F40C94C0
:10E3E000F5630E94D62190935302809352020C94BD
:10E3F000F5630E940032082F87FF02C00C94F5637A
:10E4000083E50E94811F002E000C110B7801EE0C99
:10E41000FF1C882361F10E94D621F701E45BFD4FC8
:10E4200091838083000F111F000F111FF801E85B1B
:10E43000FD4F7F01BC01990F880B990B0F94453557
:10E440002AE037ED43E25CE30F94A435F801E6548B
:10E45000F64F20813181428153810F94A435D70139
:10E460006D937D938D939C9313970C94F5630E9409
:10E47000F73185E40E94303080E3800F0E94303015
:10E48000F701E45BFD4F608171818DE094E10E94B2
:10E49000D83585E20E9430308AE00E9430300C94FA
:10E4A000F56380E50E94501F882311F40C94F563F6
:10E4B00070E060E080E50E94DA21F82E6FEF7FEFD8
:10E4C00083E50E94DA218C010196039710F00C94E9
:10E4D000F563F7FE02C00C94F563E4E2F4E18AE32D
:10E4E00094E12491F21609F422C531968E179F0704
:10E4F000C1F70E947FA860E08F2D0E9414EE0F3FAD
:10E50000100731F001301105C9F010E000E00AC039
:10E510008F2D0E94BDED31E020E0892B09F030E025
:10E52000032F122F8F2D0E94BDED8017910711F43C
:10E530000C94F56380E00E940756F4CF01E010E0F0
:10E54000F1CF83E50E94811F81110C94626982E5FD
:10E5500094E00E942C1F811118C00E94F731609135
:10E560006412709165128AE394E10E94E5350C947F
:10E57000F56360E070E080E090EC0C947C6960E012
:10E5800070E080E090E40C947C6982E50E94501F6A
:10E590008111E3CF0C94F56364E071E083E50E94A0
:10E5A00083218C0168EE73E080E50E948321893825
:10E5B000B3E19B0710F088E893E1B8010E946AD6A6
:10E5C0000C94F56386E594E00E942C1F811105C030
:10E5D00081E00E940D330C94F56380E50E94811F59
:10E5E000882351F00E94E92160931B1570931C153C
:10E5F00080931D1590931E1589E40E94811F882326
:10E6000081F00E94E9212CEA35EC47E25EE30F94A9
:10E61000A43560931F157093201580932115909356
:10E62000221584E40E94811F882381F00E94E92141
:10E630002CEA35EC47E25EE30F941C3D6093231512
:10E640007093241580932515909326150E944D23D1
:10E650000C94F56386E594E00E942C1F811105C09F
:10E6600081E00E946E330C94F56380E50E94811F67
:10E67000882351F00E94E9216093EF147093F01405
:10E680008093F1149093F21489E40E94811F8823EF
:10E6900081F00E94E9212CEA35EC47E25EE30F9419
:10E6A000A4356093F3147093F4148093F51490934D
:10E6B000F61484E40E94811F882311F40C94F563FE
:10E6C0000E94E9212CEA35EC47E25EE30F941C3D01
:10E6D0006093F7147093F8148093F9149093FA14DC
:10E6E0000C94F56311110C94F5630E94F73181E6E7
:10E6F00094E10E9437308091D507882391F089E416
:10E7000094E10E943730609111027091120280E50D
:10E7100094E10E94D8358CE494E10E9437300C9447
:10E72000F56385E494E1EDCF70E060E085E40E945C
:10E73000DA21F82EEFEF8E17B1F1882361F089E925
:10E7400094E10E94373081E894E10E9437300F94C1
:10E7500089130C94F56304EB10E083E40E94811F9D
:10E76000B5E0EB2E882319F00E94D621E82E83E530
:10E770000E94811F882319F00E94D6218C0160E03D
:10E7800085E50E94C121D82E60E084E794E10E94D3
:10E790002FB72D2D4E2D6F2DC8010E9497D60F94A7
:10E7A000EF120C94F56306E410E0D7CF68E470E054
:10E7B00080916D0790916E070F94703F8C0183E5F7
:10E7C0000E94501F012B11F00C94F56381110C94E1
:10E7D000F56381E00E944CCB0E94A1AF0C94F563DD
:10E7E0000E9457230E94FC200E94A1AF0C94F56365
:10E7F0000E94D8480C94F5636FEF7FEF89E40E9484
:10E80000DA21082F6FEF7FEF8AE40E94DA21182FB8
:10E810008AE50E94811FD12C811107C081E50E94E9
:10E82000811FD82E882309F48AC3C02E81E0800F6F
:10E83000863008F054C0912E81E0810F863008F0B8
:10E840004EC00E94E9212B013C01F02E07FDF12C66
:10E8500007FF02C0A4E0CA2E812E17FD812C17FFEE
:10E8600002C0F4E09F2EE5E03E2ECF14A0F1E82C8C
:10E870003F9C500111249E1460F10E2D10E020E009
:10E8800030E0A901DD2069F0F501E00FF11FEE0F86
:10E89000FF1FEE0FFF1FE552F14F208131814281B2
:10E8A00053810A0D1B1D000F111F000F111F055270
:10E8B000114FC301B2010F94223CD8016D937D9397
:10E8C0008D939C9313976E2D8F2D0F945216E39476
:10E8D000D2CFF394CACF0E946E2B0C94F5630E94A2
:10E8E000FB3086EC94E10E9437300C94F5630E9473
:10E8F00071B70C94F5630E94E0C60C94F56361E077
:10E9000083E50E94C12111E0182741E069E875E123
:10E91000812F0E942B32812F0E94FB3181E895E1EB
:10E920000E94373086E996E10E94EA3541E06FE6C1
:10E9300075E1812F0E942B32812F0E94FB3182E5ED
:10E9400095E10E943730812F0E947834812F0F94F7
:10E950002516812F0E941434812F0E943E34812F6E
:10E960000E94F233812F0E94A033812F0E944C33EA
:10E9700065EF74E1812F0F94CC150091C10E8CEEE0
:10E9800094E10E943730802F0E945A234091C20E9A
:10E990005091C30E6091C40E7091C50E8BEF99E338
:10E9A0000E945D328FED94E10E9437308091C10E5C
:10E9B0000E94DC300E946C298823A1F15BEDC52EFA
:10E9C0005EE0D52E00E05601F12C812F0E94FB3134
:10E9D00088E495E10E9437308F2D0E94529485E49F
:10E9E00095E10E943730802F0E9452948BEF99E37B
:10E9F0000E943730F501608171818281938145E009
:10EA00000E9458948AE00E943030F394F4E1AF0EF3
:10EA1000B11C25E0F212D9CF0F5F34E0C30ED11C38
:10EA2000053089F6812F0E940D33812F0E946E33AD
:10EA3000812F0E94E830812F0E94F23841E060E18E
:10EA400075E1812F0E942B32812F0E94FB31409172
:10EA5000A6095091A7096091A8097091A90987E0BA
:10EA600095E10E944733812F0E9422396EE275E1C1
:10EA7000812F0F94CC151091CE0985E295E10E946B
:10EA80003730812F0E945A234091FC075091FD0797
:10EA90006091FE077091FF0782E295E10E945D326E
:10EAA000109101088FE195E10E943730612F70E0ED
:10EAB00090E080E00F947B128AE00E9430300C944A
:10EAC000F56381E08093F3070E94D4C61092F307A8
:10EAD000882311F40C94F5630E94F73186E995E1DF
:10EAE0000E9437300C94F56314FD02C00C94F5635A
:10EAF0000F94D5150C94F5630E946E320C94F56357
:10EB00000E944C600C94F5630E940032082F87FF2E
:10EB100002C00C94F56385E50E94811F882359F19A
:10EB20000E94E9214B015C01E02E002E000CFF0841
:10EB300020E030E0A9010F94823E87FF04C0B7FABD
:10EB4000B094B7F8B09420E030E84BE354E4C5014A
:10EB5000B4010F94823E970143E0220F331F4A9580
:10EB6000E1F72A51384F1816D4F1D9018D929D92B0
:10EB7000AD92BC9213978CE40E94811F882311F4FC
:10EB80000C94F5630E94E9216B017C01002E000CBE
:10EB9000110B20E030E0A9010F94823E87FF04C0F2
:10EBA000F7FAF094F7F8F09420E030E84BE354E4FF
:10EBB000C701B6010F94823E980193E0220F331FE4
:10EBC0009A95E1F72A51384F18169CF0D9011496FE
:10EBD000CD92DD92ED92FC9217970C94F56380E054
:10EBE00090E8ABE3B4E4F90180839183A283B3831B
:10EBF000C2CF80E090E8ABE3B4E4F901848395836D
:10EC0000A683B7830C94F5630E94D95B0C94F563DB
:10EC10000E94745D0C94F5632090271530902815A0
:10EC20000091291510912A1540902B1550902C1504
:10EC300060902D15F0912E15FCA380902F159090CB
:10EC40003015A0903115B090321588E50E94811FD3
:10EC5000C82E882351F10E94E921762ED72E7C01FF
:10EC600020E030E046E953EC0F94823E87FD0CC073
:10EC700020E030E046E953E4672D7D2DC7010F9475
:10EC80003E3518160CF06FC06CE271E08EED95E128
:10EC90000E94D8356CE271E089ED95E10E94D8358B
:10ECA00086ED95E10E943730F12C89E50E94811FA5
:10ECB000882361F10E94E921762EC72ED82EE92EF5
:10ECC00020E030E046E953EC0F94823E87FD0DC012
:10ECD00020E030E046E953E4672D7C2D8D2D9E2DFC
:10ECE0000F943E3518160CF043C06CE271E083ECD3
:10ECF00095E10E94D8356CE271E08EEB95E10E94BF
:10ED0000D8358BEB95E10E943730F12C8AE50E94D3
:10ED1000811F882391F10E94E9214B015C0120E0D1
:10ED200030E040E151EC0F94823E87FD0AC020E0C4
:10ED300030E040E151E4C501B4010F943E351816AE
:10ED4000E4F467EF7FEF89EA95E10E94D83569E046
:10ED500070E084EA95E10E94D83581EA95E10E944D
:10ED600037300C94F563272C3D2C8701FC2C9DCF6C
:10ED7000472C5C2C6D2CECA2C9CFFF2011F40C9415
:10ED8000F563C101D8018093271590932815A093AE
:10ED90002915B0932A15C201A62DBCA180932B156D
:10EDA00090932C15A0932D15B0932E1580922F15AE
:10EDB00090923015A0923115B09232150C94F563F3
:10EDC000A090A609B090A709C090A809D090A90961
:10EDD0008BE40E94811F882339F10E94E9217B0185
:10EDE0008C0120E030E0A9010F94823E87FD0AC02B
:10EDF00020E030E040E251E4B701C8010F943E3515
:10EE00001816A4F48FE30E9430308BE40E94303057
:10EE10008CEF95E10E94373084EF95E10E94373006
:10EE200081EF95E10E943730750186019701A801B5
:10EE3000B501C6010F943E35882361F00E947FA87A
:10EE4000C701D8018093A6099093A709A093A809A8
:10EE5000B093A909E0916D07F0916E078081882336
:10EE600011F40C94F5630E94F7314091A60950917A
:10EE7000A7096091A8097091A90980E196E10E9413
:10EE800047330C94F56383E080938F0910925F12EF
:10EE900060E083E50E94C12181110C94F5630F9419
:10EEA0000F150C94F56381E00E94E8300C94F56333
:10EEB0000E9447780C94F5630E9423F081110C9412
:10EEC000F5630C94AC6A109170074091CA0E45FB33
:10EED000442740F963E476E1CE0101960E941C3597
:10EEE0008091CA0E85FF10C08EE396E10E943730F4
:10EEF000612F012E000C770B880B990B0F947B125E
:10EF00008BE396E10E9437300E94EBEE6093601233
:10EF1000709361128093621290936312812F0F9409
:10EF20006421CE0101960E9413350C94F5630E9472
:10EF3000FB3085E194E10E9437300C94F5630E9428
:10EF4000FB3086EA94E10E9437300C94F563DF923F
:10EF5000EF92FF920F931F93CF93DF93EC01E0901A
:10EF60008B0FF0908C0F8AE0D82E6AE070E0CE0113
:10EF70000F94703F8C01009711F0FC011082CE01BC
:10EF80000E94302281E00E9420620115110519F0D3
:10EF9000E801D992EACFC701DF91CF911F910F917C
:10EFA000FF90EF90DF900C9430224F925F926F921F
:10EFB0007F928F929F92AF92BF92CF92DF92EF9209
:10EFC000FF920F931F93CF93DF93CDB7DEB77C01F2
:10EFD0004DB65EB660908B0F70908C0F8DB69EB65E
:10EFE0006AE070E0C7010F9479346C018C010E194E
:10EFF0001F09892B21F4C7010F948B348C01C801A0
:10F0000001962DB73EB7281B390B0FB6F8943EBFBB
:10F010000FBE2DBF8DB79EB701965C01A801B70149
:10F020000F94AC34F501E00FF11F1082C5010E946E
:10F03000302281E00E942062C114D10451F0760197
:10F040009FEFE91AF90A0FB6F8949EBE0FBE8DBE67
:10F05000C5CF0FB6F8949EBE0FBE8DBEC3010E94F1
:10F0600030220FB6F8945EBE0FBE4DBEDF91CF9139
:10F070001F910F91FF90EF90DF90CF90BF90AF90D6
:10F080009F908F907F906F905F904F9008952F92F8
:10F090003F924F925F926F927F928F929F92AF9228
:10F0A000BF92CF92DF92EF92FF920F931F93CF9375
:10F0B000DF93CDB7DEB7C659D1090FB6F894DEBFDE
:10F0C0000FBECDBF0E942E288823B9F1E0906D07B6
:10F0D000F0906E0763E570E0C7010F94703F892BD5
:10F0E00009F445C081E890E10E94EA358EEF8093F3
:10F0F000C0071092BE0781E09AE59093AF16809307
:10F10000AE168CE490E09093B1168093B01687E031
:10F110008093A21682E88093A51684E890E0A0E090
:10F12000B0E08093A6169093A716A093A816B0936C
:10F13000A91682E596E10E94302ECA56DF4F0FB61F
:10F14000F894DEBF0FBECDBFDF91CF911F910F911D
:10F15000FF90EF90DF90CF90BF90AF909F908F90F7
:10F160007F906F905F904F903F902F90089563E451
:10F1700070E0C7010F94703F892B39F00E9410286E
:10F180000E9407F00E943DBCD8CF40908E0E509058
:10F190008F0E6090900E7090910E8091970E81FF6F
:10F1A00005C09091CA0E98609093CA0E82FB882782
:10F1B00080F98093D50786E790E10E94D57780910A
:10F1C0001E0E90911F0E9E012F5F3F4F79010097F9
:10F1D00099F09F938F938EE690E19F938F933F9347
:10F1E0002F930F94D534C7010E94A7770F900F90EB
:10F1F0000F900F900F900F9080911C0E90911D0E0C
:10F20000843B910514F484EB90E09F938F9386E602
:10F2100090E19F938F93FF92EF920F94D534C701A3
:10F220000E94A7779091F20DCF56DF4F9883C15976
:10F23000D0402091F30DCE56DF4F2883C259D040E5
:10F240003091F40DCD56DF4F3883C359D0408091B3
:10F25000F50DCC56DF4F8883C459D0402091FC0D6A
:10F260003091FD0D4091FE0D5091FF0D692FCE564E
:10F27000DF4F7881C259D040CD56DF4F8881C359C6
:10F28000D040CC56DF4F9881C459D0400F94223CD7
:10F29000962E872E382E292E8EE590E10E94D57766
:10F2A0008091970E0F900F900F900F900F900F90EE
:10F2B00080FDD8C1CF56DF4FA880C159D040CE566F
:10F2C000DF4FB880C259D040CD56DF4FC880C359F8
:10F2D000D040CC56DF4FD880C459D0408E010F5754
:10F2E0001F4F23E041E0B501C6010F940B309F93FF
:10F2F0008F9385E590E19F938F93FF92EF920F9408
:10F30000D534C7010E94A7770F900F900F900F90F0
:10F310000F900F909501A601692D782D832D922DC8
:10F320000F94823E1816FCF423E041E0692D782DFD
:10F33000832D922D0F940B309F938F938BE490E14C
:10F340009F938F93FF92EF920F94D534C7010E9441
:10F35000A7770F900F900F900F900F900F90A92C00
:10F36000B82CC32CD22C83E490E10E94D57787E09F
:10F370008093C60E8093D4076091210E7091220E67
:10F380008091230E9091240E8E010F571F4F21E084
:10F3900041E00F940B309F938F938091970E83FBE6
:10F3A000882780F9CB56DF4F8883C559D040CA568D
:10F3B000DF4F1882C659D040CB56DF4F88819981E4
:10F3C000C559D040C0969F938F9388E390E19F9357
:10F3D0008F93FF92EF920F94D534C7010E94A777C5
:10F3E00021E041E0B501C6010F940B309F938F934C
:10F3F0008FE290E19F938F93FF92EF920F94D53419
:10F40000C7010E94A7778091970E0FB6F894DEBFD0
:10F410000FBECDBF84FF1FC06091180E7091190EF2
:10F4200080911A0E90911B0E23E041E00F940B3057
:10F430009F938F9387E290E19F938F93FF92EF9238
:10F440000F94D534C7010E94A7770F900F900F90AB
:10F450000F900F900F9080911C0E90911D0E0097B1
:10F4600099F09F938F938FE190E19F938F93FF92F9
:10F47000EF920F94D534C7010E94A7770F900F9099
:10F480000F900F900F900F908091200E8823A1F085
:10F490001F928F931F921F9284E190E19F938F930D
:10F4A000FF92EF920F94D534C7010E94A7770FB651
:10F4B000F894DEBF0FBECDBF6091EE0D7091EF0DE1
:10F4C0008091F00D9091F10D8E010F581F4F23E0A8
:10F4D00041E00F940B30D82EC92E6091EA0D709147
:10F4E000EB0D8091EC0D9091ED0D005F1F4F23E02F
:10F4F00041E00F940B30CF92DF929F938F9386E081
:10F5000090E19F938F93FF92EF920F94D534C701B0
:10F510000E94A77723E041E0CF56DF4F6881C159B1
:10F52000D040CE56DF4F7881C259D040CD56DF4F04
:10F530008881C359D040CC56DF4F9881C459D04000
:10F540000F940B309F938F938CEF9FE09F938F933B
:10F55000FF92EF920F94D534C7010E94A777809154
:10F56000FB0D8F938091FA0D8F9386EF9FE09F9311
:10F570008F93FF92EF920F94D534C7010E94A77723
:10F580006091F60D7091F70D8091F80D9091F90D45
:10F5900023E041E00F940B309F938F938DEE9FE01B
:10F5A0009F938F93FF92EF920F94D534C7010E94DF
:10F5B000A7778CE0E0E0FEE0A3E4B9E001900D92D3
:10F5C0008A95E1F78CE0ECE0FEE0A8ECB7E0019072
:10F5D0000D928A95E1F780E00E945EAD81E00E9485
:10F5E0005EAD82E00E945EAD8091960E80936A07C8
:10F5F00081E080939D0E0E94182885E29EE09F93F3
:10F600008F9381E29EE29F938F93FF92EF920F94EC
:10F61000D5340FB6F894DEBF0FBECDBFC7010E9430
:10F62000A7778091950E8F938091940E8F93809100
:10F63000930E8F938091920E8F937F926F925F9231
:10F640004F9281EE9FE09F938F93FF92EF920F94E2
:10F65000D534C7010E94A7770FB6F894DEBF0FBE5E
:10F66000CDBF6BCDA92CB82CC32CD22C37CE2F926A
:10F670003F924F925F926F927F928F929F92AF9242
:10F68000BF92CF92DF92EF92FF920F931F93CF938F
:10F69000DF93CDB7DEB7CF59D1090FB6F894DEBFEF
:10F6A0000FBECDBF4091CA0E45FB442740F969EA21
:10F6B0007DE0CE018D569F4F0E941C350E94EBEEDF
:10F6C0006093601270936112809362129093631240
:10F6D00061E570E080916D0790916E070F94703F27
:10F6E0008C01892B01F58091CA0E85FD1CC060E05C
:10F6F00083E40E94C121C156DF4F8883CF59D04097
:10F700008091C10E882391F160E08FE40E94C121B5
:10F71000882361F18091CA0E85FF09C08AE89DE0C7
:10F720000E94373004C00E948F4A012B01F3CE01A2
:10F730008D569F4F0E941335C156DF4F0FB6F89478
:10F74000DEBF0FBECDBFDF91CF911F910F91FF9014
:10F75000EF90DF90CF90BF90AF909F908F907F9071
:10F760006F905F904F903F902F9008956EE470E0FF
:10F7700080916D0790916E070F94703F892BE9F48B
:10F7800087E00E945CC98111D2CF8091C10E888B25
:10F7900000916D0710916E0767E570E0C8010F9446
:10F7A000703F892B09F404C10E946C2981110AC0A1
:10F7B0000E94FB3082E79DE0B3CF84E89DE00E9489
:10F7C000D577DECF8AE50E94811F882339F10E9418
:10F7D000E9212091950F3091960F4091970F50910C
:10F7E000980F0F94213C6B017C0120E030E040E257
:10F7F00051ECC701B6010F94823E87FD0AC020E09C
:10F8000030E040E251E4C701B6010F943E351816CE
:10F8100074F40E94FB3085E69DE082CFC0906002C8
:10F82000D0906102E0906202F0906302DECF40E08F
:10F8300050E060EC7FE788E50E94172220918D0F51
:10F8400030918E0F40918F0F5091900F0F94213C6B
:10F850002B013C0140E050E060EC7FE789E50E942D
:10F8600017222091910F3091920F4091930F509158
:10F87000940F0F94213C4B015C016FEF89E40E94CF
:10F88000A521182F6FEF8AE40E94A521082FA3015C
:10F890009201C301B2010F94143F811156C0A5011A
:10F8A0009401C501B4010F94143F81114EC0209101
:10F8B000D6073091D7074091D8075091D907C30197
:10F8C000B2010F94213C2091DE073091DF07409177
:10F8D000E0075091E1070F941C3D20E030E040E04C
:10F8E0005FE30F94223C0F948E3D162F2091DA0790
:10F8F0003091DB074091DC075091DD07C501B40171
:10F900000F94213C2091E2073091E3074091E407F6
:10F910005091E5070F941C3D20E030E040E05FE3AC
:10F920000F94223C0F948E3D062F812F012E000C48
:10F93000990B97FD35C00597ACF5802F002E000C74
:10F94000990B97FD31C005978CF5153008F0EFCE77
:10F95000053008F0ECCE80E00E943C3525E0120234
:10F96000F0011124E00FF11D07FDFA95EE0FFF1FC6
:10F97000EE0FFF1FE552F14FC082D182E282F38287
:10F980000E946E2B602F812F0F9452168889882336
:10F9900009F4CDCE81E00E943C350E94A1AFC7CED4
:10F9A00010E0CBCF14E0C9CF00E0CFCF04E0CDCF43
:10F9B0006AE470E0C8010F94703F892B61F470E035
:10F9C00060E086E50E94DA219A838983059730F00A
:10F9D00080E49DE0A5CE0E947B35A9CE60E084E462
:10F9E0000E94C1218F8740E050E0BA018AE50E9461
:10F9F00017226BA77CA78DA79EA740E050E86BE37A
:10FA000076E483E50E94172220E030E040E752E4EC
:10FA10000F941C3D60934E0270934F0280935002EE
:10FA2000909351020091331510913415F801C08064
:10FA3000D180E280F38020E030E040E751E4C7016C
:10FA4000B6010F94213CC556DF4F6883CB59D04097
:10FA5000C456DF4F7883CC59D040C356DF4F8883DC
:10FA6000CD59D040C256DF4F9883CE59D04020E0C8
:10FA700030E040E251E40F943E3587FF16C0C55692
:10FA8000DF4F1882CB59D040C456DF4F1882CC5973
:10FA9000D040F0E2C356DF4FF883CD59D04021E487
:10FAA000C256DF4F2883CE59D04020E030E84DE9E0
:10FAB00053E4C701B6010F94223CCA56DF4F688356
:10FAC000C659D040672EC956DF4F8883C759D040EA
:10FAD000C856DF4F9883C859D04020E030E041E954
:10FAE00053E40F94823E181694F4CA56DF4F1882DE
:10FAF000C659D040612C31E9C956DF4F3883C75908
:10FB0000D04083E4C856DF4F8883C859D040F801FD
:10FB100084809580A680B78020E030E040E251E408
:10FB2000C501B4010F94213C7B018C0120E030E041
:10FB300040E751E40F943E3587FF04C0E12CF12CDF
:10FB400000E711E420E030E04BE953E4C501B401E3
:10FB50000F94223CB62EC72ED82EC756DF4F98835F
:10FB6000C959D04020E030E84EE853E40F94823E7B
:10FB700018165CF4B12CF0E8CF2EAEE8DA2EF3E4E0
:10FB8000C756DF4FF883C959D04088E40E94501F00
:10FB9000882309F43EC10E94E9210F948E3D1B0188
:10FBA00077FF02C06F5F7F4F75956795719561957F
:10FBB00071096A567F4F072E000C880B990B0F9422
:10FBC0004535762E872E982EA92E9701A8010F94E1
:10FBD000823E181624F4E72CF82C092D1A2DC55650
:10FBE000DF4F2881CB59D040C456DF4F3881CC59E4
:10FBF000D040C356DF4F4881CD59D040C256DF4F69
:10FC00005881CE59D040672D782D892D9A2D0F948B
:10FC1000823E1816A4F0C556DF4F7880CB59D040ED
:10FC2000C456DF4F8880CC59D040C356DF4F9880F0
:10FC3000CD59D040C256DF4FA880CE59D040872D35
:10FC4000982DA92DBA2D8B8B9C8BAD8BBE8BC701AC
:10FC5000D8018F8B988FA98FBA8FB101330C880B85
:10FC6000990B0F9445351B012C019701A8010F94A6
:10FC7000223C7B018C012B2D3C2D4D2DC756DF4F97
:10FC80005881C959D0400F943E3587FF08C0BE2C1B
:10FC9000CF2CD02EC756DF4F1883C959D040272DFF
:10FCA000382D492D5A2DC201B1010F94223C7B0100
:10FCB0008C01CA56DF4F2881C659D040362DC9560F
:10FCC000DF4F4881C759D040C856DF4F5881C859C7
:10FCD000D0400F943E3587FF10C0CA56DF4FE882F0
:10FCE000C659D0406F2CC956DF4F0883C759D04042
:10FCF000C856DF4F1883C859D040CA56DF4F888195
:10FD0000C659D040962DC956DF4FA881C759D0405B
:10FD1000C856DF4FB881C859D0408B8F9C8FAD8FAC
:10FD2000BE8F8B2D9C2DAD2DC756DF4FB881C95985
:10FD3000D0408F8F98A3A9A3BAA3BE01695E7F4F5D
:10FD4000CE0143960F941C17882309F4B1C0BE015D
:10FD5000615E7F4FCE014B960F941C17082F8823AE
:10FD600009F4A6C02F89388D498D5A8D6F8D78A1E1
:10FD700089A19AA10F94213C20E030E040E85EE3A5
:10FD80000F94A4356B017C012B893C894D895E89D8
:10FD90006B8D7C8D8D8D9E8D0F94213C20E030E00D
:10FDA00040E85EE30F94A4356BA37CA38DA39EA3D0
:10FDB000CFA2D8A6E9A6FAA689819A8118161906B3
:10FDC00074F48FEF9CE00E9437308F85882321F0F8
:10FDD00085EF9CE00E9437308AE00E9430300E941C
:10FDE0007FA8C156DF4F2881CF59D040211102C0D2
:10FDF0000E9491AE80E00E943C3581E00E944CCB95
:10FE0000882309F47CC088890E943C350E9404B68E
:10FE10008ECCA701B80186E40E9417221B012C0199
:10FE2000C556DF4F4881CB59D040C456DF4F58816B
:10FE3000CC59D040C356DF4F6881CD59D040C2560F
:10FE4000DF4F7881CE59D0408CE40E9417226B8B13
:10FE50007C8B8D8B9E8B2F8A388E498E5A8E4B2DA4
:10FE60005C2D6D2DC756DF4F7881C959D04082E493
:10FE70000E9417226B017C01CA56DF4F4881C65988
:10FE8000D040562DC956DF4F6881C759D040C8565B
:10FE9000DF4F7881C859D04082E50E9417226B8FCE
:10FEA0007C8F8D8F9E8FCF8ED8A2E9A2FAA245CFEC
:10FEB0008091CA0E85FF20C04B895C896D897E893F
:10FEC0008AE39DE00E945D324B8D5C8D6D8D7E8D51
:10FED00087E39DE00E945D324F89588D698D7A8D50
:10FEE00084E39DE00E945D324F8D58A169A17AA103
:10FEF00081E39DE00E94473385E19DE011CC8F8531
:10FF0000811143C02091DE073091DF074091E00767
:10FF10005091E1076BA17CA18DA19EA10F943E356C
:10FF2000811130C02091E2073091E3074091E4074E
:10FF30005091E5076FA178A589A59AA50F943E3544
:10FF4000811120C02091D6073091D7074091D80762
:10FF50005091D9076B897C898D899E890F943E3594
:10FF6000811110C02091DA073091DB074091DC0746
:10FF70005091DD076F89788D898D9A8D0F943E356C
:10FF8000882319F00E947B35188A60E085E40E947E
:10FF9000C121882309F402C131E0C856DF4F3883FC
:10FFA000C859D0401B861C861D861E861A8A35ECD1
:10FFB000A32E3CE0B32E43ED842E4CE0942E59EC5E
:10FFC000252E312C412C512CFA8894E09F150CF4ED
:10FFD0000FC16B857C858D859E859B01AC010F943F
:10FFE000143F811105C1002309F4DFC0E1E0C956C7
:10FFF000DF4FE883C759D040F5E0CA56DF4FF8839A
:020000021000EC
:10000000C659D04091E009271F2D110F110F1F0D68
:100010001F5F898B79886A89CA56DF4F8881C659E4
:10002000D040781609F4E0C0062E000C770B880B40
:10003000990B0F9445352FA138A549A55AA50F94C2
:10004000A4352F89388D498D5A8D0F94223C6B0130
:100050007C01672D770C770B880B990B0F94453536
:100060002BA13CA14DA15EA10F94A4352B893C8905
:100070004D895E890F94223C6B837C838D839E83A4
:10008000CF82D886E986FA8689819A81892B89F080
:1000900081EE9CE00E943730812F0E94529469E1EA
:1000A00070E08FED9CE00E94D8358CED9CE00E94C2
:1000B00037301F9299E19F931F921F93BF92AF9287
:1000C0009F928F921F920F94C3140FB6F894DEBFC5
:1000D0000FBECDBFC156DF4FF881CF59D040FF23AF
:1000E00009F471C00F947530A20191010F94A43BE3
:1000F00064567109810991090F9445352FE632E163
:1001000043E85AE30F94A4356B017C01CB86DC866F
:10011000ED86FE86AC019B010F94143F811161C0F6
:1001200079886A8825E0372D3203C0011124860DB5
:10013000911D67FC9A95880F991F880F991FE1E020
:10014000F0E0EC0FFD1FE80FF91FC756DF4FF983F2
:10015000E883C959D040A70196016BA57CA58DA560
:100160009EA50F94223CC756DF4FE881F981C959FB
:10017000D04066A777A780AB91AB662D872D0F94F3
:100180005216188A81E00E9407561F5F8989C95656
:10019000DF4FF881C759D0408F0F3BCF83E0C8565F
:1001A000DF4F8883C859D040FDCE2FEFC956DF4FAF
:1001B0002883C759D0403FEFCA56DF4F3883C6590E
:1001C000D04084E01FCF2981C856DF4F4881C859ED
:1001D000D040BE01695F7F4FCE0103960F94EF239D
:1001E00093CF88890E943C358A898F5F8A8BECCEB9
:1001F0000F94EF120E945723882359F088890E9498
:100200003C3580E090E0A0ECBFE78B879C87AD8712
:10021000BE878091CA0E85FF08C04AE95CE061EBA9
:100220007CE088E592E00E94E6346B857C858D85D4
:100230009E859B01AC010F94143F811110C08F85E6
:100240008823E9F0CE018F960E945D488F85882330
:1002500019F08889882319F081E00E943C35C15645
:10026000DF4F2881CF59D040211102C00E9478AEC3
:100270000E94FC200E9404B60E94A1AFC7CDBE011F
:100280006D5E7F4FCE0183960E94822B84E6FE0135
:10029000BF96ABEDBEE001900D928A95E1F70E940A
:1002A0006E2B90E080E0D0CFCF93DF93C09197107A
:1002B000C093910981E6C89FE0011124C756DF4E23
:1002C0008091CA0E80FF05C00E94F731CE010E94C6
:1002D000E9C7CE010E94302280E0DF91CF910C94DB
:1002E0002062CF9380917214C1E08823C9F080917D
:1002F00073149091741440916A1450916B1460912E
:100300006C1470916D14DC01ED91FC910288F389FD
:10031000E02D2AE632E11995C82F811104C0C0E012
:100320008C2FCF91089540916E1450916F1460916D
:100330007014709171144115510561057105B9F082
:100340008091731490917414DC01ED91FC910288FA
:10035000F389E02D2AE632E11995882301F3109202
:100360006E1410926F1410927014109271141092F7
:100370007214D6CF0F931F93CF93DF93CDB7DEB711
:1003800060970FB6F894DEBF0FBECDBF8C01DC01C5
:10039000ED91FC910280F381E02DBE016F5F7F4FF4
:1003A0001995882309F464C08981807CC9F56F811F
:1003B000637070E0762F6627770F770F8885B4E03B
:1003C0008B9FC0011124682B792B89858295869596
:1003D00086958370682B6F5F7F4F90E080E02A8561
:1003E0002370220F3B8537FB332730F9232B3E81C7
:1003F0003F70230F3327331F2750310904C0660F86
:10040000771F881F991F2A95D2F760960FB6F89428
:10041000DEBF0FBECDBFDF91CF911F910F91089529
:10042000803419F568856695669570E090E080E007
:10043000CB01772766272A85622B098510E0102FCC
:100440000027012E000C220B330B602B712B822B0B
:10045000932B6F5F7F4F8F4F9F4F4AE0660F771F41
:10046000881F991F4A95D1F7D0CF8BE0F80184837C
:1004700060E070E0CB01C9CF0895FC01828108954E
:100480002F923F924F925F926F927F928F929F92A4
:10049000AF92BF92CF92DF92EF92FF920F931F9392
:1004A000CF93DF9300D000D0CDB7DEB7DC010D9045
:1004B000BC91A02DBE83AD8318966D917C91072EC3
:1004C000000C880B990B0F9445356B017C0120E0E3
:1004D00030E0A9010F943E358823E1F0AD81BE8163
:1004E00014968D919D910D90BC91A02D89839A8336
:1004F000AB83BC839C01AD01C701B6010F94213CC5
:100500004B015C0120E030E040E251EC0F943E35BD
:1005100087FF08C081E0ED81FE818387C12CD12C4B
:100520007601DCC020E030E040E251E4C501B401D6
:100530000F94823E181664F481E0AD81BE811B9653
:100540008C93C12CD12C8FE7E82E83E4F82EC6C003
:10055000ED81FE818385882349F0138614861586F4
:1005600016861786148E158E168E178EAD81BE8157
:1005700094964D905D906D907C9097971C962D91E0
:100580003D914D915C911F97C501B4010F94223CA0
:10059000F62EE72ED82EC92E20E030E0A9010F94C8
:1005A0003E3587FDB6C0A301920160E070E08FE7A1
:1005B00093E40F941C3D162F072F382E292E2F2D34
:1005C0003E2D4D2D5C2D0F943E3587FF02C07801E6
:1005D00061018F2D9E2DAD2DBC2DED81FE81848777
:1005E0009587A687B78720A131A142A153A1C50154
:1005F000B4010F94A4354B015C01AD81BE815496CA
:100600008D929D92AD92BC9257972F2D3E2D4D2DE0
:100610005C2DC301B2010F94A4352B013C01ED8187
:10062000FE81408E518E628E738EC48CD58CE68C8A
:10063000F78C29813A814B815C816089718982893B
:1006400093890F94213CAD81BE8198962D913D9167
:100650004D915C919B970F94A435A70196010F943F
:10066000213C20ED3CEC4CE45DE30F94A435A70164
:1006700096010F94223C6B017C01ED81FE81C48EBA
:10068000D58EE68EF78E89819A81AB81BC81808B75
:10069000918BA28BB38BA3019201C501B4010F947E
:1006A000223CA70196010F94223C20E030E0A901F2
:1006B0000F94223C6B017C0120E030E0A9010F94F3
:1006C0003E3587FD2BCF20E030E04FE753E4C701F4
:1006D000B6010F94823E18160CF433CFC701B60151
:1006E00026960FB6F894DEBF0FBECDBFDF91CF9137
:1006F0001F910F91FF90EF90DF90CF90BF90AF9040
:100700009F908F907F906F905F904F903F902F9031
:100710000895F12CE12CD12CC12C5BCFCF93DF932A
:10072000C0910315D091041581E0CE31D105E4F0DC
:1007300020E030E040E05FE36091FF14709100152D
:1007400080910115909102150F94223C0F948E3DDB
:100750006C1B7D0B77FF03C071956195710981E07A
:10076000633071050CF080E0DF91CF910895FC01BA
:1007700090E1A7E0B9E001900D929A95E1F7089514
:10078000EF92FF920F931F93E092F407F092F50718
:100790000093F6071093F70760930208709303081D
:1007A000809304089FEFFF27621B730B840B30F4C8
:1007B000809570956195790B890B992790937C06AC
:1007C000A6E06A9F00927006512DEE277A9F500D89
:1007D000E11D8A9FE00D50937106E0937206AFE031
:1007E0006A9F00927406512DEE277A9F500DE11DED
:1007F0008A9FE00D50937506E0937606AAE06A9F03
:1008000000927806512DEE277A9F500DE11D8A9FA8
:10081000E00D50937906E0937A061F910F91FF90B7
:10082000EF9008959F92AF92BF92CF92DF92EF9296
:10083000FF920F931F93CF93DF9300D01F921F92CD
:10084000CDB7DEB7EFEFFDE10027BB27462F572FCF
:10085000A82FAA2341F4A52F542FB85FAA2319F477
:10086000A52F5527B85FA03138F45295A295452F92
:100870004F70507FA42BBC5FA03428F4550FAA1FE3
:10088000550FAA1FBE5FA03818F4550FAA1FB395C5
:10089000550FAA1FEA0FF01F449151E0AA27B85044
:1008A00081F1C8F0B0FF02C0440F551FB1FF04C072
:1008B000440F551F440F551FB2FF06C05295429575
:1008C000142F1F70407F512BB3FF1BC0A52F542F37
:1008D00044270C948184B195B0FF02C0559547958B
:1008E000B1FF04C05595479555954795B2FF05C092
:1008F0005295407F4295452B5F70B3FF02C0452F54
:100900005527DD24CC24BB24B2E0649FD018C10855
:10091000B00AB00B749FC018B108B00B849FB01818
:10092000B109659FC018B108B00B759FB018B10927
:10093000859FB0196A9FB018B1097A9FB0194D9D73
:10094000A12C99243327992722275D9DA00C911C67
:10095000301F901F201FAD9D900C311D901F201F38
:100960004C9DA00C911C301F901F201F5C9D900C73
:10097000311D901F201FAC9D300D911D201F4B9DE0
:10098000900C311D901F201F5B9D300D911D201F6D
:10099000AB9D900D211D4B9F300D911D201F5B9F26
:1009A000900D211DAB9F200DB1E0BB24CC24DD2494
:1009B000639FD018C108B00AB00B739FC018B1086C
:1009C000B00B839FB018B109699FC018B108B00B74
:1009D000799FB018B109899FB019629FB018B10909
:1009E000729FB019D61AC70AB80A20F0B1E03B0FBF
:1009F000901F201F1124792F632F90E0822F0F90DA
:100A00000F900F900F900F90DF91CF911F910F914A
:100A1000FF90EF90DF90CF90BF90AF909F900895A0
:100A20008091381590913915891B877019F490E0E1
:100A300080E0089590913515992351F0833030F47A
:100A40008FEF890F19F080933515F1CF109235157E
:100A50008091391524E7829FC00111248B5B954F4B
:100A6000FC01208120FDE3CF209139152F5F2770F5
:100A7000209336153091391520913715321304C063
:100A80002091361520933715089590916F0081E0DD
:100A900091FD02C080E0089590916F009D7F90933A
:100AA0006F000895FC017081472F50E0062E02C0B0
:100AB000559547950A94E2F740FF14C04091D4073A
:100AC00050E0062E02C0559547950A94E2F740FF84
:100AD00009C021E030E001C0220F6A95EAF72095B5
:100AE000272320830895CF93C82FCB010E9437304E
:100AF00080EC99E10E94373081EB99E1CC2311F031
:100B000086EB99E1CF910C94EA35CF93DF93C091B6
:100B10000315D0910415209729F16091FF1470916D
:100B2000001580910115909102150F948E3D6E5F16
:100B30007F4F24976C177D07ACF470931108609376
:100B400010080E94EBEE605A75418F4F9F4F6093E3
:100B50001208709313088093140890931508DF917E
:100B6000CF91089510921208109213081092140851
:100B700010921508F4CFCF93DF93EC018D810E9482
:100B8000653B60E08B81DF91CF910C94E6EDDF92C5
:100B9000EF92FF920F931F93CF93DF938C01C62F99
:100BA000D22FF32EE42ED52E0E94BB850E94F7EEA5
:100BB0008C2F80640E94593B8D2D0E94593B8E2DB5
:100BC0000E94593B8F2D0E94593B8D2F0E94593B0B
:100BD00087E8C11101C085E90E94593BCC3011F46E
:100BE0000E945E3BC0E00E945E3BF801868387FF67
:100BF00004C0CF3F11F0CF5FF6CFDF91CF911F91AF
:100C00000F91FF90EF90DF90089561E0FC018381E8
:100C10000E94E6ED8FEF0C94593B0F931F93CF93F7
:100C20008C010E94BB850E94F7EEC82F882371F0CB
:100C30008DEF0E94593B0E94F7EEC82FC8010E9419
:100C400005868C2FCF911F910F91089582E1F801B5
:100C50008483F4CF8F929F92AF92BF92CF92DF9214
:100C6000EF92FF920F931F93CF93DF93EC016A01F2
:100C70007B01590120E030E0A90167E30E94C785AC
:100C8000A501980167E1CE010E94C785811127C0A7
:100C90008F81833039F089E0CC0CDD1CEE1CFF1C09
:100CA0008A95D1F7A701960169E1CE010E94C78517
:100CB00011E0882319F010E087E08C83CE010E94B8
:100CC0000586812FDF91CF911F910F91FF90EF90BB
:100CD000DF90CF90BF90AF909F908F90089589E064
:100CE0008C8310E0EBCFCF93DF93EC016EBDFA0164
:100CF000CA019E5F0DB407FEFDCF20812EBD0DB44D
:100D000007FEFDCF21812EBD3296E817F90791F736
:100D10000DB407FEFDCF8FEF0E94593B8FEF0E946D
:100D2000593B0E945E3B8E838F71853049F083E191
:100D30008C83CE010E94058680E0DF91CF910895DB
:100D400081E0FBCF0F931F93CF93DF93EC018B01D7
:100D50000E94BB850E94F7EE81110CC085E18C8357
:100D600010E0CE010E940586812FDF91CF911F9167
:100D70000F910895A8016CEFCE010E947386182F81
:100D8000882361F3EECF0F931F93CF93DF93EC0192
:100D900089018F81833039F089E0440F551F661F28
:100DA000771F8A95D1F79A01AB0168E1CE010E94C5
:100DB000C78581112AC0A8016EEFCE010E947386FB
:100DC000182F8823B1F00E94F7EE182F8823D1F056
:100DD00020E030E0A9016DE0CE010E94C7858823A4
:100DE00021F086E18C8310E004C00E945E3B8111FB
:100DF000F8CFCE010E940586812FDF91CF911F9100
:100E00000F91089587E18C83F4CF86E0EBCF1F9399
:100E1000CF93DF93EC010E94BB8520E030E0A90175
:100E20006CE0CE010E94C78511E0882319F010E024
:100E300083E08C83CE010E940586812FDF91CF91C4
:100E40001F9108951F93CF93DF93EC018F8183301F
:100E500039F089E0440F551F661F771F8A95D1F737
:100E60009A01AB0162E1CE010E94C78511E088239F
:100E700019F010E085E08C83CE010E940586812F59
:100E8000DF91CF911F9108958F929F92AF92BF9261
:100E9000EF92FF920F931F93CF93DF938C01EB019F
:100EA0007A010E94EBEE4B015C012CE2820E21E004
:100EB000921EA11CB11C0E945E3BF80186838F3FED
:100EC00069F40E94EBEE681979098A099B0997FD7C
:100ED000F2CF81E1F8018483C0E021C08E3F71F53B
:100EE000F1E0EF1AF1088FEF8EBDFE012FEF0DB488
:100EF00007FEFDCF8EB581932EBDCF018C1B9D0BC0
:100F00008E159F05A0F30DB407FEFDCF8EB5CE0D57
:100F1000DF1D88830E945E3B0E945E3BC1E0C801EA
:100F20000E9405868C2FDF91CF911F910F91FF902A
:100F3000EF90BF90AF909F908F9008958FE0CACFB1
:100F40000F931F93CF93DF93EC018B010E94BB851E
:100F500040E052E0B801CE01DF91CF911F910F9197
:100F60000C9444870F931F93CF93DF93EC01890177
:100F70008F81833039F089E0440F551F661F771F3A
:100F80008A95D1F79A01AB0161E1CE010E94C78534
:100F900081110AC040E052E0B801CE01DF91CF914B
:100FA0001F910F910C94448784E08C83CE010E94A2
:100FB000058680E0DF91CF911F910F9108958F9268
:100FC0009F92AF92BF92CF92DF92EF92FF920F93D8
:100FD0001F93CF93DF93EC01162F1F821C824B834C
:100FE0000E94EBEE6B017C0120EDC20E27E0D21EC9
:100FF000E11CF11CA89561E08B810E94E6ED61E0A7
:101000008B810E9414EE209A289A219A2398229A82
:1010100081E00E94653B85E08D830E94653B0AE08C
:101020008FEF0E94593B0150D9F7A89520E030E09E
:10103000A90160E0CE010E94C7858E83813081F0D6
:101040000E94EBEE6C197D098E099F0997FDEECF8A
:1010500081E08C83CE010E9405861A8280E06AC0FE
:10106000A8952AEA31E040E050E068E0CE010E9415
:10107000C785853041F581E08F83A8958F81812CCC
:10108000912C5401823029F4812C912CA12C80E4E4
:10109000B82E20E030E0A90167E3CE010E94C785A9
:1010A000A501940169E2CE010E94C7858E83882341
:1010B000F1F00E94EBEE6C197D098E099F0997FDF6
:1010C000E8CF8AE0C6CF04E00E945E3B8E830150E9
:1010D000D9F78A3A11F482E0CFCF0E94EBEE6C1977
:1010E0007D098E099F0997FDBCCF82E0B2CF8F8129
:1010F0008230C1F420E030E0A9016AE3CE010E9411
:10110000C785882311F088E0A4CF0E945E3B807CD5
:10111000803C11F483E08F830E945E3B0E945E3B23
:101120000E945E3BCE010E94058681E08A831730D3
:1011300070F41D83DF91CF911F910F91FF90EF907D
:10114000DF90CF90BF90AF909F908F90089588E1EF
:101150008C8384CF0F931F93CF93DF93EC018B018C
:1011600020E030E0A90169E00E94C78581110AC032
:1011700040E150E0B801CE01DF91CF911F910F9176
:101180000C94448780E18C83CE010E94058680E028
:10119000DF91CF911F910F910895CF93C82F0E9497
:1011A000458594E0C99F90011124F901E550F74F5E
:1011B000295F364FD9014D915D916D917C914083AE
:1011C00051836283738391E09093FA08882319F026
:1011D000CF910C94EF2BCF910895CF93DF93809113
:1011E0004009811105C080914209882309F45BC040
:1011F00080918D08659B51C0816080938D0890918E
:10120000030180918D0891FF4AC0826080938D0810
:1012100080918D084B9945C0846080938D08C09162
:10122000EB08C0FF10C08091410980FF0CC0809185
:101230008D0880FF08C08091C70E81608093C70E23
:1012400080E00E94CD88C1FF10C08091410981FFDC
:101250000CC080918D0881FF08C08091C70E82600C
:101260008093C70E81E00E94CD88C2FF1CC0809190
:10127000410982FF18C0809142098823A1F0809122
:101280008D0882FF10C08091C70E84608093C70EC6
:1012900082E0DF91CF910C94CD888E7FAECF8D7F91
:1012A000B5CF8B7FBACFDF91CF9108954091F307EF
:1012B00021E0422761E070E00D94EF154091F307C3
:1012C00021E042276CE070E00D94EF154091F307A8
:1012D00021E0422761E070E00D94EF154091F307A3
:1012E00021E0422768E070E00D94EF154091F3078C
:1012F00021E042276CE070E00D94EF154091F30778
:1013000021E0422764E070E00D94EF1541E061E0D8
:1013100070E00D94EF154091F30721E042270D9402
:10132000EF1564E070E00C9483EE61E070E00C94E3
:1013300083EE61E070E00C9483EE6CE070E00C945E
:1013400083EEE7E1FAE08CE090E09183808381E036
:1013500082838383848380E290E0978386838FE017
:10136000808784E681878CE390E09387828715826B
:101370000E94EF351092C0078BE099E10C94EA359A
:1013800080912C1784FF04C08460877F80932C1782
:101390000895CF92DF92EF92FF920F931F93CF9316
:1013A000DF93CDB7DEB7EDB6FEB6DC010D900020C1
:1013B000E9F79D01281B390B285F3F4FEDB7FEB7BA
:1013C000E21BF30B0FB6F894FEBF0FBEEDBF0DB7D7
:1013D0001EB70F5F1F4F9F938F9381E29EE29F93F3
:1013E0008F931F930F930F94D5346801F4E0CF0EC1
:1013F000D11C0F900F900F900F900F900F90D6016F
:101400008D916D01882349F0082E000C990B0F94E3
:10141000343FF60131978083F2CF6CE17EE2C80160
:101420000F946E344FE350E0B8018FE499E00F94CD
:10143000903F0FB6F894FEBE0FBEEDBEDF91CF9188
:101440001F910F91FF90EF90DF90CF900895FC01D6
:10145000938591FF02C080E00895987121E090315A
:1014600009F020E080912C1720FB85F980932C1740
:10147000903141F08085873471F781E091859E3706
:1014800051F3089581E0FDCFFC0120E03EE2DB0155
:101490004D91BD01403249F0283011F4308331962E
:1014A000DB0111974C91408331962F5F2B3079F7F8
:1014B00010820895CF92DF92EF92FF92CF936B014B
:1014C0007C01C42F80916A1490916B14A0916C14CC
:1014D000B0916D148C159D05AE05BF0529F10E94D4
:1014E0007181811108C0C0E08C2FCF91FF90EF90E7
:1014F000DF90CF9008958091731490917414DC0163
:10150000ED91FC910088F189E02D2AE632E1B701E6
:10151000A6011995882339F3C0926A14D0926B14EE
:10152000E0926C14F0926D14CC2321F081E0809352
:101530007214DACFC1E0D8CF4F925F926F927F9250
:101540008F929F92AF92BF92CF92DF92EF92FF92D3
:101550000F931F93CF93DF93EC0142305105610548
:10156000710590F480E0DF91CF911F910F91FF9072
:10157000EF90DF90CF90BF90AF909F908F907F9033
:101580006F905F904F90089589859A85AB85BC8553
:101590000196A11DB11D84179507A607B70710F383
:1015A0008F898031C9F5852E962EA72EBB248B8975
:1015B0009C89AD89BE89880E991EAA1EBB1E280172
:1015C00039016A017B0141E0C501B4010E945A8AD8
:1015D000882341F29F89903181F5DD24EE24FF2498
:1015E000F601EE0FFF1FE659FD4E118300839A8925
:1015F000923008F4B8CF4D815E816F817885840E7A
:10160000951EA61EB71E80926E1490926F14A09223
:101610007014B0927114A7CF803209F0A3CF8B89D8
:101620009C89AD89BE894A015B01E7E0B694A79425
:1016300097948794EA95D1F7BECFE894C7F8DD2454
:10164000EE24FF24F601EE0FFF1FEE0FFF1FE659F9
:10165000FD4E4082518262827382C9CFCF92DF9267
:10166000EF92FF920F931F93CF93DF93FC0181853D
:101670009285A385B4850196A11DB11D8417950798
:10168000A607B70750F480E0DF91CF911F910F912B
:10169000FF90EF90DF90CF90089587898031A9F572
:1016A000BB27A72F962F852FC388D488E588F68877
:1016B0008C0D9D1DAE1DBF1DE9016A017B018F01CF
:1016C00040916A1450916B1460916C1470916D1478
:1016D00084179507A607B70749F5F8018789803170
:1016E00069F5B701A601552766277727440F551FCF
:1016F00046595D4EFA0180819181B0E0A0E0888377
:101700009983AA83BB8381E0BFCF803209F0BBCF2E
:10171000C388D488E588F688DB01CA01C7E0B6959E
:10172000A79597958795CA95D1F7C2CF40E0BC01A0
:10173000CD010E945A8A8111D0CFA5CFB701A60151
:101740004F77552766277727440F551F440F551F9E
:1017500046595D4EFA0180819181A281B381BF70AB
:10176000CECF4F925F926F927F92AF92BF92CF9205
:10177000DF92EF92FF920F931F93CF93DF9300D0EE
:101780001F92CDB7DEB78C0149835A836B837C836C
:101790005901C12CD12C7601412C82E0582E612CAC
:1017A000712C49815A816B817C819E012F5F3F4F53
:1017B000C8010E942E8B882319F1F8018585A301A9
:1017C000920104C0220F331F441F551F8A95D2F780
:1017D000DA01C901C80ED91EEA1EFB1E49815A81D1
:1017E0006B817C8187898031F1F481E0483F5F4FD4
:1017F00061057105B0F2F501C082D182E282F38207
:101800000F900F900F900F90DF91CF911F910F913C
:10181000FF90EF90DF90CF90BF90AF907F906F9050
:101820005F904F90089581E0483F5F4F6F4F7F403A
:1018300008F4B7CFE0CF0F931F93CF93DF93FC0152
:101840002381222331F080E0DF91CF911F910F910E
:1018500008958B01EC01FB018789803139F582E025
:101860008B831D8A1E8A1F8A188E808D918DB0E011
:10187000A0E025E0880F991FAA1FBB1F2A95D1F76A
:10188000898B9A8BAB8BBC8B1A8F098F81E08983F4
:10189000188619861A861B861C821D821E821F824C
:1018A000188A1C861D861E861F86CECF803259F66A
:1018B00083E08B83428D538D648D758D4D8B5E8B54
:1018C0006F8B788F9E012F5E3F4FC8010E94B18BB6
:1018D0008111DACFB8CF3F924F925F926F927F9291
:1018E0008F929F92AF92BF92CF92DF92EF92FF9230
:1018F0000F931F93CF93DF93CDB7DEB72C970FB61F
:10190000F894DEBF0FBECDBF5C01DC0159968D900F
:101910009C90F40181859285A385B4859C01AD01DD
:101920002F5F3F4F4F4F5F4F29873A874B875C8729
:10193000D50114964D905D906D907C901797411451
:1019400051046104710409F459C0BFEF4B1A5B0ADA
:101950006B0A7B0A312C730162011D821E821F8279
:101960001886F40181859285A385B4852D813E81F9
:101970004F815885281739074A075B0708F056C07A
:1019800089859A85AB85BC858C159D05AE05BF05FF
:1019900050F482E0C82ED12CE12CF12C92E0492E9B
:1019A000512C612C712C9E012F5F3F4FB701A60176
:1019B000C4010E942E8B8823C9F189819A81AB8151
:1019C000BC81892B8A2B8B2B01F1260137019FEFDC
:1019D000491A590A690A790A2D813E814F81588531
:1019E0002F5F3F4F4F4F5F4F2D833E834F8358876D
:1019F0003FEFC31AD30AE30AF30AB3CF4080518002
:101A00006280738033243394A6CFC414D504E604D3
:101A1000F70411F70FEF1FEF2FEF3FE0B701A6011B
:101A2000C4010E949C8A782E81111AC0712C872DC6
:101A30002C960FB6F894DEBF0FBECDBFDF91CF91CD
:101A40001F910F91FF90EF90DF90CF90BF90AF90DC
:101A50009F908F907F906F905F904F903F900895F0
:101A6000F5014481558166817781411551056105F4
:101A7000710539F097018601C4010E949C8A882370
:101A8000A9F2D5011496CD92DD92ED92FC921797B2
:101A9000332051F0D701C6010196A11DB11DF401FB
:101AA00080839183A283B383F50185899689A78971
:101AB000B08D892B8A2B8B2B09F0B9CFC58AD68A9A
:101AC000E78AF08E818180688183B1CFCF93DF93E5
:101AD000EC01462F41706C857D858E859F850E9427
:101AE0005A8A882351F0888920E2829FC0011124FC
:101AF00086599D4EDF91CF91089590E080E0FACF16
:101B0000CF93DF93EC018B81882349F1898187FF93
:101B100022C061E0CE010E94668DFC01892BF9F0A4
:101B20008081853EE1F08B81823040F489899A89F9
:101B3000AB89BC89848F958FA68FB78F8D899E893D
:101B4000938F828F8D899E89AF89B88DB58BA48B39
:101B500089818F778983DF91CF910C94718181E0A6
:101B6000888380E0DF91CF9108958F929F92AF920A
:101B7000BF92CF92DF92EF92FF920F931F93CF937A
:101B8000DF93EC018B8181110EC080E0DF91CF915A
:101B90001F910F91FF90EF90DF90CF90BF90AF908B
:101BA0009F908F90089509891A892B893C89041781
:101BB00015072607370748F34A015B01823031F4E5
:101BC00088869986AA86BB8681E0E0CF811491043D
:101BD000A104B10449F4188619861A861B861C8252
:101BE0001D821E821F82F0CF088519852A853B85BC
:101BF000E98DFA8D858590E00996B901A8014150DB
:101C0000510961097109082E04C0769567955795A9
:101C100047950A94D2F775016401E1E0CE1AD10824
:101C2000E108F10804C0F694E794D794C7948A9524
:101C3000D2F7C416D506E606F70620F0012B022BD4
:101C4000032B11F58D899E89AF89B88D8C839D8377
:101C5000AE83BF838E010C5F1F4FC114D104E1041A
:101C6000F10409F4ADCF4C815D816E817F819801D3
:101C7000898D9A8D0E942E8B91E0C91AD108E108B6
:101C8000F1088111EACF81CFC41AD50AE60AF70A12
:101C9000E1CF2F923F924F925F926F927F928F92FD
:101CA0009F92AF92BF92CF92DF92EF92FF920F93EB
:101CB0001F93CF93DF9300D01F92CDB7DEB78C0177
:101CC0004B011A01DC0113968C911397813009F0B6
:101CD000CFC011968C9181FFCBC082FDB5C0610150
:101CE000D80118964D915D916D917C911B97C1140F
:101CF000D10409F41BC159968D919C915A97FC010E
:101D000074802FEF270D2A013B0139E07694679408
:101D1000579447943A95D1F7722E74207A01F1E0E6
:101D2000FF22711020C0E114F104E9F414964D91E2
:101D30005D916D917C911797411551056105710574
:101D400009F09CC055968D919D910D90BC91A02D50
:101D50000097A105B10509F0AAC0C8010E946B8CCB
:101D6000882309F485C0A12C82E0B82EAE18BF08E4
:101D7000CA14DB0408F45601D80159964D915C91C0
:101D80005A9714968D919D910D90BC91A02D02971C
:101D9000A109B109FA01258504C0880F991FAA1F5E
:101DA000BB1F2A95D2F74685578560897189840FB4
:101DB000951FA61FB71F9C01AD01270D311D411DA9
:101DC000511D29013A01A11432E0B30609F07DC08A
:101DD00080916A1490916B14A0916C14B0916D1461
:101DE000481659066A067B0669F4109272148FEF42
:101DF0009FEFDC0180936A1490936B14A0936C1492
:101E0000B0936D148091731490917414DC01ED9172
:101E1000FC910288F389E02D9401B301A201199588
:101E2000882331F1F80180859185A285B3858A0DDB
:101E30009B1DA11DB11D80879187A287B3878A0C46
:101E40009B1CCA18DB084CCFF80141895289638971
:101E5000748980859185A285B385481759076A07DB
:101E60007B0709F43CCFC8010E94B58D811137CFA3
:101E700081E0D8018C938FEF9FEF6EC09E012F5FA2
:101E80003F4F0E942E8B882399F389819A81AB81E1
:101E9000BC81F801218D328DF9012789203169F447
:101EA000883FFFEF9F07A105B10508F056CFF80165
:101EB00084839583A683B78356CF883F2FEF9207FD
:101EC000A2072FE0B20798F348CFE114F10431F5EF
:101ED000F801408551856285738581899289A3893E
:101EE000B489481759076A077B07C0F00E947181BF
:101EF000882309F4BDCF81E08093721440926A1464
:101F000050926B1460926C1470926D14A501B40120
:101F1000C70186599D4E0F94493F84CF41E0C301CC
:101F2000B2010E945A8A8111F1CFA2CFF8018189B2
:101F30009289A389B48984179507A607B70738F44F
:101F40008181418B528B638B748B80688183F80114
:101F5000818183FD18C0C1010F900F900F900F90E9
:101F6000DF91CF911F910F91FF90EF90DF90CF9075
:101F7000BF90AF909F908F907F906F905F904F90A9
:101F80003F902F900895C8010E94808D8111E3CF6A
:101F90006FCF2F923F924F925F926F927F928F926C
:101FA0009F92AF92BF92CF92DF92EF92FF920F93E8
:101FB0001F93CF93DF93EC014B017A018B81811149
:101FC00015C08FEF9FEFDF91CF911F910F91FF9081
:101FD000EF90DF90CF90BF90AF909F908F907F90C9
:101FE0006F905F904F903F902F900895898180FF70
:101FF000E8CF89899A89AB89BC89488559856A85E2
:102000007B85841B950BA60BB70BA70170E060E0E6
:1020100084179507A607B70708F47C0167011E011E
:1020200024E0220E311CC114D10409F4A9C0488552
:1020300059856A857B855A0181E0B822898D9A8D00
:102040002A013B0129E076946794579447942A9596
:10205000D1F72B81FC01223081F5628D738D848D47
:10206000958D640D751D861D971D00E012E00A19FF
:102070001B09C016D10608F486010115E2E01E070F
:1020800071F440906A1450906B1460906C147090CE
:102090006D14641575058605970509F04EC040E07E
:1020A0000E945A8A882309F48CCFB50166597D4E67
:1020B000A801C4010F94493F52C01481115014214A
:1020C000A114B10471F411110CC0452B462B472B00
:1020D00051F58D899E89AF89B88D8C839D83AE83A0
:1020E000BF83E98DFA8D4C805D806E807F8022E019
:1020F000421A510861087108858504C0440C551CBA
:10210000661C771C8A95D2F786859785A089B18948
:10211000480E591E6A1E7B1EC301B201610F711D5C
:10212000811D911DA2CF4C815D816E817F819101C6
:102130000E942E8B8111D5CF44CFA0917314B09102
:102140007414ED91FC9111970088F189E02D9401B0
:10215000AB01BC01CD011995882309F432CF800E63
:10216000911E88859985AA85BB85800F911FA11D29
:10217000B11D88879987AA87BB87C01AD10A53CF18
:10218000C70121CFCF93DF93EB01FC012381211104
:1021900004C080E0DF91CF9108952250223028F4CE
:1021A0008FE28883198281E0F5CF60E00E94668D1E
:1021B000009779F3DC0160E080E09EE22D9120320F
:1021C00099F0883031F49E01260F311DF90190837A
:1021D0006F5F9E01260F311DAD0141505109FA017B
:1021E0004081F90140836F5F8F5F8B3039F7FE01CB
:1021F000E60FF11D1082D7CFCF93DF93EC01CB0117
:10220000E881F981608171810E94C29028813981C1
:10221000D901ED91FC91AA81BB818C919081992388
:1022200059F08936C8F4CF010196F9019183808372
:102230008C918F5F8C93EACF893670F48FE2808324
:10224000E881F98180819181019691838083EA817F
:10225000FB8180818F5F8083DF91CF9108950F9301
:102260001F93CF93DF9300D000D01F92CDB7DEB77E
:102270009C012F5F3F4F3F832E832FE2FC01208381
:1022800081E08D83CE0106969A83898301979C8392
:102290008B8310E00BE180912117181758F4109FE1
:1022A000B00111246E57784ECE0101960E94FC9029
:1022B0001F5FF1CF8D818B3558F460E978E1CE0155
:1022C00001960E94FC908E819F8101979F838E834F
:1022D000EE81FF81108227960FB6F894DEBF0FBE05
:1022E000CDBFDF91CF911F910F910895CF93DF93D1
:1022F000EC010E94808D1B82DF91CF910895109296
:102300009E0E80912C178F7780932C170E94F22CB1
:10231000882321F080E998E10C9476910895CF9379
:10232000C0912C17C2FF15C0C7FD13C00E94F22C2C
:1023300080FBC7F9C0932C1780912C178F7E806487
:1023400080932C170E94F7318AE09EE2CF910C9483
:1023500037300E947F91F0CF40E050E0BA010C94FA
:10236000B58D2F923F924F925F926F927F928F9294
:102370009F92AF92BF92CF92DF92EF92FF920F9314
:102380001F93CF93DF93CDB7DEB7C454D1090FB6F7
:10239000F894DEBF0FBECDBF7C014B015A01222E47
:1023A00019821C821C8E1F8E6115710511F410E0BC
:1023B000B3C1DC0113968C918111F9CFFA018081B0
:1023C0008B018F32D1F4DB0113968C9113978250DD
:1023D000823060F059966D917C91CE014C960E94AE
:1023E0001B8C8E01045E1F4F882309F3C5015C011D
:1023F0000196F50120812F32D1F39E012F5F3F4FCF
:102400006901290130E2332E2496CFAE2497259618
:10241000DFAE25973E013CE1630E711C22963FAE74
:10242000229721963FAE21973FAE3EAE3DAE3CAEE9
:102430003BAE3AAE39AE38AE3FAA950190E047E0E8
:10244000D9018D91882361F18F3251F18E3239F4A7
:102450004A3009F4ACCF98E04AE09D01F1CFEDEAB3
:10246000FDE22491222321F031968213FACF9FCFEF
:10247000491708F49CCF813208F499CF8F3709F4BB
:1024800096CF3FE9380F3A3108F420EEE7E3F0E069
:10249000EC0FFD1FE90FF11D820F80839F5FDDCFE1
:1024A0008FA9803209F483CF5901D9018C912F5F14
:1024B0003F4F8F32C9F38823A9F00815190519F089
:1024C000C8010E94769124969FAD249725968FADE2
:1024D00025974C145D0411F4962D872D8601C92E85
:1024E000D82E9CCFF801818D928DD7015A969C935E
:1024F0008E935997C8010E94AC91C12CF801808538
:102500009185A285B385418952896389748984172D
:102510009507A607B70708F053C025E0B695A7951D
:10252000979587952A95D1F7F82FFF70DF2ED80160
:1025300013968C91823008F43ACF41E050E0BE010E
:102540006E5B7F4FC8010E94C98F019709F02FCFA2
:10255000F80180859185A285B3854F96A11DB11D97
:1025600080879187A287B387F0E2DF9EB0011124B4
:1025700066597D4E6115710509F419CFDB018C9107
:10258000882341F0853E09F04DC0CC2029F0CC24B1
:10259000C394B4CFC1100EC080916A1490916B1493
:1025A000A0916C14B0916D14F70184879587A6876C
:1025B000B787D08ADB018C918111E9CFCC24C394F9
:1025C000822D8274823409F0F2CECC2009F4C7C087
:1025D000F701D08861E0C7010E94668D009709F479
:1025E000E6CE20E2DC011D922A95E9F72BE0FE0100
:1025F000F796DC0101900D922A95E1F721E238E28D
:10260000FC01318B208B40E058E057874687338BA5
:10261000228B318F208F578B468B0E9471818111C5
:102620000AC0C5CE4BE050E0CE01C7960F943C3FA8
:10263000892B09F063CF2D2D30E0F901B5E0EE0FC5
:10264000FF1FBA95E1F7DF01A659BD4E1B968C918D
:10265000817121F0822D827109F020C1D701599634
:102660008D919C915A9740916A1450916B1460918E
:102670006C1470916D141C964D935D936D937C93C7
:102680001F975096DC925097E659FD4E84889588A6
:10269000B12CA12C54019924882455968D929D9299
:1026A000AD92BC925897428D538D70E060E04829FE
:1026B00059296A297B2955964D935D936D937C9397
:1026C0005897A5E0220F331FAA95E1F7D901A65923
:1026D000BD4E1B962C91287109F0D2C0848D958D2A
:1026E000A68DB78DF701818B928BA38BB48B81E084
:1026F0008383822D8F70F701818314821582168265
:102700001782108611861286138611E024FE04C0FB
:10271000C7010F94120E182FCE014C960E9440282C
:10272000CE0101960E944028812FCC5BDF4F0FB66F
:10273000F894DEBF0FBECDBFDF91CF911F910F91F7
:10274000FF90EF90DF90CF90BF90AF909F908F90D1
:102750007F906F905F904F903F902F900895D80199
:1027600013968C911397823009F421CE51968D9156
:102770009D910D90BC91A02D803E9F4FAF41B10522
:1027800008F015CEC8010E946B8C882309F40FCE87
:102790000E947181882309F40ACED8015996ED91DF
:1027A000FC915A9714968D909D90AD90BC90179780
:1027B000B2E08B1A9108A108B108858504C0880C85
:1027C000991CAA1CBB1C8A95D2F786859785A0897F
:1027D000B189880E991EAA1EBB1E81E080937214D7
:1027E00080926A1490926B14A0926C14B0926D1443
:1027F000EAE6F2E180E092E0DF019C011D922150C7
:102800003040E1F7DD24D394D8015996ED91FC9145
:102810008481D816C0F48091731490917414DC01F3
:10282000ED91FC910288F389E02D2AE632E1B501B1
:10283000A4014D0D511D611D711D1995882309F4C9
:10284000B6CDD394E1CF258580E092E0A0E0B0E062
:1028500004C0880F991FAA1FBB1F2A95D2F7F80141
:102860004189528963897489840F951FA61FB71FF8
:10287000818B928BA38BB48B8AE692E1D12CB1CE63
:10288000203161F497012F5E3F4F0E94B18B882366
:1028900029F084E0D70113968C932BCFD7011396A0
:1028A0001C9285CD682F70E090E080E00D94A90F18
:1028B0008F929F92AF92BF92CF92DF92EF92FF9250
:1028C000CF936B017C01B42E20E030E0A9010F947E
:1028D0003E3587FF07C08DE20E943030F7FAF09452
:1028E000F7F8F094C0E060E070E080E09FE3CB1583
:1028F00041F02DEC3CEC4CEC5DE30F94A435CF5F44
:10290000F6CFA70196010F94223C6B017C010F9436
:10291000953D4B015C010F94A90FCC2371F1C501CA
:10292000B4010F9443359B01AC01C701B6010F946C
:10293000213C6B017C018EE20E943030C150E8F0F6
:1029400020E030E040E251E4C701B6010F94A43525
:102950006B017C010F94953D4B015C010F94A90F15
:10296000C501B4010F9443359B01AC01C701B60109
:102970000F94213C6B017C01E1CFCF91FF90EF9050
:10298000DF90CF90BF90AF909F908F900895EF927F
:10299000FF920F931F93CF937B018A01C2E48F3F75
:1029A00009F0C4E580E20E9430308C2F0E94303064
:1029B0008AE30E943030F7016081718182819381C6
:1029C00042E00E94589489E99DE20E943730F80164
:1029D000608171818281938142E00E94589462E01B
:1029E00070E080E090E0CF911F910F91FF90EF9009
:1029F0000C9450EE1F93CF93DF9300D000D01F9222
:102A00001F92CDB7DEB7182F609103157091041592
:102A1000072E000C880B990B0F9445356D837E8330
:102A20008F8398878091FF1490910015A0910115D4
:102A3000B091021589839A83AB83BC83AE014B5F4F
:102A40005F4FBE016F5F7F4F80E80E94C794609127
:102A5000D7147091D814072E000C880B990B0F9483
:102A600045356D837E838F8398878091D3149091B1
:102A7000D414A091D514B091D61489839A83AB83D2
:102A8000BC83AE014B5F5F4FBE016F5F7F4F8FEF27
:102A90000E94C7946091D9141F3F39F08CE218024C
:102AA000F0011124E550FB4E628570E081EA9DE261
:102AB0000E94D8356091D91470E08CE99DE20E94A3
:102AC000D83528960FB6F894DEBF0FBECDBFDF9184
:102AD000CF911F9108952F923F924F925F926F92E4
:102AE0007F928F929F92AF92BF92CF92DF92EF929E
:102AF000FF920F931F93CF93DF93CDB7DEB7649709
:102B00000FB6F894DEBF0FBECDBF898B6A8B81E014
:102B100080932D021A821B821C821D8219861A86BE
:102B20001B861C861D862CE32E873CE13F8746E4EE
:102B3000488B312C212C50E85B8B8FEB8C8B1982CE
:102B400091E09887812C912C54016091D714709159
:102B5000D814072E000C880B990B0F9445357B0178
:102B60008C01232D322D4B895C890F943E358823AF
:102B7000B9F02091D3143091D4144091D5145091D0
:102B8000D614A989B701C801A111EEC00F943E3532
:102B9000881F8827881F89833E2C2F2C0B8B1C8B2A
:102BA0000E94EBEE6B017C01DC01CB0129853A85AB
:102BB0004B855C85821B930BA40BB50BB7FD2EC018
:102BC000D701C60188519C4FAF4FBF4F89879A8765
:102BD000AB87BC8780E00E94FA9489EA9DE20E945C
:102BE000373081149104A104B10409F4EAC0C5018D
:102BF000B40168577C4E8F4F9F4F6C197D098E0929
:102C00009F0928EE33E040E050E00F94823BCA0178
:102C1000B9010E942E228AE00E94303080E00E949A
:102C200007560E94EBEE60936012709361128093DE
:102C30006212909363129091D3149E83A091D41446
:102C4000AF830091D5141091D614292F3A2FA801E3
:102C5000632D722D8B899C890F94213C2B013C01A3
:102C600020E030E0A9010F94823E87FF04C077FA8C
:102C7000709477F8709481149104A104B10409F060
:102C8000A4C020E030E040E050E4C301B2010F9462
:102C90003E3587FF10C0B885812C912C5401BB2391
:102CA00031F082E8882E86E0982EA12CB12C8C0C75
:102CB0009D1CAE1CBF1C29812223A9F18A819B8106
:102CC000AC81BD81892B8A2B8B2B61F0D701C6018A
:102CD0002A813B814C815D81821B930BA40BB50B38
:102CE000B7FD21C02E813F81A8016D857E858F852E
:102CF00098890F94213C20E030E040E85FE30F9496
:102D00003E3587FD35C0D701C601805A9541AF4F8A
:102D1000BF4F8A839B83AC83BD839E819D87AF8198
:102D2000AE870F87188BBA89BB2339F0809133099E
:102D300010923309811110922D0280912D02882367
:102D4000B9F081149104A104B10461F028E8C21A19
:102D500023E1D20AE108F108C818D908EA08FB08FB
:102D6000F7FE06C01886F1CE0F943E3587FF23C0CC
:102D7000B0912D02B983BB2321F010922D020F9444
:102D8000EF12898164960FB6F894DEBF0FBECDBFF7
:102D9000DF91CF911F910F91FF90EF90DF90CF9037
:102DA000BF90AF909F908F907F906F905F904F906B
:102DB0003F902F9008953E2C2F2C0B8B1C8B19824B
:102DC000EFCE8FE30E94303026CF20E030E040E4A9
:102DD00050E4C301B2010F94823E18160CF06BCF81
:102DE0004601570168CF2F923F924F925F926F92A8
:102DF0007F928F929F92AF92BF92CF92DF92EF928B
:102E0000FF920F931F93CF93DF93CDB7DEB76597F4
:102E10000FB6F894DEBF0FBECDBF898B6A8B4B8B8C
:102E200081E080932D021A821B821C821D821986EA
:102E30001A861B861C861D862CE32E873CE13F8765
:102E400046E4488B312C212C50E85C8B8FEB8D8B2A
:102E5000198291E09887812C912C5401609103157F
:102E600070910415072E000C880B990B0F944535B3
:102E70007B018C01232D322D4C895D890F943E35C9
:102E80008823B9F02091FF1430910015409101156D
:102E900050910215AA89B701C801A111EEC00F9483
:102EA0003E35881F8827881F89833E2C2F2C0C8B4A
:102EB0001D8B0E94EBEE6B017C01DC01CB012985AF
:102EC0003A854B855C85821B930BA40BB50BB7FD34
:102ED0002EC0D701C60188519C4FAF4FBF4F898785
:102EE0009A87AB87BC8789890E94FA9485EA9DE21C
:102EF0000E94373081149104A104B10409F4EAC09E
:102F0000C501B4016053784F8F4F9F4F6C197D09F5
:102F10008E099F0928EE33E040E050E00F94823B99
:102F2000CA01B9010E942E228AE00E94303080E05E
:102F30000E9407560E94EBEE60936012709361123C
:102F400080936212909363129091FF149E83A091DC
:102F50000015AF830091011510910215292F3A2F0A
:102F6000A801632D722D8C899D890F94213C2B0122
:102F70003C0120E030E0A9010F94823E87FF04C0AD
:102F800077FA709477F8709481149104A104B104D5
:102F900009F0A4C020E030E040E85FE3C301B201E3
:102FA0000F943E3587FF10C0B885812C912C5401B9
:102FB000BB2331F08AE9882E82E0982EA12CB12C17
:102FC0008C0C9D1CAE1CBF1C29812223A9F18A8177
:102FD0009B81AC81BD81892B8A2B8B2B61F0D70122
:102FE000C6012A813B814C815D81821B930BA40B1E
:102FF000B50BB7FD21C02E813F81A8016D857E856F
:103000008F8598890F94213C20E030E040EC5FE30D
:103010000F943E3587FD35C0D701C601805A9541D2
:10302000AF4FBF4F8A839B83AC83BD839E819D87B7
:10303000AF81AE870F87188BBB89BB2339F0809196
:10304000330910923309811110922D0280912D02C3
:103050008823B9F081149104A104B10461F020ED3A
:10306000C21A27E0D20AE108F108C818D908EA080C
:10307000FB08F7FE06C01886F1CE0F943E3587FF99
:1030800023C0B0912D02B983BB2321F010922D02F1
:103090000F94EF12898165960FB6F894DEBF0FBECC
:1030A000CDBFDF91CF911F910F91FF90EF90DF90F7
:1030B000CF90BF90AF909F908F907F906F905F90D8
:1030C0004F903F902F9008953E2C2F2C0C8B1D8BF2
:1030D0001982EFCE8FE30E94303026CF20E030E01F
:1030E00040E450E4C301B2010F94823E18160CF084
:1030F0006BCF4601570168CF809122028F3708F4C9
:103100004EC08F579091051590933209992309F479
:1031100044C02C9A2091D914209331099091020136
:103120002111909590729093000120910F0830E04A
:10313000359527952093300990910201232B09F0B2
:1031400090959074909300018F5F809322028091FC
:103150002F0991E0892780932F0980912102980FF0
:1031600085300CF090E0823009F47AC06CF5882349
:1031700009F440C0813009F467C0909321020E9495
:10318000ED888091C80E9091C90E009729F00197A3
:103190009093C90E8093C80E08952C98BBCF909140
:1031A0003209891708F02C9890913109891728F075
:1031B00090910201907290930001909130098917CB
:1031C00018F290910201BDCF843009F461C00CF473
:1031D0005AC0853091F620912E09211102C08093AA
:1031E0002E0980912E09815080932E09882329F27F
:1031F00095E0C3CF809120028F5F80311CF48093D3
:103200002002BBCF1092200280912D09811113C0A2
:103210002091FB143091FC143093FE142093FD1484
:103220002091CF143091D0143093D2142093D11424
:1032300081E080932D091092FC141092FB141092DF
:10324000D0141092CF1499CF88E080937B0085E44E
:1032500080937C0080917A00806480937A008DCF87
:1032600080917A0086FD27C04091780050917900C6
:103270002091FB143091FC14240F351F3093FC1463
:103280002093FB147ACF88E080937B0086E4E0CF24
:1032900080917A0086FD11C04091780050917900AC
:1032A0002091CF143091D014240F351F3093D014B7
:1032B0002093CF1462CF92E060CF94E05ECF0F9363
:1032C0000FB70F9300916E000D7F00936E007894FE
:1032D0000F930BB70F930CB70F921F922F933F933F
:1032E0004F935F936F937F938F939F93AF93BF930E
:1032F000EF93FF9311240E947C98FF91EF91BF916F
:10330000AF919F918F917F916F915F914F913F917D
:103310002F911F900F900CBF0F910BBF0F91026068
:10332000F89400936E000F910FBF0F911895CF93F3
:10333000DF93CBEFD4E1198618860E9485851A8623
:103340002C98CFECD4E1198618860E94EB281A86B7
:1033500080910201807280930001DF91CF910895E6
:103360008F929F92AF92BF92CF92DF92EF92FF9295
:103370000F931F93CF93DF93B0E2A0E06A2F70E02A
:10338000AB014B0F511D55954795411119C0ECEDFF
:10339000FCE265917491072E000C880B990B0F9439
:1033A0004535DF91CF911F910F91FF90EF90DF9006
:1033B000CF90BF90AF909F908F900895B42FE0CFA3
:1033C000A41711F0B41303C0E8E5FDE2E2CF9A01BF
:1033D00021503109220F331F220F331FF901E6520A
:1033E000F34DE590F490F901E252F34DC591D4917B
:1033F0008E159F0518F3A42FC817D90708F4BECF60
:10340000F901E452F34D05911491F901E052F34DA5
:10341000C590D4908E199F09BC0190E080E00F9474
:1034200043354B015C01B601601B710B072E000C8C
:10343000880B990B0F9445359B01AC01C501B40174
:103440000F94A4354B015C01CE19DF09BE0190E059
:1034500080E00F9443359B01AC01C501B4010F948A
:103460001C3D6B017C01B801110F880B990B0F9467
:1034700045359B01AC01C701B6010F94223C91CFA9
:10348000CF92DF92EF92FF92CF93DF93EC01C8804F
:10349000D980EA80FB8082E89AE20E943730C70137
:1034A000B6010E942E22CC80DD80EE80FF8088E471
:1034B0009AE30E943730C701B6010E942E22C884C9
:1034C000D984EA84FB8484E49AE30E943730C701FC
:1034D000B6010E942E228AE0DF91CF91FF90EF90FB
:1034E000DF90CF900C943030BC012091F8083091DF
:1034F000F9084091F8085091F9082417350731F47C
:1035000081E02617370709F080E008959A01F1CF8E
:10351000613271058105910538F4E2E8F6E26591C2
:10352000749190E080E00895AB01BC0140525109D4
:1035300061097109411528E0520761057105C8F05C
:1035400024E0529FC00111248E579D4DFC013296FC
:1035500025913491FC0185919491AA27439FF00114
:10356000429F000CE11DFA1F11248E1B9F0BBC0112
:10357000D8CFDB01CA01B695A795979587958C7F23
:103580009C012E57394DF90185919491F90132969C
:10359000A591B49147704A9F90014B9F300D112423
:1035A00043E0369527954A95E1F7821B930BDFCFD1
:1035B0000F930FB70F9300916E000F930D7F009341
:1035C0006E0000916F000D7F00936F000F930BB79B
:1035D0000F930CB70F921F922F933F934F935F93CC
:1035E0006F937F938F939F93AF93BF93EF93FF93CB
:1035F00011240E94B19BFF91EF91BF91AF919F91D8
:103600008F917F916F915F914F913F912F911F907B
:103610000F900CBF0F910BBF0F910260F8940093B5
:103620006F000F9100936E000F910FBF0F911895CF
:1036300000008091410980FF23C089988FEF80931B
:10364000D2088091410981FF1EC08F9A8FEF80932D
:10365000D3088091410982FF19C080910B018095A8
:103660008270809309018FEF8093D4088091410983
:1036700083FF13C016988FEF8093D508000008953C
:10368000899A81E0DCCF8F9881E0E1CF80910B01B6
:1036900082708093090181E0E7CF169A81E0ECCF38
:1036A0008091A508877F8093A508129A81E00895EC
:1036B00012988091A50888608093A508089521E05C
:1036C00030E0082E02C0220F331F0A94E2F7209543
:1036D00030959091A50829232093A508813061F0A9
:1036E00020F0823071F081E008955F9A8091C60EDB
:1036F0008E7F8093C60EF7CF8A9A8091C60E8D7FFB
:10370000F8CF8091080180958170809306018091A7
:10371000C60E8B7FEECF80E00E945F9B81E00E940F
:103720005F9B82E00E945F9B0C94509B813089F0EC
:1037300070F0823081F021E030E001C0220F8A95E4
:10374000EAF78091A508822B8093A50808955F98D9
:10375000F2CF8A98F0CF9091080191709093060172
:10376000EACF2F923F924F925F926F927F928F9209
:103770009F92AF92BF92CF92DF92EF92FF920F9300
:103780001F93CF93DF93CDB7DEB767970FB6F8944B
:10379000DEBF0FBECDBF8FEF9FEF90938900809368
:1037A00088002AE02983312C212C78948091F40818
:1037B0009091F508A091F608B091F708892B8A2B13
:1037C0008B2B09F029C28091FA08882371F180912E
:1037D000F8089091F9081092FA08892B09F41CC294
:1037E0001092F9081092F8081092EB089091381591
:1037F00080913915981731F0809139158F5F877056
:10380000809339154FEF5FEFBA0140931B0250933D
:103810001C0260931D0270931E0240931702509386
:1038200018026093190270931A028091F80890911F
:10383000F908892B09F4F0C14091F0085091F10882
:103840006091F2087091F3088091EC089091ED0876
:10385000A091EE08B091EF08481759076A077B0757
:1038600008F0DAC10091900910E030E020E0841BFC
:10387000950BA60BB70B081719072A073B0710F47F
:10388000D901C8018E8B840F951FA61FB71F809387
:10389000F0089093F108A093F208B093F30877240E
:1038A00073940091AE081091AF082091B008309148
:1038B000B1088091BE089091BF08A091C008B09156
:1038C000C108080F191F2A1F3B1F0093BE08109341
:1038D000BF082093C0083093C10837FD18C08091FD
:1038E000AA089091AB08A091AC08B091AD0848012E
:1038F0005901881A990AAA0ABB0AD501C401809302
:10390000BE089093BF08A093C008B093C10840912F
:10391000B2085091B3086091B4087091B5088091D5
:10392000C2089091C308A091C408B091C508480F7F
:10393000591F6A1F7B1F4093C2085093C3086093AE
:10394000C4087093C50877FD18C08091AA089091AB
:10395000AB08A091AC08B091AD085A016B01A81A50
:10396000B90ACA0ADB0AD601C5018093C20890933E
:10397000C308A093C408B093C508C090B608D090FF
:10398000B708E090B808F090B9088091C608909107
:10399000C708A091C808B091C9088C0D9D1DAE1D27
:1039A000BF1D8093C6089093C708A093C808B09322
:1039B000C908B7FD18C0C090AA08D090AB08E09025
:1039C000AC08F090AD084C015D018C189D08AE0864
:1039D000BF0875016401C092C608D092C708E09282
:1039E000C808F092C9088090BA089090BB08A090CF
:1039F000BC08B090BD08C090CA08D090CB08E09039
:103A0000CC08F090CD08C80CD91CEA1CFB1CC09255
:103A1000CA08D092CB08E092CC08F092CD08F7FC0F
:103A200055C08090AA089090AB08A090AC08B090C8
:103A3000AD08C818D908EA08FB08C092CA08D09295
:103A4000CB08E092CC08F092CD08C090F808D09056
:103A5000F908E6E4CE0ED11CF601C080D180E280E8
:103A6000F380CD28CE28CF2809F45FC18090D508F7
:103A7000082C000C9908AA08BB08C0901309D09024
:103A80001409E0901509F0901609C818D908EA0839
:103A9000FB08C0921309D0921409E0921509F09224
:103AA0001609C090DF08D090E008E090E108F0909F
:103AB000E208F1E0CF1AD108E108F108C092DF086E
:103AC000D092E008E092E108F092E208F12C711047
:103AD00004C0C0908400D090850037FD1CC0409089
:103AE000D208042C000C5508660877088090070956
:103AF00090900809A0900909B0900A09840C951CBF
:103B0000A61CB71C8092070990920809A092090987
:103B1000B0920A09889A77FD1CC04090D308042C03
:103B2000000C55086608770880900B0990900C09E6
:103B3000A0900D09B0900E09840C951CA61CB71C12
:103B400080920B0990920C09A0920D09B0920E0977
:103B50008E9AB7FD21C04090D408042C000C550863
:103B60006608770880900F0990901009A0901109BD
:103B7000B0901209840C951CA61CB71C80920F09EA
:103B800090921009A0921109B0921209F0910B01C4
:103B9000F095F870F0930901FF20E1F04090D5080E
:103BA000042C000C55086608770880901309909043
:103BB0001409A0901509B0901609840C951CA61C38
:103BC000B71C8092130990921409A0921509B09223
:103BD0001609149AC0908400D0908500C09084008B
:103BE000D090850037FF889877FF8E98B7FD05C085
:103BF00080910B01887080930901F11014988E88D0
:103C0000882021F080918400909185002E89215098
:103C10002E8B712C211145CE80911B0290911C029C
:103C2000A0911D02B0911E020097A105B10509F0F7
:103C30007FC04091CE085091CF086091D00870911C
:103C4000D1088091A6089091A708A091A808B091EA
:103C5000A908840F951FA61FB71F8093CE089093C5
:103C6000CF08A093D008B093D108B7FD4DC04091C4
:103C7000D508042E000C550B660B770B0091130929
:103C8000109114092091150930911609040F151F80
:103C9000261F371F00931309109314092093150949
:103CA000309316090091DF081091E0082091E10897
:103CB0003091E208400F511F621F731F4093DF08CD
:103CC0005093E0086093E1087093E2084091AA08DD
:103CD0005091AB086091AC087091AD08841B950BB6
:103CE000A60BB70B8093CE089093CF08A093D00873
:103CF000B093D108149A80918400909185008091AE
:103D00008400909185001498809117029091180278
:103D1000A0911902B0911A0280931B0290931C0289
:103D2000A0931D02B0931E0208C0FF24F394CFCECF
:103D30008F3F9F4FAF4FBF4F39F380906C029090F1
:103D40006D02A0906E02B0906F028A829B82AC825C
:103D5000BD8289288A288B2809F055C0A090661258
:103D6000B0906712BF8AAE8AA114B10409F43AC0B8
:103D700010910901127082E00E94969B00008091D0
:103D80000B011A141B040CF08095827080930901BA
:103D9000000080910B01809588708093090100C01C
:103DA00000008EE090E00197F0F780910B018870A1
:103DB00080930901000080910B01111180958270A0
:103DC000809309010000CE88DF888091661290916F
:103DD00067121C141D040CF0E2C001979093671247
:103DE000809366120E94F52B882309F4DAC080EDD7
:103DF00097E0A0E0B0E080936C0290936D02A093F6
:103E00006E02B0936F028091F4089091F508A09132
:103E1000F608B091F708892B8A2B8B2B09F024C365
:103E20008090F8089090F9089F8A8E8A81149104F6
:103E300009F4AEC08091F0089091F108A091F208C9
:103E4000B091F3084091EC085091ED086091EE08B4
:103E50007091EF0884179507A607B70708F4A5C067
:103E60008091CE09882309F46DC0F4018589968973
:103E7000A789B08D892B8A2B8B2BA1F4818D928DF4
:103E8000A38DB48D892B8A2B8B2B61F4858D968D18
:103E9000A78DB0A1892B8A2B8B2B21F480919E0EAC
:103EA0008823B1F1AE89BF8991966D917D918D91F5
:103EB0009C919497C090F807D090F907E090FA078A
:103EC000F090FB07AB5BBF4F2C9123FF07C0909591
:103ED0008095709561957F4F8F4F9F4F0F9445351B
:103EE0002091B6093091B7094091B8095091B909AC
:103EF0000F94A4359B01AC01C701B6010F94213C7E
:103F00006093F8077093F9078093FA079093FB0783
:103F1000809101088730B1F48091000880FF10C0C3
:103F20008091FC079091FD07A091FE07B091FF07DB
:103F30008093F8079093F907A093FA07B093FB07D3
:103F4000109200081092F9081092F8081092EB08ED
:103F50009091381580913915981731F08091391565
:103F60008F5F87708093391588248A94982C540128
:103F700080921B0290921C02A0921D02B0921E021F
:103F80008092170290921802A0921902B0921A021F
:103F900080ED882E87E0982EA12CB12C94C001963C
:103FA0001DCF8FEF9FEFDC0126CF4091E7085091A6
:103FB000E8086091E9087091EA08481759076A070C
:103FC0007B0708F494C48091E3089091E408A091E1
:103FD000E508B091E608EE89FF8945A956A967A9C9
:103FE00070AD84179507A607B70708F077C4009748
:103FF000A105B10509F00DC3C0900208D0900308D7
:10400000E0900408F0900508C701B6010E9499ED00
:104010004B015C018091E3089091E408A091E508D0
:10402000B091E608880D991DAA1DBB1D8093E30879
:104030009093E408A093E508B093E608E091F808AF
:10404000F091F908FF8BEE8BEA5BFF4F8081918145
:10405000A281B3810097A105B105A9F1EE89FF897D
:10406000E55BFF4F40805180712C612C0091DF088F
:104070001091E0082091E1083091E208041515053F
:10408000260537051CF080E090E0DC01BC01CD0185
:104090006C0D7D1D8E1D9F1D0E94889A2E893F8963
:1040A000265B3F4FD9012C9104C0660F771F881FF4
:1040B000991F2A95D2F76093170270931802809384
:1040C000190290931A028091F8089091F908892BAF
:1040D00009F0C2C10E9410859093F9088093F808F6
:1040E000892B09F4B9C1C090F808D090F908DF8A8B
:1040F000CE8AD6018C9183FF02C00C9417A7F601DB
:10410000E05AFF4F80819181A281B38180938E0E0E
:1041100090938F0EA093900EB093910E80E1349601
:10412000AAEEBDE001900D928A95E1F7EE89FF8934
:10413000458856886788708C81E041145104610479
:10414000710409F480E0AE89BF8959968D909D90E5
:10415000AD90BC905C9781149104A104B10411F05E
:104160000C9444A7AE89BF895D96CD90DD90ED900B
:10417000FC909097C114D104E104F10409F084602B
:104180008093EB081092D6081092D7081092D808A6
:104190001092D9081092E3081092E4081092E508F2
:1041A0001092E608EE89FF8945A156A167A170A586
:1041B0004093EC085093ED086093EE087093EF087D
:1041C00088279927DC01841B950BA60BB70B8093DE
:1041D000CE089093CF08A093D008B093D1088093D5
:1041E000BE089093BF08A093C008B093C108809305
:1041F000C2089093C308A093C408B093C5088093E5
:10420000C6089093C708A093C808B093C9088093C4
:10421000CA089093CB08A093CC08B093CD0881A195
:1042200092A1A3A1B4A1880F991FAA1FBB1F440C80
:10423000551C661C771C4092AE085092AF086092E5
:10424000B0087092B108880C991CAA1CBB1C809203
:10425000B2089092B308A092B408B092B508CC0C02
:10426000DD1CEE1CFF1CC092B608D092B708E0928D
:10427000B808F092B9088093BA089093BB08A0934D
:10428000BC08B093BD08440F551F661F771F4093AD
:10429000AA085093AB086093AC087093AD081092D5
:1042A000F0081092F1081092F2081092F30841A55C
:1042B00052A563A574A54093E7085093E80860935E
:1042C000E9087093EA0845A556A567A570A940932B
:1042D000DB085093DC086093DD087093DE08EA5B2E
:1042E000FF4F4081518162817381452B462B472BC3
:1042F000A1F0EE89FF89E65BFF4F208104C0880FA3
:10430000991FAA1FBB1F2A95D2F78093A6089093E6
:10431000A708A093A808B093A908EE89FF89EB5BD2
:10432000FF4F808190914109891721F080934109C5
:104330000E94189B0E94ED8888248A94982C54012E
:104340008092130290921402A0921502B09216026B
:10435000EE89FF89FD96E080F18002811381AE89AC
:10436000BF89D1962D913D914D915C91D497AD5AD5
:10437000BF4FBF8BAE8B6D917D918D919C910E94B3
:10438000C0831092DA08EE89FF8960817181828191
:1043900093810E9499ED4B015C018091E30890911B
:1043A000E408A091E508B091E608880D991DAA1DC2
:1043B000BB1D8093E3089093E408A093E508B093B5
:1043C000E608C090F808D090F908DF8ACE8AF60196
:1043D000EA5BFF4F80819181A281B3810097A105A3
:1043E000B105D1F135960081118130E020E0C09017
:1043F000DF08D090E008E090E108F090E208C016F5
:10440000D106E206F3061CF080E090E0DC01EE89C4
:10441000FF89ED5AFF4F0081118122813381BC0158
:10442000CD01600F711F821F931F0E94889A2E89F1
:104430003F89265B3F4FD9012C9104C0660F771F3F
:10444000881F991F2A95D2F760931702709318025C
:104450008093190290931A028092F4089092F508C2
:10446000A092F608B092F7088A809B80AC80BD804D
:1044700089288A288B28D1F48091F4089091F50836
:10448000A091F608B091F7088A3F9105A105B10502
:1044900068F43AEFA32EB12CC12CD12CA092F408D1
:1044A000B092F508C092F608D092F70840916C02DD
:1044B00050916D0260916E0270916F02C090F4088D
:1044C000D090F508E090F608F090F7084F3F2FEFF6
:1044D00052076207720799F0D701C601B695A795F2
:1044E00097958795481759076A077B0740F480938B
:1044F0006C0290936D02A0936E02B0936F02409194
:104500006C0250916D0260916E0270916F02009189
:104510001B0210911C0220911D0230911E02DB0132
:10452000CA01C416D506E606F70610F4D701C6017F
:104530000097E1E0AE07B10520F08FEF9FEFA0E01C
:10454000B0E0081719072A073B0710F4D901C80182
:10455000C81AD90AEA0AFB0AC092F408D092F508F0
:10456000E092F608F092F7080F3FFFEF1F072F07C2
:104570003F0761F0081B190B2A0B3B0B00931B0232
:1045800010931C0220931D0230931E024F3F2FEF09
:1045900052076207720761F0481B590B6A0B7B0BCD
:1045A00040936C0250936D0260936E0270936F02A1
:1045B000F8942091840030918500205F3F4F49811D
:1045C00041504983442309F462C4280E391E22163F
:1045D000330608F4EAC83092890020928800789463
:1045E00067960FB6F894DEBF0FBECDBFDF91CF91B7
:1045F0001F910F91FF90EF90DF90CF90BF90AF9001
:104600009F908F907F906F905F904F903F902F90F2
:10461000089550E04E81682FC92E8A2FAF81F8850A
:10462000E9857A853B852C859D853091F407369FF9
:10463000E12D77272091F507269FE00D711D109041
:10464000F607169E700D3C9DE00D711D2C9D700DA2
:10465000389F700DAE2FF72FAE9F312D222799274F
:10466000A79F300D211D951FFE9F300D211D951F09
:10467000F79F200D911DA22FF92FAE9F412D2227CC
:104680009927A79F400D211D951FFE9F400D211DBD
:10469000951FF79F200D911DA22FF92F33276091B1
:1046A0000208C09003088091040800907C06052A47
:1046B00009F484C0209178062A9F3119650BC50A38
:1046C000850B909179069A9F30196109C50A850B6F
:1046D00040917A064A9F6019C108850B2F9F3019B7
:1046E0006109C50A850B9F9F6019C108850B4F9F03
:1046F000C0188109AE9F412D22279927A79F400D01
:10470000211D951FFE9F400D211D951FF79F200D18
:10471000911DA22FF92F209174062A9F310D651F3C
:10472000C51E851F909175069A9F300D611DC51E8F
:10473000851F409176064A9F600DC11C851F2F9FE3
:10474000300D611DC51E851F9F9F600DC11C851FFB
:104750004F9FC00C811DAE9F412D22279927A79FF7
:10476000400D211D951FFE9F400D211D951FF79F98
:10477000200D911DA22FF92F209170062A9F31192B
:10478000650BC50A850B909171069A9F30196109D6
:10479000C50A850B409172064A9F6019C108850BB6
:1047A0002F9F30196109C50A850B9F9F6019C108A9
:1047B000850B4F9FC01881090C9460A42091780646
:1047C0002A9F310D651FC51E851F909179069A9FFE
:1047D000300D611DC51E851F40917A064A9F600DF0
:1047E000C11C851F2F9F300D611DC51E851F9F9FFA
:1047F000600DC11C851F4F9FC00C811DAE9F412DB8
:1048000022279927A79F400D211D951FFE9F400D30
:10481000211D951FF79F200D911DA22FF92F20918B
:1048200074062A9F3119650BC50A850B9091750690
:104830009A9F30196109C50A850B409176064A9FF7
:104840006019C108850B2F9F30196109C50A850BB6
:104850009F9F6019C108850B4F9FC0188109AE9FAB
:10486000412D22279927A79F400D211D951FFE9FAF
:10487000400D211D951FF79F200D911DA22FF92F8F
:10488000209170062A9F310D651FC51E851F9091CE
:1048900071069A9F300D611DC51E851F40917206DD
:1048A0004A9F600DC11C851F2F9F300D611DC51EC5
:1048B000851F9F9F600DC11C851F4F9FC00C811DD0
:1048C00011244E83AF83F887E9877A873B872C874B
:1048D0009D87DC2CC62EF12CE82E96CBAE89BF89A5
:1048E000D196CD90DD90ED90FC90D4978DCB4091FA
:1048F000DB085091DC086091DD087091DE084817F4
:1049000059076A077B0708F040C28091DA088111D5
:10491000AAC0EE89FF89EF5BFF4FE080F180028142
:104920001381EE89FF89E95AFF4F2081318142814D
:104930005381EE89FF8961A972A983A994A90E9474
:10494000C083F1E0F093DA08AE89BF89D196CD90AB
:10495000DD90ED90FC90D497C701B6010E9499EDCF
:104960004B015C018091D6089091D708A091D8089E
:10497000B091D908880D991DAA1DBB1D8093D6083A
:104980009093D708A093D808B093D908E091F8087D
:10499000F091F908FF8BEE8BEA5BFF4F408051806E
:1049A00062807380411451046104710409F48BCB5B
:1049B000EE89FF89E35BFF4F80819181B0E0A0E049
:1049C0004091DF085091E0086091E1087091E208A1
:1049D00084179507A607B7070CF05BC2C414D5046B
:1049E000E604F70409F46FCBC414D504E604F70415
:1049F00008F059C2C301B2016C197D098E099F09E3
:104A000011E00E94889A2E893F89265B3F4FD90189
:104A10002C9104C0660F771F881F991F2A95D2F723
:104A200060931702709318028093190290931A02F0
:104A30008091410983FB992790F9191709F443CB19
:104A4000B8E08B27809341098091D50881958093A8
:104A5000D5080000C414D504E604F70408F093C197
:104A60001698000030CB8091D6089091D708A0917D
:104A7000D808B091D908EE89FF8941AD52AD63AD38
:104A800074AD84179507A607B70708F072C10097A1
:104A9000A105B10549F4C0900208D0900308E09048
:104AA0000408F090050858CF50E04E85282FC92EF5
:104AB0008A2FFF85E88979896A893B899C89AD8934
:104AC0003091F407329F712D66279091F507929FE0
:104AD000700D611D1090F607129E600D3C9D700DCB
:104AE000611D9C9D600D389F600DF72FE62FF79F8D
:104AF000312D9927AA27F69F300D911DA51FE79FFD
:104B0000300D911DA51FE69F900DA11DF92FEA2FD5
:104B1000F79F412D9927AA27F69F400D911DA51FAC
:104B2000E79F400D911DA51FE69F900DA11DF92F38
:104B3000EA2F332720910208C090030880910408CF
:104B400000907C06052A09F484C0909178069F9F06
:104B50003119250BC50A850BA0917906AF9F301935
:104B60002109C50A850B40917A064F9F2019C1087B
:104B7000850B9E9F30192109C50A850BAE9F201910
:104B8000C108850B4E9FC0188109F79F412D9927B9
:104B9000AA27F69F400D911DA51FE79F400D911D6F
:104BA000A51FE69F900DA11DF92FEA2F9091740685
:104BB0009F9F310D251FC51E851FA0917506AF9FB4
:104BC000300D211DC51E851F409176064F9F200D7B
:104BD000C11C851F9E9F300D211DC51E851FAE9FC8
:104BE000200DC11C851F4E9FC00C811DF79F412DBC
:104BF0009927AA27F69F400D911DA51FE79F400DFD
:104C0000911DA51FE69F900DA11DF92FEA2F9091F0
:104C100070069F9F3119250BC50A850BA09171065F
:104C2000AF9F30192109C50A850B409172064F9F2D
:104C30002019C108850B9E9F30192109C50A850BD3
:104C4000AE9F2019C108850B4E9FC01881090C9496
:104C5000ABA6909178069F9F310D251FC51E851F1D
:104C6000A0917906AF9F300D211DC51E851F409173
:104C70007A064F9F200DC11C851F9E9F300D211D60
:104C8000C51E851FAE9F200DC11C851F4E9FC00CE9
:104C9000811DF79F412D9927AA27F69F400D911D51
:104CA000A51FE79F400D911DA51FE69F900DA11D1B
:104CB000F92FEA2F909174069F9F3119250BC50A91
:104CC000850BA0917506AF9F30192109C50A850B88
:104CD000409176064F9F2019C108850B9E9F301981
:104CE0002109C50A850BAE9F2019C108850B4E9F6F
:104CF000C0188109F79F412D9927AA27F69F400DDB
:104D0000911DA51FE79F400D911DA51FE69F900DCA
:104D1000A11DF92FEA2F909170069F9F310D251F3D
:104D2000C51E851FA0917106AF9F300D211DC51EA8
:104D3000851F409172064F9F200DC11C851F9E9FAD
:104D4000300D211DC51E851FAE9F200DC11C851F66
:104D50004E9FC00C811D11244E87FF87E88B798BF5
:104D60006A8B3B8B9C8BAD8BDC2CC22EF12CE82EFE
:104D7000F3CD2E893F89295A3F4FD901CD90DD903F
:104D8000ED90FC90E9CD169A6CCE80911302909133
:104D90001402A0911502B0911602B7FF3EC0EE8931
:104DA000FF89E15BFF4F60817181828193810E9465
:104DB00099ED6093130270931402809315029093FF
:104DC00016028090F8089090F9089F8A8E8AF40164
:104DD000EA5BFF4F80819181A281B381892B8A2B6D
:104DE0008B2BD9F0399660817181828193810E94E9
:104DF000889A9401265B3F4FD9012C9104C0660F1D
:104E0000771F881F991F2A95D2F760931702709316
:104E100018028093190290931A02809013029090C6
:104E20001402A0901502B09016020C9463A08E8913
:104E30009F8945960E94B7831092F9081092F8084E
:104E40001092EB089091381580913915981731F030
:104E5000809139158F5F877080933915CC24CA945F
:104E6000DC2C7601C0921B02D0921C02E0921D0243
:104E7000F0921E02C0921702D0921802E09219021C
:104E8000F0921A020C946AA082600C94B2A01901EC
:104E9000A2CB412C512C3201C114D104E104F10404
:104EA00011F40C9463A0C701B60164197509860951
:104EB000970910E0A6CD4F925F926F927F928F92EA
:104EC0009F92AF92BF92CF92DF92EF92FF92CF93D9
:104ED000DF9300D000D0CDB7DEB79E838D830E94D4
:104EE00081294B015C01AD81BE8118964D905D908A
:104EF0006D907C901B97AC019B01C301B2010F9494
:104F0000213C6B017C018091C20E9091C30EA09157
:104F1000C40EB091C50E89839A83AB83BC8320E015
:104F200030E0A901BC01CD010F943E35882349F042
:104F300020E030E0A901C701B6010F943E351816F4
:104F4000ECF0AD81BE811896CD92DD92ED92FC928F
:104F50001B9726960FB6F894DEBF0FBECDBFDF912C
:104F6000CF91FF90EF90DF90CF90BF90AF909F9048
:104F70008F907F906F905F904F90089529813A8134
:104F80004B815C81C301B2010F94823E87FFE1CF68
:104F90002091BD0E3091BE0E4091BF0E5091C00EBB
:104FA000C501B4010F94A4359B01AC0160E070E031
:104FB00080E89FE30F94213C9B01AC01C701B6013F
:104FC0000F941C3DED81FE816087718782879387F6
:104FD000C0CFCF93DF938091D507811119C0C091C5
:104FE0001102D0911202219720E030E040E05FE30F
:104FF0006091FF1470910015809101159091021538
:105000000F94223C0F948E3D21E06C177D070CF02D
:1050100020E0822FDF91CF910895AF92BF92CF927F
:10502000DF92EF92FF920F931F93CF93DF93C0E431
:10503000DFE002E919E080E5A82E8FE0B82EC12C50
:10504000D12C7601C39469917991899199910F94AA
:105050004335288939894A895B890F94A4350F948F
:10506000953DF80161937193819391938F01C616D9
:10507000D706E806F90610F46B017C01AC16BD06F4
:1050800011F76FEF7FEFCB01A70196010F94823BE1
:105090002093A2093093A3094093A4095093A50932
:1050A000DF91CF911F910F91FF90EF90DF90CF9004
:1050B000BF90AF9008950F931F93CF93DF9304E5B4
:1050C0001FE0CAEAD9E0F801219131914191519153
:1050D0008F0160E070E080E89FE30F941C3D6993CE
:1050E000799389939993F9E0CA3BDF0761F70F94AD
:1050F0003221DF91CF911F910F910C940DA89091C7
:10510000381580913915981306C08091C80E90917A
:10511000C90E892B21F080E00E940756F0CF089538
:10512000CF92DF92EF92FF92FC01C080D180E280AB
:10513000F3802091600F3091610F4091620F509188
:10514000630FC701B6010F94A4350F948F3E60938F
:105150006A1570936B1580936C1590936D15C092C2
:105160005A15D0925B15E0925C15F0925D15909106
:10517000381580913915981731F0FF90EF90DF9036
:10518000CF900D94F9200E947FA80E944585409100
:105190006A1550916B1560916C1570916D15409367
:1051A0001309509314096093150970931609882305
:1051B00031F0FF90EF90DF90CF900C94EF2BFF90A9
:1051C000EF90DF90CF9008954F925F926F927F9211
:1051D0008F929F92AF92BF92CF92DF92EF92FF9207
:1051E000CF93DF93EC0180E1FE01AEE4B5E10190E5
:1051F0000D928A95E1F72091600F3091610F4091F7
:10520000620F5091630F6C857D858E859F850F940D
:10521000A4350F948F3E6B017C0120915C0F30917F
:105220005D0F40915E0F50915F0F688579858A858B
:105230009B850F94A4350F948F3E4B015C01209108
:10524000580F3091590F40915A0F50915B0F6C815C
:105250007D818E819F810F94A4350F948F3E2B0109
:105260003C012091540F3091550F4091560F5091B1
:10527000570F688179818A819B810F94A4350F949F
:105280008F3E60935E1570935F15809360159093C9
:105290006115409262155092631560926415709288
:1052A00065158092661590926715A0926815B09268
:1052B0006915C0926A15D0926B15E0926C15F09248
:1052C0006D159091381580913915981781F0DF91FF
:1052D000CF91FF90EF90DF90CF90BF90AF909F90D5
:1052E0008F907F906F905F904F900D94F9200E9467
:1052F0007FA80E944585C82F8EE595E10E94B7835F
:10530000CC2381F0DF91CF91FF90EF90DF90CF9091
:10531000BF90AF909F908F907F906F905F904F90D5
:105320000C94EF2BDF91CF91FF90EF90DF90CF9017
:10533000BF90AF909F908F907F906F905F904F90B5
:105340000895CF92DF92EF92FF92CF93DF93C82F11
:105350000E94458594E0C99FE0011124FE01E95FA8
:10536000F64FC080D180E280F38081110E94EF2B44
:10537000C655D64FC701B6010F94453528813981EE
:105380004A815B810F94A435DF91CF91FF90EF901C
:10539000DF90CF900895909138158091391598132A
:1053A00008C08091C80E9091C90E892B11F40C94FD
:1053B0008B9B80E00E940756EECFCF92DF92EF9258
:1053C000FF92CF93DF93C82F0E94458594E0C99F39
:1053D000E0011124FE01E550F74FC080D180E2804A
:1053E000F38081110E94EF2BC655D64FC701B6013D
:1053F0000F944535288139814A815B810F94A4350A
:10540000DF91CF91FF90EF90DF90CF9008950E94B1
:105410004585909139159093381590933715909351
:10542000361594E69093351520ED33E03093C90E90
:105430002093C80E81110E94EF2B81E08093FA081F
:105440000895CF92DF92EF92FF92CF93DF93209156
:10545000C10E222311F1EC0108960E940C2C6B0165
:105460007C0120E030E0A9010F943E358823A9F0AB
:10547000CE010E9481299B01AC01C701B6010F94A6
:10548000A4359B01AC01688579858A859B850F943D
:10549000223C688779878A879B87DF91CF91FF902D
:1054A000EF90DF90CF900895CF92DF92EF92FF922E
:1054B0008091F207882309F457C0C090EE07D0907E
:1054C000EF07E090F007F090F10720E030E0A9014D
:1054D000C701B6010F943E35882309F445C020E08A
:1054E00030E040E05FE3C701B6010F94A4359B01B3
:1054F000AC010F94A4352BED3FE049E450E40F9448
:10550000A4359B01AC0160E070E080E89FE30F945C
:105510001C3D6B017C01C092BA09D092BB09E0929C
:10552000BC09F092BD0960914C0270914D02072EAA
:10553000000C880B990B0F9445352AE037ED43E2B8
:105540005CE30F94A435A70196010F94A4356093F2
:1055500048027093490280934A0290934B02FF9055
:10556000EF90DF90CF900895C12CD12C80E8E82EE9
:105570008FE3F82ED0CF2F923F924F925F926F928F
:105580007F928F929F92AF92BF92CF92DF92EF92D3
:10559000FF920F931F93CF93DF93CDB7DEB7A09702
:1055A0000FB6F894DEBF0FBECDBF1C017B015E833A
:1055B0004D83FC01E15BFF4F2081318142815381AA
:1055C00029833A834B835C83CA01B9010F94433525
:1055D0004B015C01D7012D913D914D915C910F9450
:1055E000A4350F94003D2B013C01ED81FE8120810B
:1055F000318142815381C501B4010F94A4350F94C8
:10560000003D6B017C01C301B2010F94953D6D8794
:105610007E878F87988B683771058105910540F4E7
:1056200028E730E040E050E02D873E874F87588BD9
:10563000C701B6010F94953D6D837E838F83988754
:10564000683771058105910540F488E790E0A0E096
:10565000B0E08D839E83AF83B887D10195962D915D
:105660003D914D915C91989729873A874B875C874C
:10567000F101E55AFF4F608171818281938161154B
:1056800071058105910509F4FCC10F9445356D8BB9
:105690007E8B8F8B988F9B01AC0160E070E080E87F
:1056A0009FE30F941C3D698F7A8F8B8F9C8F20E036
:1056B00030E040E05FE30F94A4356B017C01A5016D
:1056C0009401C501B4010F94A4352B013C016D81F7
:1056D0007E818F8198850F9443359B01AC010F9497
:1056E000A4359B01AC01C301B2010F94213CA70179
:1056F00096010F94A4354B015C016D857E858F85E5
:1057000098890F9443359B01AC010F94A4356D8F9C
:105710007E8F8F8F98A39B01AC01C301B2010F94C0
:10572000213CA70196010F94A4352B013C010F9455
:10573000003D0F94953D6B017C01C501B4010F94B0
:10574000C43D0F94953D698B7A8B8B8B9C8BDC01D0
:10575000CB018C0D9D1DAE1DBF1D29853A854B8546
:105760005C85281B390B4A0B5B0BDA01C901B7FFBB
:1057700061C069857A858B859C850F944335A3012B
:1057800092010F94223CA50194010F94213C20E04A
:1057900030E040E05FE30F94A4350F94003D6B01CF
:1057A0007C0120E030E0A9010F94823E18161CF025
:1057B000C12CD12C7601C701B6010F94953D6B0128
:1057C0007C0189859A85AB85BC858C159D05AE05C8
:1057D000BF0510F46C017D0129853A854B855C85F8
:1057E0002C193D094E095F09298B3A8B4B8B5C8B39
:1057F000C701B6010F9443354B015C012D893E89E9
:105800004F89588DCA01B9010F94223C9B01AC010C
:10581000C501B4010F94A4352D8D3E8D4F8D58A137
:105820000F94223C0F94D03E0F94953D69837A8368
:105830008B839C8320E034E244EF59E4698D7A8DB8
:105840008B8D9C8D0F94A4354B015C0169817A810D
:105850008B819C812D853E854F855889621B730BFA
:10586000840B950B0F944335A50194010F94A43537
:105870000F94953D2B013C0169817A818B819C813C
:105880002D813E814F815885621B730B840B950BD4
:105890000F944335A50194010F94A4350F94953DC1
:1058A0004B015C013FE6431651046104710408F0AA
:1058B000F4C0F201EE0FFF1FEE0FFF1FED5BF34E82
:1058C00085919591A591B4918C01AD8BB9874FE6E7
:1058D00084169104A104B10408F0E7C0F401EE0FAE
:1058E000FF1FEE0FFF1FED5BF34E45915591659144
:1058F0007491342F252F698F7D8FD1019996CD9288
:10590000DD92ED92FC929C979596CD90DD90ED9076
:10591000FC909897B701A60189899A89AB89BC89BF
:10592000481B590B6A0B7B0BD1019D964D935D93E0
:105930006D937C93D097F101ED5AFF4F8D859E8535
:10594000AF85B88980839183A283B383D101D59633
:105950004D925D926D927C92D897F10181AE92AE9C
:10596000A3AEB4AEFD96008311834D894283598561
:105970005383349630832183898D82839D8D9383D5
:1059800029813A814B815C81D1962D933D934D9332
:105990005C93D49776962D813E814F8158852083E4
:1059A000318342835383719780819181A281B38136
:1059B000892B8A2B8B2B09F44BC0D10191966D91C9
:1059C0007D918D919C9194970F9443352091A609D8
:1059D0003091A7094091A8095091A9090F94A435C5
:1059E0004B015C01C701B6010F9443359B01AC012B
:1059F000C501B4010F941C3D6B017C01F101E55B15
:105A0000FF4FFA87E98769817A818B819C810F94A6
:105A10004335A70196010F94A4350F94953DA985B0
:105A2000BA856D937C93F101E35BFF4FFA83E983C1
:105A30006D817E818F8198850F944335A7019601F2
:105A40000F94A4350F94953DA981BA816D937C93F1
:105A5000A0960FB6F894DEBF0FBECDBFDF91CF91F9
:105A60001F910F91FF90EF90DF90CF90BF90AF907C
:105A70009F908F907F906F905F904F903F902F906E
:105A80000895198E1A8E1B8E1C8E198A1A8A1B8AEB
:105A90001C8AC12CD12C7601CDCEC301B2010E944B
:105AA00012848B018D8B998712CFC501B4010E949E
:105AB0001284362F272F898F9D8F1FCFCF92DF9291
:105AC000EF92FF920F931F93CF93DF93C82FD0E0F5
:105AD0008E01000F111F000F111FC8018357904F37
:105AE0006C01F801ED5BF64F7F010853184FF80188
:105AF0002081318142815381F701608171818281EE
:105B000093810F94223CF601608371838283938397
:105B10008091CA0E85FF21C0C553DC4F68818DE39B
:105B20009CE10E945830F70140815181628173816C
:105B30008DE29CE10E945D32F801408151816281D9
:105B400073818AE19CE1DF91CF911F910F91FF90CA
:105B5000EF90DF90CF900C944733DF91CF911F915E
:105B60000F91FF90EF90DF90CF900895CF93DF9348
:105B70001F92CDB7DEB7898360E0CE0101960E9407
:105B8000528561E0CE0101960E94528562E0CE010D
:105B900001960E94528589810F90DF91CF910895DF
:105BA0008F929F92AF92BF92CF92DF92EF92FF922D
:105BB000CF93DF9320912E02222309F48EC0EC01B3
:105BC0008091D407E82E80FF2CC080903002909006
:105BD0003102A0903202B0903302288139814A818B
:105BE0005B81C501B4010F94823E181624F48882AB
:105BF0009982AA82BB8280903C0290903D02A09044
:105C00003E02B0903F02288139814A815B81C50103
:105C1000B4010F943E3587FF04C088829982AA821E
:105C2000BB82E1FE2CC08090340290903502A0909F
:105C30003602B09037022C813D814E815F81C501D3
:105C4000B4010F94823E181624F48C829D82AE8299
:105C5000BF828090400290904102A0904202B0909A
:105C600043022C813D814E815F81C501B4010F94B7
:105C70003E3587FF04C08C829D82AE82BF82E2FEE9
:105C80002CC0C0903802D0903902E0903A02F090D7
:105C90003B02288539854A855B85C701B6010F948B
:105CA000823E181624F4C886D986EA86FB86C09000
:105CB0004402D0904502E0904602F09047022885C9
:105CC00039854A855B85C701B6010F943E3587FF4C
:105CD00004C0C886D986EA86FB86DF91CF91FF9003
:105CE000EF90DF90CF90BF90AF909F908F900895EE
:105CF00080919C0890919D08A0919E08B0919F086A
:105D00008093540290935502A0935602B093570289
:105D100080919A0890919B0890935302809352022D
:105D200008958091540290915502A0915602B0912D
:105D3000570280939C0890939D08A0939E08B0936F
:105D40009F08809152029091530290939B088093F8
:105D50009A0884E690E0909353028093520208954B
:105D6000CF93DF93CDB7DEB72C970FB6F894DEBF95
:105D70000FBECDBF19821A821B821C821D821E8219
:105D80001F82188619861A861B861C86AE014F5FF5
:105D90005F4FBC0188E592E00E94BFEC2C960FB6E5
:105DA000F894DEBF0FBECDBFDF91CF910895EF9283
:105DB000FF920F931F93CF93DF937C018B010E947F
:105DC000B42CC8E5D2E020914802309149024091BC
:105DD0004A0250914B02F701608171818281938167
:105DE0000F941C3D2C853D854E855F850F94223C8C
:105DF0006C877D878E879F87C8010E94B0AEDF9138
:105E0000CF911F910F91FF90EF900C947FA88F92EC
:105E10009F92AF92BF92CF92DF92EF92FF921F9329
:105E2000CF93DF93CDB7DEB760970FB6F894DEBFA0
:105E30000FBECDBF182F80E00E94A1A94B015C01CD
:105E400080928E0890928F08A0929008B09291084C
:105E500081E00E94A1A96B017C01C0929208D092BE
:105E60009308E0929408F092950882E00E94A1A91C
:105E70006093960870939708809398089093990878
:105E80001D861E861F86188A89829A82AB82BC82F2
:105E9000CD82DE82EF82F88669877A878B879C873E
:105EA00083E00E94A1A96D877E878F87988B809160
:105EB000C10E882321F0CE0101960E945BA71E3FF0
:105EC000D9F480E1FE013196A8E5B2E001900D928F
:105ED0008A95E1F760960FB6F894DEBF0FBECDBF8E
:105EE000DF91CF911F91FF90EF90DF90CF90BF9007
:105EF000AF909F908F90089584E0189FF001112437
:105F0000DF01A85ABD4F81E090E08C0F9D1FE80F84
:105F1000F91F40815181628173814D935D936D932F
:105F20007C931397D7CF8091CA0E85FF08C04AE0B3
:105F30005AE161E27AE188E592E00E94E6340D944C
:105F40003221CF93DF93CDB7DEB72C970FB6F894FD
:105F5000DEBF0FBECDBF0F9467150E9445859CE044
:105F6000E7E0F9E0DE01119601900D929A95E1F7D4
:105F700081110E94EF2BCE0101960E94409A2C962F
:105F80000FB6F894DEBF0FBECDBFDF91CF9108955D
:105F90002F923F924F925F926F927F928F929F9239
:105FA000AF92BF92CF92DF92EF92FF920F931F9327
:105FB000CF93DF9300D000D000D0CDB7DEB74090B4
:105FC00058025090590260905A0270905B02809083
:105FD0005C0290905D02A0905E02B0905F02C09063
:105FE0006002D0906102E0906202F09063028091C2
:105FF000640290916502A0916602B09167028C8361
:106000009D83AE83BF830E940DA80E944D230E94F2
:1060100054AA88E6282E8FE1382EAEE2B2E0B98786
:10602000A8870CE51FE1EBECF3E0FB83EA83198220
:1060300089810E945EADC1010E945123A885B98566
:1060400012966D937D938D939C931597C8010E9432
:106050005123E885F98566877787808B918B8091BE
:10606000CA0E85FF1DC0AA81BB816C9186E59FE1A8
:106070000E945830E885F985428153816481758199
:1060800080E59FE10E945D32A885B9851E964D91FD
:106090005D916D917C9151978AE49FE10E94473315
:1060A000B981BF5FB983E4E02E0E311C88859985E4
:1060B0000496998788870C5F1F4FAA81BB81119630
:1060C000BB83AA83B981B33009F0B2CF80EA98E0EC
:1060D0000F94D71E0E946E2B0E945BA8A301920111
:1060E000609158027091590280915A0290915B021E
:1060F0000F943E3581112CC0A501940160915C0282
:1061000070915D0280915E0290915F020F943E3526
:1061100081111EC0A7019601609160027091610219
:1061200080916202909163020F943E35811110C0FC
:106130002C813D814E815F81609164027091650286
:1061400080916602909167020F943E358823D1F0CA
:1061500029960FB6F894DEBF0FBECDBFDF91CF9169
:106160001F910F91FF90EF90DF90CF90BF90AF9075
:106170009F908F907F906F905F904F903F902F9067
:106180000C94A1AF29960FB6F894DEBF0FBECDBF19
:10619000DF91CF911F910F91FF90EF90DF90CF9003
:1061A000BF90AF909F908F907F906F905F904F9037
:1061B0003F902F900895CF93DF9380EF99E10E9455
:1061C00037308CB16AEE79E185FB882780F90E942F
:1061D00073858091030164EE79E1869581700E9458
:1061E000738589B183FB882780F96EED79E191E0B1
:1061F00089270E947385C091010885ED99E1C2301D
:1062000051F10E94373082ED99E10E943730CC2362
:10621000E1F0C73009F03FC083EC99E10E943730CC
:1062200082E00E94BDEDEC0180EC99E10E943730E4
:1062300086EB99E1CD2B11F081EB99E10E9437308B
:106240008AE0DF91CF910C9430308DEC99E1DF91B1
:10625000CF910C9437300E94373082ED99E10E9443
:106260003730C1E0D0E082E00E94BDEDC817D90709
:1062700049F085EA99E10E9437308AE0DF91CF91B9
:106280000C9430308DEA99E10E9437308AE0DF913A
:10629000CF910C943030D0E0C0E0E5CF8091400940
:1062A000811104C080914209882331F062E070E0DE
:1062B00080E090E00C94902C0895CF92DF92EF92C2
:1062C000FF92A0E4BFE090E080E0FC01E25DFD4DC4
:1062D00045915591659174914D935D936D937D9327
:1062E000FC01E25EFD4D459155916591749150968A
:1062F0004D935D936D937C935397FC01E25FFD4D4D
:10630000459155916591749190964D935D936D93E0
:106310007C939397049680319105B9F680E29EE4D0
:10632000A0E0B0E08093500F9093510FA093520FD4
:10633000B093530F80E090E8ABE3B4E48093740F24
:106340009093750FA093760FB093770F80E090E055
:10635000AAE7B4E48093780F9093790FA0937A0F13
:10636000B0937B0F80E090E0A6E9B3E480937C0FCC
:1063700090937D0FA0937E0FB0937F0F1092800FAC
:106380001092810F1092820F1092830F1092840F3F
:106390001092850F1092860F1092870FC12CD12C6E
:1063A00080E2E82E81E4F82EC092BE09D092BF09A7
:1063B000E092C009F092C10980E090E0A0EAB0E468
:1063C0008093C2099093C309A093C409B093C509EF
:1063D0004AE959E969E97EE34093C6095093C70940
:1063E0006093C8097093C9098093CA099093CB0937
:1063F000A093CC09B093CD0910924B0910924C098F
:1064000010924D0910924E091092470910924809B6
:106410001092490910924A091092430910924409B6
:10642000109245091092460981E08093CE0980932D
:106430000108C092FC07D092FD07E092FE07F0929F
:10644000FF070E94B42CC092A008D092A108E0924D
:10645000A208F092A3080E947B3510922715109293
:1064600028151092291510922A1510922B151092AA
:106470002C1510922D1510922E1510922F1510928A
:106480003015109231151092321580E090E0AAEC90
:10649000B1E480931B1590931C15A0931D15B09328
:1064A0001E1585E698E0A6EBBEE380931F1590933A
:1064B0002015A0932115B093221581E09FE1A0EE55
:1064C000B3E48093231590932415A0932515B093DE
:1064D000261583EC95E9ACE2B4E48093EF14909335
:1064E000F014A093F114B093F21480E29BE1A2E9BE
:1064F000B1E48093F3149093F414A093F514B09343
:10650000F61487EF9CEDABECB5E48093F714909311
:10651000F814A093F914B093FA1410929D0E0E94EF
:1065200018281092F20780E090E0A0EEBFE380937D
:10653000EE079093EF07A093F007B093F107109246
:10654000400910923F090E944EB11092A609109284
:10655000A7091092A8091092A90980E090E0A6E985
:10656000B2E48093E6079093E707A093E807B0931F
:10657000E9078093EA079093EB07A093EC07B093A9
:10658000ED070E94C8AF0E94F7318AE290E20E94B4
:10659000EA35FF90EF90DF90CF900C94A189809125
:1065A000C70E882319F01092C70E089540E070E0DE
:1065B00060E087E999E10E9456390F931F9380911B
:1065C0006812813019F50E94EBEE00918508109158
:1065D00086082091870830918808601B710B820B18
:1065E000930B28EE33E040E050E00F94823B609143
:1065F000C4077091C5078091C6079091C707620FC5
:10660000731F841F951F1F910F9108956091890832
:1066100070918A0880918B0890918C08D6CF109247
:1066200068121092850810928608109287081092BE
:1066300088081092890810928A0810928B0810928C
:106640008C081092C4071092C5071092C6071092CA
:10665000C70708950F931F930E94EBEE009139092D
:1066600010913A0920913B0930913C09011511051F
:106670002105310509F064C020917015222309F429
:106680005CC0E0916E1521502093701521E02E0F13
:1066900020936E1530917115231302C010926E1560
:1066A00024E0E29FF0011124EE58FA4E008111819E
:1066B00022813381009335091093360920933709DD
:1066C00030933809600F711F811D911D6093390946
:1066D00070933A0980933B0990933C098091370964
:1066E00090913809892B49F11FB7F89487E599E112
:1066F0000E94EA3584E096E09093AF168093AE1640
:1067000080EA90E89093B1168093B01687E080936A
:10671000A21682E88093A51680EA90E0A0E0B0E09F
:106720008093A6169093A716A093A816B093A916C7
:1067300082E596E10E94302E1FBF1F910F910895B0
:10674000601B710B820B930B97FDF7CF4098109253
:10675000390910923A0910923B0910923C09EDCF89
:10676000CF93DF93C091C207D091C307DF77209703
:1067700059F580912C1783FD2BC00E94F22C8823A1
:1067800019F18091241790912517A0912617B091A7
:1067900027170097A105B105B9F0BC01CD01615FD4
:1067A000784D8F4F9F4F20E137E240E050E00F944B
:1067B000823B609128177091291780912A17909138
:1067C0002B170F94823BE901CE01DF91CF91089501
:1067D000C0E1D7E2F9CF8C3221E0920714F08CE2CD
:1067E00091E090930415809303150C944628EFEAEA
:1067F000FEE0108211821282138214820C944628C9
:10680000CF92DF92EF92FF92FC01C080D180E280B4
:10681000F38020E030E0A901C701B6010F943E35B6
:1068200020E030E0A90187FD14C020E030E048EC12
:1068300052E4C701B6010F94823E24E630E040E006
:1068400050E0181634F0C701B6010F948E3D9B013D
:10685000AC01AFEFB0E00F94C33B24E630E040E082
:1068600050E00F94A43B2F3F310519F010F02FEFAB
:1068700030E02093990EFF90EF90DF90CF90089535
:106880008091090180FF05C080912C17829581704D
:10689000089581E008958091E70D811106C081E09F
:1068A0009091E80D93300CF480E00895CF92DF9240
:1068B000EF92FF92FC01C080D180E280F3800E94C1
:1068C000F7B320E030E0A901C701B6010F943E35CF
:1068D00087FD1BC020E030E046E953E4C701B60164
:1068E0000F94823E181634F4C12CD12C86E9E82E80
:1068F00083E4F82EC701B6010F948F3ECB01FF90C1
:10690000EF90DF90CF900C94EBB3C12CD12C76019B
:10691000F1CFCF92DF92EF92FF92FC01C080D18045
:10692000E280F380663059F51092B40E1092B50EE5
:106930001092B60E1092B70E1092B80E0E94EB286D
:1069400020E030E0A901C701B6010F943E3587FF72
:1069500025C0C12CD12C7601C701B6010F948F3E02
:106960006C38710514F06CE870E07093D814609383
:10697000D714FF90EF90DF90CF900C94EB280E94FB
:10698000F7B320E030E0A901C701B6010F943E350E
:1069900087FF15C0C12CD12C760121C020E030E04A
:1069A0004CE053E4C701B6010F94823E1816A4F6DA
:1069B000C12CD12C9CE0E92E93E4F92ECDCF20E020
:1069C00030E046E953E4C701B6010F94823E181641
:1069D00034F4C12CD12C86E9E82E83E4F82EC701CB
:1069E000B6010F948F3ECB01FF90EF90DF90CF90D8
:1069F0000C94EBB38091381590913915891B8770F1
:106A000089F48091961081110DC080910F0A9091A8
:106A1000100A892B39F481E090914F09911103C03C
:106A200080E0089581E008952091C10720FF0DC006
:106A300020E83EE3629FA001639F500D729F500DBE
:106A40001124CA010497F0F708950C94902C8FE755
:106A500099E10E94EA3580913F0F873059F183E038
:106A600080932F0A61E070E080E090E00E9414B50E
:106A700081E09AE59093AF168093AE1685E390E09F
:106A80009093B1168093B01687E08093A21682E8A7
:106A90008093A51684E890E0A0E0B0E08093A6166D
:106AA0009093A716A093A816B093A91682E596E135
:106AB0000E94302E809168128130F1F08230C9F44A
:106AC0000E94DDB26093C4077093C5078093C60728
:106AD0009093C70781E0809368120E94EBEE609369
:106AE000850870938608809387089093880881E0D2
:106AF00008950E940FB3EECF80E008950F94EF1237
:106B00001092E70D10922D020E94002D882331F083
:106B100083E599E19093100A80930F0A61E08CE479
:106B200099E10E9460300C9427B59091C60E977041
:106B300081E0973009F080E008958091821590916E
:106B400083158F3F980731F480912C1784FF07C07D
:106B50000F941A0D9093831580938215089590E0F9
:106B600080E0F8CFCF93DF931092CF091092110AF3
:106B70001092130A1092120A10928408109283083D
:106B8000CFEFDFEF80912C1786FD07C00E9477F0D2
:106B9000D0938315C0938215F5CF8FEF9FEF90931D
:106BA000831580938215DF91CF910895CF93DF9362
:106BB000EB010E943730BE0190E080E0DF91CF9181
:106BC0000D94A90FCF92DF92EF92FF926A017B01A1
:106BD0000E943730C701B6010F94A90F8AE0FF90D9
:106BE000EF90DF90CF900C943030CF93DF93EB0198
:106BF0000E943730BE0190E080E00F94A90F8AE038
:106C0000DF91CF910C943030BF92CF92DF92EF9210
:106C1000FF920F931F93CF93DF930E946C298823D9
:106C200009F477C0D0E0C0E000E034E0D32E45E0C6
:106C3000E42E52E8F52E10E08C2F8170C82EB12E74
:106C4000B00E8D2D811BC11001C0812FFE01E89E69
:106C5000E00DF11D1124EE0FFF1FEE0FFF1FE55297
:106C6000F14F20E030E04AE754E460817181828195
:106C700093810F94A4350F948E3D7093AF1660935B
:106C8000AE16E092A216F092A5168B2D90E08058D9
:106C9000974F880F991F092E000CAA0BBB0B8093EE
:106CA000A6169093A716A093A816B093A91682E5EE
:106CB00096E10E94302E1F5F153009F60B5F21967A
:106CC000093109F0B8CF83E090E09093AF1680933C
:106CD000AE161093A216F092A51685E490E1A0E0FE
:106CE000B0E08093A6169093A716A093A816B09331
:106CF000A91682E596E10E94302E81E0DF91CF91C6
:106D00001F910F91FF90EF90DF90CF90BF900C9468
:106D10003C3582E090E09093AF168093AE1685E00C
:106D20008093A21682E88093A51685E490E1A0E006
:106D3000B0E08093A6169093A716A093A816B093E0
:106D4000A91682E596E10E94302E80E0D7CFAF925F
:106D5000BF92CF92DF92EF92FF920F931F93CF9348
:106D6000DF93EC0184E6C82E80E2D82EE12CF12CD2
:106D700002E8A12C90E2B92E15E00093A516C0926E
:106D8000A616D092A716E092A816F092A916B09275
:106D9000AF16A092AE161093A21682E596E10E945D
:106DA000302E8FEFC81AD80AE80AF80A88E7C81602
:106DB00080E2D806E104F10401F724E630E240E085
:106DC00050E0BE0182E596E1DF91CF911F910F91D6
:106DD000FF90EF90DF90CF90BF90AF900D94BB0DE0
:106DE000809168128130C9F588E699E10E94EA3500
:106DF00081E09AE59093AF168093AE168EE490E012
:106E00009093B1168093B01687E08093A21682E823
:106E10008093A51684E890E0A0E0B0E08093A616E9
:106E20009093A716A093A816B093A91682E596E1B1
:106E30000E94302E8EE594E00E94A7B682E08093F7
:106E400068120E94EBEE6093890870938A08809321
:106E50008B0890938C0881E0089580E008950F934B
:106E60001F93CF93DF938C016F3F19F410925F1241
:106E700060E020915F12862F062E000C990B2817D8
:106E8000190609F04CF560935F12C8010F948B341A
:106E9000800F911FEC01C01BD10BC034D1053CF019
:106EA0000197FC012491207C2038D1F3F3CFDD271A
:106EB000AE01B8018FE192E10F94AC34C15EDD4EBA
:106EC0001882C8010E9449398FE192E1DF91CF9188
:106ED0001F910F910C94A7B6DF91CF911F910F9145
:106EE00008958F929F92AF92BF92DF92EF92FF929E
:106EF0000F931F93CF93DF93CDB7DEB7CA5AD10953
:106F00000FB6F894DEBF0FBECDBFCF55DF4F18824E
:106F100019821A821B82C15AD040809169049091D3
:106F20006A04A0916B04B0916C04CB55DF4F888349
:106F30009983AA83BB83C55AD04084E690E090939E
:106F4000890F8093880F10929E1410929D141092B6
:106F5000A40864E070E0CE018B559F4F0E9483EE41
:106F60008091880F9091890F02969093890F80935A
:106F7000880F10929E1410929D1481E0C655DF4F29
:106F80008883CA5AD040CE0186559F4F0E9495896A
:106F900068E470E080E49FE00E9483EE60E170E0CE
:106FA0008EEB99E00E9483EE8AE097EDA3EABCE3C2
:106FB000CF55DF4F88839983AA83BB83C15AD040C2
:106FC000CE018F559F4F0E94918983E499E00E94E2
:106FD0009D898EEC99E00E9499898CEF97E00E9440
:106FE000918981E098E00E9495898091C20E9091EC
:106FF000C30EA091C40EB091C50E89839A83AB8352
:10700000BC838E010F5F1F4FC8010E949189CF552D
:10701000DF4F188219821A821B82C15AD0407E012A
:107020008DE6E80EF11C83E0F70180838983CE01B1
:107030008F559F4F0E949189C7010E949589C80171
:107040000E9495893AE0D32EDA94DD2031F0CE010A
:107050008F559F4F0E949189F7CF87E295E10E945B
:107060009D89CF55DF4F188219821A821B82C15A1F
:10707000D0402AE0D22EDA94DD2031F0CE018F55B7
:107080009F4F0E949189F7CF85E0D82ED982F701D2
:10709000D082C8010E949589C7010E94958968E045
:1070A00070E08EED97E00E9483EE68E070E086ED80
:1070B00097E00E9483EE64E670E08BED9EE00E9414
:1070C00083EE1982AA24AA94F701A082C8010E9423
:1070D0009989C7010E94958990E1B92EF8018B2DFD
:1070E00011928A95E9F760E170E0C8010E9483EE91
:1070F0001982C8010E94998980911B1590911C15D5
:10710000A0911D15B0911E1589839A83AB83BC8312
:107110002CEA35EC47E25EE360911F157091201573
:1071200080912115909122150F941C3D6D837E83D3
:107130008F8398872CEA35EC47E25EE36091231554
:107140007091241580912515909126150F94A435E2
:1071500069877A878B879C8780E090E0A0E8BFE30F
:107160008D879E87AF87B88B198A1A8A1B8A1C8ADB
:1071700064E170E0C8010E9483EE84E190E09A83AC
:10718000898362E070E0C8010E9483EE8091EF1471
:107190009091F014A091F114B091F21489839A8324
:1071A000AB83BC832CEA35EC47E25EE36091F314D9
:1071B0007091F4148091F5149091F6140F941C3D85
:1071C0006D837E838F8398872CEA35EC47E25EE3FC
:1071D0006091F7147091F8148091F9149091FA1459
:1071E0000F94A43569877A878B879C876CE070E061
:1071F000C8010E9483EE8CE0EFE9F2E0D801019033
:107200000D928A95E1F76CE070E0C8010E9483EE70
:107210001982C8010E9495898FE78983C8010E945D
:107220009589A982C8010E949589EBEAF2E0D8010C
:1072300001900D92DA94E1F765E070E0C8010E94D8
:1072400083EE80919D0E8983C8010E94998980E216
:10725000E0EBF2E0D80101900D928A95E1F760E24F
:1072600070E0C8010E9483EEF7011082C7010E94FE
:10727000998982EF97E00E9499898EEE97E00E94AB
:107280009189CF55DF4F188219821A821B82C15A09
:10729000D040CE018F559F4F0E94918982E1F80125
:1072A00011928A95E9F762E170E0C8010E9483EECD
:1072B00084E2E0EDF2E0D80101900D928A95E1F7C9
:1072C00064E270E0C8010E9483EEF8018B2D1192F8
:1072D0008A95E9F760E170E0C8010E9483EE1A82A6
:1072E000198262E070E0C8010E9483EE86EA99E0AC
:1072F0000E949189F8011192BA94E9F760E170E077
:10730000C8010E9483EE8CE6F80111928A95E9F794
:107310006CE670E0C8010E9483EE68E070E086EEE3
:1073200097E00E9483EE1CE0F701812F11928A956D
:10733000E9F7C755DF4F1882C95AD04080E090E086
:10734000A0E4B0E4C356DF4F88839983AA83BB834C
:10735000CD59D040C7010E949D89CE0187559F4FCE
:107360000E949589CE0183569F4F0E94918980E3A8
:10737000F70111928A95E9F784E79FE10E9437307F
:10738000E7E1FAE0D70101900D921A95E1F760E389
:1073900070E0C7010E9483EED090A408D11046C0CF
:1073A0000091880F1091890F0456110980919D1446
:1073B00090919E14F7019183808384E690E09093EE
:1073C000890F8093880F64E070E088E393E00E9467
:1073D00083EE62E070E0C7010E9483EE0E94F73105
:1073E000B8018EEC9FE10E94D6B5F70180809180B4
:1073F000B12CA12C81EC9FE10E943730C501B40172
:107400000F94A90F8EEB9FE10E9437300E3C124083
:1074100041F00E94FB308CE490E20E943730DD2482
:10742000D3948091A4088D298093A4088091A40806
:10743000811109C060E08EEA9FE10E942FB78EEAB9
:107440009FE10E94493989E99FE10E94EA359091C4
:10745000A40881E08927C655DF4F0FB6F894DEBF38
:107460000FBECDBFDF91CF911F910F91FF90EF9095
:10747000DF90BF90AF909F908F9008951F93CF9310
:10748000DF93CDB7DEB7A8970FB6F894DEBF0FBE77
:10749000CDBF9C0184E080932F0A9091700280916F
:1074A000BF07E92F092E000CFF0B8E171F0621F4D2
:1074B0002E5F384109F44DC09C3008F0A2C18827E6
:1074C000EB59F5448F4F0D94193C48BB6DBB71BA15
:1074D00092BBB3BAB7BBFDBAFDBADCBB01BCD8BA2C
:1074E000DCBB81E09AE59093AF168093AE168EE4F4
:1074F00090E09093B1168093B01687E08093A21627
:1075000082E88093A51684E890E0A0E0B0E0809344
:10751000A6169093A716A093A816B093A91682E575
:1075200096E10E94302E8DE694E00E94A7B610915D
:1075300070021093BF0782ED98E10E943730612FEF
:10754000110F770B880B990B0F947B128AE00E9426
:107550003030A8960FB6F894DEBF0FBECDBFDF91D6
:10756000CF911F91089581E09AE59093AF16809393
:10757000AE168EE490E09093B1168093B01687E03B
:107580008093A21682E88093A51684E890E0A0E09C
:10759000B0E08093A6169093A716A093A816B09378
:1075A000A91682E596E10E94302E83E894E0BDCFD3
:1075B00081E09AE59093AF168093AE168EE490E04A
:1075C0009093B1168093B01687E08093A21682E85C
:1075D0008093A51684E890E0A0E0B0E08093A61622
:1075E0009093A716A093A816B093A91682E596E1EA
:1075F0000E94302E87EA94E098CF81E09AE590933C
:10760000AF168093AE168EE490E09093B1168093FF
:10761000B01687E08093A21682E88093A51684E8CE
:1076200090E0A0E0B0E08093A6169093A716A093F8
:10763000A816B093A91682E596E10E94302E88E044
:10764000E4EFF2E0DE01119601900D928A95E1F7E8
:10765000FE01399680E2DF011D928A95E9F780915B
:10766000E50D811106C08091CE096EE974E08111AB
:1076700002C06FEC74E0CE0101960F94653F68ED97
:1076800074E0CE0101960F94653FCE0101964DCF77
:1076900081E09AE59093AF168093AE168EE490E069
:1076A0009093B1168093B01687E08093A21682E87B
:1076B0008093A51684E890E0A0E0B0E08093A61641
:1076C0009093A716A093A816B093A91682E596E109
:1076D0000E94302E8FEE94E028CF81E09AE59093BF
:1076E000AF168093AE168EE490E09093B11680931F
:1076F000B01687E08093A21682E88093A51684E8EE
:1077000090E0A0E0B0E08093A6169093A716A09317
:10771000A816B093A91682E596E10E94302E8AEF52
:1077200094E003CF81E09AE59093AF168093AE1674
:107730008EE490E09093B1168093B01687E080932A
:10774000A21682E88093A51684E890E0A0E0B0E05D
:107750008093A6169093A716A093A816B093A91687
:1077600082E596E10E94302E84E195E0DECE81E054
:107770009AE59093AF168093AE168EE490E09093C6
:10778000B1168093B01687E08093A21682E88093AA
:10779000A51684E890E0A0E0B0E08093A616909350
:1077A000A716A093A816B093A91682E596E10E94A9
:1077B000302E81E295E0B9CE81E09AE59093AF1644
:1077C0008093AE1684E490E09093B1168093B01647
:1077D00087E08093A21682E88093A51684E890E063
:1077E000A0E0B0E08093A6169093A716A093A816E9
:1077F000B093A91682E596E10E94302E8EE295E0C4
:1078000094CE82E08093E60D1092E70D8CEE98E125
:107810000E94EA358CCECF92DF92EF92FF920F93C7
:107820001F93CF93DF93CDB7DEB77C01CDB6DEB625
:107830000F948B3401962DB73EB7281B390B0FB62A
:10784000F8943EBF0FBE2DBF0DB71EB70F5F1F4F81
:10785000B701C8010F948434C8010E943EBA0FB624
:10786000F894DEBE0FBECDBEDF91CF911F910F9178
:10787000FF90EF90DF90CF900895CF93DF9300D0EB
:107880001F92CDB7DEB78AEB98E10E94EA3580916E
:107890003F0F833061F119821A821B821C82CE0154
:1078A00001960E9400B410922E0A81E09AE590930E
:1078B000AF168093AE1683E390E09093B116809359
:1078C000B01687E08093A21682E88093A51684E81C
:1078D00090E0A0E0B0E08093A6169093A716A09346
:1078E000A816B093A91682E596E10E94302E0F905B
:1078F0000F900F900F90DF91CF91089580916812B3
:107900008150823080F40E943DBC109268120E9427
:10791000EBEE6093890870938A0880938B089093AC
:107920008C0881E0089580E008951092E70D109290
:107930002D020E94F22C90912C1780FB97F99093C6
:107940002C1761E08CE299E10E9460300E947EBCBD
:1079500043E858E361E479E185E00F94961260E032
:1079600083E399E10C942FB78F929F92AF92BF92CD
:10797000CF92DF92EF92FF920F931F93CF93DF93FB
:107980000E94B2B53AE0C32E30E2D32EE12CF12CA6
:1079900015E002E846015701CAE0D0E01092AF16A8
:1079A0001092AE161093A2160093A5168092A616FA
:1079B0009092A716A092A816B092A91682E596E119
:1079C0000E94302E21978FEF881A980AA80AB80AC9
:1079D000209721F78AE0C80ED11CE11CF11C82ED32
:1079E000C81680E2D806E104F104A1F6C12C20E219
:1079F000D22EE12CF12CD5E0C2E81092AF161092F5
:107A0000AE16D093A216C093A516C092A616D09219
:107A1000A716E092A816F092A91682E596E10E94B8
:107A2000302E1092AF161092AE16D093A216C093BD
:107A3000A516D701C6018C529F4FAF4FBF4F809301
:107A4000A6169093A716A093A816B093A91682E540
:107A500096E10E94302E8FEFC81AD80AE80AF80A79
:107A60008AE0C81680E2D806E104F10431F69EED02
:107A7000C92E90E2D92EE12CF12CD5E0C2E810926B
:107A8000AF161092AE16D093A216C093A516C09250
:107A9000A616D092A716E092A816F092A91682E533
:107AA00096E10E94302E8FEFC81AD80AE80AF80A29
:107AB00086EEC81680E2D806E104F10401F7CC2472
:107AC000C39482E1D82EE12CF12C0AE010E0D5E03D
:107AD000C2E81093AF160093AE16D093A216C093CF
:107AE000A516C092A616D092A716E092A816F092FC
:107AF000A91682E596E10E94302E1093AF160093EE
:107B0000AE16D093A216C093A516D701C6018096D3
:107B1000A11DB11D8093A6169093A716A093A81639
:107B2000B093A91682E596E10E94302E8FEFC81A15
:107B3000D80AE80AF80A85E1C81682E1D806E10405
:107B4000F10439F6DF91CF911F910F91FF90EF90E3
:107B5000DF90CF90BF90AF909F908F9008950F933C
:107B60001F93CF93DF9300D000D01F921F92CDB709
:107B7000DEB78091200A90E08A3091050CF067C151
:107B80008AE08093200A8091210A9091220A8A300B
:107B900091050CF062C18AE090E09093220A8093F4
:107BA000210A80911B0A882309F45EC188EB909119
:107BB0001A0A9111846090911C0A9A3009F482602B
:107BC0001A8219829AE599839FEF9B838C83BE0169
:107BD0006F5F7F4F80E890E00F9464132091210A3B
:107BE0003091220A44E6429FC001439F900D112428
:107BF0002091200A2D8320911F0A2E839F8388873E
:107C0000BE016B5F7F4F82E890E00F946413809118
:107C10001B0A81112BC11092AF161092AE1605E00F
:107C20000093A21612E81093A5168AE890E1A0E04E
:107C3000B0E08093A6169093A716A093A816B093D1
:107C4000A91682E596E10E94302E89E090E090939B
:107C5000AF168093AE160093A2161093A5168CE86B
:107C600090E1A0E0B0E08093A6169093A716A093B1
:107C7000A816B093A91682E596E10E94302E809155
:107C80001D0A90911E0A9093AF168093AE1605E0E0
:107C90000093A21612E81093A51688E890E1A0E0E0
:107CA000B0E08093A6169093A716A093A816B09361
:107CB000A91682E596E10E94302E80911D0A10924D
:107CC000AE168093AF160093A2161093A51681EA04
:107CD00090E0A0E0B0E08093A6169093A716A09342
:107CE000A816B093A91682E596E10E94302E209145
:107CF0001D0A30911E0A37FDE4C02F3F310519F0EF
:107D000014F02FEF30E0032E000C440B550BA4E6CB
:107D1000B0E00F94C33B2FEF30E040E050E00F9411
:107D2000A43B3093AF162093AE1605E00093A21645
:107D300012E81093A51680E491E1A0E0B0E08093F2
:107D4000A6169093A716A093A816B093A91682E53D
:107D500096E10E94302E8091200A90E09093AF1619
:107D60008093AE160093A2161093A51682E491E1BB
:107D7000A0E0B0E08093A6169093A716A093A81653
:107D8000B093A91682E596E10E94302E80911F0AD9
:107D900090E09093AF168093AE160093A2161093C6
:107DA000A51684E491E1A0E0B0E08093A61690933C
:107DB000A716A093A816B093A91682E596E10E9493
:107DC000302E8091210A9091220A9093AF168093D1
:107DD000AE160093A2161093A51688E491E1A0E0D8
:107DE000B0E08093A6169093A716A093A816B09320
:107DF000A91682E596E10E94302E80911A0A882306
:107E000009F463C083E090E09093AF168093AE16C0
:107E10000093A2161093A51686E491E1A0E0B0E0CD
:107E20008093A6169093A716A093A816B093A916B0
:107E300082E596E10E94302E28960FB6F894DEBFB8
:107E40000FBECDBFDF91CF911F910F910895853661
:107E500091050CF498CE84E694CE803992400CF4CF
:107E6000A0CE8FE892E099CE80EBA1CE20911D0AA2
:107E700030911E0AC901019697FD4F9625E0959510
:107E800087952A95E1F701979093AF168093AE16E8
:107E900005E00093A21612E81093A5168AE890E177
:107EA000A0E0B0E08093A6169093A716A093A81622
:107EB000B093A91682E596E10E94302E88E090E00A
:107EC000C6CE20E030E0A90122CF82E090E09CCF36
:107ED000BC018BE29EE20E94854A88E29EE20C94FD
:107EE00037302F923F924F925F926F927F928F9294
:107EF0009F92AF92BF92CF92DF92EF92FF920F9339
:107F00001F93CF93DF93009709F0AAC11092130A31
:107F10001092120A9093840880938308BAE0CB2EC3
:107F2000B0E2DB2EE12CF12C15E002E8460157010E
:107F3000C4E1D0E01092E1151092E0151093D41531
:107F40000093D7158092D8159092D915A092DA1582
:107F5000B092DB1584E895E10E94302E21972FEF37
:107F6000821A920AA20AB20A209721F744E1C40EAB
:107F7000D11CE11CF11C8AE5C81680E2D806E10498
:107F8000F104A1F6C12CA0E2DA2EE12CF12CD5E00F
:107F9000C2E81092E1151092E015D093D415C09369
:107FA000D715C092D815D092D915E092DA15F09273
:107FB000DB1584E895E10E94302E1092E1151092B5
:107FC000E015D093D415C093D715D701C6018C52B4
:107FD0009F4FAF4FBF4F8093D8159093D915A09363
:107FE000DA15B093DB1584E895E10E94302EEFEFAF
:107FF000CE1ADE0AEE0AFE0AFAE0CF16F0E2DF063B
:10800000E104F10431F6FEEDCF2EF0E2DF2EE12C9B
:10801000F12CD5E0C2E81092E1151092E015D09352
:10802000D415C093D715C092D815D092D915E09227
:10803000DA15F092DB1584E895E10E94302E2FEFDF
:10804000C21AD20AE20AF20A46EEC41640E2D40686
:10805000E104F10401F7CC24C394E2E1DE2EE12C2B
:10806000F12C0AE010E0D5E0C2E81093E11500938E
:10807000E015D093D415C093D715C092D815D092DF
:10808000D915E092DA15F092DB1584E895E10E94AB
:10809000302E1093E1150093E015D093D415C093C2
:1080A000D715D701C6018096A11DB11D8093D815A3
:1080B0009093D915A093DA15B093DB1584E895E178
:1080C0000E94302E8FEFC81AD80AE80AF80AE5E0B5
:1080D000CE16E2E1DE06E104F10439F60091120A5F
:1080E0001091130A0115110509F0D6C08091110AEB
:1080F000882309F4E1C02AE030E240E050E068E380
:1081000075E084E895E10F94BB0DC1E0D0E003E099
:1081100010E0E090120AF090130A35E0332E42E8A6
:10812000242E44244A94542C64E0662E712C7FE162
:10813000C72E74E0D72E8091120A9091130A800FF7
:10814000911FE816F90608F0D5C0C7010F94C310B7
:10815000882309F481C08091821465E774E1882343
:1081600011F062E874E1FB0101900020E9F7CF0112
:108170000197861B970BF4E1FC9F9001FD9F300D4A
:108180001124265F3F4D50E040E0459710F0FB0181
:10819000128A84E895E10F94BB0DCE018F5F9D4E4E
:1081A000B0E0A0E021964E0124E0880C991C2A95AD
:1081B000E1F7FDEF8F1AFFE99F0AB12CA12C209166
:1081C0002C1725FF7EC07092E1156092E015309269
:1081D000D4152092D7158093D8159093D915A093D4
:1081E000DA15B093DB1584E895E10E94302ED09229
:1081F000E115C092E0153092D4152092D7158092E7
:10820000D8159092D915A092DA15B092DB1584E8B2
:1082100095E10E94302EB7018AE299E10E94D6B51D
:108220008091821462E874E1811102C065E774E113
:1082300087E299E10E94854A6FEC79E083E299E157
:108240000E94854A65E774E182E299E10E94854ACD
:108250008EE199E10E9437302FEFE21AF20A6BCFDC
:108260002091120A3091130AA901415051096091DD
:108270008308709184086817790738F42C5F3F4FA2
:108280003093130A2093120A45CE4430510508F466
:108290003DCE24503109F4CF0430110569F48091AA
:1082A000110A882331F083E090E09093130A8093C1
:1082B000120AD0E0C0E02DCFD0E0C0E004E010E032
:1082C00028CF1092E1151092E0153092D41520922B
:1082D000D7158093D8159093D915A093DA15B0933C
:1082E000DB1584E895E10E94302E5092E115409212
:1082F000E01581CFDF91CF911F910F91FF90EF900B
:10830000DF90CF90BF90AF909F908F907F906F90B5
:108310005F904F903F902F90089581EA98E10E94DE
:10832000EA350E94B2B590E080E00E9471BF1092E1
:10833000330A1092320A1092310A0895CF93DF93D4
:1083400080912C178F7E80932C1780914F17882354
:1083500021F08CE497E10E94769180912D17909105
:108360002E17DC01ED91FC910190F081E02D45E3A9
:1083700060E0199581110EC00E94F7318EEF9DE2E9
:108380000E94373080912C1784FF34C0DF91CF9149
:108390000C9412F0C0912D17D0912E1761E0CE01F0
:1083A0000F942C1181110BC060E0CE010F942C11A1
:1083B000811105C00E94FB308AEE9DE2E1CF6FE99A
:1083C00074E18CE497E10E941B8C811105C00E942E
:1083D000FB3089ED9DE2D4CF80912C178061809392
:1083E0002C170E94F7318DEC9DE20E9437300E94DD
:1083F0008DC1C8CF80918F09882339F061E08DEB62
:108400009DE2DF91CF910C942FB7DF91CF9108952A
:10841000FF920F931F93CF93DF93CDB7DEB76D9786
:108420000FB6F894DEBF0FBECDBF20912C1724FFEE
:108430002AC0AC01BE01645E7F4F80E00F94A60E9F
:108440008C01009701F16C8D7D8D19821C8222E0D8
:10845000AC01CE0101960E94B191811120C0F12C96
:10846000CE0101960E944028B801FF2069F189EEF3
:108470009EE20E94ACEF10922817109229171092DA
:108480002A1710922B176D960FB6F894DEBF0FBE09
:10849000CDBFDF91CF911F910F91FF900895CE0135
:1084A00001960F94120E8823D1F261E0CE0101965D
:1084B0000E94668D009799F225EEFC0120831C82B4
:1084C0000E947181F82ECCCF81ED9EE20E94854AF8
:1084D0008EEC9EE20E943730D6CF2F923F924F9281
:1084E0005F926F927F928F929F92AF92BF92CF9244
:1084F000DF92EF92FF920F931F93CF93DF93CDB74D
:10850000DEB7C758D1090FB6F894DEBF0FBECDBF96
:108510002DB73EB7CA57DF4F39832883C658D0409E
:1085200041E064E070E0CE0183589F4F0F94EF1557
:1085300043E050E0BE0163587F4F88E393E00F941F
:10854000823F892B09F44BC0C058DF4F8881C05847
:10855000D040882339F08FE3EE968FAFEE97EF96F9
:108560001FAEEF970E94F731BE0163587F4F81E63F
:1085700092E20E94854A83E592E20E9437308EE3C0
:1085800092E20E94493981E08093A4089091A40866
:1085900081E08927CA57DF4F28813981C658D040EA
:1085A0000FB6F8943EBF0FBE2DBFC957DF4F0FB6B1
:1085B000F894DEBF0FBECDBFDF91CF911F910F9119
:1085C000FF90EF90DF90CF90BF90AF909F908F90F3
:1085D0007F906F905F904F903F902F90089541E073
:1085E00062E070E0CE018F579F4F0F94EF15ED962C
:1085F0001CAE1DAE1EAE1FAEED9710929E141092D3
:108600009D14CE018D579F4F0E948689CDB6DEB650
:10861000CD57DF4F0881C358D04010E00D5F1F4F8A
:10862000000F111F000F111F8DB79EB7801B910BFC
:108630000FB6F8949EBF0FBE8DBFEDB7FEB7319653
:108640005F012DB73EB7201B310B0FB6F8943EBF2C
:108650000FBE2DBF8DB79EB701964C01EDB7FEB78B
:10866000E01BF10B0FB6F894FEBF0FBEEDBF2DB7A8
:108670003EB72F5F3F4F7901B801C5010E948B893A
:108680004091F30781E0482764E070E080E59FE0D7
:108690000F94EF15B801C4010E948B89B801C7017E
:1086A0000E948B891091F30711114DC0CD57DF4FF8
:1086B0008881C358D04090E00296A0E4BFE070E00B
:1086C00060E030E020E04AE352E2821793070CF4C6
:1086D000B4C0F501E60FF71F4080518062807380BF
:1086E0004D925D926D927D92821793070CF4ABC010
:1086F000F401E60FF71F208031800281E381210120
:10870000602E7E2E50964D925D926D927C92539784
:10871000821793070CF4A1C0F701E60FF71F208022
:1087200031800281E3812101602E7E2E90964D9250
:108730005D926D927C9293972F5F3F4F6C5F7F4F5E
:108740002430310511F684E79FE00E947E8988E796
:108750009FE00E947E898CE79FE00E947E8980E8EE
:108760009FE00E947E8984E89FE00E947E8941E02C
:10877000412760E170E08EEB99E00F94EF15CE0198
:1087800087589F4F0E947E890FB6F894DEBE0FBEB9
:10879000CDBE83E499E00E947689CE0183599F4F34
:1087A0000E9466898E010F5F1F4FC8010E947E895B
:1087B000CE018C579F4F0E9456898091F3078111FB
:1087C0001AC0AE968FADAE978093CE0989819A81FB
:1087D000AB81BC818093FC079093FD07A093FE07BB
:1087E000B093FF07CC57DF4F8881C458D0408093A7
:1087F00001080E94B42C80EA98E00E947E89CE0194
:1088000087589F4F0E947E89C8010E948689CE01A9
:1088100083599F4F0E948689E980AE968FADAE97AF
:10882000E89E7001112431E0E31AF10800F1CE0155
:1088300087589F4F0E947E89F6CFFA014590559048
:10884000659074904DCFEAE2F2E2459055906590C4
:1088500074901201062DE72D52CFEAE1F2E2459025
:108860005590659074901201062DE72D5CCF87E23C
:1088700095E10E9476898AE0F82EFA94CE01FF20D5
:1088800029F087589F4F0E947E89F7CF8C579F4FC2
:108890000E948689CE018B579F4F0E948689C8010E
:1088A0000E946E89CE0183599F4F0E946E89CC57DA
:1088B000DF4F8881C458D040853009F0B7C1CB570D
:1088C000DF4F9881C558D040953009F0AFC18091F5
:1088D000F307811102C00E943C35BE0163597F4FEE
:1088E000C8010E94822B4091F30781E0482764E68B
:1088F00070E08BED9EE00F94EF15C8010E94668931
:10890000CE0183599F4F0E9456894091F307FF245F
:10891000F3944F2560E170E0C8010F94EF15C80192
:108920000E9466894091F3074F2564E170E0C80119
:108930000F94EF15F090F307F1103AC089809A80F8
:10894000AB80BC80A5019401C501B4010F94143F14
:1089500081112EC049845A846B847C846D817E8110
:108960008F81988580921B1590921C15A0921D15E1
:10897000B0921E152CEA35EC47E25EE30F94A43565
:1089800060931F15709320158093211590932215E5
:108990002CEA35EC47E25EE3C301B2010F941C3DC3
:1089A00060932315709324158093251590932615B5
:1089B00041E04F2562E070E0C8010F94EF15C80157
:1089C0000E945E89F090F307F1103AC089809A8086
:1089D000AB80BC80A5019401C501B4010F94143F84
:1089E00081112EC049845A846B847C846D817E8180
:1089F0008F8198858092EF149092F014A092F114D8
:108A0000B092F2142CEA35EC47E25EE30F94A43501
:108A10006093F3147093F4148093F5149093F61408
:108A20002CEA35EC47E25EE3C301B2010F941C3D32
:108A30006093F7147093F8148093F9149093FA14D8
:108A4000C8010E945E89C8010E945689C8010E941F
:108A50005689C8010E94568985E0F80111928A95CD
:108A6000E9F741E04F2565E070E0C8010F94EF158C
:108A7000C8010E9466894091F307411103C08981B2
:108A800080939D0EFF24F3944F2560E270E0C801AF
:108A90000F94EF15CE0183599F4F0E946689409134
:108AA000F3074F2569E070E0C8010F94EF1540917E
:108AB000F30741110FC089818093F2078A819B815E
:108AC000AC81BD818093EE079093EF07A093F007F0
:108AD000B093F107FF24F3944F2562E170E0C801E1
:108AE0000F94EF154091F3074F2564E270E0C80141
:108AF0000F94EF154091F3074F2560E170E0C80136
:108B00000F94EF154091F3074F2562E070E0C80124
:108B10000F94EF15C8010E947E894091F30741111F
:108B20000CC089819A81AB81BC818093A609909306
:108B3000A709A093A809B093A909FF24F3944F258E
:108B400060E170E0C8010F94EF154091F3074F25E5
:108B50006CE670E0C8010F94EF154091F3074F25C4
:108B600068E070E086EE97E00F94EF15C8010E9470
:108B70007689CE018C579F4F0E945689CE0183592A
:108B80009F4F0E947E8980E3F80111928A95E9F750
:108B90004091F3074F2560E370E0C8010F94EF1593
:108BA0008091F307811114C08CE0F801DE01A35914
:108BB000BF4F01900D928A95E1F789819A810C97B8
:108BC00009F447C082E691E20E9437300E94A189F1
:108BD0008091880F9091890F8233934009F494C05B
:108BE0000E94FB308CE490E20E94373081E0809359
:108BF000A4080E94F7316091880F7091890F645624
:108C0000710986E092E20E94D8356EEC72E08EEF38
:108C100091E20E94F5B58091F3078111B7CC809164
:108C2000A4088111B3CC0E94C8AFB0CCCB57DF4FA2
:108C3000E880C558D0408E9D7001112491E0E91A5A
:108C4000F10808F45ACECE0187589F4F0E947E89C2
:108C5000F5CF8B81813019F08CE191E2B5CF86EFB1
:108C600090E20E9437308CE0FE01E359FF4FA7E10C
:108C7000BAE001900D928A95E1F76091200A80EEAA
:108C800090E20E94763B60911F0A8DEC90E20E9478
:108C9000763B6091210A7091220A85EB90E20E9456
:108CA000E53510911C0A81EA90E20E943730612F6D
:108CB000110F770B880B990B0F947B128AE00E949F
:108CC000303060911D0A70911E0A8FE890E20E9478
:108CD000E53510911A0A89E790E20E943730812F1A
:108CE0000E945A238AE00E94303010911B0A84E6C9
:108CF00090E20E943730812F0E945A238AE00E941E
:108D000030300E94AFBD64CF1092A40820919D1412
:108D100030919E14CF57DF4F88819981C158D04040
:108D200028173907E1F081E08093A4080E94FB3006
:108D3000CF57DF4F68817981C158D0408EED91E2E5
:108D40000E94D6B560919D1470919E1489ED91E2B8
:108D50000E94D6B589EC91E20E9437305CCF8091B9
:108D6000F307811158CF0E94F73188E393E00E9406
:108D7000A0EF6091880F7091890F645671098CEA99
:108D800091E20E94D835C0909D14D0909E14F12C91
:108D9000E12C8FE991E20E943730C701B6010F94B0
:108DA000A90F8CE991E2D8CF84E690E09093890FE7
:108DB0008093880F10929E1410929D140C946DC293
:108DC000AF92BF92CF92DF92EF92FF920F931F93D9
:108DD000CF93DF9381E08093F3070E94D4C6109273
:108DE000F307882309F4E9C00E94D4C6F82E89EF5E
:108DF0009FE10E94EA350E946C29882309F4BFC0D4
:108E000010E000E0D0E034E0C32E45E0D42E52E87C
:108E1000E52EC0E0802F8170B82EAC2EAD0E8C2DCB
:108E20008C1BB11001C08C2FF801D89EE00DF11DF4
:108E30001124EE0FFF1FEE0FFF1FE552F14F20E050
:108E400030E04AE754E460817181828193810F941C
:108E5000A4350F948E3D7093AF166093AE16D092EA
:108E6000A216E092A5168A2D90E08058974F880FA1
:108E7000991F092E000CAA0BBB0B8093A61690938A
:108E8000A716A093A816B093A91682E596E10E94B2
:108E9000302ECF5FC53009F6DB5F0F5F1F4FD93132
:108EA00009F0B7CF83E090E09093AF168093AE16B1
:108EB000C093A216E092A51685E490E1A0E0B0E090
:108EC0008093A6169093A716A093A816B093A91600
:108ED00082E596E10E94302E81E00E943C3520E040
:108EE00030E0A90160912F157091301580913115F6
:108EF000909132150F94223CAB01BC0180EE9FE1B2
:108F00000E94473320E030E0A90160912F15709155
:108F1000301580913115909132150F94223C20E04C
:108F200030E048EC52E40F94A4350F948E3D7093DA
:108F3000AF166093AE1685E08093A21682E8809308
:108F4000A51686E290E1A0E0B0E08093A61690938B
:108F5000A716A093A816B093A91682E596E10E94E1
:108F6000302E0E94AFBD8F2DDF91CF911F910F91B9
:108F7000FF90EF90DF90CF90BF90AF90089582E088
:108F800090E09093AF168093AE1685E08093A21682
:108F900082E88093A51685E490E1A0E0B0E080939C
:108FA000A6169093A716A093A816B093A91682E5CB
:108FB00096E10E94302E80E090CF0E945DB10E9429
:108FC00071B70E94F73186E190E20E943730F12CB0
:108FD000CACF0E94A0EF0C949AEF0F931F93CF93E8
:108FE000DF9320915F1221112BC08C0160E08CE592
:108FF0009AE30E946030C8010E94E9C7F80101901D
:109000000020E9F73197EF01C01BD10BC034D10527
:109010002CF08291807C8038E1F3F5CFDD27AE0122
:10902000B8018FE192E10F94903FC15EDD4E18824E
:109030008FE192E1DF91CF911F910F910C94A7B630
:10904000DF91CF911F910F910895EF92FF920F93AF
:109050001F93CF93DF931F921F92CDB7DEB720915E
:109060002C1724FF38C07C01BC0182E00E94B1EFC4
:109070001092231780912C17877F8B7F80932C175A
:109080000E947F91A701BE016F5F7F4F80E00F9428
:10909000A60E8C01C7010115110539F169817A818C
:1090A00026E5A80180E998E10E94B1918823E1F0CA
:1090B00080912C17816080932C17C8010F94550D57
:1090C00010922017B80187EF9EE20E94ACEF60E09B
:1090D000C8010E94EDC70F900F90DF91CF911F91B3
:1090E0000F91FF90EF900895C8010E9468BFF3CFE1
:1090F000EF92FF920F931F93CF93DF931F921F92D4
:10910000CDB7DEB77C0180912C1784FD04C0C70168
:109110000E9468BF5FC0613009F46CC008F463C08E
:10912000623009F4C0C080912C17877F8B7F8093B9
:109130002C170E947F91A701BE016F5F7F4F81E0D6
:109140000F94A60E8C01009711F369817A8121E0BA
:10915000AC0180E998E10E94B191882309F4AAC08A
:109160008091A1189091A218A091A318B091A41871
:109170008093241790932517A0932617B093271751
:10918000109228171092291710922A1710922B1755
:10919000B80186E59EE20E94854A409124175091CD
:1091A000251760912617709127178EE49EE20E9482
:1091B000E2B58FE39EE20E943730C8010F94550D4F
:1091C00080918214882311F002E814E160E0C80164
:1091D0000E94EDC70F900F90DF91CF911F910F91DB
:1091E000FF90EF900895B70182E00E94B1EF1092D6
:1091F000231799CF0E94F22C811105C0B70181E09D
:109200000E94B1EF90CF80912317882379F00E94BC
:10921000FB3061E070E08FEA9EE20E94E53540E0BD
:1092200070E060E08EE99EE20E9456398AE198E0A3
:109230000E942F91E091231784E0E89FF001112410
:10924000EA5EF74F8091281790912917A0912A176D
:10925000B0912B1780839183A283B3830E94F7314F
:10926000B70185E89EE20E94854A6091231789E64E
:10927000689FB0011124665E774F8AE79EE20E94E4
:10928000854A409128175091291760912A177091AB
:109290002B1784E79EE20E94E2B5809123178F5F2F
:1092A0008093231740CF0E94F73184E69EE20E940C
:1092B000373039CFC8012CCFCF92DF92EF92FF9297
:1092C0000F931F93CF93DF93CDB7DEB7A6970FB65B
:1092D000F894DEBF0FBECDBF182F0E94B6AD81231C
:1092E00009F46BC0409152045091530460915404AE
:1092F000709155044F8F58A369A37AA330E020E002
:10930000E0E090E0AC01022E02C0559547950A942A
:10931000E2F740FF11C063E270E06C0F7D1F6E0F3B
:10932000711D4FE150E04C0F5D1F420F531FDA01DA
:109330004C91DB014C93EF5F2F5F3F4F23303105A2
:1093400009F78E010D5D1F4FE00FF12FF11D108207
:109350001F930F9386E8C82E8AE1D82EDF92CF9212
:10936000CE0101967C019F938F930F94D5340E9478
:10937000F731C7010E94E9C71F930F93DF92CF9285
:10938000FF92EF920F94D53460E0C7010E94EDC7C1
:109390000FB6F894DEBF0FBECDBF81E0A6960FB624
:1093A000F894DEBF0FBECDBFDF91CF911F910F911B
:1093B000FF90EF90DF90CF90089580E0EFCFCF92B5
:1093C000DF92EF92FF920F931F93CF93DF93CDB76E
:1093D000DEB767970FB6F894DEBF0FBECDBF6C87C0
:1093E0007D878E879F87288B398B4A8B5B8BEC8A96
:1093F000FD8A0E8B1F8B4091CA0E45FB442740F916
:1094000068E37AE1CE0109960E941C358091CA0E6C
:1094100085FF0EC010E000E025E33AE1AE014C5EAE
:109420005F4FBE01605F7F4FCE010C960E94A33458
:10943000F601E080F1800281138120E030E0A90193
:10944000B701C8010F943E35811190C050914E0272
:1094500040914F023091500220915102852F942F5C
:10946000A32FB22F89839A83AB83BC8320E030E0A3
:10947000A901B701C8010F943E35811104C0E12C48
:10948000F12C00E211E4C701D8018D839E83AF83E4
:10949000B887CC88DD88EE88FF88A70196016091A7
:1094A00060027091610280916202909163020F9458
:1094B0003E3587FF0CC0C0926002D0926102E092FC
:1094C0006202F0926302CE0105960E94B0AE8889D6
:1094D0009989AA89BB894C855D856E857F85409376
:1094E00058025093590260935A0270935B02809322
:1094F0005C0290935D02A0935E02B0935F02CE0186
:1095000001960E94B0AECC88DD88EE88FF88A70166
:109510009601609160027091610280916202909167
:1095200063020F94823E181664F4C0926002D092D7
:109530006102E0926202F0926302CE0105960E94FF
:10954000B0AE0E947FA8CE0109960E94133567969F
:109550000FB6F894DEBF0FBECDBFDF91CF911F9144
:109560000F91FF90EF90DF90CF9008955E2D4F2DDB
:10957000302F212F73CFCF92DF92EF92FF920F9374
:109580001F936A01E0906002F09061020091620214
:1095900010916302FB012081318142815381FC01E2
:1095A00060817181828193810E94DFC91F910F9137
:1095B000FF90EF90DF90CF900895CF92DF92EF92DF
:1095C000FF920F931F936B01FC01E080F1800281F9
:1095D0001381E8E5F2E0248135814681578160817D
:1095E0007181828193810E94DFC91F910F91FF9049
:1095F000EF90DF90CF900895AF92BF92CF92DF921D
:10960000EF92FF920F931F93CF93DF9300D01F929F
:10961000CDB7DEB7FC01E080F180028113816111DA
:1096200012C0A0906002B0906102C0906202D0901F
:1096300063029501A601B701C8010F943E3587FF6B
:1096400002C07501860120E030E048EC53E4B70128
:10965000C8010F943E3587FD04C0E12CF12C08ECC5
:1096600013E4C701D80189839A83AB83BC8364E385
:1096700073E0CE0101960E94DDCA0F900F900F900B
:109680000F90DF91CF911F910F91FF90EF90DF909E
:10969000CF90BF90AF900895BF92CF92DF92EF929C
:1096A000FF920F931F93CF93DF9300D01F92CDB7FC
:1096B000DEB7B82E8091CA0E85FF12C04EE15FE181
:1096C00066E37FE188E592E00E94E63485E19FE170
:1096D0000E9437308B2D0E945A238AE00E9430303E
:1096E000809142098B1509F461C0BB20D1F18091B2
:1096F000CA0E85FF0CC040E050E060E271E482E0F9
:109700009FE10E945D328FEF9EE10E94373080E042
:1097100090E0A0E2B1E489839A83AB83BC83C090DC
:109720002F15D0903015E0903115F090321520E0D3
:1097300030E0A901C701B6010F943E3587FF0CC088
:10974000A701960160E070E080E291E40F94213C73
:1097500069837A838B839C8360E0CE0101960E94AB
:10976000FCCA609158027091590280915A029091FE
:109770005B0220915C0230915D0240915E0250914B
:109780005F0219821A821B821C82E0906002F090B4
:1097900061020091620210916302FE0131966F0135
:1097A0000E94DFC9B09242090E944EB180E00F9042
:1097B0000F900F900F90DF91CF911F910F91FF901D
:1097C000EF90DF90CF90BF9008952F923F924F92ED
:1097D0005F926F927F928F929F92AF92BF92CF9241
:1097E000DF92FF920F931F93CF93DF93CDB7DEB736
:1097F00064970FB6F894DEBF0FBECDBFF82EC82E0B
:10980000D12C8091CA0E85FF0CC0F601E553FC4FA8
:1098100060818CE09CE10E94583089E09CE10E94CC
:109820003730F601E054F64C149182E0F8122EC065
:1098300081E00E944CCB8111C9C185E09CE10E946E
:10984000512320E030E0A9010F943E358823F1F048
:10985000612F110F770B880B990B0F9445354B0136
:109860005C0185E09CE10E9451232B013C0120E03A
:1098700030E040EA50E40F943E3587FF1BC0412C96
:10988000512C40EA642E40E4742E14C0612F110F55
:10989000770B880B990B0F9445354B015C01C60182
:1098A000880F991F880F991F8350944E0E9451234F
:1098B0002B013C01A5019401C301B2010F94A43511
:1098C0002B013C011601220C331C220C331CC1015C
:1098D0008F50944E0E94512320E030E040EC5FE333
:1098E0000F94A435A50194010F94A435698B7A8B4C
:1098F0008B8B9C8B8091CA0E85FF0CC049895A893D
:109900006B897C8985EE9BE10E945D3281EE9BE153
:109910000E94373000E010E0980149895A896B892C
:109920007C898F2D0F944A2220E030E0A901C301E9
:10993000B2010F943E35882309F466C0D301C201F9
:10994000B058898B9A8BAB8BBC8B8091CA0E85FFEC
:109950000CC049895A896B897C8985ED9BE10E94FD
:109960005D3281ED9BE10E94373092E000E010E033
:1099700020E431E4F91619F000E010E0980149897B
:109980005A896B897C898F2D0F944A22A3019201F9
:10999000C301B2010F94223C2B013C018091CA0EFD
:1099A00085FF0AC0B301A20187EC9BE10E945D32F2
:1099B00083EC9BE10E943730A2E000E010E020EC55
:1099C00030E4FA16E1F0F601EA54F54E64916111C3
:1099D00007C00E94F73184E99AE10E9437306AE0BB
:1099E00070E090E080E00F9443359B01AC0160E0B3
:1099F00070E088E492E40F941C3D8B019C01B3015C
:109A0000A2018F2D0F944A228091CA0E85FF0CC0AF
:109A1000F601E553FC4F608185E69BE10E945830DA
:109A200082E69BE10E94373081E090E00F2C01C07C
:109A3000880F0A94EAF79091C60E982B9093C60E61
:109A40009091D407892B8093D407C1018A5A944EF0
:109A50000E9451238601000F111F000F111FF801F2
:109A6000E85AFD4F6083718382839383B2E0FB12D7
:109A700026C040902F155090301560903115709091
:109A80003215A30192016091600270916102809190
:109A90006202909163020F94213C60936002709384
:109AA000610280936202909363028091CA0E85FFE7
:109AB00006C0B301A20182E09BE10E9447331092ED
:109AC000651210926412F801E853F84F1082118267
:109AD000128213828F2D0E945EAD8091CA0E85FF87
:109AE00025C0F601E553FC4F7080672D83EF9AE1A6
:109AF0000E945830F801ED5BF64F40815181628140
:109B000073818EEE9AE10E94473345ED5AE16AED8A
:109B10007AE188E592E00E94E634672D8CEB9AE1C9
:109B20000E94583089EB9AE10E9437300E9493AF2F
:109B3000F801E85AFD4F80819181A281B381F8013B
:109B4000E553F14F80839183A283B3838091CA0E42
:109B500085FF08C04FE85BE16FEA7BE188E592E0B2
:109B60000E94E634E2E0FE1669F18CE0ECE1F3E0FD
:109B7000DE01119601900D928A95E1F7E1E0F0E0A7
:109B8000EC0FFD1FE00FF11F408051806280738059
:109B900020E030E0A901C301B2010F943E358111EC
:109BA0002DC08091CA0E85FF11C0F601E553FC4F10
:109BB000608181E89BE10E9458308EE79BE10E9422
:109BC000373004C00E945723882379F264960FB679
:109BD000F894DEBF0FBECDBFDF91CF911F910F91E3
:109BE000FF90DF90CF90BF90AF909F908F907F902D
:109BF0006F905F904F903F902F90089520E030E05D
:109C0000A901C301B2010F94823E87FF04C077FA15
:109C1000709477F87094085A1D4FA3019201C50102
:109C2000B4010F94A4359B01AC01D8016D917D91D5
:109C30008D919C910F94213CF80160837183828304
:109C40009383F2E080E090E0A0E4B1E4FF1621F01D
:109C500080E090E0A8E4B2E48D879E87AF87B88B60
:109C6000CE010D960E94B0AE9CCF8F929F92AF9284
:109C7000BF92CF92DF92EF92FF920F931F93CF93F9
:109C8000DF93CDB7DEB760970FB6F894DEBF0FBE97
:109C9000CDBF8B0140E050E068E472E449875A8709
:109CA0006B877C8740E050E060EA70E44D875E8718
:109CB0006F87788B8130B9F1823009F462C020E07F
:109CC00030E040E050E46091600270916102809168
:109CD0006202909163020F94223C4B017C0120E0D0
:109CE00030E048EC53E40F94823E181634F4812C93
:109CF000912C88ECE82E93E4F92EF801A084B1842D
:109D0000C284D3849401A701B501C6010F94823E99
:109D1000181614F054016701C501D60189839A838E
:109D2000AB83BC8351C0BE01635F7F4FC8010896FF
:109D30000E94DDCA88E0F801DE01119601900D92C3
:109D40008A95E1F7AE01475F5F4FBE016B5F7F4FC2
:109D5000CE0101960E94BBCA0E94A1AF60960FB6C9
:109D6000F894DEBF0FBECDBFDF91CF911F910F9151
:109D7000FF90EF90DF90CF90BF90AF909F908F902B
:109D80000895F801208531854285538560916002F0
:109D90007091610280916202909163020F94223C63
:109DA0006B017C0120E030E048EC53E40F943E3539
:109DB00087FD06C0C12CD12C28ECE22E23E4F22E24
:109DC000C982DA82EB82FC82BE01635F7F4FCE01E3
:109DD0000196AECFCF92DF92EF92FF920F931F9337
:109DE000CF93DF93CDB7DEB72C970FB6F894DEBFD5
:109DF0000FBECDBF182F6B017A0180918F09833080
:109E000090F00E94FB30C6010E9437308CE69CE245
:109E10000E9437301F3F51F588E69CE20E943730A0
:109E20008AE00E9430300E949799A8958091170986
:109E300081114FC081E08093170982E080938F09E0
:109E40000E94979905E1015019F1A895409A69E19E
:109E500070E080E090E00E9450EE409860E570E095
:109E600080E090E00E9450EEA895EDCF17FDD8CF8E
:109E700086E69CE20E943730612F012E000C770BA2
:109E8000880B990B0F947B128AE00E943030C8CF68
:109E9000409A87E00E945CC9811111C08CE0E8E221
:109EA000F3E0DE01119601900D928A95E1F7BE0173
:109EB0006F5F7F4F80E00E9435CE0E947FA86FE5E4
:109EC0007CE21F3F11F063E67CE240E0C7010E94A4
:109ED00056392C960FB6F894DEBF0FBECDBFDF917A
:109EE000CF911F910F91FF90EF90DF90CF90089549
:109EF0002F923F924F925F926F927F928F929F929A
:109F0000AF92BF92CF92DF92EF92FF920F931F9387
:109F1000CF93DF9300D000D01F92CDB7DEB79F83E1
:109F20008E831B016A01298381E090E02F3F11F0AD
:109F300090E080E025E0289FF001299FF00D11249A
:109F4000E155F14F8481882309F4A9C0AE81BF8116
:109F500014961C921497FD011582168217821086A2
:109F6000EE81FF8184818230B9F0833009F41EC113
:109F7000813009F07BC02581368147815085D10130
:109F80006D917D918D919C910F943E3587FD6EC0B2
:109F900082E0EE81FF818483C701FF0CAA0BBB0B1B
:109FA0008A839B83AC83BD83998191112EC080915C
:109FB000990E882339F1D101CD90DD90ED90FC9080
:109FC000EE81FF8185809680A780B0846A817B8145
:109FD0008C819D810F9445352B013C0120E030E0C0
:109FE00040E85EE30F94A4359B01AC01C501B401C8
:109FF0000F94213C9B01AC01C701B6010F94823E36
:10A0000087FD7BC080E880931F020E94EBEE6B010E
:10A010007C016A817B818C819D810F9445359B01F8
:10A02000AC01AE81BF8115966D917D918D919C9112
:10A0300018970F94213C9B01AC01F1016081718163
:10A04000828193810F94823E87FDA2C09801A8EE81
:10A05000B3E00F94D63BC60ED71EE81EF91EAE81A4
:10A06000BF81CD92DD92ED92FC92139727960FB6A9
:10A07000F894DEBF0FBECDBFDF91CF911F910F913E
:10A08000FF90EF90DF90CF90BF90AF909F908F9018
:10A090007F906F905F904F903F902F900895D601E2
:10A0A0008D909D90AD90BC90A5019401EE81FF81B3
:10A0B00065817681878190850F943E35882309F4E8
:10A0C0004FCFAE81BF8115968D929D92AD92BC927D
:10A0D0001897BB24B39420E030E0A901F601608119
:10A0E0007181828193810F94823E18160CF0B12CFD
:10A0F000AE81BF811496BC9233CF23E830EC4AEA9C
:10A100005EE3C301B2010F94A4359B01AC01C5010C
:10A11000B4010F94213C9B01AC01C701B6010F941F
:10A12000823E87FD02C080E66ECF20E030E040E056
:10A130005FE3C301B2010F94A4359B01AC01C501DB
:10A14000B4010F94213C9B01AC01C701B6010F94EF
:10A15000823E87FD02C080E456CF2DEC3CEC4CE4FF
:10A160005FE3C301B2010F94A4359B01AC01C501AB
:10A17000B4010F94213C9B01AC01C701B6010F94BF
:10A18000823E87FD02C080E23ECF10921F023DCF8B
:10A19000EE81FF8180819181A281B381C81AD90AA1
:10A1A000EA0AFB0AF7FC62CF83E0848349E75DE2B9
:10A1B00069E87DE2898127960FB6F894DEBF0FBE6D
:10A1C000CDBFDF91CF911F910F91FF90EF90DF9066
:10A1D000CF90BF90AF909F908F907F906F905F9047
:10A1E0004F903F902F900C94EACE4AE85CE267E9EA
:10A1F0007CE20C94EACECF93DF93A8958091FD1476
:10A200009091FE140F9469206093FF1470930015D1
:10A2100080930115909302158091D1149091D214DE
:10A220000E94B0996093D3147093D4148093D51482
:10A230009093D614C091FD14D091FE148091270202
:10A2400090912802C817D90718F480E00E94F5D031
:10A2500080910315909104151816190674F48091D5
:10A260002502909126028C179D0738F44AE55DE29D
:10A2700067E67DE280E00E94EACE20913D093091C0
:10A280003E098091D1149091D2148217930718F44B
:10A290008FEF0E94F5D08091D7149091D8141816A2
:10A2A0001906A4F420912302309124028091D11444
:10A2B0009091D2142817390748F44AE55DE267E621
:10A2C0007DE28FEFDF91CF910C94EACEDF91CF91B9
:10A2D00008958F929F92AF92BF92CF92DF92EF92AA
:10A2E000FF920F931F93CF93DF9300D01F92CDB7B0
:10A2F000DEB780918F09811112C0A8950F900F9041
:10A300000F900F90DF91CF911F910F91FF90EF90E1
:10A31000DF90CF90BF90AF909F908F9008958091E5
:10A320002C098111EBCF81E080932C0980910E08DC
:10A33000882339F041E070E060E08CEC9CE20E9400
:10A34000563980910D08882359F010920D080E940B
:10A3500007AA0E947FA88EEF0E9407AF0E9493AFCA
:10A3600080910C08882359F010920C0880912C17CA
:10A37000806880932C1787EC9CE20E94D5778091AF
:10A380002D09811103C010922C09B8CF0E94FBD077
:10A3900010922D090E94EBEE4B015C0160912B02A3
:10A3A00070912C02072E000C880B990B0F944535E9
:10A3B0009B01AC016091FF14709100158091011513
:10A3C000909102150F94823E18161CF480E00E94B2
:10A3D000F5D08091B30E811119C08091AF0E90918C
:10A3E000B00EA091B10EB091B20E0097A105B105CB
:10A3F00069F0A5019401281B390B4A0B5B0BDA01AC
:10A40000C901B7FD03C081E08093B30E60910315CD
:10A4100070910415072E000C880B990B0F9445358D
:10A4200069837A838B839C833AE0E32EF12C0CE3DF
:10A4300010E020E0AE014F5F5F4F6FEF74E18DEBF6
:10A4400094E10E9478CFC090FF14D0900015E09066
:10A450000115F09002156091290270912A02072ED1
:10A46000000C880B990B0F9445359B01AC01C7017B
:10A47000B6010F94823E18160CF0D5C060912B02E5
:10A4800070912C02072E000C880B990B0F94453508
:10A490009B01AC01C701B6010F943E3587FFC3C0D5
:10A4A0008091B30E90912409911109C02BEF34E1F2
:10A4B000309323092093220991E09093240981117C
:10A4C000AEC082E299E00E9440820F948E3D759565
:10A4D0006795609305158091120890911308A091DB
:10A4E0001408B09115080097A105B105F1F0A50178
:10A4F0009401281B390B4A0B5B0BDA01C901B7FD2C
:10A5000014C06091FF147091001580910115909115
:10A5100002150F948E3D209110083091110862179A
:10A5200073070CF482C00E94858520E030E046E18C
:10A5300053E46091D3147091D4148091D514909108
:10A54000D6140F94823E18161CF48FEF0E94F5D09B
:10A550008091080890910908A0910A08B0910B0811
:10A560000097A105B105F1F0A5019401281B390B55
:10A570004A0B5B0BDA01C901B7FD14C06091D3141B
:10A580007091D4148091D5149091D6140F948E3D6F
:10A590002091060830910708621773070CF44DC02C
:10A5A0000E94EB288091B80E811115C08091B40EE5
:10A5B0009091B50EA091B60EB091B70E0097A1057F
:10A5C000B10549F0881A990AAA0ABB0AB7FC03C068
:10A5D00081E08093B80E6091D7147091D814072E43
:10A5E000000C880B990B0F94453569837A838B8314
:10A5F0009C8392E0E92EF12C02E310E02FEFAE01F4
:10A600004F5F5F4F63ED74E186EC94E10E9478CF79
:10A610008091B80E8823D9F11092D914B4CE60E09D
:10A6200070E0CB0152CF60E054CF49EA5CE268EBC6
:10A630007CE280E00E94EACE78CF49EA5CE268EBF7
:10A640007CE28FEF0E94EACEADCF20E030E046E121
:10A6500053E4C701B6010F943E35181654F18091AA
:10A660001A09811109C08FEC94E190931909809324
:10A67000180981E080931A0988E199E00E944082DC
:10A680000F948E3D759567956093D9147CCEC090DC
:10A69000D314D090D414E090D514F090D61420E0C8
:10A6A00030E040EA50E4C701B6010F94823E87FFD4
:10A6B000CCCF60E0E9CF2F923F924F925F926F92A2
:10A6C0007F928F929F92AF92BF92CF92DF92EF9242
:10A6D000FF920F931F93CF93DF93CDB7DEB7AC9765
:10A6E0000FB6F894DEBF0FBECDBF8BEC9EE00E948C
:10A6F000D0AD8091CA0E83FD70C02091640230916C
:10A70000650240916602509167026091D70E709188
:10A71000D80E8091D90E9091DA0E0F943E35882391
:10A7200009F45BC00E94E9A7182F882331F00E942A
:10A73000F7318BE69AE10E94373020916402309124
:10A74000650240916602509167026091D70E709148
:10A75000D80E8091D90E9091DA0E0F94213C6B01A6
:10A760007C0120E030E0A9010F94823E87FF04C005
:10A77000F7FAF094F7F8F0942091480230914902EA
:10A7800040914A0250914B02C701B6010F94A43583
:10A7900020E030E84BE354E40F94823E1816DCF4DA
:10A7A0000E94F7318CE49AE10E9437308091D70EF5
:10A7B0009091D80EA091D90EB091DA0E80936402D8
:10A7C00090936502A0936602B093670287ED9EE0C6
:10A7D0000E9490A802C01111E9CF2AE037ED43E2B0
:10A7E0005CE3609154027091550280915602909101
:10A7F00057020F94A4356B017C0160915202709155
:10A800005302072E000C880B990B0F9445359B01C2
:10A81000AC01C701B6010F94A4356D8F7E8F8F8F69
:10A8200098A38091C10E882311F18090C20E909060
:10A83000C30EA090C40EB090C50EC090D30ED090A1
:10A84000D40EE090D50EF090D60E20E030E0A901B5
:10A85000C501B4010F943E35882309F440C0A70117
:10A860009601C501B4010F94823E1816C4F11982F5
:10A870001A821B821C821D821E821F8218861986E4
:10A880001A861B861C86AE014F5F5F4FBE01635E5A
:10A890007F4F8BEC9EE00E94BFEC80E1EBECFEE092
:10A8A000A8E5B2E001900D928A95E1F7AC960FB65B
:10A8B000F894DEBF0FBECDBFDF91CF911F910F91F6
:10A8C000FF90EF90DF90CF90BF90AF909F908F90D0
:10A8D0007F906F905F904F903F902F9008952091C0
:10A8E00058023091590240915A0250915B02609196
:10A8F000CB0E7091CC0E8091CD0E9091CE0E0F9418
:10A90000213C69A37AA38BA39CA320915C02309184
:10A910005D0240915E0250915F026091CF0E709196
:10A92000D00E8091D10E9091D20E0F94213C6DA348
:10A930007EA38FA398A7209160023091610240917D
:10A94000620250916302C701B6010F94213C69A7CE
:10A950007AA78BA79CA72091640230916502409151
:10A960006602509167026091D70E7091D80E809167
:10A97000D90E9091DA0E0F94213C4B015C0120E03E
:10A9800030E0A90169A17AA18BA19CA10F943E3569
:10A9900081110CC020E030E0A9016DA17EA18FA142
:10A9A00098A50F943E35882309F461CF29A13AA1D7
:10A9B0004BA15CA1CA01B9010F94A4356B017C01C4
:10A9C0002DA13EA14FA158A5CA01B9010F94A435EC
:10A9D0009B01AC01C701B6010F94223C6B017C01C5
:10A9E00029A53AA54BA55CA5CA01B9010F94A435C8
:10A9F0009B01AC01C701B6010F94223C6B017C01A5
:10AA0000A5019401C501B4010F94A4359B01AC01CB
:10AA1000C701B6010F94223C0F94D03E6B017C011C
:10AA20002DEB37E346E855E30F943E3587FF0FC023
:10AA300020E030E0A901C501B4010F94823E750108
:10AA4000640187FF04C0F7FAF094F7F8F0942DEB57
:10AA500037E346E855E3C701B6010F943E3587FD5D
:10AA60001CCF20E030E040EA50E4C701B6010F946B
:10AA70001C3D0F94953D1B01672B19F42224239450
:10AA8000312CB10190E080E00F9443359B01AC0183
:10AA900060E070E080E89FE30F941C3D2B013C01D7
:10AAA000AC019B0169A17AA18BA19CA10F94A43553
:10AAB00069A37AA38BA39CA3A30192016DA17EA19C
:10AAC0008FA198A50F94A4356DA37EA38FA398A7FB
:10AAD000A301920169A57AA58BA59CA50F94A43525
:10AAE00069A77AA78BA79CA7A3019201C501B4010E
:10AAF0000F94A4354B015C01A3019201C701B6017B
:10AB00000F94A435698B7A8B8B8B9C8B1D8A1E8A44
:10AB10001F8A188E198E1A8E1B8E1C8E80E1E8E516
:10AB2000F2E08E010F5F1F4FD80101900D928A95C0
:10AB3000E1F70E94EBEE6B017C0128ECC20ED11C08
:10AB4000E11CF11C81E0281A310809F455C00E946B
:10AB5000EBEE2B013C014C185D086E087F0877FC7A
:10AB60004FC06B017C0128ECC20ED11CE11CF11C12
:10AB700080E00E94075629A13AA14BA15CA16981FE
:10AB80007A818B819C810F94223C69837A838B83A9
:10AB90009C832DA13EA14FA158A56D817E818F81FF
:10ABA00098850F94223C6D837E838F83988729A597
:10ABB0003AA54BA55CA569857A858B859C850F9404
:10ABC000223C69877A878B879C87A50194016D85D4
:10ABD0007E858F8598890F94223C6D877E878F872D
:10ABE000988BAE014F5E5F4FBE01635E7F4FC80121
:10ABF0000E94BFEC8111A6CFAE014F5E5F4F46CEE3
:10AC00000E9469D1B8CF8F929F92AF92BF92CF929C
:10AC1000DF92EF92FF92CF93DF9380905402909057
:10AC20005502A0905602B0905702FC01C080D1801E
:10AC3000E280F38020E030E0A901C701B6010F9463
:10AC40003E35882341F0C0925402D0925502E092E2
:10AC50005602F0925702C0915202D091530284E6FC
:10AC600090E09093530280935202C0904802D0909B
:10AC70004902E0904A02F0904B0280E090E0A0E8A8
:10AC8000BFE38093480290934902A0934A02B09395
:10AC90004B020E945BD38092540290925502A09284
:10ACA0005602B0925702D0935302C0935202C09200
:10ACB0004802D0924902E0924A02F0924B02DF91A0
:10ACC000CF91FF90EF90DF90CF90BF90AF909F908B
:10ACD0008F9008950F931F93CF93DF938C01EB0117
:10ACE0009091701520917115921305C00E942AB39E
:10ACF0000E9469D1F5CF80916F1534E0839FF001F8
:10AD00001124EE58FA4E11830083D383C2839F5FD0
:10AD1000909370158F5F281739F080936F15DF912E
:10AD2000CF911F910F91089510926F15F8CF2F9228
:10AD30003F924F925F926F927F928F929F92AF92CB
:10AD4000BF92CF92DF92EF92FF920F931F93CF9318
:10AD5000DF93CDB7DEB7CA55D1090FB6F894DEBF81
:10AD60000FBECDBF7C01162F4FAF25962FAF259775
:10AD70000E94EBEE6F87788B898B9A8B1F3F09F0CF
:10AD800043C024EB30E03A8329830F9489131F3F9B
:10AD900009F407C2C12E012E000CDD08F60143E0C4
:10ADA000EE0FFF1F4A95E1F7EB5DFD4F868197811E
:10ADB0000F978E159F050CF07EC382E59CE20E94E2
:10ADC000373083E39CE20E9437300F9489138CE084
:10ADD0009CE2C65ADF4F0FB6F894DEBF0FBECDBF60
:10ADE000DF91CF911F910F91FF90EF90DF90CF9067
:10ADF000BF90AF909F908F907F906F905F904F909B
:10AE00003F902F900C9449394CE350E05A8349838A
:10AE1000BCCF3090FF1400910015E09101156796AA
:10AE2000EFAF6797F09102156696FFAF669796C2EF
:10AE30002496EEADFFAD2497808306C3FBEE4F2E24
:10AE4000512C612C712CAEC384E190E0A0E0B0E005
:10AE50008B8B9C8BAD8BBE8BE4E14E2E512C612CE9
:10AE6000712CB0C34B8A5C8A6D8A7E8AABC32496F0
:10AE7000EEADFFAD2497808387C4D701C6012AA910
:10AE80003BA94CA95DA9821B930BA40BB50BB7FD85
:10AE90005DC0812F17FD80E00E94FA948AE00E9435
:10AEA0003030D701C6018053984FAF4FBF4F8AABA8
:10AEB0009BABACABBDAB9DA5911196C02AAD3BAD94
:10AEC0004CAD5DAD632D702F67968FAD679766961D
:10AED0009FAD66970F94823E18160CF071C020E06B
:10AEE00030E040E050E4632D702F67968FAD679798
:10AEF00066969FAD66970F94223C6AAF7BAF8CAF8E
:10AF00009DAF2EA53FA548A959A92C0D3D1D4E1D4D
:10AF10005F1D2EAB3FAB48AF59AF65966CAD7DADB5
:10AF20008EAD9FAD65970F9445359B01AC0181E0D7
:10AF30008DA7632D702F67968FAD679766969FAD2F
:10AF400066970F94823E18160CF01DA68F8598897F
:10AF5000A989BA896B968CAF9DAFAEAFBFAF6B9727
:10AF60002F89388D498D5A8D281739074A075B0775
:10AF700030F46B962CAF3DAF4EAF5FAF6B976B96D7
:10AF80008CAD9DADAEADBFAD6B97C81AD90AEA0ABC
:10AF9000FB0A91E8C9169FE4D90692E1E906F1049B
:10AFA000E8F10F9489138BE39BE20E9449398EE20A
:10AFB0009BE20E9437308CE19BE20E94373076C2E0
:10AFC000D701C6012EA93FA948AD59AD821B930BED
:10AFD000A40BB50B49EA5CE268EB7CE2B7FDB6CFA7
:10AFE000812F0E94EACEB2CF61966CAD7DAD8EAD61
:10AFF0009FAD61970F944535232D302F67964FAD48
:10B00000679766965FAD66970F94823E18160CF0B0
:10B010009DCF49E75DE269E87DE2E2CF2296AEADE1
:10B02000BFAD2297ED81FE81AE17BF070CF0B6C011
:10B0300033970CF4B3C08FE09BE20E9437308EEB65
:10B040009AE20E9437308EEA9AE20E9449391F3F05
:10B0500009F086C02EE93AE23A8329838CE89AE225
:10B060000E94373089819A810E9437304F815885FC
:10B0700069857A858AEA9AE20E9447338CE89AE2E7
:10B080000E94373089819A810E94373048A159A1A6
:10B090006AA17BA186EA9AE20E9447338CE89AE291
:10B0A0000E94373089819A810E943730B501A4010E
:10B0B00082EA9AE20E94473325965FAD2597552391
:10B0C000A1F12CEA35EC47E25EE3C501B4010F942F
:10B0D0001C3D6B017C012CEA35EC47E25EE368A184
:10B0E00079A18AA19BA10F94A4352F813885498528
:10B0F0005A851F3FD1F120931B1530931C154093A7
:10B100001D1550931E1560931F1570932015809385
:10B11000211590932215C0922315D0922415E09208
:10B120002515F09226150E944D23C65ADF4F0FB603
:10B13000F894DEBF0FBECDBFDF91CF911F910F916D
:10B14000FF90EF90DF90CF90BF90AF909F908F9047
:10B150007F906F905F904F903F902F900D94891348
:10B160004DE95AE25A83498379CF2093EF14309303
:10B17000F0144093F1145093F2146093F31470930D
:10B18000F4148093F5149093F614C092F714D092AF
:10B19000F814E092F914F092FA14C7CF0E94813BA0
:10B1A000B9C03DE8E316F1040CF007CE8FEF9BE247
:10B1B0000E94373087EF9BE20E9437300E949799B8
:10B1C0008FE78093D91429813A81A8EEB3E00F94D8
:10B1D000D63B6EA77FA788AB99ABDC01CB012F854F
:10B1E000388949895A89820F931FA41FB51F8EABD6
:10B1F0009FABA8AFB9AF60E08CEE9BE20E942FB787
:10B2000081E080932D028F859889A989BA898F8BD7
:10B21000988FA98FBA8F8AAB9BABACABBDAB812C9F
:10B22000912C540188A299A2AAA2BBA28F829886CF
:10B23000A986BA862FE730E040E050E02B8B3C8BAC
:10B240004D8B5E8B198230E43B874CE14E8F56E488
:10B250005F8F212C1B8E1C8E1D8E3FE7432E512CA1
:10B26000612C712C1DA68AAE9BAEACAEBDAE19A6EC
:10B270001AA61BA61CA681E088A71E821D82312C5F
:10B2800000E067961FAE679766961FAE66979701B8
:10B290000F2C000C440B550B29962CAF3DAF4EAF35
:10B2A0005FAF29974FAD042E000C550B22965FAF70
:10B2B0004EAF22975CE21502C0011124DC01AB5FA6
:10B2C000BA4E2496BFAFAEAF2497C7014E969C01ED
:10B2D000092E000C440B550B2D962CAF3DAF4EAFF5
:10B2E0005FAF2D97CC979C01990F440B550B61963E
:10B2F0002CAF3DAF4EAF5FAF619736E0E31AF10878
:10B30000C701FF0CAA0BBB0B65968CAF9DAFAEAF10
:10B31000BFAF659780912D02882309F4C7C00E94B2
:10B32000EBEE6B017C0190912D099EAF992309F4FE
:10B330009BC00E94FBD010922D091F3F09F069CDE0
:10B340003090D3140091D414A091D5146796AFAF68
:10B350006797B091D6146696BFAF6697222D3B8D46
:10B360004C8D5D8D632D702F67968FAD67976696B8
:10B370009FAD66970F94823E181654F4232C0B8FC2
:10B3800067962FAD67972C8F66963FAD66973D8F7A
:10B3900029813B854E8D5F8D632D702F67968FAD14
:10B3A000679766969FAD66970F943E3587FF0AC0F4
:10B3B00039820B8767964FAD67974E8F66965FAD64
:10B3C00066975F8F29966CAD7DAD8EAD9FAD299749
:10B3D0000F9445356CA37DA38EA39FA388A58823D6
:10B3E00009F47EC09B014EA1592F632D702F6796E3
:10B3F0008FAD679766969FAD66970F94823E18163D
:10B400009CF5B701A6018F89988DA98DBA8D481B2F
:10B41000590B6A0B7B0BDB01CA0188589341A109C8
:10B42000B109B7FD21C08B899C89AD89BE8984197A
:10B430009509A609B709B595A795979587951F3FD3
:10B4400009F0F6CC8093D91449A75AA76BA77CA71B
:10B450002CA0FDA1FB8F2EA12C8F3FA13D8FCF866D
:10B46000D88AE98AFA8A18A62D966CAD7DAD8EAD84
:10B470009FAD2D970F944535232D302F67964FADF7
:10B48000679766965FAD66970F943E3587FFF5CC5C
:10B4900084E79BE20E94373085E59BE20E943730CB
:10B4A0000F9489138CE09CE20E94493910922D027E
:10B4B0000E9497993ACE8FEF9BE20E94373087EF38
:10B4C0009BE20E9437300E9497998CE28C9DF0019C
:10B4D0008D9DF00D1124E550FB4E8FE7828773CED2
:10B4E0002CA13DA14EA15FA1632D702F67968FAD5A
:10B4F000679766969FAD66970F943E3587FFB4CFEA
:10B50000D701C6012F85388949895A89821B930B37
:10B51000A40BB50BAC01BD01485853416109710939
:10B5200077FDA2CF4D815E81452B09F41CC129A571
:10B530003AA54BA55CA5280F391F4A1F5B1F2F8B0F
:10B54000388F498F5A8F29A53AA54BA55CA5281B92
:10B55000390B4A0B5B0BC301B2010F94723B2F896D
:10B56000388D498D5A8D0F94A43B4B885C886D882B
:10B570007E88420E531E641E751E34E1431651042C
:10B58000610471040CF460CC4CEE44165104610467
:10B5900071040CF053CC50E8451651046104710459
:10B5A0000CF460CC4B8A5C8A6D8A7E8A8EEF90E0C8
:10B5B000A0E0B0E09C01AD01241935094609570906
:10B5C00029013A0184EE9BE20E9437306B897C8925
:10B5D0008D899E890E942E228FED9BE20E9437303A
:10B5E000C301B2010E942E2249815B856E8D7F8D41
:10B5F00088ED9BE20E945D32422D5B8D6C8D7D8DCE
:10B6000081ED9BE20E945D32AD81BE8113970CF407
:10B61000AAC0C301B2010F94453520E030E040E8F4
:10B6200050E40F94A4354B015C0129813B854E8D7C
:10B630005F8D622D7B8D8C8D9D8D0F94213C2BED2C
:10B640003FE049E450E40F94A43520E030E040E0CE
:10B650005FE30F94A4359B01AC01C501B4010F94C5
:10B660001C3D6B877C878D879E876F89788D898D40
:10B670009A8D0F9445352FE632E143E85AE30F9453
:10B68000A43569837A838B839C831E3F59F02AE912
:10B6900039E949E15FE3812C912CA12C6EE3B62EB0
:10B6A0001F3F59F42DEC3CEC4CE45EE37BEA872E23
:10B6B0007AEA972EA92C7EE3B72E6B857C858D8543
:10B6C0009E850F94A4356F83788789879A879B011D
:10B6D000AC010F94223C29813A814B815C810F940B
:10B6E0001C3D68A379A38AA39BA329813A814B813E
:10B6F0005C816F81788589859A850F94A435A50131
:10B7000094010F94A4354B015C014B855C856D85DC
:10B710007E858BEC9BE20E945D3249815A816B8170
:10B720007C8185EC9BE20E94473386EB9BE21E3FC7
:10B7300010F487EA9BE20E9437304F815885698573
:10B740007A8581EA9BE20E945D3248A159A16AA1F3
:10B750007BA18BE99BE20E945D32B501A40185E9E2
:10B760009BE20E9447338B899C89AD89BE89840DF9
:10B77000951DA61DB71DB595A795979587951F3F54
:10B7800009F075CB8093D9142296FFAD2297FF93D1
:10B790002FAD2F933E813F934D814F9381E89BE2E4
:10B7A0009F938F938CE89BE29F938F931F920F94AC
:10B7B000C3148D819E8101969E838D830FB6F8946C
:10B7C000DEBF0FBECDBFBCA1B983EDA1EB87FEA14B
:10B7D000FE8F2FA12F8FCF8AD88EE98EFA8E3EADA5
:10B7E00038A742CE8150823108F05AC0E82FF0E0ED
:10B7F0008827E250F4428F4F0D94193C1EDC22DC66
:10B8000010DC16DC1ADC50DC25DC2BDC2FDC35DC14
:10B8100039DC3DDC43DC47DC50DC4BDC51DC55DC07
:10B82000809180008F7780938000089580918000C0
:10B830008F7DF9CF80918000877FF5CF84B58F779A
:10B8400084BD089584B58F7DFBCF8091B0008F7744
:10B850008093B00008958091B0008F7DF9CF8091E2
:10B8600090008F77809390000895809190008F7D55
:10B87000F9CF80919000877FF5CF8091A0008F77DE
:10B880008093A00008958091A0008F7DF9CF8091D2
:10B89000A000877FF5CF809120018F7780932001D2
:10B8A0000895809120018F7DF9CF80912001877FBD
:10B8B000F5CF3FB7F89480913C0A90913D0AA09152
:10B8C0003E0AB0913F0A26B5A89B05C02F3F19F04C
:10B8D0000196A11DB11D3FBFBA2FA92F982F882710
:10B8E000BC01CD01620F711D811D911D42E0660FEB
:10B8F000771F881F991F4A95D1F708952F923F927D
:10B900004F925F926F927F928F929F92AF92BF926F
:10B91000CF92DF92EF92FF920F931F93CF93DF931B
:10B92000CDB7DEB7CE58D1090FB6F894DEBF0FBE43
:10B93000CDBF8C017B01E2965FAF4EAFE297DC0199
:10B940002D913D914D915C91AC962CAF3DAF4EAF9A
:10B950005FAFAC972091540F3091550F4091560F27
:10B960005091570FAC966CAD7DAD8EAD9FADAC9741
:10B970000F94A4350F948F3ECE57DF4F68837983A1
:10B980008A839B83C258D040D80114962D913D9153
:10B990004D915C911797E0962CAF3DAF4EAF5FAFE6
:10B9A000E0972091580F3091590F40915A0F5091C4
:10B9B0005B0FE0966CAD7DAD8EAD9FADE0970F94C3
:10B9C000A4350F948F3ECA57DF4F688379838A83EB
:10B9D0009B83C658D040D80118962D913D914D912A
:10B9E0005C911B97E6962CAF3DAF4EAF5FAFE697ED
:10B9F00020915C0F30915D0F40915E0F50915F0F71
:10BA0000E6966CAD7DAD8EAD9FADE6970F94A435F7
:10BA10000F948F3EC657DF4F688379838A839B8359
:10BA2000CA58D040D8011C962D913D914D915C9102
:10BA30001F9765962CAF3DAF4EAF5FAF65972091D6
:10BA4000600F3091610F4091620F5091630F6596C6
:10BA50006CAD7DAD8EAD9FAD65970F94A4350F9401
:10BA60008F3EA8966CAF7DAF8EAF9FAFA89780E159
:10BA7000F801DE01919601900D928A95E1F780918F
:10BA8000CA0E83FF1CC0A8962CAD3DAD4EAD5FAD78
:10BA9000A89720936A1530936B1540936C155093BB
:10BAA0006D1565968CAD9DADAEADBFAD65978093C0
:10BAB0005A1590935B15A0935C15B0935D15D70153
:10BAC0003C9011962C9011971296BC916A96BFAF3C
:10BAD0006A97F701F3816B96FFAF6B9780913815EA
:10BAE00090913915891B8095877019F40E9407562B
:10BAF000F5CF20913815C257DF4F2883CE58D0405C
:10BB0000009138158091C80E9091C90E892B11F0C3
:10BB10000C94B3EC80915E1590915F15A091601527
:10BB2000B0916115CE57DF4F488059806A807B8085
:10BB3000C258D040481A590A6A0A7B0A8091621595
:10BB400090916315A0916415B0916515CA57DF4FA8
:10BB5000C880D980EA80FB80C658D040C81AD90A6C
:10BB6000EA0AFB0A8091661590916715A091681505
:10BB7000B0916915C657DF4F288139814A815B81B1
:10BB8000CA58D040281B390B4A0B5B0B2BAB3CAB84
:10BB90004DAB5EAB80916A1590916B15A0916C15C1
:10BBA000B0916D15A8962CAD3DAD4EAD5FADA8978B
:10BBB000281B390B4A0B5B0B23962CAF3DAF4EAFC6
:10BBC0005FAF2397232B242B252B09F487C00E94DA
:10BBD000E9A7882341F1A8968CAD9DADAEADBFAD70
:10BBE000A89780936A1590936B15A0936C15B093EA
:10BBF0006D1565962CAD3DAD4EAD5FAD659720934F
:10BC00005A1530935B1540935C1550935D150E9457
:10BC1000F73185E092E30E94373023961CAE1DAECB
:10BC20001EAE1FAE239723966CAD7DAD8EAD9FAD3E
:10BC300023970F9445352091480230914902409155
:10BC40004A0250914B020F94A4354B015C0120E055
:10BC500030E0A9010F94823E87FF04C0B7FAB09488
:10BC6000B7F8B09420E030E84BE354E46091600F03
:10BC70007091610F8091620F9091630F0F94A435C2
:10BC8000A50194010F943E3587FF28C0A8968CAD7E
:10BC90009DADAEADBFADA89780936A1590936B151F
:10BCA000A0936C15B0936D1565962CAD3DAD4EAD62
:10BCB0005FAD659720935A1530935B1540935C15E3
:10BCC00050935D150E94F73186EE91E30E94373064
:10BCD00023961CAE1DAE1EAE1FAE2397D301C2012C
:10BCE0008827B7FD83959927AA27BB27182FF7FC2C
:10BCF00012608BA99CA9ADA9BEA9B7FD14602396BB
:10BD00002CAD3DAD4EAD5FAD239757FD186023962A
:10BD10006CAD7DAD8EAD9FAD23970F9445352091D1
:10BD200048023091490240914A0250914B020F94CF
:10BD3000A43561966CAF7DAF8EAF9FAF619720E069
:10BD400030E0A9010F94823E87FFB4C461966CADC8
:10BD50007DAD8EAD9FAD61979058402F50E02996F4
:10BD60005FAF4EAF299754E7059F90011124D90189
:10BD7000AB5BB54FBCAFABAF20E030E040E05FE382
:10BD80000F94223C0F94953D2D966CAF7DAF8EAFF6
:10BD90009FAF2D97EBADFCAD1082EB5BFF4F108397
:10BDA0002BA93CA94DA95EA9A0962CAF3DAF4EAFE3
:10BDB0005FAFA09757FF0DC05095409530952195E6
:10BDC0003F4F4F4F5F4FA0962CAF3DAF4EAF5FAF91
:10BDD000A097CFAAD8AEE9AEFAAEF7FE0BC088277F
:10BDE0009927DC018C199D09AE09BF098FAB98AF6B
:10BDF000A9AFBAAF27964CAE5DAE6EAE7FAE2797B9
:10BE000077FE0DC022273327A901241935094609D9
:10BE1000570927962CAF3DAF4EAF5FAF27972796B8
:10BE20008CAD9DADAEADBFAD2797EBADFCAD858BB9
:10BE3000968BA78BB08F2FA938AD49AD5AAD218F06
:10BE4000328F438F548FA0962CAD3DAD4EAD5FAD7C
:10BE5000A097258F368F478F50A3C301B2010F944F
:10BE600045352091AA093091AB094091AC09509118
:10BE7000AD090F94A435A4966CAF7DAF8EAF9FAF84
:10BE8000A497698B7A8B8B8B9C8BC701B6010F941F
:10BE900045352091AE093091AF094091B0095091DC
:10BEA000B1090F94A4354B015C018D8A9E8AAF8A3B
:10BEB000B88E6BA97CA98DA99EA90F9445352091B8
:10BEC000B2093091B3094091B4095091B5090F946A
:10BED000A4356B017C01C98EDA8EEB8EFC8E20912D
:10BEE000B6093091B7094091B8095091B9096196E6
:10BEF0006CAD7DAD8EAD9FAD61970F94A435699605
:10BF00006CAF7DAF8EAF9FAF69976D8F7E8F8F8F38
:10BF100098A327962CAD3DAD4EAD5FAD279726304B
:10BF20003105410551050CF0D3C38FA998ADA9ADDA
:10BF3000BAAD0697A105B1050CF0CAC3A0962CAD09
:10BF40003DAD4EAD5FADA0972630310541055105A1
:10BF50000CF0BEC320E030E0A90169966CAD7DAD68
:10BF60008EAD9FAD69970F94823E87FFAAC36996F5
:10BF70008CAD9DADAEADBFAD6997B05824E72996A5
:10BF80004EAD5FAD2997249FF001259FF00D112440
:10BF9000EB5BF54F85879687A787B08B84E729965B
:10BFA0002EAD3FAD2997829FF001839FF00D1124A4
:10BFB000EB5BF54F2D968CAD9DADAEADBFAD2D9726
:10BFC00081A392A3A3A3B4A3A0968CAD9DADAEAD67
:10BFD000BFADA0972FA938AD49AD5AAD82179307D1
:10BFE000A407B50710F4DA01C90127962CAD3DADC1
:10BFF0004EAD5FAD279782179307A407B50710F4DE
:10C00000DA01C9012D962CAD3DAD4EAD5FAD2D973A
:10C0100082179307A407B50710F4DA01C90124E7D2
:10C0200029964EAD5FAD2997249FF001259FF00D15
:10C030001124EB5BF54F85A396A3A7A3B0A70697A2
:10C04000A105B10510F40C9496ECE15AFF4F8091D4
:10C05000990E808345284628472819F080E00E94E1
:10C06000969B84E72996AEADBFAD29978A9FF001D4
:10C070008B9FF00D1124EB5BF54F818D928DA38D7D
:10C08000B48D892B8A2B8B2B19F081E00E94969B13
:10C0900084E729962EAD3FAD2997829FF001839FBB
:10C0A000F00D1124EB5BF54F858D968DA78DB0A11A
:10C0B000892B8A2B8B2B19F082E00E94969B2D9660
:10C0C0008CAD9DADAEADBFAD2D97892B8A2B8B2B43
:10C0D00011F40C94B5EC8091440A882319F0815036
:10C0E0008093440A0E94589B80E18093440AE09028
:10C0F000800FF090810F0091820F1091830F9701B4
:10C10000A801632D722D6A968FAD6A976B969FADCD
:10C110006B970F943E3587FD08C0E32CF22C6A968E
:10C120000FAD6A976B961FAD6B9784E72996AEADFE
:10C13000BFAD29978A9FF0018B9FF00D1124EB5B17
:10C14000F54F85849684A784B088A501940160E0AA
:10C1500070E080E89FE30F941C3DA4966CAF7DAF28
:10C160008EAF9FAFA4979701A8010F94A4356B01E0
:10C170007C018091381590913615891B87706A96DD
:10C180008FAF6A97A701960160E074E284E799E4B3
:10C190000F941C3D0F948F3E2B013C016A968FAD8E
:10C1A0006A9782508230A0F56091500F7091510FC4
:10C1B0008091520F9091530F641975098609970960
:10C1C00016161706180619061CF5660F771F881F26
:10C1D000991F6A96BFAD6A972B2F30E050E040E080
:10C1E0000F94A43BCA01B9010F9445350F948E3DBD
:10C1F000640D751D861D971D0F9445359B01AC017F
:10C2000060E074E284E799E40F941C3D6B017C01CB
:10C21000A7019601C501B4010F94A435EA966CAF4D
:10C220007DAF8EAF9FAFEA9784E72996EEADFFAD65
:10C2300029978E9F80018F9F100D11240B5B154F46
:10C24000EA962CAD3DAD4EAD5FADEA97D8011196A3
:10C250002D933D934D935C93149795962D913D911D
:10C260004D915C91989727962CAF3DAF4EAF5FAF45
:10C270002797CA01B9010F94433561966CAF7DAF22
:10C280008EAF9FAF61979B01AC01C701B6010F94C0
:10C29000A4350F94003D0F94953DEE966CAF7DAFA5
:10C2A0008EAF9FAFEE97F801E15BFF4F6083718324
:10C2B00082839383FE0171966C96FFAFEEAF6C970D
:10C2C0009E012F5F3F4F6E963FAF2EAF6E9744E6B5
:10C2D0005FE0C258DF4F59834883CE57D040CE012C
:10C2E0004D969AAB89ABC058DF4F39832883C0582D
:10C2F000D040212C312C90E89BABAFE3AFAB6C96D8
:10C30000EEADFFAD6C9721913191419151916C96B9
:10C31000FFAFEEAF6C97C701B6010F94A4354B0188
:10C320005C01C058DF4FA881B981C058D0408D92C0
:10C330009D92AD92BD92C058DF4FB983A883C0587B
:10C34000D04020E030E0A9010F94823E87FF04C076
:10C35000B7FAB094B7F8B094C258DF4FE881F981CA
:10C36000CE57D0404190519061907190C258DF4FAC
:10C37000F983E883CE57D040A5019401C301B201EF
:10C380000F943E3587FF12C0A5019401C301B2018D
:10C390000F941C3D5B018C0191014BA95FA90F9487
:10C3A0003E3587FF03C015010BAB1FAB29A93AA986
:10C3B0006C964EAD5FAD6C972417350709F09FCF93
:10C3C000A701960169966CAD7DAD8EAD9FAD699765
:10C3D0000F94A4356B017C01CD86DE86EF86F88A4A
:10C3E00020E030E0A9010F94823E4601570187FF0B
:10C3F00004C0B7FAB094B7F8B0944090700F509062
:10C40000710F6090720F7090730FA5019401C301BA
:10C41000B2010F943E3587FF12C0A5019401C301FC
:10C42000B2010F941C3D5B018C0191014BA95FA9E6
:10C430000F943E3587FF03C015010BAB1FAB20E007
:10C4400030E040E85FE3B1018BA99FA90F943E352E
:10C4500087FF68C091014BA95FA969817A818B81AF
:10C460009C810F94A43569837A838B839C8391018B
:10C470004BA95FA96D817E818F8198850F94A4352A
:10C480006D837E838F83988791014BA95FA969850E
:10C490007A858B859C850F94A43569877A878B87ED
:10C4A0009C8791014BA95FA9C701B6010F94A435E0
:10C4B0006D877E878F87988B84E72996AEADBFAD59
:10C4C00029978A9F80018B9F100D11240B5B154FBC
:10C4D0007801BFE4EB0EF11CEE966CAD7DAD8EAD38
:10C4E0009FADEE970F94433591014BA95FA90F942F
:10C4F000A4350F94953DF701608371838283938304
:10C5000091014BA95FA9EA966CAD7DAD8EAD9FAD53
:10C51000EA970F94A435D80111966D937D938D936E
:10C520009C93149761962CAD3DAD4EAD5FAD619778
:10C53000A4966CAD7DAD8EAD9FADA4970F94A43540
:10C540006FAB78AF89AF9AAF84E729962EAD3FAD38
:10C550002997829FF001839FF00D1124EB5BF54F2B
:10C5600085899689A789B08D8BAB9CABADABBEABF3
:10C57000892B8A2B8B2B09F00FC1818D928DA38D76
:10C58000B48D892B8A2B8B2B09F006C1858D968D56
:10C59000A78DB0A1892B8A2B8B2B09F0FDC0209190
:10C5A000780F3091790F40917A0F50917B0F6FA9DE
:10C5B00078AD89AD9AAD0F94A4350F94003D0F94DA
:10C5C000953D2B013C01312C84E729964EAD5FADA2
:10C5D0002997849F8001859F100D11240B5B154FB7
:10C5E000F801E55AFF4F4082518262827382C30193
:10C5F000B2010F9443354B015C012FA938AD49AD11
:10C600005AAD0F941C3DA4966CAF7DAF8EAF9FAF1B
:10C61000A497D80151966D937D938D939C935497D5
:10C620006801B6E4CB0ED11CF60110821182128291
:10C6300013827801FAE4EF0EF11CD7011C9233202B
:10C6400009F49AC32091A6093091A7094091A8093D
:10C650005091A909C501B4010F94A4350F94953DDB
:10C66000F6016083718382839383F80181A192A193
:10C67000A3A1B4A1880F991FAA1FBB1F27964CAD79
:10C680005DAD6EAD7FAD279722E0769567955795A6
:10C6900047952A95D1F7F701481759076A077B078D
:10C6A00008F46AC320812F5F2083880F991FAA1F77
:10C6B000BB1FF2CF61966CAD7DAD8EAD9FAD619726
:10C6C0004CCB69968CAD9DADAEADBFAD699756CCE8
:10C6D000E296AEADBFADE2978D919D910D90BC916C
:10C6E000A02D8BAB9CABADABBEAB20E030E0A90185
:10C6F000BC01CD010F943E35882389F084E729964B
:10C700002EAD3FAD2997829FF001839FF00D11243C
:10C71000EB5BF54F8BA99CA9ADA9BEA93BCCA49618
:10C720002CAD3DAD4EAD5FADA497CA01B9010F94DC
:10C73000A4356BAB7CAB8DAB9EABA5019401C50161
:10C74000B4010F94A4359B01AC016BA97CA98DA900
:10C750009EA90F94223C4B015C01A7019601C701E1
:10C76000B6010F94A4359B01AC01C501B4010F942F
:10C77000223C0F94D03E24E72996AEADBFAD299759
:10C780002A9FF0012B9FF00D1124EB5BF54F65877D
:10C7900076878787908B02CC2D962CAD3DAD4EAD24
:10C7A0005FAD2D97232B242B252B09F4D0C120918D
:10C7B000740F3091750F4091760F5091770F6FA9DC
:10C7C00078AD89AD9AAD0F94A4350F94003D0F94C8
:10C7D000953D2B013C012D968CAD9DADAEADBFAD11
:10C7E0002D97892B8A2B8B2B09F4BAC12091A6098E
:10C7F0003091A7094091A8095091A9092D962CAF15
:10C800003DAF4EAF5FAF2D9720E030E0A9012D96F0
:10C810006CAD7DAD8EAD9FAD2D970F943E358823C9
:10C8200009F49EC123968CAD9DADAEADBFAD2397EF
:10C83000181619061A061B060CF092C120914E1507
:10C8400030914F154091501550915115AC966CADEB
:10C850007DAD8EAD9FADAC970F94213C23966CAF10
:10C860007DAF8EAF9FAF2397209152153091531516
:10C870004091541550915515E0966CAD7DAD8EAD3F
:10C880009FADE0970F94213C4B015C012091561520
:10C89000309157154091581550915915E6966CAD49
:10C8A0007DAD8EAD9FADE6970F94213C6B017C0171
:10C8B00023962CAD3DAD4EAD5FAD2397CA01B901B6
:10C8C0000F94A43523966CAF7DAF8EAF9FAF2397A7
:10C8D000A5019401C501B4010F94A4359B01AC01DD
:10C8E00023966CAD7DAD8EAD9FAD23970F94223C0A
:10C8F0004B015C01A7019601C701B6010F94A43555
:10C900009B01AC01C501B4010F94223C0F94D03EB1
:10C910006B017C0120915A1530915B1540915C159B
:10C9200050915D1565966CAD7DAD8EAD9FAD6597F3
:10C930000F94213CA70196010F941C3D6B017C01D3
:10C9400020E030E040E450E40F94823E18160CF4EE
:10C9500007C1A70196012D966CAD7DAD8EAD9FAD43
:10C960002D970F94A4359B01AC016091CA09709179
:10C97000CB098091CC099091CD090F941C3D2FA932
:10C9800038AD49AD5AAD0F94A4350F94953D64155B
:10C9900075058605970510F42B013C01332433946B
:10C9A0008091A2099091A309A091A409B091A50931
:10C9B000EBADFCADC18CD28CE38CF48C258D368D27
:10C9C000478D50A123962CAF3DAF4EAF5FAF23975D
:10C9D00021A132A143A154A12D962CAF3DAF4EAF62
:10C9E0005FAF2D9727962CAD3DAD4EAD5FAD279730
:10C9F00082179307A407B50708F4B4C08BA99CA9B4
:10CA0000ADA9BEA9892B8A2B8B2BE1F060919209ED
:10CA10007091930980919409909195096415750519
:10CA20008605970578F40F94723B2BA93CA94DA974
:10CA30005EA90F94823B241535054605570510F471
:10CA400029013A01C114D104E104F10401F160911A
:10CA500096097091970980919809909199096415A8
:10CA600075058605970598F427962CAD3DAD4EAD1E
:10CA70005FAD27970F94723BA70196010F94823BFD
:10CA8000241535054605570510F429013A0123966A
:10CA90002CAD3DAD4EAD5FAD2397232B242B252B25
:10CAA00021F160919A0970919B0980919C09909164
:10CAB0009D096415750586059705B8F427962CAD74
:10CAC0003DAD4EAD5FAD27970F94723B23962CADD5
:10CAD0003DAD4EAD5FAD23970F94823B24153505D8
:10CAE0004605570510F429013A012D968CAD9DADF0
:10CAF000AEADBFAD2D97892B8A2B8B2B09F464CD5E
:10CB000060919E0970919F098091A0099091A1095F
:10CB1000641575058605970508F056CD27962CAD4A
:10CB20003DAD4EAD5FAD27970F94723B2D962CAD6A
:10CB30003DAD4EAD5FAD2D970F94823B241535056D
:10CB40004605570508F040CD29013A013DCD209119
:10CB50007C0F30917D0F40917E0F50917F0F2FCE33
:10CB6000312C1ECF2BA93CA94DA95EA9232B242B28
:10CB7000252BC9F1609192097091930980919409D4
:10CB800090919509641575058605970560F50F94D4
:10CB9000433561962CAD3DAD4EAD5FAD61970F94C1
:10CBA000A4354B015C016BA97CA98DA99EA90F94AA
:10CBB00043359B01AC01C501B4010F941C3D4B01F1
:10CBC0005C01C301B2010F9443359B01AC01C50167
:10CBD000B4010F943E3587FF06C0C501B4010F9420
:10CBE000953D2B013C01C114D104E104F104B9F1DC
:10CBF000609196097091970980919809909199098F
:10CC0000641575058605970550F50F9443356196B3
:10CC10002CAD3DAD4EAD5FAD61970F94A4354B018A
:10CC20005C01C701B6010F9443359B01AC01C501FE
:10CC3000B4010F941C3D6B017C01C301B2010F9440
:10CC400043359B01AC01C701B6010F943E3587FF08
:10CC500006C0C701B6010F94953D2B013C012396F8
:10CC60008CAD9DADAEADBFAD2397892B8A2B8B2BA1
:10CC7000D9F160919A0970919B0980919C099091DA
:10CC80009D09641575058605970570F50F94433564
:10CC900061962CAD3DAD4EAD5FAD61970F94A4355F
:10CCA0006B017C0123966CAD7DAD8EAD9FAD23975E
:10CCB0000F9443359B01AC01C701B6010F941C3D95
:10CCC0006B017C01C301B2010F9443359B01AC01A0
:10CCD000C701B6010F943E3587FF06C0C701B601F4
:10CCE0000F94953D2B013C012D962CAD3DAD4EADE5
:10CCF0005FAD2D97232B242B252B09F465CC609158
:10CD00009E0970919F098091A0099091A1096415D5
:10CD100075058605970508F057CC0F944335619645
:10CD20002CAD3DAD4EAD5FAD61970F94A4356B0159
:10CD30007C012D966CAD7DAD8EAD9FAD2D970F9482
:10CD400043359B01AC01C701B6010F941C3D6B013B
:10CD50007C01C301B2010F9443359B01AC01C701B3
:10CD6000B6010F943E3587FF2FCCC701B6010F9453
:10CD7000953D2B013C0128CC84E729962EAD3FAD93
:10CD80002997829FF001839FF00D1124EB5BF54FF3
:10CD900031812A963FAF2A9742812E964FAF2E9728
:10CDA000538162965FAF6297848166968FAF669774
:10CDB000AEEBB9E0AE96BFAFAEAFAE976E964EACEF
:10CDC0005FAC6E97B0E14B0E511C6EEB262E69E006
:10CDD000362E6E966EAC7FAC6E973BAB4FAB5FAFB3
:10CDE00024968FAF249710E0F301C190D190E19089
:10CDF000F1903F0120E030E0A901C701B6010F9496
:10CE0000823E87FF04C0F7FAF094F7F8F094D1015E
:10CE10006D917D918D919D911D0120E030E0A901E2
:10CE20000F94223C4B015C01A70196010F943E3503
:10CE300087FF33C0112309F40BC3A50194012A967F
:10CE40006FAD2A972E967FAD2E9762968FAD629723
:10CE500066969FAD66970F94A4354B015C012BA994
:10CE60003FA94FAD24965FAD2497C701B6010F943B
:10CE7000A4359B01AC01C501B4010F943E3587FF79
:10CE80000CC0A7019601C501B4010F941C3D6BAB0A
:10CE90007FAB8FAF24969FAF24974614570409F0B9
:10CEA000A3CF6A96BFAD6A97BB2309F425C3209030
:10CEB0003A1530903B1500913C1510913D152DEB26
:10CEC00037E346E855E3B101C8010F943E3587FDCD
:10CED00013C39101A8012A966FAD2A972E967FADB4
:10CEE0002E9762968FAD629766969FAD66970F9468
:10CEF0003E3587FFC5C29101A8012A966FAD2A97DA
:10CF00002E967FAD2E9762968FAD629766969FADF7
:10CF100066970F941C3DAC966CAF7DAF8EAF9FAF04
:10CF2000AC972A962FAC2A972E963FAC2E976296F6
:10CF30000FAD629766961FAD66974EE355E16C960E
:10CF40005FAF4EAF6C97412C512C20E8622E2FE33F
:10CF5000722E6A961FAE6A976C96AEADBFAD6C9797
:10CF60006D917D918D919D916C96BFAFAEAF6C9799
:10CF7000AC962CAD3DAD4EAD5FADAC970F94A435E6
:10CF80004B015C016E96EEADFFAD6E97C190D190F6
:10CF9000E190F1906E96FFAFEEAF6E976A96FFAD9F
:10CFA0006A97FF2371F0A30192010F94A4354B01FE
:10CFB0005C01A3019201C701B6010F94A4356B0176
:10CFC0007C01A7019601C501B4010F94823E20E0C7
:10CFD00030E0A90118160CF06EC2C701B6010F941B
:10CFE000823E18164CF020E030E0A901C501B401E2
:10CFF0000F943E3587FF4FC2A7019601C501B401CA
:10D000000F94213C6B017C01AE96AEADBFADAE97E7
:10D010006D917D918D919D91AE96BFAFAEAFAE9764
:10D0200020E030E0A9010F94223C4B015C01A701F4
:10D0300096010F943E3587FF15C0A7019601C501E3
:10D04000B4010F941C3D9B01AC01C301B2010F94CC
:10D05000A4352B013C016A96BFAD6A97BF5F6A9603
:10D06000BFAF6A97EEE4F5E16C962EAD3FAD6C97DD
:10D07000E217F30709F070CF6A963FAD6A97332342
:10D0800041F0A3019201B101C8010F94A4351B0125
:10D090008C0124EA30E74DE75FE3B101C8010F944A
:10D0A000A4356B017C012091400A3091410A4091E6
:10D0B000420A5091430A0F943E3587FF0CC02BA9BA
:10D0C0003FA94FAD24965FAD2497C701B6010F94D9
:10D0D0003E3587FD11C28BA99FA9AFAD2496BFAD88
:10D0E00024978093400A9093410AA093420AB093F8
:10D0F000430A24E729964EAD5FAD2997249FC001CE
:10D10000259F900D1124DC01AB5BB54F7D01910192
:10D11000A801B101C8010F94A435F7016187728796
:10D1200083879487A4966CAD7DAD8EAD9FADA4979B
:10D1300090589B01AC010F94223CABADBCAD1D9649
:10D140002D913D914D915C9150970F94A4359B0189
:10D15000AC016BE077ED83E29BE30F94213C4B0144
:10D160005C018BE097EDA3E2BBE3F7018583968337
:10D17000A783B087ABADBCAD8C9181608C932A96B0
:10D180002FAD2A972E963FAD2E9762964FAD6297A0
:10D1900066965FAD66972A966FAD2A972E967FADFD
:10D1A0002E9762968FAD629766969FAD66970F94A5
:10D1B000A4359B01AC01C501B4010F94823E87FDEB
:10D1C00005C0EBADFCAD80818260808380E1FE0113
:10D1D0003196AEE3B5E101900D928A95E1F784E7CF
:10D1E00029962EAD3FAD2997829FF001839FF00DC8
:10D1F0001124EB5BF54F81819281A381B4818093EF
:10D200003A1590933B15A0933C15B0933D15CE571E
:10D21000DF4F88819981AA81BB81C258D040809319
:10D220005E1590935F15A0936015B0936115CA5772
:10D23000DF4F288139814A815B81C658D0402093D5
:10D240006215309363154093641550936515C65766
:10D25000DF4F88819981AA81BB81CA58D0408093D1
:10D26000661590936715A0936815B0936915A896F5
:10D270002CAD3DAD4EAD5FADA89720936A153093B0
:10D280006B1540936C1550936D15E05AFF4FA091AC
:10D29000910934E0A39FD0011124AE57BF4E8D9168
:10D2A0009D910D90BC91A02D80839183A283B38327
:10D2B000C0905A15D0905B15E0905C15F0905D150C
:10D2C0002091910F3091920F4091930F5091940FB4
:10D2D0006091521570915315809154159091551588
:10D2E0000F94223C2B013C012091950F3091960F19
:10D2F0004091970F5091980F609156157091571566
:10D3000080915815909159150F94223C4B015C0166
:10D310000BAD1CAD0C591F4F20918D0F30918E0F0E
:10D3200040918F0F5091900F60914E1570914F1555
:10D3300080915015909151150F94223CD8016D9316
:10D340007D938D939C931397EBADFCADE859FF4F04
:10D350004082518262827382EBADFCADE459FF4F93
:10D3600080829182A282B382EBADFCADE059FF4F87
:10D37000C082D182E282F38280E1FE01B196AEE406
:10D38000B5E101900D928A95E1F790913815809161
:10D390003915981303C084E680933515C257DF4FC3
:10D3A0008881CE58D0408F5F8770809338158091E8
:10D3B00038159091371581508770891709F4CAC1C3
:10D3C000109138152090371580913815281609F4DA
:10D3D0002CC111501770D12CC12C121509F425C184
:10D3E000812E912CB4E7B89DF001B99DF00D112468
:10D3F000EB5BF54F808183FD15C1FCAFEBAF309740
:10D40000C9F0B1840285A384348445805680678046
:10D410007084A30192016B2D702F8A2D932D0F9490
:10D420003E35811173C0C114D10421F0D6018C9115
:10D4300080FD70C011501770822D2090371528166E
:10D4400009F461C0181709F4F0C08F5F8770F5CF39
:10D45000A7019601C501B4010F941C3D9B01AC01CD
:10D460006BA97FA98FAD24969FAD24970F94A43507
:10D470006BAB7FAB8FAF24969FAF249711E00DCDA0
:10D4800020E030E040E85FE3AC962CAF3DAF4EAF1C
:10D490005FAFAC9752CDF7FAF094F7F8F094A7018C
:10D4A0009601C501B4010F94823E18160CF0ACCD64
:10D4B00075016401A9CDC701B6010F943E3587FD02
:10D4C00009C020E030E0A901C501B4010F94823EFB
:10D4D00018162CF4A5019401C701B60191CDB7FA35
:10D4E000B094B7F8B094A5019401C701B6010F94A8
:10D4F0003E3587FF89CDDCCF2BA83FA80FAD249602
:10D500001FAD2497E8CDCBACDCAC67CFC114D10400
:10D5100009F460C0F601C580D680E780F084B4E7E6
:10D52000B89DF001B99DF00D1124EB5BF54F8081A2
:10D5300081FD2CC0618972898389948990589B01EF
:10D54000AC010F94223CEBADFCAD258536854785BB
:10D5500050890F94A4359B01AC01C701B6010F940B
:10D56000213C6B0128968FAF28979BAB9B01AC01A8
:10D570006B2D702F8A2D932D0F943E3587FD06C09D
:10D58000BC2C0D2D2896AFAC28973BA82B2D302F07
:10D590004A2D532DC301B2010F943E35882309F45F
:10D5A00049CFF4E7F89DC001F99D900D11249C012D
:10D5B0002B5B354F6901D9018C9181608C938BADC8
:10D5C0009CAD0E94749A882319F1F60180818E7FA8
:10D5D000808330CFE296AEADBFADE2971896CD9086
:10D5E000DD90ED90FC901B972BE037ED43E25BE381
:10D5F000C701B6010F94823E18160CF490CF9BE041
:10D60000C92E97EDD92E93E2E92E9BE3F92E87CF11
:10D610008B2D902FAA2DB32DF60185839683A7839A
:10D62000B08708CFDCAECBAE05CF10913715D12C2B
:10D63000C12C04E780913815811709F48BC0812E25
:10D64000912C089DC001099D900D11249C012B5B1C
:10D65000354F1901D9018C91560183FD6FC05901D5
:10D66000C114D10409F46AC0C6010E94749A8111E0
:10D6700065C0D6018C9181FD4CC0D10115964D90AD
:10D680005D906D907C901897D60115962D913D91E7
:10D690004D915C9118972BAF3CAF4DAF5EAFA3019E
:10D6A00092016BAD7CAD8DAD9EAD0F943E3587FF85
:10D6B00030C0F601618972898389948990589B01F1
:10D6C000AC010F94223CD6011D962D913D914D91B8
:10D6D0005C9150970F94A4359B01AC016BAD7CAD70
:10D6E0008DAD9EAD0F94213C6B017C01A301920195
:10D6F0000F943E3587FF0DC0F101808181608083EA
:10D70000C5010E94749A8823E9F0D1018C918E7F23
:10D710008C93089DF001099DF00D1124EB5BF54FF2
:10D720002185328543855485658176818781908501
:10D730000F943E35811102C0109337151F5F17708B
:10D74000650178CFF101C582D682E782F086109319
:10D750003715DFCFF0903915E090381524E7FE1427
:10D7600009F482C08FEF8E0D8770289FF00111247D
:10D77000EB5BF54F908193FD75C0A12CB12C812CF2
:10D78000912C10E000E0FE1409F477C0F4E7FF9E4E
:10D79000C00111249C012B5B354F6901D9018C918B
:10D7A00083FD64C015966D917D918D919C91189724
:10D7B0000F94D03E3B018BAF28969FAF2897011561
:10D7C000110509F444C0F601808180FF04C0D8012E
:10D7D0008C9181608C93F801808180FF38C0C801F2
:10D7E0000E94749A81112FC0D80111962D913D91FC
:10D7F0004D915C91149760E070E080E89FE30F9496
:10D800001C3D1B012C01AC019B01B3018BAD289683
:10D810009FAD28970F94A43569837A838B839C836B
:10D820009501A401C201B1010F94A435698B7A8BD3
:10D830008B8B9C8BAE014F5F5F4FBE016F5E7F4F46
:10D84000C8010E94BBAAF80180818E7F8083F39477
:10D85000FF2DF770FF2E53018BAC28969FAC2897B5
:10D86000860191CFE82E7BCFEF2C87CF35018BAE91
:10D8700028969FAE28976801EACF0115110509F493
:10D8800055C0E296AEADBFADE29718966D917D9111
:10D890008D919C911B970F94D03E6B017C012DECD8
:10D8A0003CEC4CE45DE30F94823E181644F08DECA2
:10D8B000C82E8CECD82E8CE4E82E8DE3F82EF801DF
:10D8C000808181608083C8010E94749A81112AC07E
:10D8D000D80111962D913D914D915C91149760E086
:10D8E00070E080E89FE30F941C3D2B013C01A701F1
:10D8F00096010F94A43569837A838B839C83A3015B
:10D900009201B501C4010F94A435698B7A8B8B8B7E
:10D910009C8BAE014F5F5F4FBE016F5E7F4FC801B2
:10D920000E94BBAAF80180818E7F80830E94EF2B2A
:10D9300081E0C257DF4F0FB6F894DEBF0FBECDBFF8
:10D94000DF91CF911F910F91FF90EF90DF90CF90DB
:10D95000BF90AF909F908F907F906F905F904F900F
:10D960003F902F90089580E0E4CFE090840FF090F6
:10D97000850F0091860F1091870F0C947FE0EF9236
:10D98000FF920F931F93CF93DF93CDB7DEB76097CE
:10D990000FB6F894DEBF0FBECDBFFC018B017A013C
:10D9A00090E1DE01119601900D929A95E1F7CE017A
:10D9B00001960E9421AA8091C80E9091C90E892BD0
:10D9C00099F4A701B801CE0101960E947EDC609611
:10D9D0000FB6F894DEBF0FBECDBFDF91CF911F9180
:10D9E0000F91FF90EF90089580E0F1CF7F928F929A
:10D9F0009F92AF92BF92CF92DF92EF92FF920F93DE
:10DA00001F93CF93DF93FC01F62E80912E02882383
:10DA100071F080912F0281110AC021E0621709F490
:10DA200061C0621780F082E0681709F46CC0B12C05
:10DA300080E5C82E93ECD92E27E4E22E00E010E515
:10DA4000D3ECC7EC10C00091300210913102D0919C
:10DA50003202C0913302B0903C02C0903D02D0909F
:10DA60003E02E0903F02708081809280A380980106
:10DA70004D2F5C2F672D782D892D9A2D0F943E35D3
:10DA800087FD11C02B2D3C2D4D2D5E2D672D782D42
:10DA9000892D9A2D0F94823E18160CF445C0072D3F
:10DAA000182DD92DCA2D24E0F29EC0011124FC01AD
:10DAB000E85AFD4FA8016D2F7C2F4083518362836C
:10DAC00073838D5A9C4FDF91CF911F910F91FF90DF
:10DAD000EF90DF90CF90BF90AF909F908F907F900E
:10DAE0000C94B0AE0091340210913502D091360200
:10DAF000C0913702B0904002C0904102D0904202E3
:10DB0000E0904302B0CF0091380210913902D091D9
:10DB10003A02C0913B02B0904402C0904502D090BE
:10DB20004602E09047029FCF0B2D1C2DDD2DCE2D00
:10DB3000BACFCF92DF92EF92FF922CEA31E341E02D
:10DB4000F901C590D590E590F490C616D706E80681
:10DB5000F90658F49695879577956795440F2C5F4D
:10DB60003F4F51E3283C350759F740939009FF9008
:10DB7000EF90DF90CF900C94889ACF93DF93282F6B
:10DB800030E0F901EA59FE4C8491F901E05EFE4C67
:10DB9000D491F901E652FF4CC491CC23A1F081113C
:10DBA0000E94F2DBEC2FF0E0EE0FFF1FE054FF4C81
:10DBB000A591B491EC91ED2381E090E009F480E02F
:10DBC000DF91CF91089580E090E0FACF1F93CF933B
:10DBD000DF93282F30E0F901EA59FE4C8491F901D6
:10DBE000E05EFE4CD491F901E652FF4CC491CC2387
:10DBF000A9F0162F81110E94F2DBEC2FF0E0EE0F5E
:10DC0000FF1FEA55FF4CA591B4918FB7F894EC91A2
:10DC1000111108C0D095DE23DC938FBFDF91CF9127
:10DC20001F910895DE2BF8CFCF93DF9390E0FC0196
:10DC3000E05EFE4C249186529F4CFC018491882327
:10DC4000C9F090E0880F991FFC01E457FF4CA591A3
:10DC5000B491FC01EA55FF4CC591D49161110DC0FE
:10DC60009FB7F8948C91209582238C9388812823E8
:10DC700028839FBFDF91CF910895623051F49FB701
:10DC8000F8943C91822F809583238C93E8812E2BEE
:10DC9000EFCF8FB7F894EC912E2B2C938FBFEACF58
:10DCA0008F929F92AF92BF92CF92DF92EF92FF92AC
:10DCB0006B017C010E9459DC4B015C01C114D10451
:10DCC000E104F104B9F00E9459DC681979098A0964
:10DCD0009B09683E73408105910580F321E0C21ADB
:10DCE000D108E108F10888EE880E83E0981EA11C97
:10DCF000B11CE4CFFF90EF90DF90CF90BF90AF903A
:10DD00009F908F9008959F92AF92BF92CF92DF9293
:10DD1000EF92FF920F931F93CF93DF931F92CDB794
:10DD2000DEB78C016C01C60ED71EF12CE12CC0169B
:10DD3000D10609F44EC0A090880FB090890FF80169
:10DD400091908F019982C5010F945C3B981699F1CF
:10DD5000692DC5010F94643BFFEFEF1AFF0AC7015D
:10DD60008F779927892B01F162E070E080E090E0E5
:10DD70000E9450EEC5010F945C3B99818917D9F040
:10DD80000E94F7318CEC91E30E94373081E00F90D4
:10DD9000DF91CF911F910F91FF90EF90DF90CF9087
:10DDA000BF90AF909F90089562E070E080E090E0B7
:10DDB0000E94902CDFCFCE0101960F949B0D809195
:10DDC000880F9091890F01969093890F8093880F07
:10DDD000AECF80E0DCCF2FB7F8946091380A709115
:10DDE000390A80913A0A90913B0A2FBF0895CF9249
:10DDF000DF92EF92FF920E94EBEE6B017C0128E52F
:10DE0000C20E22E0D21EE11CF11C0E945E3B8F3F3D
:10DE100071F00E94EBEE6C197D098E099F0997FD48
:10DE2000F4CF80E0FF90EF90DF90CF90089581E0F5
:10DE3000F9CF1F920F920FB60F9211242F933F9399
:10DE40008F939F93AF93BF938091380A9091390A33
:10DE5000A0913A0AB0913B0A3091370A23E0230F90
:10DE60002D3758F50196A11DB11D2093370A8093D7
:10DE7000380A9093390AA0933A0AB0933B0A8091EA
:10DE80003C0A90913D0AA0913E0AB0913F0A01964A
:10DE9000A11DB11D80933C0A90933D0AA0933E0AB8
:10DEA000B0933F0ABF91AF919F918F913F912F9176
:10DEB0000F900FBE0F901F90189526E8230F029623
:10DEC000A11DB11DD2CF1F93CF93DF93CDB7DEB786
:10DED0006D970FB6F894DEBF0FBECDBF1D8E1C8EA2
:10DEE000AC01BE01645E7F4F80E00F94A60E10E08F
:10DEF0000097A9F019821C826C8D7D8D21E0AC0108
:10DF0000CE0101960E94B191182F882321F0CE01F5
:10DF100001960E947691CE0101960E944028812FA1
:10DF20006D960FB6F894DEBF0FBECDBFDF91CF91D7
:10DF30001F9108958DE00E9430308AE00C943030BB
:10DF4000CF93DF93EC018991882319F00E94303040
:10DF5000FACFDF91CF9108950E94854A8AE00C9410
:10DF600030301F93CF93DF93182FEB010E94F731CE
:10DF70008DE19FE20E94373089E09FE2113011F479
:10DF80008FE09FE20E943730BE0185E19FE2DF9182
:10DF9000CF911F910C94ACEFCF9390912C1794FFDD
:10DFA00020C09091341791111CC02AE5811121E005
:10DFB000C82F4EE453E06CE477E181E397E10E94DF
:10DFC000B191811105C08EE493E0CF910C9468BFAC
:10DFD000C11107C06EE473E087EF9EE2CF910C940D
:10DFE000ACEFCF910895CF9321E04EE453E06CE481
:10DFF00077E181E397E10E94B191C82F882321F056
:10E0000081E397E10E9476918C2FCF9108950E9431
:10E01000F3EF882331F00E9410288EE493E00C94F3
:10E0200008C208958BE1ECE4F7E1A7E6B7E10190BF
:10E030000D928A95E1F780912C17806480932C17BC
:10E04000109221170895EF92FF921F93CF93DF93C1
:10E0500000D000D000D01F92CDB7DEB780912C1732
:10E0600084FF0E949EC180912C1784FF3CC00E94B7
:10E070002E28811138C08091221790E08F969F93AF
:10E080008F9382E29FE29F938F93CE0101967C0152
:10E090009F938F930F94D53480912C170F900F90EE
:10E0A0000F900F900F900F9084FF1DC0C7010E942A
:10E0B00063EF182F8823B9F00E9412F0C7010E9465
:10E0C000C989809122178F5F80932217812F2A960A
:10E0D0000FB6F894DEBF0FBECDBFDF91CF911F9179
:10E0E000FF90EF9008951092221710E0EFCF8091EB
:10E0F00021178823C1F0815080932117ECE4F7E1C8
:10E10000882351F08150990B2BE1289FF001299F22
:10E11000F00D1124EE57F84E8BE1A7E6B7E1019020
:10E120000D928A95E1F780912117811105C0909198
:10E130002C17906490932C1708954F925F926F92D2
:10E140007F928F929F92AF92BF92CF92DF92EF9287
:10E15000FF920F931F93CF93DF93CDB7DEB7AA97AC
:10E160000FB6F894DEBF0FBECDBF60915E16709102
:10E170005F1686EF96E30E94F5B5409156165091D2
:10E180005716609158167091591687EE96E30E94C3
:10E19000E2B58091561690915716A0915816B091FD
:10E1A0005916E3E6F3E010E000E0419151916191EE
:10E1B0007191411551056105710511F40D940C0C17
:10E1C000481759076A077B0709F0E2C0AC01BD0197
:10E1D000477F423350416105710511F40D94100CD5
:10E1E0008433E0E19E07A105B10509F45BC0811508
:10E1F000F3E19F07A105B10509F454C0AC01BD01CD
:10E20000485050416109710945305105610571055A
:10E2100010F40D94140CAC01BD0146545041610939
:10E220007109473051056105710510F40D94180C02
:10E23000AC01BD014455504161097109453051059A
:10E240006105710510F402E110E08A35E2E19E07F4
:10E25000A105B10539F110F00D94800C863322E14F
:10E260009207A105B105F1F010F00D94380C8E3134
:10E27000F0E19F07A105B105A9F010F00D941C0C69
:10E280008A31E0E19E07A105B10561F08C31F0E132
:10E290009F07A105B10531F0883120E19207A10562
:10E2A000B10511F408E010E0803421E19207A105E6
:10E2B000B10509F470C0AC01BD014B7F403950413C
:10E2C0006105710509F46AC08839F0E19F07A1056D
:10E2D000B10509F463C0823421E19207A105B105BB
:10E2E00009F45FC08434E1E19E07A105B10509F49A
:10E2F0005BC08834F1E19F07A105B10509F457C05F
:10E30000AC01BD01515161097109413351056105EC
:10E31000710508F44FC08A509042A109B109833DAC
:10E320009105A105B10508F448C089ED96E30E9466
:10E33000EA35B801012E000C880B990B0F947B1263
:10E340000E949AEF17FF3CC0E2E5F6E180E5DF01AD
:10E350001D928A95E9F78AE58093531685EA8093A2
:10E360005416AA960FB6F894DEBF0FBECDBFDF914C
:10E37000CF911F910F91FF90EF90DF90CF90BF90C2
:10E38000AF909F908F907F906F905F904F90089587
:10E390000F5F1F4F0ACF00E411E1C7CF09E919E968
:10E3A000C4CF02E411E1C1CF04E411E1BECF08E41F
:10E3B00011E1BBCF00E011E1B8CF09E110E0B5CF2A
:10E3C0008DEC96E30E94EA350F30110511F40D949F
:10E3D00014040CF00CC10630110509F4F2C40CF061
:10E3E00098C00130110509F45DC344F4012B09F410
:10E3F000ECC180E592E30E94EA35A6CF0230110518
:10E4000009F4DBC303301105A1F7809156169091F2
:10E410005716A0915816B09159168830F0E19F0711
:10E42000A105B10509F051C485E196E30E94EA35E2
:10E4300080915E1690915F16803F910509F0E7C3C9
:10E4400081E09AE59093AF168093AE1685E390E055
:10E450009093B1168093B01687E08093A21682E85D
:10E460008093A51684E890E0A0E0B0E08093A61623
:10E470009093A716A093A816B093A91682E596E1EB
:10E480000E94302E60915E1670915F168DE096E3CB
:10E490000E94F5B58091561690915716A091581686
:10E4A000B09159168C309041A105B10509F04CCFBF
:10E4B00080915E1690915F16029709F045CF0E94F9
:10E4C0007EB581E080932D0A10922F0A81E09AE5B3
:10E4D0009093AF168093AE1682E590E09093B116BC
:10E4E0008093B01687E08093A21682E88093A516E9
:10E4F00084E890E0A0E0B0E08093A6169093A71681
:10E50000A093A816B093A91682E596E10E94302E3A
:10E510001BCF0B30110511F40C943AFE5CF507305B
:10E52000110509F465C50830110509F062CF8FEBBC
:10E5300095E30E94EA35C0905616D0905716E090A9
:10E540005816F090591600915E1610915F16B2E3BE
:10E55000CB16B0E1DB06E104F10409F0ACC701150C
:10E56000110509F056C78091990EE4E68E9FC0010F
:10E57000112440C20C30110511F40D9468000D30C7
:10E58000110509F036CF60915E1670915F1683E831
:10E5900095E30E94F5B560915E1670915F16FB01E0
:10E5A0003197EB31F10510F00D940F048827E452F8
:10E5B000FD408F4F0D94193C8401A80158016A0158
:10E5C00022018601A800AC0010011601BE01CA009C
:10E5D0002601FA007801C6009C006C0198016401D4
:10E5E000AA012A01300136019E01BA011A0109313E
:10E5F000110511F40D9449080CF0A2C00631110563
:10E6000011F40D94C2075CF50231110511F40D945B
:10E61000E6040531110509F0ECCE60915E167091AB
:10E620005F1680ED93E30E94F5B583EC93E30E94BF
:10E63000EA35E0915E16F0915F16E730F10510F0D3
:10E640000D94BC078827E85DFC408F4F0D94193C62
:10E650002401EE0062013A017401C0001E0107317D
:10E66000110511F40D9406080831110509F0C1CE09
:10E6700080915E1690915F168F3F910519F010F012
:10E680008FEF90E090931E0A80931D0A20911D0A3F
:10E6900030911E0A2115310511F00D9421081092B8
:10E6A000AF161092AE1605E00093A21612E8109372
:10E6B000A5168AE890E1A0E0B0E08093A6169093BA
:10E6C000A716A093A816B093A91682E596E10E941A
:10E6D000302E89E090E09093AF168093AE160093B1
:10E6E000A2161093A5168CE890E1A0E0B0E080930C
:10E6F000A6169093A716A093A816B093A91682E524
:10E7000096E10E94302E80911D0A1092AE168093E1
:10E71000AF1685E08093A21682E88093A51681EA61
:10E7200090E0A0E0B0E08093A6169093A716A09387
:10E73000A816B093A91682E596E10E94302E04CE69
:10E740000234B1E11B0711F40D94120B04F501150D
:10E75000F1E11F0711F40D94550B0034114109F03C
:10E7600048CE8DEE95E00E94E9C720915E1630916B
:10E770005F162115310511F00D94F50A10921E0A4D
:10E7800010921D0A10921B0A0E94AFBDDDCD043409
:10E7900081E1180711F40D94370B0834114109F089
:10E7A00028CE86E296E00E94E9C780915E1690919D
:10E7B0005F168530910510F00D944C0B85E090E0CC
:10E7C0009093220A8093210ADFCF80915E16909168
:10E7D0005F1681309105A9F583EB96E30E94EA3537
:10E7E00090E080E00E9471BF1092330A1092320ACA
:10E7F0001092310A88E996E30E94EA3581E09AE5B1
:10E800009093AF168093AE168EE290E09093B1167F
:10E810008093B01687E08093A21682E88093A516B5
:10E8200084E890E0A0E0B0E08093A6169093A7164D
:10E83000A093A816B093A91682E596E10E94302E07
:10E8400083CD8230910509F0C8C00E9495BC84E94F
:10E8500096E39093100A80930F0A8BE090E09093D8
:10E86000AF168093AE1605E00093A21612E810933F
:10E87000A51680E092E1A0E0B0E08093A616909308
:10E88000A716A093A816B093A91682E596E10E9458
:10E89000302E1092AF161092AE160093A21610935F
:10E8A000A5168EE090E1A0E0B0E08093A6169093CC
:10E8B000A716A093A816B093A91682E596E10E9428
:10E8C000302E1092AF161092AE160093A21610932F
:10E8D000A5168FE090E1A0E0B0E08093A61690939B
:10E8E000A716A093A816B093A91682E596E10E94F8
:10E8F000302E1092AF161092AE160093A2161093FF
:10E90000A51686E190E1A0E0B0E08093A616909372
:10E91000A716A093A816B093A91682E596E10E94C7
:10E92000302E62E070E080E090E00E9414B510921A
:10E93000AF161092AE160093A2161093A51680E1A2
:10E9400090E1A0E0B0E08093A6169093A716A09364
:10E95000A816B093A91682E596E10E94302E109277
:10E96000AF161092AE160093A2161093A51682E170
:10E9700090E1A0E0B0E08093A6169093A716A09334
:10E98000A816B093A91682E596E10E94302E8CE677
:10E9900096E30E94EA3581E09AE59093AF16809362
:10E9A000AE168DE290E09093B1168093B01687E09A
:10E9B0008093A2161093A51684E890E0A0E0B0E042
:10E9C0008093A6169093A716A093A816B093A916A5
:10E9D00082E596E10E94302EB7CC039709F0B4CCC3
:10E9E00084E496E30E94EA358091990EB4E68B9F09
:10E9F000C001112481589F4F6FEF70E00F94053CC8
:10EA000070E090E080E00F94433520E030E0A90111
:10EA10000F943E35811123C081E09AE59093AF16A3
:10EA20008093AE168AE390E09093B1168093B0166F
:10EA300087E08093A21682E88093A51684E890E090
:10EA4000A0E0B0E08093A6169093A716A093A81616
:10EA5000B093A91682E596E10E94302E75CC81E034
:10EA60009AE59093AF168093AE1689E390E0909369
:10EA7000B1168093B01687E08093A21682E8809347
:10EA8000A51684E890E0A0E0B0E08093A6169093ED
:10EA9000A716A093A816B093A91682E596E10E9446
:10EAA000302E52CC80915E1690915F168130910588
:10EAB00009F44ACC8230910509F04EC08FE196E30B
:10EAC0000E94EA3580912F0A843019F181E09AE59D
:10EAD0009093AF168093AE1685E390E09093B116B5
:10EAE0008093B01687E08093A21682E88093A516E3
:10EAF00084E890E0A0E0B0E08093A6169093A7167B
:10EB0000A093A816B093A91682E596E10E94302E34
:10EB10001BCC81E09AE59093AF168093AE1686E306
:10EB200090E09093B1168093B01687E08093A21680
:10EB300082E88093A51684E890E0A0E0B0E080939E
:10EB4000A6169093A716A093A816B093A91682E5CF
:10EB500096E10E94302EF8CB039709F0F5CB809117
:10EB6000990EE4E68E9FC001112481589F4F6FEFEC
:10EB700070E00F94053C70E090E080E00F94433526
:10EB800020E030E0A9010F943E35882369F080E051
:10EB900090E0A8ECB2E489839A83AB83BC83CE0176
:10EBA00001960E9400B4D0CB19821A821B821C826B
:10EBB000CE0101960E9400B4C7CB00915E16109161
:10EBC0005F16B80190E080E00F9443356B017C0143
:10EBD00020E030E040E251E40F943E3587FD11C063
:10EBE00020E030E04AEF53E4C701B6010F94823EC3
:10EBF000181654F0902F812F909352028093530255
:10EC0000A3CB9AE080E0F8CF94EF81E0F5CF81E0EC
:10EC10009AE59093AF168093AE168DE290E09093B4
:10EC2000B1168093B01687E08093A21612E8109375
:10EC3000A51684E890E0A0E0B0E08093A61690933B
:10EC4000A716A093A816B093A91682E596E10E9494
:10EC5000302E1092AF161092AE1605E00093A21659
:10EC60001093A51680E190E1A0E0B0E08093A61695
:10EC70009093A716A093A816B093A91682E596E1E3
:10EC80000E94302E1092AF161092AE160093A2166C
:10EC90001093A51682E190E1A0E0B0E08093A61663
:10ECA0009093A716A093A816B093A91682E596E1B3
:10ECB0000E94302E60915E1670915F168EEF95E384
:10ECC0000E94F5B50E9495BCE5CB8A3020E1920701
:10ECD000A105B10509F041C080915E1690915F16C3
:10ECE000813F910509F030CB81E09AE59093AF1612
:10ECF0008093AE1686E390E09093B1168093B016A1
:10ED000087E08093A21682E88093A51684E890E0BD
:10ED1000A0E0B0E08093A6169093A716A093A81643
:10ED2000B093A91682E596E10E94302E4AE252E3A2
:10ED300061E372E384E00F94961260E08BE89AE35B
:10ED40000E942FB761E080E00F949F1280E292E36F
:10ED50009093100A80930F0A9DCB8C309041A105AF
:10ED6000B10509F097CB80915E1690915F160197DF
:10ED700009F090CB0E947EB510922F0A81E09AE5AF
:10ED80009093AF168093AE1685E390E09093B11602
:10ED90008093B01687E08093A21682E88093A51630
:10EDA00084E890E0A0E0B0E08093A6169093A716C8
:10EDB000A093A816B093A91682E596E10E94302E82
:10EDC00069CB00915E1610915F16B80190E080E06B
:10EDD0000F94433517FF06C020E030E040E857E4C9
:10EDE0000F94213C20E030E048EC52E40F941C3DAD
:10EDF0006B017C01BC01A6018CEE95E30E944733B8
:10EE000020E030E040E151ECC701B6010F94823EB2
:10EE100087FDBAC020E030E040E151E4C701B6010F
:10EE20000F943E3518160CF4AFC020E030E0A90175
:10EE300060912F1570913015809131159091321598
:10EE40000F94223CA70196010F94213C2091B20916
:10EE50003091B3094091B4095091B5090F941C3D0C
:10EE60004B015C0120E030E0A9010F94823E1816AE
:10EE70000CF085C0C501B4010F94003D0F948E3D88
:10EE800061157105E9F48BED95E30E94EA3520E008
:10EE900030E0A90160912F157091301580913115E6
:10EEA000909132150F94223C9B01AC01C701B60131
:10EEB0000F94823E61E070E0181614F06FEF7FEF60
:10EEC00088279927861B970B0F94141320E030E0B6
:10EED000A90160912F157091301580913115909195
:10EEE00032150F94223C8E01045E1F4F23E041E057
:10EEF0000F940B309F938F938DEC95E39F938F939B
:10EF00000B5111091F930F930F94D534C8010E9420
:10EF1000A7B60F900F900F900F900F900F9020E0DA
:10EF200030E0A90160912F15709130158091311555
:10EF3000909132150F94223C20E030E048EC52E4EE
:10EF40000F94A4350F948E3D7093AF166093AE1658
:10EF500085E08093A21682E88093A51686E290E170
:10EF6000A0E0B0E08093A6169093A716A093A816F1
:10EF7000B093A91682E596E10E94302EE5C9C5013D
:10EF8000B4010F94C43D7ACF85E495E00E94A7B602
:10EF900020E030E0A90160912F157091301580912B
:10EFA0003115909132150F94223C20E030E048EC6E
:10EFB00052E40F94A4350F948E3D7093AF16609376
:10EFC000AE1685E08093A21682E88093A51686E2AD
:10EFD00090E1A0E0B0E08093A6169093A716A093CE
:10EFE000A816B093A91682E596E10E94302E97CF1D
:10EFF00080915E1690915F16009709F4A5C9813043
:10F00000910509F05EC08091990E24E6829FC001AF
:10F01000112481589F4F6FEF70E00F94053C70E012
:10F0200090E080E00F94433520E030E0A9010F9498
:10F030003E35811123C081E09AE59093AF1680930D
:10F04000AE168CE390E09093B1168093B01687E0F3
:10F050008093A21682E88093A51684E890E0A0E051
:10F06000B0E08093A6169093A716A093A816B0932D
:10F07000A91682E596E10E94302E66C981E09AE5E4
:10F080009093AF168093AE168BE390E09093B116F9
:10F090008093B01687E08093A21682E88093A5162D
:10F0A00084E890E0A0E0B0E08093A6169093A716C5
:10F0B000A093A816B093A91682E596E10E94302E7F
:10F0C00043C98230910509F43FC98330910509F0A5
:10F0D00072C08091990EA4E68A9FC00111248158C4
:10F0E0009F4F6FEF70E00F94053C70E090E080E080
:10F0F0000F94433520E030E0A9010F943E35811193
:10F100002FC080E090E0A8ECB2E489839A83AB83BF
:10F11000BC83CE0101960E9400B481E09AE59093F1
:10F12000AF168093AE1689E390E09093B11680936A
:10F13000B01687E08093A21682E88093A51684E833
:10F1400090E0A0E0B0E08093A6169093A716A0935D
:10F15000A816B093A91682E596E10E94302EF4C855
:10F1600019821A821B821C82CE0101960E9400B471
:10F1700081E09AE59093AF168093AE168AE390E013
:10F180009093B1168093B01687E08093A21682E820
:10F190008093A51684E890E0A0E0B0E08093A616E6
:10F1A0009093A716A093A816B093A91682E596E1AE
:10F1B0000E94302EC9C88530910509F051C080E009
:10F1C00090E0A4E3B3E489839A83AB83BC8360E0DB
:10F1D000CE0101960E9456B480E090E0ACE8B2E423
:10F1E00089839A83AB83BC8366E0CE0101960E943B
:10F1F00089B484EB90E09093AF168093AE1605E04F
:10F200000093A21612E81093A51684E390E1A0E003
:10F21000B0E08093A6169093A716A093A816B0937B
:10F22000A91682E596E10E94302E86E490E0909344
:10F23000AF168093AE160093A2161093A5168AE31C
:10F2400090E1A0E0B0E08093A6169093A716A0935B
:10F25000A816B093A91682E596E10E94302E74C8D4
:10F260008630910509F052C080E090E0A0E7B3E459
:10F2700089839A83AB83BC8360E0CE0101960E94B0
:10F2800056B480E090E0ACEDB2E489839A83AB831E
:10F29000BC8366E0CE0101960E9489B480EF90E0C5
:10F2A0009093AF168093AE1605E00093A21612E875
:10F2B0001093A51684E390E1A0E0B0E08093A61639
:10F2C0009093A716A093A816B093A91682E596E18D
:10F2D0000E94302E8EE690E09093AF168093AE168B
:10F2E0000093A2161093A5168AE390E1A0E0B0E087
:10F2F0008093A6169093A716A093A816B093A9166C
:10F3000082E596E10E94302E0C94A4F1813F910594
:10F3100011F00C94A4F119821A821B821C82CE0176
:10F3200001960E9400B419821A821B821C8260E03E
:10F33000CE0101960E9489B419821A821B821C8216
:10F3400066E0CE0101960E9489B41092AF16109229
:10F35000AE1605E00093A21612E81093A51684E3FA
:10F3600090E1A0E0B0E08093A6169093A716A0933A
:10F37000A816B093A91682E596E10E94302E61E0AE
:10F3800070E080E090E00E9414B51092AF161092E9
:10F39000AE160093A2161093A5168AE390E1A0E0A2
:10F3A000B0E08093A6169093A716A093A816B093EA
:10F3B000A91682E596E10E94302E61E070E080E0BF
:10F3C00090E00E9414B581E09AE59093AF16809387
:10F3D000AE1689E390E09093B1168093B01687E063
:10F3E0008093A2161093A51684E890E0A0E0B0E008
:10F3F0008093A6169093A716A093A816B093A9166B
:10F4000082E596E10E94302E82E080932F0A0C94D0
:10F41000A4F10130110529F519821A821B821C8280
:10F4200060E0CE0101960E9456B41092AF16109281
:10F43000AE1685E08093A21682E88093A51684E339
:10F4400090E1A0E0B0E08093A6169093A716A09359
:10F45000A816B093A91682E596E10E94302E0C946E
:10F46000A4F10230110511F00C94A4F119821A8252
:10F470001B821C8266E0CE0101960E9489B4109224
:10F48000AF161092AE1685E08093A21682E88093A4
:10F49000A5168AE390E1A0E0B0E08093A6169093D1
:10F4A000A716A093A816B093A91682E596E10E942C
:10F4B000302E0C94A4F1F4E3CF16F0E1DF06E10462
:10F4C000F10481F4B80190E080E00F944335698342
:10F4D0007A838B839C8360E0CE0101960E9489B47D
:10F4E0000C94A4F12AE3C21620E1D206E104F1044F
:10F4F00081F4B80190E080E00F94433569837A830A
:10F500008B839C8366E0CE0101960E9489B40C94A3
:10F51000A4F1C11483E1D806E104F10421F51093AC
:10F520004D0200934C02B801110F880B990B0F94F8
:10F5300045352AE037ED43E25CE30F94A435209192
:10F54000BA093091BB094091BC095091BD090F9493
:10F55000A435609348027093490280934A029093C5
:10F560004B020C94A4F1A2E5CA16A2E1DA06E1046A
:10F57000F10431F410936B0200936A020C94A4F12D
:10F58000B4E5CB16B2E1DB06E104F10431F41093EB
:10F590006902009368020C94A4F1E0E8CE16E2E15F
:10F5A000DE06E104F104A1F424E6209FC001219FBE
:10F5B000900D1124B0E0A0E08093400F9093410F94
:10F5C000A093420FB093430F0E940DA80C94A4F196
:10F5D000F2E8CF16F2E1DF06E104F104A1F424E63B
:10F5E000209FC001219F900D1124B0E0A0E08093E6
:10F5F000440F9093450FA093460FB093470F0E947E
:10F600000DA80C94A4F124E8C21622E1D206E1046C
:10F61000F104A1F42AE0209FC001219F900D112444
:10F62000B0E0A0E08093480F9093490FA0934A0F59
:10F63000B0934B0F0E940DA80C94A4F1B80190E078
:10F6400080E0A6E8CA16A2E1DA06E104F104E1F4DA
:10F6500060934C0F70934D0F80934E0F90934F0F0C
:10F660000E940DA880915E1690915F16B0E0A0E018
:10F6700080934C0F90934D0FA0934E0FB0934F0F6C
:10F680000E940DA80C94A4F10F944335B8E7CB1653
:10F69000B2E1DB06E104F10451F46093640F70936E
:10F6A000650F8093660F9093670F0C94A4F1EAE7BF
:10F6B000CE16E2E1DE06E104F10451F46093680F36
:10F6C0007093690F80936A0F90936B0F0C94A4F161
:10F6D000FCE7CF16F2E1DF06E104F10451F4609398
:10F6E0006C0F70936D0F80936E0F90936F0F0C944F
:10F6F000A4F12EE7C21622E1D206E104F10451F48E
:10F700006093700F7093710F8093720F9093730FCB
:10F710000C94A4F1AEE1CA16A0E1DA06E104F1040A
:10F7200051F469837A838B839C83CE0101960E9476
:10F7300000B40C94A4F117FF06C020E030E040E8CC
:10F7400057E40F94213C20E030E048EC52E40F9461
:10F750001C3D4B015C01B2E4CB16B2E1DB06E104D7
:10F76000F10491F420E030E040E251E40F94A4353C
:10F770006093540F7093550F8093560F9093570FCB
:10F780000E945BA80C94A4F1E6E4CE16E2E1DE064A
:10F79000E104F10491F420E030E040E251E40F9400
:10F7A000A4356093580F7093590F80935A0F90931C
:10F7B0005B0F0E945BA80C94A4F1FAE4CF16F2E16F
:10F7C000DF06E104F10491F420E030E040E251E48E
:10F7D0000F94A43560935C0F70935D0F80935E0F60
:10F7E00090935F0F0E945BA80C94A4F12EE4C216C4
:10F7F00022E1D206E104F104F1F420E030E040E23D
:10F8000051E40F94A4356B017C01C092600FD0923B
:10F81000610FE092620FF092630F0E945BA8C092AA
:10F82000600FD092610FE092620FF092630F0E941E
:10F830005BA80C94A4F186E3C81682E1D806E10423
:10F84000F10451F48092271590922815A092291561
:10F85000B0922A150C94A4F1AAE3CA16A2E1DA0622
:10F86000E104F10451F480922B1590922C15A09292
:10F870002D15B0922E150C94A4F1B6E2CB16B0E182
:10F88000DB06E104F10451F480922F1590923015BB
:10F89000A0923115B09232150C94A4F1E0E7CE1687
:10F8A000E2E1DE06E104F10451F48092BE09909297
:10F8B000BF09A092C009B092C1090C94A4F1F2E76B
:10F8C000CF16F2E1DF06E104F10451F48092C2099F
:10F8D0009092C309A092C409B092C5090C94A4F1F6
:10F8E00024E7C21622E1D206E104F10451F4809229
:10F8F000C6099092C709A092C809B092C9090C9490
:10F90000A4F186E7C81682E1D806E104F10451F4B7
:10F910008092CA099092CB09A092CC09B092CD09ED
:10F920000C94A4F1A8E1CA16A0E1DA06E104F104FE
:10F9300069F48091CE09882321F01092CE090C94AD
:10F94000A4F181E08093CE090C94A4F1BAE1CB1626
:10F95000B0E1DB06E104F10489F480919D0E882377
:10F9600031F010929D0E0E9418280C94A4F181E0B1
:10F9700080939D0E0E9418280C94A4F1E6E5CE1603
:10F98000E2E1DE06E104F104E1F52CEA35EC47E2C0
:10F990005EE3609123157091241580912515909157
:10F9A00026150F94A4356FA378A789A79AA72CEAE8
:10F9B00035EC47E25EE360911F1570912015809150
:10F9C0002115909122150F941C3D6C8F7D8F8E8F89
:10F9D0009F8F20E030E040E251E4C501B4010F9474
:10F9E000A43569837A838B839C83AE01495D5F4F25
:10F9F000BE01645E7F4FCE0101960F94AC270C943C
:10FA0000A4F1FAE5CF16F2E1DF06E104F104B1F565
:10FA10002CEA35EC47E25EE36091231570912415E2
:10FA200080912515909126150F94A4356FA378A782
:10FA300089A79AA720E030E040E251E4C501B40173
:10FA40000F94A4356C8F7D8F8E8F9F8F80911B15A7
:10FA500090911C15A0911D15B0911E1589839A8354
:10FA6000AB83BC83AE01495D5F4FBE01645E7F4FD7
:10FA7000CE0101960F94AC270C94A4F12EE5C2168A
:10FA800022E1D206E104F104B1F520E030E040E2E9
:10FA900051E4C501B4010F94A4356FA378A789A7D9
:10FAA0009AA72CEA35EC47E25EE360911F1570914E
:10FAB000201580912115909122150F941C3D6C8F7B
:10FAC0007D8F8E8F9F8F80911B1590911C15A0911B
:10FAD0001D15B0911E1589839A83AB83BC83AE013B
:10FAE000495D5F4FBE01645E7F4FCE0101960F946A
:10FAF000AC270C94A4F182E6C81682E1D806E10492
:10FB0000F104E1F52CEA35EC47E25EE36091F7148D
:10FB10007091F8148091F9149091FA140F94A4350F
:10FB20006FA378A789A79AA72CEA35EC47E25EE392
:10FB30006091F3147091F4148091F5149091F6147F
:10FB40000F941C3D6C8F7D8F8E8F9F8F20E030E057
:10FB500040E251E4C501B4010F94A43569837A836E
:10FB60008B839C83AE01495D5F4FBE01645E7F4F16
:10FB7000CE0101960F94E9270C94A4F1A6E6CA16CB
:10FB8000A2E1DA06E104F104B1F52CEA35EC47E232
:10FB90005EE36091F7147091F8148091F9149091DC
:10FBA000FA140F94A4356FA378A789A79AA720E029
:10FBB00030E040E251E4C501B4010F94A4356C8FEC
:10FBC0007D8F8E8F9F8F8091EF149091F014A09174
:10FBD000F114B091F21489839A83AB83BC83AE0194
:10FBE000495D5F4FBE01645E7F4FCE0101960F9469
:10FBF000E9270C94A4F1BAE6CB16B2E1DB06E104E6
:10FC0000F10411F00C94A4F120E030E040E251E462
:10FC1000C501B4010F94A4356FA378A789A79AA74B
:10FC20002CEA35EC47E25EE36091F3147091F41432
:10FC30008091F5149091F6140F941C3D6C8F7D8F7C
:10FC40008E8F9F8F8091EF149091F014A091F114FA
:10FC5000B091F21489839A83AB83BC83AE01495D72
:10FC60005F4FBE01645E7F4FCE0101960F94E9277E
:10FC70000C94A4F180915E1690915F16009711F498
:10FC80000C94A4F18130910509F0CCC08091C10E93
:10FC9000882309F4C1C083E090E09093AF1680936D
:10FCA000AE1685E08093A21682E88093A51685E4BF
:10FCB00090E1A0E0B0E08093A6169093A716A093E1
:10FCC000A816B093A91682E596E10E94302E0E94F4
:10FCD0006C29882309F453C010E000E0E12C84E093
:10FCE000B82E95E0D92E22E8C22EF12CE02FE1703B
:10FCF000AE2E9E2C9F0C8B2D8F19A11001C08F2D25
:10FD0000F801D89EE00DF11D1124EE0FFF1FEE0F3C
:10FD1000FF1FE552F14F20E030E04AE754E46081F4
:10FD20007181828193810F94A4350F948E3D7093DD
:10FD3000AF166093AE16D092A216C092A516892D6A
:10FD400090E08058974F880F991F092E000CAA0B3E
:10FD5000BB0B8093A6169093A716A093A816B093FA
:10FD6000A91682E596E10E94302EF394F5E0FF1289
:10FD7000C0CFEF0E0F5F1F4F29E1E212B6CF8AE02E
:10FD800090E09093AF168093AE1685E08093A21614
:10FD900082E88093A51680E092E1A0E0B0E0809335
:10FDA000A6169093A716A093A816B093A91682E55D
:10FDB00096E10E94302E0E9495B5811130C08FEAE5
:10FDC00095E39093100A80930F0A82E080933F0F8F
:10FDD00081E09AE59093AF168093AE1680E490E0B0
:10FDE0009093B1168093B01687E08093A21682E8B4
:10FDF0008093A51684E890E0A0E0B0E08093A6167A
:10FE00009093A716A093A816B093A91682E596E141
:10FE10000E94302E0C94A4F182E090E03ECF83EA61
:10FE200095E3CFCF8230910509F0EFC080E090E0FC
:10FE3000A0E2B1E48093230A9093240AA093250AB8
:10FE4000B093260A8093270A9093280AA093290A40
:10FE5000B0932A0A84E690E09093AF168093AE1692
:10FE600005E00093A21612E81093A51684E590E130
:10FE7000A0E0B0E08093A6169093A716A093A816D2
:10FE8000B093A91682E596E10E94302E20E030E082
:10FE900040E251E46091270A7091280A8091290A72
:10FEA00090912A0A0F94A4350F948E3D7093AF164B
:10FEB0006093AE160093A2161093A51688E590E104
:10FEC000A0E0B0E08093A6169093A716A093A81682
:10FED000B093A91682E596E10E94302E6091FF143E
:10FEE0007091001580910115909102150F948E3D2F
:10FEF0007093AF166093AE160093A2161093A516DA
:10FF000086E390E1A0E0B0E08093A6169093A71658
:10FF1000A093A816B093A91682E596E10E94302E10
:10FF200080910315909104159093AF168093AE16AF
:10FF30000093A2161093A51684E390E1A0E0B0E030
:10FF40008093A6169093A716A093A816B093A9160F
:10FF500082E596E10E94302E1092AF161092AE16F6
:10FF60000093A2161093A51680E590E1A0E0B0E002
:10FF70008093A6169093A716A093A816B093A916DF
:10FF800082E596E10E94302E1092AF161092AE16C6
:10FF90000093A2161093A5168EE490E1A0E0B0E0C5
:10FFA0008093A6169093A716A093A816B093A916AF
:10FFB00082E596E10E94302E62E070E080E090E001
:10FFC0000E9414B581E09AE59093AF168093AE1627
:10FFD00081E490E09093B1168093B01687E080930F
:10FFE000A2161093A51684E890E0A0E0B0E08093FC
:10FFF000A6169093A716A093A816B093A91682E50B
:020000022000DC
:1000000096E10E94302E0C94A4F18330910521F5E5
:1000100081E09AE59093AF168093AE1687E490E066
:100020009093B1168093B01687E08093A21682E871
:100030008093A51684E890E0A0E0B0E08093A61637
:100040009093A716A093A816B093A91682E596E1FF
:100050000E94302E0C94A4F18430910511F40C947C
:10006000A4F18530910561F42EE730E140E050E0E5
:100070006EE274E082E596E10F94BB0D0C94A4F15E
:10008000069711F00C94A4F18FE995E39093100A70
:1000900080930F0A8BE090E09093AF168093AE169A
:1000A00085E08093A21682E88093A51680E092E115
:1000B000A0E0B0E08093A6169093A716A093A81690
:1000C000B093A91682E596E10E94302E0C94A4F11B
:1000D00060915E1670915F1685E995E30E94D6B532
:1000E00080915E1690915F16019711F581E09AE577
:1000F0009093AF168093AE168FE390E09093B11675
:100100008093B01687E08093A21682E88093A516AC
:1001100084E890E0A0E0B0E08093A6169093A71644
:10012000A093A816B093A91682E596E10E94302EFE
:1001300080915E1690915F16029711F00C94A4F1D5
:1001400081E09AE59093AF168093AE1680E490E03C
:100150009093B1168093B01687E08093A21682E840
:100160008093A51684E890E0A0E0B0E08093A61606
:100170009093A716A093A816B093A91682E596E1CE
:100180000E94302E0C94A4F18091C60E80FF02C014
:1001900081FD36C083E795E39093100A80930F0AA0
:1001A00020E030E0A90160912F1570913015809109
:1001B0003115909132150F94223C20E030E048EC4C
:1001C00052E40F94A4350F948E3D7093AF16609354
:1001D000AE1685E08093A21682E88093A51686E28B
:1001E00090E1A0E0B0E08093A6169093A716A093AC
:1001F000A816B093A91682E596E10E94302E96C00B
:1002000082E695E3C9CF20E030E0A90160912F1587
:100210007091301580913115909132150F94223CD8
:100220002DEC3CEC4CEC5DE30F94223C6B017C012B
:1002300020E030E040E151EC0F94823E87FD76C033
:1002400020E030E040E151E4C701B6010F943E35B3
:1002500018160CF46BC020E030E040E251E46091ED
:100260005C0F70915D0F80915E0F90915F0F0F9406
:100270001C3D0F948E3DCB010F94141320E030E011
:10028000A90160912F1570913015809131159091D1
:1002900032150F94223C20E030E048EC52E40F94F9
:1002A000A4350F948E3D7093AF166093AE1685E023
:1002B0008093A21682E88093A51686E290E1A0E0E2
:1002C000B0E08093A6169093A716A093A816B093BB
:1002D000A91682E596E10E94302E20E030E0A901C7
:1002E00060912F15709130158091311590913215D4
:1002F0000F94223C8E01045E1F4F23E041E00F94D7
:100300000B309F938F9384E595E39F938F930B51CD
:1003100011091F930F930F94D534C8010E94A7B6FB
:100320000F900F900F900F900F900F908AE090E039
:100330009093AF168093AE1685E08093A21682E864
:100340008093A51680E092E1A0E0B0E08093A6162D
:100350009093A716A093A816B093A91682E596E1EC
:100360000E94302E0C94A4F120E030E0A9016091AD
:100370002F157091301580913115909132150F9491
:10038000223C2DEC3CEC4CEC5DE30F94213C6B01EA
:100390007C0120E030E040E151EC0F94823E87FD8B
:1003A000C5CF20E030E040E151E4C701B6010F9431
:1003B0003E3518160CF4BACF20E030E040E251E4AC
:1003C00060915C0F70915D0F80915E0F90915F0F57
:1003D0000F941C3D90580F948E3DCB010F94141335
:1003E00020E030E0A90160912F15709130158091C7
:1003F0003115909132150F94223C20E030E048EC0A
:1004000052E40F94A4350F948E3D7093AF16609311
:10041000AE1685E08093A21682E88093A51686E248
:1004200090E1A0E0B0E08093A6169093A716A09369
:10043000A816B093A91682E596E10E94302E20E01E
:1004400030E0A90160912F15709130158091311520
:10045000909132150F94223C8E01045E1F4F23E0D1
:1004600041E00F940B309F938F9386E495E34DCF3B
:1004700080E00E943C350E9495B5811120C084E344
:1004800095E39093100A80930F0A82E080933F0FC8
:1004900081E09AE59093AF168093AE1684E590E0E4
:1004A0009093B1168093B01687E08093A21682E8ED
:1004B0008093A51684E890E0A0E0B0E094CE86E2B8
:1004C00095E3DFCF83E080933F0F83E090E090934C
:1004D000AF168093AE1685E08093A21682E88093D3
:1004E000A5168DE890E1A0E0B0E08093A616909369
:1004F000A716A093A816B093A91682E596E10E94CC
:10050000302EC12C71E1D72EE12CF12C05E012E840
:100510001092AF161092AE160093A2161093A51665
:10052000C092A616D092A716E092A816F092A9162D
:1005300082E596E10E94302E82E0C80ED11CE11CBB
:10054000F11CA2E3CA16A1E1DA06E104F10401F705
:1005500081E09AE59093AF168093AE1680E490E028
:100560009093B1168093B01687E08093A2161093F3
:10057000A51684E890E0A0E0B0E08093A6169093E2
:10058000A716A093A816B093A91682E596E10E943B
:10059000302E88EC94E39093100A80930F0AC6CE15
:1005A00080E090E0A0E8B0E489839A83AB83BC83C9
:1005B00062E0CE0101960E94F6ECC12CD12C66E1DE
:1005C000E62E63E4F62EC982DA82EB82FC8260E0DA
:1005D000CE0101960E94F6ECC982DA82EB82FC829F
:1005E00061E0CE0101960E94F6EC86E080933F0F19
:1005F0009DCE80E090E0A0E8B0E489839A83AB834D
:10060000BC8362E0CE0101960E94F6ECC12CD12C95
:1006100050EBE52E51E4F52ED6CF80E090E0A0E837
:10062000B0E489839A83AB83BC8362E0CE010196F8
:100630000E94F6EC80E090E0ABE8B3E489839A8313
:10064000AB83BC8360E0CE0101960E94F6EC80E0B3
:1006500090E0A0EBB1E489839A83AB83BC83C0CFE5
:1006600080E090E0A0E8B0E489839A83AB83BC8308
:1006700062E0CE0101960E94F6ECC12CD12C4BE831
:10068000E42E43E4F42E9FCF80E090E0A0E8B0E4B5
:1006900089839A83AB83BC8362E0CE0101960E947A
:1006A000F6EC80E090E0A0EBB1E489839A83AB8321
:1006B000BC8360E0CE0101960E94F6EC80E090E001
:1006C000ABE8B3E4C8CF8091C10E811120C083E0B4
:1006D00090E09093AF168093AE1685E08093A216BB
:1006E00082E88093A51685E490E1A0E0B0E08093D5
:1006F000A6169093A716A093A816B093A91682E504
:1007000096E10E94302E81E00E943C3549CD82E086
:1007100090E09093AF168093AE1685E08093A2167A
:1007200082E88093A51685E490E1A0E0B0E0809394
:10073000A6169093A716A093A816B093A91682E5C3
:1007400096E10E94302E80E0DFCF80EC94E390931E
:10075000100A80930F0A84E695E00E94A7B6E6CDC2
:100760008AEB94E39093100A80930F0A8CE795E04C
:10077000F4CF84EB94E39093100A80930F0A8EE8F1
:1007800095E0EBCF84E994E39093100A80930F0AED
:1007900088EA95E0E2CF85E794E39093100A80938E
:1007A0000F0A89EB95E0D9CF10921E0A10921D0A0C
:1007B00010921B0A0E94AFBDB9CD8FEF90E09093CD
:1007C0001E0A80931D0A81E080931B0AF3CF8AE002
:1007D0008093200AEFCF84E6FBCF80911A0A88230A
:1007E00019F010921A0AE6CF81E080931A0AE2CF3C
:1007F00080911C0A8A3019F410921C0ADBCF8AE01F
:1008000080931C0AD7CF84E694E3C5CE85E494E3B5
:10081000C2CE8FE194E3BFCE83E194E3BCCE87EFF9
:1008200093E30E94F5B582CD84E080933F0F8091E1
:10083000561690915716A0915816B091591660917E
:100840005E1670915F168834E0E19E07A105B10540
:1008500009F448C08A34F0E19F07A105B10509F405
:1008600050C08C3420E19207A105B10509F491C074
:10087000C12CD12C76014601570186349041A10547
:10088000B105E9F56330710549F586EE93E3909380
:10089000100A80930F0A81E08093160A1092150ABD
:1008A0008AE090E09093AF168093AE1685E0809337
:1008B000A21682E88093A51680E092E1A0E0B0E065
:1008C0008093A6169093A716A093A816B093A91686
:1008D00082E596E10E94302E0C94A4F110923F0F15
:1008E0000C94A4F1C12C20E8D22E2DE9E22E23E4B1
:1008F000F22E812C912C30E7A32E31ECB32E10E098
:100900000DC0C12CD12C8BE9E82E83E4F82E812C6C
:10091000912C90E2A92E91ECB92E11E090E080E0AC
:100920000F94433520E030E040E251E40F941C3D49
:100930002B013C01A50194010F943E3587FF34C083
:1009400089829A82AB82BC82612FCE0101960E947D
:10095000F6EC10923F0F8AE090E09093AF168093F0
:10096000AE1685E08093A21682E88093A51680E0FB
:1009700092E1A0E0B0E08093A6169093A716A09312
:10098000A816B093A91682E596E10E94302E0C9429
:10099000A4F1C12CD12C08ECE02E03E4F02E812C24
:1009A000912C540112E0BACFA7019601C301B20104
:1009B0000F94823E18162CF049825A826B827C82F8
:1009C000C3CFC982DA82EB82FC82BECF80915616F9
:1009D00090915716A0915816B09159168635F0E1AE
:1009E0009F07A105B10509F018C200915E1610918C
:1009F0005F1620E030E04AE253E46091FF1470910A
:100A0000001580910115909102150F943E3587FFD6
:100A100004C00530110508F488C00430110509F43C
:100A200004C108F05EC00230110509F4D6C008F018
:100A3000F3C00130110509F4BDC020E030E040E210
:100A400051E46091230A7091240A8091250A9091C3
:100A5000260A0F94A4350F948E3D7093AF166093C1
:100A6000AE1605E00093A21612E81093A51684E5D1
:100A700090E1A0E0B0E08093A6169093A716A09313
:100A8000A816B093A91682E596E10E94302E20E0C8
:100A900030E040E251E46091270A7091280A809189
:100AA000290A90912A0A0F94A4350F948E3D7093D1
:100AB000AF166093AE160093A2161093A51688E5A4
:100AC00090E1A0E0B0E08093A6169093A716A093C3
:100AD000A816B093A91682E596E10E94302E0C94D8
:100AE000A4F10630110571F008F4B0C0013F110502
:100AF00009F0A3CF10922B0A61E070E080E090E053
:100B00000E9414B581E09AE59093AF168093AE16DB
:100B100081E490E09093B1168093B01687E08093C3
:100B2000A21682E88093A51667C18AEA90E09093A6
:100B3000AF168093AE1685E08093A21612E810934C
:100B4000A51680E290E1A0E0B0E08093A616909315
:100B5000A716A093A816B093A91682E596E10E9465
:100B6000302E65E070E080E090E00E9414B581E0F6
:100B70009AE59093AF168093AE1682E490E090933E
:100B8000B1168093B01687E08093A2161093A51635
:100B900084E890E0A0E0B0E08093A6169093A716BA
:100BA000A093A816B093A91682E596E10E94302E74
:100BB0000C94A4F12091230A3091240A4091250A33
:100BC0005091260A609164027091650280916602DC
:100BD000909167020F94213C12C0209164023091E1
:100BE000650240916602509167026091230A7091FC
:100BF000240A8091250A9091260A0F94223C609342
:100C000064027093650280936602909367028FE599
:100C100093E00E94B0AE11CF2091270A3091280AAC
:100C20004091290A50912A0ACDCF20916402309137
:100C3000650240916602509167026091270A7091A7
:100C4000280A8091290A90912A0AD7CF81E08093BF
:100C50002B0A80E090E0AEE3B3E489839A83AB8310
:100C6000BC8360E0CE0101960E9456B420E030E0E3
:100C700048EC52E46091FF147091001580910115C9
:100C8000909102150F94A4356B017C0160910315BE
:100C900070910415072E000C880B990B0F944535A5
:100CA0009B01AC01C701B6010F941C3D0F94953D0B
:100CB0006536710510F064E670E07093AF166093CE
:100CC000AE1605E00093A21612E81093A51684E272
:100CD00090E1A0E0B0E08093A6169093A716A093B1
:100CE000A816B093A91682E596E10E94302E609175
:100CF000FF147091001580910115909102150F94C9
:100D00008E3D7093AF166093AE160093A2161093AB
:100D1000A51686E390E1A0E0B0E08093A61690933C
:100D2000A716A093A816B093A91682E596E10E9493
:100D3000302E80910315909104159093AF168093F7
:100D4000AE160093A2161093A51684E390E1A0E0DE
:100D5000B0E08093A6169093A716A093A816B09320
:100D6000A91682E596E10E94302E1092AF161092DD
:100D7000AE160093A2161093A51680E590E1A0E0B0
:100D8000B0E08093A6169093A716A093A816B093F0
:100D9000A91682E596E10E94302E1092AF161092AD
:100DA000AE160093A2161093A5168EE490E1A0E073
:100DB000B0E08093A6169093A716A093A816B093C0
:100DC000A91682E596E10E94302E65E070E080E091
:100DD00090E00E9414B581E09AE59093AF1680935D
:100DE000AE1684E490E09093B1168093B01687E03D
:100DF0008093A2161093A51684E890E0A0E0B0E0DE
:100E00008093A6169093A716A093A816B093A91640
:100E100082E596E10E94302E10CE843520E19207C3
:100E2000A105B105C1F460915E1670915F1690E066
:100E300080E00F94433520E030E040E251E40F942D
:100E40001C3D6093230A7093240A8093250A909393
:100E5000260A0C94A4F188359041A105B10511F042
:100E60000C94A4F160915E1670915F1690E080E0A2
:100E70000F94433520E030E040E251E40F941C3DF4
:100E80006093270A7093280A8093290A90932A0A6C
:100E90000C94A4F184EB93E30E94EA358FEA93E388
:100EA0009093100A80930F0A0C94A4F181E09AE5C4
:100EB0009093AF168093AE168EE590E09093B116A6
:100EC0008093B01687E08093A21682E88093A516DF
:100ED00084E890E0A0E0B0E08093A6169093A71677
:100EE000A093A816B093A91682E596E10E94302E31
:100EF0000C94A4F188EC95E00E94A7B621E048E0AC
:100F000060E080916A0290916B020E9497D60C94E7
:100F1000A4F183EA93E30E94EA3589E993E390938D
:100F2000100A80930F0A0C94A4F18BE893E30E94BB
:100F3000EA358BE793E39093100A80930F0A0C94A1
:100F4000A4F18BED95E00E94A7B621E044E06FEF9D
:100F500080916802909169020E9497D60C94A4F146
:100F60008CE693E30E94EA3587E693E39093100AB8
:100F700080930F0A0C94A4F188E593E30E94EA356C
:100F80000C94A4F18AE493E30E94EA3580915E1602
:100F900090915F168130910519F582E393E30E94E9
:100FA000EA35809170028650823020F01092E70D71
:100FB0000C94A4F18091E50D882329F08091CE094D
:100FC00081110C949DFC82E08093E60D1092E70D58
:100FD00083E080932F0A81E08093140A0C94A4F19B
:100FE000892B11F00C94A4F18CE193E30E94EA3573
:100FF000809170028650823010F00C94A4F181E050
:101000008093E60D1092E70D0C94A4F180915E168A
:1010100090915F168130910541F486E193E39093BE
:10102000100A80930F0A0C94A4F1029711F00C940B
:10103000A4F18FE093E39093100A80930F0A0C942D
:10104000A4F1C901019697FD4F9615E095958795F6
:101050001A95E1F701979093AF168093AE1605E0CD
:101060000093A21612E81093A5168AE890E1A0E07A
:10107000B0E08093A6169093A716A093A816B093FD
:10108000A91682E596E10E94302E88E090E00C944B
:101090006BF38DEF92E30E94EA350E9440B44091D9
:1010A000561650915716609158167091591688230C
:1010B00031F0433DF0E25F0761057105F1F1423D1A
:1010C00050426105710511F00C94A4F180915E16F7
:1010D00090915F16019709F4D6C180915E169091A8
:1010E0005F168230910509F057C283ED92E30E94AA
:1010F000EA350091320A1091330A0C5F1F4F0E94AB
:101100009DB521E030E04091110A411102C030E06C
:1011100020E0280F391F0217130710F00C94A4F1D8
:101120008091320A9091330A04969093330A809307
:10113000320A0E9471BF0C94A4F183EF92E30E94E3
:10114000EA3580915E162FEF280F2093310A4091E7
:10115000120A5091130A452BE9F51091110A112337
:10116000C9F14091320A5091330A240F352F311DB5
:10117000232B69F50E9477F08FEF9FEF90938315F3
:101180008093821511501093110A1092130A109235
:10119000120A111112C01092CF090E94B2B58BEE43
:1011A00092E30E94EA3590E080E00E9471BF1092C5
:1011B000330A1092320A0C94B1F16FE270E08FECB6
:1011C00099E00F94703FDC0111961C92E8CF825099
:1011D0008093310A71E2C72E72E1D72EE12CF12CF7
:1011E000E3E14E2EE0E65E2E612C712CAA24AA9437
:1011F000BA2CA5E08A2EB2E89B2E0AE010E0B0924D
:10120000AF16A092AE168092A2169092A5164092AA
:10121000A6165092A7166092A8167092A91682E59B
:1012200096E10E94302E1093AF160093AE16809276
:10123000A2169092A516C092A616D092A716E0927A
:10124000A816F092A91682E596E10E94302EB0E130
:101250004B0E511C611C711CEFEFCE1ADE0AEE0A18
:10126000FE0AF5E2CF16F2E1DF06E104F10439F6F9
:1012700064EDC62E60E2D62EE12CF12C05E012E8DA
:101280001092AF161092AE160093A2161093A516E8
:10129000C092A616D092A716E092A816F092A916B0
:1012A00082E596E10E94302E2FEFC21AD20AE20A9E
:1012B000F20A8EEDC81680E2D806E104F10401F7C7
:1012C0002091310A8091320A9091330A820F911D48
:1012D0000F94C31020912C178091320A9091330AF9
:1012E0006091310A680F792F711D25FF71C083EE5F
:1012F00092E30E94F5B52091310A8091320A9091D3
:10130000330A820F911D0F94C3108091110A84300B
:1013100008F049CF65E774E18FEC99E00F94653FE1
:101320006BEE75E08FEC99E00F94653F19821C829B
:1013300080916A1767E677E1811102C06CE477E17A
:1013400021E045E754E1CE0101960E94B191882346
:10135000B1F18BE1FE013196A7E6B7E101900D9264
:101360008A95E1F780912C178F7B80932C17A091A1
:101370002117AA3080F481E08A0F809321178BE136
:101380008A9FD0011124AE57B84EE7E6F7E10190ED
:101390000D928A95E1F7CE0101960E9440288FEFC9
:1013A0009FEF90938315809382158091110A8F5F30
:1013B0008093110A1092130A1092120AF4CE0E941E
:1013C000F73165E774E18AE392E30E94ACEFE3CF83
:1013D0008AED92E30E94F5B52091310A8091320A9C
:1013E0009091330A820F911D0F94C31024ED30E2C7
:1013F00040E050E065E774E182E596E10F94BB0DB3
:1014000080915E1690915F1654E0880F991F5A954F
:10141000E1F78D5F9F49B0E0A0E020EF37E830931F
:10142000AF162093AE160093A2161093A5168093C4
:10143000A6169093A716A093A816B093A91682E5B6
:1014400096E10E94302E80915E1690915F16805E2C
:101450009D4EB0E0A0E026E030E03093AF16209340
:10146000AE160093A2161093A5168093A61690931D
:10147000A716A093A816B093A91682E596E10E943C
:10148000302E0C94A4F10E9440B4882309F425CE98
:101490002091310A8091320A9091330A820F911D76
:1014A0000F94C31085E794E10E94C989C12C40E2E2
:1014B000D42EE12CF12C05E012E81092AF16109218
:1014C000AE160093A2161093A516C092A616D0923F
:1014D000A716E092A816F092A91682E596E10E945E
:1014E000302EAFEFCA1ADA0AEA0AFA0ABAE0CB16C5
:1014F000B0E2DB06E104F10401F72091310A8091AA
:10150000320A9091330A820F911D0F94C31020E08C
:1015100030E240E050E065E774E182E596E10F9447
:10152000BB0D62E070E080E090E00E9414B562E0E4
:1015300070E080E090E00E9414B581E09AE590931D
:10154000AF168093AE1685E390E09093B11680932A
:10155000B01687E08093A2161093A51684E890E059
:10156000A0E0B0E08093A6169093A716A093A816CB
:10157000B093A91682E596E10E94302E81E0809317
:101580002E0A83E080932F0A1092330A1092320AB7
:101590001092310A0C94A4F183309105B1F48EECD1
:1015A00092E30E94EA358091320A9091330A8430A6
:1015B000910510F40C94A4F104979093330A80934E
:1015C000320A0E9471BF0C94A4F1049711F00C949C
:1015D000A4F186EC92E30E94EA358EEB92E39093BD
:1015E000100A80930F0A0C94A4F12536310558F0A7
:1015F0008FEF90E090931E0A80931D0A81E0809304
:101600001B0A0C94C4F3AFEFB0E00F94D63B24E672
:1016100030E040E050E00F94A43B30931E0A20934A
:101620001D0AECCF8BEF95E00E94E9C760915E1632
:1016300070915F1686EA92E30E94F5B580915E167E
:1016400090915F168A30910568F48AE08093200AB1
:101650006091200A8EE892E30E94763B0E94AFBD23
:101660000C94A4F18536910588F384E6EFCF8DE0E4
:1016700096E00E94E9C780915E1690915F168A30CD
:10168000910528F48AE080931F0A0C94C4F38536F0
:101690009105C8F384E6F7CF8536910510F40C94D4
:1016A000E0F384E690E00C94E0F3C0905616D090FE
:1016B0005716E0905816F0905916E1E1DE1AE1084D
:1016C000F108F694E794D794C7948C2D65E00F94B5
:1016D000E53B182F8BEF189F802D1124082F0C0D40
:1016E00010FF04C0E4E0EC190E2F081B6C2D83E8FA
:1016F00092E30E94763B602F8DE792E30E94763B57
:10170000612F87E792E30E94763B20915E1630912D
:101710005F16B90190E080E037FF74C00F94433545
:1017200020E030E040E857E40F94213C20E030E036
:101730004AE754E40F941C3D6B017C01BC01A601F7
:101740008EE692E30E94473320E030E040EA50EC1E
:10175000C701B6010F943E3587FD57C020E030E049
:1017600040EA50E4C701B6010F94823E181634F4E3
:10177000C12CD12C20EAE22E20E4F22EB701A601E2
:101780008BE592E30E944733053090F4153080F4E6
:1017900025E0029FF0011124E10FF11DEE0FFF1F64
:1017A000EE0FFF1FE552F14FC082D182E282F38239
:1017B0008090561690905716A0905816B0905916D3
:1017C00020E030E04AE754E4C701B6010F94A435A5
:1017D0000F948E3D7093AF166093AE1685E08093A4
:1017E000A21682E88093A5168092A6169092A7165C
:1017F000A092A816B092A91682E596E10E94302E1A
:101800000C94A4F10F94433591CFC12CD12C90EAC4
:10181000E92E90ECF92EB2CF0FEF1FEF0C9425F1CB
:1018200008E010E00C9425F103E010E00C9425F1A1
:101830000FE010E00C9425F18E34E0E19E07A10545
:10184000B10511F40C9452F18C39F0E19F07A10518
:10185000B10511F40C9452F1863220E19207A105F2
:10186000B10511F00C9454F106E010E00C9480F1F5
:101870008A34E2E19E07A105B10511F40C9452F1FE
:10188000D0F4823422E19207A105B10511F40C9441
:1018900052F18634E2E19E07A105B10511F40C94E2
:1018A00052F18A33F2E19F07A105B10511F00C94C2
:1018B00054F10C9452F1823522E19207A105B10551
:1018C00011F40C9452F150F48E34F2E19F07A1050B
:1018D000B10511F00C9454F10C9452F1843522E1CD
:1018E0009207A105B10511F40C9452F18635E2E19D
:1018F0009E07A105B10511F00C9454F10C9452F11E
:101900008837F2E19F07A105B10511F40C9452F15B
:1019100008F048C08A36E2E19E07A105B10511F43E
:101920000C9452F1D0F4823622E19207A105B10560
:1019300011F40C9452F18636E2E19E07A105B1053F
:1019400011F40C9452F18E35F2E19F07A105B10517
:1019500011F00C9454F10C9452F1823722E1920769
:10196000A105B10511F40C9452F150F48037F2E165
:101970009F07A105B10511F00C9454F10C9452F19C
:10198000843722E19207A105B10511F40C9452F1BC
:101990008637E2E19E07A105B10511F00C9454F1E0
:1019A0000C9452F18038F2E19F07A105B10511F4C2
:1019B0000C9452F1D0F48C37E2E19E07A105B105F9
:1019C00011F40C9452F18E37F2E19F07A105B10595
:1019D00011F40C9452F18A3722E19207A105B10566
:1019E00011F00C9454F10C9452F18438E2E19E070A
:1019F000A105B10511F40C9452F150F4823822E1A2
:101A00009207A105B10511F00C9454F10C9452F118
:101A10008638E2E19E07A105B10511F40C9452F15C
:101A20008115F3E19F07A105B10511F00C9454F164
:101A30000C9452F10F931F93CF93DF93CDB7DEB782
:101A4000EB970FB6F894DEBF0FBECDBF87E697E1E8
:101A50000E94AC918BE1E7E6F7E1DE0191960190FF
:101A60000D928A95E1F710E000E0BE016F5F7F4FB5
:101A7000CE0181960F94131018163CF4CE010196F6
:101A80000E94278A080F111DF0CFCE0181960E9477
:101A90004028C801EB960FB6F894DEBF0FBECDBF4D
:101AA000DF91CF911F910F9108950F931F93CF93C3
:101AB000DF93CDB7DEB7EB970FB6F894DEBF0FBE5E
:101AC000CDBF8C0187E697E10E94AC918BE1E7E600
:101AD000F7E1DE01919601900D928A95E1F7BE0142
:101AE0006F5F7F4FCE0181960F9413101816A4F4E8
:101AF000CE0101960E94278A882389F3BE016F5F79
:101B00007F4F85E794E10E94448A65E774E1C8014C
:101B10000F94523F892B19F7CE0181960E944028DD
:101B2000EB960FB6F894DEBF0FBECDBFDF91CF911D
:101B30001F910F910895FC01208180919D14909137
:101B40009E14922728E0AC01880F991F57FD07C00B
:101B50002150C9F790939E1480939D140895F1E24B
:101B60008F27F0E19F27F4CF00C0000082E090E0D3
:101B70000197F0F70895CF92DF92EF92FF920F93C3
:101B80001F93CF93DF93FB0101900020E9F731977A
:101B9000AF01461B570BE9F14932510514F048E2F9
:101BA00050E08C0100561F4FEAE5D801EC93FC0190
:101BB000EF55FF4FA5EAA0833196A3E0A40FA083C1
:101BC0003196A2E8A08331963083319620833196F6
:101BD000DB018D918193CD01861B970B84179507AF
:101BE000C4F36801F12CE12CEA012596CE15DF053E
:101BF0005CF0F60181916F010E94DF2D0F94B40D0E
:101C0000FFEFEF1AFF0AF2CF8EE2D8011D928A95FC
:101C1000E9F7DF91CF911F910F91FF90EF90DF9047
:101C2000CF9008958F929F92AF92BF92CF92DF9202
:101C3000EF92FF920F931F93CF93DF9300D01F92E9
:101C4000CDB7DEB7FC018381813091F080E00F9049
:101C50000F900F900F90DF91CF911F910F91FF90F8
:101C6000EF90DF90CF90BF90AF909F908F900895AE
:101C7000818181FFEBCF81899289A389B489892BE6
:101C80008A2B8B2B09F460C07F0140E050E0BA0141
:101C9000CF010E94B58D8823C9F2F701C18CD28C87
:101CA00085889688A788B08C82E090E0A0E0B0E0BC
:101CB000F60180839183A283B3839E012F5F3F4F00
:101CC000B501A401C6010E942E8B882309F4BECF62
:101CD00000E010E09801B501A401C6010E949C8AB1
:101CE000882309F4B3CF89809A80AB80BC80F60149
:101CF0008789803101F5F8EF8F16FFEF9F06A10469
:101D0000B104D8F2F701158A168A178A108E118A43
:101D1000128A138A148A818180688183C7010E9494
:101D2000808D882309F492CF40E050E0BA01C701CA
:101D30000E94B58D8CCF88EF88168FEF9806A80685
:101D40008FE0B806F8F6B9CF81E081CF2F923F92AD
:101D50004F925F926F927F928F929F92AF92BF92BB
:101D6000CF92DF92EF92FF920F931F93CF93DF9367
:101D700000D01F92CDB7DEB7382E7B012DB73EB70E
:101D80003C832B838091F418811107C01092D918DD
:101D90001092DC1881E08093F4188091D1188111A1
:101DA00007C01092B6181092B91881E08093D1182C
:101DB000DA018C918F3209F08DC08CE497E1F70144
:101DC000918380834F5F5F4F311010922117F7018D
:101DD0000190F081E02DFA83E9838A0129EDC22E7A
:101DE00028E1D22E3BE1232E01151105E9F14DB674
:101DF0005EB66FE270E0C8010F94703F4C010817A7
:101E0000190768F53C01601A710A7724C30101962D
:101E10002DB73EB7281B390B0FB6F8943EBF0FBE47
:101E20002DBF8DB79EB701965C01A301B8010F9439
:101E3000903FF501E60DF71D1082C6010E947691D4
:101E4000D7016D917C9121E0A501C6010E94B1915D
:101E5000811146C0C5010E9468BF10E000E00FB6C6
:101E6000F8945EBE0FBE4DBE3320A9F0D701ED91B0
:101E7000FC918BE1A7E6B7E101900D928A95E1F71D
:101E800091E080912117811190E080912C1790FBB7
:101E900086F980932C17C801EB81FC810FB6F8946A
:101EA000FEBF0FBEEDBF0F900F900F900F90DF9110
:101EB000CF911F910F91FF90EF90DF90CF90BF9047
:101EC000AF909F908F907F906F905F904F903F90DA
:101ED0002F90089587E697E1D7018D939C9377CF54
:101EE000F7018081918129813A812817390711F002
:101EF0000E947691D701CD92DC92332099F0A09187
:101F00002117AA3078F481E08A0F809321172A9E46
:101F1000D0011124AE57B84EF601822D01900D92DA
:101F20008A95E1F7B9EDCB16B8E1DB0669F496EBDB
:101F3000C92E98E1D92E84010F5F1F4F0FB6F89478
:101F40005EBE0FBE4DBE50CF89EDC82E88E1D82EA3
:101F5000F2CF8F929F92AF92BF92EF92FF921F9318
:101F6000CF93DF93CDB7DEB7A0970FB6F894DEBF5F
:101F70000FBECDBF611571058105910591F120E07E
:101F80004AE0842E912CA12CB12C11E0120FEE24EA
:101F9000E394F12CEC0EFD1EE20EF11C27FDFA94E9
:101FA000A50194010F94823BF7016083B901CA0136
:101FB000212F611571058105910539F7115018F12F
:101FC000E1E0F0E0EC0FFD1FE10FF11D17FDFA95C8
:101FD000908187E39A3008F480E3890F0E943030C3
:101FE000EDCF80E3A0960FB6F894DEBF0FBECDBF55
:101FF000DF91CF911F91FF90EF90BF90AF909F9096
:102000008F900C943030A0960FB6F894DEBF0FBEC0
:10201000CDBFDF91CF911F91FF90EF90BF90AF9018
:102020009F908F900895BF92CF92DF92EF92FF9290
:102030000F931F93CF93DF93EB01FC012381223099
:1020400008F49DC040855185628573854F71552781
:1020500066277727452B462B472B09F090C08C012C
:102060001092831410928214C12CDD24DA947E0124
:10207000FBE0EF0EF11C8DE0B82E40E250E0BE0117
:10208000C8010E94C98F8032910581F021E0892B1F
:1020900009F420E0822F8195DF91CF911F910F915C
:1020A000FF90EF90DF90CF90BF900895288122237A
:1020B00009F467C0253E11F02E3229F410928314E2
:1020C00010928214DACF3B853F733F3009F042C053
:1020D0004A8D5B8D452B61F52F713FEF320F32300A
:1020E00038F58D85213041F1C81229C02150330BBC
:1020F000B29EC001B39E900D1124DC01AE57BB4EC1
:10210000FE0120E02B30F0F0468157814F3F510512
:1021100019F010F04FE550E04D932F5F32962D30BF
:1021200089F7288126FF04C0FC01E157FB4E10828D
:102130002B8523FDA2CFB0CFC82ED12CD7CFDD2445
:10214000D394D4CF253018F044815581DFCF41811D
:102150005281DCCFD1100EC0FE0120E020FB27957C
:1021600027F93191230FEE16FF06C1F7C21601F3CE
:10217000DD24D3941092831410928214D9CF8FEF60
:102180008BCF80E089CFEF92FF920F931F93CF9375
:10219000DF93CDB7DEB7EB970FB6F894DEBF0FBE77
:1021A000CDBF8C017C012FEFE21AF20A80918215DB
:1021B000909183158F3F980731F480912C1784FFFD
:1021C00046C00F941A0D90938315809382158E1537
:1021D0009F0578F187E697E10E94AC918BE1E7E6F5
:1021E000F7E1DE01919601900D928A95E1F710E0FA
:1021F000BE016F5F7F4FCE0181960F9413101816AA
:102200007CF4CE0101960E94278A882389F301136A
:1022100021C0BE016F5F7F4F85E794E10E94448A31
:10222000CE0181960E94402881E090917514911111
:1022300001C080E0EB960FB6F894DEBF0FBECDBFB5
:10224000DF91CF911F910F91FF90EF90089590E053
:1022500080E0B9CF1F5FCCCF8F929F92AF92BF9299
:10226000CF92DF92EF92FF92CF93DF93909374140B
:10227000809373141092B61482E090E0A0E0B0E076
:1022800080939F149093A014A093A114B093A214D0
:102290001092721410926E1410926F1410927014A7
:1022A000109271148FEF9FEFDC0180936A1490936A
:1022B0006B14A0936C14B0936D14662309F470C072
:1022C00040E060E070E0CB010E945A8A81110DC0AD
:1022D000C0E08C2FDF91CF91FF90EF90DF90CF90F7
:1022E000BF90AF909F908F900895809128148F7722
:1022F00079F78091341490913514A0913614B091EF
:10230000371484369105A105B10510F3C09030143F
:10231000D0903114E0903214F0903314C114D104F1
:10232000E104F104A9F240E0C701B6010E945A8A13
:10233000C82F882369F280917512909176128115C9
:10234000924031F6A0917A12AA2311F2609178128C
:10235000709179126115710509F4BACF2091771245
:10236000222309F4B5CFA093B1142093A31490E0D5
:1023700080E030E0E1E0F0E0D82FAF01082E02C0AD
:10238000440F551F0A94E2F72417350769F041E01E
:10239000480F01968930910579F74093AC1498CF96
:1023A000C12CD12C7601BFCF8093AC142091801228
:1023B0003091811250E040E02115310541F4209127
:1023C0008E1230918F124091901250919112209361
:1023D000A4143093A5144093A6145093A714460157
:1023E0005701860E971EA11CB11C8092B2149092C8
:1023F000B314A092B414B092B514E0917B12F09192
:102400007C12F093B814E093B714B0E00F94C33B80
:10241000DC01CB01880D991DAA1DBB1D8093B91449
:102420009093BA14A093BB14B093BC1425E0EE0FA4
:10243000FF1F2A95E1F7E150FE4FEF2FFF27E695AA
:102440008E0F9F1FA11DB11D8093AD149093AE14EC
:10245000A093AF14B093B01480907D1290907E1230
:10246000B12CA12C8114910441F480908A12909097
:102470008B12A0908C12B0908D12C81AD90AEA0A59
:10248000FB0AC80CD91CEA1CFB1C04C0F694E79498
:10249000D794C794DA95D2F7C092A814D092A91411
:1024A000E092AA14F092AB1485EFC8168FE0D8061C
:1024B000E104F10420F48CE08093B61409CF80E1AC
:1024C00025EFC2162FEFD206E104F10488F08091C7
:1024D000961290919712A0919812B09199128093B0
:1024E000B9149093BA14A093BB14B093BC1480E2B7
:1024F0008093B614EECECF92DF92EF92FF926B01F3
:102500007C01F7FE0BC0F094E094D094C094C11C01
:10251000D11CE11CF11C8DE20E943030C701B601D4
:10252000FF90EF90DF90CF900D94A90F90916912DA
:10253000911104C030E020E00C94A7300895CF93AF
:10254000C82F80E49BE30E9437306C2F0C2E000CC8
:10255000770B880B990B0F947B128AE00E94303026
:10256000C0937002CC3008F038C0EC2FCC0FFF0BBA
:102570008827E254FD4E8E4F0D94193CC601A401EC
:10258000FC00C401B80032014C018201D400B60144
:10259000A000940183E39BE3CF910C940BBC82E2F7
:1025A0009BE3FACF84E19BE3F7CF80E09BE3F4CF9A
:1025B0008DEE9AE3F1CF80EE9AE3EECF83ED9AE3CE
:1025C000EBCF85EC9AE3E8CF85EB9AE3E5CF88EA99
:1025D0009AE3E2CF88E99AE3DFCFCF9108950E9492
:1025E0000C2D81111BC080912C1782FF0EC087FD1E
:1025F0000CC080918214811105C085E794E161E0EF
:102600000C94EDC782E894E1FACF80916812813092
:1026100041F08AE69AE36FEF0C942FB78BE89AE3C8
:10262000FACF8FE79AE3F7CFCF93DF93EC0184E003
:102630000E94B6AD811145C08091B4189091B51833
:102640008C0F9D1F9093B5188093B41880916612DB
:10265000909167128C0F9D1F909367128093661262
:1026600080916412909165128C0F9D1F909365125A
:10267000809364120E94EBEE60936012709361127B
:1026800080936212909363120E94F52B8823C9F005
:1026900080916C0290916D02A0916E02B0916F02D8
:1026A0008F3F9F4FAF4FBF4F61F410926C0210925B
:1026B0006D0210926E0210926F02DF91CF910C9416
:1026C000EF2BDF91CF9108950F931F93CF93DF935B
:1026D000C82F8B018AE50E94DF2D85EA0E94DF2D3D
:1026E00087E00E94DF2D82E80E94DF2D80E00E94BB
:1026F000DF2D8C2F0E94DF2DE80115E0115021F015
:1027000089910E94DF2DFACFDF91CF911F910F9118
:1027100008958F929F92AF92BF92CF92DF92EF92E5
:10272000FF920F931F93CF93DF938EEAA82E86E13B
:10273000B82E80916A0290916B02F501918380839B
:1027400092EAC92E96E1D92E25E0E22EF601E0822A
:1027500005EA16E132E8F32EF801F082C6EAD6E186
:1027600082E592E1A0E0B0E088839983AA83BB83ED
:1027700082E596E10E94302E809168029091690274
:10278000F50191838083F601E082F801F08284E50F
:1027900092E1A0E0B0E088839983AA83BB8382E5BD
:1027A00096E10E94302E4BEF842E44E1942E20E0DF
:1027B00030E040E251E4F40160A171A182A193A153
:1027C0000F94A4350F94953DF50171836083F60154
:1027D000E082F801F08286E592E1A0E0B0E0888333
:1027E0009983AA83BB8382E596E10E94302E2CEA6E
:1027F00035EC47E25EE3F40164A175A186A197A1DF
:102800000F941C3D20E030E040E251E40F94A435E9
:102810000F94953DF50171836083F601E082F80124
:10282000F0828AE592E1A0E0B0E088839983AA83F0
:10283000BB8382E596E10E94302E2CEA35EC47E21C
:102840005EE3F40160A571A582A593A50F94A4355C
:1028500020E030E040E251E40F94A4350F94953D20
:10286000F50171836083F601E082F801F0828EE564
:1028700092E1A0E0B0E088839983AA83BB8382E5DC
:1028800096E10E94302E5FEC852E54E1952E20E0DB
:1028900030E040E251E4F40160A171A182A193A172
:1028A0000F94A4350F94953DF50171836083F60173
:1028B000E082F801F08282E692E1A0E0B0E0888355
:1028C0009983AA83BB8382E596E10E94302E2CEA8D
:1028D00035EC47E25EE3F40164A175A186A197A1FE
:1028E0000F941C3D20E030E040E251E40F94A43509
:1028F0000F94953DF50171836083F601E082F80144
:10290000F08286E692E1A0E0B0E088839983AA8312
:10291000BB8382E596E10E94302E2CEA35EC47E23B
:102920005EE3F40160A571A582A593A50F94A4357B
:1029300020E030E040E251E40F94A4350F94953D3F
:10294000F50171836083F601E082F801F0828AE686
:1029500092E1A0E0B0E088839983AA83BB8382E5FB
:1029600096E10E94302E8CE396E0DF91CF911F918B
:102970000F91FF90EF90DF90CF90BF90AF909F901E
:102980008F900C94A7B6CF93DF93CDB7DEB780912D
:102990005F12811118C09E01275F3F4F4F815885FC
:1029A0006FE370E08FE192E10F94053560E08CE514
:1029B0009AE30E9460308FE192E10E94E9C78FE1C3
:1029C00092E10E94A7B6DF91CF910895909198105F
:1029D00021E6929FF0011124E750FF4E808384E0AE
:1029E000989FF0011124EE57FF4E409192105091A4
:1029F000931060919410709195104083518362837D
:102A000073839F5F943040F4909398108091961058
:102A10008F5F80939610089510929810F7CFCF9201
:102A2000DF92EF92FF92E9E9FFE080818183C0901D
:102A30001B10D0901C10E0901D10F0901E108FEF16
:102A4000C81AD80AE80AF80A83E59AE30E943730E0
:102A5000C701B6010E942E228AE00E9430308FE426
:102A60009AE3FF90EF90DF90CF900C943730CF92A5
:102A7000DF92EF92FF920F931F93CF938C01C62F9B
:102A80000E94FB30C0901B10D0901C10E0901D10D5
:102A9000F0901E10C8010E943730C701B6010E9495
:102AA0002E228AE00E9430300E943B3A0196E1F7E4
:102AB0008C2F0F940F151092201010921F10CF9191
:102AC0001F910F91FF90EF90DF90CF9008954F925C
:102AD0005F926F927F928F929F92AF92BF92CF92AE
:102AE000DF92EF92FF920F931F93CF93DF93C8E58E
:102AF000D2E04C845D846E847F840DE81FE0F80191
:102B000024813581468157816C817D818E819F81B1
:102B10000F94223C4B015C01F801208531854285F0
:102B20005385688579858A859B850F94223C6B0146
:102B30007C01F80120813181428153816881798152
:102B40008A819B810F94223CAB01BC018CE49AE307
:102B50000E945D32B501A40188E49AE30E945D32CF
:102B6000B701A60184E49AE30E945D32B301A20199
:102B700080E49AE3DF91CF911F910F91FF90EF9046
:102B8000DF90CF90BF90AF909F908F907F906F908D
:102B90005F904F900C945D32CF93C82F41E00E941C
:102BA0002B328C2FCF910C94FB3180E998E10E945D
:102BB000808D80E998E10E94769180912C178D7F1D
:102BC0008E7F80932C17109228171092291710923D
:102BD0002A1710922B1781E0809320170895DF9217
:102BE000EF92FF920F931F93CF93DF931F92CDB776
:102BF000DEB78C01D42E7C01E60EF71E8091880F83
:102C00009091890F0F945C3B8983DD2011F0F801CE
:102C10008083CE0101960F949B0D8091880F909137
:102C2000890F01969093890F8093880F0F5F1F4F34
:102C30000E151F0519F780E00F90DF91CF911F91BE
:102C40000F91FF90EF90DF900895CF93DF9369E0AD
:102C50007AE30F94CC15C0E4DFE04C895D896E897E
:102C60007F8981E09AE30E945D32488D598D6A8D9B
:102C70007B8D8EEF99E30E945D324C8D5D8D6E8D64
:102C80007F8D8BEF99E30E945D3248A159A16AA123
:102C90007BA188EF99E30E945D328AE0DF91CF91BA
:102CA0000C9430306F927F928F929F92AF92BF922E
:102CB000CF92DF92EF92FF920F931F93CF93DF9308
:102CC000C82EE62E80913F0F833009F043C00E944A
:102CD00095B5882309F43EC06091D7147091D8143B
:102CE000072E000C880B990B0F94453520E030E03F
:102CF00040E85FE30F94213C2091D3143091D41429
:102D00004091D5145091D6140F943E35181614F1F5
:102D100081E09AE59093AF168093AE1680E490E040
:102D20009093B1168093B01687E08093A21682E844
:102D30008093A51684E890E0A0E0B0E08093A6160A
:102D40009093A716A093A816B093A91682E596E1D2
:102D50000E94302E10E000E0D0E024E0B22E0C2CD7
:102D6000000CDD080E2C000CFF0835E0A32E45E01A
:102D7000942E52E8852EC0E0802F8170782E6D2E23
:102D80006C0E8B2D8C1B711001C08C2F8C151D04AB
:102D9000D1F50E151F05B9F5AC9CF001AD9CF00DF9
:102DA0001124E00FF11FEE0FFF1FEE0FFF1FE55282
:102DB000F14F20E030E04AE754E460817181828184
:102DC00093810F94A4350F948E3D7093AF1660934A
:102DD000AE169092A2168092A516462D50E040584D
:102DE000574F440F551F052E000C660B770B409371
:102DF000A6165093A7166093A8167093A91682E59D
:102E000096E10E94302ECF5FC53009F0B8CFDB5F6E
:102E10000F5F1F4FD93109F0AECFDF91CF911F91D6
:102E20000F91FF90EF90DF90CF90BF90AF909F9069
:102E30008F907F906F9008954F925F926F927F92E4
:102E40008F929F92AF92BF92CF92DF92EF92FF92BA
:102E5000CF93DF9300D000D01F921F92CDB7DEB783
:102E60005C01DB01CD90DD90ED90FC90E09133159D
:102E7000F0913415FE83ED8384819581A681B7811D
:102E800089839A83AB83BC839C01AD01C701B601E2
:102E90000F94213C2B013C01F50180809180A280A0
:102EA000B380AD81BE818D919D910D90BC91A02D7F
:102EB0008D839E83AF83B88729E630E040E251ECF2
:102EC000C301B2010F94823E87FDD4C023E030E0FD
:102ED0004BE953E4C301B2010F943E3518160CF4CC
:102EE000C9C02D813E814F815885C501B4010F9421
:102EF000213C2B013C0129E630E040E751EC0F94E6
:102F0000823E87FDB7C023E030E84DE953E4C301BA
:102F1000B2010F943E3518160CF4ACC020E030E03E
:102F200040E751E46D817E818F8198850F94213C2B
:102F30002B013C0120E030E040E251E40F943E35AB
:102F400087FF06C0412C512C30E2632E31E4732EF2
:102F500027E137EB41ED58E3C301B2010F94213C67
:102F60009B01AC01C501B4010F94823E87FD82C074
:102F700020E030E84DE953E46D817E818F819885B2
:102F80000F94223C2B013C0120E030E041E953E466
:102F90000F94823E181634F4412C512C21E9622EF4
:102FA00023E4722E27E137EB41ED58E3C301B20170
:102FB0000F94223C9B01AC01C501B4010F943E3536
:102FC00018160CF457C020E030E040E251E469816B
:102FD0007A818B819C810F94213C4B015C0120E024
:102FE00030E040E751E40F943E3587FF06C0812C66
:102FF000912C90E7A92E91E4B92E27E137EB41ED12
:1030000058E3C501B4010F94213C9B01AC01C701F9
:10301000B6010F94823E87FD2DC020E030E04BE9E1
:1030200053E469817A818B819C810F94223C4B010E
:103030005C0120E030E84EE853E40F94823E18161D
:103040003CF4812C80E8982E8EE8A82E83E4B82EDC
:1030500027E137EB41ED58E3C501B4010F94223C61
:103060009B01AC01B1E0B983C701B6010F943E35B5
:1030700018160CF41982898128960FB6F894DEBFD1
:103080000FBECDBFDF91CF91FF90EF90DF90CF903B
:10309000BF90AF909F908F907F906F905F904F9078
:1030A00008958F929F92AF92BF92CF92DF92EF924C
:1030B000FF92CF93FC01C080D180E280F38020E0BA
:1030C00030E040E251E4C701B6010F94A43520E09E
:1030D00030E04AE754E40F94A4354B015C0120E052
:1030E00030E0A901C701B6010F943E3520E030E081
:1030F00040EA50E487FF04C020E030E040EA50ECB2
:10310000C501B4010F94223C20E030E040E251E4DC
:103110000F941C3D0F948E3D6B017C0180E2C11425
:10312000D104E104F10461F08BE2F7FE09C0F094F0
:10313000E094D094C094C11CD11CE11CF11C8DE220
:103140008093AD18C701B60128EE33E040E050E0AF
:103150000F94A43B8AE0882E912CA12CB12CCA019B
:10316000B901A50194010F94A43B605D6093AE1872
:103170008EE28093AF18C701B60124E630E040E04C
:1031800050E00F94A43BCA01B901A50194010F942A
:10319000A43B605D6093B018C701B601A50194011E
:1031A0000F94A43BC62FCA01B901A50194010F9445
:1031B000A43B605D6093B118C05DC093B2188DEA06
:1031C00098E1CF91FF90EF90DF90CF90BF90AF90BC
:1031D0009F908F9008952F923F924F925F926F929F
:1031E0007F928F929F92AF92BF92CF92DF92EF9297
:1031F000FF920F931F93CF93DF93CDB7DEB7C557E1
:10320000D1090FB6F894DEBF0FBECDBF28969FAF91
:103210008EAF28972E967FAF6EAF2E97142FDB01BF
:103220004D905D906D907C9013971496CD90DD90AD
:10323000ED90FC901797A301920150582DAB3EAB37
:103240004FAB58AFD701C601B05889A39AA3ABA31F
:10325000BCA3A3019201C301B2010F94A4354B0199
:103260005C01A7019601C701B6010F94A4359B012B
:10327000AC01C501B4010F94223C0F94D03E2F96AF
:103280006FAF2F9760967FAF609761968FAF619712
:1032900062969FAF62978090580290905902A090DA
:1032A0005A02B0905B02A5019401C301B2010F94D0
:1032B000223C6E966CAF7DAF8EAF9FAF6E97209124
:1032C0005C0230915D0240915E0250915F022DA33D
:1032D0003EA34FA358A7C701B6010F94223CA29664
:1032E0006CAF7DAF8EAF9FAFA2972896AEADBFAD4E
:1032F00028974D905D906D907C906E962CAD3DAD75
:103300004EAD5FAD6E97C301B2010F94213C69A72A
:103310007AA78BA79CA72896EEADFFAD2897C4800F
:10332000D580E680F780A2962CAD3DAD4EAD5FAD69
:10333000A297C701B6010F94213C6DA77EA78FA766
:1033400098ABA3019201C501B4010F94213C4B013C
:103350005C012DEB37E346E855EB0F94823E87FD89
:10336000B6C32DEB37E346E855E3C501B4010F942E
:103370003E3518160CF4ABC3A70196016DA17EA1D2
:103380008FA198A50F94213C6B017C012DEB37E3B5
:1033900046E855EB0F94823E87FD99C32DEB37E34A
:1033A00046E855E3C701B6010F943E3518160CF4F4
:1033B0008EC311111FC408E410E04BED842E4FE0C2
:1033C000942E49ECA42E40E4B42E750164012091A2
:1033D000600230916102409162025091630229AB18
:1033E0003AAB4BAB5CAB2896AEADBFAD2897189609
:1033F0006D917D918D919C911B970F94213C2B0198
:103400003C01A50194012F966FAD2F9760967FAD7B
:10341000609761968FAD619762969FAD62970F94AA
:10342000A4356DA379A78DA79DAF27E137EB41EDBB
:1034300058E30F943E3587FF0AC027E137EB41ED93
:1034400058E3C301B2010F943E3587FD26C3289689
:10345000AEADBFAD28971C962D913D914D915C91DD
:103460001F9726962CAF3DAF4EAF5FAF26972091AA
:103470006402309165024091660250916702229683
:103480002CAF3DAF4EAF5FAF22972AE037ED43E25E
:103490005CE36091540270915502809156029091C4
:1034A00057020F94A4354B015C0160915202709158
:1034B0005302072E000C880B990B0F9445359B0186
:1034C000AC01C501B4010F94A4356D8F7E8F8F8F31
:1034D00098A36DA179A58DA59DAD0F94C43D4B0119
:1034E0005C01B80190E080E00F9443351B018C0132
:1034F0009B01AC01B401C5010F94823E181614F073
:10350000410158019401A5016DA179A58DA59DAD3D
:103510000F941C3D69AF7AAF8BAF9CAF20E030E0D9
:1035200040E85FE30F94823E18160CF076C36DA15D
:1035300079A58DA59DAD0F94003D0F94953D1B0180
:10354000198A1A8A1B8A1C8A1D8A1E8A1F8A188E4B
:10355000198E1A8E1B8E1C8E6230710508F473C290
:1035600090E080E00F9443352C966CAF7DAF8EAF2A
:103570009FAF2C979B01AC01C701B6010F941C3D76
:1035800069AF7AAF8BAF9CAF9B01AC010F94A435B0
:103590006B017C01AC019B0169AD7AAD8BAD9CAD3B
:1035A0000F94A43520E030E040EC50E40F941C3D33
:1035B0009B01AC0169AD7AAD8BAD9CAD0F94213C04
:1035C000A6966CAF7DAF8EAF9FAFA69720E030E0A0
:1035D00040E05FE3C701B6010F94A4359B01AC0145
:1035E00060E070E080E89FE30F94213CAA966CAF06
:1035F0007DAF8EAF9FAFAA972C962CAD3DAD4EAD53
:103600005FAD2C97C301B2010F941C3DE2966CAFE5
:103610007DAF8EAF9FAFE29722962CAD3DAD4EAD04
:103620005FAD229726966CAD7DAD8EAD9FAD269792
:103630000F94213C2C962CAD3DAD4EAD5FAD2C973B
:103640000F941C3DE6966CAF7DAF8EAF9FAFE697B3
:10365000C9A8DAA8EBA8FCA8C986DA86EB86FC869E
:103660002296CCACDDACEEACFFAC2297CD86DE86EC
:10367000EF86F88A0E94EBEE9B01AC0128533F4F86
:103680004F4F5F4FAE962CAF3DAF4EAF5FAFAE9793
:103690004090440F5090450F6090460F7090470F38
:1036A0006091400F7091410F8091420F9091430FB4
:1036B000461657066806790610F4C301B2010F9446
:1036C000433567966CAF7DAF8EAF9FAF6797A09085
:1036D000640FB090650FC090660FD090670FC30164
:1036E000B2010F9443357B018C019B01AC01B50104
:1036F000C6010F943E3587FD02C0570168016D8DEC
:103700007E8D8F8D98A19B01AC010F94A435562E10
:10371000772E4C0167962CAD3DAD4EAD5FAD6797F2
:103720002F966FAD2F9760967FAD609761968FADA6
:10373000619762969FAD62970F94A4357B018C01CF
:103740009501A601B501C6010F94A435662E7EAF82
:1037500023968FAF239763969FAF63979701A80136
:10376000652D772DC4010F94823E18161CF0E52CB0
:10377000F72C84019701A801662D7EAD23968FADAD
:10378000239763969FAD63970F943E3587FD08C0DE
:103790006E2CFEAE23960FAF239763961FAF6397F1
:1037A0007DA0C9A46896CFAE6897DDA46996DFAE08
:1037B0006997EDAC6A96EFAE6A9729E129AB44248C
:1037C0004394512C0E9469D10E94EBEE8B019C0125
:1037D000AE96CCACDDACEEACFFACAE970C191D09CF
:1037E0002E093F0937FD0FC09B01AC0128533F4F05
:1037F0004F4F5F4FAE962CAF3DAF4EAF5FAFAE9722
:1038000080E00E94075639A9315039AB332309F4BF
:1038100032C22DA93EA94FA958ADA6966CAD7DAD7B
:103820008EAD9FADA6970F94A4356B017C0129A1A5
:103830003AA14BA15CA1AA966CAD7DAD8EAD9FADBA
:10384000AA970F94A4359B01AC01C701B6010F9450
:10385000223C7B018C012DA93EA94FA958ADAA9607
:103860006CAD7DAD8EAD9FADAA970F94A4354B0185
:103870005C0129A13AA14BA15CA1A6966CAD7DADDE
:103880008EAD9FADA6970F94A4359B01AC01C501E9
:10389000B4010F94213C6DAB7EAB8FAB98AFC701E9
:1038A000D80189A39AA3ABA3BCA32DA93EA94FA974
:1038B00058AD6E966CAD7DAD8EAD9FAD6E970F948D
:1038C000223C69837A838B839C8329A13AA14BA1F3
:1038D0005CA1A2966CAD7DAD8EAD9FADA2970F940D
:1038E000223C6D837E838F839887E2962CAD3DAD1D
:1038F0004EAD5FADE29769857A858B859C850F9487
:10390000223C69877A878B879C87E6962CAD3DADF4
:103910004EAD5FADE6976D857E858F8598890F9456
:10392000223C6D877E878F87988BCE0101960E94FF
:10393000D0ADE1E04E16510409F00CC250E040E079
:1039400030E020E0852F942FA32FB22F8D8B9E8BFC
:10395000AF8BB88F2C962CAD3DAD4EAD5FAD2C9797
:103960006DA179A58DA59DAD0F941C3D9B01AC016A
:10397000672D68967FAD689769968FAD69976A964F
:103980009FAD6A970F94213C762E68967FAF68971B
:1039900069968FAF69976A969FAF6A9767962CADC5
:1039A0003DAD4EAD5FAD6797CA01B9010F94223CA2
:1039B000272D68963FAD689769964FAD69976A96CF
:1039C0005FAD6A970F94A4357B018C01262D3EAD27
:1039D00023964FAD239763965FAD63970F94823E16
:1039E000181644F4E62CFEAC23960FAD239763968D
:1039F0001FAD6397C701D801898F9A8FAB8FBC8F9A
:103A0000AE014F5E5F4FBE01635E7F4FCE010196F8
:103A10000E94BFEC8823B9F02F968FAD2F97609648
:103A20009FAD60976196AFAD61976296BFAD6297AB
:103A30008D8B9E8BAF8BB88FFFEF4F1A5F0A2414CC
:103A4000350409F0BFCE80E12896EEADFFAD289792
:103A5000DE01119601900D928A95E1F7CE01019653
:103A60000E94D0AD1D8A1E8A1F8A188E198E1A8E4A
:103A70001B8E1C8EAE014F5E5F4FBE01635E7F4F9B
:103A8000CE0101960E94BFEC80E1FE013196A8E5CF
:103A9000B2E001900D928A95E1F7CB58DF4F0FB657
:103AA000F894DEBF0FBECDBFDF91CF911F910F9174
:103AB000FF90EF90DF90CF90BF90AF909F908F904E
:103AC0007F906F905F904F903F902F90089529A521
:103AD0003AA54BA55CA56DA97EA98FA998AD0F94B9
:103AE000A4356B017C012DA53EA54FA558A969A160
:103AF0007AA18BA19CA10F94A4359B01AC01C701B5
:103B0000B6010F94223C6B017C012DA53EA54FA56B
:103B100058A96DA97EA98FA998AD0F94A4354B0122
:103B20005C0129A53AA54BA55CA569A17AA18BA149
:103B30009CA10F94A4359B01AC01C501B4010F9465
:103B4000213CA70196010F94A13C6B017C0120E070
:103B500030E0A9010F943E35882309F49ECF20E080
:103B600030E0A901C701B6010F943E3587FD2BC097
:103B700090E080E0812B8130910541F1029789F13D
:103B800020E030E0A901C701B6010F94823E460152
:103B9000570187FF04C0B7FAB094B7F8B0942BED83
:103BA0003FE049EC50E4C501B4010F941C3D20E016
:103BB00030E040E952E40F94A4350F94003D0F9497
:103BC000953D8B0104CC82E090E0D4CF2BED3FE01B
:103BD00049EC50E4C701B6010F94213C6B017C0114
:103BE000CFCF2BED3FE049EC50E4C701B6010F9475
:103BF000223CF4CF08E410E02BED822E2FE0922E31
:103C000029ECA22E20E4B22E3BEDC32E3FE0D32EB2
:103C100039ECE32E30ECF32EDACB2DEC3CEC4CEC13
:103C20005DE369AD7AAD8BAD9CAD0F943E3587FFFA
:103C30001FC02DEC3CEC4CEC5DE36DA179A58DA58E
:103C40009DAD0F941C3D0F94C43D4B015C0120E0E1
:103C500030E040E85FE30F943E3587FF06C0812CDB
:103C6000912C90E8A92E9FE3B92EC501B40165CC33
:103C7000B401C50162CCB20190E080E00F944335FD
:103C800029AD3AAD4BAD5CAD0F94A4356B017C0111
:103C90000F94173D69A37AA38BA39CA3C701B60118
:103CA0000F94C23E4B015C012E96AEADBFAD2E9778
:103CB000CD90DD90ED90FC901397F7FAF094F7F823
:103CC000F09414962D913D914D915C91179729ABED
:103CD0003AAB4BAB5CABA701960169A17AA18BA172
:103CE0009CA10F94A4356DAB7EAB8FAB98AF29A987
:103CF0003AA94BA95CA9C501B4010F94A4359B0155
:103D0000AC016DA97EA98FA998AD0F94223C6DAB33
:103D10007EAB8FAB98AFA7019601C501B4010F949C
:103D2000A4356B017C0129A93AA94BA95CA969A119
:103D30007AA18BA19CA10F94A4359B01AC01C70172
:103D4000B6010F94213C69A37AA38BA39CA3B9E18C
:103D5000B9ABABCD2F965FAD2F9760964FAD609707
:103D600061963FAD619762962FAD6297EBCDCF9391
:103D7000DF9300D01F92CDB7DEB721E0FC0123A76F
:103D800084819581A681B781B05889839A83AB835A
:103D9000BC83BE016F5F7F4F8BEC9EE00E9460236F
:103DA0000F900F900F900F90DF91CF910895CF92C9
:103DB000DF92EF92FF921F93CF93DF93EC0120915C
:103DC000C20E3091C30E4091C40E5091C50E688151
:103DD00079818A819B810F943E35882309F45DC0E7
:103DE0001091C10E80E00E943C35C880D980EA80E5
:103DF000FB8020E030E0A901C701B6010F94823EAC
:103E000018161CF0C12CD12C7601C092C20ED09293
:103E1000C30EE092C40EF092C50E2DEB37E346E8D8
:103E200055EBC701B6010F94823E87FD0AC02DEB0A
:103E300037E346E855E3C701B6010F943E3518163F
:103E400044F5A701960160E070E080E89FE30F94DD
:103E50001C3D6093BD0E7093BE0E8093BF0E909379
:103E6000C00E80EF9FEFA9E7B4EC8093B90E90935A
:103E7000BA0EA093BB0EB093BC0E112371F081E07B
:103E8000DF91CF911F91FF90EF90DF90CF900C9436
:103E90003C3560E070E0CB01DCCFDF91CF911F912A
:103EA000FF90EF90DF90CF9008954F925F926F92C6
:103EB0007F928F929F92AF92BF92CF92DF92EF92BA
:103EC0000F931F93CF93DF9300D01F92CDB7DEB730
:103ED0004C015B016A01122F002309F449C06E2DC9
:103EE00084E00F949F120E94F7318CE598E30E94C2
:103EF000373061E0812F0E947C280091E80D83E03B
:103F00008093E80D81E08093E70D8EE498E30E94B2
:103F10000BBC0E949B3082E08093691260E088E0D5
:103F200098E30E94603080E198E30E94373080E29D
:103F30000E9430308EE398E30E94373080E30E9485
:103F400030308AE00E94303085E398E30E9484306C
:103F50000E9478308091E70D882341F060E0812F46
:103F60000E947C2881E00E940756F4CF0093E80D60
:103F70006E2D85E00F949F1220E030E0A901F4013E
:103F800060817181828193810F943E35882371F025
:103F900080E090E0A0ECB0E489839A83AB83BC839B
:103FA000BE016F5F7F4FC4010E94D7AE20E030E0BA
:103FB000A901F50160817181828193810F943E3561
:103FC000882351F14090780F5090790F60907A0FCC
:103FD00070907B0F80E090E0A0E7B1E48093780FD1
:103FE0009093790FA0937A0FB0937B0F80E090E0CD
:103FF000A0EAB1E489839A83AB83BC83BE016F5F7F
:104000007F4FC5010E94D7AE4092780F5092790F32
:1040100060927A0F70927B0F812C912C80E4A82EF5
:10402000BA2C03E020E030E0A901F6016081718143
:10403000828193810F94823E181674F460E086E0CA
:104040000F949F1289829A82AB82BC82BE016F5FFD
:104050007F4FC6010E94D7AE8091E50D25E338E37E
:10406000882311F026E138E344E258E36EE278E376
:1040700081E00E94A7301091E80D0093E80D1092A6
:10408000E70D60E087E00F949F128091E60D8111AB
:1040900004C081E00E940756F8CF1093E80D8130EC
:1040A00009F4C0CF0E949B3081E00F900F900F90D9
:1040B0000F90DF91CF911F910F91EF90DF90CF90F4
:1040C000BF90AF909F908F907F906F905F904F9038
:1040D00008958F929F92AF92BF92CF92DF92EF920C
:1040E000FF920F931F93CF93DF93B0E4A0E06A2F6A
:1040F00070E0AB014B0F511D55954795411119C00B
:10410000EAE0F7E365917491072E000C880B990B98
:104110000F944535DF91CF911F910F91FF90EF9054
:10412000DF90CF90BF90AF909F908F900895B42F65
:10413000E0CF4A1711F0B41303C0E6E0F8E3E2CF92
:104140009A0121503109220F331F220F331FF90129
:10415000E85FF84CE590F490F901E45FF84CC59104
:10416000D4918E159F0518F3A42FC817D90708F40A
:10417000BECFF901E65FF84C05911491F901E25FB9
:10418000F84CC590D4908E199F09BC0190E080E056
:104190000F9443354B015C01B601601B710B072E78
:1041A000000C880B990B0F9445359B01AC01C501A0
:1041B000B4010F94A4354B015C01CE19DF09BE0197
:1041C00090E080E00F9443359B01AC01C501B40140
:1041D0000F941C3D6B017C01B801110F880B990BEA
:1041E0000F9445359B01AC01C701B6010F94223CE9
:1041F00091CFCF93DF938091381590913915891B1A
:104200008095877019F40E940756F5CF8091381574
:104210008F5F8770A091381594E7A99FD001112472
:10422000FD01EB5BF54FEF0119929A95E9F790814B
:1042300098609083A65AB54F90E1EEE5F5E10190C4
:104240000D929A95E1F7209138159091391529131F
:1042500003C094E69093351580933815DF91CF9184
:104260000C94EF2BCF93DF93CDB7DEB760970FB6EB
:10427000F894DEBF0FBECDBF80E1E8E5F2E0DE01DD
:10428000119601900D928A95E1F7CE0101960E9458
:1042900021AACE0101960E94E4A860960FB6F89478
:1042A000DEBF0FBECDBFDF91CF9108950E94F731E1
:1042B00060918B0F70918C0F8DE29AE30E94854A7A
:1042C0008AE29AE30C943730CF93882389F0C82F81
:1042D0000E94F73184E50E9430308C2F0E94529466
:1042E00080E20E94303088E19AE3CF910C9437301D
:1042F000CF9108956F927F928F929F92AF92BF92CB
:10430000CF92DF92EF92FF920F931F93CF93DF93A1
:10431000CDB7DEB7C655D1090FB6F894DEBF0FBED4
:10432000CDBF5C017B016DB67EB6BE016F5F7F4F76
:10433000C5010F94131018160CF06BC08C85887192
:10434000803109F081C08DB69EB610E000E0E11426
:10435000F10439F0F70101900020E9F78F010E19FF
:104360001F09C8010D962DB73EB7281B390B0FB694
:10437000F8943EBF0FBE2DBF8DB79EB701966C015E
:10438000080F191FE114F10439F0B7010F947B3FB6
:104390008FE2F80131978083BE016F5F7F4FC801C4
:1043A0000E94448A1CAE1FAE21E0A801B501CE01D7
:1043B000CC960E94B1918823E1F08BE1FE01FC963E
:1043C000DE01919601900D928A95E1F7B601CE013A
:1043D00081960F947A21CE0181960E944028CE01C9
:1043E000CC960E9440280FB6F8949EBE0FBE8DBE9C
:1043F0009CCF0E94F731B80184EE99E30E94ACEFA4
:10440000CE01CC960E9440280FB6F8949EBE0FBEF7
:104410008DBE0FB6F8947EBE0FBE6DBECA5ADF4F7A
:104420000FB6F894DEBF0FBECDBFDF91CF911F91C5
:104430000F91FF90EF90DF90CF90BF90AF909F9043
:104440008F907F906F900895CE0101960E94278AE9
:10445000882309F46ACFE114F10431F0C7010E9406
:10446000A0EF8FE20E943030BE016F5F7F4F85E783
:1044700094E10E94448A0E94A0EF80E20E943030C2
:104480006D8D7E8D8F8D98A10F94A90F8AE00E946B
:1044900030304BCF7F928F929F92AF92BF92CF924C
:1044A000DF92EF92FF920F931F93CF93DF93CDB7DD
:1044B000DEB7A3970FB6F894DEBF0FBECDBF782E40
:1044C0006A017B01480159014091CA0E45FB44270E
:1044D00040F965ED79E3CE0181960E941C3520E01C
:1044E00030E0A901B801C5010F943E358111CAC061
:1044F000772019F081E07812C0C060E070E88BE3AB
:1045000095E420E030E040E752E40F941C3D362F64
:10451000272F432F522FBC014D8F5E8F6F8F78A3B3
:10452000072D10E08091CA0E85FF25C0F801E553E4
:10453000FC4F608180ED99E30E945830B701A601DD
:104540008DEC99E30E945D328AEC99E30E9437304A
:1045500020E030E0A901B401C5010F943E35882365
:1045600009F494C042E0B401C5010E94589483EC60
:1045700099E30E943730F801E054F64CE491AA2404
:10458000A3941E160CF4A12CBB24B39420E030E0BD
:10459000A901C701B6010F94823E18160CF0B12C88
:1045A00080E00E94A1A969837A838B839C8381E048
:1045B0000E94A1A96D837E838F83988782E00E94E9
:1045C000A1A969877A878B879C8783E00E94A1A92C
:1045D0006D877E878F87988B000F111F000F111F2B
:1045E000E1E0F0E0EC0FFD1F0E0F1F1FF80110823D
:1045F000118212821382CE0101960E94E4A8F80172
:10460000C082D182E282F382198A1A8A1B8A1C8AAA
:104610001D8A1E8A1F8A188E198E1A8E1B8E1C8E5A
:104620008091C80E9091C90E892B51F4AE014F5E56
:104630005F4FBE01635E7F4FCE0101960E947EDC1C
:104640000E947FA8AB100E94CFB2CE0181960E943B
:104650001335A3960FB6F894DEBF0FBECDBFDF9122
:10466000CF911F910F91FF90EF90DF90CF90BF906F
:10467000AF909F908F907F90089560E070E086E10A
:1046800094E43FCF302F292DC50143CF4D8D5E8D52
:104690006F8D78A188EC99E30E945D3286EC99E3F6
:1046A0000E94373064CF4F925F926F927F92AF92A9
:1046B000BF92CF92DF92EF92FF921F93CF93DF933F
:1046C00000D000D01F92CDB7DEB75C017B012C83F8
:1046D0003D834E835F834091CA0E45FB442740F9DA
:1046E0006BE779E3CE0101960E941C35BE016C5F39
:1046F0007F4FC7010E94DDCA1091C70E147010923F
:10470000C70E82E00E9407AF0E9493AFCE010196D0
:104710000E941335C0906002D0906102E090620266
:10472000F090630220912F15309130154091311592
:104730005091321560E070E080EA90E40F94213CE3
:104740002B013C018091CA0E85FF26C0112341F048
:10475000A3019201C701B6010F94823E18163CF5E1
:10476000C5010E94373081EB99E30E943730111167
:1047700004C084EA99E30E943730A3019201C70183
:10478000B6010F94823E181624F482E999E30E9440
:1047900037308AE00E9430301123F9F011E0A30194
:1047A0009201C701B6010F94823E18160CF010E07A
:1047B000812F27960FB6F894DEBF0FBECDBFDF91D5
:1047C000CF911F91FF90EF90DF90CF90BF90AF906F
:1047D0007F906F905F904F90089511E0E9CF2F92F6
:1047E0003F924F925F926F927F928F929F92AF9281
:1047F000BF92CF92DF92EF92FF920F931F93CF93CE
:10480000DF93CDB7DEB76E970FB6F894DEBF0FBE5D
:10481000CDBF1C017D8F6C8F4B8F2E8F4091CA0EA8
:1048200045FB442740F965E679E3CE0148960E94AE
:104830001C358091CA0E85FF57C020918D0F309195
:104840008E0F40918F0F5091900FF1016081718117
:10485000828193810F94223CAB01BC0180E699E3F5
:104860000E945D322091910F3091920F4091930FF1
:104870005091940FEC8DFD8D6081718182819381C7
:104880000F94223CAB01BC018DE599E30E945D329F
:10489000FB8D6EE476E0F33051F064E576E0F230C3
:1048A00031F065E676E0F13011F460E676E08AE515
:1048B00099E30E94854A87E599E30E9437308E8DFF
:1048C0000E9452946AE676E084E599E30E94854A64
:1048D00088E499E30E9437304FE259E364E379E3D7
:1048E00088E592E00E94E634F101408051806280C8
:1048F000738049825A826B827C82EC8DFD8DC080F0
:10490000D180E280F380CD82DE82EF82F8868090D3
:10491000600290906102A0906202B090630289866A
:104920009A86AB86BC86BE016B5F7F4FCE01019637
:104930000F941C1781110FC08091CA0E85FF04C00F
:1049400087E199E30E943730C12CD12C90ECE92EFD
:104950009FE7F92EF5C00091331510913415F80139
:104960002081318142815381C301B2010F94213CE6
:104970002B013C0149825A826B827C82F80124819E
:10498000358146815781C701B6010F94213C9B01B7
:10499000AC012D833E834F83588780914E029091C6
:1049A0004F02A0915002B09151028D879E87AF8730
:1049B000B88BCE010D966C0185017401C301B20163
:1049C0000E94DFC981E00E944CCB81115EC1409101
:1049D000CA0E45FB442740F966EC78E3CE014596C4
:1049E0000E941C358091C60E82FFC9C020912F15F0
:1049F00030913015409131155091321560E070E0E2
:104A000080EA90EC0F94213C698B7A8B8B8B9C8B8A
:104A100020E030E040E451E4BE016F5E7F4F81EC66
:104A200098E30F945323882309F4AEC0C12CD12CF2
:104A300030ECE32E3FE7F32ECE0145960E9413356E
:104A400020912F153091301540913115509132152C
:104A5000C701B6010F94223C6B017C01AC019B01A4
:104A60000F94143F811159C09B8D933009F000C100
:104A700020E030E040EA50E4609160027091610211
:104A800080916202909163020F94223C6D877E8731
:104A90008F87988B6FEC73E0CE010D960E94DDCA74
:104AA000EE8DE33008F446C020918D0F30918E0FCB
:104AB00040918F0F5091900FF1016081718182813F
:104AC00093810F94223CAB01BC018FE099E30E94DB
:104AD0005D322091910F3091920F4091930F509140
:104AE000940FEC8DFD8D60817181828193810F9493
:104AF000223CAB01BC018AE099E30E945D32B70120
:104B0000A60185E099E30E944733A7019601C701FA
:104B1000B6010F94143F882369F00E94572360E088
:104B200086EF98E30E942FB70E94FB3086EE98E351
:104B30000E943730B701A60189ED98E30E94473300
:104B4000CE0148960E941335C701B6016E960FB686
:104B5000F894DEBF0FBECDBFDF91CF911F910F91B3
:104B6000FF90EF90DF90CF90BF90AF909F908F908D
:104B70007F906F905F904F903F902F90089560E0EE
:104B800070E080E291EC40CFC0906002D090610272
:104B9000E0906202F09063028091CA0E85FF06C029
:104BA000B701A60184EB98E30E94473320E030E090
:104BB00040EA50E46091600270916102809162026B
:104BC000909163020F94223C6D877E878F87988B2C
:104BD0006FEC73E0CE010D960E94DDCA20E030E05C
:104BE00040EC50E4BE016F5E7F4F8FEA98E30F9474
:104BF000532381111BCF409060025090610260905E
:104C00006202709063028091CA0E85FF12C0B301E8
:104C1000A20182EA98E30E945D32A3019201C701DA
:104C2000B6010F94213CAB01BC0184E998E30E94DA
:104C3000473320E030E040E450E4C301B2010F9478
:104C4000A4352B013C01A7019601C701B6010F94C1
:104C5000223C9B01AC01C301B2010F94223C2DEC1C
:104C60003CEC4CE45EE30F94A4356B017C01E4CE94
:104C70008B8D8150823008F013CF0E9457238823F8
:104C800009F40ECFFE8DF33038F4C12CD12C80EC1A
:104C9000E82E8FE7F82E41CFC12CD12C20ECE22E4C
:104CA0002FE7F22E01CF6F927F928F929F92AF9259
:104CB000BF92CF92DF92EF92FF920F931F93CF9309
:104CC000DF9300D000D01F921F92CDB7DEB75C01FA
:104CD0004B013A01F22E68010091B30E0E94F7B326
:104CE00080910315909104158C159D051CF4C60147
:104CF0000E94EBB360E080E00E94785B811124C1E8
:104D000060E089E00F949F121C141D0444F4C60156
:104D10000E94EBB340E060E080E00E94F39660E028
:104D200088E00F949F1260E081E00E94785B80E051
:104D300090E0A0E7B2E48D839E83AF83B88780E0E4
:104D400090E0A0E8B0EC89839A83AB83BC83BE017A
:104D50006B5F7F4FCE0101960E94D7AE87E00E9425
:104D6000B6AD811168C08091640290916502A091F6
:104D70006602B091670240916002509161026091B9
:104D80006202709163020091A30E1091A40E209113
:104D9000A50E3091A60EC0909F0ED090A00EE09070
:104DA000A10EF090A20EC092CB0ED092CC0EE0924B
:104DB000CD0EF092CE0E0093CF0E1093D00E209316
:104DC000D10E3093D20E4093D30E5093D40E6093F5
:104DD000D50E7093D60E8093D70E9093D80EA093D5
:104DE000D90EB093DA0E80E090E0A8E4B2E48983B3
:104DF0009A83AB83BC83CE0101960E9403D6809137
:104E0000A70E9091A80EA091A90EB091AA0E809322
:104E1000D30E9093D40EA093D50EB093D60E80E00F
:104E200090E0A0EAB0E489839A83AB83BC83CE018F
:104E300001960E9403D680E090E0A0E7B2E48D8363
:104E40009E83AF83B88780E090E0A0E8B0E48983D8
:104E50009A83AB83BC83BE016B5F7F4FCE0101960B
:104E60000E94D7AE8091AB0E9091AC0EA091AD0E8A
:104E7000B091AE0E8093640290936502A093660297
:104E8000B09367028093D70E9093D80EA093D90E5B
:104E9000B093DA0E87ED9EE00E9490A884E692E03F
:104EA0000E9490A860E089E00F949F1261E08BE778
:104EB00098E30E94603080919E0E815080939E0EF8
:104EC00043E858E36BE878E385E00F94961280910D
:104ED0006812823011F40E9427B580919E0E8823BB
:104EE00081F0815080939E0E0E94C08980919D0E1A
:104EF000882339F040E060E070E080E090E40E94B8
:104F00003B2680919B0E882331F010929B0E80915E
:104F10009A0E8093990E0E94B42C0F94EF1228964B
:104F20000FB6F894DEBF0FBECDBFDF91CF911F91BA
:104F30000F91FF90EF90DF90CF90BF90AF909F9038
:104F40008F907F906F900895E12C2F2DA301B401D5
:104F5000C5010F94551FD8CECF92DF92EF92FF92EA
:104F60000F931F93CF93DF93FC01DA01CD90DD9077
:104F7000ED90FC90DB016D917D918D919C91008174
:104F8000118122813381CBEFD4E108A319A32AA395
:104F90003BA32CEA35EC47E25EE30F94A4356CA307
:104FA0007DA38EA39FA32CEA35EC47E25EE3C70105
:104FB000B6010F941C3D68A779A78AA79BA7DF912C
:104FC000CF911F910F91FF90EF90DF90CF900C94B5
:104FD0004D23CF92DF92EF92FF920F931F93CF93C7
:104FE000DF93FC01DA01CD90DD90ED90FC90DB01C8
:104FF0006D917D918D919C910081118122813381F0
:10500000CFECD4E108A319A32AA33BA32CEA35ECE7
:1050100047E25EE30F94A4356CA37DA38EA39FA308
:105020002CEA35EC47E25EE3C701B6010F941C3D64
:1050300068A779A78AA79BA7DF91CF911F910F91AE
:10504000FF90EF90DF90CF900895CF93DF93CDB78F
:10505000DEB7EB970FB6F894DEBF0FBECDBF7894E6
:1050600084B5826084BD84B5816084BD85B582606D
:1050700085BD85B5816085BD80916E00816080931E
:105080006E00109281008091810082608093810087
:105090008091810081608093810080918000816097
:1050A000809380008091B10084608093B1008091F2
:1050B000B00081608093B000809191008260809305
:1050C0009100809191008160809391008091900087
:1050D0008160809390008091A10082608093A10004
:1050E0008091A10081608093A1008091A0008160E7
:1050F0008093A000809121018260809321018091A2
:105100002101816080932101809120018160809341
:10511000200180917A00846080937A0080917A00E7
:10512000826080937A0080917A00816080937A0017
:1051300080917A00806880937A001092C10000917B
:105140000A1914BE1092C0008091C0008260809342
:10515000C0001092C50087E08093C4008091C10018
:1051600080618093C1008091C10088608093C100FC
:105170008091C10080688093C1000E94EBEE6B01BA
:105180007C0128EEC20E23E0D21EE11CF11C8FE24E
:1051900097E10E941A2D882309F48FC08CEF9FE2BB
:1051A0000E943730269A2E9880913C0390913D03BF
:1051B000A0913E03B0913F0389A39AA3ABA3BCA3E4
:1051C000CE0181969BAB8AABFE01B596FEA3EDA303
:1051D000812CE4E29E2EE4EFAE2EB12CEAA9FBA9CD
:1051E0006191FBABEAABCE0101960E941C2D8A892E
:1051F000811105C18989882309F401C1FF85F9A7B7
:10520000EE24EA94F12CF23019F0EE24EA94FE2C0C
:1052100029813A813DAB2CAB8B819C8198A78FA3D0
:105220008EE0E0E4F3E0DE01539601900D928A9562
:10523000E1F799A5923009F049C0E1E0E8AFF3E069
:10524000F9AFCE0143969FAB8EAB11E091E09AA7E8
:1052500019AAEFEFF0E0F8ABEFA75DEF252E312CA8
:10526000EEA9FFA9C190D190FFABEEABF9A5F2304A
:1052700091F120E2C216D10409F491C030E8C316BE
:10528000D10409F48CC088EE93E0C89E9001C99EB9
:10529000300DD89E300D112450E040E0C501B4011E
:1052A0000F94A43BC9010197369527950097A9F45F
:1052B000E1E0F0E0FCA7EBA717C00E94EBEE6C1951
:1052C0007D098E099F0997FDF8CF68CF2AE028AFA6
:1052D0003EE039AFB6CF9701C701FCA6EBA68E150D
:1052E0009F0510F49CA78BA72115310509F4A0C1D7
:1052F000FEA6EDA62E153F0510F43EA72DA78BA503
:105300009CA501968C9D90018D9D300D9C9D300D2E
:10531000112450E040E0C501B4010F94A43B2901E1
:105320003BAF2AAFCC0CDD1C8DA59EA5C89E90017D
:10533000C99E300DD89E300D112450E040E0C501CB
:10534000B4010F94A43BF90199EE291693E03906B4
:1053500008F471C1B10188EE93E0DB01A81BB90B21
:105360008AAD9BAD893E934008F469C1B20188EED5
:1053700093E0681B790BE93EF34008F464C1C9016E
:10538000E8EEF3E08E1B9F0B6A177B0724F4861769
:1053900097070CF05CC18A179B070CF461C11F5F73
:1053A000183009F05DCFECA9FDA980818C7F9AA50A
:1053B0009370892B8083EFA1F8A52081FAA58F2F08
:1053C00090E09595879595958795A3E0880F991F0F
:1053D000AA95E1F7277E822BEFA1F8A58083808133
:1053E000887FF9A98F2BEFA1F8A58083F9A5F2306A
:1053F00031F0ED85FE852FA538A9318320838DA15D
:105400009EA1EAA9FBA98E179F0709F0E7CE0E948B
:10541000EE2C00FF04C083EF9FE20E94373001FFB3
:1054200004C082EE9FE20E94373002FF04C080ED8C
:105430009FE20E94373003FF04C08FEB9FE20E947F
:10544000373005FF04C08EEA9FE20E9437308EE9B4
:105450009FE20E9437300E94F7318AE69FE20E9465
:1054600037300E94F73182E59FE20E9437300E9478
:10547000F7318091041990910519BE016F5F7F4F3C
:10548000009709F4F6C0681B790B83E49FE20E9441
:10549000D83560EA73E08CE29FE20E94F5B5389A55
:1054A00040981092390910923A0910923B091092D3
:1054B0003C090E94EF350F94EF128091350A81115B
:1054C00007C00E94E0C6882319F081E08093350A66
:1054D0002091430930914409409145095091460972
:1054E000609158027091590280915A0290915B022A
:1054F0000F94223C609358027093590280935A0291
:1055000090935B02209147093091480940914909E5
:1055100050914A0960915C0270915D0280915E0237
:1055200090915F020F94223C60935C0270935D0245
:1055300080935E0290935F0220914B0930914C0959
:1055400040914D0950914E09609160027091610245
:1055500080916202909163020F94223C60936002FA
:105560007093610280936202909363020E9493AFF2
:10557000249A2C988091010180628093010180918E
:105580000201807280930001809101018064809308
:10559000010180910201809580748093000187ED64
:1055A00080937A0010927E0010927D0080917D00A1
:1055B000806280937D0080917D00806480937D0077
:1055C00080E887BD80916E00826080936E00E6E087
:1055D000F8E3C590D490F5E0CF16D1041CF4E5E0D3
:1055E000CE2ED12CD0922A02C09229020D2C000C72
:1055F000EE08FF0880912502909126020F94692001
:105600004B015C01C701B6010F9445359B01AC010C
:10561000C501B4010F943E3587FF2EC0809125024D
:105620009091260240979093260280932502E2CF24
:1056300021E030E062CEC10168EE73E08ECEC2019F
:1056400068EE73E096CEF90188EE93E09BCE1201EE
:1056500099AD9AA719ABEBA5FCA5F8ABEFA79FCE28
:105660001901F8ADFAA719AB2DA53EA538AB2FA7A8
:1056700096CE6A50794109CFEAE0F7E3C590D4901D
:1056800021E0C21AD1083CE3C31631E0D30624F06E
:105690007BE3C72EDD24D394D0922C02C0922B0240
:1056A0000D2C000CEE08FF08809127029091280233
:1056B0000F9469204B015C01C701B6010F94453579
:1056C0009B01AC01C501B4010F94823E181654F43D
:1056D000809127029091280240969093280280930F
:1056E0002702E2CF80912302909124020E94B09978
:1056F00020E030E040EA50E40F943E3587FF0AC0D6
:1057000080912302909124024097909324028093E9
:105710002302E8CF80913D0990913E090E94B09903
:1057200020E030E046E153E40F94823E181654F432
:1057300080913D0990913E09409690933E09809357
:105740003D09E8CF0E940FB36D98759A80910401CE
:105750008D7F8093040180910501809582708093F4
:10576000030153985B9A1092400910923F090E94DE
:105770004EB1819A879A80910A01826080930A01D2
:105780000E9A579A5F9A829A8A9A8091070181604D
:1057900080930701809108018095817080930601B4
:1057A0000A9A129A809A88985F9A8091C60E8E7F84
:1057B0008093C60E869A8E988A9A8091C60E8D7FA7
:1057C0008093C60E80910A01886080930A018091BF
:1057D0000B01887080930901809108018095817088
:1057E000809306018091C60E8B7F8093C60E0C9A23
:1057F0001498129A809180008C7F80938000809111
:105800008100877E886080938100809180008F7303
:105810008093800080918100887F826080938100E6
:1058200080E090E490938900809388001092850036
:10583000109284000E94EF2B789486E080934109B7
:105840000E94189B109242090E944EB188E198E292
:105850000FB6F894A895809360000FBE90936000F7
:105860000E949B3083E080938F0921E6D22E3DE099
:10587000432E4AE0542E53E0A52E50E3B52E63E0AC
:10588000C62E80E00E94075680912C1787FF2FC0FC
:1058900010922217877F8B7F80932C170E947F9115
:1058A0001092981010929710109296100E9407AACA
:1058B0000E947FA88EEF0E9407AF0E9493AF0E94C4
:1058C0007EBC0E9497991092990E10922D020E9410
:1058D00010280E94F3EF882331F00E9410288EE4F4
:1058E00093E00E9408C2B092100AA0920F0A809121
:1058F0008F098DB69EB610E000E0843009F441C0F7
:105900008DB69EB660910F0A7091100A10E000E00B
:105910006115710509F07BC080914F09882309F456
:1059200019C1EFE4F9E08F010F541940F190FF2005
:1059300019F02AE0F212F7CF0115110559F0F8011C
:10594000E15BF64F10828FE499E00E94302280E004
:105950000E94206281E0F11001C080E0800F982F4A
:10596000E92FF0E0E15BF64F2081E92FE81BF0E042
:10597000E15BF64F2083222309F485C09F5FF0CFBF
:105980008C01F801EE5DFF4CE491C8010196EE2315
:1059900011F0EA30A9F7EDB7FEB7E81BF90B0FB627
:1059A000F894FEBF0FBEEDBF2DB73EB72F5F3F4F40
:1059B0007901A80162E270E3C9010F946534F7012F
:1059C000E00FF11F1082F70180818B33C9F08091C5
:1059D00096108430A8F4809198108D9DC0011124F8
:1059E000B70187569F4E0F947B3F81E00F94E614DA
:1059F0000FB6F8949EBE0FBE8DBEC0928F0980CFA9
:105A00000FB6F8949EBE0FBE8DBE7ACF8301FB0108
:105A1000E00FF11F34903801FFEF6F1A7F0A332037
:105A200019F02AE03212F2CF8DB79EB78619970986
:105A30000FB6F8949EBF0FBE8DBFEDB7FEB731967F
:105A40007F01A801CF010F946534F701E00FF11F2A
:105A50001082332009F47BC080910F0A9091100AC4
:105A6000680E791E7092100A60920F0A012B31F0B5
:105A7000C7010E94302280E00E9420620FB6F89495
:105A80009EBE0FBE8DBE9091C70E8091360A9817AC
:105A900009F4F7CE8091C70E8093360A8091C70E25
:105AA000882309F4EECE0E94F7318DE790E30E943F
:105AB00037308091C70E10E280FF0AC080E00E945C
:105AC000DDA9AB01BC0189E790E30E945D3218E5D6
:105AD0008091C70E00E281FF0AC081E00E94DDA92B
:105AE000AB01BC0185E790E30E945D3209E580913E
:105AF000C70E82FFBEC082E00E94DDA9AB01BC01DF
:105B000081E790E30E945D329AE5F92E8AE00E94D7
:105B100030301F9280E28F931F92FF921F920F935B
:105B20001F921F9389E590E39F938F9382E690E302
:105B30009F938F931F920F94C3142DB73EB7235F8B
:105B40003F4F0FB6F8943EBF0FBE2DBF9ACE712CBB
:105B5000612C88CF80919610882309F494CF80918E
:105B60002C1780FF80C0009197100D9D800111249B
:105B700007561F4E65E570E3C8010F94BB340097CC
:105B800031F0FC01838180538A3008F057C0F8015E
:105B900001900020E9F731977F01E01AF10A109295
:105BA00090186EE470E0C8010F94703F4C010097AC
:105BB000B1F5F1E0EF1AF108F801EE0DFF1D418299
:105BC00052821382F80101900020E9F73197AF016A
:105BD000401B510BB80180E998E10E94498E8091E9
:105BE0009018882331F00E94FB308BE290E30E94F2
:105BF000373080912C1781FD36C0E0919710DE9EE2
:105C0000F0011124E750FF4E808181111FC088E20E
:105C100090E30E9437308AE00E94303017C060E283
:105C200070E00F94703F8C010F5F1F4F6AE270E0CD
:105C3000C4010F94703FFC013197C1CF0F94D5156B
:105C400082E490E30E9437300E94453080919710A3
:105C50008F5F843058F48093971080919610815014
:105C60008093961010CF0E945481F0CF109297101D
:105C7000F4CF80E2F82E4ACFCF93DF9381E397E110
:105C80000E94402880E998E10E944028C0E9D8E1BC
:105C90006B97CE010E94402887E1C238D807C1F730
:105CA00087E697E10E9440288CE497E1DF91CF914D
:105CB0000C9440280F931F93CF93DF9310924C17AF
:105CC00010924F171092671710926A17E2E8F7E1E7
:105CD00080E998E1108213827B968E179F07D1F797
:105CE00087ED93E09093FD188093FC181092FE18B6
:105CF00089E180930019109203191092B614109242
:105D0000901810929318C1E0C093061510920715D1
:105D1000109208151092091510920A1510920B1581
:105D200010920C1510920D1510920E1510920F1561
:105D30001092101510921115109212151092131541
:105D40001092141510921515109216151092171521
:105D5000109218151092191510921A1510921B1501
:105D600010921C1510921D1510921E1510921F15E1
:105D700010922015109221151092221510922315C1
:105D8000109224151092251510922615C093DA143E
:105D90001092DB141092DC141092DD141092DE14B9
:105DA0001092DF141092E0141092E1141092E21499
:105DB0001092E3141092E4141092E5141092E61479
:105DC0001092E7141092E8141092E9141092EA1459
:105DD0001092EB141092EC141092ED141092EE1439
:105DE0001092EF141092F0141092F1141092F21419
:105DF0001092F3141092F4141092F5141092F614F9
:105E00001092F7141092F8141092F9141092FA14D8
:105E10001092BD141092BE141092BF141092C014B0
:105E20001092C1141092C6141092C7141092C81484
:105E30001092C9141092CA1487E295E19093341518
:105E40008093331510926A1510926B1510926C1591
:105E500010926D15109266151092671510926815C4
:105E600010926915109262151092631510926415C4
:105E70001092651510925E1510925F1510926015C4
:105E80001092611510925A1510925B1510925C15C4
:105E900010925D15109256151092571510925815C4
:105EA00010925915109252151092531510925415C4
:105EB0001092551510924E1510924F1510925015C4
:105EC0001092511510924A1510924B1510924C15C4
:105ED00010924D15109246151092471510924815C4
:105EE00010924915109242151092431510924415C4
:105EF0001092451510923E1510923F1510924015C4
:105F00001092411510923A1510923B1510923C15C3
:105F100010923D15109239151092381510923715C0
:105F2000109236151092351584E0809371151092F9
:105F30006F1510926E15109270151AE51093D51505
:105F400010938515D5EAD093D615D09386150EE219
:105F5000E4E2F6E1DF01202F1D922A95E9F78FEFA9
:105F60009FEF90938315809382150E94B2B5109392
:105F7000A31610935316D093A416D0935416E2EFA1
:105F8000F6E1DF011D920A95E9F7109231171092A0
:105F90003417C09320178CEF98E190932E178093BD
:105FA0002D1780912C17847E8B7F80932C17109255
:105FB00028171092291710922A1710922B17109257
:105FC0002417109225171092261710922717109257
:105FD00023171092221710922117E2E8F7E18EE0C2
:105FE00091E0DF019C011D9221503040E1F780914A
:105FF0000A018E7F80930A0180910B018095817048
:1060000080930901C0932F1710923017DF91CF9121
:106010001F910F910895EF920F931F93CF93DF93EA
:10602000E80134E047FD34E1042E000C550B57FF26
:1060300003C0519541955109E32E022F242FAE0143
:106040000F941338CE01DF91CF911F910F91EF90F4
:1060500008958F929F92AF92BF92CF92DF92EF926C
:10606000FF92CF93DF93EC01688179818A819B81D4
:10607000611571058105910521F464E279ED8BE5E7
:1060800097E02DE133EF41E050E00F94A43B49014C
:106090005A019B01AC01A7EAB1E40F94C33B6B0129
:1060A0007C01ACEEB4EFA50194010F94D13BC60E78
:1060B000D71EE81EF91EF7FE06C081E0C81AD108F7
:1060C000E10880E8F80AC882D982EA82FB82C70127
:1060D000B6019F77DF91CF91FF90EF90DF90CF9047
:1060E000BF90AF909F908F9008958F929F92AF92A4
:1060F000BF92CF92DF92EF92FF9260917102709106
:10610000720280917302909174026115710581058C
:10611000910521F464E279ED8BE597E02DE133EF11
:1061200041E050E00F94A43B49015A019B01AC01AE
:10613000A7EAB1E40F94C33B6B017C01ACEEB4EF72
:10614000A50194010F94D13BC60ED71EE81EF91E7F
:10615000F7FE06C081E0C81AD108E10880E8F80A15
:10616000C0927102D0927202E0927302F0927402B5
:10617000C701B6019F77FF90EF90DF90CF90BF905F
:10618000AF909F908F900895609371027093720208
:10619000809373029093740208958F929F92AF92AE
:1061A000BF92CF92DF92EF92FF920F931F93CF9304
:1061B000DF935C017B016115710519F0DB018D93A3
:1061C0009C9385010F5F1F4FF501D0818D2F90E0CB
:1061D0000F945C346C01892BB9F5DD32B9F50F5F92
:1061E0001F4FD5011196DC91C1E05801F1E0AF1AC3
:1061F000B10843E050E068E973E0C5010F949434BE
:10620000892B69F5680182E0C80ED11C45E050E099
:1062100063E973E0C6010F949434892B21F468017B
:1062200097E0C90ED11CE114F10419F0D701CD9209
:10623000DC9260E070E080E89FEFC111FFC060E099
:1062400070E080E89FE7FAC05801BBCFDB3229F449
:1062500085010E5F1F4FF501D181C0E0C6CF43E03D
:1062600050E060E973E0C5010F949434892BE9F0A4
:10627000F80110E000E020E030E0A9015F01B0ED9E
:106280008B2E8D0E89E08815C8F19C2E689491F8AC
:106290008C2F8870C2FF16C0811102C00F5F1F4F84
:1062A0003196D501DC91C92DE9CFE114F10429F033
:1062B0000E5F1F4FF7011183008360E070E080ECF8
:1062C0009FE7BCC0882311F001501109A5E0B0E0A0
:1062D0000F94C33B9B01AC01220F331F441F551F7A
:1062E000280D311D411D511D283999E939074907EC
:1062F00099E15907A8F2C6609C2ED2CFAEEF8A1260
:1063000006C0C3FD3CC09C2E689493F8C9CFDF7DC6
:10631000D534A9F580818D3239F4C061DF01129640
:10632000818162E070E006C0DF018B32C1F311961B
:1063300061E070E080535D01A61AB70A8A30F8F474
:10634000E0E8CE16ECE0DE065CF4B601660F771FDF
:10635000660F771FC60ED71ECC0CDD1CC80ED11CD5
:106360005D01FFEFAF1ABF0A8C9180538A30A8F10C
:10637000C4FF03C0D194C194D1080C0D1D1DC1FFF1
:1063800009C0E114F10431F081E0A81AB108D70185
:10639000AD92BC92CA01B9010F944335C370C330AA
:1063A00009F490584B015C0120E030E0A9010F9402
:1063B0003E35882309F440C0C7ECD3E017FF05C081
:1063C000119501951109CFEAD3E06E01B8E1CB1A1E
:1063D000D10880E2E82EF12C0FC0D501B1CFFE012B
:1063E00025913591459154910E191F09C501B401AC
:1063F0000F94A4354B015C01D501C4010E151F0596
:1064000074F72497F594E794CC16DD06A9F78A2F44
:10641000880F8B2F881F8F3F49F020E030E0A901C3
:10642000C501B4010F943E35811106C082E290E0AF
:106430009093091980930819C501B401DF91CF9198
:106440001F910F91FF90EF90DF90CF90BF90AF9092
:106450009F908F9008953F924F925F926F927F929C
:106460008F929F92AF92BF92CF92DF92EF92FF9264
:106470000F931F93CF93DF935C016B017A0161153A
:10648000710519F0FB0191838083E114F10451F04F
:10649000C7010297839730F040E030E020E090E0C1
:1064A0006BC05E01E5012196F5011081812F90E01E
:1064B0000F945C34892BA9F71D3201F52196F50163
:1064C000118101E0E114F10409F4E6C0F0E1EF16F6
:1064D000F10409F088C0103359F488818F7D883524
:1064E00009F07CC0198122960260F0E1EF2EF12CB8
:1064F000812C912CA12C88E0B82E92C01B3221F463
:10650000E5012296F501118100E0DCCFEAE0EE160C
:10651000F10409F4C7C0F0E1EF16F10409F073C00B
:10652000E7CF78E0E72EF12C812C912CA12C60E1B3
:10653000B62E76C021E0ADC0302F3170C114D10429
:1065400031F0222371F12197F601D183C08327FF17
:106550002EC060E070E080E090E8311104C06FEF81
:106560007FEF8FEF9FE722E230E03093091920930D
:106570000819462F372F282F642F732F822FDF9172
:10658000CF911F910F91FF90EF90DF90CF90BF9030
:10659000AF909F908F907F906F905F904F903F90C3
:1065A000089501FF04C02297F601D183C0833323ED
:1065B00041F090958095709561957F4F8F4F9F4FDB
:1065C000D8CF97FFD6CF82E290E0909309198093BD
:1065D00008196FEF7FEF8FEF9FE7CBCF10E3E11448
:1065E000F10409F49ECF28E0E216F10409F49CCFEF
:1065F0000CF08CCF812C912CA12CE0E4BE2E82E0FB
:10660000E816F10469F060E070E080E090E897013E
:106610000F2C000C440B550B0F94823B49015A017F
:1066200020E060E070E0CB0127010F2C000C660831
:106630007708FE0150ED352E310E39E0331570F438
:106640003FEB310F49EC342E3A3138F03FE9310F4E
:106650003A3108F071CF39EA332E310E3E141F045F
:106660000CF06ACF27FD15C086169706A806B90656
:1066700078F0A30192010F94723B630D711D811D8F
:10668000911D61307105810520E8920708F452CF11
:106690002FEF21961081CDCF103309F41ECF2AE0C1
:1066A000E22EF12C9CEC892E982CA82C9CE0B92E83
:1066B000B7CF3F924F925F926F927F928F929F924D
:1066C000AF92BF92CF92DF92EF92FF920F931F9300
:1066D000CF93DF935C016B017A016115710519F0AD
:1066E000FB0191838083E114F10449F0C701029713
:1066F000839728F060E070E0CB019BC05E01E5016C
:106700002196F5011081812F90E00F945C34892B44
:10671000A9F71D3209F05CC02196F501118101E055
:10672000E114F10409F4BBC0F0E1EF16F10409F043
:106730009BC0103341F488818F7D883509F08FC06C
:10674000198122960260E0E1EE2EF12C88248A94D1
:10675000982CA82CFFE0BF2E20E060E070E0CB0179
:1067600027010F2C000C66087708FE0150ED352E2E
:10677000310E39E0331568F43FEB310F49EC342E1C
:106780003A3130F03FE9310F3A31B0F539EA332E82
:10679000310E3E141F0484F52F3FB9F0861697067C
:1067A000A806B90638F1A30192010F94723B232D7C
:1067B00030E050E040E0620F731F841F951F6217A6
:1067C000730784079507B0F021E021961081CDCFA3
:1067D0001B3221F4E5012296F501118100E0A0CFE2
:1067E00078E0E72EF12C88248A94982CA82C6FE16D
:1067F000B62EB2CF2FEFE9CFC114D10431F022234E
:1068000051F12197F601D183C08300FF07C0909515
:106810008095709561957F4F8F4F9F4F2F3F49F423
:1068200082E290E090930919809308196FEF7FEF4F
:10683000CB01DF91CF911F910F91FF90EF90DF90EF
:10684000CF90BF90AF909F908F907F906F905F9010
:106850004F903F90089501FFD8CF2297D3CF10E3F8
:10686000E114F10409F4BCCF3AE0E316F104E9F0D5
:1068700080E1E816F10409F466CFE8E0EE16F104D1
:1068800009F4B1CF6FEF7FEFCB0197010F2C000C14
:10689000440B550B0F94823B49015A015DCF1033D5
:1068A00009F449CF9AE0E92EF12C89E9882E982C39
:1068B000A82C89E1B82E50CF91110D94643A803202
:1068C00019F089508550C8F70895FB01DC0102C01A
:1068D00005900D9241505040D8F70895FB01DC011E
:1068E0000D900020E9F7119705900D920020E1F737
:1068F0000895FC010590061621F00020D9F7C0018B
:1069000008953197CF010895FB01DC0105900D92A8
:106910000020E1F70895FC0105900020E9F780953B
:1069200090958E0F9F1F0895FB01DC014150504050
:1069300088F08D9181341CF08B350CF4805E65916C
:1069400061341CF06B350CF4605E861B611171F3D1
:10695000990B0895881BFCCFFB01DC01415050408E
:1069600048F005900D920020C9F701C01D924150DA
:106970005040E0F70895FB0155915523A9F0BF0160
:10698000DC014D9145174111E1F759F4CD01059016
:10699000002049F04D9140154111C9F3FB0141110F
:1069A000EFCF81E090E0019708950F931F93CF936D
:1069B000DF93CDB7DEB72E970FB6F894DEBF0FBECC
:1069C000CDBF0E891F898EE08C831A8309838FEFD8
:1069D0009FE79E838D83AE01465E5F4F688D798D04
:1069E000CE0101960F9411362F813885020F131FA7
:1069F000F80110822E960FB6F894DEBF0FBECDBF01
:106A0000DF91CF911F910F9108950F931F93CF9313
:106A1000DF93CDB7DEB72E970FB6F894DEBF0FBE6B
:106A2000CDBF8C01FA018EE08C831A83098377FF36
:106A300002C060E070E8615071097E836D83A90136
:106A4000BF01CE0101960F9411364D815E8157FD35
:106A50000AC02F813885421753070CF49A01020FA0
:106A6000131FF80110822E960FB6F894DEBF0FBEEA
:106A7000CDBFDF91CF911F910F9108950F94803575
:106A800008F481E00895E89409C097FB3EF49095DE
:106A90008095709561957F4F8F4F9F4F9923A9F0F7
:106AA000F92F96E9BB279395F69587957795679586
:106AB000B795F111F8CFFAF4BB0F11F460FF1BC0CA
:106AC0006F5F7F4F8F4F9F4F16C0882311F096E95D
:106AD00011C0772321F09EE8872F762F05C066230B
:106AE00071F096E8862F70E060E02AF09A95660FC4
:106AF000771F881FDAF7880F9695879597F908957D
:106B0000990F0008550FAA0BE0E8FEEF16161706BE
:106B1000E807F907C0F012161306E407F50798F026
:106B2000621B730B840B950B39F40A2661F0232B3F
:106B3000242B252B21F408950A2609F4A140A695BB
:106B40008FEF811D811D08950F94B7350D94223B61
:106B50000F94143B38F00F941B3B20F0952311F059
:106B60000D940B3B0D94113B11240D94563B0F9447
:106B7000333B70F3959FC1F3950F50E0551F629F13
:106B8000F001729FBB27F00DB11D639FAA27F00D86
:106B9000B11DAA1F649F6627B00DA11D661F829FAD
:106BA0002227B00DA11D621F739FB00DA11D621F92
:106BB000839FA00D611D221F749F3327A00D611DAF
:106BC000231F849F600D211D822F762F6A2F112491
:106BD0009F5750409AF0F1F088234AF0EE0FFF1FC4
:106BE000BB1F661F771F881F91505040A9F79E3F1B
:106BF000510580F00D940B3B0D94563B5F3FE4F341
:106C0000983ED4F3869577956795B795F795E79570
:106C10009F5FC1F7FE2B880F911D9695879597F979
:106C200008952F923F924F925F926F927F928F9230
:106C30009F92AF92BF92CF92DF92EF92FF920F930B
:106C40001F93CF93DF9300D000D000D01F921F92EC
:106C5000CDB7DEB77C013B018A01FC0117821682A9
:106C6000838181FFDDC1CE0101965C01F701938133
:106C7000F30193FD859193FF81913F01882309F4EE
:106C800053C1853239F493FD859193FF81913F0182
:106C9000853229F4B70190E00F947D3AE7CF912C2B
:106CA000212C312CFFE1F31538F08B3211F190F4E7
:106CB000803209F1833229F137FC3CC020ED280FE6
:106CC0002A3050F536FE20C08AE0989E200D11240F
:106CD000922E06C08D3291F0803371F7689430F8AF
:106CE000F30193FD859193FF81913F018111DACFEB
:106CF00021C0689431F8689432F8F2CF689433F880
:106D0000EFCF689434F8ECCFEAE02E9E200D1124EA
:106D1000222E689435F8E4CF8E3229F436FC04C173
:106D2000689436F8DDCF8C3619F4689437F8D8CFEC
:106D30008836B1F2982F9F7D95549330E0F08336DA
:106D4000A1F18337C1F1833509F063C02801F2E076
:106D50004F0E511CF801C080D180692D70E036FCC7
:106D600002C06FEF7FEFC6010F94673A4C01689441
:106D700037F882010AC00C5F1F4FFFE3F9838824B4
:106D80008394912C6501E89437F833FE2DC0522C82
:106D90008114910471F5552009F468CFB70180E2A0
:106DA00090E00F947D3A5A94F6CFF8018081898360
:106DB0000E5F1F4FE4CF2801F2E04F0E511CF80187
:106DC000C080D180692D70E036FC02C06FEF7FEF8C
:106DD000C6010F94723A4C018201D5CFB70180E20F
:106DE00090E00F947D3A2A942814190409F0B0F722
:106DF000CECFF60137FC859137FE81916F01B70147
:106E000090E00F947D3A51105A94F1E08F1A910856
:106E1000BFCF843619F0893609F077C0F80137FE04
:106E20006BC060817181828193810C5F1F4FF32D54
:106E3000FF763F2E97FF09C09095809570956195DC
:106E40007F4F8F4F9F4F689437F82AE030E0A501BD
:106E50000F94AD3AC82ECA188C2C432C36FE0CC0A9
:106E6000E89440F8C91440F434FE05C032FC03C075
:106E7000F32DFE7E4F2E892C44FEAAC0FE01EC0DA0
:106E8000F11D8081803309F09CC0242D297E422E83
:106E9000842D8870582E43FCAAC040FEA4C09C2CB0
:106EA000821418F42C0C922C981844FEA6C0B7013A
:106EB00080E390E00F947D3A42FE09C088E790E0BD
:106EC00041FE02C088E590E0B7010F947D3AC914F5
:106ED00008F49FC0CA94D12C9FEFC91AD90ACA0CD2
:106EE000DB1CF60182916F01B70190E00F947D3AAF
:106EF000AC14BD04B1F74FCF60817181072E000C37
:106F0000880B990B0E5F1F4F92CFD32CE894D4F8C7
:106F10002AE030E08537E1F1232D297FD22E8F360C
:106F2000A9F1F0F4883551F1F701868197812B960C
:106F30000FB6F894DEBF0FBECDBFDF91CF911F918A
:106F40000F91FF90EF90DF90CF90BF90AF909F9008
:106F50008F907F906F905F904F903F902F9008950B
:106F6000803749F0883701F7D4FE02C06894D2F820
:106F700020E130E00DC06894D4F8F6CF34FE03C0B1
:106F8000822F8660D82E20E132E002C028E030E077
:106F9000F801D7FE0FC060817181828193810C5FFF
:106FA0001F4FA5010F94AD3AC82ECA183D2CE89486
:106FB00037F852CF6081718190E080E00E5F1F4F03
:106FC000F0CF42FC02C0839463CF8394839460CF5C
:106FD000842D867809F45CCFF6CFB70180E290E08B
:106FE0000F947D3A83948214C0F3512C5ECF522CBF
:106FF0005818821408F459CFF8CF842D867809F4F4
:1070000066CF8BE241FE80E247FC8DE2B70190E063
:107010005CCFB70180E390E00F947D3A9A9457CF0C
:107020008FEF9FEF84CF8F929F92AF92BF92CF92BC
:10703000DF92EF92FF920F931F93CF93DF9300D0D5
:1070400000D000D0CDB7DEB76A01F22EB02E102FDF
:10705000FBE3AF2EA01608F41BE31F5F012F27E010
:10706000AE014F5F5F4F0F948C39BC018981982F1F
:107070009970913009F44EC09BE2E1FC04C09E2D52
:107080009170E0FC49C05E2D5071E82FE87083FFDD
:1070900055C084E0911101C083E0EF2DE81B8F15EE
:1070A00008F0E0E0D6018E2F20E25523C9F19923A4
:1070B00029F0D6019C93C60101966C0196012D5FC3
:1070C0003F4FE2FE33C08EE4D6018C9391E41196DB
:1070D0009C93119712968C93D9018E2F90E2811177
:1070E0002AC0E20FF32FF11D10828EEF9FEF299639
:1070F0000FB6F894DEBF0FBECDBFDF91CF911F91C9
:107100000F91FF90EF90DF90CF90BF90AF909F9046
:107110008F9008959DE2B7CF90E2B5CF2D93815027
:107120008111FCCFCE0ED11CE0E0C1CF8EE6D6019E
:107130008C9391E6CCCF9D938150D1CF482F447052
:1071400082FF3DC084E0911101C083E08F1510F4EF
:10715000EF2DE81BD6018E2F20E2552309F199234C
:1071600029F0D6019C93C60101966C0196012D5F12
:107170003F4FE2FE1BC089E4D6018C938EE411964A
:107180008C93119786E412968C93D9018E2F90E2FE
:10719000882309F4A6CF9D938150FACF2D93815077
:1071A0008111FCCFCE0ED11CE0E0D9CF89E6D6010B
:1071B0008C938EE611968C93119786E6E4CF9B0113
:1071C00077FF02C030E020E0A1E0B0E0911102C002
:1071D000B0E0A0E0F9013196AE0FBF1F8B2C912CCF
:1071E000BB2009F461C05401EFEFAE1ABE0AAA0D2C
:1071F000BB1DFA161B0619F014F04F2D4A1B511136
:1072000088C0E3FC59C07601A42FB0E2A1114FC0A1
:10721000C40ED11C992309F45BC040E0D60111963D
:10722000F60190836D01552309F448C0012F060F24
:107230009A81582F507184FF03C0913309F4015093
:1072400010160CF047C0093008F008E0EEE2FE2E00
:107250005B01A01AB10885019194819491082F3F98
:10726000320729F4D601FC92F60131966F016217BC
:10727000730794F1021713077CF5DB01A21BB30B14
:10728000AA24A394B12CAC0EBD1EAA0DBB1D119651
:107290008C9121503109D601119628153905F4F049
:1072A000F60180836D01DBCFB12CA12CA0CFF701BB
:1072B000B1937F01A150AACF9111B0CFD601942FE5
:1072C00050E302C05D9391509111FCCFC40ED11CCC
:1072D00040E0ACCF01E0BACF80E3DBCF62177307A9
:1072E00031F4963388F4953311F4552369F0F6019F
:1072F0008083FD01842F90E2811108C0A40FB11D8D
:107300001C9290E080E0F3CE81E3F1CF9193815025
:10731000F3CF911183CF8ACF283008F027E03327AD
:10732000DA01990F311D87FD9160009661057105A5
:1073300039F432602E5F3D9330E32A95E1F70895EA
:107340009F3F30F080387105610509F03C5F3C5F7C
:107350003D93913008F08068911DDF93CF931F9388
:107360000F93FF92EF92192F987F9695E92F96959C
:107370009695E90FFF27EB5DFB4F99273327EE2406
:10738000FF24A701E70105900894079428F4360F1D
:10739000E71EF81E491F511D660F771F881F991F92
:1073A0000694A1F70590079428F4E70EF81E491FEC
:1073B000561FC11D770F881F991F661F0694A1F7DE
:1073C0000590079428F4F80E491F561FC71FD11DBA
:1073D000880F991F661F771F0694A1F705900794E1
:1073E00020F4490F561FC71FD81F990F661F771F1C
:1073F000881F0694A9F784911095177041F0D695CF
:10740000C79557954795F794E7941A95C1F7EBEC14
:10741000F3E06894159015913591659195910590DB
:107420007FE27395E118F10A430B560BC90BD009A3
:10743000C0F7E10CF11E431F561FC91FD01D7EF47B
:10744000703311F48A95E6CFE894015030F0080FBC
:107450000AF40027021708F4202F2395022F7A330D
:1074600028F079E37D932A95E9F710C07D932A955A
:1074700089F6069497956795379517951794E118AF
:10748000F10A430B560BC90BD00998F023957E9156
:1074900073957A3308F070E37C932013B8F77E91EC
:1074A00070617D9330F0839571E37D9370E32A954D
:1074B000E1F71124EF90FF900F911F91CF91DF9191
:1074C000992787FD90950895992788270895FC01AD
:1074D0000590615070400110D8F7809590958E0FFF
:1074E0009F1F0895FC016150704001900110D8F772
:1074F000809590958E0F9F1F08950F931F93CF93A4
:10750000DF93182F092FEB018B8181FD09C01FEF3D
:107510000FEF812F902FDF91CF911F910F91089541
:1075200082FF14C02E813F818C819D8128173907ED
:107530003CF4E881F981CF01019699838883108317
:107540008E819F8101969F838E83E3CFE885F985A5
:10755000812F1995892BA1F3DACFFA01AA272830B8
:1075600051F1203181F1E8946F936E7F6E5F7F4F10
:107570008F4F9F4FAF4FB1E03ED0B4E03CD0670F8C
:10758000781F891F9A1FA11D680F791F8A1F911DDF
:10759000A11D6A0F711D811D911DA11D20D009F42F
:1075A00068943F912AE0269F11243019305D319371
:1075B000DEF6CF010895462F4770405D4193B3E05A
:1075C0000FD0C9F7F6CF462F4F70405D4A3318F001
:1075D000495D31FD4052419302D0A9F7EACFB4E0B2
:1075E000A6959795879577956795BA95C9F700976A
:1075F0006105710508959B01AC010A2E069457950B
:10760000479537952795BA95C9F7620F731F841F61
:10761000951FA01D089597F99F6780E870E060E0CE
:1076200008959FEF80EC089500240A94161617061B
:1076300018060906089500240A9412161306140663
:1076400005060895092E0394000C11F4882352F0C6
:10765000BB0F40F4BF2B11F460FF04C06F5F7F4F7E
:107660008F4F9F4F089557FD9058440F551F59F065
:107670005F3F71F04795880F97FB991F61F09F3F1F
:1076800079F087950895121613061406551FF2CF48
:107690004695F1DF08C0161617061806991FF1CF98
:1076A00086957105610508940895E894BB276627BF
:1076B0007727CB0197F90895F999FECF92BD81BD47
:1076C000F89A992780B50895262FF999FECF1FBA09
:1076D00092BD81BD20BD0FB6F894FA9AF99A0FBEFB
:1076E00001960895DB018F939F930F94C33BBF9145
:1076F000AF91A29F800D911DA39F900DB29F900D01
:1077000011240895A1E21A2EAA1BBB1BFD010DC076
:10771000AA1FBB1FEE1FFF1FA217B307E407F50741
:1077200020F0A21BB30BE40BF50B661F771F881F1D
:10773000991F1A9469F760957095809590959B01B3
:10774000AC01BD01CF010895052E97FB1EF40094F6
:107750000F94BB3B57FD07D00F94823B07FC03D02F
:107760004EF40D94BB3B50954095309521953F4F7D
:107770004F4F5F4F089590958095709561957F4F1D
:107780008F4F9F4F08950F94D63BA59F900DB49FA8
:10779000900DA49F800D911D11240895B7FF0D94A5
:1077A000C33B0F94C33B821B930B0895A29FB00170
:1077B000B39FC001A39F700D811D1124911DB29F25
:1077C000700D811D1124911D0895991B79E004C04D
:1077D000991F961708F0961B881F7A95C9F7809510
:1077E0000895AA1BBB1B51E107C0AA1FBB1FA61708
:1077F000B70710F0A61BB70B881F991F5A95A9F75A
:1078000080959095BC01CD01089597FB072E16F445
:10781000009407D077FD09D00F94F13B07FC05D009
:107820003EF4909581959F4F0895709561957F4F97
:107830000895EE0FFF1F881F8BBF0790F691E02D74
:1078400019945058BB27AA270F94393C0D94223B1A
:107850000F94143B38F00F941B3B20F039F49F3FFA
:1078600019F426F40D94113B0EF4E095E7FB0D940A
:107870000B3BE92F0F94333B58F3BA17620773079A
:107880008407950720F079F4A6F50D94553B0EF486
:10789000E0950B2EBA2FA02D0B01B90190010C0120
:1078A000CA01A0011124FF27591B99F0593F50F438
:1078B000503E68F11A16F040A22F232F342F442790
:1078C000585FF3CF469537952795A795F040539588
:1078D000C9F77EF41F16BA0B620B730B840BBAF058
:1078E0009150A1F0FF0FBB1F661F771F881FC2F7C3
:1078F0000EC0BA0F621F731F841F48F487957795D7
:107900006795B795F7959E3F08F0B0CF9395880F90
:1079100008F09927EE0F9795879508950F94143BDB
:1079200060F080E891E009F49EEF0F941B3B28F093
:1079300040E851E071F45EEF0CC00D94113B0D94E2
:10794000553BE92FE0780F94333B40F3092E052A8D
:10795000B1F3261737074807590738F00E2E07F8F6
:10796000E02569F0E025E0640AC0EF6307F80094C1
:1079700007FADB01B9019D01DC01CA01AD01EF93FA
:107980000F94333D0F94223B0F94D13C5F915523CC
:1079900039F02BED3FE049E450FD49EC0D94223CD9
:1079A0000895DF93DD27B92FBF7740E85FE3161610
:1079B000170648075B0718F4D92F0F94873E9F934B
:1079C0008F937F936F930F94103FE4EEF0E00F944A
:1079D000043E0F94223B2F913F914F915F910F9462
:1079E000B735DD2351F09058A2EA2AED3FE049EC8B
:1079F0005FE3D0785D270F94393CDF910D94223BF3
:107A00000F946A3E90F09F3748F4911116F40D944C
:107A1000563B60E070E080E89FE3089526F01B1677
:107A2000611D711D811D0D94DB3D0D94F63D0F947C
:107A30002D3EE3950D94563E0F94303D0D94223B20
:107A40000F941B3B58F00F94143B40F029F45F3F18
:107A500029F00D940B3B51110D94563B0D94113BA5
:107A60000F94333B68F39923B1F3552391F3951B9E
:107A7000550BBB27AA2762177307840738F09F5F4F
:107A80005F4F220F331F441FAA1FA9F335D00E2EBC
:107A90003AF0E0E832D091505040E695001CCAF729
:107AA0002BD0FE2F29D0660F771F881FBB1F2617EC
:107AB00037074807AB07B0E809F0BB0B802DBF01C3
:107AC000FF2793585F4F3AF09E3F510578F00D9491
:107AD0000B3B0D94563B5F3FE4F3983ED4F3869501
:107AE00077956795B795F7959F5FC9F7880F911DB3
:107AF0009695879597F90895E1E0660F771F881F9F
:107B0000BB1F621773078407BA0720F0621B730B51
:107B1000840BBA0BEE1F88F7E09508950F94953DFE
:107B20006894B1110D94563B08950F943B3B88F037
:107B30009F5798F0B92F9927B751B0F0E1F0660F31
:107B4000771F881F991F1AF0BA95C9F714C0B13072
:107B500091F00F94553BB1E008950D94553B672F7C
:107B6000782F8827B85F39F0B93FCCF386957795A1
:107B70006795B395D9F73EF490958095709561958A
:107B80007F4F8F4F9F4F08950F946A3E90F09F371D
:107B900048F4911116F00D94563B60E070E080E8D7
:107BA0009FEB089526F41B16611D711D811D0D9418
:107BB000DB3D0D94F63D882371F4772321F0985036
:107BC000872B762F07C0662311F499270DC090519B
:107BD000862B70E060E02AF09A95660F771F881F69
:107BE000DAF7880F9695879597F908959F3F31F0BA
:107BF000915020F4879577956795B795880F911DDB
:107C00009695879597F90895DF93CF931F930F93D8
:107C1000FF92EF92DF927B018C01689406C0DA2E0E
:107C2000EF010F94B735FE01E894A59125913591A8
:107C300045915591A6F3EF010F94393CFE01970150
:107C4000A801DA9469F7DF90EF90FF900F911F91F0
:107C5000CF91DF9108950D94113B0F943B3BD8F3E6
:107C6000E894E0E0BB279F57F0F02AED3FE049ECB5
:107C700006C0EE0FBB0F661F771F881F28F0B23AB1
:107C800062077307840728F0B25A620B730B840BE8
:107C9000E3959A9572F7803830F49A95BB0F661F7A
:107CA000771F881FD2F790480D94F83DEF93E0FFBF
:107CB00007C0A2EA2AED3FE049EC5FEB0F94393CA4
:107CC0000F94223B0F90039401FC9058E1E1F1E006
:107CD0000D94203F0F943B3BA0F0BEE7B91788F40A
:107CE000BB279F3860F41616B11D672F782F8827A1
:107CF000985FF7CF869577956795B11D93959639DF
:107D0000C8F308950F94803508F48FEF08959B0110
:107D1000AC0160E070E080E89FE30D941C3D0F949F
:107D20003B3B58F19E5760F19851A0F0E9F0983034
:107D300020F5092E9927660F771F881F991F0A942F
:107D4000D1F712C0062E672F782F8827985F11F47D
:107D5000000C07C0993FB4F3869577956795939586
:107D6000D9F7611D711D811D3EF490958095709528
:107D700061957F4F8F4F9F4F089568940D94563BA8
:107D80000D94553B9F930F942D3E0F9007FCEE5F93
:107D90000D94563E19F416F40D94113B0D94F63DD6
:107DA0000F943B3BB8F39923C9F3B6F39F57550B98
:107DB00087FF0F94193F0024A0E640EA9001805805
:107DC0005695979528F4805C660F771F881F20F0E2
:107DD00026173707480730F4621B730B840B2029E2
:107DE00031294A2BA69517940794202531254A2737
:107DF00058F7660F771F881F20F0261737074807A8
:107E000030F4620B730B840B200D311D411DA095C6
:107E100081F7B901842F9158880F96958795089519
:107E20009B01AC010D94A4350F948035880B990B00
:107E3000089591505040660F771F881FD2F708951C
:107E40009F938F937F936F93FF93EF939B01AC016D
:107E50000F94A435EF91FF910F94043E2F913F9121
:107E60004F915F910D94A4359111089581548A51D9
:107E700008F4805E855A0895FB01DC0104C08D91F1
:107E80000190801921F441505040C8F7881B990B8C
:107E90000895FB01DC0102C001900D924150504059
:107EA000D8F70895FB01DC018D9181341CF08B35EE
:107EB0000CF4805E619161341CF06B350CF4605EF3
:107EC000861B611189F3990B0895FB01DC010D906C
:107ED0000020E9F7119701900D920020E1F7089535
:107EE000FC018191861721F08823D9F799270895FD
:107EF0003197CF010895FB01DC0101900D92002024
:107F0000E1F70895FB01DC014150504030F08D91C4
:107F10000190801919F40020B9F7881B990B089576
:107F2000FB01DC014150504048F001900D920020CF
:107F3000C9F701C01D9241505040E0F70895FC017F
:107F400081E090E00190061609F4CF010020D1F7FE
:107F5000019708950F931F93CF93DF93CDB7DEB7AB
:107F60002E970FB6F894DEBF0FBECDBF0E891F89C6
:107F700086E08C831A8309838FEF9FE79E838D832E
:107F8000AE01465E5F4F688D798DCE0101960F94EC
:107F900011362F813885020F131FF80110822E969B
:107FA0000FB6F894DEBF0FBECDBFDF91CF911F910A
:107FB0000F9108951DE1C6EADDE100E006C0802FC3
:107FC000FE010F94193C2196011DC73AD10780E0AC
:087FD0000807A9F7F894FFCFA0
:107FD8000D020000803F5CFF79C402C0D401006438
:107FE80000AA00FFFFFFFFFFFFFFFFFFFFFFFF806B
:107FF800FF0601FF3FFF3F00000000FF3F010100B7
:10800800000070C1000020C10000000000809D43F6
:1080180000009B430000C8430000803F640000004C
:10802800484364000000C84100001643000016439E
:10803800000000000000000046009600FFFFFFFF60
:10804800090100000044000000000047004800004B
:10805800000000000101010000484200002041002A
:10806800002041000048420000204100002041005B
:1080780000C07F0000C07F0000C07FFF003C0001FF
:1080880000004040000034420000000000000000F2
:108098000000000000005041000000000000004106
:1080A8006400000064000000030000006400000099
:1080B800640000000300000003000000030000004B
:1080C8001E00000059657320746F20000000000036
:1080D8000000000000000000000000000000000098
:1080E8000000000000000000000000000000004147
:1080F800000000410000004000004842000020410C
:108108000000204100004041563837000A05062E7D
:1081180001000800200040008000000100042F50EA
:108128004C520000004842000048420000804000D5
:1081380000004002100000041000000610000008B3
:108148001000000A1000000C10000026100000307B
:1081580010000032100000341000003A1000003EF9
:1081680010000040100000441000004610000048B5
:108178001000004A1000004C100000541000005677
:10818800100000581000005C1000005E1000005F36
:10819800100000881000000000000058595A4500DF
:1081A80000404100000000DF87AA882287A08707D7
:1081B800872A86A2860D86B287C386BA813D823C0D
:1081C80082525344504800544D3344203130535068
:1081D800726F5632205265616479002564205820F8
:1081E8002564205820256400544D334420313053F1
:1081F80050726F5632004457372E342E3700746948
:108208006E796D616368696E657333642E636F6D33
:108218000044535400505253540042535458595A2E
:10822800450058595A005049440054554C00506173
:108238007573696E672E2E2E004552520050726576
:1082480073732059657320746F20436F6E74696E61
:108258007565004C6F61642046696C616D656E746C
:1082680020746F2020202020202020202020436FF1
:108278006E74696E7565004164642046696C616D51
:10828800656E7420616E64205072657373202020BF
:108298002059657320746F205265686561740044C5
:1082A800697361626C652000202020202020202036
:1082B8002020204E6F20746F205075726765005023
:1082C80061726B696E672E2E2E00426567696E6E4D
:1082D800696E672046696C616D656E7420436861DC
:1082E8006E676500556E6C6F6164696E672E2E2E21
:1082F8000052656C6F6164696E672E2E2E005265A0
:1083080068656174696E67005570204469726563B9
:10831800746F727900526571756573746564204F66
:108328006666736574204265796F6E64204C696D6A
:1083380069747300426567696E6E696E67204732BB
:10834800362E2E2048656174696E6700426567693C
:108358006E204D616E75616C204D657368004D6FC0
:1083680076696E6720746F204E657874204D65734A
:108378006820506F696E74004D6F76656420646F75
:10838800776E20302E303235004D6F76656420755B
:108398007020302E30323500486F74656E6420507E
:1083A80049442053746172746564004265642050C6
:1083B80049442053746172746564002F00566F6CD1
:1083C800756D65446973706C617900446973706C8C
:1083D80061794272696768746E6573730044697382
:1083E800706C61795374616E64627942726967680E
:1083F800746E65737300446973706C61795374614A
:108408006E6462795365636F6E64730050494420EB
:1084180054756E652046696E69736865640072619B
:108428006973650073746F7720286C617374290011
:1084380073746F77006E6F6E650070726F6265009F
:00000001FF
