:100000000C94BE1D0C94FE1D0C94FE1D0C94FE1D44
:100010000C94FE1D0C94FE1D0C94FE1D0C94FE1DF4
:100020000C94FE1D0C94FE1D0C94FE1D0C94FE1DE4
:100030000C94FE1D0C94FE1D0C94FE1D0C94FE1DD4
:100040000C94FE1D0C94959D0C94FE1D0C94FE1DAD
:100050000C94FE1D0C941C9C0C94FE1D0C9476F0CC
:100060000C94FE1D0C94513D0C94473D0C94FE1DC8
:100070000C94FE1D0C94FE1D0C94FE1D0C94FE1D94
:100080000C94FE1D0C94FE1D0C94FE1D0C94FE1D84
:100090000C94FE1D0C94FE1D0C94FE1D0C94FE1D74
:1000A0000C94FE1D0C94FE1D0C94FE1D0C94FE1D64
:1000B0000C94FE1D0C94FE1D0C94FE1D0C94FE1D54
:1000C0000C94FE1D0C94FE1D0C94FE1D0C94A73187
:1000D0000C9471310C94FE1D0C94FE1D0C94FE1DAD
:1000E0000C94FE1D084AD73B3BCE016E84BCBFFD7D
:1000F000C12F3D6C74319ABD56833DDA3D00C77FF8
:1001000011BED9E4BB4C3E916BAAAABE0000008090
:100110003F05A84CCDB2D44EB93836A9020C50B91F
:10012000918688083CA6AAAA2ABE000000803F004B
:100130000D948B080D9423020C942A300C945832A1
:100140000C946A320C94C13D0D942F040D948F04CD
:100150000D94E2080C943F320D9497080C94DF89BB
:100160000C946DDD0C9482DD0C946F8A0C941F3E10
:100170000D9424140C9448C00C94E0400D94C22FAC
:100180000C94ADDD0D9462020D941B140C94F53D9E
:100190000C94B82F0C949ADD0C94CA880C94F240FD
:1001A0000C946DC00C94FD3D0C94F5400C944E30B5
:1001B0000D944A050C94143E0C9496DD0D9458044D
:1001C0000C947BDD0C944B320C942C300C94283026
:1001D0000C9473DD0D942A050D946B050D94C103E9
:1001E0000C949C8A0C940C3E0C94E22F0C9477DDBA
:1001F0000C94E23D0C94C42F0C94EE460D942714FD
:100200000D9415140C946C410C9426320D94180521
:100210000C9480890C94E93D0C9468410C94FA8408
:100220000C94A0DD0D9468050D94C2040C94533217
:100230000C945F890C94A8DD0C9492DD0C943832F8
:100240000D9430140C94DDBE0D9418140C94678B2F
:100250000C94923D0D9421140C945D320C94F93D54
:100260000C94ED3D0C9462320D944C050C94E340DB
:100270000C94F8400C9420470D943C050C940830E5
:100280000C94B0460D94D6080D94CA080C94063010
:100290000C9417320C94FEBF0C94023E0D940D1476
:1002A0000C94B4BF0D942D140C9423C00C944732BD
:1002B0000C94E7880D94A42F0D9433050C94AEDDB7
:1002C0000D946C040D94F1080C944F320C94FB4087
:1002D0000C94EF400C9488DD0D94BB080C947D3297
:1002E0000C94273E0D94F5020D940F050C9469BFF4
:1002F0000D9465050C947FDD0C94A4DD0C9444BF33
:100300000C94B2DD0C9477840C94E42F0D942A1491
:100310000C94F13D0C9443320D9421050C94E9406A
:100320000C94073E0C94E6400C9404300C948CDD45
:100330000D9457050D9446050D9404050C94DD406D
:100340000C94EC400C941FBF0C94E8310D94A30462
:100350000C94D9BF0D9412140C94C4890C945D8A2A
:100360000D9497030D9462050C94D03D0D941303E6
:100370000C9450300D941E140C944C300C94753227
:100380000C94D9460C94F9840C94AA400C943B41EB
:100390004E414E494E495459494E46CDCCCC3D0A6A
:1003A000D7233C17B7D13877CC2B329595E6241F4D
:1003B000B14F0A000020410000C84200401C462006
:1003C000BCBE4CCA1B0E5AAEC59D7400407A10F3D9
:1003D0005A00A0724E18090010A5D4E80000E87673
:1003E00048170000E40B54020000CA9A3B000000CA
:1003F000E1F505000080969800000040420F0000E3
:1004000000A08601000000102700000000E80300A3
:100410000000006400000000000A0000000000016D
:1004200000000000002C76D888DC674F0823DFC16D
:10043000DFAE59E1B1B796E5E3E453C63AE6519928
:100440007696E8E6C28426EB898C9B62ED407C6F51
:10045000FCEFBC9C9F40F2BAA56FA5F490055A2A08
:10046000F75C936B6CF9676DC11BFCE0E40D47FE14
:10047000F520E6B500D0ED902E0300943577050009
:1004800080841E080000204E0A000000C80C333390
:1004900033330F986E12831141EF8D2114893BE69F
:1004A0005516CFFEE6DB18D1844B381BF77C1D9028
:1004B0001DA4BBE424203284725E228100C9F12491
:1004C000ECA1E53D2744455441494C00434F4D4D77
:1004D000554E49434154494F4E0044525952554E8E
:1004E000004552524F525300494E464F0045434833
:1004F0004F0053544F505045442E20005072696EA7
:100500007465722073746F70706564206475652003
:10051000746F206572726F72732E20466978207432
:100520006865206572726F7220616E6420757365F4
:10053000204D39393920746F20726573746172747B
:100540002E202854656D706572617475726520691E
:10055000732072657365742E20536574206974204E
:1005600061667465722072657374617274696E6716
:10057000290A004E6F20436865636B73756D2077A1
:10058000697468206C696E65206E756D6265722C89
:10059000204C617374204C696E653A20004E6F20C8
:1005A000436865636B73756D2077697468206C6947
:1005B0006E65206E756D6265722C204C61737420BF
:1005C0004C696E653A2000636865636B73756D20D6
:1005D0006D69736D617463682C204C617374204C79
:1005E000696E653A20004C696E65204E756D6265D6
:1005F00072206973206E6F74204C617374204C6993
:100600006E65204E756D6265722B312C204C6173C6
:1006100074204C696E653A20004D313130005365CD
:100620007269616C20737461747573206D69736D88
:10063000617463680A0053442072656164206572C6
:10064000726F720A00746F6F206D75636820696E37
:100650006163746976652074696D65202D2063750A
:100660007272656E7420636F6D6D616E643A200006
:100670002121204B494C4C206361757365642062D5
:10068000792000486F74656E642049646C6520545D
:10069000696D656F757400486F74656E6420496498
:1006A0006C652054696D656F75740A0062757379A5
:1006B0003A2070617573656420666F7220696E7090
:1006C00075740A00627573793A2070617573656498
:1006D00020666F7220757365720A00627573793ACD
:1006E0002070726F63657373696E670A004D3130F5
:1006F000303053003D3D6F6E46696C616D656E74C0
:1007000052756E6F75743D3D007061757365004D77
:10071000363030002066696C616D656E745F72758D
:100720006E6F7574200066696C616D656E745F72C2
:10073000756E6F757420540046696C616D656E74DA
:1007400052756E6F757420540025533A202553005E
:100750002A2A2A6B696C6C2A2A2A00706F776572C4
:100760006F6666004B494C4C45442E200050726920
:100770006E7465722068616C7465642E206B696CA0
:100780006C28292063616C6C6564210A00656368CC
:100790006F3A004572726F723A0020286469736183
:1007A000626C6564290A0020280041424C204164A3
:1007B0006A7573746D656E74205A005A20466164C0
:1007C000653A20002028656E61626C6564290A0024
:1007D00041626F76650053616D65205A2061730038
:1007E00042656C6F77004175746F20426564204CE0
:1007F0006576656C696E673A2042494C494E4541C1
:100800005200204E6F7A7A6C65290A00202620005B
:100810002D43656E746572002D46726F6E74002DE7
:100820004261636B002028416C69676E65642057E4
:100830006974680020284D6964646C650020284C48
:1008400065667400202852696768740050726F6290
:1008500065204F666673657420580050726F62653C
:100860003A204649585F4D4F554E5445445F5052CB
:100870004F42450A004D616368696E652054797086
:10088000653A2043617274657369616E0A0042695A
:100890006C696E656172204C6576656C696E672067
:1008A000477269643A0A003E3E3E003C3C3C00739D
:1008B00065745F6265645F6C6576656C696E675FC1
:1008C000656E61626C65640072657365745F626514
:1008D000645F6C6576656C0A00203A204C6576652D
:1008E0006C696E67204F4E0A002020637572726536
:1008F0006E745F706F736974696F6E3D00203A208B
:100900004C6576656C696E67204F46460A0020206C
:1009100063757272656E745F706F736974696F6E00
:100920003D002F2F616374696F6E3A006E6F7469BA
:100930006669636174696F6E2000656E6400736838
:100940006F7700627574746F6E00486F74656E64C3
:1009500020746F6F20636F6C640A0053656E6420AF
:100960004D31303820746F20726573756D650A00E3
:10097000496E736572742066696C616D656E742072
:10098000616E642073656E64204D3130380A005208
:10099000656865617420446F6E65005265686561C5
:1009A00074696E672E2E2E0052656865617400486A
:1009B00065617465722054696D656F757400536567
:1009C0006E64204D31303820746F2068656174206A
:1009D0006E6F7A7A6C650A004E6F7A7A6C65205079
:1009E00061726B6564007061757365640050617558
:1009F00073650057616974696E6720666F7220685D
:100A000065617475702E0A004C656176696E6720A9
:100A1000473236003F5370656369666965642058E4
:100A20002C5920636F6F7264696E617465206F75F5
:100A300074206F6620626F756E64732E0A003F2803
:100A4000522965706561742076616C7565206E6FE2
:100A50007420706C61757369626C653B206D757391
:100A600074206265206174206C6561737420312E7E
:100A70000A003F2852296570656174206D75737492
:100A800020626520737065636966696564207768B4
:100A9000656E206E6F74207573696E6720616E20BD
:100AA0004C43442E0A003F53706563696669656470
:100AB000206E6F7A7A6C652074656D7065726174F2
:100AC000757265206E6F7420706C61757369626CED
:100AD000652E0A003F537065636966696564206628
:100AE000696C616D656E742073697A65206E6F74D0
:100AF00020706C61757369626C652E0A003F5370DB
:100B000065636966696564207072696D65206C65EE
:100B10006E677468206E6F7420706C6175736962A3
:100B20006C652E0A003F5072696D65206C656E67BA
:100B30007468206D757374206265207370656369D5
:100B400066696564207768656E206E6F74207573C2
:100B5000696E6720616E204C43442E0A003F53703B
:100B600065636966696564206E6F7A7A6C65207367
:100B7000697A65206E6F7420706C61757369626C40
:100B8000652E0A003F52657472616374696F6E204E
:100B90004D756C7469706C696572206D7573742025
:100BA0006265207370656369666965642E0A003F3B
:100BB0005370656369666965642052657472616328
:100BC00074696F6E204D756C7469706C6965722004
:100BD0006E6F7420706C61757369626C652E0A00AB
:100BE0003F537065636966696564206C61796572FD
:100BF00020686569676874206E6F7420706C617519
:100C00007369626C652E0A0043292E0A003F5370F7
:100C100065636966696564206265642074656D70EA
:100C200065726174757265206E6F7420706C617589
:100C30007369626C65202834302D0047323620738A
:100C400074617274696E672E2E2E0A004F46460A32
:100C500000466164652048656967687420004265E4
:100C600064204C6576656C696E6720004661696C2E
:100C7000656420746F20656E61626C6520426564F6
:100C8000204C6576656C696E670A00496E76616C0A
:100C90006964206D6573682E0A00203A203E20703A
:100CA000726F62696E6720636F6D706C6574650A40
:100CB00000202063757272656E745F706F73697463
:100CC000696F6E3D0050726F62696E6720506F6988
:100CD0006E740025532025692F2569002E0A002FE8
:100CE0000050726F62696E67206D65736820706F67
:100CF000696E742000202844525952554E290047ED
:100D00003239204175746F20426564204C657665E8
:100D10006C696E67003F20284C2C522C462C4229CF
:100D2000206F7574206F6620626F756E64732E0A73
:100D300000204200204600205200473239204C005B
:100D40003F2856296572626F7365206C6576656C05
:100D500020696D706C61757369626C652028302D37
:100D600034292E0A00426164205A2076616C756530
:100D70000A004E6F2062696C696E6561722067724D
:100D800069640A004732384C30003E204175746F68
:100D90002D6C6576656C206E6F74206E656564657C
:100DA000642C20736B69700A00473239005A205056
:100DB000726F62652050617374204265640A005A44
:100DC0002050726F62652050617374204265640028
:100DD000203A20686F6D655F7A5F736166656C7934
:100DE0000A00202064657374696E6174696F6E3DDA
:100DF00000686F6D655F7A5F736166656C7900523C
:100E000061697365205A20286265666F7265206883
:100E10006F6D696E672920627920003E20686F6DD2
:100E2000696E67206E6F74206E65656465642C2042
:100E3000736B69700A004732380020440020204D4F
:100E4000323030205300202844697361626C65643D
:100E5000293A0046696C616D656E7420736574741F
:100E6000696E67730020204D3230312058004D618B
:100E70007820416363656C65726174696F6E2028C8
:100E8000756E6974732F7332290020204D32303310
:100E90002058004D617820666565647261746573E1
:100EA0002028756E6974732F73290020520020204A
:100EB0004D323034205000416363656C657261745B
:100EC000696F6E2028756E6974732F73322920281C
:100ED000503C7072696E742D616363656C3E205284
:100EE0003C726574726163742D616363656C3E204E
:100EF000543C74726176656C2D616363656C3E2948
:100F00000020580020540020530020204D3230355E
:100F1000204200416476616E6365642028423C6D26
:100F2000696E5F7365676D656E745F74696D655F2B
:100F300075733E20533C6D696E5F666565647261D2
:100F400074653E20543C6D696E5F74726176656CA9
:100F50005F66656564726174653E20583C6D6178BA
:100F60005F6A65726B3E20593C6D61785F6A65729D
:100F70006B3E205A3C6D61785F6A65726B3E20451E
:100F80003C6D61785F6A65726B3E290020440020E9
:100F9000490020204D333031205000486F74656E79
:100FA00064205049440020440020490020204D3353
:100FB00030342050004265642050494400203B00FA
:100FC00020550020204D363033204C0046696C619E
:100FD0006D656E74206C6F61642F756E6C6F6164EB
:100FE000004D323453256C6454256C64004739320B
:100FF0002E394525730047314625640047315A256F
:1010000073463630300047315825735925734633BF
:10101000303030004D313036502569532569004D50
:10102000313039532569004D323030442573004743
:1010300039322E395A2573004D3432305325635AD4
:10104000257300473238523058590047315A2573BA
:1010500046363030004739322E395A257300473929
:10106000322E394530004D313039532569004D312C
:101070003930532569004D343230205330205A30F6
:10108000003D3D4F6E506F7765724C6F73735265C4
:1010900073756D653D3D00203B200020204D3431AF
:1010A00033205300506F7765722D6C6F737320720D
:1010B00065636F76657279004F4646004F4E00209B
:1010C0003B20486F73742068616E646C696E6720A2
:1010D00000203B204D6F646520006D6D00203B209B
:1010E00044697374616E6365200046696C616D6567
:1010F0006E742072756E6F757420003B200020495D
:101100006E76616C696420657874727564657220AE
:101110000047322F47332062616420706172616D35
:1011200065746572730A00536C6565702E2E2E000F
:10113000205A3A200020593A200042656420583A4B
:1011400020004D65736820706F696E74206F757430
:10115000206F662072616E67650A00626567696E5E
:10116000004D302053746F70004D312053746F70F8
:1011700000436C69636B20746F20526573756D65F5
:101180002E2E2E004E6F204D6F76652E00456E641C
:101190002066696C65206C6973740A004265676932
:1011A0006E2066696C65206C6973740A004E6F204E
:1011B0006D656469610A00286E6F2066696C652937
:1011C0000043757272656E742066696C653A200022
:1011D0004E6F74205344207072696E74696E670A92
:1011E000005344207072696E74696E67206279746E
:1011F0006520002569730025696D20256973002528
:1012000069682025696D202569730025696420259A
:1012100069682025696D2025697300256979202575
:101220006964202569682025696D2025697300504F
:1012300072696E742074696D653A20003F43616E77
:101240006E6F7420777269746520746F20494E50F8
:1012500055540A00496E76616C69642050696E20AD
:101260004D6F64650A006F6B006F666600ED04E801
:1012700004E104DA04CC04C50444454255473A006D
:101280004D313133205300544D33442031305350CD
:10129000726F5632204F46462E004649524D5741F6
:1012A00052455F4E414D453A4D61726C696E204426
:1012B00057372E342E3720544D33442053534D444A
:1012C0004155202841756720313020323032352099
:1012D00031323A33383A34372920534F5552434547
:1012E0005F434F44455F55524C3A68747470733A8B
:1012F0002F2F6769746875622E636F6D2F496E7347
:10130000616E6974794175746F6D6174696F6E2F68
:101310004D61726C696E2F747265652F43726561E1
:101320006C6974794477696E5F322E302050524F69
:10133000544F434F4C5F56455253494F4E3A312E0E
:1013400030204D414348494E455F545950453A5429
:101350004D33442031305350726F5632204558542B
:1013600052554445525F434F554E543A31205555DE
:1013700049443A63656465326132662D34316132C5
:101380002D343734382D396231322D63353563369B
:1013900032663336376666002F2F005741524E496A
:1013A0004E4721204C6F77205A204A65726B206D82
:1013B0006179206C65616420746F20756E77616E51
:1013C000746564207061757365732E0A0020204D6A
:1013D00061783A2000200020204D696E3A200020DC
:1013E0003B200020204D323131205300536F667472
:1013F00020656E6473746F707300250A0046523A5C
:101400000020466C6F773A200050726F74656374E9
:1014100065642050696E0A00363726033C3D380E5D
:101420002E303E131A1C180A43090844000150725A
:101430006F6265204F6666736574205A0050726F44
:101440006265204F6666736574205A006469730094
:10145000656E0043290A0061626C656420286D692D
:101460006E2074656D702000436F6C642065787425
:101470007275646573206172652000504944204193
:1014800075746F74756E6500206661696C656421A2
:1014900020426164206865617465722069640A0095
:1014A000504944204175746F74756E65004D343237
:1014B0003120696E636F727265637420706172614E
:1014C0006D657465722075736167650A004D65739B
:1014D0006820706F696E74206F7574206F6620725B
:1014E000616E67650A00203B204C6576656C696E0D
:1014F00067200020204D3432302053004175746F36
:1015000020426564204C6576656C696E670020201A
:101510004D393030204B004C696E6561722041645A
:1015200076616E63650020500020440020204D3518
:10153000393120530046696C616D656E7420727597
:101540006E6F75742073656E736F7200204A002091
:1015500020473239205720490020204D313439208E
:1015600043203B20556E69747320696E2043656C7F
:10157000736975730A0054656D7065726174757274
:101580006520556E697473002020473231203B007E
:101590004C696E65617220556E69747300454550E3
:1015A000524F4D204F4B0A00290A0020746F200033
:1015B0003F5A206F7574206F662072616E676520D8
:1015C0002800290A0020746F20003F59206F75748D
:1015D000206F662072616E676520282D00290A0041
:1015E00020746F20003F58206F7574206F66207242
:1015F000616E676520282D002E0A002028302D31CD
:101600003029002076616C7565206F7574206F66D7
:101610002072616E676500416476616E6365204B80
:101620003D004D383400446F6E65207072696E74F1
:10163000696E672066696C650A004D3737004D3367
:101640003100290A002E2E2E2800540020204D3271
:101650003036205800486F6D65206F66667365747C
:10166000004F666673657473204170706C696564C1
:10167000004572723A20546F6F20666172210054E7
:101680006F6F206661722066726F6D20726566658D
:1016900072656E636520706F696E740A0020286D34
:1016A0006D2900203B0020204D3835312058005A4C
:1016B0002D50726F6265204F6666736574005265C7
:1016C00073756D696E6720534400436F6F6C696E6C
:1016D000672E2E2E0045312025530042656420439D
:1016E0006F6F6C696E672E2E2E0042656420486510
:1016F0006174696E672E2E2E003D3D4477696E2021
:10170000496E697420436F6D706C6574653D3D0072
:1017100068616E646C652077616974776179203DDA
:101720003D0020202A2A2A2A2A2A2A5254535F4876
:10173000616E646C65446174612A2A2A2A2A2A2A05
:101740002A2000202D206434200064333A20002019
:101750002D206432200064313A2000202D206C6559
:101760006E200056502072656365697665643A2084
:10177000002A2A2A4E6F7A7A6C6554656D7053740C
:10178000617475735B325D203D003D3D4865617459
:10179000696E6720446F6E65204368616E676520DF
:1017A00046696C616D656E743D3D00202073746107
:1017B000727470726F677265737320004D32320AF3
:1017C0004D3231003D3D7761697477617920353D57
:1017D0003D003D3D7761697477617920343D3D007E
:1017E0003D3D7761697477617920333D3D003D3D32
:1017F0007761697477617920313D3D00436F6E6692
:1018000069726D20436F6E74696E75650050617505
:10181000736553746174757300524553554D45207B
:101820004F5054494F4E533A0048656174696E6792
:101830002E2E2E000000436C69636B20746F2068AD
:10184000656174000000526573756D696E672E2EB8
:101850002E00000050757267696E672E2E2E0000F4
:1018600000496E7365727420616E6420436C696315
:101870006B000000436C69636B20746F20636F6EB4
:1018800074696E7565000000456A656374696E670A
:101890002E2E2E000000506C656173652077616903
:1018A000742E2E2E0000005061726B696E672E2E12
:1018B0002E0000002A2A2A496E6974696E67206327
:1018C000617264206973204F4B2A2A2A003D3D6FC4
:1018D0006E5072696E7454696D657253746F707076
:1018E00065643D3D003D3D6F6E55736572436F6E9F
:1018F0006669726D52657175697265643D3D00502F
:1019000061757365204D6F646520537461747573E0
:10191000004C6F6164696E672E2E2E0000003D3D05
:101920006F6E466163746F727952657365743D3D85
:1019300000270A0A0000272027002027002D006327
:10194000616E63656C005072696E742041626F72E3
:101950007465640055492041626F72746564007259
:101960006573756D65004D3234002A2A2A43506C28
:10197000617920546F6E652A2A2A003D3D6F6E50B2
:1019800072696E7454696D65725061757365643DFA
:101990003D003D3D6F6E5072696E7454696D6572A5
:1019A000537461727465643D3D00486F6D696E6784
:1019B000204661696C65640050524553454E5400A1
:1019C0004F5554006F70656E005452494747455259
:1019D0004544003A20004D4F54494F4E203A2000D4
:1019E0004F46460A003A200066696C616D656E7468
:1019F000007A5F6D696E00795F6D696E00785F6D6A
:101A0000696E005265706F7274696E6720656E64EE
:101A100073746F70207374617475730A00203A20B8
:101A200073796E635F706C616E5F706F73697469F8
:101A30006F6E0A00202063757272656E745F706F3E
:101A4000736974696F6E3D003E2000646F5F626C65
:101A50006F636B696E675F6D6F76655F746F002093
:101A6000746F6F206C6F6E67206578747275736920
:101A70006F6E2070726576656E7465640A0020630F
:101A80006F6C6420657874727573696F6E20707204
:101A90006576656E7465640A00486F6D6520257310
:101AA000204669727374005761726E696E673A20DE
:101AB000486F6D696E672042756D70204469766964
:101AC000736F72203C20310A00020204290A003C94
:101AD0003C3C207365745F617869735F69735F6113
:101AE000745F686F6D652800203A200A002020632B
:101AF000757272656E745F706F736974696F6E3D35
:101B0000005D203D20003E20686F6D655F6F66665A
:101B10007365745B002A2A2A205A20484F4D454499
:101B200020574954482050524F424520285A5F4D73
:101B3000494E5F50524F42455F555345535F5A5F80
:101B40004D494E5F454E4453544F505F50494E29C6
:101B5000202A2A2A0A3E2070726F62652E6F6666FE
:101B60007365742E7A203D20000000000000000004
:101B70000000000000290A003E3E3E207365745FAD
:101B8000617869735F69735F61745F686F6D652801
:101B900000290A003C3C3C20686F6D6561786973E0
:101BA0002800203A203E2041465445522073657457
:101BB0005F617869735F69735F61745F686F6D659A
:101BC0000A00202063757272656E745F706F7369AE
:101BD00074696F6E3D006D6D0A0052652D62756D02
:101BE000703A20006D6D0A004D6F76652041776177
:101BF000793A20006D6D0A00486F6D65204661736B
:101C0000743A200000809D4300009B430000C843BD
:101C1000000000410000004100000040290A003E91
:101C20003E3E20686F6D6561786973280020706F93
:101C3000736974696F6E5F7368696674203D200014
:101C400020686F6D655F6F6666736574203D200068
:101C500041786973200000000001000000010000CD
:101C60008000555555000000400033333300AAAAC8
:101C70002A004992240000002000C7711C00999995
:101C80001900D1451700555515003BB113002449E3
:101C9000120011111100000010000F0F0F00E338A7
:101CA0000E0043790D00CCCC0C00C3300C00E8A230
:101CB0000B0064210B00AAAA0A00703D0A009DD8FF
:101CC0000900427B090092240900DCD308008888BF
:101CD00008001042080000000800F0C107008787D4
:101CE000070075500700711C07003EEB0600A1BC01
:101CF00006006990060066660600703E06006118E0
:101D0000060017F4050074D105005BB00500B29021
:101D10000500627205005555050078390500B81EAA
:101D20000500050505004EEC040087D40400A1BDA4
:101D3000040090A7040049920400C17D0400EE69EC
:101D40000400C7560400444404005C320400082127
:101D5000040041100400000004003FF00300F8E01C
:101D6000030026D20300C3C30300CCB503003AA886
:101D700003000A9B0300388E0300C08103009F7597
:101D80000300D0690300505E03001D530300344874
:101D90000300913D03003333030016290300381F6D
:101DA000030097150300300C0300030303000BFA34
:101DB000020049F10200BAE802005CE002002DD8FE
:101DC00002002DD0020059C80200B0C0020031B993
:101DD0000200DAB10200AAAA0200A0A30200BC9C81
:101DE0000200FA9502005C8F0200DF880200828206
:101DF0000200457C02002776020027700200436A39
:101E000002007C640200D05E02003F590200C85309
:101E10000200FFFDFCFAF8F6F4F2F0EEECEAE9E776
:101E2000E5E3E1E0DEDCDAD9D7D5D4D2D0CFCDCB33
:101E3000CAC8C7C5C3C2C0BFBDBCBAB9B7B6B4B3C0
:101E4000B2B0AFADACAAA9A8A6A5A4A2A1A09E9D20
:101E50009C9A99989795949392908F8E8D8B8A895E
:101E600088878684838281807F7E7D7B7A7978777C
:101E7000767574737271706F6E6D6C6B6A6968677A
:101E8000666564636261605F5E5D5C5B5A59585869
:101E90005756555453525150504F4E4D4C4B4A4A41
:101EA0004948474646454443424241403F3E3E3D05
:101EB0003C3B3B3A393838373635353433323231BA
:101EC00030302F2E2E2D2C2B2B2A29292827272660
:101ED000252524232322212120201F1E1E1D1C1CFA
:101EE0001B1B1A1919181817161615151413131287
:101EF000121111100F0F0E0E0D0D0C0C0B0A0A090A
:101F00000908080707060605050404030302020181
:101F10000000290A0050726F62653A3A646F5F7A76
:101F20005F726169736528006465706C6F793A202F
:101F300000203A2050726F62653A3A7365745F64AC
:101F400065706C6F7965640A002020637572726534
:101F50006E745F706F736974696F6E3D00206D61A0
:101F6000783A00206D696E3A00417869732000006C
:101F7000809D4300009B430000C843000000000018
:101F800000000000000000536176696E672044572E
:101F9000494E204C43442073657474696E67206613
:101FA000726F6D20454550524F4D0A003D3D6F6E9A
:101FB00053657474696E677353746F7265643D3DE5
:101FC0000053657474696E67732053746F7265642F
:101FD00000290A002062797465733B2063726320D4
:101FE0000053657474696E67732053746F7265640F
:101FF0002028000A20696E6974207A70726F626509
:102000005F7A6F6666736574203D20003D3D6F6E9C
:10201000436F6E66696775726174696F6E53746F32
:102020007265526561643D3D00454550524F4D20FB
:10203000496E697469616C697A65640A0048617205
:1020400064636F6465642044656661756C742053D5
:10205000657474696E6773204C6F616465640045D4
:102060004550524F4D206461746173697A652065F3
:1020700072726F722E0A0053657474696E6720560F
:102080006F6C756D65204F6E203A20005365747437
:10209000696E67205374616E646279204F6E203AD6
:1020A000200053657474696E6720566F6C756D659A
:1020B000203A200053657474696E6720526F746112
:1020C00074696F6E203A200053657474696E6720DE
:1020D0005374616E6462792054696D65203A200002
:1020E00053657474696E67205374616E64627920FD
:1020F0003A200053657474696E672042726967689C
:10210000746E657373203A20004C6F6164696E676A
:10211000204457494E204C43442073657474696EC3
:10212000672066726F6D20454550524F4D0A00443E
:10213000697363617264696E67204457494E204C2D
:1021400043442073657474696E672066726F6D20F6
:10215000454550524F4D202D2073657474696E674C
:10216000732076657273696F6E20696E636F727229
:102170006563740A0044697363617264696E672001
:102180004457494E204C43442073657474696E670C
:102190002066726F6D20454550524F4D202D2073A3
:1021A000697A6520696E636F72726563740A0029CB
:1021B0000A002062797465733B20637263200020FB
:1021C00073746F7265642073657474696E677320CD
:1021D00072657472696576656420280020286361E1
:1021E0006C63756C6174656429210A0020213D20AF
:1021F00000454550524F4D20435243206D69736D49
:1022000061746368202D202873746F7265642920BF
:10221000002053697A653A2000496E6465783A2057
:10222000000000FA430000FA430000204100008C47
:10223000420000A0420000A0420000C84300000C81
:1022400043EE020000EE020000640000003C0000CB
:1022500000454550524F4D2056657273696F6E2090
:102260004572726F7200204D61726C696E3D563816
:1022700037290A00454550524F4D207665727369E3
:102280006F6E206D69736D617463682028454550D9
:10229000524F4D3D0024F404D9201BC40C5C0E9811
:1022A00004C4095F0265077101F405F900FB04B37A
:1022B0000048048700C10369005803550003034523
:1022C00000BE023A008402310053022A002902258E
:1022D0000004022000E4011C00C8011900AF01172E
:1022E00000980114008401130071011000610110B5
:1022F0000051010E0043010D0036010B002B010BB4
:102300000020010B00150109000C01090003010860
:1023100000FB000800F3000800EB000700E40006E3
:1023200000DE000600D8000600D2000600CC000542
:1023300000C7000500C2000500BD000400B900048C
:1023400000B5000400B1000400AD000400A90004C1
:1023500000A5000300A20003009F0004009B0003EF
:102360000098000300950002009300030090000312
:10237000008D0002008B000300880002008600022E
:102380000084000300810002007F0002007D000243
:10239000007B000200790002007700010076000255
:1023A000007400020072000100710002006F000260
:1023B000006D0001006C0002006A0001006900026B
:1023C0000067000100660001006500010064000272
:1023D000006200010061000100600001005F000276
:1023E000005D0001005C0001005B0001005A00017B
:1023F000005900010058000100570001005600017B
:10240000005500010054000100530000005300017A
:10241000005200010051000100500001004F000176
:10242000004E0000004E0001004D0001004C000174
:10243000004B0000004B0001004A00010049000170
:10244000004800000048000100470001004600006D
:102450000046000100450000004500010044000165
:102460000043000000430001004200000042000160
:10247000004100000041000100400001003F000059
:10248000003F0001003E0000003E0001003D000052
:10249000003D0001003C0000003C0000003C000149
:1024A000003B0000003B0001003A0000003A000140
:1024B0000039000000390001003800000038000039
:1024C000003800010037000000370001003600002E
:1024D0000036000000360001003500000035000025
:1024E0000035000100340000003400000034000119
:1024F0000033000000330000003300010032000010
:102500000032000000320001003100000031000004
:1025100000310001003000000030000000300001F8
:10252000002F0000002F0000002F0000002F0001EE
:10253000002E0000002E0000002E0001002D0000E3
:10254000002D0000002D0000002D0001002C0000D7
:10255000002C0000002C0000002C0001002B0000CB
:10256000002B0000002B0000002B0001002A0000BF
:10257000002A0000002A0000002A000100290000B3
:1025800000290000002900000029000000290001A6
:10259000002800000028000000280000002800009B
:1025A000002800010027000000270000002700008D
:1025B0000027000000270001002600000026000080
:1025C0000026000000260000002600010025000073
:1025D0000025000000250000002500000025000067
:1025E0000025000100240000002400000024000059
:1025F000002400000024000100230000002300004C
:10260000002300000023000000230000002300003E
:102610000023000100220000002200000022000030
:102620000022000000220000002200010021000022
:102630000021000000210000002100000021000016
:102640000021000000210001002000000020000007
:1026500000200000002000000020000000200000FA
:102660000020000000200001001F0000001F0000EB
:10267000001F0000001F0000001F0000001F0000DE
:10268000001F0001001E0000001E0000001E0000D0
:10269000001E00000024F4D43050C38E20C2A2409B
:1026A00017828B7011127A910D816CD90AA861E1A1
:1026B00008C7586607615143061E4B5D05C145A713
:1026C000041A411104093D9803713931034036DB86
:1026D0000265339102D4305402802E1D02632CEE29
:1026E00001752AC501B028A001102781018F25643A
:1026F000012B244B01E0223401AC211F018D200D60
:1027000001801FFC00841EED00971DDF00B81CD265
:1027100000E61BC600201BBC00641AB200B219A858
:10272000000A19A0006A189900D117910040178B70
:1027300000B516840031167E00B31579003A157382
:1027400000C7146F0058146A00EE13660088136304
:102750000025135E00C7125B006C1257001512545F
:1027600000C111510070114F0021114B00D61049CA
:10277000008D1047004610440002104200C00F4078
:1027800000800F3E00420F3C00060F3B00CB0E388E
:1027900000930E37005C0E3500270E3400F30D3227
:1027A00000C10D3100900D3000600D2E00320D2D56
:1027B00000050D2C00D90C2B00AE0C2900850C292E
:1027C000005C0C2700350C27000E0C2600E80B24BB
:1027D00000C40B2400A00B23007D0B23005A0B2107
:1027E00000390B2100180B2000F80A1F00D90A1E1F
:1027F00000BB0A1E009D0A1D00800A1D00630A1C02
:1028000000470A1B002C0A1B00110A1A00F7091ABC
:1028100000DD091900C4091900AB09190092091754
:10282000007B091800630917004C091600360916C9
:1028300000200916000A091500F5081500E0081423
:1028400000CC081400B8081400A408140090081361
:10285000007D0812006B0813005808120046081289
:10286000003408110023081100120811000108119A
:1028700000F0071000E0071000D0071000C007109C
:1028800000B0070F00A107100091070E0083070F8B
:102890000074070F0065070E0057070E0049070E6A
:1028A000003B070D002E070E0020070D0013070D3B
:1028B0000006070D00F9060C00ED060D00E0060C01
:1028C00000D4060C00C8060C00BC060C00B0060CB8
:1028D00000A4060B0099060C008D060B0082060B67
:1028E0000077060B006C060B0061060A0057060B0A
:1028F000004C060A0042060A0038060A002E060AA4
:102900000024060A001A060A001006090007060A33
:1029100000FD050900F4050900EB050900E20509C1
:1029200000D9050900D0050900C7050900BE050941
:1029300000B5050800AD050800A50509009C0508BF
:1029400000940508008C050800840508007C050833
:1029500000740508006C050700650508005D0507A3
:1029600000560508004E050700470507004005080A
:102970000038050700310507002A05070023050771
:10298000001C050600160507000F050700080506D0
:102990000002050700FB040600F5040700EE04062C
:1029A00000E8040600E2040700DB040600D5040684
:1029B00000CF040600C9040600C3040600BD0406D7
:1029C00000B7040600B1040500AC040600A6040626
:1029D00000A00405009B0406009504050090040671
:1029E000008A04050085040500800406007A0405B9
:1029F0000075040500700405006B040500660405FD
:102A000000610405005C040500570405005204053C
:102A1000004D04050048040500430405003E04047D
:102A2000003A04050035040500300404002C0405B8
:102A30000027040400230405001E0404001A0404F3
:102A40000016040500110404000D04040009040527
:102A5000000404040000040400FC030400F8030460
:102A600000F4030400F0030400EC030400E8030492
:102A700000E4030400E0030400DC030400D80304C2
:102A800000D4030400D0030400CC030400C80303F3
:102A900000C503030020436F756E7420583A00236D
:102AA000646566696E652044454641554C545F0037
:102AB00000626564004B6420004B6920004B70206D
:102AC000005049442074756E696E6720646F6E65AE
:102AD000002066696E6973686564212050757420F2
:102AE000746865206C617374204B702C204B6920D6
:102AF000616E64204B6420636F6E7374616E7473D7
:102B00002066726F6D2062656C6F7720696E746FDE
:102B100020436F6E66696775726174696F6E2E68A7
:102B20000A00504944204175746F74756E65002029
:102B30006661696C6564212074696D656F75740ADE
:102B400000504944204175746F74756E650041757D
:102B5000746F74756E65206661696C6564212054BC
:102B6000696D656F75742E00206661696C656421FE
:102B70002054656D706572617475726520746F6F35
:102B800020686967680A00504944204175746F7471
:102B9000756E6500504944204379636C6573002568
:102BA000532025692F256900204B643A2000204BD3
:102BB000693A2000204B703A200020436C61737307
:102BC000696320504944200A00204E6F206F7665CB
:102BD0007273686F6F740A002054753A2000204B9E
:102BE000753A2000206D61783A2000206D696E3AB8
:102BF000200020643A200020626961733A20004876
:102C0000656174696E672E2E2E0020737461727474
:102C10000A00504944204175746F74756E65004117
:102C200075746F74756E65206661696C65642120CA
:102C300054656D706572617475726520746F6F2074
:102C4000686967682E00206661696C65642120549C
:102C5000656D706572617475726520746F6F206840
:102C60006967680A00504944204175746F74756E35
:102C70006500426564004531004500626564002CD2
:102C80002073797374656D2073746F70706564213F
:102C9000204865617465725F49443A20004572724C
:102CA0003A204D415854454D50004D415854454DE2
:102CB0005020747269676765726564004865617465
:102CC000696E67204661696C656400486561746976
:102CD0006E67206661696C6564004D353234004D65
:102CE0003131322053687574646F776E001000C9FB
:102CF0000210012C014001220170011801B0010EE7
:102D000001F00104015002FA00B002F0003003E6C5
:102D100000D003DC009004D2007005C800A006BEFD
:102D2000000008B400B009AA00D00BA000600E9605
:102D30000060118C000015820020197800C01D6E03
:102D400000A0226400B0275A00902C5000003146A9
:102D500000E0343C0010383200903A2800603C1EFD
:102D600000A03D1400803E0A00203F000045727222
:102D70003A204D494E54454D50004D494E54454D15
:102D800050207472696767657265640054484552E3
:102D90004D414C2052554E4157415900546865727F
:102DA0006D616C2052756E6177617900202F002073
:102DB00042403A0020403A0020573A0020573A005B
:102DC0007C3C3E5E2B3D3F2F5B5D3B2C2A225C0012
:102DD0004D6564696120496E6974204661696C00C3
:102DE00053442063617264206F6B0A006F70656EDC
:102DF000526F6F74206661696C65640A00766F6C4F
:102E0000756D652E696E6974206661696C65640A0A
:102E1000004E6F20534420636172640A00534420C3
:102E2000636172642072656C65617365640A000A8F
:102E30004D3234004D3233202573002E0A006F705E
:102E4000656E206661696C65642C2046696C653A24
:102E5000200046696C652073656C65637465640A5F
:102E6000002053697A653A200046696C65206F70CE
:102E7000656E65643A2000454E4420535542524FDA
:102E80005554494E450A002220706F73002220706D
:102E90006172656E743A2200535542524F5554493F
:102EA0004E452043414C4C207461726765743A2250
:102EB0000053756263616C6C204F766572666C6F4F
:102EC00077004578636565646564206D617820539B
:102ED0005542524F5554494E452064657074683AC6
:102EE000002E0A0044656C6574696F6E2066616926
:102EF0006C65642C2046696C653A200046696C65F7
:102F00002064656C657465643A0057726974696E13
:102F10006720746F2066696C653A2000667265737D
:102F20006800646F696E67002066696C653A20000E
:102F30004E6F7720002F6175746F25632E67002018
:102F400020506C616E6E657242756666657242797C
:102F50007465733A20002046726565204D656D6F7B
:102F600072793A200020436F6D70696C65643A2075
:102F700041756720313020323032350A00204C61F3
:102F8000737420557064617465643A203230323352
:102F90002D30322D3033207C20417574686F723AA9
:102FA0002054696E794D616368696E657333440AB4
:102FB000004D61726C696E204457372E342E370AEB
:102FC0000020536F66747761726520526573657473
:102FD0000A00205761746368646F672052657365E7
:102FE000740A002042726F776E206F7574205265EC
:102FF0007365740A002045787465726E616C2052A6
:10300000657365740A00506F77657255700A0073B6
:10301000746172740A004739310A47315A350A47D8
:1030200039300A4D38340A4D31303453300A4D317D
:1030300034305330004D31303031006F6B006572E9
:10304000726F722077726974696E6720746F206680
:10305000696C650A00446F6E6520736176696E67FE
:103060002066696C652E0A004D323900456E647326
:10307000746F70730025532025632025632025631A
:1030800020256300205A3A0020593A0020583A007F
:10309000656E6473746F7073206869743A20000001
:1030A000002100240027002A002D003000330001F9
:1030B000010000040107010A010000220025002888
:1030C000002B002E00310034000201000005010831
:1030D000010B01000020002300260029002C002FF6
:1030E0000032000001000003010601090105050589
:1030F00005070508080808020202020A0A0808046F
:10310000040404010101010101010103030303039C
:10311000030303040707070C0C0C0C0C0C0C0C022B
:1031200002020206060606060606060B0B0B0B0B32
:103130000B0B0B010210202008081020401020402B
:10314000800201020108040201010204081020406B
:103150008080402010080402018004020180402089
:1031600010080402010804020101020408102040B2
:1031700080010204081020408000000A0B02090CA4
:103180000D0E08070304010000000000000000000D
:10319000000000000000000000000000000000002F
:1031A00000000000001211100000000000000000EC
:1031B000000000000000000000000000000000709F
:1031C0002600009B1E0000C3150000C70D0000F480
:1031D0000700004F040000400200002601000045E7
:1031E00072726F722077726974696E6720746F20D3
:1031F000454550524F4D210A0020746F6F206C6F6F
:103200006E6720657874727573696F6E2070726571
:1032100076656E7465640A0020636F6C642065785F
:1032200074727573696F6E2070726576656E746501
:10323000640A004D323520500A4D32340052657315
:10324000756D650055492050617573650043616E69
:103250006E6F7420656E7465722073756264697236
:103260003A20004E6F204D61746368203A00436F2E
:103270006E73747261696E206D65736856616C203F
:10328000006D65736856616C200079506E74200083
:1032900078506E7420006D657368506F696E74208D
:1032A00000446973706C61794272696768746E6515
:1032B0007373205365743A2000446973706C6179AC
:1032C0004272696768746E657373204C43443A2098
:1032D000004D32320A4D32310052656672657368B4
:1032E0000050675570005067446F776E0049732037
:1032F00046696C6520004973204469722000476F5D
:10330000557044697200486173204D6564696100BD
:1033100046696C656E616D652053656C65637465A7
:1033200064004D3130303043004D313030300020BA
:1033300046696C616D656E7420526573706F6E7353
:1033400065204E6F00526573756D65205965732059
:10335000647572696E67207072696E74000A204E1F
:103360006F2046696C616D656E7400496E76616CA4
:103370006964204F7074696F6E004D3530300053B2
:10338000746F72652053657474696E6773004D398C
:1033900039390A4D32383050305331363000424CD2
:1033A000546F756368205265736574004D35303213
:1033B0000A4D35303000496E697420454550524FF2
:1033C0004D004D3530300053746F72652053657475
:1033D00074696E677300496E4C616E6743686F690C
:1033E0006365000A202A2A2A7265636461742E6468
:1033F0006174615B305D203D004732380A473120FF
:103400004631303030205A313000556E737570704F
:103410006F72746564204F7074696F6E2053656CB1
:103420006563746564004D36303553300A47323871
:1034300058004D36303553310A54300A4732380A75
:103440004D36303553320A473238580A47315830F2
:103450000A4D3630355333004D36303553310A542A
:10346000300A4732380A4D36303553320A4732383F
:10347000580A47315830004D36303553310A4732FB
:1034800038580A47315830004D32313153300A47ED
:1034900039310A47315A302E3032350A4739300A2D
:1034A0004D3231315331004D32313153300A4739C9
:1034B000310A47315A2D302E3032350A4739300A19
:1034C0004D323131533100473239533200473239AE
:1034D00053310047323652323535004D3139305391
:1034E00035350A4732380A47323950310A473239BE
:1034F00050330A47323953310A47323953300A4779
:10350000323946302E300A473239410A4D31303493
:10351000533231350A4732380A4D3130395332315E
:10352000350A47315831353059313530463530302C
:10353000300A47315A300A4D3530300A4D34303078
:103540000A4D31313720536574205A204F66667317
:103550006574004731204631303030205A302E30EB
:10356000004732380A4731204631303030205A3057
:103570002E30005A204F6666736574203A202573FA
:10358000005A204F6666736574203A202573004701
:1035900032385A0A473146313530305A302E3000F1
:1035A0004732380A473146313530305A302E3000F4
:1035B000426564204C6576656C204F7074696F6E4F
:1035C000200052657475726E203A20004D38340028
:1035D000473146313030305A302E30004732380AC9
:1035E000473146313030305A302E30004D616E75E3
:1035F000616C53657454656D70005A204F66667334
:103600006574203A20257300526F756E64696E6789
:1036100020746F20737465700052657175657374E2
:103620006564204F6666736574200053746F702064
:103630005472696767657265640053746F70204ED9
:103640006F0053746F705072696E740048616E64DD
:103650006C6520446174612041646A757374203222
:103660002053657474696E672053637265656E20BC
:103670000048616E646C6520446174612050726919
:103680006E7446696C6520332053657474696E6787
:103690002053637265656E200048616E646C65201E
:1036A00044617461205072696E7446696C652032A1
:1036B0002053657474696E672053637265656E206C
:1036C000004D38340048616E646C6520446174615B
:1036D000205072696E7446696C6520506F73740077
:1036E00048616E646C652044617461205072696E3B
:1036F0007446696C652050726500426567696E5357
:103700007769746368003D3D20436865636B6B6552
:10371000793D3D007265636461742E61646472205A
:103720003D3D007265636461742E646174615B3059
:103730005D203D3D0070012C0190012701B0012268
:1037400001C0011D01F00118011002130130020E29
:10375000016002090190020401C002FF000003FAA7
:10376000004003F5008003F000D003EB002004E6E6
:10377000007004E100E004DC004005D700C005D281
:10378000004006CD00D006C8008007C3003008BE48
:1037900000F008B900C009B400B00AAF00B00BAA2D
:1037A00000D00CA500000EA000500F9B00C010968A
:1037B000005012910000148C00C0158700B01782D1
:1037C00000B0197D00D01B7800001E730040206EF1
:1037D0000090226900F024640040275F0090295A7D
:1037E00000E02B5500102E500020304B00103246C8
:1037F00000E033410090353C00103737007038321C
:1038000000A0392D00B03A2800A03B2300603C1EE8
:1038100000103D1900903D1400103E0F00703E0A4C
:1038200000C03E0500003F0000403FFBFF803FF628
:10383000FFC03FF1FF70726F6D70745F006265676B
:10384000696E0044697361626C6552756E6F757460
:103850000050757267654D6F7265005061757365D4
:103860006400436F6E74696E7565004C6F6164200F
:1038700046696C616D656E742054004C6F61642004
:1038800046696C616D656E7400496E736572742073
:1038900066696C616D656E7420616E642073656E1F
:1038A00064204D3130380A00726573756D656400AF
:1038B0004469736D69737300526573756D696E67E2
:1038C000002044697363726570616E63793A0032F7
:1038D0006E642050726F6265205A3A00534C4F5705
:1038E000003173742050726F6265205A3A0046416D
:1038F00053540050726F62653A3A72756E5F7A5F28
:1039000070726F6265006D656173757265645F7A70
:103910003A200050726F62696E67204661696C657B
:10392000640A0050726F62696E67204661696C6557
:103930006400205A3A200020593A20004265642051
:10394000583A2000506F736974696F6E204E6F741F
:1039500020526561636861626C650A00203A200A42
:1039600000202063757272656E745F706F73697486
:10397000696F6E3D005F72656C6174697665290AD6
:10398000002C20002C20002C20002C20002E2E2E7D
:10399000280050726F62653A3A70726F62655F61BB
:1039A000745F706F696E740050726F62653A3A703E
:1039B000726F62655F646F776E5F746F5F7A00200D
:1039C000547269676765726564206561726C792EEF
:1039D00000204E6F20747269676765722E00205058
:1039E000726F6265206661696C21202D00FFFFFF08
:1039F000290A005D005B002C20002C20002E2E2EBA
:103A00002800646F5F686F6D696E675F6D6F7665C4
:103A10000043616E6E6F74206F70656E2073756207
:103A20006469722000204500205A0020590020209F
:103A30004D393220580053746570732070657220C0
:103A4000756E697400496E76616C6964206578747E
:103A500072756465720A00220A00556E6B6E6F778C
:103A60006E20636F6D6D616E643A20220020453ACE
:103A700000205A3A0020593A00583A006F6B0A0069
:103A8000526573656E643A20006E6F74696669638F
:103A90006174696F6E2000544D33442031305350AF
:103AA000726F56322052656164792E005072696ED1
:103AB00074696E672E2E2E005072696E74205061EC
:103AC0007573656400524553554D45204F50544918
:103AD0004F4E533A0048656174696E672E2E2E0072
:103AE0000000436C69636B20746F2068656174002B
:103AF0000000526573756D696E672E2E2E000000F2
:103B000050757267696E672E2E2E0000004C6F6133
:103B100064696E672E2E2E000000496E7365727404
:103B200020616E6420436C69636B000000436C6924
:103B3000636B20746F20636F6E74696E756500002F
:103B400000456A656374696E672E2E2E0000005072
:103B50006C6561736520776169742E2E2E000000FC
:103B60005061726B696E672E2E2E000000506175D9
:103B700073654D73673D0000BE005A0111241FBEDE
:103B8000CFEFD1E2DEBFCDBF00E00CBF84B78093A2
:103B9000351914BE0FB6F894A8958091600088611D
:103BA00080936000109260000FBE16E0A0E0B2E0CB
:103BB000E8EAF2E802E00BBF02C007900D92A036DF
:103BC000B107D9F729E1A0E6B6E001C01D92A533FF
:103BD000B207E1F71DE1CDEBDDE100E006C0219782
:103BE0000109802FFE010F94813DCC3BD10780E07D
:103BF0000807A9F70F948D290D9442410C940000F9
:103C0000CF93DF93C0910215D091031581E0CE319F
:103C1000D105E4F020E030E040E05FE36091FE1485
:103C20007091FF1480910015909101150F948A3DB9
:103C30000F94F63E6C1B7D0B77FF03C07195619569
:103C4000710981E0633071050CF080E0DF91CF9164
:103C50000895CF93DF93DB01F9019C919130C1F07E
:103C6000943080F094509C938830D1F4808191817D
:103C7000009771F0019791838083480F591FEA01E3
:103C8000188206C08C3539F49C5F9C93943041F4C3
:103C9000DF91CF9108958B3339F781E08C93F8CF82
:103CA00020813181B9016F5F7F4F71836083420F43
:103CB000531FEA018883808191818F3591056CF7CC
:103CC000E7CF0F931F9381E0009153171091541782
:103CD000209155173091561740914F17509150171A
:103CE000609151177091521704171507260737076F
:103CF00008F480E01F910F91089520915B078330B5
:103D000021F425FD0CC024FD0CC030E0A90102C047
:103D1000559547958A95E2F7CA018170089581E02B
:103D2000089580E00895CF92DF92EF92FF92CF93B3
:103D3000DF93EC01CC80DD80EE80FF8027E137EB64
:103D400041ED58EBC701B6010F94EA3F87FD23C050
:103D500023E030E04BE953E4C701B6010F94A636E7
:103D60001816CCF0C880D980EA80FB8027E137EBB9
:103D700041ED58EBC701B6010F94EA3F87FD0BC038
:103D8000C1E023E030E84DE953E4C701B6010F94E8
:103D9000A63618160CF4C0E08C2FDF91CF91FF905F
:103DA000EF90DF90CF900895682F70E090E080E072
:103DB0000F94AD362091D3073091D4074091D507A9
:103DC0005091D6070F940C372091CB073091CC0738
:103DD0004091CD075091CE070F948A3D0895682FEA
:103DE00070E090E080E00F94AD362091CF073091E5
:103DF000D0074091D1075091D2070F940C372091F2
:103E0000C7073091C8074091C9075091CA070F945E
:103E10008A3D08958091C60781110EC0209111023C
:103E2000309112022150310981E040912E155091BC
:103E30002F15421753070CF080E00895269A2E9A0A
:103E4000089580916407909165072FEF3FEF9817D1
:103E500051F0E92FF0E0EC59F84F228130E09F5FFC
:103E60009F7390936507C9010895AB01BC0140930E
:103E700053175093541760935517709356178BEB45
:103E800098E10C947290EF92FF920F931F93CF934F
:103E90007C0100915E0710915F07C0E0F701EC0F15
:103EA000F11D6081662351F0062E000C770BC801CE
:103EB0000F94D840892B49F4CF5FF0CF80E0CF91A9
:103EC0001F910F91FF90EF90089581E0F8CF682F38
:103ED000880F770B80915E0790915F070F94D84011
:103EE000FC0181E0309709F480E0309781F0918106
:103EF00020ED290F2A3030F09E3251F492819053F8
:103F00009A3098F43196F0935607E0935507089548
:103F10009D3211F09B3249F4928120ED290F2A3015
:103F200088F39E3211F49381EACFF0E0E0E0EBCF2A
:103F30000E94671F882341F081E02091550730914E
:103F40005607232B09F480E008950F931F93CF9316
:103F5000DF9300D01F92CDB7DEB79C010CEA1EE0C4
:103F600090E1EAE9FFE0D80101900D929A95E1F71E
:103F7000F9012081318142815381F8016085718589
:103F8000828593850F948A3DF801608771878287C7
:103F9000938780E090E0A0EAB0E489839A83AB83C2
:103FA000BC83CE0101960E94A7B20F900F900F9094
:103FB0000F90DF91CF911F910F9108952F923F9213
:103FC0004F925F926F927F928F929F92AF92BF9229
:103FD000CF92DF92EF92FF921F93CF93DF93CDB7F3
:103FE000DEB72C970FB6F894DEBF0FBECDBF7A01B7
:103FF0001901DC012D913D914D915C912D833E8302
:104000004F835887FB01408051806280738080908D
:104010009A0F90909B0FA0909C0FB0909D0FA501C0
:1040200094016D817E818F8198850F94A6368111D0
:104030000EC011E0A301920160919E0F70919F0F3D
:104040008091A00F9091A10F0F94A636811110E0DE
:10405000D1012D913D914D915C9129873A874B87F4
:104060005C87F701C080D180E280F3802091060256
:10407000309107024091080250910902C701B60130
:104080000F94A636882309F44EC0C0920602D0923F
:104090000702E0920802F09209028091A60F909127
:1040A000A70FA091A80FB091A90F40919E0F50911A
:1040B0009F0F6091A00F7091A10F8092AC0E909213
:1040C000AD0EA092AE0EB092AF0E4093B00E5093D4
:1040D000B10E6093B20E7093B30EC092B40ED09234
:1040E000B50EE092B60EF092B70E8093B80E909394
:1040F000B90EA093BA0EB093BB0E20E030E040E0C2
:104100005FE36091790F70917A0F80917B0F9091AE
:104110007C0F0F940C3769837A838B839C83CE0149
:1041200001960E94A7B22D813E814F815885209330
:10413000AC0E3093AD0E4093AE0E5093AF0E409246
:10414000B00E5092B10E6092B20E7092B30ED101C9
:104150002D913D914D915C916091B80E7091B90E89
:104160008091BA0E9091BB0E0F948A3D6093B80E69
:104170007093B90E8093BA0E9093BB0E11112FC09D
:1041800020E030E0A90169857A858B859C850F94B4
:10419000A636811133C060E070E088EC92E4698358
:1041A0007A838B839C83CE0101960E94A7B22C96C2
:1041B0000FB6F894DEBF0FBECDBFDF91CF911F9138
:1041C000FF90EF90DF90CF90BF90AF909F908F9037
:1041D0007F906F905F904F903F902F9008952AEFBF
:1041E0003EE74AE25FE360917D0F70917E0F809120
:1041F0007F0F9091800F0F940C37D1CF60E070E06B
:1042000080EA91E4CCCF80915507909156070097B2
:1042100031F04AE050E070E060E00D94C13460E0BD
:1042200070E0CB010895CF93DF9300D01F92CDB7FC
:10423000DEB780E090E0A0EAB0E489839A83AB83A4
:10424000BC8361E0CE0101960E946CCF0F900F906D
:104250000F900F90DF91CF9108950F931F93CF93FD
:10426000DF9300D000D01F921F92CDB7DEB78B0135
:10427000FC0123A5211102C00F941F201D821E8264
:104280001F82188620E030E040E05FE36091A20FDB
:104290007091A30F8091A40F9091A50F0F948A3D68
:1042A00069837A838B839C839E012B5F3F4FAE0192
:1042B0004F5F5F4F6EE97FE08AE99FE00E94DE1F5B
:1042C0001D821E821F82188620E030E040E05FE3FE
:1042D000F80160857185828593850F948A3D698395
:1042E0007A838B839C83B8016C5F7F4F9E012B5F29
:1042F0003F4FAE014F5F5F4FC8010E94DE1F2896FF
:104300000FB6F894DEBF0FBECDBFDF91CF911F91E6
:104310000F9108958091550790915607009731F0BD
:104320004AE050E070E060E00D94933360E070E0AC
:10433000CB010895CF93DF93EB010E94981F882350
:1043400019F00E948A21EB01CE01DF91CF910895EF
:104350000E948A2197FD0CC00E948A216F3F71053F
:104360008105910509F034F40E948A21862F089571
:1043700080E008958FEF0895CF93C62F0E94981F75
:10438000882319F0CF910C94A8218C2FCF910895F8
:104390008091550790915607892B41F00E94A821E2
:1043A00091E0811101C090E0892F089591E0FCCF48
:1043B000CF93DF93C82FD62F0E94981F882321F018
:1043C000DF91CF910C94C8218C2F0E94671F81111F
:1043D00001C08D2FDF91CF9108950E948A21CB01DA
:1043E0000895CF93DF93EB010E94981F882321F05B
:1043F000DF91CF910C94ED21CE01DF91CF91089503
:104400000F931F93CF938091550790915607009774
:1044100009F1FC018F01C1912C2F2F7DA1F0C53432
:1044200031F0C53621F0C83511F0C83799F7F801D9
:10443000108270E060E00F943532F801C083CF91B4
:104440001F910F91089570E060E0CF911F910F913F
:104450000D94353260E070E0CB01F1CFCF92DF9266
:10446000EF92FF926A017B010E94981F882331F02E
:10447000FF90EF90DF90CF900C940022C701B6011F
:10448000FF90EF90DF90CF9008950D94BE130F939F
:104490001F93CF9310925D0710925C072FE3209338
:1044A00063071092620710926107109260079C01E7
:1044B000F90190812F5F3F4F9032D1F39E34C9F4C0
:1044C000818190ED980F9A3020F08D3211F08B326F
:1044D00081F432969F012F5F3F4F808180538A3055
:1044E00008F475C09F012F5F3F4F8081803209F42F
:1044F00070C0F093990FE093980F8F010F5F1F4FDB
:10450000C0816AE270E0C8010F94D840009731F092
:10451000FC01319780818032E1F31182CD3429F0A2
:10452000C43519F0C73409F04EC0F80180810F5F1F
:104530001F4F8032D1F380538A3008F044C0C093BB
:10454000630730E020E04AE0DF011196429FC0019E
:10455000439F900D11249C01205331098081280F25
:10456000311D87FD3A95818190ED980F9A3098F131
:1045700030936207209361078E3261F4329690E0A7
:104580004AE0DF0131968C9150ED580F5A3028F1F6
:1045900090936007FD01119680818032D9F3F093EA
:1045A0005F07E0935E07CD3441F52E31310539F0D8
:1045B000D0F42731310519F02C313105F1F4F093A5
:1045C0005D07E0935C07CF911F910F910895F9016A
:1045D00081CFF90187CFFD01B7CF949F800D1124C2
:1045E00090ED980FCECF2537310538F027373105BC
:1045F00030F3203A83E0380711F350E040E0CF0178
:1046000001966081662309F45AC0613291F4CD3479
:1046100081F42032310569F490935D0780935C0743
:1046200063E270E00F94D840009769F2FC011082B9
:10463000CACFFC01DF018D91803271F090ED980FAF
:104640009A3008F18E3251F4918190539A30D8F01B
:1046500041155105E1F414C0FD01ECCF8D3211F08C
:104660008B3259F4918160ED690F6A3060F09E32AF
:1046700021F4928190539A3030F04115510519F48C
:10468000AF014150510981548A3108F4B8CFDF019C
:10469000FD018D91882309F4B2CF90ED980F9A30E7
:1046A000B8F393ED980F923098F38B3289F3CF01E2
:1046B00001966081603209F0A2CFFC01F8CF5093DF
:1046C0005D0740935C077FCF81E0809331150895AB
:1046D000FC016591759185919491089580E00C9409
:1046E000BCCF682F70E090E080E00D94BE139B017A
:1046F000AC01485F5F4FBC016C5F7F4F0C94DE1FC5
:104700002F923F924F925F926F927F928F929F92E1
:10471000AF92BF92CF92DF92EF92FF920F931F93CF
:10472000CF93DF93CDB7DEB7A6970FB6F894DEBF71
:104730000FBECDBF8C011B015A87498740909A0F4D
:1047400050909B0F60909C0F70909D0F80909E0FDB
:1047500090909F0FA090A00FB090A10FDB018D91C2
:104760009D910D90BC91A02D8B8B9C8BAD8BBE8BA6
:104770009C01AD01C301B2010F94893D6B017C0125
:10478000D10114968D919D910D90BC91A02D8F8B90
:10479000988FA98FBA8F9C01AD01C501B4010F9408
:1047A000893D6B8F7C8F8D8F9E8FA985BA858D916A
:1047B0009D910D90BC91A02D8B879C87AD87BE8766
:1047C0009C01AD01C301B2010F94893D6F8F78A3A5
:1047D00089A39AA3A985BA8514968D919D910D9070
:1047E000BC91A02D8F87988BA98BBA8B9C01AD01B2
:1047F000C501B4010F94893D6BA37CA38DA39EA337
:10480000A7019601C701B6010F940C376B017C011B
:104810002B8D3C8D4D8D5E8DCA01B9010F940C37E7
:104820009B01AC01C701B6010F948A3D4B015C01AD
:104830002B893C894D895E896B857C858D859E851C
:104840000F94893D2B013C012F89388D498D5A8D5C
:104850006F85788989899A890F94893D6B017C01DC
:10486000A3019201C301B2010F940C372B013C014B
:10487000A7019601C701B6010F940C379B01AC014B
:10488000C301B2010F948A3D0F9438406B017C0143
:104890002F8D38A149A15AA1CA01B9010F940C3733
:1048A0002B013C012BA13CA14DA15EA1CA01B90184
:1048B0000F940C379B01AC01C301B2010F948A3DE8
:1048C0009B01AC01C501B4010F94EA3F1816B4F581
:1048D00020E030E0A901C701B6010F94EA3F87FF4D
:1048E0002AC0C701B601905820E030E040EA50E409
:1048F0000F94EA3F181614F5A10169857A85C8015D
:104900000E948023A6960FB6F894DEBF0FBECDBFDF
:10491000DF91CF911F910F91FF90EF90DF90CF909B
:10492000BF90AF909F908F907F906F905F904F90CF
:104930003F902F900895C701B601D6CF20E030E018
:1049400040E050E4C501B4010F94EA3F181624F486
:10495000B101C8010E942D2119821A821B821C827A
:10496000BE016F5F7F4FC1010E9477232DEC3CECAD
:104970004CEC5CE3C701B6010F940C379B01AC0112
:10498000F80160817181828193810F940C376D836E
:104990007E838F839887D8019B968C919B978823E1
:1049A000C9F02AE939E949E95FE314966D917D91EF
:1049B0008D919C9117970F940C3769837A838B8321
:1049C0009C83BE016F5F7F4F8CEA9EE00E9477233D
:1049D000F80113A6BE016B5F7F4F89859A850E94FF
:1049E000772390CF3F924F925F926F927F928F92F8
:1049F0009F92AF92BF92CF92DF92EF92FF920F936E
:104A00001F93CF93DF93CDB7DEB76C970FB6F894B3
:104A1000DEBF0FBECDBF8C01DB018C91A42EA80E92
:104A2000B5E0BA1508F4E4C0FB01B180322E3B0CAE
:104A3000B31508F4DDC0EB2DF0E0E65BF84FE08144
:104A4000F0E0082E02C0F595E7950A94E2F7E0FF42
:104A5000CFC0E32DF0E0E65BF84FE081F0E00A2CF8
:104A600002C0F595E7950A94E2F7E0FFC1C0822EF7
:104A7000942E0E94EF1E6B017C01692D660F770B4F
:104A8000072E000C880B990B0F94AD362B013C01BF
:104A9000AC019B01C701B6010F948A3D6B017C01FB
:104AA000CD86DE86EF86F88A8A2D0E94EF1EA3014E
:104AB00092010F94893D698F7A8F8B8F9C8F6983C8
:104AC0007A838B839C838B2D0E94D41E2B013C0107
:104AD000682D660F770B072E000C880B990B0F942F
:104AE000AD364B015C01AC019B01C301B2010F94D7
:104AF0008A3D2B013C01498A5A8A6B8A7C8A832D24
:104B00000E94D41EA50194010F94893D4B015C01C4
:104B10008D829E82AF82B886F80180859185A285BC
:104B2000B38589879A87AB87BC878D8B9E8BAF8B2C
:104B3000B88F20E030E040E85FE3C301B2010F949A
:104B4000A63687FF6DC080E090E0A0E8BFE3898BC8
:104B50009A8BAB8BBC8B20E030E040E85FE3C50173
:104B6000B4010F94A63687FF6BC080E090E0A0E808
:104B7000BFE38D839E83AF83B88720E030E040E8B9
:104B80005FE3C701B6010F94A63687FF69C080E0D6
:104B900090E0A0E8BFE38D879E87AF87B88B20E0C9
:104BA00030E040E85FE3698D7A8D8B8D9C8D0F94AA
:104BB000A63687FF65C080E090E0A0E8BFE3898368
:104BC0009A83AB83BC83CE010D960E94931E8823EB
:104BD00079F0CE0101960E94931E882349F0AE0120
:104BE0004F5F5F4FBE01635F7F4FC8010E9480230C
:104BF0006C960FB6F894DEBF0FBECDBFDF91CF919C
:104C00001F910F91FF90EF90DF90CF90BF90AF90EA
:104C10009F908F907F906F905F904F903F900895FE
:104C200020E030E84AE953E4C301B2010F94EA3FBF
:104C300018160CF090CF80E090E8AAE9B3E487CF93
:104C400020E030E84AE953E4C501B4010F94EA3F9B
:104C500018160CF092CF80E090E8AAE9B3E489CF6F
:104C600020E030E04DE953E4C701B6010F94EA3F7C
:104C700018160CF094CF80E090E0ADE9B3E48BCF50
:104C800020E030E04DE953E4698D7A8D8B8D9C8D69
:104C90000F94EA3F18160CF096CF80E090E0ADE953
:104CA000B3E48DCFCF92DF92EF92FF92CF936B015F
:104CB0007C01C42F8091CA0D8F5F09F4B5C0809329
:104CC000CA0D8091CA0D8093790E20E030E040E754
:104CD00052E4609154027091550280915602909175
:104CE00057020F940C370F94FD3E7093DC0D6093C8
:104CF000DB0DC092DD0DD092DE0DE092DF0DF09263
:104D0000E00D8091780EC0FB80F98093780E8CE0E6
:104D1000E4E3F9E0A1EEBDE001900D928A95E1F7A0
:104D20008CE0E9EBF7E0ADEEBDE001900D928A95E5
:104D3000E1F78091E3079091780E80FB94F99093CE
:104D4000780E882381F08091DF079091E007A09191
:104D5000E107B091E2078093F90D9093FA0DA093CB
:104D6000FB0DB093FC0D80912E1590912F15909313
:104D7000FE0D8093FD0D8091021590910315909387
:104D8000000E8093FF0D80917A0E8093010E80912A
:104D9000780E9091A20E90FB83F98093780E80910B
:104DA000A30E9091A40EA091A50EB091A60E809393
:104DB000020E9093030EA093040EB093050E0E9472
:104DC0003FB76093730E7093740E8093750E90933B
:104DD000760E80915B078093770E9091AB0E809159
:104DE000780E93FB81F99091C60790FB82F980932E
:104DF000780E80E00E9429F140E050E0BA018CE595
:104E000097E10E94729040EB50E06AEC7DE08CE507
:104E100097E10E9406918CE597E1CF91FF90EF908A
:104E2000DF90CF900C94339481E049CF4F925F9202
:104E30006F927F928F929F92AF92BF92CF92DF92AA
:104E4000EF92FF920F931F93CF93DF9300D01F92A7
:104E5000CDB7DEB719821A821B821C829BEBA92E6A
:104E600093E0B92ECE0101964C012CEAC22E2EE021
:104E7000D22E3AE9E32E3FE0F32E10E000E0F501F8
:104E800081915F010E94981FF40181934F01882353
:104E900009F4C1C00E9400222B013C01802F0E9416
:104EA0007D1E882309F4A7C0F7012081318142814A
:104EB0005381C301B2010F948A3DF601608371836F
:104EC000828393830F5F1F4FF4E0CF0ED11C84E0E9
:104ED000E80EF11C0330110591F685E40E94981F3D
:104EE0008C83882309F4A2C00E9400226B017C01FC
:104EF00083E00E947D1E882371F02091A60F3091DF
:104F0000A70F4091A80F5091A90FC701B6010F94A8
:104F10008A3D6B017C01C092B80ED092B90EE0922E
:104F2000BA0EF092BB0E80917E0E882391F1809193
:104F3000571782FF2EC087FD2CC08C81882349F132
:104F40008981811103C08A81882319F12DEC3CEC01
:104F50004CE45DE36091D30D7091D40D8091D50D3B
:104F60009091D60D0F948A3D9B01AC016091A20FE8
:104F70007091A30F8091A40F9091A50F0F94EA3F19
:104F800018163CF440E060E070E080E090E40E949D
:104F9000522640E050E0BA0186E40E942E2220E032
:104FA00030E0A9010F94EA3F181684F40E94002211
:104FB00020E030E040E752E40F94843E60935402D6
:104FC0007093550280935602909357020F900F9062
:104FD0000F900F90DF91CF911F910F91FF90EF9065
:104FE000DF90CF90BF90AF909F908F907F906F9009
:104FF0005F904F900895F801EE0FFF1FEE0FFF1F17
:10500000E655F04F2081318142815381C301B201C5
:105010000F94893D52CFF70180819181A281B381A4
:10502000F60180839183A283B3834CCF8091A60F36
:105030009091A70FA091A80FB091A90F8093B80EDF
:105040009093B90EA093BA0EB093BB0E6CCFEAEC5E
:10505000FDE080EBDF011D928A95E9F708958091CC
:105060007E0E811104C00E9427280C9464F1809167
:10507000571782FF09C087FD07C040E060E070E07D
:1050800080E090E40C94522608958091CA0D882304
:1050900061F09091790E891308C08091571784FFB1
:1050A00004C086E09EE00C94C0F080E00895FC010E
:1050B000238121110C9433940895CF93DF93C091F1
:1050C0002E15D0912F15209729F160912A157091F6
:1050D0002B1580912C1590912D150F94F63E6E5F37
:1050E0007F4F24976C177D07ACF470930208609390
:1050F00001080E9448F0605A75418F4F9F4F60939E
:105100000308709304088093050890930608DF91C4
:10511000CF91089510920308109204081092050888
:1051200010920608F4CFCF92DF92EF92FF921F9376
:10513000CF93DF93182F662351F0109249071092F6
:1051400045071092460710924707109248070E94A1
:1051500048F06B017C018091450790914607A09132
:105160004707B0914807A7019601281B390B4A0B46
:105170005B0BDA01C901B7FD3DC02091490717FD5E
:1051800013C0412F012E000C550B4C5F5F4F822F37
:10519000022E000C990B4817590764F184EF91E037
:1051A000A0E0B0E0211724F488EE93E0A0E0B0E0A6
:1051B0008C0D9D1DAE1DBF1D809345079093460726
:1051C000A0934707B09348072170C22F30E0D32F38
:1051D00084E28C9FB0018D9F700D7C1B112460595F
:1051E0007C4F82E390E00E94C7D7809149078F5F90
:1051F00080934907DF91CF911F91FF90EF90DF904F
:10520000CF900895CF93DF93C0910215D0910315ED
:10521000209729F16091FE147091FF148091001580
:10522000909101150F94F63E6E5F7F4F24976C1797
:105230007D07ACF47093F8076093F7070E9448F07D
:10524000605E70448D4F9F4F6093F9077093FA072B
:105250008093FB079093FC07DF91CF910895109204
:10526000F9071092FA071092FB071092FC07F4CF8F
:10527000CF93DF939091AB0E93FD3CC0C82F83E595
:105280000E94981FD82F882371F10E94ED218C383D
:1052900091059CF590930315809302150E940229B5
:1052A0006091021570910315072E000C880B990B65
:1052B0000F94AD362091FE143091FF1440910015EB
:1052C000509101150F94EA3F60E01816CCF48AEE75
:1052D00096E10E949BBBCC2369F060E08D2FDF91AB
:1052E000CF910C942898CC2329F082E50E94981F36
:1052F0008111CBCFDF91CF9108958CE890E0CACF98
:105300008BED96E1E6CFCF93C1E020E030E0A9013C
:105310006091CF077091D0078091D1079091D2070B
:105320000F94A636811101C0C0E08C2FCF91089553
:105330002F923F924F925F926F927F928F929F92A5
:10534000AF92BF92CF92DF92EF92FF920F931F9393
:10535000CF93DF93CDB7DEB7AC970FB6F894DEBF2F
:105360000FBECDBF9CA78BA77C8F6B8F5E8F4D8FA1
:1053700040909A0F50909B0F60909C0F70909D0FE3
:105380002091C7073091C8074091C9075091CA07BB
:105390002F8F38A349A35AA380913D0790913E07D0
:1053A000A0913F07B09140078BA39CA3ADA3BEA3E0
:1053B000C0909E0FD0909F0FE090A00FF090A10F93
:1053C0008090CB079090CC07A090CD07B090CE07EF
:1053D0002091410730914207409143075091440783
:1053E0002FA338A749A75AA78091AC0E9091AD0E74
:1053F000A091AE0EB091AF0E8B8B9C8BAD8BBE8B04
:105400002091B00E3091B10E4091B20E5091B30E7A
:105410002F8B388F498F5A8F2F8D38A149A15AA1D0
:10542000C301B2010F94893D2BA13CA14DA15EA106
:105430000F940C370F94F63E7A8B698B65307105AB
:1054400024F084E090E09A8B898BA989BA89B7FF10
:1054500002C01A8A198AA5019401C701B6010F94E6
:10546000893D2FA138A549A55AA50F940C370F9453
:10547000F63E1B01653071051CF084E0282E312CAE
:1054800037FE02C0312C212C2F8D38A149A15AA101
:105490006B897C898D899E890F94893D2BA13CA1C4
:1054A0004DA15EA10F940C370F94F63E8B01653031
:1054B000710514F004E010E017FF02C010E000E0F6
:1054C000A50194016F89788D898D9A8D0F94893DFE
:1054D0002FA138A549A55AA50F940C370F94F63E75
:1054E0006530710514F064E070E077FF02C070E091
:1054F00060E029893A892017310749F5621573055B
:1055000009F002C180E1ECEAFEE0AAE9BFE0019007
:105510000D928A95E1F78BA59CA5AC960FB6F894F1
:10552000DEBF0FBECDBFDF91CF911F910F91FF90D6
:10553000EF90DF90CF90BF90AF909F908F907F9033
:105540006F905F904F903F902F900C940EB389898D
:105550009A89801791070CF4C801282F41E050E088
:1055600002C0440F551F8A95E2F7CA014B8D5C8D2E
:1055700048235923452B11F280959095AB8DBC8D16
:10558000A823B923BC8FAB8F80E1ECEAFEE0DE01FB
:10559000119601900D928A95E1F7622F220F770BF9
:1055A000880B990B0F94AD362091CF073091D0071F
:1055B0004091D1075091D2070F940C372F8D38A10D
:1055C00049A15AA10F948A3D6093AC0E7093AD0E21
:1055D0008093AE0E9093AF0EA30192010F94893D7C
:1055E0004B015C01A30192016B897C898D899E89A5
:1055F0000F94893D9B01AC01C501B4010F94843E19
:105600004B015C01A70196016F89788D898D9A8D78
:105610000F94893DA50194010F940C37A7019601C1
:105620000F948A3D6093B00E7093B10E8093B20ECA
:105630009093B30EC090A20FD090A30FE090A40F50
:10564000F090A50FA70196016091B40E7091B50E70
:105650008091B60E9091B70E0F94893DA5019401EB
:105660000F940C37A70196010F948A3D6093B40EF6
:105670007093B50E8093B60E9093B70EC090A60FA0
:10568000D090A70FE090A80FF090A90FA701960166
:105690006091B80E7091B90E8091BA0E9091BB0EC8
:1056A0000F94893DA50194010F940C37A701960131
:1056B0000F948A3D6093B80E7093B90E8093BA0E22
:1056C0009093BB0E4D8D5E8D6B8D7C8D8BA59CA5B7
:1056D0000E9498298B899C89AD89BE8989839A8388
:1056E000AB83BC832F89388D498D5A8D2D833E83A2
:1056F0004F83588780E1FE013196ACEABEE001900D
:105700000D928A95E1F734CECB01621573050CF446
:10571000C101682F21E030E002C0220F331F8A95BB
:10572000E2F7C9012D8D3E8D28233923232B09F45F
:10573000E9CE809590954D8D5E8D482359235E8FDF
:105740004D8F80E1ECEAFEE0DE01119601900D92B2
:105750008A95E1F7062E000C770B880B990B0F94B6
:10576000AD362091D3073091D4074091D5075091A1
:10577000D6070F940C37A50194010F948A3D6093CE
:10578000B00E7093B10E8093B20E9093B30EA7013A
:1057900096010F94893D4B015C01A70196016F8929
:1057A000788D898D9A8D0F94893D9B01AC01C5013F
:1057B000B4010F94843E4B015C01A30192016B89FB
:1057C0007C898D899E890F94893DA50194010F9450
:1057D0000C37A30192010F948A3D6093AC0E709335
:1057E000AD0E8093AE0E9093AF0E24CF4F925F928A
:1057F0006F927F928F929F92AF92BF92CF92DF92E1
:10580000EF92FF920F931F93CF93DF93EC012091C0
:10581000C7073091C8074091C9075091CA076881EE
:1058200079818A819B810F94893D6B017C01209154
:10583000CB073091CC074091CD075091CE076C81BA
:105840007D818E819F810F94893D4B015C01A70171
:1058500096016091350770913607809137079091D6
:1058600038070F94A636882309F451C0C092350733
:10587000D0923607E0923707F092380720913D0723
:1058800030913E0740913F0750914007C701B60154
:105890000F940C372B013C010F942C3F6B017C01C2
:1058A00020E030E0A9010F94A63687FD71C020E00A
:1058B00030E040E850E4C701B6010F94EA3F181603
:1058C00034F4C12CD12CC0E8EC2EC0E4FC2EA7018E
:1058D0009601C301B2010F94893D60932D07709327
:1058E0002E0780932F0790933007C701B6010F94BE
:1058F000F63E60932B07062E000C770B6F5F7F4FF1
:105900006530710514F065E070E060932907D0916F
:10591000270710912B07A501940160913907709119
:105920003A0780913B0790913C070F94A63681116E
:1059300033C0D11382C020910F07309110074091DE
:1059400011075091120760912D0770912E078091D9
:105950002F07909130070F940C3720911307309147
:10596000140740911507509116070F948A3DDF9157
:10597000CF911F910F91FF90EF90DF90CF90BF904C
:10598000AF909F908F907F906F905F904F90089511
:10599000C12CD12C76019BCF8092390790923A0787
:1059A000A0923B07B0923C072091410730914207FB
:1059B0004091430750914407C501B4010F940C373F
:1059C0004B015C010F942C3F6B017C0120E030E027
:1059D000A9010F94A63687FDF4C020E030E040E82E
:1059E00050E4C701B6010F94EA3F181634F4C12CF5
:1059F000D12CB0E8EB2EB0E4FB2EA7019601C50137
:105A0000B4010F94893D60933107709332078093FE
:105A1000330790933407C701B6010F94F63E6093A5
:105A20002C07062E000C770B6F5F7F4F65307105DA
:105A300014F065E070E060932A07C0912C07D11341
:105A400005C0809128078C1709F470C080912B073E
:105A500090912C0790932807809327070C2E000C19
:105A6000DD0B26E01203C0011124FC01EC0FFD1F29
:105A7000EE0FFF1FEE0FFF1FE454F14F2081318125
:105A800042815381209323073093240740932507B5
:105A90005093260700912A07002E000C110BFC01E1
:105AA000E00FF11FEE0FFF1FEE0FFF1FE454F14F49
:105AB00060817181828193810F94893D60931F077A
:105AC0007093200780932107909322072091290744
:105AD00036E02303F0011124CE0FDF1FCC0FDD1FB2
:105AE000CC0FDD1FC454D14F288139814A815B819D
:105AF00020931B0730931C0740931D0750931E07EC
:105B0000E00FF11FEE0FFF1FEE0FFF1FE454F14FE8
:105B100060817181828193810F94893D6093170721
:105B2000709318078093190790931A078090310794
:105B300090903207A0903307B090340720911F0750
:105B4000309120074091210750912207C501B401EF
:105B50000F940C372091230730912407409125079B
:105B6000509126070F948A3D6B017C01C092130768
:105B7000D0921407E0921507F092160720911707AC
:105B8000309118074091190750911A07C501B401C7
:105B90000F940C3720911B0730911C0740911D0773
:105BA00050911E070F948A3DA70196010F94893DDD
:105BB00060930F077093100780931107909312075B
:105BC000BACEC12CD12C760118CFE5E3F7E080EFF7
:105BD0009FEFA9E7B4EC84839583A683B783808382
:105BE0009183A283B383E7E2F7E08DE98183808329
:105BF00008958F929F92AF92BF92CF92DF92EF92D1
:105C0000FF92FC0198E0AFECB7E001900D929A95FD
:105C1000E1F788E0FB01A7ECB7E001900D928A95CF
:105C2000E1F7C090CF07D090D007E090D107F09077
:105C3000D20720E030E0A901C701B6010F94A636D3
:105C40008823E1F1A701960160E070E080E89FE31E
:105C50000F94843E6B017C018090D3079090D40711
:105C6000A090D507B090D60720E030E0A901C5018B
:105C7000B4010F94A636882329F1A501940160E0B0
:105C800070E080E89FE30F94843EC0923D07D0927D
:105C90003E07E0923F07F092400760934107709300
:105CA00042078093430790934407FF90EF90DF9063
:105CB000CF90BF90AF909F908F900895C12CD12C22
:105CC0007601CACF60E070E0CB01DFCFEFE6F0E015
:105CD00080818260808308958091911290919212C8
:105CE000892B79F48091911290919212892B49F429
:105CF000209191123091921281E0232B19F480E0CF
:105D0000089581E008958F929F92AF92BF92CF92B3
:105D1000DF92EF92FF92CF93DF93EC018090A30E7E
:105D20009090A40EA090A50EB090A60E20E030E0BA
:105D3000A901C501B4010F94A636882309F45EC0F9
:105D4000C880D980EA80FB8020E030E0A901C7014B
:105D5000B6010F94A63618160CF050C0A701960194
:105D6000C501B4010F94A63618160CF04CC0209152
:105D70009A0E30919B0E40919C0E50919D0EC70142
:105D8000B6010F94A636882331F1C0929A0ED092B4
:105D90009B0EE0929C0EF0929D0E20919E0E3091F3
:105DA0009F0E4091A00E5091A10E688179818A8149
:105DB0009B810F940C379B01AC0160E070E080E8A0
:105DC0009FE30F94893D60930202709303028093D6
:105DD0000402909305026091020270910302809187
:105DE000040290910502DF91CF91FF90EF90DF9038
:105DF000CF90BF90AF909F908F90089560E070E03B
:105E000080E89FE3F0CF60E070E0CB01ECCFCF9271
:105E1000DF92EF92FF926B017C0183E3C816D104FD
:105E2000E104F10470F082E3C81AD108E108F10836
:105E300062E370E080E090E00E94ADEF0E94D5D573
:105E4000ECCFC701B6010E94ADEFFF90EF90DF905D
:105E5000CF900C94D5D51092C60D8091ED079091FE
:105E6000EE07A091EF07B091F0078093E9079093B8
:105E7000EA07A093EB07B093EC0708959091941272
:105E8000109294129230B9F09430C1F09130E1F454
:105E9000882319F0813021F008959093C70D08955B
:105EA00082E08093C70D8091C60D882369F010921F
:105EB000AF090C942B2F1092C80D089586E699E136
:105EC0009093F1098093F00908956C98749A0C945A
:105ED0002B2F9091571794FB882780F994FF06C0C9
:105EE00081E09091BE18911101C080E008950E9458
:105EF000692F882339F08091571782FB882780F912
:105F000091E08927089580917F0E811106C08091CC
:105F10009312823011F00C94772F81E008950C9445
:105F200089B981E00895CF93DF93EC01E62F660FE6
:105F3000FF0BE758FE4CE491E250E13108F0B0C0AD
:105F4000F0E08827E955F04D8F4F0D94813DB82F33
:105F50005030503050305030E22FC42F06300430D3
:105F6000E42F2A302830083050304E304C302C305E
:105F700082E1E5E6F2E0DE0101900D928A95E1F71B
:105F8000CE01DF91CF91089581E020EB30E039839D
:105F9000288321EB30E03B832A831D821C8223EB84
:105FA00030E03F832E8324EB30E0398728871B863F
:105FB0001A861D861C8692E09E878F8781E0888BDB
:105FC000198ADECF80E0E1CF81E08F5F20E930E009
:105FD0003983288321E930E03B832A8322E930E0BA
:105FE0003D832C8328E930E03F832E832AE930E08B
:105FF000398728872CE930E03B872A8726E930E07B
:106000003D872C8793E0D8CF80E0DFCF80E0DECFE4
:1060100081E08F5F20EA30E03983288321EA30E095
:106020003B832A8322EA30E03D832C8328EA30E058
:106030003F832E832AEA30E0398728872CEA30E034
:106040003B872A8726EA30E03D872C8794E0B4CF4F
:1060500080E0DFCF80E0DECF81E08F5F20E231E0C3
:106060003983288321E231E03B832A8322E231E035
:106070003D832C8328E231E03F832E832AE231E006
:10608000398728872CE231E03B872A8726E231E0F6
:106090003D872C8795E090CF80E0DFCF80E0DECF9A
:1060A00082E1FE0111928A95E9F76ACF9091D100C1
:1060B00095FD0CC09091D00095FF08C08093D6004C
:1060C0008091D00080648093D0000895209176065E
:1060D0002F5F2F770FB607FC27C09091770692139A
:1060E00028C09091D00095FF1EC0909177064091F6
:1060F0007606941306C09091D1009F7D9093D100B5
:1061000012C0E92FF0E0EA58F94F32819F5F9F7784
:106110003093D600909377063091D000306430935E
:10612000D000491741F3D9CF90917706921301C05F
:10613000FBCFE0917606F0E0EA58F94F8283209396
:1061400076068091D10080628093D10008958F926D
:106150009F92AF92BF92CF92DF92EF92FF920F93F6
:106160001F93CF93DF937C0121E5E20EF11CD70151
:106170004C914A3509F0A4C06C01B2E5CB0ED11C9C
:10618000F6013081353A09F09BC0EC01C05BDF4F6E
:106190002881233008F494C08C0100561F4FD80189
:1061A0004C93E15BFF4F308331962083EF54F1092C
:1061B0003081E05BFF4F30833038B1F43196AC541E
:1061C000B1093C913083E854F109AF5ABF4F50E018
:1061D00040E02250330B42175307CCF480813296B3
:1061E0008D934F5F5F4FF7CF233031F5313809F092
:1061F00074C0FC01EC55FF4FDC01AC5ABF4F2C9131
:1062000020833196885A9F4FDC018C91808348010E
:10621000B12CA12C888190E002968A159B050CF484
:106220003FC0F40181914F010E9456300F94F70E48
:10623000FFEFAF1ABF0AEECF323821F5FC01EC5A5E
:10624000FF4F30814181E05BFF4F408331963083C7
:10625000DC01AA55BF4F50E040E02350330B4217FA
:106260005307ACF6FA01EE7FE45AFF4FE80FF91F2F
:10627000608171817C9311966C9311974E5F5F4F93
:106280001296EDCF243019F6333809F6FC01EC5A9A
:10629000FF4F20813181E05BFF4F30833196B0CFDB
:1062A00080E5DE011D928A95E9F78EE2F8011192F0
:1062B0008A95E9F78AE5D7018C9385EAF601808310
:1062C000DF91CF911F910F91FF90EF90DF90CF90D2
:1062D000BF90AF909F908F900895323809F097CF7C
:1062E000ADCF1F920F920FB60F9211240BB60F92E3
:1062F0002F938F939F93EF93FF9380917706209135
:106300007606821306C08091D1008F7D8093D100E4
:1063100012C0E82FF0E0EA58F94F92818F5F8F7733
:106320009093D600809377069091D00090649093DC
:10633000D000281741F3FF91EF919F918F912F91FA
:106340000F900BBE0F900FBE0F901F9018951F92CD
:106350000F920FB60F9211240BB60F920F931F934B
:106360002F933F934F935F936F937F938F939F935D
:10637000AF93BF93CF93DF93EF93FF93C091D6007A
:1063800000916507D091640711E01D0F1F73909174
:106390007506943108F0B1C0E92FF0E08827EC527F
:1063A000FE4C8F4F0D94813DE83117322632383242
:1063B0003F327D3243327D3247324B327D324F3273
:1063C00053327D3258325D3262326A327D327532FA
:1063D000C03229F028F5CA3011F0CD3031F501175F
:1063E00031F0ED2FF0E0EC59F84FC283D12FD0936C
:1063F0006407FF91EF91DF91CF91BF91AF919F9192
:106400008F917F916F915F914F913F912F911F914C
:106410000F910F900BBE0F900FBE0F901F9018950D
:10642000CD3481F081E0CE3471F083E10CC0CA3309
:1064300038F4C033A0F6C03291F2CD32B1F7CFCFED
:10644000CD3499F782E080937506C9CFC43371F0DB
:1064500030F4C03221F283E0C133A9F3E6CF8BE000
:10646000C53389F38EE0C83371F3DFCF88E0EBCF1B
:1064700084E0C03341F386E0C13329F3D6CF85E011
:10648000C83399F6E0CF87E0C23379F6DCCF89E0F4
:10649000C13359F6D8CF8AE0C03339F6D4CF8CE077
:1064A000C23319F6D0CF8DE0C43309F0BECFCBCFC5
:1064B0008FE0C73309F0B9CFC6CF80E1C63309F00A
:1064C000B4CFC1CFC03209F48ACF81E1C33509F41A
:1064D000BACFABCF80ED8C0F8A3008F080CF92E13D
:1064E00090937506809374067ACFCA3019F0CD3038
:1064F00009F075CF1092750672CFCA3019F0CD3001
:1065000009F06DCF80914B178823A1F39A30B9F031
:1065100040F4953079F0973069F781E08093FF0778
:10652000E9CF9D3081F0923129F7809174060E9465
:106530003E2FE0CF10922D021092C80DDBCF81E0EC
:106540008093FE07D7CF81E08093FD07D3CF909152
:10655000C00095FFFCCF8093C6000895CF93DF93D2
:10656000EC01FE0184912196882319F00E94A73244
:10657000F8CFDF91CF910895E091B41081E6E89FC4
:10658000F0011124EA5EFE4E8081811107C08BE389
:1065900090E30E94AE328AE00C94A7320895CF9324
:1065A000C62F0E94AE328C2FCF910C94A7320F933E
:1065B0001F93CF938C01C62F82E299E00E94AE32E6
:1065C000C8010E94AE32CC2331F08AE0CF911F91F6
:1065D0000F910C94A732CF911F910F910895CF92F4
:1065E000DF92EF92FF920F931F93CF93DF93CDB77C
:1065F000DEB72C970FB6F894DEBF0FBECDBF83E594
:106600000E94981F882321F00E948A210E94351F32
:1066100084E50E94981F8823A9F00E948A216B01BB
:106620007C010E9471B7C092B507D092B607E09284
:10663000B707F092B807CD28CE28CF2819F081E00F
:106640008093931280917F0E882361F180E090E027
:10665000A0EAB1E489879A87AB87BC871D821E8236
:106660001F82188619821A821B821C8210E000E0A9
:1066700020E0AE01475F5F4FBE016B5F7F4FCE01F1
:1066800001960F94BB272C960FB6F894DEBF0FBE71
:10669000CDBFDF91CF911F910F91FF90EF90DF90D1
:1066A000CF9008950E94692F882381F00E947D8CED
:1066B0000E948F2F86E09EE00E94EC931092AF1014
:1066C0001092B0101092B1101092B21061E08FE5EC
:1066D00099E10E94D73240EB58E36EEB76E185E01A
:1066E0000F94D9130F943214CECF60E085E398E372
:1066F0000E94D7328AE399E00E94AE328AE00C947D
:10670000A732CF93DF93EC0160E085E398E30E942A
:10671000D73283E499E00E94AE3280E20E94A73231
:10672000CE010E94AE328AE0DF91CF910C94A73265
:1067300060E085E398E30E94D7328EE399E00E94FF
:10674000AE328AE00C94A732DF92EF92FF920F9361
:106750001F93CF93DF93D82E7B018A01E9010E941A
:106760007533D092941260E085E398E30E94D732AB
:106770008DE398E30E94AE3280E20E94A732C70107
:106780000E94AE328AE00E94A7320115110519F06D
:10679000C8010E948133209719F0CE010E948133F5
:1067A000DF91CF911F910F91FF90EF90DF900C94AC
:1067B0009833811107C088EB90E10E94AE328AE0E5
:1067C0000C94A7328CEB90E1F8CF64EA70E10F945F
:1067D000361760917E0E605D8BE990E10E94CF32AA
:1067E00087E990E10E94AE3280917E0E0C94D933FD
:1067F00083E997E00C94AE322F923F924F925F92D2
:106800006F927F928F929F92AF92BF92CF92DF92C0
:10681000EF92FF920F931F93CF93DF93CDB7DEB725
:106820002E970FB6F894DEBF0FBECDBF87E00E9453
:10683000CCCD8111C0C099E6C92E9BE1D92E8AE941
:106840009FE09E878D87FE0131961F017F0110E03A
:1068500000E0C6010E946823ED85FE85819091903D
:10686000A190B190FE87ED87A50194010F94893D19
:106870002B013C01F701408251826282738220E049
:1068800030E040EA51EC0F94EA3F87FD0AC020E077
:1068900030E040EA51E4C301B2010F94A636181665
:1068A0007CF4F801E351F64CE4911E164CF4B7FA6F
:1068B000B094B7F8B094F70180829182A282B3823B
:1068C000F70181909190A190B1907F0120E030E09C
:1068D00040EA51ECC501B4010F94EA3F87FD42C084
:1068E00020E030E040EA51E4C501B4010F94A6363F
:1068F0001816C4F10F5F1F4FF4E0CF0ED11C033008
:10690000110509F0A6CF84E3E82E89E0F82E10E007
:10691000F10181919191A191B1911F01F7018193B1
:106920009193A193B1937F01812F0E941BB01F5FB0
:10693000133071F70E94FFB360E081E696E10E9498
:106940009BBB63E972E084E690E00E94C7D770E0E9
:1069500060E08AE090E00E94C7D76AEB72E084E6CC
:1069600090E00FC00E94F8338FE796E10E94AE32AC
:1069700061E081E796E10E949BBB68E270E080E9FC
:1069800091E02E960FB6F894DEBF0FBECDBFDF911B
:10699000CF911F910F91FF90EF90DF90CF90BF901C
:1069A000AF909F908F907F906F905F904F903F90AF
:1069B0002F900C94C7D72E960FB6F894DEBF0FBE5B
:1069C000CDBFDF91CF911F910F91FF90EF90DF909E
:1069D000CF90BF90AF909F908F907F906F905F907F
:1069E0004F903F902F9008958DE897E00C94AE3231
:1069F000811102C00C94F4340895CF9384E50E9471
:106A0000981FC0E0882309F10E94A821C82F1816FA
:106A1000E4F40E94F4348DE40E94A732609161078F
:106A20007091620790E080E00F94EC108EEF90E19F
:106A30000E94AE326C2FCC0F770B880B990B0F9402
:106A4000BE138AE00E94A732CFEF8C2FCF9108951A
:106A50000F931F93CF93811116C0C42F8B010E94F7
:106A6000F4348BEF90E10E94AE32C8010E94AE3246
:106A7000CC2349F08AE30E94A7328AE0CF911F918C
:106A80000F910C94A732CF911F910F910895CF933E
:106A9000C82F82E0C11184E060E00F94E2130E94ED
:106AA000F4348BE599E0CC2311F080E799E0CF91A5
:106AB0000C94AE32CF92DF92EF92FF926A017B018B
:106AC0000E94AE3242E0C701B601FF90EF90DF9026
:106AD000CF900C9415970F931F93CF9381EE93E073
:106AE0000E94431F882309F44FC088E40E94671F57
:106AF000882321F00E94C8218093540762E570E04A
:106B000080915E0790915F070F94D8408C0183E5D8
:106B10000E94671FC82F012B11F4882341F00E94A7
:106B20002B2FCC2321F00E94C8218093AF0984E44D
:106B30000E94671F882311F10E9400226093ED07D5
:106B40007093EE078093EF079093F00780E50E9423
:106B5000671F882309F45AC00E94ED219C01332746
:106B60002330310524F02730310509F04FC08093E0
:106B7000F207CF911F910F910C94652F8CE40E9426
:106B8000671F8111D9CFE2CF0E94F4348AEE90E1E1
:106B90000E94AE328091AF09811132C088EB90E142
:106BA0000E94AE324091ED075091EE076091EF07E1
:106BB0007091F0078DED90E10E945A358AED90E1D9
:106BC0000E94AE32C091F20781ED90E10E94AE3298
:106BD0006C2F70E090E080E00F94BE138FEB90E19B
:106BE0000E94AE328091540781110DC088EB90E174
:106BF0000E94AE328AE0CF911F910F910C94A73280
:106C00008CEB90E1CDCF8CEB90E1F2CFCF911F9147
:106C10000F910895CF93DF93C82F41E06BE97FE098
:106C20000E9428358C2F0E94F834C6E2D5E148A195
:106C300059A16AA17BA182E99FE00E945A352CEA02
:106C400035EC47E25EE36CA17DA18EA19FA10F947C
:106C5000843EAB01BC018FE89FE00E945A352CEACC
:106C600035EC47E25EE368A579A58AA59BA50F945C
:106C70000C37AB01BC018CE89FE00E945A358AE0DA
:106C8000DF91CF910C94A7320E945A358AE00C9480
:106C9000A732CF93DF9365E576E10F943617C4E30F
:106CA000D9E0488159816A817B818CE496E10E9418
:106CB0005A354C815D816E817F818BE29AE30E941F
:106CC0005A35488559856A857B8588E29AE3DF9144
:106CD000CF910C944436CF93DF9365EB7FE00F9414
:106CE0003617CAEFD4E148A159A16AA17BA18CEA69
:106CF0009FE00E945A352CEA35EC47E25EE36CA136
:106D00007DA18EA19FA10F94843EAB01BC0189EAB5
:106D10009FE00E945A352CEA35EC47E25EE368A515
:106D200079A58AA59BA50F940C37AB01BC0186EA17
:106D30009FE0DF91CF910C944436CF93DF9363E1D2
:106D40007FE00F94361760915D0F70915E0F809118
:106D50005F0F9091600F0F94AB36AB01BC018AE0DE
:106D60009FE00E945A3540918D0F50918E0F609197
:106D70008F0F7091900F87E09FE00E945A354091ED
:106D8000910F5091920F6091930F7091940F84E046
:106D90009FE00E945A35CFE9D9E0488159816A8144
:106DA0007B8181E09FE00E945A354C815D816E813C
:106DB0007F818BE29AE30E945A35488559856A851E
:106DC0007B8588E29AE30E945A354C855D856E8505
:106DD0007F8585E29AE3DF91CF910C944436CF937F
:106DE000DF9367EB7EE00F943617CDE4DFE04CA92C
:106DF0005DA96EA97FA98EEA9EE00E945A3548AD32
:106E000059AD6AAD7BAD8BEA9EE00E945A354CAD20
:106E10005DAD6EAD7FAD84E09FE0DF91CF910C94CE
:106E20004436CF93DF9363E97EE00F943617CDE4C9
:106E3000DFE04CA15DA16EA17FA18AE89EE00E94E7
:106E40005A3548A559A56AA57BA58BE29AE30E940D
:106E50005A354CA55DA56EA57FA588E29AE30E94F0
:106E60005A3548A959A96AA97BA985E29AE3DF9115
:106E7000CF910C944436CF93DF936EE67EE00F946F
:106E80003617CDE4DFE0688179818A819B810F9498
:106E9000AB36AB01BC0185E69EE00E945A356C81A1
:106EA0007D818E819F810F94AB36AB01BC018BE25B
:106EB0009AE30E945A35688579858A859B850F9467
:106EC000AB36AB01BC0188E29AE30E945A356C856F
:106ED0007D858E859F850F94AB36AB01BC0185E225
:106EE0009AE3DF91CF910C944436CF93811112C075
:106EF00040E063E57EE00E9428358091E307811140
:106F000004C086E49EE00E94AE328AE00E94A7326E
:106F10000E94F434C091E3078DE39EE00E94AE32FC
:106F20008C2F0E9471234091DF075091E007609100
:106F3000E1077091E2078AE39EE0CF910C9444361A
:106F4000CF92DF92EF92FF920F931F93CF93DF9335
:106F50006C017B01EA01C901009711F00E94AE3279
:106F6000F601408151816281738181E09FE00E943E
:106F70005A35F70140815181628173818BE29AE336
:106F80000E945A35488159816A817B8188E29AE35F
:106F90000E945A350115110559F0C801DF91CF91B2
:106FA0001F910F91FF90EF90DF90CF900C94AE3235
:106FB0008AE0DF91CF911F910F91FF90EF90DF90CA
:106FC000CF900C94A7320F931F939B018A01AC01C1
:106FD000485F5F4FBC016C5F7F4F0E94A0371F91DD
:106FE0000F910895CF93DF93EC01CB010E94AE3255
:106FF00088819981892B39F080E20E94A7328881AB
:1070000099810E94AE3280E20E94A73250E040E0B7
:1070100070E060E08AE99FE0DF91CF910C94E33764
:10702000FC012281222321F06BEA78E00C94F237F4
:107030000895FC01718360834283442321F067EA51
:1070400078E00C94F23708958091AB0E85FF10C064
:107050008091A20E49ED58E069EE78E0811104C0FC
:107060004DEF58E06EE079E08AE99FE00C94E33759
:1070700008951F93CF93DF9300D0CDB7DEB7182FBD
:107080004091AB0E45FB442740F96FEA78E0CE0112
:1070900001960E941938112321F00E948329882328
:1070A000E1F08091A20E8117C1F00E9424380E9465
:1070B0003CAB8AE99FE00E94DEAC8091A20E91E099
:1070C00089278093A20E882321F08AE99FE00E94FD
:1070D00018AA0E94F1B30E942438CE0101960E94A2
:1070E00010380F900F900F90DF91CF911F9108955E
:1070F0008F929F92AF92BF92EF92FF920F931F9346
:10710000CF93DF938091AB0E85FF04C088EC98E0AD
:107110000E94AE3280E00E9439381092CB07109264
:10712000CC071092CD071092CE071092C70710928D
:10713000C8071092C9071092CA071092D30710927D
:10714000D4071092D5071092D6071092CF0710924D
:10715000D0071092D1071092D2070CEB1EE0C0E0CE
:10716000812C912C80ECA82E8FE7B82E7801D0E0EE
:10717000F70181929192A192B1927F016D2F8C2F94
:107180000F94BC17DF5FD63099F7CF5F085E1F4FB3
:10719000C63061F7DF91CF911F910F91FF90EF9073
:1071A000BF90AF909F908F900895CF93DF93EB01A6
:1071B0000E94AE32BE01DD0F880B990BDF91CF919B
:1071C0000D94BE130E94AE328AE00C94A7326F92E7
:1071D0007F928F929F92AF92BF92CF92DF92EF9267
:1071E000FF920F931F93CF93DF93CDB7DEB76497D2
:1071F0000FB6F894DEBF0FBECDBF1092D0008091C5
:10720000D00082608093D0001092D50080E18093FE
:10721000D4008091D10080618093D1008091D10011
:1072200088608093D1008091D10080688093D100E4
:107230008091D1008F7D8093D1008AE58093CE1616
:1072400080937E1685EA8093CF1680937F16EDE1BA
:10725000F7E18EE2DF011D928A95E9F764EF71E0B4
:1072600080E090E00E9476B90E941BC284E096E024
:107270009093DA168093D91680EA90E89093DC1602
:107280008093DB1687E08093CD1612E81093D0161A
:1072900080EA90E0A0E0B0E08093D1169093D216FF
:1072A000A093D316B093D4168DE796E10E94A73031
:1072B00060E971E080E090E00E9476B987EE93E0AB
:1072C0000E9413BB84E690E09093DA168093D9165F
:1072D00005E00093CD161093D01686E090E1A0E073
:1072E000B0E08093D1169093D216A093D316B093AA
:1072F000D4168DE796E10E94A7308BE090E0909342
:10730000DA168093D9160093CD161093D01680E02C
:1073100092E1A0E0B0E08093D1169093D216A093B2
:10732000D316B093D4168DE796E10E94A730109241
:10733000DA161092D9160093CD161093D01684E366
:1073400090E1A0E0B0E08093D1169093D216A09384
:10735000D316B093D4168DE796E10E94A730109211
:10736000DA161092D9160093CD161093D0168AE330
:1073700090E1A0E0B0E08093D1169093D216A09354
:10738000D316B093D4168DE796E10E94A730609192
:107390002A1570912B1580912C1590912D150F9415
:1073A000F63E7093DA166093D9160093CD161093BB
:1073B000D01686E390E1A0E0B0E08093D1169093E0
:1073C000D216A093D316B093D4168DE796E10E94FF
:1073D000A7301092DA161092D9160093CD1610939A
:1073E000D01680E590E1A0E0B0E08093D1169093B4
:1073F000D216A093D316B093D4168DE796E10E94CF
:10740000A7306091FE147091FF1480910015909147
:1074100001150F94F63E7093DA166093D916009317
:10742000CD161093D0168CE390E1A0E0B0E08093ED
:10743000D1169093D216A093D316B093D4168DE79D
:1074400096E10E94A73080917A0E90911F02899F49
:10745000C0011124880F892F881F990B9195B4E6DC
:107460008B9FC001112481589F4F6FEF70E00F94E4
:107470006D3D7093DA166093D9160093CD16109374
:10748000D0168EE190E1A0E0B0E08093D116909309
:10749000D216A093D316B093D4168DE796E10E942E
:1074A000A730E0E6CE2EE0E1DE2EE12CF12C1092AA
:1074B000DA161092D9160093CD161093D016C092FA
:1074C000D116D092D216E092D316F092D4168DE750
:1074D00096E10E94A730EFEFCE1ADE0AEE0AFE0A0E
:1074E000F4E7CF16F0E1DF06E104F10401F7CE0185
:1074F00001967C0184E1D7011D928A95E9F781E02C
:107500008F9390E99F938F939CE29F938F939F9388
:107510008BEF93E09F938F93FF92EF920F94124122
:1075200020E630E140E050E068E074E08DE796E16D
:107530000F94FE0E2AE630E140E050E066E174E090
:107540008DE796E10F94FE0E24E730E140E050E035
:10755000B7018DE796E10F94FE0E2EE730E140E093
:1075600050E06EE174E08DE796E10F94FE0E10920C
:10757000DA161092D9160093CD161093D0168EE01D
:1075800090E1A0E0B0E08093D1169093D216A09342
:10759000D316B093D4168DE796E10E94A7301092CF
:1075A000DA161092D9160093CD161093D0168FE0EC
:1075B00090E1A0E0B0E08093D1169093D216A09312
:1075C000D316B093D4168DE796E10E94A7300FB67C
:1075D000F894DEBF0FBECDBF4AE0C42E40E2D42EE9
:1075E000E12CF12C55E0752E62E8662E460157011C
:1075F0000AE010E01092DA161092D9167092CD16A9
:107600006092D0168092D1169092D216A092D31684
:10761000B092D4168DE796E10E94A730015011096F
:10762000FFEF8F1A9F0AAF0ABF0A0115110511F764
:107630002AE0C20ED11CE11CF11C82EDC81680E2CA
:10764000D806E104F10491F6C12C30E2D32EE12CEE
:10765000F12C05E012E81092DA161092D916009378
:10766000CD161093D016C092D116D092D216E092B9
:10767000D316F092D4168DE796E10E94A7301092AF
:10768000DA161092D9160093CD161093D016D701A2
:10769000C6018C529F4FAF4FBF4F8093D11690932E
:1076A000D216A093D316B093D4168DE796E10E941C
:1076B000A7309FEFC91AD90AE90AF90AAAE0CA163F
:1076C000A0E2DA06E104F10431F62EEDC22E20E24A
:1076D000D22EE12CF12C05E012E81092DA1610926D
:1076E000D9160093CD161093D016C092D116D09211
:1076F000D216E092D316F092D4168DE796E10E944E
:10770000A730BFEFCB1ADB0AEB0AFB0AE6EECE1678
:10771000E0E2DE06E104F10401F7CC24C39482E147
:10772000D82EE12CF12C9AE0A92EB12C05E012E81C
:10773000B092DA16A092D9160093CD161093D016F7
:10774000C092D116D092D216E092D316F092D416EF
:107750008DE796E10E94A730B092DA16A092D91672
:107760000093CD161093D016D701C6018096A11DA7
:10777000B11D8093D1169093D216A093D316B093D7
:10778000D4168DE796E10E94A730FFEFCF1ADF0AEB
:10779000EF0AFF0A25E1C21622E1D206E104F10454
:1077A00039F689EF96E10E94E23864960FB6F894B4
:1077B000DEBF0FBECDBFDF91CF911F910F91FF9024
:1077C000EF90DF90CF90BF90AF909F908F907F9081
:1077D0006F900895CF93DF936FEA76E10F94361799
:1077E000C0915E15D0915F15488159816A817B8176
:1077F00086EA96E10E945A354C815D816E817F81D7
:107800008BE29AE30E945A3540915A1550915B15CC
:1078100060915C1570915D1588E29AE30E945A357B
:1078200083EA96E10E94AE328DE996E1DF91CF9135
:107830000C94E238CF93DF93C82F41E06CEC7FE0EB
:107840000E9428358C2F0E94F834C7EDD7E04C8178
:107850005D816E817F8183EC9FE00E945A35488173
:1078600059816A817B8180EC9FE00E945A358DEBC3
:107870009FE00E94AE328DE996E1DF91CF910C94AA
:10788000E238CF93DF93EC0160E08CE299E00E9454
:10789000D732CE01DF91CF910C94E238CF93DF93B2
:1078A000CDB7DEB7A8970FB6F894DEBF0FBECDBF39
:1078B0008C017B01942E0E94549C0115110509F442
:1078C000C8C00E94F434C8010E94E238E114F104F7
:1078D00021F490EBE92E9AE2F92E8091B20780FD17
:1078E00089C081608093B207CDB6DEB680E597E0AF
:1078F0000E94E23881E09AE59093DA168093D916D7
:1079000088E590E09093DC168093DB1687E0809307
:10791000CD1682E88093D01684E890E0A0E0B0E035
:107920008093D1169093D216A093D316B093D41609
:107930008DE796E10E94A730C8010F94F3355C01F2
:10794000C7010F94F3358A0D9B1D03962DB73EB7E3
:10795000281B390B0FB6F8943EBF0FBE2DBF8DB755
:107960009EB701965C01FF92EF921F930F9389E4FB
:1079700097E09F938F93BF92AF920F943D368AE228
:1079800089838A838B838C83D501CE010596EDB7DD
:10799000FEB738960FB6F894FEBF0FBEEDBFBE011E
:1079A0006F5F7F4FFC01E61BF70B2D9121110BC080
:1079B000E60FF71F8AE29F01261B370B283231059D
:1079C00034F48193F8CFFC012193CF01EBCF20E673
:1079D00030E140E050E08DE796E10F94FE0E6AE062
:1079E00070E080E090E00E9476B90FB6F894DEBEB9
:1079F0000FBECDBE0E94F8338DE697E00E94AE32F6
:107A000061E08BE597E00E94D73289EE93E0019721
:107A100039F000C00000EEE5F9E03197F0F7F7CF5C
:107A2000F89489EE93E0019739F000C00000E6EE8B
:107A3000F3E03197F0F7F7CF0E94549C992031F092
:107A40000E94489E0E941E1FA895FECF0E940D9E78
:107A5000F9CFE114F10421F480EBE82E8AE2F82E4C
:107A600004E617E03ACF8091B60F9091B70F2FEF51
:107A70003FEF981751F0E92FF0E0EA54F04F2281E0
:107A800030E09F5F9F779093B70FC90108951F92D1
:107A90000F920FB60F9211240F900FBE0F901F90F0
:107AA00018951F920F920FB60F9211240BB60F92DA
:107AB0000F931F932F933F934F935F936F937F93F6
:107AC0008F939F93AF93BF93CF93DF93EF93FF93E6
:107AD000C091C6000091B70FD091B60F11E01D0FF5
:107AE0001F7790917306943108F0B1C0E92FF0E050
:107AF0008827E258F24C8F4F0D94813D923DC13D55
:107B0000D03DE23DE93D273EED3D273EF13DF53DCF
:107B1000273EF93DFD3D273E023E073E0C3E143E0A
:107B2000273E1F3EC03229F028F5CA3011F0CD3073
:107B300031F5011731F0ED2FF0E0EA54F04FC28338
:107B4000D12FD093B60FFF91EF91DF91CF91BF91DD
:107B5000AF919F918F917F916F915F914F913F91E5
:107B60002F911F910F910F900BBE0F900FBE0F9092
:107B70001F901895CD3481F081E0CE3471F083E10F
:107B80000CC0CA3338F4C033A0F6C03291F2CD3203
:107B9000B1F7CFCFCD3499F782E080937306C9CF88
:107BA000C43371F030F4C03221F283E0C133A9F361
:107BB000E6CF8BE0C53389F38EE0C83371F3DFCFB6
:107BC00088E0EBCF84E0C03341F386E0C13329F392
:107BD000D6CF85E0C83399F6E0CF87E0C23379F697
:107BE000DCCF89E0C13359F6D8CF8AE0C03339F60B
:107BF000D4CF8CE0C23319F6D0CF8DE0C43309F076
:107C0000BECFCBCF8FE0C73309F0B9CFC6CF80E16D
:107C1000C63309F0B4CFC1CFC03209F48ACF81E1B5
:107C2000C33509F4BACFABCF80ED8C0F8A3008F0A2
:107C300080CF92E190937306809374067ACFCA3016
:107C400019F0CD3009F075CF1092730672CFCA309B
:107C500019F0CD3009F06DCF80914B178823A1F337
:107C60009A30B9F040F4953079F0973069F781E0B7
:107C70008093FF07E9CF9D3081F0923129F7809101
:107C800074060E943E2FE0CF10922D021092C80D74
:107C9000DBCF81E08093FE07D7CF81E08093FD07A3
:107CA000D3CF8EBD0DB407FEFDCF08958FEF8EBDEF
:107CB0000DB407FEFDCF8EB50895909164009B7FB3
:107CC00090936400982F906A96959CBD80FD03C0A8
:107CD00091E0863009F490E09DBD0895CF93C62FC2
:107CE0000E94AE328C2F0E940F978AE0CF910C94A5
:107CF000A7322F923F924F925F926F927F928F9214
:107D00009F92AF92BF92CF92DF92EF92FF920F932A
:107D10001F93CF93DF9300D01F92CDB7DEB7ADB6E0
:107D2000BEB64DE7642E46E1742E5AE5452E65EA4F
:107D3000562E9091A7078091640720916507821BBA
:107D40008F7309F4E7C09130F1F1A0F1923009F49A
:107D500042C0933081F7809164079091650710913C
:107D6000A607891B8F73811708F4D4C00E94211FB6
:107D7000282E33243A94310EEDB6FEB6A12FA15031
:107D8000BB0BEDB7FEB7EA1BFB0B0FB6F894FEBFBB
:107D90000FBEEDBF0DB71EB70F5F1F4F6801480143
:107DA0003A94FFEF3F1611F10E94211FD4018D93E9
:107DB0004D01F6CF0E94211F8A3509F0BACF21E08C
:107DC0002093A707B6CF0E94211F853A69F482E06D
:107DD0008093A707AECF0E94211F8093A6078350F0
:107DE0008E3710F483E0F4CF80E0F2CFB2E82B12AC
:107DF00011C0F80180818F3409F085C081818B34F6
:107E000009F081C01092A7070FB6F894FEBE0FBE0E
:107E1000EDBE8FCFF3E82F1276C0D8016D917C9123
:107E2000119776276727762712969C90492D440F45
:107E3000CB01B0E0A0E08093811690938216A093CE
:107E40008316B093841690927D1690E080E050E007
:107E5000B2E0CB0ED11C8417950770F4FC01EE7FC5
:107E6000E757F94ED60111963C91119712962C9135
:107E7000318320830296ECCF83E697E10E9438BAE3
:107E8000692D8BE597E10E946E3EF801D38086E56F
:107E900097E10E94AE328D2D0E940F97D801149663
:107EA0006C918FE497E10E946E3EF801D5808AE4E0
:107EB00097E10E94AE328D2D0E940F97D801169641
:107EC0006C9183E497E10E946E3E1092A70782E2D4
:107ED00097E10E94E23860914C0F16168CF4062E42
:107EE000000C770B80E197E10E9466BAF30120E570
:107EF00011922A95E9F740927E1650927F1684CF10
:107F00000E94FAF181CF1092A7070FB6F894FEBE37
:107F10000FBEEDBE8091AF07882319F18091AE07A7
:107F20008837F8F48F5F8093AE070FB6F894BEBE23
:107F30000FBEADBE0F900F900F900F90DF91CF91BD
:107F40001F910F91FF90EF90DF90CF90BF90AF9077
:107F50009F908F907F906F905F904F903F902F9069
:107F600008951092AE078091AC079091AD079C01E7
:107F70002F5F3F4F3093AD072093AC078E3E92406A
:107F8000A0F260912A1570912B1580912C1590917B
:107F90002D150F94F63E7093DA166093D91605E00E
:107FA0000093CD1612E81093D01686E390E1A0E07E
:107FB000B0E08093D1169093D216A093D316B093CD
:107FC000D4168DE796E10E94A7306091FE1470915F
:107FD000FF1480910015909101150F94F63E709357
:107FE000DA166093D9160093CD161093D0168CE351
:107FF00090E1A0E0B0E08093D1169093D216A093C8
:10800000D316B093D4168DE796E10E94A7308091E5
:108010002E1590912F159093DA168093D916009310
:10802000CD161093D01684E390E1A0E0B0E08093E9
:10803000D1169093D216A093D316B093D4168DE791
:1080400096E10E94A73080910215909103159093BC
:10805000DA168093D9160093CD161093D0168AE3C2
:1080600090E1A0E0B0E08093D1169093D216A09357
:10807000D316B093D4168DE796E10E94A7301092E4
:10808000DA161092D9160093CD161093D01680E50B
:1080900090E1A0E0B0E08093D1169093D216A09327
:1080A000D316B093D4168DE796E10E94A7301092B4
:1080B000DA161092D9160093CD161093D0168EE4CE
:1080C00090E1A0E0B0E08093D1169093D216A093F7
:1080D000D316B093D4168DE796E10E94A7300E9484
:1080E000ADB8882391F0909160022091B007E92FFC
:1080F000092E000CFF0B2E171F06B9F42091AA07BA
:108100003091AB072436310584F49091F509911133
:108110007CC0882339F18091AA079091AB07019622
:108120009093AB078093AA071DC09C3008F068C0ED
:108130008827E256FF4B8F4F0D94813DAA40DD40CA
:10814000E340E040E640E940EC40F840EF40FB40CF
:10815000F240F54087EA98E10E9477C01092AB07A1
:108160001092AA0781E08093AF071092AD0710929A
:10817000AC0780914C0F811174C01092A9078091B7
:10818000A907853620F01092A90710924C0FE091B4
:108190004C0FE150E73008F0A3C00E2E000CFF0B8F
:1081A0008827EA52FF4B8F4F0D94813D3B41684138
:1081B000B046D946EE4620476C4186E998E1CCCFDF
:1081C00088E898E1C9CF84E798E1C6CF81E698E1D5
:1081D000C3CF81E199E1C0CF84E598E1BDCF86E4CA
:1081E00098E1BACF86E398E1B7CF89E298E1B4CFBE
:1081F00089E198E1B1CF8DE098E10E94E238AECFFD
:108200008CEF97E10E94AABEA9CF811125C081E021
:108210009AE59093DA168093D91685E390E09093CF
:10822000DC168093DB1687E08093CD1682E880937E
:10823000D01684E890E0A0E0B0E08093D11690934F
:10824000D216A093D316B093D4168DE796E10E9470
:10825000A7301092F50982CF1092F50984E690E0DC
:108260005FCF0E945CB9811188CF8091A9078F5F91
:108270008093A90784CF0E94F7B9882389F18EEEF5
:1082800097E10E94E23881E09AE59093DA168093B4
:10829000D91686E390E09093DC168093DB1687E096
:1082A0008093CD1682E88093D01684E890E0A0E019
:1082B000B0E08093D1169093D216A093D316B093CA
:1082C000D4168DE796E10E94A73010924C0F08C09B
:1082D0000E94F7B9882321F00E945CB98823A9F392
:1082E0008091A20E882309F4B9C583E090E09093B1
:1082F000DA168093D91685E08093CD1682E88093B4
:10830000D01685E490E1A0E0B0E08093D116909380
:10831000D216A093D316B093D4168DE796E10E949F
:10832000A7308091AF09882309F49BC583E090E0D2
:108330009093DA168093D91685E08093CD1682E863
:108340008093D01688E190E1A0E0B0E08093D11650
:108350009093D216A093D316B093D4168DE796E1DE
:108360000E94A73080917E0E882309F47DC583E0AA
:1083700090E09093DA168093D91685E08093CD161D
:1083800082E88093D0168AE190E1A0E0B0E080938B
:10839000D1169093D216A093D316B093D4168DE72E
:1083A00096E10E94A7308091B107811160C589E1F3
:1083B0008093B10768EB7BE080E090E00E9476B9A3
:1083C0002091B107822F90E0253608F08CC590935C
:1083D000DA168093D91685E08093CD1682E88093D3
:1083E000D01680E090E1A0E0B0E08093D1169093A9
:1083F000D216A093D316B093D4168DE796E10E94BF
:10840000A7300E945CB981117FC51091571712FBEC
:10841000002700F912FF02C017FF76C50E94772FD0
:10842000811172C580919312813009F46DC50023CA
:1084300011F017FF69C50E94832F811165C5209136
:10844000FE093091FF0937FD02C00C947C4A20E000
:1084500030E0A901A4E6B0E00F942B3D2FEF30E00F
:1084600040E050E00F940C3D3093DA162093D9167B
:1084700005E00093CD1612E81093D01680E491E148
:10848000A0E0B0E08093D1169093D216A093D316BB
:10849000B093D4168DE796E10E94A7308091010A2F
:1084A00090E09093DA168093D9160093CD1610932E
:1084B000D01682E491E1A0E0B0E08093D1169093D1
:1084C000D216A093D316B093D4168DE796E10E94EE
:1084D000A7308091000A90E09093DA168093D91625
:1084E0000093CD161093D01684E491E1A0E0B0E0A3
:1084F0008093D1169093D216A093D316B093D4162E
:108500008DE796E10E94A7308091020A9091030ABC
:108510009093DA168093D9160093CD161093D01647
:1085200088E491E1A0E0B0E08093D1169093D21658
:10853000A093D316B093D4168DE796E10E94A7308E
:108540008091FB09882309F4E3C783E090E09093CE
:10855000DA168093D9160093CD161093D01686E4C0
:1085600091E1A0E0B0E08093D1169093D216A09351
:10857000D316B093D4168DE796E10E94A73020E081
:1085800030E040E251E46091610F7091620F8091A0
:10859000630F9091640F0F940C370F94FD3E70930E
:1085A000DA166093D91605E00093CD1612E8109301
:1085B000D01682E492E1A0E0B0E08093D1169093CF
:1085C000D216A093D316B093D4168DE796E10E94ED
:1085D000A73020E030E040E251E46091650F7091F7
:1085E000660F8091670F9091680F0F940C370F946E
:1085F000FD3E7093DA166093D9160093CD16109352
:10860000D01686E492E1A0E0B0E08093D11690937A
:10861000D216A093D316B093D4168DE796E10E949C
:10862000A73020E030E040E251E46091690F7091A2
:108630006A0F80916B0F90916C0F0F940C370F9411
:10864000FD3E7093DA166093D9160093CD16109301
:10865000D0168AE492E1A0E0B0E08093D116909326
:10866000D216A093D316B093D4168DE796E10E944C
:10867000A73020E030E040E251E460916D0F70914E
:108680006E0F80916F0F9091700F0F940C370F94B5
:10869000FD3E7093DA166093D9160093CD161093B1
:1086A000D0168EE492E1A0E0B0E08093D1169093D2
:1086B000D216A093D316B093D4168DE796E10E94FC
:1086C000A73060914D0F70914E0F80914F0F909198
:1086D000500F0F94AB3620E030E048EC52E40F949A
:1086E000843E0F94FD3E7093DA166093D916009382
:1086F000CD161093D01680E892E1A0E0B0E0809310
:10870000D1169093D216A093D316B093D4168DE7BA
:1087100096E10E94A7306091510F7091520F8091A5
:10872000530F9091540F0F94AB3620E030E048EC9B
:1087300052E40F94843E0F94FD3E7093DA166093DA
:10874000D9160093CD161093D01682E892E1A0E0DE
:10875000B0E08093D1169093D216A093D316B09325
:10876000D4168DE796E10E94A7306091550F709165
:10877000560F8091570F9091580F0F94AB3620E011
:1087800030E040E251E40F94843E0F94FD3E70933C
:10879000DA166093D9160093CD161093D01684E89C
:1087A00092E1A0E0B0E08093D1169093D216A0930E
:1087B000D316B093D4168DE796E10E94A73060914E
:1087C000590F70915A0F80915B0F90915C0F0F942D
:1087D000AB360F94FD3E7093DA166093D916009372
:1087E000CD161093D01686E892E1A0E0B0E0809319
:1087F000D1169093D216A093D316B093D4168DE7CA
:1088000096E10E94A7306091710F7091720F809174
:10881000730F9091740F0F94FD3E7093DA1660936E
:10882000D9160093CD161093D01688E792E1A0E0F8
:10883000B0E08093D1169093D216A093D316B09344
:10884000D4168DE796E10E94A7306091750F709164
:10885000760F8091770F9091780F0F94FD3E709373
:10886000DA166093D9160093CD161093D0168AE7C6
:1088700092E1A0E0B0E08093D1169093D216A0933D
:10888000D316B093D4168DE796E10E94A73060917D
:10889000790F70917A0F80917B0F90917C0F0F94DC
:1088A000FD3E7093DA166093D9160093CD1610939F
:1088B000D0168CE792E1A0E0B0E08093D1169093BF
:1088C000D216A093D316B093D4168DE796E10E94EA
:1088D000A73060917D0F70917E0F80917F0F9091F6
:1088E000800F0F94FD3E7093DA166093D9160093B3
:1088F000CD161093D0168EE792E1A0E0B0E0809301
:10890000D1169093D216A093D316B093D4168DE7B8
:1089100096E10E94A73020E030E048EC52E46091FC
:108920009F097091A0098091A1099091A2090F94CB
:108930000C370F94FD3E7093DA166093D9160093AE
:10894000CD161093D01680E792E1A0E0B0E08093BE
:10895000D1169093D216A093D316B093D4168DE768
:1089600096E10E94A73020E030E048EC52E46091AC
:10897000A3097091A4098091A5099091A6090F946B
:108980000C370F94FD3E7093DA166093D91600935E
:10899000CD161093D01682E792E1A0E0B0E080936C
:1089A000D1169093D216A093D316B093D4168DE718
:1089B00096E10E94A73020E030E048EC52E460915C
:1089C000A7097091A8098091A9099091AA090F940B
:1089D0000C370F94FD3E7093DA166093D91600930E
:1089E000CD161093D01684E792E1A0E0B0E080931A
:1089F000D1169093D216A093D316B093D4168DE7C8
:108A000096E10E94A73020E030E048EC52E460910B
:108A1000AB097091AC098091AD099091AE090F94AA
:108A20000C370F94FD3E7093DA166093D9160093BD
:108A3000CD161093D01686E792E1A0E0B0E08093C7
:108A4000D1169093D216A093D316B093D4168DE777
:108A500096E10E94A73020E030E048EC52E46091BB
:108A600052157091531580915415909155150F948E
:108A70000C370F94F63E7093DA166093D916009374
:108A8000CD161093D01686E392E1A0E0B0E080937B
:108A9000D1169093D216A093D316B093D4168DE727
:108AA00096E10E94A73020E030E048EC52E460916B
:108AB00056157091571580915815909159150F942E
:108AC0000C370F94F63E7093DA166093D916009324
:108AD000CD161093D0168AE392E1A0E0B0E0809327
:108AE000D1169093D216A093D316B093D4168DE7D7
:108AF00096E10E94A73080915A0290915B02909378
:108B0000DA168093D9160093CD161093D01682E50D
:108B100092E1A0E0B0E08093D1169093D216A0939A
:108B2000D316B093D4168DE796E10E94A7308091BA
:108B30005802909159029093DA168093D9160093B7
:108B4000CD161093D01684E592E1A0E0B0E08093BA
:108B5000D1169093D216A093D316B093D4168DE766
:108B600096E10E94A73020E030E040E251E46091BD
:108B700046157091471580914815909149150F94AD
:108B80000C370F94FD3E7093DA166093D91600935C
:108B9000CD161093D01686E592E1A0E0B0E0809368
:108BA000D1169093D216A093D316B093D4168DE716
:108BB00096E10E94A7302CEA35EC47E25EE3609133
:108BC0004A1570914B1580914C1590914D150F944D
:108BD000843E20E030E040E251E40F940C370F94E3
:108BE000FD3E7093DA166093D9160093CD1610935C
:108BF000D0168AE592E1A0E0B0E08093D116909380
:108C0000D216A093D316B093D4168DE796E10E94A6
:108C1000A7302CEA35EC47E25EE360914E15709187
:108C20004F1580915015909151150F940C3720E0FD
:108C300030E040E251E40F940C370F94FD3E709306
:108C4000DA166093D9160093CD161093D0168EE5E0
:108C500092E1A0E0B0E08093D1169093D216A09359
:108C6000D316B093D4168DE796E10E94A73020E08A
:108C700030E040E251E460911A1570911B1580912B
:108C80001C1590911D150F940C370F94FD3E709399
:108C9000DA166093D9160093CD161093D01682E69B
:108CA00092E1A0E0B0E08093D1169093D216A09309
:108CB000D316B093D4168DE796E10E94A7302CEA24
:108CC00035EC47E25EE360911E1570911F158091AF
:108CD0002015909121150F94843E20E030E040E271
:108CE00051E40F940C370F94FD3E7093DA166093A5
:108CF000D9160093CD161093D01686E692E1A0E027
:108D0000B0E08093D1169093D216A093D316B0936F
:108D1000D4168DE796E10E94A7302CEA35EC47E2A5
:108D20005EE3609122157091231580912415909136
:108D300025150F940C3720E030E040E251E40F9409
:108D40000C370F94FD3E7093DA166093D91600939A
:108D5000CD161093D0168AE692E1A0E0B0E0DAC119
:108D600080EE97E10E94E23881E09AE59093DA166E
:108D70008093D91680E490E09093DC168093DB1604
:108D800017E01093CD1682E88093D01684E890E027
:108D9000A0E0B0E08093D1169093D216A093D316A2
:108DA000B093D4168DE796E10E94A73010934C0F34
:108DB00097CA8091F709882309F492CA0E94F7B9EB
:108DC000882309F48DCA0E945CB9811189CA82ED99
:108DD00097E10E94E2381092F70977CA0E94F7B92A
:108DE000882309F47DCA0E945CB9811179CA109266
:108DF0004C0F84EC97E10E94E23881E09AE5909371
:108E0000DA168093D9168EE490E09093DC16809366
:108E1000DB1687E08093CD1682E88093D01684E835
:108E200090E0A0E0B0E08093D1169093D216A0938A
:108E3000D316B093D4168DE796E10E94A73050CA9E
:108E40000E945CB981114CCA19821A821B821C8251
:108E500062E0CE0101960E9453EE37CA82E090E0B4
:108E600046CA82E090E064CA82E090E082CA8A3F0B
:108E700008F0A6CA0E94A2B8882371F10E94F9C521
:108E80008EEF8093B1078BEA97E10E94E23881E090
:108E90009AE59093DA168093D9168DE290E090933C
:108EA000DC168093DB1687E08093CD1682E88093F2
:108EB000D01684E890E0A0E0B0E08093D1169093C3
:108EC000D216A093D316B093D4168DE796E10E94E4
:108ED000A7301092AF0729C88CEB97E19093F10966
:108EE0008093F009CDCF845691099093DA16809340
:108EF000D91685E08093CD1682E88093D01681E064
:108F000090E1A0E0B0E071CA80917A0E90911F02CA
:108F1000899FC0011124880F892F881F990B919573
:108F2000A4E68A9FC001112481589F4F6FEF70E023
:108F30000F946D3D7093DA166093D91615E0109377
:108F4000CD1682E88093D0168EE190E1A0E0B0E0EB
:108F50008093D1169093D216A093D316B093D416C3
:108F60008DE796E10E94A7300E943FB720E13EE0E6
:108F700040E050E00F94EA3C21153105B1E04B0789
:108F8000510508F475C05093DA164093D916309302
:108F9000DC162093DB1687E08093CD1612E8109341
:108FA000D01680E190E1A0E0B0E08093D1169093DC
:108FB000D216A093D316B093D4168DE796E10E94F3
:108FC000A7300E943FB720E13EE040E050E00F9420
:108FD000EA3C2CE330E040E050E00F94EA3C309370
:108FE000DA162093D91605E00093CD161093D0160B
:108FF00082E190E1A0E0B0E08093D1169093D21688
:10900000A093D316B093D4168DE796E10E94A730B3
:109010000E9412B824E630E0B9010F94593D66234E
:1090200009F465C26F5F6093A807E62EF12C6333E5
:1090300030F5EE0CFF1CF092DA16E092D916009390
:10904000CD161093D0168EE090E1A0E0B0E08093B2
:10905000D1169093D216A093D316B093D4168DE761
:1090600096E10E94A7301092DA161092D91629C004
:109070003093DA162093D9161093CD168FCF3093F4
:10908000DA162093D9160093CD161093D0168EE0E1
:1090900090E1A0E0B0E08093D1169093D216A09317
:1090A000D316B093D4168DE796E10E94A730E2E381
:1090B000EE1AE0E8FE0AEE0CFF1CF092DA16E092DF
:1090C000D9160093CD161093D0168FE090E1A0E052
:1090D000B0E08093D1169093D216A093D316B0939C
:1090E000D4168DE796E10E94A7300E9412B864E67C
:1090F00070E00F94593D77277093DA166093D91674
:1091000085E08093CD1682E88093D01686E190E1C9
:10911000A0E0B0E08093D1169093D216A093D3161E
:10912000B093D4168DE796E10E94A73020E030E09E
:10913000A90160915A1570915B1580915C15909111
:109140005D150F948A3D20E030E048EC52E40F9426
:109150000C370F94F63E7093DA166093D91605E03B
:109160000093CD1612E81093D01686E290E1A0E0AD
:10917000B0E08093D1169093D216A093D316B093FB
:10918000D4168DE796E10E94A73080914C02909111
:109190004D029093DA168093D9160093CD16109352
:1091A000D01680E093E1A0E0B0E08093D1169093D8
:1091B000D216A093D316B093D4168DE796E10E94F1
:1091C000A73080910C0A811105C080910E0A882376
:1091D00009F469C020E030E048EC52E460912A15BF
:1091E00070912B1580912C1590912D150F940C37A3
:1091F0006B017C0160912E1570912F15072E000CCC
:10920000880B990B0F94AD369B01AC01C701B601D9
:109210000F94843E0F94FD3E6536710510F064E6B0
:1092200070E07093DA166093D91605E00093CD16BE
:1092300012E81093D01684E290E1A0E0B0E08093B1
:10924000D1169093D216A093D316B093D4168DE76F
:1092500096E10E94A730C0902A15D0902B15E0907F
:109260002C15F0902D1520E030E04AE253E4C701C0
:10927000B6010F94EA3F181624F480910C0A81116C
:109280004AC160912E1570912F15072E000C880B86
:10929000990B0F94AD369B01AC01C701B6010F9439
:1092A000EA3F87FFB0C18091F709882339F18091A7
:1092B000F60991E0980F9093F60990E09093DA16F2
:1092C0008093D91685E08093CD1682E88093D016DE
:1092D00082E490E1A0E0B0E08093D1169093D216A2
:1092E000A093D316B093D4168DE796E10E94A730D1
:1092F0008091F6098A3010F01092F6090E94A2B807
:10930000882309F4B3C16091130A7091140AEE2402
:10931000E394F12C61157105A9F090E080E00F94C1
:10932000AB3620E030E040E85EE30F940C370F945A
:10933000683E20E030E040E85FE30F948A3D0F9400
:10934000FD3E7B0101E010E08091F209811102C035
:1093500010E000E00E94FFB9800F911FBC0190E077
:1093600080E00F94AB3620E030E040E85EE30F94FD
:109370000C370F94683E2B013C01F092DA16E09214
:10938000D91605E00093CD1612E81093D01680E1AF
:1093900093E1A0E0B0E08093D1169093D216A09311
:1093A000D316B093D4168DE796E10E94A730C3017F
:1093B000B2010F94FD3E7093DA166093D9160093B4
:1093C000CD161093D01682E193E1A0E0B0E0809337
:1093D000D1169093D216A093D316B093D4168DE7DE
:1093E00096E10E94A7308091811690918216A091FB
:1093F0008316B09184168C34F0E19F07A105B10566
:1094000009F467CD8A349041A105B10509F461CD15
:1094100020E030E040E251E460919A0F70919B0FA0
:1094200080919C0F90919D0F0F940C370F94F63EF6
:109430007093DA166093D91605E00093CD1612E802
:109440001093D01688E490E1A0E0B0E08093D116AC
:109450009093D216A093D316B093D4168DE796E1CD
:109460000E94A73020E030E040E251E460919E0F7E
:1094700070919F0F8091A00F9091A10F0F940C37C6
:109480000F94F63E7093DA166093D9160093CD16BA
:109490001093D0168AE490E1A0E0B0E08093D1165A
:1094A0009093D216A093D316B093D4168DE796E17D
:1094B0000E94A73020E030E040E251E46091A20F2A
:1094C0007091A30F8091A40F9091A50F0F940C376A
:1094D0000F94F63E7093DA166093D9160093CD166A
:1094E0001093D0168CE490E1A0E0B0E0E6CC1092AE
:1094F000DA161092D916A3CD2F3F310519F014F0CA
:109500002FEF30E0032E000C440B550B0C942A4235
:1095100082E090E01CC810920C0A20E030E040E2AB
:1095200051E46091040A7091050A8091060A9091B5
:10953000070A0F940C370F94F63E7093DA16609377
:10954000D9160093CD161093D01684E590E1A0E0D3
:10955000B0E08093D1169093D216A093D316B09317
:10956000D4168DE796E10E94A73020E030E040E27B
:1095700051E46091080A7091090A80910A0A909159
:109580000B0A0F940C370F94F63E7093DA16609323
:10959000D9160093CD161093D01688E590E1A0E07F
:1095A000B0E08093D1169093D216A093D316B093C7
:1095B000D4168DE796E10E94A7308AE897E10E94D1
:1095C000E23881E09AE59093DA168093D91681E427
:1095D00090E09093DC168093DB1687E08093CD16A5
:1095E0001093D01684E890E0A0E0B0E08093D1160C
:1095F0009093D216A093D316B093D4168DE796E12C
:109600000E94A73050CE60910E0A662309F44BCE1B
:10961000062E000C770B81E797E10E9466BA109244
:109620000E0A84E090E09093DA168093D91685E0D4
:109630008093CD1612E81093D0168EE890E1A0E04A
:10964000B0E08093D1169093D216A093D316B09326
:10965000D4168DE796E10E94A73081E09AE59093B9
:10966000DA168093D91683E590E0B3CF1092DA161C
:109670001092D91605E00093CD1612E81093D0167B
:1096800080E193E1A0E0B0E08093D1169093D216F0
:10969000A093D316B093D4168DE796E10E94A7301D
:1096A0001092DA161092D9168ACEAF92BF92CF924C
:1096B000DF92EF92FF920F931F93CF93DF93EC0112
:1096C0008EE898E00E94AE32209711F4CCEBDEE0F9
:1096D00010E007E0015021F080E20E94A732FACFAB
:1096E000812F0E940F971F5F163099F78AE00E9422
:1096F000A73210E080E20E94A732812F0E940F97CC
:109700005E0106E080E20E94A732F501C080D180B0
:10971000E280F380A7019601C701B6010F947C4057
:10972000882361F180E20E94A7328DE30E94A73274
:109730008DE30E94A7328DE30E94A7328DE30E9441
:10974000A7328DE30E94A7320150F8E1AF0EB11CA1
:109750000111D8CF8AE00E94A7321F5F24961630ED
:1097600049F68AE0DF91CF911F910F91FF90EF9022
:10977000DF90CF90BF90AF900C94A73220E030E004
:10978000A901C701B6010F94EA3F87FD03C08BE230
:109790000E94A73243E0C701B6010E941597D4CFBB
:1097A0002F923F924F925F926F927F928F929F92F1
:1097B000AF92BF92CF92DF92EF92FF920F931F93DF
:1097C000CF93DF93CDB7DEB76B970FB6F894DEBFBC
:1097D0000FBECDBF83E50E94671F182F3090A20EE9
:1097E000882319F00E94C821382E80919A0F9091F9
:1097F0009B0FA0919C0FB0919D0F888F998FAA8F7E
:10980000BB8F40909E0F50909F0F6090A00F709064
:10981000A10F8091A20F9091A30FA091A40FB091DE
:10982000A50F8C8B9D8BAE8BBF8B112329F0311034
:1098300003C080E00E94393866E570E080915E07E1
:1098400090915F070F94D840998B888B0E94832951
:10985000882309F4C4C083E40E94671F882309F4A5
:109860009FC00E9400226B017C01ACEBBEE0BF8375
:10987000AE83B987A887F6E0FD83212C1E8628ECED
:109880002F8702EC1A861B8688EC8C8792E49D87D2
:10989000A885B985BB8BAA8B16E0EA89FB898190E4
:1098A0009190A190B190FB8BEA8B2A853B854C85EA
:1098B0005D85C501B4010F94A63687FF04C08A8672
:1098C0009B86AC86BD86222D3E854F85502FC501D7
:1098D000B4010F94EA3F181624F4282C9E86AF8614
:1098E0000B2D1150D1F6FD81F150FD8388859985AE
:1098F000489699878887F111CBCF222D3E854F85D9
:10990000502F6A857B858C859D850F948A3D20E04C
:1099100030E040E05FE30F940C37A70196010F940D
:109920008A3D6B017C012DEB37E346E855EB0F9444
:10993000EA3F87FD0AC02DEB37E346E855E3C70150
:10994000B6010F94A63618165CF580E00E943938EF
:1099500010E0AE80BF8000E0D5016D917D918D91CA
:109960009D915D014D01B4E08B1A9108A70196010C
:109970000F94893DF4016083718382839383602F08
:10998000812F0F94BC170F5F063031F71F5F8E8158
:109990009F8148969F838E831630D9F60E94E52DCD
:1099A000E889F989EF2B41F00E948329882321F06F
:1099B00090E080E00E94554B8AE50E94671F882353
:1099C00051F00E94002269837A838B839C83CE01AD
:1099D00001960F943F20832D0E9439380CC031101E
:1099E00004C0A889B989AB2B39F30E94F4348BE801
:1099F0009CE00E94AE32332051F08091A20E811182
:109A000006C00E94F8338CE69CE00E94AE320E94B1
:109A1000F4348EE59CE00E94AE328091A20E0E944A
:109A2000D9330E94F43481E59CE00E94AE32C090AC
:109A3000A30ED090A40EE090A50EF090A60E20E00C
:109A400030E0A901C701B6010F94EA3F18160CF0E7
:109A50004FC042E0C701B6010E9415970E94F7F07F
:109A6000288D398D4A8D5B8D60919A0F70919B0F77
:109A700080919C0F90919D0F0F94A63681111DC06F
:109A8000A301920160919E0F70919F0F8091A00F92
:109A90009091A10F0F94A63681110FC02091A20FB3
:109AA0003091A30F4091A40F5091A50F6C897D892F
:109AB0008E899F890F94A63681110E94FFB36B9601
:109AC0000FB6F894DEBF0FBECDBFDF91CF911F91CF
:109AD0000F91FF90EF90DF90CF90BF90AF909F904D
:109AE0008F907F906F905F904F903F902F90089550
:109AF0008CE49CE00E94AE32B3CFCF93DF93EB01B6
:109B00000E94AE32CE01DF91CF910C94FDF0CF9246
:109B1000DF92EF92FF920F931F93CF93DF9300D0CA
:109B200000D01F921F92CDB7DEB785E798E00E9464
:109B3000AE328BE598E00E94AE3200915E15109136
:109B40005F15F80140815181628173818CE498E056
:109B50000E945A35F80144815581668177818BE2F4
:109B60009AE30E945A3540915A1550915B156091C5
:109B70005C1570915D1588E29AE30E945A35F801F0
:109B8000C080D180E280F38020E030E0A901C701ED
:109B9000B6010F94EA3F18160CF0B1C084E498E0C7
:109BA0000E94AE32F801C480D580E680F78020E0C4
:109BB00030E0A901C701B6010F94EA3F18160CF076
:109BC000BCC08FE198E00E94AE328CE098E00E9429
:109BD000AE32C0905A15D0905B15E0905C15F090B5
:109BE0005D1520E030E0A901C701B6010F94A6364B
:109BF00087FDBFC020E030E0A901C701B6010F9486
:109C0000EA3F18160CF4B8C086ED97E00E94AE3219
:109C100082E098E00E94AE3286EE97E00E94AE327B
:109C20008091A20E882309F4AAC084EC97E00E94D8
:109C3000AE32C090A30ED090A40EE090A50EF0908E
:109C4000A60E20E030E0A901C701B6010F94A636A8
:109C5000882331F0B701A6018BEB97E00E944436D0
:109C60008AEA97E00E94AE328AE99FE00E94F62BD2
:109C70006D837E838F839887CE0105960F94B919E3
:109C80000E94FDF020E030E0A9016091A30E7091E8
:109C9000A40E8091A50E9091A60E0F94A63688234F
:109CA000E1F082EA9FE00E94832E9B01AC016D816E
:109CB0007E818F8198850F940C3769837A838B839B
:109CC0009C83CE0101960F94B919BC0187EA97E0F5
:109CD0000E947D4D89E20E94A7328AE00E94A7324D
:109CE00028960FB6F894DEBF0FBECDBFDF91CF919F
:109CF0001F910F91FF90EF90DF90CF90089520E09B
:109D000030E0A901C701B6010F94A63687FF03C052
:109D10008DE398E045CF20E030E0A901F8016481AF
:109D20007581868197810F94A636882319F084E384
:109D300098E036CF85E298E033CF20E030E0A9010B
:109D4000C701B6010F94A63687FF03C088E198E0EB
:109D50003ACF20E030E0A901F80160817181828171
:109D600093810F94A636882309F42FCF80E198E0E1
:109D70002ACF80EE97E04ACF80ED97E047CF8AE97F
:109D800097E00E94AE32A9CF7F928F929F92AF92BE
:109D9000BF92CF92DF92EF92FF920F931F93CF93D8
:109DA000DF93CDB7DEB767970FB6F894DEBF0FBE6F
:109DB000CDBF4091AB0E45FB442740F966E37EE002
:109DC000CE0145960E9419388091AB0E85FD0E9408
:109DD000874D87E00E9473B081112AC06FE470E064
:109DE00080915E0790915F070F94D840892B01F115
:109DF0008091AB0E85FF04C08BE19EE00E94AE32E5
:109E0000CE0145960E94103867960FB6F894DEBFD3
:109E10000FBECDBFDF91CF911F910F91FF90EF90BB
:109E2000DF90CF90BF90AF909F908F907F900895DC
:109E30000E943CAB10922F026091A20E8CE40E9413
:109E4000D821782E80E00E9439380E9448F0609333
:109E50008D1270938E1280938F12909390120E94A5
:109E600088B281E0809331090E94ACB56AE570E068
:109E700080915E0790915F070F94D840FF24F39480
:109E8000009709F4F12C10E0892B69F081E00E9421
:109E900073B0082F82E00E9473B011E0811101C0FD
:109EA00010E0011194C168E570E080915E07909127
:109EB0005F070F94D840892B09F089C1112309F459
:109EC00089C1012F10E082E50E94981FE82E812CA5
:109ED000912C80E8A82E80E4B82EEE2021F00E947C
:109EE00000224B015C01898A9A8AAB8ABC8A20E0F5
:109EF00030E0A901C501B4010F94A6368823C1F052
:109F0000E11007C0111105C0011103C0FF2009F4C1
:109F10003EC18091AB0E85FF06C0B501A4018FEF55
:109F20009DE00E94443660E0CE0141960E946CCFD5
:109F3000112309F45AC0002309F454C010929A0F57
:109F400010929B0F10929C0F10929D0F10929E0FDB
:109F500010929F0F1092A00F1092A10F0E94F1B3C8
:109F60008EED9BE6ADE8B2E48D879E87AF87B88B18
:109F700088E09CE10E94682320E030E040EC5FE351
:109F80000F940C37905869837A838B839C8384E089
:109F90009CE10E94682320E030E040EC5FE30F94F6
:109FA0000C37905869877A878B879C87AE01435F0F
:109FB0005F4FBE016F5F7F4FCE0109960E942BCF8E
:109FC0000E9431B710929A0F10929B0F10929C0F23
:109FD00010929D0F10929E0F10929F0F1092A00F43
:109FE0001092A10F80E00E9455D0002319F081E06B
:109FF0000E9455D0FF2009F4CAC068E470E0809147
:10A000005E0790915F070F94D840892B09F0DBC061
:10A010004091AB0E45FB442740F961EF7DE0CE0156
:10A020000D960E94193883E00E94CCCD8111A9C001
:10A030000E94F1B3209134093091350940913609DD
:10A040005091370960E070E088EA92E40F94893D0E
:10A050004B015C01209138093091390940913A094E
:10A0600050913B0960E070E086E193E40F94893DF4
:10A070006B017C018091A20F9091A30FA091A40F7E
:10A08000B091A50F8093B40E9093B50EA093B60E29
:10A09000B093B70E00915E1510915F15F801208105
:10A0A000318142815381C501B4010F94893D4B0137
:10A0B0005C018092AC0E9092AD0EA092AE0EB0926A
:10A0C000AF0EF8012481358146815781C701B60161
:10A0D0000F94893D6B017C01C092B00ED092B10EFD
:10A0E000E092B20EF092B30E27E137EB41ED58EB60
:10A0F0000F94EA3F87FD5BC023E030E04BE953E477
:10A10000C701B6010F94A63618160CF450C027E10B
:10A1100037EB41ED58EBC501B4010F94EA3F87FDE1
:10A1200046C023E030E84DE953E4C501B4010F9483
:10A13000A6361816E4F18091AB0E85FF08C040EDFD
:10A140005DE062EE7DE08CEA9EE00E94E3371986D6
:10A150001A861B861C8688E0ECEAFEE0DE0111967A
:10A1600001900D928A95E1F7AE01475F5F4FBE0106
:10A170006B5F7F4FCE0101960E942BCF82E00E9441
:10A1800055D0CE010D960E9410380E9413210E94D6
:10A19000F1B38091300980933109772019F081E083
:10A1A0000E9439380E946FB20E94FFB329CE60E04E
:10A1B0008FEB9DE00E949BBB0E94F4348DEA9DE0F2
:10A1C0000E94AE32DECF82E00E9455D0DECF111168
:10A1D0000FC011E069E570E080915E0790915F0724
:10A1E0000F94D84001E0892B09F400E001136BCEF5
:10A1F000012FF11268CE11E001E0FF24F39463CE49
:10A200001F93CF93DF939091AB0E93FD3BC0C82F6C
:10A210000E94FD34182F87FD35C083E50E94981FEA
:10A22000D82F882341F10E94ED210E944DB8609102
:10A230002E1570912F15072E000C880B990B0F947B
:10A24000AD3620912A1530912B1540912C15509147
:10A250002D150F94EA3F1816CCF08AEC96E1DD2319
:10A26000B9F0CC2379F040E06D2F812FDF91CF91B1
:10A270001F910C94B099CC2329F082E50E94981F7D
:10A280008111D1CFDF91CF911F9108958FEF9BE284
:10A290009F938F9385ED96E19F938F931F920F94D9
:10A2A0002D160F900F900F900F900F90DACF2F92E6
:10A2B0003F924F925F926F927F928F929F92AF9256
:10A2C000BF92CF92DF92EF92FF920F931F93CF93A3
:10A2D000DF93CDB7DEB7C558D1090FB6F894DEBF0E
:10A2E0000FBECDBF8BE39CE00E94AE3287E00E94A0
:10A2F000CCCD81116DC084E50E94981F882321F088
:10A300000E94ED210F94CC2280E090E0A0E8BFE312
:10A3100089839A83AB83BC838D839E83AF83B88705
:10A320008DEC9CECACE4BEE389879A87AB87BC8755
:10A3300080E090E0A0E2B1E48D879E87AF87B88B84
:10A340008CE390E09A8B898B8DEC90E09C8B8B8BCF
:10A350008DEC9CECACECBEE38D8B9E8BAF8BB88F01
:10A3600080E090E0A0EEBFE3898F9A8FAB8FBC8F27
:10A370001BA61CA64AE959E969E97EE38FE40E941D
:10A380002E226D8F7E8F8F8F98A360E083E40E94D2
:10A39000D82189A360E08BE40E94D8218AA382E4BB
:10A3A0000E94981F882381F10E94ED21009761F19E
:10A3B0009C01285231092536310520F16CE870E006
:10A3C0008DE09CE00E94D53888E09CE00E94AE328F
:10A3D000CB57DF4F0FB6F894DEBF0FBECDBFDF9176
:10A3E000CF911F910F91FF90EF90DF90CF90BF9092
:10A3F000AF909F908F907F906F905F904F903F9025
:10A400002F9008959A8B898B8CE40E94981F882343
:10A41000E1F00E9400226B017C01C986DA86EB869E
:10A42000FC8620E030E0A9010F94EA3F87FD0AC0D6
:10A4300020E030E040E050E4C701B6010F94A636BA
:10A4400018161CF480EE9BE0C1CF81E50E94671FC7
:10A45000882331F18091550790915607892BE9F0B7
:10A460000E9400226B017C01CD82DE82EF82F886A1
:10A470002DEC3CEC4CE45DE30F94EA3F87FD0AC011
:10A4800020E030E040E751E4C701B6010F94A63662
:10A49000181634F48FEA9BE099CF84E89BE096CFBE
:10A4A00083E50E94981F8823E9F00E9400226B0137
:10A4B0007C01CD8ADE8AEF8AF88E2DEC3CEC4CECE8
:10A4C0005DE30F94EA3F87FD0AC020E030E040E002
:10A4D00050E4C701B6010F94A63618161CF48DE59A
:10A4E0009BE074CF80E50E94671F882341F1809133
:10A4F000550790915607892B19F485E29BE066CFAA
:10A500008BA58F5F8BA70E9400226B017C01CD86FB
:10A51000DE86EF86F88A20E030E0A9010F94EA3F5A
:10A5200087FD0AC020E030E048EC51E4C701B601E5
:10A530000F94A63618161CF48DEF9AE047CF86E4E8
:10A540000E94981F8823E9F00E9400226B017C0181
:10A55000C98EDA8EEB8EFC8E20E030E040E85FE3BF
:10A560000F94EA3F87FD0AC020E030E040E850E465
:10A57000C701B6010F94A63618161CF484ED9AE0B4
:10A5800025CFC98CDA8CEB8CFC8C8D889E88AF88AB
:10A59000B88CA7019601C701B6010F940C379B0137
:10A5A000AC0160E070E084E490E40F94843E298183
:10A5B0003A814B815C810F940C372B013C01A50142
:10A5C0009401C501B4010F940C37A70196010F94B3
:10A5D0000C372CEE31E548EB5DE30F94843E9B0194
:10A5E000AC01C301B2010F940C3769837A838B836A
:10A5F0009C8388E40E94981F882379F00E94ED21B3
:10A60000009759F09C01255A31092838310518F076
:10A6100086EA9AE0DBCE9C8B8B8B85E50E94671FD8
:10A620008823C9F00E9448F06115710581059105E4
:10A6300011F00F942C328091550790915607892B79
:10A6400009F10E9400226093500770935107809394
:10A6500052079093530782E50E94671F8823B9F041
:10A660008091550790915607892BA1F00E94ED210A
:10A67000AD969FAF8EAFAD97181619068CF08EE38E
:10A680009AE0A4CE60E070E088E492E4DCCF82E758
:10A690009AE09CCE25E230E0AD963FAF2EAFAD976D
:10A6A00089E50E94981F882381F10E940022209151
:10A6B000AE0F3091AF0F4091B00F5091B10F0F948A
:10A6C000893D6B017C0188E50E94981F882331F148
:10A6D0000E9400222091AA0F3091AB0F4091AC0F45
:10A6E0005091AD0F0F94893D6BA37CA38DA39EA3C6
:10A6F000CFA2D8A6E9A6FAA6CE0183960E94931E01
:10A70000811115C084E19AE061CEC0909E0FD09077
:10A710009F0FE090A00FF090A10FD5CF60919A0FFE
:10A7200070919B0F80919C0F90919D0FDDCF64E401
:10A7300070E080915E0790915F070F94D84021E010
:10A74000892B09F020E0822F0E94393880E090E0C8
:10A75000A0EAB0E48DA79EA7AFA7B8AB60E0CE019A
:10A760008D960E946CCF3091E307CF57DF4F38832F
:10A77000C158D0401092E3070E9411AD83EF99E0D9
:10A780000E94AE3289899A898A3191050CF045C0C0
:10A790008B899C890E944DB841E061E080E00E9475
:10A7A000B09981114CC06FEF88E09AE00E949BBB8A
:10A7B0008CA5811104C0CE0101960F941F2080E06A
:10A7C00090E0A0EAB0E48093B40E9093B50EA0930D
:10A7D000B60EB093B70E1DA61EA61FA618AABE01E0
:10A7E000635D7F4F8CEA9EE00E947723CF57DF4F57
:10A7F000B881C158D040B093E3070E9411AD8AA13F
:10A800008111E6CD10920315109202150E940229C3
:10A8100090E080E00E944DB8DBCD8C38910514F0BB
:10A820008CE890E090930315809302150E94022912
:10A8300061E081E00E9428988111AACFB4CF1092E4
:10A84000A60F1092A70F1092A80F1092A90F86EAD8
:10A850009FE00E944DAB8BA5882309F452C020E0F5
:10A8600030E040E751E460917D0F70917E0F809160
:10A870007F0F9091800F0F94843E6DA77EA78FA7C6
:10A8800098AB80E1EAE9FFE0ACEABEE001900D920E
:10A890008A95E1F72D853E854F8558896091B80EE0
:10A8A0007091B90E8091BA0E9091BB0E0F948A3DB3
:10A8B0006093B80E7093B90E8093BA0E9093BB0E4E
:10A8C000CE018D960E94A7B22D853E854F85588971
:10A8D0006091B80E7091B90E8091BA0E9091BB0E36
:10A8E0000F94893D6093B80E7093B90E8093BA0EA1
:10A8F0009093BB0E8CA5811104C0CE0101960F94DC
:10A900001F20EAE4F7E086E0DF011D928A95E9F76F
:10A9100080E1EAE9FFE0ACEABEE001900D928A95A1
:10A92000E1F789859A85AB85BC858093B40E9093B9
:10A93000B50EA093B60EB093B70E1DA61EA61FA609
:10A9400018AABE01635D7F4F8CEA9EE00E947723C8
:10A95000BE01635E7F4F8CEA9EE00E94772389A14F
:10A96000882309F494C380919A0F90919B0FA09132
:10A970009C0FB0919D0FE9968CAF9DAFAEAFBFAF6E
:10A98000E99780919E0F90919F0FA091A00FB09199
:10A99000A10FAB968CAF9DAFAEAFBFAFAB97A596F7
:10A9A0001FAE1EAEA59733243A9422242A949FEF1B
:10A9B000EE969FAFEE97AFE4EF96AFAFEF97B3ECA5
:10A9C000C158DF4FB883CF57D040E7E4C058DF4FBE
:10A9D000E883C058D040A496FFADA497CC57DF4F72
:10A9E000F883C458D04021E030E00F2E02C0220F7F
:10A9F000331F0A94E2F7CE57DF4F39832883C258BA
:10AA0000D0408AE497E0AF969FAF8EAFAF9710E04B
:10AA1000CB57DF4FF883C558D040AF96AEADBFAD32
:10AA2000AF978D91AF96BFAFAEAFAF9790E0CE57D7
:10AA3000DF4FE881F981C258D0408E239F23892BB4
:10AA400009F0F0C0CC57DF4F8881C458D0400E9435
:10AA5000EF1E4B015C01812F0E94D41EE5966CAF66
:10AA60007DAF8EAF9FAFE597A5019401E9966CADE0
:10AA70007DAD8EAD9FADE9970F94893D6B017C0153
:10AA8000E5962CAD3DAD4EAD5FADE597AB966CADAB
:10AA90007DAD8EAD9FADAB970F94893D2B013C01F1
:10AAA000A7019601C701B6010F940C376B017C0119
:10AAB000A3019201C301B2010F940C379B01AC01B9
:10AAC000C701B6010F948A3D0F9438406B017C0199
:10AAD000A50194016BA17CA18DA19EA10F94893D3C
:10AAE0004B015C01E5962CAD3DAD4EAD5FADE597FC
:10AAF0006FA178A589A59AA50F94893D2B013C01EA
:10AB0000A5019401C501B4010F940C374B015C0100
:10AB1000A3019201C301B2010F940C379B01AC0158
:10AB2000C501B4010F948A3D0F94384020E030E015
:10AB300040E751E40F94843EA70196010F948A3DAB
:10AB4000D62EE72EF82E092F8090500790905107AF
:10AB5000A0905207B090530720E030E040E85FE358
:10AB6000C501B4010F94EA3F181614F5C501B401EC
:10AB70000F94F63E4B015C0160E070E0CB011814CD
:10AB800019041A041B0434F40F94DD31A501940157
:10AB90000F940C3D0F94AD369B01AC016D2D7E2DB5
:10ABA0008F2D902F0F948A3DD62EE72EF82E092F49
:10ABB000EE962FADEE97EF963FADEF97C158DF4F72
:10ABC0004881CF57D040C058DF4F5881C058D0403F
:10ABD0006D2D7E2D8F2D902F0F94A63687FF22C0CE
:10ABE000312ECB57DF4F2880C558D040EA96DFAED4
:10ABF000EA97EB96EFAEEB97EC96FFAEEC97ED96FF
:10AC00000FAFED97EE96DFAEEE97EF96EFAEEF97C4
:10AC1000C158DF4FF882CF57D040C058DF4F08836C
:10AC2000C058D0401F5F163009F0F7CEA5962EAD64
:10AC30003FADA5972F5F3F4FA5963FAF2EAFA5978E
:10AC40002630310509F0C7CEE32DF0E0E65BF84F82
:10AC500021E030E0022C01C0220F0A94EAF7808143
:10AC6000822B80836A962FAE6A976B963FAE6B9766
:10AC7000EA968FADEA97EB969FADEB97EC96AFAD6A
:10AC8000EC97ED96BFADED976F968CAF9DAFAEAFE5
:10AC9000BFAF6F973FEF231609F4DEC1331609F4F7
:10ACA000DBC1822D0E94EF1EF62E072F182FE92EF2
:10ACB000862F902FA12FBE2D65968CAF9DAFAEAF86
:10ACC000BFAF6597832D0E94D41E4B015C0169962E
:10ACD0008CAE9DAEAEAEBFAE6997CE018F5A9F4F80
:10ACE0000E94931E882309F4BBC120E030E040EAB3
:10ACF00050E46F2D702F812F9E2D0F948A3D3B01C4
:10AD00006C01CB01D60121968CAF9DAFAEAFBFAF2A
:10AD1000219725968CAE9DAEAEAEBFAE2597211085
:10AD2000EEC13110C3C120E030E040EA50E4C5017B
:10AD3000B4010F948A3D4B015C01332009F4D6C164
:10AD400094E093150CF4D2C122ED422E23E5522E4D
:10AD50002BE7622E21E4722E21968CAD9DADAEAD17
:10AD6000BFAD2197A7968CAF9DAFAEAFBFAFA797F2
:10AD700025968CAD9DADAEADBFAD2597AB968CAF96
:10AD80009DAFAEAFBFAFAB979C01AD0169966CAD07
:10AD90007DAD8EAD9FAD69970F94893DE1966CAF07
:10ADA0007DAF8EAF9FAFE197A7962CAD3DAD4EAD79
:10ADB0005FADA79765966CAD7DAD8EAD9FAD659788
:10ADC0000F94893D2D966CAF7DAF8EAF9FAF2D97C1
:10ADD000E1968CAD9DADAEADBFADE19761968CAF08
:10ADE0009DAFAEAFBFAF6197A7962CAD3DAD4EAD59
:10ADF0005FADA79760919A0F70919B0F80919C0F08
:10AE000090919D0F0F94893DA7966CAF7DAF8EAF4B
:10AE10009FAFA797AB962CAD3DAD4EAD5FADAB9759
:10AE200060919E0F70919F0F8091A00F9091A10F44
:10AE30000F94893DAB966CAF7DAF8EAF9FAFAB9754
:10AE40008F2D902FA12FBE2D8DA79EA7AFA7B8AB9A
:10AE500089AA9AAAABAABCAA89849A84AB84BC8426
:10AE60008DAA9EAAAFAAB8AE2DEC3CEC4CEC5CE3EC
:10AE7000C301B2010F940C3729813A814B815C8167
:10AE80000F940C372091A60F3091A70F4091A80F77
:10AE90005091A90F0F948A3D69AF7AAF8BAF9CAFE9
:10AEA000A7962CAD3DAD4EAD5FADA797CA01B901D8
:10AEB0000F940C376B017C01AB962CAD3DAD4EADC4
:10AEC0005FADAB97CA01B9010F940C379B01AC0180
:10AED000C701B6010F948A3D20E030E040E050E425
:10AEE0000F94EA3F1816ACF420E030E040E05FE356
:10AEF000C501B4010F948A3D29966CAF7DAF8EAF2A
:10AF00009FAF2997BE01635C7F4FCE0101960E94DF
:10AF10002D2189859A85AB85BC8529968CAF9DAFFF
:10AF2000AEAFBFAF2997A3961CAE1DAE1EAE1FAE2F
:10AF3000A397BE01615A7F4FCE01CD960E94772321
:10AF40008CA58823C1F02AE939E949E95FE36D81DD
:10AF50007E818F8198850F940C37A3966CAF7DAF5F
:10AF60008EAF9FAFA397BE01615A7F4F8CEA9EE0E0
:10AF70000E9477231CA6E090750FF090760F009149
:10AF8000770F1091780FA090710FB090720FC09052
:10AF9000730FD090740F9501A601B701C8010F94EB
:10AFA000EA3F181614F475018601809054029090BF
:10AFB0005502A0905602B09057022DEC3CEC4CECA0
:10AFC0005DE3B701C8010F940C376093540270938E
:10AFD0005502809356029093570240E0BE01675B92
:10AFE0007F4FCE018D960F94531A80E1EAE9FFE07E
:10AFF000ACEABEE001900D928A95E1F7809254028E
:10B0000090925502A0925602B092570220E04FEF64
:10B01000BE01675A7F4FCE0101960E94F22420E0C4
:10B0200041E0BE01675A7F4FCE0101960E94F22493
:10B030002FEF40E0BE01675A7F4FCE0101960E947C
:10B04000F22421E040E0BE01675A7F4FCE01019615
:10B050000E94F2240E943CAB8091B60F8093B70F00
:10B06000AD96AEADBFADAD971197AD96BFAFAEAFDC
:10B07000AD97AB2B09F497CB6A968FAD6A9787FD96
:10B0800092CB6B968FAD6B9787FF69CC8CCB8BA1E6
:10B090009CA1ADA1BEA1E9968CAF9DAFAEAFBFAFF5
:10B0A000E9978FA198A5A9A5BAA573CC8F2D902F4C
:10B0B000A12FBE2D21968CAF9DAFAEAFBFAF219714
:10B0C00020E030E040EA50E4C501B4010F94893D2E
:10B0D00025966CAF7DAF8EAF9FAF259784E083152B
:10B0E0000CF021CEF62C072D1C2DED2C92ED492EC7
:10B0F00093E5592E9BEF692E90E4792E2DCEA4E096
:10B10000A2150CF04AC0A315FCF420E030E040EAA0
:10B1100050E46F2D702F812F9E2D0F94893D219625
:10B120006CAF7DAF8EAF9FAF219720E030E040EA5B
:10B1300050E4C501B4010F94893D4B015C01B4E0BA
:10B14000B3150CF001CED2CF8F2D902FA12FBE2D95
:10B1500021968CAF9DAFAEAFBFAF219720E030E01E
:10B1600040EA50E4C501B4010F948A3D25966CAFC6
:10B170007DAF8EAF9FAF25973110D7CF20E030E065
:10B1800040EA50E46F2D702F812F9E2D0F94893D42
:10B19000F62E072F182FE92EA9CF31100DC020E071
:10B1A00030E040E251E4B301C6010F94893DF62E30
:10B1B000072F182FE92EC8CDE4E0E3159CF420E01A
:10B1C00030E040E251E4B301C6010F94893D21967D
:10B1D0006CAF7DAF8EAF9FAF2197F62C072D1C2D46
:10B1E000ED2CB2CDF62C072D1C2DED2C82ED482E2A
:10B1F00083E5582E8BEF682E81E4782EADCD4F92EB
:10B200005F926F927F928F929F92AF92BF92CF92F6
:10B21000DF92EF92FF920F931F93CF93DF9300D0B3
:10B22000CDB7DEB7B82E8091B310843008F0D5C109
:10B2300071E6D72E8091B310843008F00DC1809153
:10B24000B60F9091B70F891B8F7709F405C10E9443
:10B25000333D97FF0BC00E94F8338EE196E00E94C9
:10B26000AE328091B60F8093B70FE4CF8A3019F0D9
:10B270008D3009F0E8C010929E1080913C109091A2
:10B280003D10FC01E85CFF4E1682892B19F40E94E8
:10B29000D5D5D0CF10923D1010923C100EE310E1A6
:10B2A000F8018191803209F449C08E3409F0B6C0AA
:10B2B00069E176E0C8010F9423367C01892B41F0C7
:10B2C0006EE470E0C80104960F94D840009709F42A
:10B2D000C8014AE050E070E060E001960F949333BB
:10B2E0002B013C018091381090913910A0913A10B7
:10B2F000B0913B10AC01BD014F5F5F4F6F4F7F4F6F
:10B300004416550666067706D9F0EF28C9F4AC0155
:10B31000BD0141505109610971094416550666067F
:10B32000770634F084159505A605B7050CF082CF95
:10B3300060E086EE95E00F94A1167CCF8F01B0CF30
:10B340006AE270E0C8010F9407419C01009709F17F
:10B35000982F901BF12C992339F09150F801E90FA7
:10B36000F11D8081F826F7CF4AE050E070E060E000
:10B37000C90101960F9493332F2D30E050E040E047
:10B38000621773078407950741F060E087EC95E04A
:10B39000D2CF60E08DE995E0CECF40923810509248
:10B3A000391060923A1070923B1080918009813080
:10B3B000E1F467E470E0C8010F94D8400097A9F069
:10B3C0004AE050E070E060E001960F9493336430FF
:10B3D00071058105910548F48CEF94E00E94AE322E
:10B3E00060E082EF94E00E949BBB80913E108B3323
:10B3F00009F420CF8091B310843008F01BCF8091E6
:10B40000B5108D9DC00111246EE370E18A549F4EEA
:10B410000F94E34080E00F9450160CCF80915717A3
:10B4200080FFC3CF68E670E3C8010F94233600970E
:10B4300031F0FC01838180538A3008F0B6CF60E0A0
:10B4400083E795E078CF2CE330E14EE350E16EE9FD
:10B4500070E10E94291EEECE8091571783FDBDC07A
:10B4600082FFBBC087FDB9C01A82198241E6F42E63
:10B4700054E0E52E69E6D62E8091B310843008F0B2
:10B48000ACC00E94611E8111A8C041E050E0BE0125
:10B490006D5F7F4F8BEB98E10E9486920B8110E0ED
:10B4A000019711F00FEF1FEF8091C3189091C4180E
:10B4B000A091C518B091C618809353179093541754
:10B4C000A0935517B09356170E94611E0F3F1007A7
:10B4D00049F4811107C00E94F83386E396E00E9488
:10B4E000AE32CACF4091B510242F30E00A3061F05F
:10B4F0000D3051F0882309F462C089819A81009748
:10B5000019F001969A8389831092F80689819A81AD
:10B51000F29EF001F39EF00D1124ED54FF4EE80F62
:10B52000F91F1382892B59F50E94D5D50E94611EFF
:10B53000882309F4A1CF8BEB98E10E94339480918A
:10B540004E17882391F1815080934E178D9DC00135
:10B55000112462E0855F974F0E94E8CCE0914E177E
:10B5600024E0E29FF0011124E95FF74F60817181CF
:10B57000828193810E94351F0E947D8C7DCF1A822B
:10B58000198281E00F9450168091531790915417AF
:10B59000A0915517B09156178093AF109093B010AB
:10B5A000A093B110B093B210C1CF0E943C9480918F
:10B5B0005717886080935717E09280095DCF4F9DA1
:10B5C000A00111244A545F4E9E012F5F3F4F68EF48
:10B5D00076E0802F0E94291E4FCF0E9448F06B0119
:10B5E0007C01B11004C080917F0E882351F0C0927D
:10B5F0008D12D0928E12E0928F12F0929012BB2494
:10B60000B3948091570790915807A0915907B09132
:10B610005A070097A105B105B1F040918D125091E4
:10B620008E1260918F1270919012840F951FA61F39
:10B63000B71FA7019601281B390B4A0B5B0BDA01D8
:10B64000C901B7FF12C190916315809164159813D9
:10B6500021C140910B0250910C0260910D0270913A
:10B660000E02452B462B472B29F0981709F41BC1D6
:10B67000109209070E9448F04B015C011091C80D1F
:10B68000111108C0909163158091641511E0981311
:10B6900001C010E020E030E04AE253E460912A1556
:10B6A00070912B1580912C1590912D150F94EA3FD8
:10B6B00087FD2AC181E0182781E04091FD06509165
:10B6C000FE066091FF0670910007452B462B472B25
:10B6D00009F480E0811799F080E090E0DC0111230B
:10B6E00031F0D501C40180569444A24FBF4F8093DE
:10B6F000FD069093FE06A093FF06B09300074090CE
:10B70000A60F5090A70F6090A80F7090A90F2091DE
:10B71000F9063091FA064091FB065091FC06C301F0
:10B72000B2010F94A636882319F18091FD069091FD
:10B73000FE06A091FF06B09100074092F9065092D4
:10B74000FA066092FB067092FC06892B8A2B8B2BE3
:10B7500009F449C0D501C40180569444A24FBF4F9B
:10B760008093FD069093FE06A093FF06B09300071A
:10B770008091FD069091FE06A091FF06B091000712
:10B780000097A105B10579F1881A990AAA0ABB0A9E
:10B79000B7FC29C01092FD061092FE061092FF061B
:10B7A0001092000787E996E00E94AE3260E083E8DD
:10B7B00096E00E949BBB80912E1590912F15181634
:10B7C000190624F490E080E00E944DB880910215A3
:10B7D000909103151816190634F41092031510925F
:10B7E00002150E9402298091050790910607A091F9
:10B7F0000707B091080746015701881A990AAA0A53
:10B80000BB0AD501C401B7FDCBC03091631590913F
:10B8100064152091000280911F02391709F476C047
:10B82000E091641534E7E39FF0011124EB57F54FE5
:10B830009081899FC0011124880F892F881F990B3F
:10B840009195281709F49FC0809300020E9448F048
:10B850002091000221115DC0109201071092020791
:10B86000109203071092040777C00E94F83380E714
:10B8700096E00E94AE326091980F7091990F85E426
:10B8800096E00E9409F140E070E060E090E080E026
:10B890000E944E3CC0928D12D0928E12E0928F1276
:10B8A000F0929012D6CEB110E3CE0E9448F00091F3
:10B8B0008D1210918E1220918F12309190128090E3
:10B8C0000B0290900C02A0900D02B0900E02080D99
:10B8D000191D2A1D3B1D601B710B820B930B97FDDD
:10B8E000C7CE809109078111C5CE81E080930907F9
:10B8F00080E00E941C9E81E00E941C9E82E00E94CB
:10B900001C9E0E940D9EB6CE10E0D6CE90917A0E6F
:10B9100090CF009101071091020720910307309109
:10B920000407011511052105310581F46C597F4F7C
:10B930008F4F9F4F60930107709302078093030717
:10B940009093040784EB8093000206C0601B710B88
:10B95000820B930B97FDF6CF20910002222389F0F2
:10B9600030E050E040E02150310941095109AFEF8A
:10B97000B0E00F942B3D2EEF30E040E050E00F940C
:10B980000C3D2093000844E6C40ED11CE11CF11CC0
:10B99000C0920507D0920607E0920707F0920807C9
:10B9A0000E94D5D580918009882309F413C1809124
:10B9B000AF09882309F4B0C08091F207882309F405
:10B9C000ABC08091C60D8111A7C080917F0E8111FF
:10B9D0000AC080919312813031F08091571782FF15
:10B9E0009BC087FD99C0F8948091F207873009F0D9
:10B9F00005C18CB18295817090910E079827809334
:10BA00000E078091F107892B8093F1076091E90778
:10BA10007091EA078091EB079091EC07789420E011
:10BA200030E0A9010F94A63687FF76C001E00093AD
:10BA3000C60D80917F0E81116DC084EF96E00E944B
:10BA4000E23884E08093100A81E09AE59093DA1658
:10BA50008093D9168EE490E09093DC168093DB16E9
:10BA600087E08093CD1682E88093D01684E890E03A
:10BA7000A0E0B0E08093D1169093D216A093D31695
:10BA8000B093D4168DE796E10E94A7300E947533DB
:10BA90000093941260E085E398E30E94D7328DE32F
:10BAA00098E30E94AE3280E20E94A73288E397E0DA
:10BAB0000E94AE3280E30E94A7328AE00E94A73241
:10BAC0000E9498331091540760E0102786EE99E0A9
:10BAD00069F486E297E00E94D73280E30E94A732A1
:10BAE0008AE00E94A73260E089E097E00E94D732A6
:10BAF00084E197E00E94AE3280E30E94A7328AE0A0
:10BB00000E94A732112331F08FE097E09093F10962
:10BB10008093F0090E943CAB90910901892F809598
:10BB20008170109101028117C9F02091571720648C
:10BB3000209357178093010290FD82C064EF71E05B
:10BB400080E090E00E94072F0E940AC6809157175C
:10BB500084FD9DC0111176C00E9420C10E9448F052
:10BB60006B017C0110910A021123F1F08091C90D43
:10BB70008823D1F040910A0750910B0760910C0780
:10BB800070910D0746015701841A950AA60AB70A53
:10BB9000B501A40177FD1AC0833009F46FC00CF021
:10BBA0005EC081300CF063C0212F30E0A8EEB3E01E
:10BBB0000F943E3DC60ED71EE81EF91EC0920A071E
:10BBC000D0920B07E0920C07F0920D070E948CB701
:10BBD0000E94793E0F900F900F90DF91CF911F91AF
:10BBE0000F91FF90EF90DF90CF90BF90AF909F901C
:10BBF0008F907F906F905F904F900895882309F405
:10BC000005CF649B40C091E0823009F090E081E074
:10BC1000911114C091E09813F9CE8091ED079091A5
:10BC2000EE07A091EF07B091F0078093E90790939A
:10BC3000EA07A093EB07B093EC07E8CE90E0EBCFD8
:10BC40000E944C94123008F089CF0E9420C186CF08
:10BC50008DEE96E09093F1098093F0097FCF8430C8
:10BC600009F0A2CF0E94F4348CEA96E004C00E944E
:10BC7000F4348BED96E00E94AE3296CF0E94F434FD
:10BC800084EC96E0F8CF823041F280E0C3CF1230EE
:10BC900018F40E94F9C562CF123009F05FCF0E94FC
:10BCA00050F1882379F081E00E9429F140EB50E0C7
:10BCB0006AEC7DE08CE597E10E9486928CE597E145
:10BCC0000E9433940E9445288111C2CF0E942728E8
:10BCD0000E9464F181E080934D170E9480F13ECF75
:10BCE000CF93DF93C82FD62F8091AB0E83FD0AC070
:10BCF0000E940A1F882331F0809111029091120254
:10BD00000E944DB86D2F8BE00F94E213CC2339F0D5
:10BD100040E061E080E0DF91CF910C94B099809198
:10BD2000C60791E0892780932D0280912D028823F8
:10BD3000F1F020E030E040E05FE360912A1570917F
:10BD40002B1580912C1590912D150F948A3D0F94F1
:10BD5000F63E20912E1530912F15621B730B77FF45
:10BD600003C07195619571096230710544F41092B8
:10BD70002D028091AB0E83FF06C081E00FC080E0F2
:10BD80000E94FF58D2CF0E940A1F8823B1F30E945D
:10BD9000F4348AE499E00E94AE3280E0DF91CF91E2
:10BDA0000895AF92BF92CF92DF92EF92FF920F93DE
:10BDB0001F93CF93DF93CDB7DEB764970FB6F89498
:10BDC000DEBF0FBECDBF0E94FD3487FDABC08AE54C
:10BDD0000E94981F882309F4B6C040E050E0BA01E1
:10BDE0008AE50E942E227B018C0163E085E00F949E
:10BDF000E2132091A20F3091A30F4091A40F509114
:10BE0000A50F60E070E088EC93E40F94893D5B013E
:10BE10006C019701A8010F94EA3F181614F0750100
:10BE20008601C701D8018D839E83AF83B88720E048
:10BE300030E0A901B701C8010F94A636882321F08C
:10BE4000CE0105960E94A51F80E090E0A0EAB1E433
:10BE500089879A87AB87BC871D861E861F86188AAE
:10BE60008CE40E94981F882309F472C00E9400226B
:10BE70006B017C0120E030E0A901C701B6010F94FD
:10BE8000EA3F87FF04C0F7FAF094F7F8F094C98A04
:10BE9000DA8AEB8AFC8A00912E1510912F15043056
:10BEA0001105DCF020E030E040E05FE360912A150E
:10BEB00070912B1580912C1590912D150F948A3D22
:10BEC0000F94F63E601B710B77FF03C0719561956F
:10BED000710901E0643071050CF400E063E080E07A
:10BEE0000E94705E81113DC063E089E00F94E2130F
:10BEF0006D817E818F8198858B019C0130580983EB
:10BF00001A832B833C8320E030E0A9010F94A636EE
:10BF1000882321F0CE0101960E94A51F60E089E0F0
:10BF20000F94E21364960FB6F894DEBF0FBECDBF38
:10BF3000DF91CF911F910F91FF90EF90DF90CF9005
:10BF4000BF90AF900895E12CF12C00E211E44DCFA9
:10BF5000C090DB07D090DC07E090DD07F090DE07B3
:10BF600089CF83E0E82E22E0AE01475F5F4FBE013C
:10BF70006F5E7F4FCE010D960F94BD20B9CF4F92CB
:10BF80005F926F927F92AF92BF92CF92DF92EF92C9
:10BF9000FF921F93CF93DF9300D000D01F921F9288
:10BFA000CDB7DEB75C01E62EF42E642F80E00E9450
:10BFB000705E182F81111BC0EE2021F060E089E037
:10BFC0000F94E213812F28960FB6F894DEBF0FBEB0
:10BFD000CDBFDF91CF911F91FF90EF90DF90CF9079
:10BFE000BF90AF907F906F905F904F900895EE203C
:10BFF00021F06F2D83E00F94E21380E090E0A0E742
:10C00000B2E48D839E83AF83B88780E090E0A0E8A0
:10C01000B0EC89839A83AB83BC83BE016B5F7F4F97
:10C02000CE0101960E9435B368E873E180E090E0AC
:10C030000E94072FC12CD12C88ECE82E81E4F82E29
:10C04000CD82DE82EF82F88680E090E0A0E8B0E466
:10C0500089839A83AB83BC83BE016B5F7F4FCE0124
:10C0600001960E9435B34090850F5090860F6090E6
:10C07000870F7090880FC092850FD092860FE09244
:10C08000870FF092880F80E090E0A0EAB1E48D8302
:10C090009E83AF83B887F50180819181A281B381AE
:10C0A00089839A83AB83BC83BE016B5F7F4FCE01D4
:10C0B00001960E9435B34092850F5092860F609290
:10C0C000870F7092880F0E940D9E64E670E080E0FA
:10C0D00090E00E94072F76CF8F929F92AF92BF92EF
:10C0E000CF92DF92EF92FF921F93CF93DF9300D016
:10C0F00000D01F921F92CDB7DEB70E94FD34182FDB
:10C1000087FDACC08AE50E94981F812C912C90E29B
:10C11000A92E91E4B92E882341F040E050E0BA0105
:10C120008AE50E942E224B015C0164E083E00F94BB
:10C13000E21320E030E0A901C501B4010F94EA3F09
:10C1400018167CF580E090E0A0EAB0E48D839E8331
:10C15000AF83B8872091A20F3091A30F4091A40F15
:10C160005091A50FC501B4010F948A3D6B017C016C
:10C1700020E030E048EC53E40F94A63687FD06C07B
:10C18000C12CD12C88ECE82E83E4F82EC982DA8207
:10C19000EB82FC82BE016B5F7F4FCE0101960E9455
:10C1A0004DCF85E50E94671F882309F469C00E946E
:10C1B00000226B017C0120E030E0A901C701B6013B
:10C1C0000F94EA3F87FF04C0F7FAF094F7F8F09471
:10C1D000F7FAF094F7F8F094C982DA82EB82FC82E5
:10C1E00044E061E0CE0101960E94BF5F20E030E0B4
:10C1F000A901C501B4010F94EA3F18165CF580E06F
:10C2000090E0A0EAB0E48D839E83AF83B887A50158
:10C2100094016091A20F7091A30F8091A40F90914F
:10C22000A50F0F94893D6B017C0120E030E0A9014E
:10C230000F94EA3F18161CF0C12CD12C7601C9824C
:10C24000DA82EB82FC82BE016B5F7F4FCE010196EA
:10C250000E944DCF60E089E00F94E21328960FB65C
:10C26000F894DEBF0FBECDBFDF91CF911F91FF903D
:10C27000EF90DF90CF90BF90AF909F908F900895F8
:10C2800088E01802F0011124E952F84FC080D180F3
:10C29000E280F38090CF2F923F924F925F926F9205
:10C2A0007F928F929F92AF92BF92CF92DF92EF9246
:10C2B000FF920F931F93CF93DF9300D000D000D055
:10C2C000CDB7DEB74C018B014987590161E086EE9D
:10C2D00099E00E94D73240EB58E36DEE79E085E0BB
:10C2E0000F94D91390917F0E81E0890F80937F0E78
:10C2F0008091571782FB222720F9288782FF08C0E8
:10C3000087FDCDC08B7F809357179E5F90937F0EE4
:10C310000E945CBB80E1EAE9FFE0A0E8BEE001909A
:10C320000D928A95E1F787E00E9473B0782E60E065
:10C3300070E080E090E4711040C02090A20F309037
:10C34000A30F4090A40F5090A50F20E030E040E0F4
:10C3500050E4C201B1010F948A3D6B017C0120E0E1
:10C3600030E048EC53E40F94EA3F181634F4C12C43
:10C37000D12C88ECE82E93E4F92EF8016084F18545
:10C38000FD83F801F285FE83F801F385FF839601B2
:10C39000A701662D7D818E819F2F0F94EA3F18168D
:10C3A00024F06C2CDD82EE82FF82A2019101662DC9
:10C3B0007D818E819F810F94893D2885222349F0BC
:10C3C00020917E0E222329F041E0711040E00E946E
:10C3D00052260E943CAB80917C0E811109C081E005
:10C3E00080937C0E80917A0E80937B0E10927A0E51
:10C3F00020E030E0A901F4016081718182819381A4
:10C400000F94A636882391F00E94A6AA81110EC02F
:10C4100080E090E0A0E7B2E489839A83AB83BC8399
:10C42000BE016F5F7F4FC4010E9435B3711004C01D
:10C43000B80180E00E94A1D220E030E0A901F5011E
:10C4400060817181828193810F94A636882329F0BF
:10C4500042E06985C5010E94BF5F0E940D9E64E6AF
:10C4600070E080E090E00E94072F81E029960FB6EF
:10C47000F894DEBF0FBECDBFDF91CF911F910F911A
:10C48000FF90EF90DF90CF90BF90AF909F908F90F4
:10C490007F906F905F904F903F902F9008951886F7
:10C4A00037CFCF92DF92EF92FF92CF93DF936B0162
:10C4B0007C01D42FC091C90D83E08093C90D81E028
:10C4C0008093C80DC114D104E104F10431F00E943D
:10C4D00048F0C60ED71EE81EF91E8091C80D8823AD
:10C4E00089F0C114D104E104F10421F48D2F0E94DC
:10C4F000FF58F3CF0E9448F06C197D098E099F09FF
:10C5000097FDF4CF1092C80DC093C90DDF91CF9164
:10C51000FF90EF90DF90CF900895FF920F931F93BD
:10C52000CF93DF93CDB7DEB72D970FB6F894DEBF6C
:10C530000FBECDBF082F162F0E94473561E0812F17
:10C540000E9493280E9448F0685370458F4F9F4F78
:10C550006093900E7093910E8093920E9093930E31
:10C560001092940EF090C90D83E08093C90D30E0D5
:10C5700020E042E658E368ED79E082E00E94A433CF
:10C5800088ED99E00E9477C081E08093C80D80918A
:10C59000C80D882309F46AC060E0812F0E949328A7
:10C5A0008091940E882309F45DC060E08AE00F94C6
:10C5B000E2130E94F4348EEB99E00E94AE3230E038
:10C5C00020E048EA59E06FEA79E082E00E94A43373
:10C5D0008FEA99E00E9477C041E060E070E0CB0113
:10C5E0000E94516230E020E050E040E06BE979E0E9
:10C5F00085E00E94A4336BE979E0CE0101960F94A7
:10C60000EC35CE0101960E9413BB0E9459B860E040
:10C6100080E00E94705E802F0E9447350E9448F0A3
:10C62000685370458F4F9F4F6093900E7093910E9B
:10C630008093920E9093930E1092940E30E020E02F
:10C6400042E658E36FE879E082E00E94A4338FE885
:10C6500099E00E9477C081E08093C80D61E0812F4E
:10C660000E94932881E00E94FF5891CFF092C90D5B
:10C670002D960FB6F894DEBF0FBECDBFDF91CF91E0
:10C680001F910F91FF900895BF92CF92DF92EF928A
:10C69000FF920F931F93CF93DF93CDB7DEB7A09791
:10C6A0000FB6F894DEBF0FBECDBF0E94FD3487FDEC
:10C6B000DCC061E081E00F94E21385E40E94981FE2
:10C6C000882309F4E2C00E9400226B017C0120E073
:10C6D00030E0A9010F94EA3F87FF04C0F7FAF09415
:10C6E000F7F8F094F7FAF094F7F8F094C98EDA8E30
:10C6F000EB8EFC8E8CE0E7E7F2E0DE011196019014
:10C700000D928A95E1F788E50E94981F882351F0E1
:10C7100040E050E0BA0188E50E942E2269837A83C6
:10C720008B839C8389E50E94981F882351F040E009
:10C7300050E0BA0189E50E942E226D837E838F83AB
:10C7400098878AE50E94981F882351F040E050E0C6
:10C75000BA018AE50E942E2269877A878B879C8797
:10C76000C090D707D090D807E090D907F090DA07AB
:10C7700085E50E94981F882321F00E9400226B010A
:10C780007C0120E030E0A901C701B6010F94EA3F27
:10C7900087FF04C0F7FAF094F7F8F094F7FAF094F2
:10C7A000F7F8F094CD8EDE8EEF8EF8A262E070E0A6
:10C7B00082E40E94F121B82E80917F0E811155C034
:10C7C0009E01235E3F4F41E0BE016F5F7F4FCE0170
:10C7D00049960E944B61882309F447C06B2D81E084
:10C7E0000E948D6270E060E082E50E94F1218C0180
:10C7F00080E090E0A0EAB1E48D8B9E8BAF8BB88F88
:10C80000C090DB07D090DC07E090DD07F090DE07FA
:10C810008CE40E94981F882321F00E9400226B0163
:10C820007C0120E030E0A901C701B6010F94EA3F86
:10C8300087FF04C0F7FAF094F7F8F094C98ADA8A0F
:10C84000EB8AFC8A1D861E861F86188A80917F0EC1
:10C85000882359F02B2DAE014B5E5F4FBE016F5EFA
:10C860007F4FCE010D960F94BB27A0960FB6F8947C
:10C87000DEBF0FBECDBFDF91CF911F910F91FF9013
:10C88000EF90DF90CF90BF900895C12CD12C80E81D
:10C89000E82E80E4F82E26CFCF92DF92EF92FF921F
:10C8A0000F931F93CF93DF93CDB7DEB76C970FB67F
:10C8B000F894DEBF0FBECDBF8CE40E94981F882382
:10C8C00009F4AFC00E9400226B017C0120E030E03F
:10C8D000A9010F94EA3F87FF04C0F7FAF094F7F834
:10C8E000F094F7FAF094F7F8F094C98EDA8EEB8EA4
:10C8F000FC8E8CE0E7E7F2E0DE01119601900D92EC
:10C900008A95E1F788E50E94981F8823A1F040E00E
:10C9100050E0BA0188E50E942E222091AA0F3091A2
:10C92000AB0F4091AC0F5091AD0F0F94893D6983CF
:10C930007A838B839C8389E50E94981F8823A1F0CA
:10C9400040E050E0BA0189E50E942E222091AE0F0E
:10C950003091AF0F4091B00F5091B10F0F94893DBE
:10C960006D837E838F8398878AE50E94981F882332
:10C9700051F040E050E0BA018AE50E942E2269871A
:10C980007A878B879C8761E080E00F94E2131D8695
:10C990001E861F86188A80917F0E811133C09E01EA
:10C9A000235F3F4F40E0BE016F5F7F4FCE0149964E
:10C9B0000E944B61882331F160E080E00E948D622B
:10C9C000898D9A8DAB8DBC8DB0588D8B9E8BAF8B26
:10C9D000B88F198A1A8A1B8A1C8A1D861E861F8692
:10C9E000188A80917F0E882369F010E000E020E033
:10C9F000AE014B5E5F4FBE016F5E7F4FCE010D9665
:10CA00000F94BB276C960FB6F894DEBF0FBECDBF58
:10CA1000DF91CF911F910F91FF90EF90DF90CF901A
:10CA20000895C12CD12C80E8E82E80E4F82E59CF4F
:10CA30002F923F924F925F926F927F928F929F922E
:10CA4000AF92BF92CF92DF92EF92FF920F931F931C
:10CA5000CF93DF93CDB7DEB7A9970FB6F894DEBFBB
:10CA60000FBECDBF89A72091C90D28A781E0809373
:10CA7000C90D809163078D3409F4FAC3843511F42C
:10CA80000C94227A873409F091C1809161079091CA
:10CA900062078B31910509F4DCC108F079C184305B
:10CAA000910508F030C1209180098230910508F489
:10CAB0008EC1233008F491C111E0029709F010E013
:10CAC0000E94162719821A821B821C821D821E82D6
:10CAD0001F82188682E50E94981F882309F48FC15F
:10CAE0000E9400226B017C0120E030E0A9010F943C
:10CAF000A636882309F4EAC040909A0F50909B0F05
:10CB000060909C0F70909D0F80919E0F90919F0F51
:10CB1000A091A00FB091A10F88A399A3AAA3BBA332
:10CB20008090AC0E9090AD0EA090AE0EB090AF0E77
:10CB30008091B00E9091B10EA091B20EB091B30E53
:10CB40008CA39DA3AEA3BFA3A5019401C301B20111
:10CB50000F94A63681110DC02CA13DA14EA15FA15D
:10CB600068A179A18AA19BA10F94A636882309F414
:10CB7000ADC0A3019201C501B4010F94893D20E02D
:10CB800030E040E05FE30F940C376C8F7D8F8E8F29
:10CB90009F8F28A139A14AA15BA16CA17DA18EA183
:10CBA0009FA10F94893D20E030E040E05FE30F94C7
:10CBB0000C372B013C0120E030E0A901C701B60190
:10CBC0000F94A636881F8827881F181709F40EC1EE
:10CBD00080E090E0A0E8BFEB88A399A3AAA3BBA341
:10CBE0002C8D3D8D4E8D5F8DCA01B9010F940C3790
:10CBF0004B015C01A3019201C301B2010F940C37F8
:10CC00009B01AC01C501B4010F948A3D0F943840DB
:10CC10004B015C01AC019B01C701B6010F94893D3A
:10CC20006CA37DA38EA39FA3A5019401C701B601A8
:10CC30000F948A3D9B01AC016CA17DA18EA19FA1A7
:10CC40000F940C376B017C0120E030E0A9010F94B8
:10CC5000EA3F87FDD0C0C701B6010F9438406B0191
:10CC60007C01C301B2019058A50194010F94843E48
:10CC700028A139A14AA15BA10F940C37A701960105
:10CC80000F940C372C8D3D8D4E8D5F8D0F948A3D0A
:10CC900069837A838B839C83A50194016C8D7D8D40
:10CCA0008E8D9F8D0F94843E28A139A14AA15BA14E
:10CCB0000F940C37A70196010F940C37A301920132
:10CCC0000F948A3D6D837E838F83988720E030E0C8
:10CCD000A90169817A818B819C810F94A63681118B
:10CCE000A2C020E030E0A9016D817E818F8198850E
:10CCF0000F94A636811197C00E94F83381E191E12B
:10CD00000E94AE326AC08531910509F466C08A314D
:10CD1000910509F49BC0049709F048C080E50E9482
:10CD2000981FC12CD12C7601882321F00E94032169
:10CD30006B017C0183E50E94981F882361F00E94AB
:10CD4000002220E030E04AE754E40F940C370F94BF
:10CD5000FD3E6B017C010E943CAB80913C12811135
:10CD600005C060E087E291E10E949BBB0E9448F011
:10CD7000C60ED71EE81EF91E0E9448F06C197D09E8
:10CD80008E099F0997FF29C080E00E94FF58F4CFC9
:10CD90008A32910509F415C160F48D31910509F4C9
:10CDA00074C008F46FC04E9709F472C00F94BE228D
:10CDB00014C08B35910509F4B1C18C35910509F486
:10CDC000B1C18A35910591F710925B0706C02330F7
:10CDD00020F00E9416270E9435B129A5211102C01A
:10CDE0000E94BC3238A53093C90D19C480E090E090
:10CDF000A0E8BFE3F1CEC12CD12C760132CF89E47B
:10CE00000E94981F882331F00E94002269837A8350
:10CE10008B839C838AE40E94981F882309F456CF51
:10CE20000E9400224FCF412FBE016F5F7F4F8CEADF
:10CE30009EE00F94531A0E9448F060938D127093F5
:10CE40008E1280938F1290939012C7CF0E945751E9
:10CE5000C4CF87E00E94CCCD8111BFCF8CE0E3E846
:10CE6000F2E0DE01119601900D928A95E1F770E0F3
:10CE700060E080E50E949A21BE016F5F7F4F0E94B3
:10CE8000A1D2ABCF0E94C44EA8CF0E94F67DA5CF01
:10CE900088E50E94981F882309F481C00E9400221F
:10CEA0002091AA0F3091AB0F4091AC0F5091AD0F74
:10CEB0000F94893D69837A838B839C8389E50E94E3
:10CEC000981F882309F474C00E9400222091AE0F9D
:10CED0003091AF0F4091B00F5091B10F0F94893D39
:10CEE0006D837E838F839887BE016B5F7F4FCE01FA
:10CEF00001960F948618882309F46FCF80E00E9472
:10CF000039380E9488B261E085E40E94D821182F48
:10CF100021E0482FBE016B5F7F4FCE0101960F9439
:10CF200057256B017C01AC019B010F947C40811162
:10CF30002EC02091AA0F3091AB0F4091AC0F5091B1
:10CF4000AD0F69817A818B819C810F948A3DAB0101
:10CF5000BC018AE391E10E945A352091AE0F3091D5
:10CF6000AF0F4091B00F5091B10F6D817E818F81D5
:10CF700098850F948A3DAB01BC0185E391E10E9445
:10CF80005A35B701A60180E391E10E9444360E9420
:10CF90006FB211110E9413210E94FFB31ECF609146
:10CFA0009A0F70919B0F80919C0F90919D0F82CF53
:10CFB00060919E0F70919F0F8091A00F9091A10F93
:10CFC0008FCF80918009833008F407CF89E40E94D5
:10CFD000981F082FE12C882319F00E94ED21E82EDC
:10CFE0008AE40E94981F182FF12C882319F00E94C0
:10CFF000ED21F82E002319F095E09E1528F011235D
:10D0000041F0A5E0AF1528F482E491E10E94AE3230
:10D01000E4CE80E1EAE9FFE0ACEABEE001900D92E7
:10D020008A95E1F7002359F08E2D0E94EF1E609340
:10D03000AC0E7093AD0E8093AE0E9093AF0E112395
:10D0400059F08F2D0E94D41E6093B00E7093B10ED4
:10D050008093B20E9093B30E60E080E50E94D821D9
:10D060008823C1F10023D1F0E0915E15F0915F15A6
:10D0700020813181428153816091AC0E7091AD0E5F
:10D080008091AE0E9091AF0E0F94893D6093AC0EDF
:10D090007093AD0E8093AE0E9093AF0E1123D1F02E
:10D0A000E0915E15F0915F152481358146815781AD
:10D0B0006091B00E7091B10E8091B20E9091B30E4E
:10D0C0000F94893D6093B00E7093B10E8093B20EB1
:10D0D0009093B30E40E050E0BA0186E40E942E2205
:10D0E0006B017C0120E030E0A9010F94EA3F1816A3
:10D0F0008CF420E030E040E752E4C701B6010F9421
:10D10000843E69837A838B839C83CE0101960E943F
:10D11000A7B263CE60E070E0CB01F3CF8FE08093E5
:10D120005B075BCE80916007882389F1893009F025
:10D1300054CE3BEBA32E33E0B32E4AE9C42E4FE08E
:10D14000D42EE12C00E010E0F50181915F010E94F6
:10D15000981FF82E882369F0133011F0E82EF02E76
:10D160000E940022D6016D937D938D939C9313971B
:10D170000F2D1F5FB4E0CB0ED11C143029F7EE2029
:10D1800009F464C00E94F1B30E94FFB326CE2BEBDA
:10D19000C22E23E0D22EF12CE12C00E010E0F601AB
:10D1A00081916F010E94981F382E882309F447C08F
:10D1B0000E9400224B015C01133059F0F701E65543
:10D1C000F04F20813181428153810F94893D4B0181
:10D1D0005C01F701E656F04F208131814281538195
:10D1E000C501B4010F94893D2B013C012DEB37E3C0
:10D1F00046E855EB0F94EA3F87FD0AC02DEB37E375
:10D2000046E855E3C301B2010F94A6361816BCF4E4
:10D21000133021F197012754384F5901A30192018E
:10D22000D5016D917D918D919C910F948A3DF50171
:10D230006083718382839383812F0E941BB01F5F61
:10D24000F4E0EF0EF11C143009F0A9CF002309F42B
:10D250009BCF86EA9FE00E944DAB96CF8092A60FAF
:10D260009092A70FA092A80FB092A90F032DE7CF1D
:10D2700080916107909162078D37910509F4B4C0E0
:10D2800008F08FC28135910509F4B6C708F06CC16A
:10D290008A31910509F453C508F0A9C0843191057C
:10D2A00009F402C508F084C08131910509F4BAC4BB
:10D2B00008F058C0029708F079CD80E50E94981FC9
:10D2C000C12CD12C7601882321F00E9403216B010F
:10D2D0007C0183E50E94981F882361F00E94002250
:10D2E00020E030E04AE754E40F940C370F94FD3E01
:10D2F0006B017C010E943CAB80915C0790915D07C3
:10D30000009709F478C40E94AABE00915C071091AE
:10D310005D070115110509F473C40E94753382E09D
:10D320008093941260E085E398E30E94D7328BE506
:10D3300091E10E94AE3280E20E94A732C8010E94B1
:10D34000FDF08AE00E94A73282E698E3009711F090
:10D350000E9481330E94983340E0C701B6010E94C9
:10D3600051623BCD429709F021CD83E50E94981F81
:10D37000882309F468C70E9448F060938D12709367
:10D380008E1280938F12909390120E94002220E0C0
:10D3900030E04AE754E40F940C370F94FD3E60935D
:10D3A0000B0270930C0280930D0290930E0215CD28
:10D3B0008731910509F4AAC480F48531910509F4F7
:10D3C000A2C4469709F0F2CC8091571782FF02C0A1
:10D3D00087FF03CD0E944C9400CD8831910509F45C
:10D3E000ABC4499709F0E2CC0E944C64F6CC803281
:10D3F000910509F41FC508F07DC08D31910509F430
:10D4000002C570F48B31910509F4A8C44C9709F05A
:10D41000CDCC80915C0790915D070E9495CCDDCCCE
:10D420008E31910509F4F6C44F9709F0BFCC0E94E4
:10D430003FB77B018C0120E831E541E050E00F94DB
:10D44000EA3CC9016DE671E00F94593D4B015C0166
:10D45000C801B70120E13EE040E050E00F94EA3C13
:10D46000CA01B90128E130E040E050E00F94EA3C05
:10D47000762E672EC62ED72E8CE3282E312C412CEB
:10D48000512CC801B701A20191010F94EA3CF62E7C
:10D49000E72ECA01B901A20191010F94EA3CCB0128
:10D4A0008E010F5F1F4F8114910409F4EEC4EF92B7
:10D4B000FF927F936F936F927F92BF92AF929F92F2
:10D4C0008F928BE192E19F938F931F930F930F9411
:10D4D0003D360FB6F894DEBF0FBECDBF60E0C80189
:10D4E0000E945DCC0E94F434B8018FE292E10E9468
:10D4F00009F173CC8B34910509F402C650F58A32D8
:10D50000910509F407C58934910509F04FCC80E5F0
:10D510000E94981F8823A1F00E94002220E030E0A2
:10D5200048EC52E40F940C370F94FD3E6031E7E273
:10D530007E0710F060E177E27093B4076093B30761
:10D5400082E50E94981F882309F447CC0E9403219A
:10D5500044CC8C34910509F4D7C58D34910509F07C
:10D5600025CC0E94EAC039CC8D36910509F4D5C589
:10D5700008F077C08C35910509F492C688F583359B
:10D58000910509F458C608F44EC68435910509F48E
:10D59000ECCE8535910509F009CC83E50E94671F23
:10D5A000882309F41ACC0E9448F060938D1270937E
:10D5B0008E1280938F12909390120E94002220E08E
:10D5C00030E04AE754E40F940C370F94FD3E60932B
:10D5D0005707709358078093590790935A07FDCBCC
:10D5E0008A36910509F49EC598F58836910509F4A7
:10D5F0008FC58936910509F0D9CB0E94FD34182FCB
:10D6000087FD0AC086E692E10E94AE32812F0E9419
:10D61000B7978AE00E94A732F8A5F093C90DA996A2
:10D620000FB6F894DEBF0FBECDBFDF91CF911F9133
:10D630000F91FF90EF90DF90CF90BF90AF909F90B1
:10D640008F907F906F905F904F903F902F900895B4
:10D650008B36910509F48EC58C36910509F4BDCB46
:10D66000A5CB8337910509F4B5C608F057C08037BC
:10D67000910509F4B2CB08F042C08E36910509F449
:10D6800084C58F36910509F091CB83E50E94981FE0
:10D69000882321F00E94A8218093AB0E0E94F434CD
:10D6A00089E792E10E94AE328091AB0E882309F4A3
:10D6B0007FC510E000E020E08091AB0E90E0002EEE
:10D6C00002C0959587950A94E2F780FF12C0FF2467
:10D6D000F394F20E222319F08CE20E94A732F80193
:10D6E000EE0FFF1FE359FD4E859194910E94AE32DB
:10D6F0002F2D0F5F1F4F06301105F1F64CC38137F8
:10D70000910509F458C58237910509F04FCB0F9464
:10D71000D11689E895E10E94FD9C5FCB8737910582
:10D7200009F48DC678F58537910509F45CC686370E
:10D73000910509F03BCB00915C0710915D0794E0E7
:10D74000F12C40E0915009F469C6D8018C91282F42
:10D750002B7F213409F05AC611962C91213309F000
:10D760005DC6813409F468C6853409F441E0980146
:10D770002E5F3F4F89012F5F3F4FD8018C91803240
:10D78000C9F3E0CF8837910509F45DC68937910563
:10D7900009F00CCB10923109109230090E94ACB5FF
:10D7A0001CCB8C3921E0920711F40C943B7808F0E3
:10D7B0002FC18D3D910511F40C94C07408F05BC02D
:10D7C0008B3C910509F4AFC6F8F48E3B910509F442
:10D7D0000EC540F48C38910509F0E8CA80E00E943B
:10D7E0003829FBCA883C910509F436C6893C910565
:10D7F00009F0DCCA8CE394E00E94431F811168C6E3
:10D8000081E00E943B37E9CA8E3C910509F492C73A
:10D8100090F48C3C910509F4B4C68D3C910509F057
:10D82000C5CA8AE394E00E94431F8111FDC681E0CE
:10D830000E949D36D2CA833D910509F4A9C78C3D4B
:10D84000910509F0B3CA00915E0710915F07E0905F
:10D850005202F0905302D8018C91882311F40C9459
:10D860009774B7018DEF93E10E94D5388AEF93E169
:10D870000E94AE32B2CA8F32A1E09A0711F40C9422
:10D88000537608F0A6C08C32E1E09E0711F40C94A8
:10D890008B7508F06FC0823E910511F40C941875D9
:10D8A0008232914009F082CA8AE50E94981F88233B
:10D8B00011F40C9468750E94002220E030E040E0F2
:10D8C00050EC0F94A636C12CD12CE12C00ECF02E9C
:10D8D00087FD13C00E94002220E030E040E050E4C9
:10D8E0000F94EA3FC12CD12CE12C10E4F12E181634
:10D8F00024F00E9400226B017C012091690F30917D
:10D900006A0F40916B0F50916C0FC701B6010F94D5
:10D910000C370F94F63ECB010F94571461E080E56D
:10D920000E94D821882311F40C946E75A7019601EA
:10D9300060915A1570915B1580915C1590915D1501
:10D940000F948A3D60935A1570935B1580935C1514
:10D9500090935D150E94F43440915A1550915B15D7
:10D9600060915C1570915D158DE394E10E944436E1
:10D970000C946E758D3231E0930711F40C94A175FF
:10D980008E32914009F012CA83E50E94671F182F5A
:10D99000882369F00E94ED219C01909312028093EC
:10D9A000110291E0232B09F090E09093C60780E5E7
:10D9B0000E94671F882311F40C9431762091110284
:10D9C00030911202232B11F00E94C8218093C607C8
:10D9D00004CA8139B1E09B0711F40C94957668F480
:10D9E0008033F1E09F0711F40C94E9758039914080
:10D9F00009F0DCC90E943CABF0C9823931E09307E1
:10DA000011F40C94AF768A39914009F4E6C9CEC975
:10DA10008F34B2E09B0711F40C943B7808F05CC0A3
:10DA2000843FF1E09F0711F40C94367730F5843A87
:10DA300031E0930711F40C94B77690F48D3991404E
:10DA400009F0B4C983E50E94671F882311F40C9480
:10DA5000127A0E94C82180937E0E0E942F28BDC991
:10DA6000853AE1E09E0711F40C94BB768C3A914024
:10DA700009F09CC90E94FC33B0C9873F21E092079E
:10DA800011F40C943E7768F4853FA1E09A0711F4F5
:10DA90000C943A77863F914009F088C90E94BBB543
:10DAA0009CC9883FE1E09E0711F40C9420788C30EB
:10DAB000924009F07BC91091571712FD02C00C94D7
:10DAC000337817FF02C00C9433780E94692F80FBD3
:10DAD00017F91093571781C98C3623E0920709F480
:10DAE0007CC990F58D3BA2E09A0711F40C94C378A1
:10DAF000A8F48835E2E09E0711F40C943F788B354A
:10DB0000924009F053C98AE494E00E94431F8111B6
:10DB10000C94437881E00E941A3C5FC98E3B22E05E
:10DB2000920711F40C94C7788335934009F03EC9ED
:10DB300082E494E00E94431FF82E81110C94CB786C
:10DB400081E00E94EA3B49C9873EA3E09A0711F4AD
:10DB50000C94027AB8F48438E3E09E0711F40C9434
:10DB60009F79803A934009F021C920915C07309158
:10DB70005D0790915717926090935717C9010E94C3
:10DB800095CC2BC9883E23E0920711F40C94177AA8
:10DB9000893E934009F00AC90E943CAB8091571717
:10DBA000877F8B7F8093571780914D1781110C943D
:10DBB0001B7A0E9427280E9464F10E943FB76D33B0
:10DBC00071058105910520F08EE396E10E94947A1B
:10DBD0008AE396E10E94947A80E197EA9093B407F1
:10DBE0008093B30786E296E10E94AE3282E296E12C
:10DBF0000E94947AF2C881E791E10E9477C085CBB8
:10DC0000809161079091620769E671E1892B11F4B7
:10DC100061E671E130E020E042E658E382E00E94F4
:10DC2000A4339ACB8DE394E00E94431F882359F1DB
:10DC300085E40E94671F882361F0809155079091C9
:10DC40005607892B21F00E94ED21811102C00E940C
:10DC5000159E9BEBE92E93E0F92E10E0D7016D9114
:10DC60007D01062E000C770B80915E0790915F0777
:10DC70000F94D840892B19F0812F0E94539E1F5F6B
:10DC8000133061F7AAC860E084E891E10E949BBB71
:10DC900080E00E94539E81E00E94539E82E00E9499
:10DCA000539E0E94159E99C88091571784FF24C0E7
:10DCB0008CE991E10E94AE328091571784FF17C022
:10DCC00087E797E10E9469948BE1E7E7F7E1DE01DE
:10DCD000119601900D928A95E1F770E060E0CE0117
:10DCE00001960F94E222CE0101960E9457288DE8FA
:10DCF00091E10E94AE3271C80E94F4348DEA91E144
:10DD00000E94AE326AC80E940AC667C880915C074A
:10DD100090915D07FC012191222331F02032D9F747
:10DD2000DF0111971C92F7CF60E00E94E8CC1092BF
:10DD3000B4071092B30751C80E94EF324EC88091C9
:10DD4000571784FF4AC883E50E94981F882309F467
:10DD500044C80E948A210E94351F3FC863E470E0D6
:10DD600080915E0790915F070F94D840892BE1F076
:10DD700081EC91E10E94AE328091BE18882379F047
:10DD8000BE016F5F7F4F8BEB98E10E947F93CE01C6
:10DD900001960E94FDF08AE00E94A7321EC887EB20
:10DDA00091E10E94AE32F7CF8091571782FD04C0F7
:10DDB0000E94772F882309F1C0905317D0905417F1
:10DDC000E0905517F090561781EE91E10E94AE3227
:10DDD000C701B6010F94EC108FE20E94A732609148
:10DDE0004F177091501780915117909152170F94BF
:10DDF000EC100E94F7F00C94ED6680ED91E10E942A
:10DE0000AE320C94ED66809157178E7F8093571732
:10DE10000C94ED668091571784FD02C00C94ED665A
:10DE20000F943F1780915C0790915D070E9474C624
:10DE30000C94ED668091571782FF03C087FF0E9404
:10DE40003CAB8091571784FD02C00C94ED6660E0F6
:10DE500080E50E94D821182F682F80915C0790914F
:10DE60005D070E94E8CC83E50E94981F882321F07B
:10DE70000E948A210E94351F0E947D8C11110C94F2
:10DE8000ED660E948F2F0C94ED66A114B10489F009
:10DE9000EF92FF927F936F936F927F92BF92AF92B8
:10DEA0008BE092E19F938F931F930F930F943D36D6
:10DEB00010CBCD2879F0EF92FF927F936F936F9202
:10DEC0007F928FEF91E19F938F931F930F930F9406
:10DED0003D36FFCA892B69F0EF92FF927F936F93D3
:10DEE00087EF91E19F938F931F930F930F943D368C
:10DEF000F0CAEF92FF9283EF91E19F938F931F936C
:10DF00000F930F943D360F900F900F900F900F903E
:10DF10000F90E4CA6DE070E080E50E94F1218C0171
:10DF200097FF02C00C94ED66D82E60E089E40E9451
:10DF3000D82181110DC0E8E1F4E18EE294E1249151
:10DF4000D21611F40C94567A31968E179F07B9F7B2
:10DF500084E50E94981FF82E8823B9F00E94A8211A
:10DF6000813071F040F0823009F184E592E10E9445
:10DF7000AE320C94ED6660E0802F0E9471EF05C018
:10DF800061E0802F0E9471EFF12C83E50E94981FC1
:10DF9000882311F40C94ED660E94A821E82EB9E0C4
:10DFA000DB1206C080937A0E0C94ED6662E0E4CF3B
:10DFB000FF2031F08CE392E10E94AE320C94ED66CA
:10DFC00061E0802F0E9471EF6E2D802F0E9443EF41
:10DFD000F12CE114F10431F460E0802F0E9443EF52
:10DFE0000C94ED66EFEFEE16F10431F461E0802F52
:10DFF0000E9443EF0C94ED66602FCE0101960E94C3
:10E00000932F8989882309F470C0E981FA818F856B
:10E010002889811129C0608130E083E090E0AC0163
:10E02000421B530B440F551F042E01C0880F0A9446
:10E03000EAF78095862362E070E001C0660F4A959A
:10E04000EAF7862B8083F9013396EE0FFF1F21E05C
:10E0500030E02C0F3D1FE20FF31F0190F081E02D07
:10E06000F182E0820C94ED669A8991110C94ED6630
:10E07000AFEFB0E0823029F0AD85BE850D90BC9148
:10E08000A02D608130E083E090E0AC01421B530B97
:10E09000440F551F042E01C0880F0A94EAF780959B
:10E0A000862362E070E001C0660F4A95EAF7862B8E
:10E0B00080832D5F3F4F220F331F81E090E08C0F54
:10E0C0009D1F280F391FF9010081118197010F94BD
:10E0D0003E3D2FEF30E040E050E00F94EA3CD801A5
:10E0E00011963C932E930C94ED6661E0BFE7EB161E
:10E0F000F10408F460E0802F0E9443EF0C94ED6679
:10E100000E948F2F0C94ED660E945CBB0C94ED6610
:10E1100080E00E9400510C94ED6681E00E94005165
:10E120000C94ED6660E080E50E94BC2181110C94A6
:10E13000ED6661E470E080915E0790915F070F9457
:10E14000D84060917A0E062F892B11F40FEF10E062
:10E1500083E50E94981F882349F00E948A218B0141
:10E160006F3F710519F010F00FEF10E000937A0E79
:10E170000C94ED6660E080E50E94BC2181110C9456
:10E18000ED6610927A0E0C94ED668EE40E94981F54
:10E19000882311F40C94ED660E948A216093381054
:10E1A0007093391080933A1090933B100C94ED6665
:10E1B00089E692E1F6CD83E50E94981F882369F0F5
:10E1C0000E94A8218D3320F480930A020C94ED66FE
:10E1D0008CE380930A020C94ED660E94F434609103
:10E1E0000A0280E892E10E946E3E0C94ED6681E0A6
:10E1F0000E9438290C94ED660E9488AC10927A0E29
:10E200000E94549C0E94EAC068EE73E080E090E0B7
:10E210000E94072F60E087E892E10E949BBB0E946A
:10E220001E1F0C94ED6680915B078F7D806180934B
:10E230005B070C94ED6680915B078F7E8062809314
:10E240005B070C94ED668DE394E00E94431F8823E6
:10E2500019F10E943CAB85E40E94671F81110E9466
:10E260000D9EBBEBEB2EB3E0FB2E10E0D7016D91C2
:10E270007D01062E000C770B80915E0790915F0761
:10E280000F94D840892B19F0812F0E941C9E1F5F8C
:10E29000133061F70C94ED660E9488AC0C94ED6627
:10E2A0000E94FD3487FF02C00C94ED668DE394E07C
:10E2B0000E94431F882309F488C0FBEBCF2EF3E0B4
:10E2C000DF2EADE4EA2EAFE0FA2E10E0F6018191E8
:10E2D0006F010E94981F882359F0133099F00E9413
:10E2E0000022D70154966D937D938D939C935797FD
:10E2F0001F5FB4E0EB0EF11C143041F70E9418AB25
:10E300000C94ED660E9400224B015C0120E030E09D
:10E3100040EA51E40F94A63687FF4EC0A501940150
:10E3200060916D0F70916E0F80916F0F9091700FD3
:10E330000F94843E2B013C01AC019B016091AB0921
:10E340007091AC098091AD099091AE090F940C3792
:10E350006093AB097093AC098093AD099093AE09BB
:10E36000A301920160917D0F70917E0F80917F0FCC
:10E370009091800F0F940C3760937D0F70937E0FF8
:10E3800080937F0F9093800F60918F097091900917
:10E3900080919109909192090F94AB36A30192015B
:10E3A0000F940C370F94FD3E60938F097093900982
:10E3B000809391099093920980926D0F90926E0FC5
:10E3C000A0926F0FB092700F93CF81E00F948F17D0
:10E3D0000C94ED668AE992E10E94AE328AE00E94D6
:10E3E000A7320C94ED6680915C0790915D070097D1
:10E3F00049F0FC012081222329F061E00E945DCCDC
:10E400000C94ED660F9432140C94ED66803531F463
:10E41000F801818180538A3008F4A9C941110E9412
:10E42000F434FF2021F088E993E10E94AE32C80164
:10E430000E9459CC0C94ED66FF24F39498C90E9475
:10E4400039B50C94ED6681E08093310980933009F1
:10E450000E94ACB50C94ED6681E394E00E94431FEA
:10E46000811105C081E00E9475370C94ED660E9411
:10E47000FD34182F87FF02C00C94ED660091E3076E
:10E4800084E40E94981FF82E8823B1F00E94002295
:10E490004B015C0120E030E0A9010F94A6368823EF
:10E4A000A9F0B4E01B02F0011124E152F84F808280
:10E4B0009182A282B3820F2D602F83E50E94D82122
:10E4C0008093E3070E9411AD0C94ED6680E0F8CFD5
:10E4D0000E94FD3487FF02C00C94ED660BEB13E045
:10E4E0007DE4E72E7FE0F72EEFEBCE2EE3E0DE2E8D
:10E4F000F80181918F010E94981F882361F00E948A
:10E5000000220F94FD3ED7016D937D938D939C93D4
:10E5100013970E94CAAAB4E0EB0EF11CC016D106F4
:10E5200039F70C94ED668CE394E00E94431F81114F
:10E5300005C081E00E9411370C94ED660E94FD3405
:10E5400087FF02C00C94ED666BEBE62E63E0F62EBF
:10E5500010E000E0F70181917F010E94981F88235D
:10E5600049F00E940022F801E35BF04F64A375A319
:10E5700086A397A30C5F1F4F0031110559F70C9428
:10E58000ED6685E394E00E94431F811105C081E0A0
:10E590000E94EF360C94ED6683E50E94981F882355
:10E5A00091F00E9400226093810F7093820F8093FC
:10E5B000830F9093840F6093890F70938A0F8093D9
:10E5C0008B0F90938C0F80E50E94981F882351F049
:10E5D0000E9400226093810F7093820F8093830FBB
:10E5E0009093840F82E50E94981F882351F00E9427
:10E5F00000226093850F7093860F8093870F90930E
:10E60000880F84E50E94981F882311F40C94ED660E
:10E610000E9400226093890F70938A0F80938B0F62
:10E6200090938C0F0C94ED6682E40E94981F8823CF
:10E6300051F00E94032160935D0F70935E0F8093F1
:10E640005F0F9093600F83E50E94981F882351F01D
:10E650000E94002260938D0F70938E0F80938F0F16
:10E660009093900F84E50E94981F882351F00E9498
:10E6700000226093910F7093920F8093930F909369
:10E68000940F88E50E94981F882351F00E94002271
:10E6900060939F097093A0098093A1099093A209A8
:10E6A00089E50E94981F882351F00E940022609300
:10E6B000A3097093A4098093A5099093A6098AE5FC
:10E6C0000E94981F182F882351F00E940022609307
:10E6D000A7097093A8098093A9099093AA0985E4D2
:10E6E0000E94981F882351F00E9400226093AB097A
:10E6F0007093AC098093AD099093AE09112311F486
:10E700000C94ED662DEC3CEC4CEC5DE36091A709BC
:10E710007091A8098091A9099091AA090F94A63631
:10E72000181614F40C94ED668BE993E10E94AE3256
:10E730000C94ED66E0915E07F0915F0780814BEBF2
:10E74000C42E43E0D42E54E3E52E59E0F52E10E01C
:10E75000882329F081E00E9449360C94ED66D601A9
:10E760008D916D010E94981F882351F00E94002214
:10E77000F7016083718382839383812F0E941BB092
:10E780001F5FF4E0EF0EF11C133049F70C94C468DE
:10E7900083E50E94671F882331F00E94C82180937F
:10E7A0002E020C94ED666CEE73E181E00F94361747
:10E7B00060912E02605D83EE93E10E94CF328FED77
:10E7C00093E10E94AE3280912E020E94D933409094
:10E7D000AA0F5090AB0F6090AC0F7090AD0F2091CE
:10E7E0003002309131024091320250913302C30124
:10E7F000B2010F948A3D6C8F7D8F8E8F9F8F80909A
:10E80000AE0F9090AF0FA090B00FB090B10F2091CD
:10E810003402309135024091360250913702C501E1
:10E82000B4010F948A3D68A379A38AA39BA3C090E7
:10E83000B20FD090B30FE090B40FF090B50F2091CD
:10E8400038023091390240913A0250913B02C7019F
:10E85000B6010F948A3D6CA37DA38EA39FA3209144
:10E860003C0230913D0240913E0250913F02C30173
:10E87000B2010F948A3D2B013C012091400230915E
:10E8800041024091420250914302C501B4010F94EC
:10E890008A3D4B015C012091440230914502409138
:10E8A000460250914702C701B6010F948A3D6B01A1
:10E8B0007C011D861E861F86188A8C8D9D8DAE8DCF
:10E8C000BF8D89839A83AB83BC8388A199A1AAA1B8
:10E8D000BBA18D839E83AF83B8878CA19DA1AEA180
:10E8E000BFA189879A87AB87BC8745ED53E167ED68
:10E8F00073E1CE0101960E94E3371D861E861F86B6
:10E90000188A49825A826B827C828D829E82AF8273
:10E91000B886C986DA86EB86FC8650E040E06DEC6E
:10E9200073E1CE0101960E94E3370C94ED6662E537
:10E9300070E0C8010F94D840892B41F080910F02FC
:10E9400090911002909353028093520262E470E01F
:10E95000C8010F94D840892B21F0F0921002E09268
:10E960000F0283E50E94981F882311F40C94ED6632
:10E970000E94ED2190935302809352020C94ED6615
:10E980000E94FD34082F87FF02C00C94ED6683E5DA
:10E990000E94981F002E000C110B7801EE0CFF1C3A
:10E9A000882361F10E94ED21F701E45BFD4F918323
:10E9B0008083000F111F000F111FF801E85BFD4F4E
:10E9C0007F01BC01990F880B990B0F94AD362AE09B
:10E9D00037ED43E25CE30F940C37F801E556F64F50
:10E9E00020813181428153810F940C37D7016D937F
:10E9F0007D938D939C9313970C94ED660E94F43451
:10EA000085E40E94A73280E3800F0E94A732F701BD
:10EA1000E45BFD4F6081718181E094E10E94D53813
:10EA200085E20E94A7328AE00E94A7320C94ED662C
:10EA300080E50E94671F882311F40C94ED6670E056
:10EA400060E080E50E94F121F82E6FEF7FEF83E513
:10EA50000E94F1218C010196039710F00C94ED6651
:10EA6000F7FE02C00C94ED66E8E1F4E18EE294E179
:10EA70002491F21609F41AC531968E179F07C1F733
:10EA80000E943CAB60E08F2D0E9471EF0F3F10079A
:10EA900031F001301105C9F010E000E00AC08F2DFF
:10EAA0000E941AEF31E020E0892B09F030E0032FBB
:10EAB000122F8F2D0E941AEF8017910711F40C94DA
:10EAC000ED6680E00E94FF58F4CF01E010E0F1CF46
:10EAD00083E50E94981F81110C945B6C82E494E0A2
:10EAE0000E94431F811110C00E94F43440915A15B6
:10EAF00050915B1560915C1570915D158EE294E10B
:10EB00000E9444360C94ED6682E50E94671F8111D5
:10EB1000EBCF0C94ED6664E071E083E50E949A21EE
:10EB20008C0168EE73E080E50E949A218938B3E198
:10EB30009B0710F088E893E1B8010E94C7D70C94B6
:10EB4000ED6686E494E00E94431F811105C081E0D8
:10EB50000E940A360C94ED6680E50E94981F882377
:10EB600051F00E94002260934615709347158093E0
:10EB700048159093491589E40E94981F882381F0D5
:10EB80000E9400222CEA35EC47E25EE30F940C373A
:10EB900060934A1570934B1580934C1590934D15C7
:10EBA00084E40E94981F882381F00E9400222CEAAE
:10EBB00035EC47E25EE30F94843E60934E1570930C
:10EBC0004F1580935015909351150E9464230C9417
:10EBD000ED6686E494E00E94431F811105C081E048
:10EBE0000E946B360C94ED6680E50E94981F882386
:10EBF00051F00E94002260931A1570931B158093A8
:10EC00001C1590931D1589E40E94981F882381F09C
:10EC10000E9400222CEA35EC47E25EE30F940C37A9
:10EC200060931E1570931F158093201590932115E6
:10EC300084E40E94981F882311F40C94ED660E94CE
:10EC400000222CEA35EC47E25EE30F94843E6093A9
:10EC500022157093231580932415909325150C94F9
:10EC6000ED6611110C94ED660E94F43488E694E18F
:10EC70000E94AE328091C607882391F080E594E12E
:10EC80000E94AE32609111027091120287E594E108
:10EC90000E94D53883E594E10E94AE320C94ED6673
:10ECA0008CE494E1EDCF70E060E085E40E94F12116
:10ECB000F82EEFEF8E17B1F1882361F080EA94E12E
:10ECC0000E94AE3288E894E10E94AE320F94F314B1
:10ECD0000C94ED6604EB10E083E40E94981FB5E00D
:10ECE000EB2E882319F00E94ED21E82E83E50E9487
:10ECF000981F882319F00E94ED218C0160E085E5C2
:10ED00000E94D821D82E60E08BE794E10E949BBB43
:10ED10002D2D4E2D6F2DC8010E94F4D70F94321463
:10ED20000C94ED6606E410E0D7CF68E470E08091C3
:10ED30005E0790915F070F94D8408C0183E50E9495
:10ED4000671F012B11F00C94ED6681110C94ED6698
:10ED500081E00E94BCCF0E94FFB30C94ED660E943C
:10ED60006E230E9413210E94FFB30C94ED660E9453
:10ED7000D04B0C94ED666FEF7FEF89E40E94F12198
:10ED8000082F6FEF7FEF8AE40E94F121182F8AE5A8
:10ED90000E94981FD12C811107C081E50E94981F05
:10EDA000D82E882309F48AC3C02E81E0800F8730D3
:10EDB00008F054C0912E81E0810F873008F04EC0DA
:10EDC0000E9400222B013C01F02E07FDF12C07FFD1
:10EDD00002C0A5E0CA2E812E17FD812C17FF02C0AC
:10EDE000F5E09F2EE6E03E2ECF14A0F1E82C3F9CEC
:10EDF000500111249E1460F10E2D10E020E030E04F
:10EE0000A901DD2069F0F501E00FF11FEE0FFF1FF2
:10EE1000EE0FFF1FE454F14F208131814281538175
:10EE20000A0D1B1D000F111F000F111F0454114F5D
:10EE3000C301B2010F948A3DD8016D937D938D93E8
:10EE40009C9313976E2D8F2D0F94BC17E394D2CF04
:10EE5000F394CACF0E94E52D0C94ED660E94F8331E
:10EE60008DEC94E10E94AE320C94ED660E94DDBB05
:10EE70000C94ED660E944CCB0C94ED6661E083E54A
:10EE80000E94D82111E0182741E060E975E1812F47
:10EE90000E942835812F0E94F83488E895E10E946D
:10EEA000AE328DE996E10E94E23841E066E775E115
:10EEB000812F0E942835812F0E94F83489E595E141
:10EEC0000E94AE32812F0E947537812F0F948F17C9
:10EED000812F0E941137812F0E943B37812F0E9482
:10EEE000EF36812F0E949D36812F0E9449366CEFAC
:10EEF00074E1812F0F9436170091A20E83EF94E1F5
:10EF00000E94AE32802F0E9471234091A30E509137
:10EF1000A40E6091A50E7091A60E88E29AE30E945D
:10EF20005A3586EE94E10E94AE328091A20E0E9484
:10EF3000D9330E9483298823A1F15CEBC52E5EE0C2
:10EF4000D52E00E05601F12C812F0E94F8348FE479
:10EF500095E10E94AE328F2D0E940F978CE495E1CF
:10EF60000E94AE32802F0E940F9788E29AE30E949F
:10EF7000AE32F501608171818281938145E00E940A
:10EF800015978AE00E94A732F394F8E1AF0EB11C06
:10EF900026E0F212D9CF0F5F34E0C30ED11C063049
:10EFA00089F6812F0E940A36812F0E946B36812FAD
:10EFB0000E94E533812F0E94EA3B41E067E175E161
:10EFC000812F0E942835812F0E94F83440919709A3
:10EFD000509198096091990970919A098EE095E194
:10EFE0000E944436812F0E941A3C65E375E1812F0F
:10EFF0000F9436171091AF098CE295E10E94AE3262
:10F00000812F0E9471234091ED075091EE0760918E
:10F01000EF077091F00789E295E10E945A3510914F
:10F02000F20786E295E10E94AE32612F70E090E037
:10F0300080E00F94BE138AE00E94A7320C94ED6624
:10F0400081E08093E4070E9440CB1092E40788237C
:10F0500011F40C94ED660E94F4348DE995E10E9460
:10F06000AE320C94ED6614FD02C00C94ED660F9464
:10F070003F170C94ED660E946B350C94ED660E9470
:10F0800044630C94ED660E94FD34082F87FF02C094
:10F090000C94ED6685E50E94981F882359F10E9423
:10F0A00000224B015C01E02E002E000CFF0820E046
:10F0B00030E0A9010F94EA3F87FF04C0B7FAB0948B
:10F0C000B7F8B09420E030E84BE354E4C501B40154
:10F0D0000F94EA3F970143E0220F331F4A95E1F76F
:10F0E0002952384F1816D4F1D9018D929D92AD92C4
:10F0F000BC9213978CE40E94981F882311F40C94FF
:10F10000ED660E9400226B017C01002E000C110BA9
:10F1100020E030E0A9010F94EA3F87FF04C0F7FA2E
:10F12000F094F7F8F09420E030E84BE354E4C701A2
:10F13000B6010F94EA3F980193E0220F331F9A958E
:10F14000E1F72952384F18169CF0D9011496CD9248
:10F15000DD92ED92FC9217970C94ED6680E090E8BA
:10F16000ABE3B4E4F90180839183A283B383C2CF7C
:10F1700080E090E8ABE3B4E4F90184839583A6834F
:10F18000B7830C94ED660E94D15E0C94ED660E94EC
:10F190006C600C94ED6620905215309053150091E0
:10F1A0005415109155154090561550905715609074
:10F1B0005815F0915915FC8F80905A1590905B1559
:10F1C000A0905C15B0905D1588E50E94981FC82E30
:10F1D000882351F10E940022762ED72E7C0120E058
:10F1E00030E046E953EC0F94EA3F87FD0CC020E085
:10F1F00030E046E953E4672D7D2DC7010F94A63614
:10F2000018160CF06FC06CE271E085EE95E10E947B
:10F21000D5386CE271E080EE95E10E94D5388DED35
:10F2200095E10E94AE32F12C89E50E94981F882357
:10F2300061F10E940022762EC72ED82EE92E20E002
:10F2400030E046E953EC0F94EA3F87FD0DC020E023
:10F2500030E046E953E4672D7C2D8D2D9E2D0F94D3
:10F26000A63618160CF043C06CE271E08AEC95E10A
:10F270000E94D5386CE271E085EC95E10E94D538AA
:10F2800082EC95E10E94AE32F12C8AE50E94981F33
:10F29000882391F10E9400224B015C0120E030E0C4
:10F2A00040E151EC0F94EA3F87FD0AC020E030E0D6
:10F2B00040E151E4C501B4010F94A6361816E4F4F8
:10F2C00067EF7FEF80EB95E10E94D53869E070E051
:10F2D0008BEA95E10E94D53888EA95E10E94AE322A
:10F2E0000C94ED66272C3D2C8701FC2C9DCF472CE0
:10F2F0005C2C6D2CEC8EC9CFFF2011F40C94ED66C4
:10F30000C101D8018093521590935315A0935415C1
:10F31000B0935515C201A62DBC8D809356159093C0
:10F320005715A0935815B093591580925A1590927D
:10F330005B15A0925C15B0925D150C94ED66A090E3
:10F340009709B0909809C0909909D0909A098BE4D8
:10F350000E94981F882339F10E9400227B018C01B2
:10F3600020E030E0A9010F94EA3F87FD0AC020E0C9
:10F3700030E040E251E4B701C8010F94A6361816F8
:10F38000A4F48FE30E94A7328BE40E94A73283E0AB
:10F3900096E10E94AE328BEF95E10E94AE3288EF8B
:10F3A00095E10E94AE32750186019701A801B50171
:10F3B000C6010F94A636882361F00E943CABC701BA
:10F3C000D8018093970990939809A0939909B093D5
:10F3D0009A09E0915E07F0915F078081882311F41C
:10F3E0000C94ED660E94F43440919709509198096D
:10F3F0006091990970919A0987E196E10E944436DB
:10F400000C94ED6683E08093800910927C1260E09A
:10F4100083E50E94D82181110C94ED660F94791632
:10F420000C94ED6681E00E94E5330C94ED660E9439
:10F43000067B0C94ED660E9480F181110C94ED66C0
:10F440000C94D96D109161074091AB0E45FB442798
:10F4500040F96AE476E1CE0101960E941938809164
:10F46000AB0E85FF10C085E496E10E94AE32612F9D
:10F47000012E000C770B880B990B0F94BE1382E4BE
:10F4800096E10E94AE320E9448F060938D12709314
:10F490008E1280938F1290939012812F0F94CC2212
:10F4A000CE0101960E9410380C94ED660E94F8334C
:10F4B00089E094E10E94AE320C94ED660E94F8332C
:10F4C0008DEA94E10E94AE320C94ED66DF92EF92E9
:10F4D000FF920F931F93CF93DF93EC01E090980F6F
:10F4E000F090990F8AE0D82E6AE070E0CE010F9478
:10F4F000D8408C01009711F0FC011082CE010E94CF
:10F50000472281E00E9418650115110519F0E801F4
:10F51000D992EACFC701DF91CF911F910F91FF9050
:10F52000EF90DF900C9447224F925F926F927F9200
:10F530008F929F92AF92BF92CF92DF92EF92FF9203
:10F540000F931F93CF93DF93CDB7DEB77C014DB6FA
:10F550005EB66090980F7090990F8DB69EB66AE077
:10F5600070E0C7010F94E1356C018C010E191F0981
:10F57000892B21F4C7010F94F3358C01C801019642
:10F580002DB73EB7281B390B0FB6F8943EBF0FBE00
:10F590002DBF8DB79EB701965C01A801B7010F94EE
:10F5A0001436F501E00FF11F1082C5010E944722B9
:10F5B00081E00E941865C114D10451F076019FEFDB
:10F5C000E91AF90A0FB6F8949EBE0FBE8DBEC5CFDC
:10F5D0000FB6F8949EBE0FBE8DBEC3010E94472297
:10F5E0000FB6F8945EBE0FBE4DBEDF91CF911F9156
:10F5F0000F91FF90EF90DF90CF90BF90AF909F90D2
:10F600008F907F906F905F904F9008952F923F92D0
:10F610004F925F926F927F928F929F92AF92BF9222
:10F62000CF92DF92EF92FF920F931F93CF93DF93CE
:10F63000CDB7DEB7C659D1090FB6F894DEBF0FBEFD
:10F64000CDBF0E9445288823B9F1E0905E07F09075
:10F650005F0763E570E0C7010F94D840892B09F478
:10F6600045C081E890E10E94E2388EEF8093B107B7
:10F670001092AF0781E09AE59093DA168093D9163D
:10F680008CE490E09093DC168093DB1687E0809307
:10F69000CD1682E88093D01684E890E0A0E0B0E038
:10F6A0008093D1169093D216A093D316B093D4160C
:10F6B0008DE796E10E94A730CA56DF4F0FB6F89447
:10F6C000DEBF0FBECDBFDF91CF911F910F91FF9095
:10F6D000EF90DF90CF90BF90AF909F908F907F90F2
:10F6E0006F905F904F903F902F90089563E470E08B
:10F6F000C7010F94D840892B39F00E9427280E9417
:10F7000064F10E94A9C0D8CF40906F0E5090700E47
:10F710006090710E7090720E8091780E81FF05C01E
:10F720009091AB0E98609093AB0E82FB882780F986
:10F730008093C60786E790E10E94947A8091FF0D3E
:10F740009091000E9E012F5F3F4F7901009799F035
:10F750009F938F938EE690E19F938F933F932F9388
:10F760000F943D36C7010E94667A0F900F900F905C
:10F770000F900F900F908091FD0D9091FE0D843BA6
:10F78000910514F484EB90E09F938F9386E690E1CB
:10F790009F938F93FF92EF920F943D36C7010E9483
:10F7A000667A9091D30DCF56DF4F9883C159D040E0
:10F7B0002091D40DCE56DF4F2883C259D0403091CE
:10F7C000D50DCD56DF4F3883C359D0408091D60D2B
:10F7D000CC56DF4F8883C459D0402091DD0D309145
:10F7E000DE0D4091DF0D5091E00D692FCE56DF4FB9
:10F7F0007881C259D040CD56DF4F8881C359D0405F
:10F80000CC56DF4F9881C459D0400F948A3D962E34
:10F81000872E382E292E8EE590E10E94947A8091D1
:10F82000780E0F900F900F900F900F900F9080FD1B
:10F83000D8C1CF56DF4FA880C159D040CE56DF4F38
:10F84000B880C259D040CD56DF4FC880C359D04090
:10F85000CC56DF4FD880C459D0408E010F571F4F70
:10F8600023E041E0B501C6010F9473319F938F935C
:10F8700085E590E19F938F93FF92EF920F943D3631
:10F88000C7010E94667A0F900F900F900F900F9013
:10F890000F909501A601692D782D832D922D0F943F
:10F8A000EA3F1816FCF423E041E0692D782D832D02
:10F8B000922D0F9473319F938F938BE490E19F93DC
:10F8C0008F93FF92EF920F943D36C7010E94667AA4
:10F8D0000F900F900F900F900F900F90A92CB82CB5
:10F8E000C32CD22C83E490E10E94947A87E0809329
:10F8F000A70E8093C5076091020E7091030E809150
:10F90000040E9091050E8E010F571F4F21E041E02C
:10F910000F9473319F938F938091780E83FB882788
:10F9200080F9CB56DF4F8883C559D040CA56DF4F88
:10F930001882C659D040CB56DF4F88819981C5596E
:10F94000D040C0969F938F9388E390E19F938F93CD
:10F95000FF92EF920F943D36C7010E94667A21E034
:10F9600041E0B501C6010F9473319F938F938FE2ED
:10F9700090E19F938F93FF92EF920F943D36C701D2
:10F980000E94667A8091780E0FB6F894DEBF0FBEA3
:10F99000CDBF84FF1FC06091F90D7091FA0D809169
:10F9A000FB0D9091FC0D23E041E00F9473319F9388
:10F9B0008F9387E290E19F938F93FF92EF920F9442
:10F9C0003D36C7010E94667A0F900F900F900F90FE
:10F9D0000F900F908091FD0D9091FE0D009799F082
:10F9E0009F938F938FE190E19F938F93FF92EF927C
:10F9F0000F943D36C7010E94667A0F900F900F90CA
:10FA00000F900F900F908091010E8823A1F01F920C
:10FA10008F931F921F9284E190E19F938F93FF92A7
:10FA2000EF920F943D36C7010E94667A0FB6F894A4
:10FA3000DEBF0FBECDBF6091CF0D7091D00D809114
:10FA4000D10D9091D20D8E010F581F4F23E041E050
:10FA50000F947331D82EC92E6091CB0D7091CC0DBF
:10FA60008091CD0D9091CE0D005F1F4F23E041E0BE
:10FA70000F947331CF92DF929F938F9386E090E142
:10FA80009F938F93FF92EF920F943D36C7010E9490
:10FA9000667A23E041E0CF56DF4F6881C159D040FC
:10FAA000CE56DF4F7881C259D040CD56DF4F888186
:10FAB000C359D040CC56DF4F9881C459D0400F94E1
:10FAC00073319F938F938CEF9FE09F938F93FF925F
:10FAD000EF920F943D36C7010E94667A8091DC0D4B
:10FAE0008F938091DB0D8F9386EF9FE09F938F9391
:10FAF000FF92EF920F943D36C7010E94667A6091A3
:10FB0000D70D7091D80D8091D90D9091DA0D23E029
:10FB100041E00F9473319F938F938DEE9FE09F93FD
:10FB20008F93FF92EF920F943D36C7010E94667A41
:10FB30008CE0E1EEFDE0A4E3B9E001900D928A953E
:10FB4000E1F78CE0EDEEFDE0A9EBB7E001900D925E
:10FB50008A95E1F780E00E941BB081E00E941BB013
:10FB600082E00E941BB08091770E80935B0781E05A
:10FB700080937E0E0E942F2886E09EE09F938F93B5
:10FB800084E39EE29F938F93FF92EF920F943D3612
:10FB90000FB6F894DEBF0FBECDBFC7010E94667AD4
:10FBA0008091760E8F938091750E8F938091740E55
:10FBB0008F938091730E8F937F926F925F924F928B
:10FBC00081EE9FE09F938F93FF92EF920F943D36CB
:10FBD000C7010E94667A0FB6F894DEBF0FBECDBF94
:10FBE0006BCDA92CB82CC32CD22C37CE2F923F92A0
:10FBF0004F925F926F927F928F929F92AF92BF923D
:10FC0000CF92DF92EF92FF920F931F93CF93DF93E8
:10FC1000CDB7DEB7CB5CD1090FB6F894DEBF0FBE0F
:10FC2000CDBF4091AB0E45FB442740F969EA7DE02A
:10FC3000CE0181549F4F0E9419380E9448F0609372
:10FC40008D1270938E1280938F129093901261E5B3
:10FC500070E080915E0790915F070F94D8408C010F
:10FC6000892B01F58091AB0E85FD1CC060E083E41B
:10FC70000E94D821C553DF4F8883CB5CD040809150
:10FC8000A20E882391F160E08FE40E94D82188239E
:10FC900061F18091AB0E85FF09C08AE89DE00E946A
:10FCA000AE3204C00E94874D012B01F3CE01815476
:10FCB0009F4F0E941038C553DF4F0FB6F894DEBF38
:10FCC0000FBECDBFDF91CF911F910F91FF90EF90AD
:10FCD000DF90CF90BF90AF909F908F907F906F906C
:10FCE0005F904F903F902F9008956EE470E0809168
:10FCF0005E0790915F070F94D840892BE9F487E065
:10FD00000E94CCCD8111D2CF8091A20E888B009120
:10FD10005E0710915F0767E570E0C8010F94D84057
:10FD2000892B09F404C10E94832981110AC00E9411
:10FD3000F83382E79DE0B3CF84E89DE00E94947A97
:10FD4000DECF8AE50E94981F882339F10E940022A5
:10FD50002091B20F3091B30F4091B40F5091B50F75
:10FD60000F94893D6B017C0120E030E040E251ECD2
:10FD7000C701B6010F94EA3F87FD0AC020E030E0DA
:10FD800040E251E4C701B6010F94A636181674F488
:10FD90000E94F83385E69DE082CFC090A20FD090FC
:10FDA000A30FE090A40FF090A50FDECF40E050E04D
:10FDB00060EC7FE788E50E942E222091AA0F309107
:10FDC000AB0F4091AC0F5091AD0F0F94893D2B01BB
:10FDD0003C0140E050E060EC7FE789E50E942E2284
:10FDE0002091AE0F3091AF0F4091B00F5091B10FF5
:10FDF0000F94893D4B015C016FEF89E40E94BC21A7
:10FE0000182F6FEF8AE40E94BC21082FA3019201F2
:10FE1000C301B2010F947C40811156C0A501940129
:10FE2000C501B4010F947C4081114EC02091C707D9
:10FE30003091C8074091C9075091CA07C301B20168
:10FE40000F94893D2091CF073091D0074091D10781
:10FE50005091D2070F94843E20E030E040E05FE311
:10FE60000F948A3D0F94F63E162F2091CB073091C8
:10FE7000CC074091CD075091CE07C501B4010F9436
:10FE8000893D2091D3073091D4074091D5075091F7
:10FE9000D6070F94843E20E030E040E05FE30F940B
:10FEA0008A3D0F94F63E062F812F012E000C990BF0
:10FEB00097FD35C00697ACF5802F002E000C990BEE
:10FEC00097FD31C006978CF5163008F0EFCE06305E
:10FED00008F0ECCE80E00E94393826E01202F001F2
:10FEE0001124E00FF11D07FDFA95EE0FFF1FEE0F35
:10FEF000FF1FE454F14FC082D182E282F3820E945C
:10FF0000E52D602F812F0F94BC178889882309F471
:10FF1000CDCE81E00E9439380E94FFB3C7CE10E0F9
:10FF2000CBCF15E0C9CF00E0CFCF05E0CDCF6AE45D
:10FF300070E0C8010F94D840892B61F470E060E054
:10FF400086E50E94F1219A838983059730F080E449
:10FF50009DE0A5CE0E947838A9CE60E084E40E949E
:10FF6000D8218F8740E050E0BA018AE50E942E2216
:10FF70006BA77CA78DA79EA740E050E86BE376E4D3
:10FF800083E50E942E2220E030E040E752E40F9407
:10FF9000843E60934E0270934F0280935002909380
:10FFA000510200915E1510915F15F801C080D1805B
:10FFB000E280F38020E030E0A901C701B6010F9490
:10FFC0008A3DC953DF4F6883C75CD040C853DF4FB9
:10FFD0007883C85CD040C753DF4F8883C95CD0406A
:10FFE000C653DF4F9883CA5CD04020E030E040E247
:10FFF00051E40F94A63687FF16C0C953DF4F18820D
:020000021000EC
:10000000C75CD040C853DF4F1882C85CD040F0E2D4
:10001000C753DF4FF883C95CD04021E4C653DF4F9C
:100020002883CA5CD04020E030E84DE953E4C701A2
:10003000B6010F948A3DCE53DF4F6883C25CD04037
:10004000672ECD53DF4F8883C35CD040CC53DF4F46
:100050009883C45CD04020E030E041E953E40F9441
:10006000EA3F181694F4CE53DF4F1882C25CD0409A
:10007000612C31E9CD53DF4F3883C35CD04083E43A
:10008000CC53DF4F8883C45CD040F80184809580D6
:10009000A680B78020E030E0A901C501B4010F942B
:1000A0008A3D7B018C0120E030E040E751E40F9471
:1000B000A63687FF04C0E12CF12C00E711E420E014
:1000C00030E04BE953E4C501B4010F948A3DB62EEC
:1000D000C72ED82ECB53DF4F9883C55CD04020E08D
:1000E00030E84EE853E40F94EA3F18165CF4B12C64
:1000F000F0E8CF2EAEE8DA2EF3E4CB53DF4FF883EF
:10010000C55CD04088E40E94671F882309F43EC183
:100110000E9400220F94F63E1B0177FF02C06F5F22
:100120007F4F759567957195619571096A567F4FF7
:10013000072E000C880B990B0F94AD36762E872E68
:10014000982EA92E9701A8010F94EA3F181624F4BF
:10015000E72CF82C092D1A2DC953DF4F2881C75CD5
:10016000D040C853DF4F3881C85CD040C753DF4F01
:100170004881C95CD040C653DF4F5881CA5CD0402B
:10018000672D782D892D9A2D0F94EA3F1816A4F02B
:10019000C953DF4F7880C75CD040C853DF4F888099
:1001A000C85CD040C753DF4F9880C95CD040C6536D
:1001B000DF4FA880CA5CD040872D982DA92DBA2D7D
:1001C0008B8B9C8BAD8BBE8BC701D8018F8B988F8F
:1001D000A98FBA8FB101330C880B990B0F94AD36F0
:1001E0001B012C019701A8010F948A3D7B018C0112
:1001F0002B2D3C2D4D2DCB53DF4F5881C55CD0406E
:100200000F94A63687FF08C0BE2CCF2CD02ECB5320
:10021000DF4F1883C55CD040272D382D492D5A2D2E
:10022000C201B1010F948A3D7B018C01CE53DF4F97
:100230002881C25CD040362DCD53DF4F4881C35C4E
:10024000D040CC53DF4F5881C45CD0400F94A636C9
:1002500087FF10C0CE53DF4FE882C25CD0406F2CC6
:10026000CD53DF4F0883C35CD040CC53DF4F18839E
:10027000C45CD040CE53DF4F8881C25CD040962D05
:10028000CD53DF4FA881C35CD040CC53DF4FB88142
:10029000C45CD0408B8F9C8FAD8FBE8F8B2D9C2DDF
:1002A000AD2DCB53DF4FB881C55CD0408F8F98A365
:1002B000A9A3BAA3BE01695E7F4FCE0143960F94F6
:1002C0008618882309F4B1C0BE01615E7F4FCE015C
:1002D0004B960F948618882309F4A7C02F89388D70
:1002E000498D5A8D6F8D78A189A19AA10F94893D6E
:1002F00020E030E040EA50E40F94843E6B017C0142
:100300002B893C894D895E896B8D7C8D8D8D9E8D71
:100310000F94893D20E030E040EA50E40F94843EA1
:100320006BA37CA38DA39EA3CFA2D8A6E9A6FAA611
:1003300089819A811816190674F48FEF9CE00E9447
:10034000AE328F85882321F085EF9CE00E94AE328B
:100350008AE00E94A7320E943CABC553DF4F288140
:10036000CB5CD040211102C00E9488B280E00E9484
:10037000393881E00E94BCCF082F882309F47CC063
:1003800088890E9439380E946BBA90CCA701B801C5
:1003900086E40E942E221B012C01C953DF4F4881A5
:1003A000C75CD040C853DF4F5881C85CD040C753AA
:1003B000DF4F6881C95CD040C653DF4F7881CA5C8B
:1003C000D0408CE40E942E226B8B7C8B8D8B9E8B7D
:1003D0002F8A388E498E5A8E4B2D5C2D6D2DCB5326
:1003E000DF4F7881C55CD04082E40E942E226B01F1
:1003F0007C01CE53DF4F4881C25CD040562DCD5397
:10040000DF4F6881C35CD040CC53DF4F7881C45C40
:10041000D04082E50E942E226B8F7C8F8D8F9E8F25
:10042000CF8ED8A2E9A2FAA245CF8091AB0E85FF6C
:1004300020C04B895C896D897E898AE39DE00E949A
:100440005A354B8D5C8D6D8D7E8D87E39DE00E94CE
:100450005A354F89588D698D7A8D84E39DE00E94CD
:100460005A354F8D58A169A17AA181E39DE00E9480
:10047000443685E19DE013CC8F85811143C02091E6
:10048000CF073091D0074091D1075091D2076BA18F
:100490007CA18DA19EA10F94A636811130C0209120
:1004A000D3073091D4074091D5075091D6076FA15B
:1004B00078A589A59AA50F94A636811120C0209110
:1004C000C7073091C8074091C9075091CA076B8987
:1004D0007C898D899E890F94A636811110C0209148
:1004E000CB073091CC074091CD075091CE076F8953
:1004F000788D898D9A8D0F94A636882319F00E94E5
:100500007838188A60E085E40E94D821882309F4AD
:1005100002C131E0CC53DF4F3883C45CD0401B862E
:100520001C861D861E861A8A35ECA32E3CE0B32E4F
:1005300043ED842E4CE0942E59EC252E312C412C89
:10054000512CFA8895E09F150CF40FC16B857C85C2
:100550008D859E859B01AC010F947C40811105C166
:10056000002309F4DFC0E1E0CD53DF4FE883C35C33
:10057000D040F6E0CE53DF4FF883C25CD04091E02C
:1005800009271F2D110F1F0D110F1F5F898B7988F0
:100590006A89CE53DF4F8881C25CD040781609F457
:1005A000E0C0062E000C770B880B990B0F94AD362C
:1005B0002FA138A549A55AA50F940C372F89388D3E
:1005C000498D5A8D0F948A3D6B017C01672D770C04
:1005D000770B880B990B0F94AD362BA13CA14DA145
:1005E0005EA10F940C372B893C894D895E890F944D
:1005F0008A3D6B837C838D839E83CF82D886E986F8
:10060000FA8689819A81892B89F081EE9CE00E948B
:10061000AE32812F0E940F9764E270E08FED9CE074
:100620000E94D5388CED9CE00E94AE321F9294E27D
:100630009F931F921F93BF92AF929F928F921F9290
:100640000F942D160FB6F894DEBF0FBECDBFC55365
:10065000DF4FF881CB5CD040FF2309F471C00F94C9
:10066000DD31A20191010F940C3D6456710981099D
:1006700091090F94AD362FE632E143E85AE30F9427
:100680000C376B017C01CB86DC86ED86FE86AC01E7
:100690009B010F947C40811161C079886A8826E0B3
:1006A000372D3203C0011124860D911D67FC9A95E8
:1006B000880F991F880F991FE1E0F0E0EC0FFD1FF4
:1006C000E80FF91FCB53DF4FF983E883C55CD040B7
:1006D000A70196016BA57CA58DA59EA50F948A3DCB
:1006E000CB53DF4FE881F981C55CD04066A777A77F
:1006F00080AB91AB662D872D0F94BC17188A81E0D3
:100700000E94FF581F5F8989CD53DF4FF881C35C7A
:10071000D0408F0F3BCF83E0CC53DF4F8883C45C46
:10072000D040FDCE2FEFCD53DF4F2883C35CD040A8
:100730003FEFCE53DF4F3883C25CD04085E01FCF00
:100740002981CC53DF4F4881C45CD040BE01695F32
:100750007F4FCE0103960F94572593CF88890E942F
:1007600039388A898F5F8A8BECCE0F9432140E94BD
:100770006E23882359F088890E94393880E090E000
:10078000A0ECBFE78B879C87AD87BE878091AB0EBF
:1007900085FF08C04AE95CE061EB7CE08AE99FE004
:1007A0000E94E3376B857C858D859E859B01AC011E
:1007B0000F947C40811110C08F858823E9F0CE0111
:1007C0008F960E94554B8F85882319F0888988233E
:1007D00019F081E00E943938C553DF4F2881CB5C86
:1007E000D040211102C00E946FB20E9413210E94CA
:1007F0006BBA0E94FFB3C7CDBE016D5E7F4FCE01C5
:1008000083960E94F92D80E9FE01BF96ACEBBEE015
:1008100001900D928A95E1F70E94E52D90E080E02D
:10082000D0CFCF93DF93C091B410C093820981E6FB
:10083000C89FE0011124CA54DF4E8091AB0E80FFA7
:1008400005C00E94F434CE010E9459CCCE010E9412
:10085000472280E0DF91CF910C941865CF9380916F
:100860009D14C1E08823C9F080919E1490919F143B
:10087000409195145091961460919714709198142A
:10088000DC01ED91FC910288F389E02D25E932E14C
:100890001995C82F811104C0C0E08C2FCF91089505
:1008A0004091991450919A1460919B1470919C14EA
:1008B0004115510561057105B9F080919E14909123
:1008C0009F14DC01ED91FC910288F389E02D25E96C
:1008D00032E11995882301F31092991410929A1419
:1008E00010929B1410929C1410929D14D6CF0F93CB
:1008F0001F93CF93DF93CDB7DEB760970FB6F89411
:10090000DEBF0FBECDBF8C01DC01ED91FC910280FA
:10091000F381E02DBE016F5F7F4F1995882309F4A5
:1009200064C08981807CC9F56F81637070E0762F27
:100930006627770F770F8885B4E08B9FC00111245D
:10094000682B792B89858295869586958370682B8F
:100950006F5F7F4F90E080E02A852370220F3B85F8
:1009600037FB332730F9232B3E813F70230F33278A
:10097000331F2750310904C0660F771F881F991F46
:100980002A95D2F760960FB6F894DEBF0FBECDBFA2
:10099000DF91CF911F910F910895803419F56885EB
:1009A0006695669570E090E080E0CB01772766273A
:1009B0002A85622B098510E0102F0027012E000CDC
:1009C000220B330B602B712B822B932B6F5F7F4F8E
:1009D0008F4F9F4F4AE0660F771F881F991F4A95D8
:1009E000D1F7D0CF8BE0F801848360E070E0CB01D9
:1009F000C9CF0895FC01828108952F923F924F92B2
:100A00005F926F927F928F929F92AF92BF92CF929E
:100A1000DF92EF92FF920F931F93CF93DF9300D05B
:100A200000D0CDB7DEB7DC010D90BC91A02DBE8308
:100A3000AD8318966D917C91072E000C880B990B55
:100A40000F94AD366B017C0120E030E0A9010F94DA
:100A5000A6368823E1F0AD81BE8114968D919D91DB
:100A60000D90BC91A02D89839A83AB83BC839C019C
:100A7000AD01C701B6010F94893D4B015C0120E037
:100A800030E040E251EC0F94A63687FF08C081E0C9
:100A9000ED81FE818387C12CD12C7601DCC020E062
:100AA00030E040E251E4C501B4010F94EA3F18166A
:100AB00064F481E0AD81BE811B968C93C12CD12C56
:100AC0008FE7E82E83E4F82EC6C0ED81FE81838592
:100AD000882349F013861486158616861786148E89
:100AE000158E168E178EAD81BE8194964D905D90B9
:100AF0006D907C9097971C962D913D914D915C91B6
:100B00001F97C501B4010F948A3DF62EE72ED82E0B
:100B1000C92E20E030E0A9010F94A63687FDB6C0AB
:100B2000A301920160E070E08FE793E40F94843EAC
:100B3000162F072F382E292E2F2D3E2D4D2D5C2DB3
:100B40000F94A63687FF02C0780161018F2D9E2D7C
:100B5000AD2DBC2DED81FE8184879587A687B78753
:100B600020A131A142A153A1C501B4010F940C37BA
:100B70004B015C01AD81BE8154968D929D92AD92E8
:100B8000BC9257972F2D3E2D4D2D5C2DC301B201E8
:100B90000F940C372B013C01ED81FE81408E518E6C
:100BA000628E738EC48CD58CE68CF78C29813A8149
:100BB0004B815C8160897189828993890F94893D19
:100BC000AD81BE8198962D913D914D915C919B9701
:100BD0000F940C37A70196010F94893D20ED3CEC52
:100BE0004CE45DE30F940C37A70196010F948A3D06
:100BF0006B017C01ED81FE81C48ED58EE68EF78E71
:100C000089819A81AB81BC81808B918BA28BB38BC4
:100C1000A3019201C501B4010F948A3DA701960179
:100C20000F948A3D20E030E0A9010F948A3D6B01CA
:100C30007C0120E030E0A9010F94A63687FD2BCF80
:100C400020E030E04FE753E4C701B6010F94EA3FDC
:100C500018160CF433CFC701B60126960FB6F894D8
:100C6000DEBF0FBECDBFDF91CF911F910F91FF90DF
:100C7000EF90DF90CF90BF90AF909F908F907F903C
:100C80006F905F904F903F902F900895F12CE12C42
:100C9000D12CC12C5BCFCF93DF93C0912E15D09177
:100CA0002F1581E0CE31D105E4F020E030E040E0C6
:100CB0005FE360912A1570912B1580912C1590910E
:100CC0002D150F948A3D0F94F63E6C1B7D0B77FF1C
:100CD00003C071956195710981E0633071050CF075
:100CE00080E0DF91CF910895FC0190E1A8EFB8E09A
:100CF00001900D929A95E1F70895EF92FF920F936C
:100D00001F93E092E507F092E6070093E707109340
:100D1000E8076093F3077093F4078093F5079FEF5C
:100D2000FF27621B730B840B30F4809570956195DF
:100D3000790B890B992790936C06A6E06A9F009225
:100D40006006512DEE277A9F500DE11D8A9FE00D20
:100D500050936106E0936206AFE06A9F00926406DA
:100D6000512DEE277A9F500DE11D8A9FE00D509383
:100D70006506E0936606AAE06A9F00926806512D18
:100D8000EE277A9F500DE11D8A9FE00D5093690672
:100D9000E0936A061F910F91FF90EF9008959F9244
:100DA000AF92BF92CF92DF92EF92FF920F931F9379
:100DB000CF93DF9300D01F921F92CDB7DEB7E2E151
:100DC000FEE10027BB27462F572FA82FAA2341F467
:100DD000A52F542FB85FAA2319F4A52F5527B85F64
:100DE000A03138F45295A295452F4F70507FA42B17
:100DF000BC5FA03428F4550FAA1F550FAA1FBE5F71
:100E0000A03818F4550FAA1FB395550FAA1FEA0F63
:100E1000F01F449151E0AA27B85081F1C8F0B0FF0B
:100E200002C0440F551FB1FF04C0440F551F440FAB
:100E3000551FB2FF06C052954295142F1F70407F78
:100E4000512BB3FF1BC0A52F542F44270C943E8772
:100E5000B195B0FF02C055954795B1FF04C05595B7
:100E6000479555954795B2FF05C05295407F4295ED
:100E7000452B5F70B3FF02C0452F5527DD24CC24DE
:100E8000BB24B2E0649FD018C108B00AB00B749FB5
:100E9000C018B108B00B849FB018B109659FC01885
:100EA000B108B00B759FB018B109859FB0196A9F42
:100EB000B018B1097A9FB0194D9DA12C9924332700
:100EC000992722275D9DA00C911C301F901F201F89
:100ED000AD9D900C311D901F201F4C9DA00C911CAE
:100EE000301F901F201F5C9D900C311D901F201FF4
:100EF000AC9D300D911D201F4B9D900C311D901FFE
:100F0000201F5B9D300D911D201FAB9D900D211D5D
:100F10004B9F300D911D201F5B9F900D211DAB9F9E
:100F2000200DB1E0BB24CC24DD24639FD018C10880
:100F3000B00AB00B739FC018B108B00B839FB018F4
:100F4000B109699FC018B108B00B799FB018B109F9
:100F5000899FB019629FB018B109729FB019D61A53
:100F6000C70AB80A20F0B1E03B0F901F201F1124E0
:100F7000792F632F90E0822F0F900F900F900F909A
:100F80000F90DF91CF911F910F91FF90EF90DF9025
:100F9000CF90BF90AF909F900895809163159091EE
:100FA0006415891B877019F490E080E00895909192
:100FB0006015992351F0833030F48FEF890F19F0C9
:100FC00080936015F1CF109260158091641524E72D
:100FD000829FC00111248A5D954FFC01208120FD74
:100FE000E3CF209164152F5F277020936115309116
:100FF000641520916215321304C02091611520936D
:101000006215089590916F0081E091FD02C080E02B
:10101000089590916F009D7F90936F000895FC015B
:101020007081472F50E0062E02C0559547950A94CF
:10103000E2F740FF14C04091C50750E0062E02C001
:10104000559547950A94E2F740FF09C021E030E04A
:1010500001C0220F6A95EAF720952723208308957F
:10106000CF93C82FCB010E94AE3283ED99E10E944D
:10107000AE3284EC99E1CC2311F089EC99E1CF9167
:101080000C94E238CF93DF93C0912E15D0912F1599
:10109000209729F160912A1570912B1580912C15BC
:1010A00090912D150F94F63E6E5F7F4F24976C172D
:1010B0007D07ACF470930208609301080E9448F029
:1010C000605A75418F4F9F4F6093030870930408D7
:1010D0008093050890930608DF91CF9108951092B0
:1010E0000308109204081092050810920608F4CF25
:1010F000CF93DF93EC018D810E945D3E60E08B8198
:10110000DF91CF910C9443EFDF92EF92FF920F9318
:101110001F93CF93DF938C01C62FD22FF32EE42E93
:10112000D52E0E9478880E9454F08C2F80640E94F3
:10113000513E8D2D0E94513E8E2D0E94513E8F2D8D
:101140000E94513E8D2F0E94513E87E8C11101C07F
:1011500085E90E94513ECC3011F40E94563EC0E019
:101160000E94563EF801868387FF04C0CF3F11F0EE
:10117000CF5FF6CFDF91CF911F910F91FF90EF904E
:10118000DF90089561E0FC0183810E9443EF8FEFBF
:101190000C94513E0F931F93CF938C010E9478883B
:1011A0000E9454F0C82F882371F08DEF0E94513EA9
:1011B0000E9454F0C82FC8010E94C2888C2FCF9182
:1011C0001F910F91089582E1F8018483F4CF8F92EB
:1011D0009F92AF92BF92CF92DF92EF92FF920F93C6
:1011E0001F93CF93DF93EC016A017B01590120E04B
:1011F00030E0A90167E30E948488A501980167E1B6
:10120000CE010E948488811127C08F81833039F0FC
:1012100089E0CC0CDD1CEE1CFF1C8A95D1F7A701E0
:10122000960169E1CE010E94848811E0882319F0BB
:1012300010E087E08C83CE010E94C288812FDF916D
:10124000CF911F910F91FF90EF90DF90CF90BF90C3
:10125000AF909F908F90089589E08C8310E0EBCF42
:10126000CF93DF93EC016EBDFA01CA019E5F0DB40E
:1012700007FEFDCF20812EBD0DB407FEFDCF2181DD
:101280002EBD3296E817F90791F70DB407FEFDCF92
:101290008FEF0E94513E8FEF0E94513E0E94563EBA
:1012A0008E838F71853049F083E18C83CE010E945B
:1012B000C28880E0DF91CF91089581E0FBCF0F934A
:1012C0001F93CF93DF93EC018B010E9478880E94DB
:1012D00054F081110CC085E18C8310E0CE010E9496
:1012E000C288812FDF91CF911F910F910895A8019E
:1012F0006CEFCE010E943089182F882361F3EECF66
:101300000F931F93CF93DF93EC0189018F8183307B
:1013100039F089E0440F551F661F771F8A95D1F772
:101320009A01AB0168E1CE010E94848881112AC034
:10133000A8016EEFCE010E943089182F8823B1F0EA
:101340000E9454F0182F8823D1F020E030E0A9014A
:101350006DE0CE010E948488882321F086E18C8391
:1013600010E004C00E94563E8111F8CFCE010E94C9
:10137000C288812FDF91CF911F910F91089587E14E
:101380008C83F4CF86E0EBCF1F93CF93DF93EC01F8
:101390000E94788820E030E0A9016CE0CE010E9434
:1013A000848811E0882319F010E083E08C83CE015B
:1013B0000E94C288812FDF91CF911F9108951F93C2
:1013C000CF93DF93EC018F81833039F089E0440FB4
:1013D000551F661F771F8A95D1F79A01AB0162E10D
:1013E000CE010E94848811E0882319F010E085E086
:1013F0008C83CE010E94C288812FDF91CF911F91F3
:1014000008958F929F92AF92BF92EF92FF920F93A7
:101410001F93CF93DF938C01EB017A010E9448F078
:101420004B015C012CE2820E21E0921EA11CB11C3A
:101430000E94563EF80186838F3F69F40E9448F06F
:10144000681979098A099B0997FDF2CF81E1F801B2
:101450008483C0E021C08E3F71F5F1E0EF1AF108FE
:101460008FEF8EBDFE012FEF0DB407FEFDCF8EB5C1
:1014700081932EBDCF018C1B9D0B8E159F05A0F374
:101480000DB407FEFDCF8EB5CE0DDF1D88830E9403
:10149000563E0E94563EC1E0C8010E94C2888C2F71
:1014A000DF91CF911F910F91FF90EF90BF90AF9080
:1014B0009F908F9008958FE0CACF0F931F93CF9383
:1014C000DF93EC018B010E94788840E052E0B80184
:1014D000CE01DF91CF911F910F910C94018A0F9350
:1014E0001F93CF93DF93EC0189018F81833039F013
:1014F00089E0440F551F661F771F8A95D1F79A011F
:10150000AB0161E1CE010E94848881110AC040E0F4
:1015100052E0B801CE01DF91CF911F910F910C9451
:10152000018A84E08C83CE010E94C28880E0DF9132
:10153000CF911F910F9108958F929F92AF92BF927A
:10154000CF92DF92EF92FF920F931F93CF93DF938F
:10155000EC01162F1F821C824B830E9448F06B0106
:101560007C0120EDC20E27E0D21EE11CF11CA895E3
:1015700061E08B810E9443EF61E08B810E9471EFFB
:10158000209A289A219A2398229A81E00E945D3E0F
:1015900085E08D830E945D3E0AE08FEF0E94513E00
:1015A0000150D9F7A89520E030E0A90160E0CE0114
:1015B0000E9484888E83813081F00E9448F06C19EB
:1015C0007D098E099F0997FDEECF81E08C83CE01C6
:1015D0000E94C2881A8280E06AC0A8952AEA31E097
:1015E00040E050E068E0CE010E948488853041F5FB
:1015F00081E08F83A8958F81812C912C54018230BA
:1016000029F4812C912CA12C80E4B82E20E030E02C
:10161000A90167E3CE010E948488A501940169E2D3
:10162000CE010E9484888E838823F1F00E9448F0C6
:101630006C197D098E099F0997FDE8CF8AE0C6CF16
:1016400004E00E94563E8E830150D9F78A3A11F485
:1016500082E0CFCF0E9448F06C197D098E099F0966
:1016600097FDBCCF82E0B2CF8F818230C1F420E001
:1016700030E0A9016AE3CE010E948488882311F03A
:1016800088E0A4CF0E94563E807C803C11F483E029
:101690008F830E94563E0E94563E0E94563ECE01C7
:1016A0000E94C28881E08A83173070F41D83DF9125
:1016B000CF911F910F91FF90EF90DF90CF90BF904F
:1016C000AF909F908F90089588E18C8384CF0F9383
:1016D0001F93CF93DF93EC018B0120E030E0A90151
:1016E00069E00E94848881110AC040E150E0B8019D
:1016F000CE01DF91CF911F910F910C94018A80E16F
:101700008C83CE010E94C28880E0DF91CF911F912F
:101710000F910895CF93C82F0E94028894E0C99F2B
:1017200090011124F901E451F74F2850374FD901A6
:101730004D915D916D917C91408351836283738360
:1017400091E09093EB08882319F0CF910C94662ECA
:10175000CF910895CF93DF9380913109811105C016
:1017600080913309882309F45BC080917E08659BD2
:1017700051C0816080937E089091030180917E0822
:1017800091FF4AC0826080937E0880917E084A99CA
:1017900045C0846080937E08C091DC08C0FF10C003
:1017A0008091320980FF0CC080917E0880FF08C0C4
:1017B0008091A80E81608093A80E80E00E948A8BA1
:1017C000C1FF10C08091320981FF0CC080917E085A
:1017D00081FF08C08091A80E82608093A80E81E0EE
:1017E0000E948A8BC2FF1CC08091320982FF18C000
:1017F000809133098823A1F080917E0882FF10C078
:101800008091A80E84608093A80E82E0DF91CF9132
:101810000C948A8B8E7FAECF8D7FB5CF8B7FBACF66
:10182000DF91CF9108954091E40721E0422761E0E4
:1018300070E00D9459174091E40721E042276CE0D5
:1018400070E00D9459174091E40721E0422761E0D0
:1018500070E00D9459174091E40721E0422768E0B9
:1018600070E00D9459174091E40721E042276CE0A5
:1018700070E00D9459174091E40721E0422764E09D
:1018800070E00D94591741E061E070E00D94591734
:101890004091E40721E042270D94591764E070E07D
:1018A0000C94E0EF61E070E00C94E0EF61E070E038
:1018B0000C94E0EF6CE070E00C94E0EFE8EFF9E0FE
:1018C0008CE090E09183808381E0828383838483B2
:1018D00080E290E0978386838FE0808784E681872B
:1018E0008CE390E09387828715820E94E7381092FC
:1018F000B1078EE199E10C94E2388091571784FF8B
:1019000004C08460877F809357170895CF92DF9239
:10191000EF92FF920F931F93CF93DF93CDB7DEB774
:10192000EDB6FEB6DC010D900020E9F79D01281B05
:10193000390B285F3F4FEDB7FEB7E21BF30B0FB635
:10194000F894FEBF0FBEEDBF0DB71EB70F5F1F4F60
:101950009F938F9384E39EE29F938F931F930F93A4
:101960000F943D366801F4E0CF0ED11C0F900F901C
:101970000F900F900F900F90D6018D916D018823DD
:1019800049F0082E000C990B0F949C40F6013197FA
:101990008083F2CF6FE27EE2C8010F94D6354FE329
:1019A00050E0B80180E499E00F94F8400FB6F89445
:1019B000FEBE0FBEEDBEDF91CF911F910F91FF9044
:1019C000EF90DF90CF900895FC01938591FF02C0C6
:1019D00080E00895987121E0903109F020E0809135
:1019E000571720FB85F980935717903141F0808578
:1019F000873471F781E091859E3751F3089581E036
:101A0000FDCFFC0120E03EE2DB014D91BD01403203
:101A100049F0283011F430833196DB0111974C9155
:101A2000408331962F5F2B3079F710820895CF9243
:101A3000DF92EF92FF92CF936B017C01C42F8091D4
:101A4000951490919614A0919714B09198148C15B8
:101A50009D05AE05BF0529F10E942E84811108C0A5
:101A6000C0E08C2FCF91FF90EF90DF90CF90089542
:101A700080919E1490919F14DC01ED91FC9100885F
:101A8000F189E02D25E932E1B701A60119958823F6
:101A900039F3C0929514D0929614E0929714F09274
:101AA0009814CC2321F081E080939D14DACFC1E01B
:101AB000D8CF4F925F926F927F928F929F92AF9208
:101AC000BF92CF92DF92EF92FF920F931F93CF932B
:101AD000DF93EC01423051056105710590F480E01F
:101AE000DF91CF911F910F91FF90EF90DF90CF90FA
:101AF000BF90AF909F908F907F906F905F904F902E
:101B0000089589859A85AB85BC850196A11DB11D77
:101B100084179507A607B70710F38F898031C9F599
:101B2000852E962EA72EBB248B899C89AD89BE89D4
:101B3000880E991EAA1EBB1E280139016A017B016D
:101B400041E0C501B4010E94178D882341F29F89AD
:101B5000903181F5DD24EE24FF24F601EE0FFF1F06
:101B6000EB56FD4E118300839A89923008F4B8CF6A
:101B70004D815E816F817885840E951EA61EB71EED
:101B80008092991490929A14A0929B14B0929C14F3
:101B9000A7CF803209F0A3CF8B899C89AD89BE89FC
:101BA0004A015B01E7E0B694A79497948794EA957D
:101BB000D1F7BECFE894C7F8DD24EE24FF24F60168
:101BC000EE0FFF1FEE0FFF1FEB56FD4E40825182BE
:101BD00062827382C9CFCF92DF92EF92FF920F930E
:101BE0001F93CF93DF93FC0181859285A385B485F4
:101BF0000196A11DB11D84179507A607B70750F4DC
:101C000080E0DF91CF911F910F91FF90EF90DF90D7
:101C1000CF90089587898031A9F5BB27A72F962FEC
:101C2000852FC388D488E588F6888C0D9D1DAE1D50
:101C3000BF1DE9016A017B018F014091951450910C
:101C40009614609197147091981484179507A607BD
:101C5000B70749F5F8018789803169F5B701A60111
:101C6000552766277727440F551F4B565D4EFA01BF
:101C700080819181B0E0A0E088839983AA83BB83AF
:101C800081E0BFCF803209F0BBCFC388D488E5881C
:101C9000F688DB01CA01C7E0B695A79597958795A9
:101CA000CA95D1F7C2CF40E0BC01CD010E94178D8B
:101CB0008111D0CFA5CFB701A6014F775527662751
:101CC0007727440F551F440F551F4B565D4EFA01A1
:101CD00080819181A281B381BF70CECF4F925F92FC
:101CE0006F927F92AF92BF92CF92DF92EF92FF926C
:101CF0000F931F93CF93DF9300D01F92CDB7DEB722
:101D00008C0149835A836B837C835901C12CD12C6C
:101D10007601412C82E0582E612C712C49815A8128
:101D20006B817C819E012F5F3F4FC8010E94EB8D2C
:101D3000882319F1F8018585A301920104C0220FBF
:101D4000331F441F551F8A95D2F7DA01C901C80E07
:101D5000D91EEA1EFB1E49815A816B817C818789CD
:101D60008031F1F481E0483F5F4F61057105B0F2C9
:101D7000F501C082D182E282F3820F900F900F9022
:101D80000F90DF91CF911F910F91FF90EF90DF9017
:101D9000CF90BF90AF907F906F905F904F900895DD
:101DA00081E0483F5F4F6F4F7F4008F4B7CFE0CFEF
:101DB0000F931F93CF93DF93FC012381222331F0F4
:101DC00080E0DF91CF911F910F9108958B01EC017D
:101DD000FB018789803139F582E08B831D8A1E8A59
:101DE0001F8A188E808D918DB0E0A0E025E0880FCD
:101DF000991FAA1FBB1F2A95D1F7898B9A8BAB8B92
:101E0000BC8B1A8F098F81E08983188619861A8600
:101E10001B861C821D821E821F82188A1C861D86BC
:101E20001E861F86CECF803259F683E08B83428D8B
:101E3000538D648D758D4D8B5E8B6F8B788F9E016E
:101E40002F5E3F4FC8010E946E8E8111DACFB8CF4E
:101E50003F924F925F926F927F928F929F92AF923A
:101E6000BF92CF92DF92EF92FF920F931F93CF9387
:101E7000DF93CDB7DEB72C970FB6F894DEBF0FBE59
:101E8000CDBF5C01DC0159968D909C90F401818559
:101E90009285A385B4859C01AD012F5F3F4F4F4FC5
:101EA0005F4F29873A874B875C87D50114964D9001
:101EB0005D906D907C9017974114510461047104FA
:101EC00009F459C0BFEF4B1A5B0A6B0A7B0A312C2D
:101ED000730162011D821E821F821886F4018185B2
:101EE0009285A385B4852D813E814F815885281721
:101EF00039074A075B0708F056C089859A85AB8584
:101F0000BC858C159D05AE05BF0550F482E0C82E3A
:101F1000D12CE12CF12C92E0492E512C612C712C0A
:101F20009E012F5F3F4FB701A601C4010E94EB8DB8
:101F30008823C9F189819A81AB81BC81892B8A2B45
:101F40008B2B01F1260137019FEF491A590A690AC3
:101F5000790A2D813E814F8158852F5F3F4F4F4F2A
:101F60005F4F2D833E834F8358873FEFC31AD30AB9
:101F7000E30AF30AB3CF4080518062807380332438
:101F80003394A6CFC414D504E604F70411F70FEF79
:101F90001FEF2FEF3FE0B701A601C4010E94598D4A
:101FA000782E81111AC0712C872D2C960FB6F894BB
:101FB000DEBF0FBECDBFDF91CF911F910F91FF907C
:101FC000EF90DF90CF90BF90AF909F908F907F90D9
:101FD0006F905F904F903F900895F5014481558137
:101FE00066817781411551056105710539F09701C9
:101FF0008601C4010E94598D8823A9F2D501149647
:10200000CD92DD92ED92FC921797332051F0D701DB
:10201000C6010196A11DB11DF40180839183A283A5
:10202000B383F50185899689A789B08D892B8A2B81
:102030008B2B09F0B9CFC58AD68AE78AF08E8181C9
:1020400080688183B1CFCF93DF93EC01462F41703D
:102050006C857D858E859F850E94178D882351F024
:10206000888920E2829FC00111248B569D4EDF910A
:10207000CF91089590E080E0FACFCF93DF93EC0109
:102080008B81882349F1898187FF22C061E0CE01DD
:102090000E942390FC01892BF9F08081853EE1F0BC
:1020A0008B81823040F489899A89AB89BC89848F7D
:1020B000958FA68FB78F8D899E89938F828F8D89FB
:1020C0009E89AF89B88DB58BA48B89818F778983E1
:1020D000DF91CF910C942E8481E0888380E0DF91A2
:1020E000CF9108958F929F92AF92BF92CF92DF923D
:1020F000EF92FF920F931F93CF93DF93EC018B81AD
:1021000081110EC080E0DF91CF911F910F91FF9060
:10211000EF90DF90CF90BF90AF909F908F900895F9
:1021200009891A892B893C8904171507260737075F
:1021300048F34A015B01823031F488869986AA8689
:10214000BB8681E0E0CF81149104A104B10449F47D
:10215000188619861A861B861C821D821E821F8283
:10216000F0CF088519852A853B85E98DFA8D85850F
:1021700090E00996B901A80141505109610971091E
:10218000082E04C076956795579547950A94D2F71F
:1021900075016401E1E0CE1AD108E108F10804C03C
:1021A000F694E794D794C7948A95D2F7C416D506C7
:1021B000E606F70620F0012B022B032B11F58D8983
:1021C0009E89AF89B88D8C839D83AE83BF838E013A
:1021D0000C5F1F4FC114D104E104F10409F4ADCF29
:1021E0004C815D816E817F819801898D9A8D0E94DD
:1021F000EB8D91E0C91AD108E108F1088111EACF0D
:1022000081CFC41AD50AE60AF70AE1CF2F923F928E
:102210004F925F926F927F928F929F92AF92BF92F6
:10222000CF92DF92EF92FF920F931F93CF93DF93A2
:1022300000D01F92CDB7DEB78C014B011A01DC0133
:1022400013968C911397813009F0CFC011968C9121
:1022500081FFCBC082FDB5C06101D80118964D91B8
:102260005D916D917C911B97C114D10409F41BC140
:1022700059968D919C915A97FC0174802FEF270DF0
:102280002A013B0139E076946794579447943A9534
:10229000D1F7722E74207A01F1E0FF22711020C074
:1022A000E114F104E9F414964D915D916D917C91E6
:1022B0001797411551056105710509F09CC05596A8
:1022C0008D919D910D90BC91A02D0097A105B10518
:1022D00009F0AAC0C8010E94288F882309F485C08C
:1022E000A12C82E0B82EAE18BF08CA14DB0408F493
:1022F0005601D80159964D915C915A9714968D913B
:102300009D910D90BC91A02D0297A109B109FA01F0
:10231000258504C0880F991FAA1FBB1F2A95D2F7D5
:102320004685578560897189840F951FA61FB71F41
:102330009C01AD01270D311D411D511D29013A019F
:10234000A11432E0B30609F07DC0809195149091FC
:102350009614A0919714B0919814481659066A06DD
:102360007B0669F410929D148FEF9FEFDC01809340
:10237000951490939614A0939714B0939814809109
:102380009E1490919F14DC01ED91FC910288F389D9
:10239000E02D9401B301A2011995882331F1F801D0
:1023A00080859185A285B3858A0D9B1DA11DB11DD8
:1023B00080879187A287B3878A0C9B1CCA18DB0889
:1023C0004CCFF80141895289638974898085918550
:1023D000A285B385481759076A077B0709F43CCFE4
:1023E000C8010E947290811137CF81E0D8018C938F
:1023F0008FEF9FEF6EC09E012F5F3F4F0E94EB8DCE
:10240000882399F389819A81AB81BC81F801218D60
:10241000328DF9012789203169F4883FFFEF9F074A
:10242000A105B10508F056CFF80184839583A683F2
:10243000B78356CF883F2FEF9207A2072FE0B2074E
:1024400098F348CFE114F10431F5F8014085518546
:102450006285738581899289A389B4894817590750
:102460006A077B07C0F00E942E84882309F4BDCF41
:1024700081E080939D14409295145092961460923E
:10248000971470929814A501B401C7018B569D4E04
:102490000F94B14084CF41E0C301B2010E94178D77
:1024A0008111F1CFA2CFF80181899289A389B489E2
:1024B00084179507A607B70738F48181418B528BA3
:1024C000638B748B80688183F801818183FD18C0E0
:1024D000C1010F900F900F900F90DF91CF911F913E
:1024E0000F91FF90EF90DF90CF90BF90AF909F90B3
:1024F0008F907F906F905F904F903F902F900895B6
:10250000C8010E943D908111E3CF6FCF2F923F927F
:102510004F925F926F927F928F929F92AF92BF92F3
:10252000CF92DF92EF92FF920F931F93CF93DF939F
:10253000EC014B017A018B81811115C08FEF9FEF68
:10254000DF91CF911F910F91FF90EF90DF90CF908F
:10255000BF90AF909F908F907F906F905F904F90C3
:102560003F902F900895898180FFE8CF89899A89CB
:10257000AB89BC89488559856A857B85841B950B09
:10258000A60BB70BA70170E060E084179507A607BC
:10259000B70708F47C0167011E0124E0220E311CFC
:1025A000C114D10409F4A9C0488559856A857B8581
:1025B0005A0181E0B822898D9A8D2A013B0129E0D8
:1025C00076946794579447942A95D1F72B81FC0110
:1025D000223081F5628D738D848D958D640D751D0E
:1025E000861D971D00E012E00A191B09C016D106CE
:1025F00008F486010115E2E01E0771F4409095147D
:102600005090961460909714709098146415750506
:102610008605970509F04EC040E00E94178D88237B
:1026200009F48CCFB5016B567D4EA801C4010F94FF
:10263000B14052C0148111501421A114B10471F49D
:1026400011110CC0452B462B472B51F58D899E89C6
:10265000AF89B88D8C839D83AE83BF83E98DFA8D5E
:102660004C805D806E807F8022E0421A51086108B4
:102670007108858504C0440C551C661C771C8A951E
:10268000D2F786859785A089B189480E591E6A1EA2
:102690007B1EC301B201610F711D811D911DA2CF6F
:1026A0004C815D816E817F8191010E94EB8D811152
:1026B000D5CF44CFA0919E14B0919F14ED91FC9181
:1026C00011970088F189E02D9401AB01BC01CD0187
:1026D0001995882309F432CF800E911E888599853B
:1026E000AA85BB85800F911FA11DB11D8887998781
:1026F000AA87BB87C01AD10A53CFC70121CFCF9376
:10270000DF93EB01FC012381211104C080E0DF9104
:10271000CF9108952250223028F48FE288831982C5
:1027200081E0F5CF60E00E942390009779F3DC010F
:1027300060E080E09EE22D91203299F0883031F403
:102740009E01260F311DF90190836F5F9E01260FB8
:10275000311DAD0141505109FA014081F901408319
:102760006F5F8F5F8B3039F7FE01E60FF11D10822E
:10277000D7CFCF93DF93EC01CB01E881F981608162
:1027800071810E947F9328813981D901ED91FC915B
:10279000AA81BB818C919081992359F08936C8F424
:1027A000CF010196F901918380838C918F5F8C9387
:1027B000EACF893670F48FE28083E881F9818081E5
:1027C0009181019691838083EA81FB8180818F5F73
:1027D0008083DF91CF9108950F931F93CF93DF9361
:1027E00000D000D01F92CDB7DEB79C012F5F3F4FC6
:1027F0003F832E832FE2FC01208381E08D83CE0175
:1028000006969A83898301979C838B8310E00BE162
:1028100080914C17181758F4109FB001112463557C
:10282000784ECE0101960E94B9931F5FF1CF8D8142
:102830008B3558F46BEB78E1CE0101960E94B99389
:102840008E819F8101979F838E83EE81FF8110820D
:1028500027960FB6F894DEBF0FBECDBFDF91CF91A4
:102860001F910F910895CF93DF93EC010E943D904B
:102870001B82DF91CF91089510927F0E80915717A0
:102880008F77809357170E94692F882321F08BEB55
:1028900098E10C9433940895CF93C0915717C2FFD9
:1028A00015C0C7FD13C00E94692F80FBC7F9C093F4
:1028B0005717809157178F7E8064809357170E9417
:1028C000F4348DE19EE2CF910C94AE320E943C94A0
:1028D000F0CF40E050E0BA010C9472902F923F92FA
:1028E0004F925F926F927F928F929F92AF92BF9220
:1028F000CF92DF92EF92FF920F931F93CF93DF93CC
:10290000CDB7DEB7C454D1090FB6F894DEBF0FBE01
:10291000CDBF7C014B015A01222E19821C821C8ED4
:102920001F8E6115710511F410E0B3C1DC0113961F
:102930008C918111F9CFFA0180818B018F32D1F412
:10294000DB0113968C9113978250823060F0599678
:102950006D917C91CE014C960E94D88E8E01045EC2
:102960001F4F882309F3C5015C010196F501208101
:102970002F32D1F39E012F5F3F4F6901290130E2D1
:10298000332E2496CFAE24972596DFAE25973E01B1
:102990003CE1630E711C22963FAE229721963FAE1A
:1029A00021973FAE3EAE3DAE3CAE3BAE3AAE39AE09
:1029B00038AE3FAA950190E047E0D9018D91882378
:1029C00061F18F3251F18E3239F44A3009F4ACCFD3
:1029D00098E04AE09D01F1CFE0ECFDE22491222352
:1029E00021F031968213FACF9FCF491708F49CCF7C
:1029F000813208F499CF8F3709F496CF3FE9380F29
:102A00003A3108F420EEE7E3F0E0EC0FFD1FE90FA8
:102A1000F11D820F80839F5FDDCF8FA9803209F483
:102A200083CF5901D9018C912F5F3F4F8F32C9F36A
:102A30008823A9F00815190519F0C8010E943394DC
:102A400024969FAD249725968FAD25974C145D0451
:102A500011F4962D872D8601C92ED82E9CCFF80112
:102A6000818D928DD7015A969C938E935997C80168
:102A70000E946994C12CF80180859185A285B38557
:102A8000418952896389748984179507A607B70716
:102A900008F053C025E0B695A795979587952A9598
:102AA000D1F7F82FFF70DF2ED80113968C9182306A
:102AB00008F43ACF41E050E0BE016E5B7F4FC801A1
:102AC0000E948692019709F02FCFF80180859185A9
:102AD000A285B3854F96A11DB11D80879187A287DE
:102AE000B387F0E2DF9EB00111246B567D4E611575
:102AF000710509F419CFDB018C91882341F0853EE3
:102B000009F04DC0CC2029F0CC24C394B4CFC1101F
:102B10000EC08091951490919614A0919714B09145
:102B20009814F70184879587A687B787D08ADB0139
:102B30008C918111E9CFCC24C394822D827482348C
:102B400009F0F2CECC2009F4C7C0F701D08861E0CB
:102B5000C7010E942390009709F4E6CE20E2DC0131
:102B60001D922A95E9F72BE0FE01F796DC01019012
:102B70000D922A95E1F721E238E2FC01318B208B9E
:102B800040E058E057874687338B228B318F208F68
:102B9000578B468B0E942E8481110AC0C5CE4BE014
:102BA00050E0CE01C7960F94A440892B09F063CF63
:102BB0002D2D30E0F901B5E0EE0FFF1FBA95E1F7DA
:102BC000DF01AB56BD4E1B968C91817121F0822D99
:102BD000827109F020C1D70159968D919C915A9725
:102BE0004091951450919614609197147091981497
:102BF0001C964D935D936D937C931F975096DC923A
:102C00005097EB56FD4E84889588B12CA12C540129
:102C10009924882455968D929D92AD92BC92589796
:102C2000428D538D70E060E0482959296A297B293B
:102C300055964D935D936D937C935897A5E0220F25
:102C4000331FAA95E1F7D901AB56BD4E1B962C91C7
:102C5000287109F0D2C0848D958DA68DB78DF701AE
:102C6000818B928BA38BB48B81E08383822D8F70B9
:102C7000F7018183148215821682178210861186CD
:102C80001286138611E024FE04C0C7010F94550F6D
:102C9000182FCE014C960E945728CE0101960E9413
:102CA0005728812FCC5BDF4F0FB6F894DEBF0FBEE5
:102CB000CDBFDF91CF911F910F91FF90EF90DF90EB
:102CC000CF90BF90AF909F908F907F906F905F90CC
:102CD0004F903F902F900895D80113968C911397A1
:102CE000823009F421CE51968D919D910D90BC9129
:102CF000A02D803E9F4FAF41B10508F015CEC80111
:102D00000E94288F882309F40FCE0E942E848823E6
:102D100009F40ACED8015996ED91FC915A97149670
:102D20008D909D90AD90BC901797B2E08B1A910852
:102D3000A108B108858504C0880C991CAA1CBB1C7D
:102D40008A95D2F786859785A089B189880E991EC4
:102D5000AA1EBB1E81E080939D14809295149092D0
:102D60009614A0929714B0929814E5E9F2E180E0ED
:102D700092E0DF019C011D9221503040E1F7DD24FB
:102D8000D394D8015996ED91FC918481D816C0F462
:102D900080919E1490919F14DC01ED91FC9102882A
:102DA000F389E02D25E932E1B501A4014D0D511D56
:102DB000611D711D1995882309F4B6CDD394E1CF17
:102DC000258580E092E0A0E0B0E004C0880F991F64
:102DD000AA1FBB1F2A95D2F7F8014189528963893E
:102DE0007489840F951FA61FB71F818B928BA38BAD
:102DF000B48B85E992E1D12CB1CE203161F49701F9
:102E00002F5E3F4F0E946E8E882329F084E0D70109
:102E100013968C932BCFD70113961C9285CD682FD8
:102E200070E090E080E00D94EC108F929F92AF9252
:102E3000BF92CF92DF92EF92FF92CF936B017C0112
:102E4000B42E20E030E0A9010F94A63687FF07C01A
:102E50008DE20E94A732F7FAF094F7F8F094C0E000
:102E600060E070E080E09FE3CB1541F02DEC3CEC9E
:102E70004CEC5DE30F940C37CF5FF6CFA7019601C2
:102E80000F948A3D6B017C010F94FD3E4B015C0168
:102E90000F94EC10CC2371F1C501B4010F94AB3643
:102EA0009B01AC01C701B6010F94893D6B017C0108
:102EB0008EE20E94A732C150E8F020E030E040E20C
:102EC00051E4C701B6010F940C376B017C010F94DC
:102ED000FD3E4B015C010F94EC10C501B4010F9451
:102EE000AB369B01AC01C701B6010F94893D6B0164
:102EF0007C01E1CFCF91FF90EF90DF90CF90BF901A
:102F0000AF909F908F900895EF92FF920F931F9331
:102F1000CF937B018A01C2E48F3F09F0C4E580E2D0
:102F20000E94A7328C2F0E94A7328AE30E94A73208
:102F3000F701608171818281938142E00E9415973F
:102F40008CEA9DE20E94AE32F8016081718182813B
:102F5000938142E00E94159762E070E080E090E08B
:102F6000CF911F910F91FF90EF900C94ADEF1F93B5
:102F7000CF93DF9300D000D01F921F92CDB7DEB762
:102F8000182F60912E1570912F15072E000C880BAD
:102F9000990B0F94AD366D837E838F8398878091D4
:102FA0002A1590912B15A0912C15B0912D15898380
:102FB0009A83AB83BC83AE014B5F5F4FBE016F5FF3
:102FC0007F4F80E80E9484976091021570910315ED
:102FD000072E000C880B990B0F94AD366D837E8302
:102FE0008F8398878091FE149091FF14A091001513
:102FF000B091011589839A83AB83BC83AE014B5F8B
:103000005F4FBE016F5F7F4F8FEF0E94849760918B
:1030100004151F3F39F08CE21802F0011124EA5D1B
:10302000FA4E628570E084EB9DE20E94D538609193
:10303000041570E08FEA9DE20E94D53828960FB6FD
:10304000F894DEBF0FBECDBFDF91CF911F910895E1
:103050002F923F924F925F926F927F928F929F92A8
:10306000AF92BF92CF92DF92EF92FF920F931F9396
:10307000CF93DF93CDB7DEB764970FB6F894DEBF7A
:103080000FBECDBF898B6A8B81E080932D021A829F
:103090001B821C821D8219861A861B861C861D8631
:1030A0002CE32E873CE13F8746E4488B312C212CD2
:1030B00050E85B8B8FEB8C8B198291E09887812C89
:1030C000912C54016091021570910315072E000C8C
:1030D000880B990B0F94AD367B018C01232D322D7B
:1030E0004B895C890F94A6368823B9F02091FE1491
:1030F0003091FF144091001550910115A989B70135
:10310000C801A111EEC00F94A636881F8827881F1A
:1031100089833E2C2F2C0B8B1C8B0E9448F06B015B
:103120007C01DC01CB0129853A854B855C85821BBE
:10313000930BA40BB50BB7FD2EC0D701C601885168
:103140009C4FAF4FBF4F89879A87AB87BC8780E082
:103150000E94B7978CEB9DE20E94AE3281149104DD
:10316000A104B10409F4EAC0C501B40168577C4E5A
:103170008F4F9F4F6C197D098E099F0928EE33E010
:1031800040E050E00F94EA3CCA01B9010E94452298
:103190008AE00E94A73280E00E94FF580E9448F017
:1031A00060938D1270938E1280938F129093901271
:1031B0009091FE149E83A091FF14AF83009100159F
:1031C00010910115292F3A2FA801632D722D8B899B
:1031D0009C890F94893D2B013C0120E030E0A9013E
:1031E0000F94EA3F87FF04C077FA709477F87094E1
:1031F00081149104A104B10409F0A4C020E030E0DE
:1032000040E050E4C301B2010F94A63687FF10C01E
:10321000B885812C912C5401BB2331F082E8882E93
:1032200086E0982EA12CB12C8C0C9D1CAE1CBF1CD2
:1032300029812223A9F18A819B81AC81BD81892BBF
:103240008A2B8B2B61F0D701C6012A813B814C81EF
:103250005D81821B930BA40BB50BB7FD21C02E81A2
:103260003F81A8016D857E858F8598890F94893D62
:1032700020E030E040E85FE30F94A63687FD35C0DC
:10328000D701C601805A9541AF4FBF4F8A839B83B8
:10329000AC83BD839E819D87AF81AE870F87188BDE
:1032A000BA89BB2339F08091240910922409811135
:1032B00010922D0280912D028823B9F0811491047F
:1032C000A104B10461F028E8C21A23E1D20AE1089E
:1032D000F108C818D908EA08FB08F7FE06C01886E6
:1032E000F1CE0F94A63687FF23C0B0912D02B9838B
:1032F000BB2321F010922D020F9432148981649621
:103300000FB6F894DEBF0FBECDBFDF91CF911F91F6
:103310000F91FF90EF90DF90CF90BF90AF909F9074
:103320008F907F906F905F904F903F902F90089577
:103330003E2C2F2C0B8B1C8B1982EFCE8FE30E941F
:10334000A73226CF20E030E040E450E4C301B201D0
:103350000F94EA3F18160CF06BCF4601570168CF67
:103360002F923F924F925F926F927F928F929F9295
:10337000AF92BF92CF92DF92EF92FF920F931F9383
:10338000CF93DF93CDB7DEB765970FB6F894DEBF66
:103390000FBECDBF898B6A8B4B8B81E080932D0252
:1033A0001A821B821C821D8219861A861B861C8625
:1033B0001D862CE32E873CE13F8746E4488B312C69
:1033C000212C50E85C8B8FEB8D8B198291E09887D4
:1033D000812C912C540160912E1570912F15072E80
:1033E000000C880B990B0F94AD367B018C01232DBB
:1033F000322D4C895D890F94A6368823B9F020912F
:103400002A1530912B1540912C1550912D15AA8914
:10341000B701C801A111EEC00F94A636881F8827F6
:10342000881F89833E2C2F2C0C8B1D8B0E9448F00B
:103430006B017C01DC01CB0129853A854B855C85DC
:10344000821B930BA40BB50BB7FD2EC0D701C60191
:1034500088519C4FAF4FBF4F89879A87AB87BC87F6
:1034600089890E94B79788EB9DE20E94AE32811451
:103470009104A104B10409F4EAC0C501B401605388
:10348000784F8F4F9F4F6C197D098E099F0928EE49
:1034900033E040E050E00F94EA3CCA01B9010E94D9
:1034A00045228AE00E94A73280E00E94FF580E94D5
:1034B00048F060938D1270938E1280938F129093C8
:1034C000901290912A159E83A0912B15AF830091A5
:1034D0002C1510912D15292F3A2FA801632D722D2F
:1034E0008C899D890F94893D2B013C0120E030E0BF
:1034F000A9010F94EA3F87FF04C077FA709477F828
:10350000709481149104A104B10409F0A4C020E0D6
:1035100030E040E85FE3C301B2010F94A63687FFB5
:1035200010C0B885812C912C5401BB2331F08AE95D
:10353000882E82E0982EA12CB12C8C0C9D1CAE1CE8
:10354000BF1C29812223A9F18A819B81AC81BD8185
:10355000892B8A2B8B2B61F0D701C6012A813B81F5
:103560004C815D81821B930BA40BB50BB7FD21C071
:103570002E813F81A8016D857E858F8598890F9466
:10358000893D20E030E040EC5FE30F94A63687FDF4
:1035900035C0D701C601805A9541AF4FBF4F8A83CE
:1035A0009B83AC83BD839E819D87AF81AE870F8750
:1035B000188BBB89BB2339F0809124091092240910
:1035C000811110922D0280912D028823B9F081146F
:1035D0009104A104B10461F020EDC21A27E0D20ADF
:1035E000E108F108C818D908EA08FB08F7FE06C088
:1035F0001886F1CE0F94A63687FF23C0B0912D0216
:10360000B983BB2321F010922D020F9432148981CB
:1036100065960FB6F894DEBF0FBECDBFDF91CF9198
:103620001F910F91FF90EF90DF90CF90BF90AF90E0
:103630009F908F907F906F905F904F903F902F90D2
:1036400008953E2C2F2C0C8B1D8B1982EFCE8FE30F
:103650000E94A73226CF20E030E040E450E4C301CE
:10366000B2010F94EA3F18160CF06BCF46015701D8
:1036700068CF809122028F3708F44EC08F57909107
:10368000301590932309992309F444C02C9A209172
:1036900004152093220990910201211190959072B6
:1036A000909300012091000830E0359527952093F4
:1036B000210990910201232B09F090959074909329
:1036C00000018F5F809322028091200991E0892779
:1036D0008093200980912102980F85300CF090E0B2
:1036E000823009F47AC06CF5882309F440C0813037
:1036F00009F467C0909321020E94AA8B8091A90EC1
:103700009091AA0E009729F001979093AA0E8093AA
:10371000A90E08952C98BBCF90912309891708F022
:103720002C9890912209891728F0909102019072AB
:103730009093000190912109891718F2909102014C
:10374000BDCF843009F461C00CF45AC0853091F6C5
:1037500020911F09211102C080931F0980911F0928
:10376000815080931F09882329F295E0C3CF80916F
:1037700020028F5F80311CF480932002BBCF109217
:10378000200280911E09811113C0209126153091CD
:10379000271530932915209328152091FA1430917C
:1037A000FB143093FD142093FC1481E080931E09D8
:1037B00010922715109226151092FB141092FA14ED
:1037C00099CF88E080937B0085E480937C00809192
:1037D0007A00806480937A008DCF80917A0086FD94
:1037E00027C04091780050917900209126153091A2
:1037F0002715240F351F30932715209326157ACFD0
:1038000088E080937B0086E4E0CF80917A0086FD9B
:1038100011C040917800509179002091FA143091B4
:10382000FB14240F351F3093FB142093FA1462CF3E
:1038300092E060CF94E05ECF0F930FB70F930091AB
:103840006E000D7F00936E0078940F930BB70F936B
:103850000CB70F921F922F933F934F935F936F93E9
:103860007F938F939F93AF93BF93EF93FF93112415
:103870000E94399BFF91EF91BF91AF919F918F91E2
:103880007F916F915F914F913F912F911F900F907A
:103890000CBF0F910BBF0F910260F89400936E0064
:1038A0000F910FBF0F911895CF93DF93C6E2D5E12B
:1038B000198618860E9442881A862C98CAEFD4E18D
:1038C000198618860E9402291A8680910201807248
:1038D00080930001DF91CF9108958F929F92AF92D4
:1038E000BF92CF92DF92EF92FF920F931F93CF93ED
:1038F000DF93B0E2A0E06A2F70E0AB014B0F511DE7
:1039000055954795411119C0EFEEFCE26591749110
:10391000072E000C880B990B0F94AD36DF91CF91D9
:103920001F910F91FF90EF90DF90CF90BF90AF90DD
:103930009F908F900895B42FE0CFA41711F0B41387
:1039400003C0EBE6FDE2E2CF9A0121503109220FDC
:10395000331F220F331FF901E351F34DE590F4902B
:10396000F901EF50F34DC591D4918E159F0518F3D1
:10397000A42FC817D90708F4BECFF901E151F34DC0
:1039800005911491F901ED50F34DC590D4908E1925
:103990009F09BC0190E080E00F94AB364B015C01C5
:1039A000B601601B710B072E000C880B990B0F944E
:1039B000AD369B01AC01C501B4010F940C374B012E
:1039C0005C01CE19DF09BE0190E080E00F94AB36B8
:1039D0009B01AC01C501B4010F94843E6B017C01D5
:1039E000B801110F880B990B0F94AD369B01AC01F8
:1039F000C701B6010F948A3D91CFCF92DF92EF922B
:103A0000FF92CF93DF93EC01C880D980EA80FB80DE
:103A100085E99AE20E94AE32C701B6010E944522B2
:103A2000CC80DD80EE80FF8085E79AE30E94AE3295
:103A3000C701B6010E944522C884D984EA84FB8468
:103A400081E79AE30E94AE32C701B6010E94452287
:103A50008AE0DF91CF91FF90EF90DF90CF900C94B0
:103A6000A732BC012091E9083091EA084091E908A9
:103A70005091EA082417350731F481E026173707FB
:103A800009F080E008959A01F1CF61327105810556
:103A9000910538F4E5E9F6E26591749190E080E0F3
:103AA0000895AB01BC0140525109610971094115EA
:103AB00028E0520761057105C8F024E0529FC0015B
:103AC00011248B569D4DFC01329625913491FC01B9
:103AD00085919491AA27439FF001429F000CE11D1C
:103AE000FA1F11248E1B9F0BBC01D8CFDB01CA012A
:103AF000B695A795979587958C7F9C012B56394D48
:103B0000F90185919491F9013296A591B49147708C
:103B10004A9F90014B9F300D112443E03695279525
:103B20004A95E1F7821B930BDFCF0F930FB70F93EB
:103B300000916E000F930D7F00936E0000916F0057
:103B40000D7F00936F000F930BB70F930CB70F927D
:103B50001F922F933F934F935F936F937F938F9316
:103B60009F93AF93BF93EF93FF9311240E946E9E98
:103B7000FF91EF91BF91AF919F918F917F916F9145
:103B80005F914F913F912F911F900F900CBF0F911C
:103B90000BBF0F910260F89400936F000F91009398
:103BA0006E000F910FBF0F911895000080913209A0
:103BB00080FF23C089988FEF8093C30880913209DA
:103BC00081FF1EC08F9A8FEF8093C40880913209C5
:103BD00082FF19C080910B0180958270809309014A
:103BE0008FEF8093C5088091320983FF13C0169828
:103BF0008FEF8093C60800000895899A81E0DCCF9A
:103C00008F9881E0E1CF80910B0182708093090150
:103C100081E0E7CF169A81E0ECCF80919608877F0C
:103C200080939608129A81E00895129880919608E0
:103C3000886080939608089521E030E0082E02C045
:103C4000220F331F0A94E2F7209530959091960841
:103C5000292320939608813061F020F0823071F0A2
:103C600081E008955F9A8091A70E8E7F8093A70EC2
:103C7000F7CF8A9A8091A70E8D7FF8CF80910801A7
:103C800080958170809306018091A70E8B7FEECF87
:103C900080E00E941C9E81E00E941C9E82E00E94A7
:103CA0001C9E0C940D9E813089F070F0823081F062
:103CB00021E030E001C0220F8A95EAF78091960852
:103CC000822B8093960808955F98F2CF8A98F0CF60
:103CD00090910801917090930601EACF2F923F9244
:103CE0004F925F926F927F928F929F92AF92BF920C
:103CF000CF92DF92EF92FF920F931F93CF93DF93B8
:103D0000CDB7DEB767970FB6F894DEBF0FBECDBF55
:103D10008FEF9FEF90938900809388002AE029839A
:103D2000312C212C78948091E5089091E608A0919F
:103D3000E708B091E808892B8A2B8B2B09F029C260
:103D40008091EB08882371F18091E9089091EA084D
:103D50001092EB08892B09F41CC21092EA08109209
:103D6000E9081092DC08909163158091641598170A
:103D700031F0809164158F5F8770809364154FEFE9
:103D80005FEFBA0140931B0250931C0260931D0227
:103D900070931E0240931702509318026093190209
:103DA00070931A028091E9089091EA08892B09F42E
:103DB000F0C14091E1085091E2086091E3087091F0
:103DC000E4088091DD089091DE08A091DF08B091B1
:103DD000E008481759076A077B0708F0DAC1009125
:103DE000810910E030E020E0841B950BA60BB70B97
:103DF000081719072A073B0710F4D901C8018E8B51
:103E0000840F951FA61FB71F8093E1089093E208C7
:103E1000A093E308B093E4087724739400919F087B
:103E20001091A0082091A1083091A2088091AF08BC
:103E30009091B008A091B108B091B208080F191F75
:103E40002A1F3B1F0093AF081093B0082093B108BE
:103E50003093B20837FD18C080919B0890919C0860
:103E6000A0919D08B0919E0848015901881A990AAD
:103E7000AA0ABB0AD501C4018093AF089093B00889
:103E8000A093B108B093B2084091A3085091A40840
:103E90006091A5087091A6088091B3089091B4082C
:103EA000A091B508B091B608480F591F6A1F7B1F33
:103EB0004093B3085093B4086093B5087093B60864
:103EC00077FD18C080919B0890919C08A0919D0857
:103ED000B0919E085A016B01A81AB90ACA0ADB0AF6
:103EE000D601C5018093B3089093B408A093B50898
:103EF000B093B608C090A708D090A808E090A90891
:103F0000F090AA088091B7089091B808A091B908DC
:103F1000B091BA088C0D9D1DAE1DBF1D8093B708D2
:103F20009093B808A093B908B093BA08B7FD18C029
:103F3000C0909B08D0909C08E0909D08F0909E084F
:103F40004C015D018C189D08AE08BF087501640125
:103F5000C092B708D092B808E092B908F092BA08B7
:103F60008090AB089090AC08A090AD08B090AE08DF
:103F7000C090BB08D090BC08E090BD08F090BE088F
:103F8000C80CD91CEA1CFB1CC092BB08D092BC0810
:103F9000E092BD08F092BE08F7FC55C080909B08E7
:103FA00090909C08A0909D08B0909E08C818D908D1
:103FB000EA08FB08C092BB08D092BC08E092BD089A
:103FC000F092BE08C090E908D090EA08E6E4CE0E70
:103FD000D11CF601C080D180E280F380CD28CE28AC
:103FE000CF2809F45FC18090C608082C000C9908FE
:103FF000AA08BB08C0900409D0900509E090060902
:10400000F0900709C818D908EA08FB08C09204090B
:10401000D0920509E0920609F0920709C090D008F5
:10402000D090D108E090D208F090D308F1E0CF1AF8
:10403000D108E108F108C092D008D092D108E092EE
:10404000D208F092D308F12C711004C0C090840003
:10405000D090850037FD1CC04090C308042C000C94
:104060005508660877088090F8089090F908A090A5
:10407000FA08B090FB08840C951CA61CB71C809213
:10408000F8089092F908A092FA08B092FB08889A72
:1040900077FD1CC04090C408042C000C550866082D
:1040A00077088090FC089090FD08A090FE08B090E2
:1040B000FF08840C951CA61CB71C8092FC089092EB
:1040C000FD08A092FE08B092FF088E9AB7FD21C0AD
:1040D0004090C508042C000C5508660877088090AD
:1040E000000990900109A0900209B0900309840C86
:1040F000951CA61CB71C8092000990920109A09201
:104100000209B0920309F0910B01F095F870F09359
:104110000901FF20E1F04090C608042C000C55086E
:10412000660877088090040990900509A090060918
:10413000B0900709840C951CA61CB71C809204093A
:1041400090920509A0920609B0920709149AC090AE
:104150008400D0908500C0908400D090850037FF07
:10416000889877FF8E98B7FD05C080910B01887005
:1041700080930901F11014988E88882021F0809195
:104180008400909185002E8921502E8B712C211155
:1041900045CE80911B0290911C02A0911D02B0910E
:1041A0001E020097A105B10509F07FC04091BF082C
:1041B0005091C0086091C1087091C2088091970821
:1041C00090919808A0919908B0919A08840F951F32
:1041D000A61FB71F8093BF089093C008A093C10883
:1041E000B093C208B7FD4DC04091C608042E000C24
:1041F000550B660B770B009104091091050920916E
:10420000060930910709040F151F261F371F009359
:1042100004091093050920930609309307090091BA
:10422000D0081091D1082091D2083091D308400FC6
:10423000511F621F731F4093D0085093D1086093A1
:10424000D2087093D30840919B0850919C086091CC
:104250009D0870919E08841B950BA60BB70B80934D
:10426000BF089093C008A093C108B093C208149AE5
:1042700080918400909185008091840090918500C8
:1042800014988091170290911802A0911902B09190
:104290001A0280931B0290931C02A0931D02B093FC
:1042A0001E0208C0FF24F394CFCE8F3F9F4FAF4F25
:1042B000BF4F39F380905C0290905D02A0905E0247
:1042C000B0905F028A829B82AC82BD8289288A2854
:1042D0008B2809F055C0A0909112B0909212BF8A1D
:1042E000AE8AA114B10409F43AC010910901127008
:1042F00082E00E94539E000080910B011A141B045F
:104300000CF08095827080930901000080910B0170
:10431000809588708093090100C000008EE090E0D5
:104320000197F0F780910B018870809309010000DC
:1043300080910B011111809582708093090100001A
:10434000CE88DF8880919112909192121C141D04E6
:104350000CF0E2C0019790939212809391120E9408
:104360006C2E882309F4DAC080ED97E0A0E0B0E07D
:1043700080935C0290935D02A0935E02B0935F0213
:104380008091E5089091E608A091E708B091E808CF
:10439000892B8A2B8B2B09F024C38090E9089090FD
:1043A000EA089F8A8E8A8114910409F4AEC0809134
:1043B000E1089091E208A091E308B091E4084091EF
:1043C000DD085091DE086091DF087091E0088417E5
:1043D0009507A607B70708F4A5C08091AF09882301
:1043E00009F46DC0F40185899689A789B08D892B60
:1043F0008A2B8B2BA1F4818D928DA38DB48D892B6B
:104400008A2B8B2B61F4858D968DA78DB0A1892B7E
:104410008A2B8B2B21F480917F0E8823B1F1AE89FA
:10442000BF8991966D917D918D919C919497C0904B
:10443000E907D090EA07E090EB07F090EC07AB5B60
:10444000BF4F2C9123FF07C0909580957095619583
:104450007F4F8F4F9F4F0F94AD362091891230912F
:104460008A1240918B1250918C120F940C379B0141
:10447000AC01C701B6010F94893D6093E9077093C1
:10448000EA078093EB079093EC078091F20787305F
:10449000B1F48091F10780FF10C08091ED079091F9
:1044A000EE07A091EF07B091F0078093E907909392
:1044B000EA07A093EB07B093EC071092F107109274
:1044C000EA081092E9081092DC0890916315809137
:1044D0006415981731F0809164158F5F8770809311
:1044E000641588248A94982C540180921B0290921F
:1044F0001C02A0921D02B0921E028092170290929E
:104500001802A0921902B0921A0280ED882E87E05C
:10451000982EA12CB12C94C001961DCF8FEF9FEF48
:10452000DC0126CF4091D8085091D9086091DA0873
:104530007091DB08481759076A077B0708F494C491
:104540008091D4089091D508A091D608B091D70851
:10455000EE89FF8945A956A967A970AD841795070B
:10456000A607B70708F077C40097A105B10509F0C1
:104570000DC3C090F307D090F407E090F507F090DA
:10458000F607C701B6010E94F6EE4B015C0180916F
:10459000D4089091D508A091D608B091D708880D7D
:1045A000991DAA1DBB1D8093D4089093D508A09394
:1045B000D608B093D708E091E908F091EA08FF8B9C
:1045C000EE8BEA5BFF4F80819181A281B3810097DE
:1045D000A105B105A9F1EE89FF89E55BFF4F408098
:1045E0005180712C612C0091D0081091D10820913C
:1045F000D2083091D30804151505260537051CF09F
:1046000080E090E0DC01BC01CD016C0D7D1D8E1DB4
:104610009F1D0E94459D2E893F89265B3F4FD901F2
:104620002C9104C0660F771F881F991F2A95D2F717
:1046300060931702709318028093190290931A02E4
:104640008091E9089091EA08892B09F0C2C10E9483
:10465000CD879093EA088093E908892B09F4B9C1C2
:10466000C090E908D090EA08DF8ACE8AD6018C9102
:1046700083FF02C00C94D4A9F601E05AFF4F808159
:104680009181A281B38180936F0E9093700EA0935D
:10469000710EB093720E80E13496ABECBDE00190E8
:1046A0000D928A95E1F7EE89FF89458856886788DB
:1046B000708C81E0411451046104710409F480E0BC
:1046C000AE89BF8959968D909D90AD90BC905C97B6
:1046D00081149104A104B10411F00C9401AAAE89D3
:1046E000BF895D96CD90DD90ED90FC909097C114C0
:1046F000D104E104F10409F084608093DC08109295
:10470000C7081092C8081092C9081092CA081092DF
:10471000D4081092D5081092D6081092D708EE89C6
:10472000FF8945A156A167A170A54093DD0850936C
:10473000DE086093DF087093E00888279927DC0182
:10474000841B950BA60BB70B8093BF089093C008F2
:10475000A093C108B093C2088093AF089093B008AB
:10476000A093B108B093B2088093B3089093B408B3
:10477000A093B508B093B6088093B7089093B80893
:10478000A093B908B093BA088093BB089093BC0873
:10479000A093BD08B093BE0881A192A1A3A1B4A12A
:1047A000880F991FAA1FBB1F440C551C661C771C41
:1047B00040929F085092A0086092A1087092A208AF
:1047C000880C991CAA1CBB1C8092A3089092A40878
:1047D000A092A508B092A608CC0CDD1CEE1CFF1C14
:1047E000C092A708D092A808E092A908F092AA085F
:1047F0008093AB089093AC08A093AD08B093AE083B
:10480000440F551F661F771F40939B0850939C08C9
:1048100060939D0870939E081092E1081092E20840
:104820001092E3081092E40841A552A563A574A56F
:104830004093D8085093D9086093DA087093DB0846
:1048400045A556A567A570A94093CC085093CD08FF
:104850006093CE087093CF08EA5BFF4F408151818F
:1048600062817381452B462B472BA1F0EE89FF898E
:10487000E65BFF4F208104C0880F991FAA1FBB1F52
:104880002A95D2F78093970890939808A093990857
:10489000B0939A08EE89FF89EB5BFF4F808190917E
:1048A0003209891721F0809332090E94D59D0E9418
:1048B000AA8B88248A94982C540180921302909297
:1048C0001402A0921502B0921602EE89FF89FD969D
:1048D000E080F18002811381AE89BF89D1962D914C
:1048E0003D914D915C91D497AD5ABF4FBF8BAE8B2C
:1048F0006D917D918D919C910E947D861092CB0847
:10490000EE89FF8960817181828193810E94F6EE38
:104910004B015C018091D4089091D508A091D608F4
:10492000B091D708880D991DAA1DBB1D8093D4088E
:104930009093D508A093D608B093D708C090E90803
:10494000D090EA08DF8ACE8AF601EA5BFF4F8081C9
:104950009181A281B3810097A105B105D1F135966E
:104960000081118130E020E0C090D008D090D108C3
:10497000E090D208F090D308C016D106E206F30604
:104980001CF080E090E0DC01EE89FF89ED5AFF4FDA
:104990000081118122813381BC01CD01600F711F23
:1049A000821F931F0E94459D2E893F89265B3F4FA2
:1049B000D9012C9104C0660F771F881F991F2A9573
:1049C000D2F76093170270931802809319029093A4
:1049D0001A028092E5089092E608A092E708B09249
:1049E000E8088A809B80AC80BD8089288A288B2833
:1049F000D1F48091E5089091E608A091E708B09184
:104A0000E8088A3F9105A105B10568F43AEFA32EA5
:104A1000B12CC12CD12CA092E508B092E608C0922E
:104A2000E708D092E80840915C0250915D026091E5
:104A30005E0270915F02C090E508D090E608E090B9
:104A4000E708F090E8084F3F2FEF52076207720720
:104A500099F0D701C601B695A79597958795481700
:104A600059076A077B0740F480935C0290935D02CC
:104A7000A0935E02B0935F0240915C0250915D0290
:104A800060915E0270915F0200911B0210911C0206
:104A900020911D0230911E02DB01CA01C416D50609
:104AA000E606F70610F4D701C6010097E1E0AE076D
:104AB000B10520F08FEF9FEFA0E0B0E008171907D5
:104AC0002A073B0710F4D901C801C81AD90AEA0A13
:104AD000FB0AC092E508D092E608E092E708F0925F
:104AE000E8080F3FFFEF1F072F073F0761F0081B84
:104AF000190B2A0B3B0B00931B0210931C022093F3
:104B00001D0230931E024F3F2FEF520762077207BC
:104B100061F0481B590B6A0B7B0B40935C0250936E
:104B20005D0260935E0270935F02F89420918400AE
:104B300030918500205F3F4F498141504983442394
:104B400009F462C4280E391E2216330608F4EAC896
:104B50003092890020928800789467960FB6F89476
:104B6000DEBF0FBECDBFDF91CF911F910F91FF90A0
:104B7000EF90DF90CF90BF90AF909F908F907F90FD
:104B80006F905F904F903F902F90089550E04E812E
:104B9000682FC92E8A2FAF81F885E9857A853B85F4
:104BA0002C859D853091E507369FE12D7727209153
:104BB000E607269FE00D711D1090E707169E700D09
:104BC0003C9DE00D711D2C9D700D389F700DAE2F1A
:104BD000F72FAE9F312D22279927A79F300D211D3A
:104BE000951FFE9F300D211D951FF79F200D911DD4
:104BF000A22FF92FAE9F412D22279927A79F400D65
:104C0000211D951FFE9F400D211D951FF79F200D13
:104C1000911DA22FF92F33276091F307C090F4075D
:104C20008091F50700906C06052A09F484C0209154
:104C300068062A9F3119650BC50A850B9091690694
:104C40009A9F30196109C50A850B40916A064A9FEF
:104C50006019C108850B2F9F30196109C50A850BA2
:104C60009F9F6019C108850B4F9FC0188109AE9F97
:104C7000412D22279927A79F400D211D951FFE9F9B
:104C8000400D211D951FF79F200D911DA22FF92F7B
:104C9000209164062A9F310D651FC51E851F9091C6
:104CA00065069A9F300D611DC51E851F40916606E1
:104CB0004A9F600DC11C851F2F9F300D611DC51EB1
:104CC000851F9F9F600DC11C851F4F9FC00C811DBC
:104CD000AE9F412D22279927A79F400D211D951F8B
:104CE000FE9F400D211D951FF79F200D911DA22FA6
:104CF000F92F209160062A9F3119650BC50A850B93
:104D0000909161069A9F30196109C50A850B4091FF
:104D100062064A9F6019C108850B2F9F30196109EF
:104D2000C50A850B9F9F6019C108850B4F9FC0184E
:104D300081090C941DA7209168062A9F310D651FDB
:104D4000C51E851F909169069A9F300D611DC51E75
:104D5000851F40916A064A9F600DC11C851F2F9FC9
:104D6000300D611DC51E851F9F9F600DC11C851FD5
:104D70004F9FC00C811DAE9F412D22279927A79FD1
:104D8000400D211D951FFE9F400D211D951FF79F72
:104D9000200D911DA22FF92F209164062A9F311911
:104DA000650BC50A850B909165069A9F30196109BC
:104DB000C50A850B409166064A9F6019C108850B9C
:104DC0002F9F30196109C50A850B9F9F6019C10883
:104DD000850B4F9FC0188109AE9F412D222799272F
:104DE000A79F400D211D951FFE9F400D211D951F62
:104DF000F79F200D911DA22FF92F209160062A9F69
:104E0000310D651FC51E851F909161069A9F300D5B
:104E1000611DC51E851F409162064A9F600DC11C21
:104E2000851F2F9F300D611DC51E851F9F9F600D23
:104E3000C11C851F4F9FC00C811D11244E83AF8361
:104E4000F887E9877A873B872C879D87DC2CC62EDD
:104E5000F12CE82E96CBAE89BF89D196CD90DD900E
:104E6000ED90FC90D4978DCB4091CC085091CD081B
:104E70006091CE087091CF08481759076A077B07E1
:104E800008F040C28091CB088111AAC0EE89FF8949
:104E9000EF5BFF4FE080F18002811381EE89FF8993
:104EA000E95AFF4F2081318142815381EE89FF8988
:104EB00061A972A983A994A90E947D86F1E0F0936B
:104EC000CB08AE89BF89D196CD90DD90ED90FC9056
:104ED000D497C701B6010E94F6EE4B015C018091A8
:104EE000C7089091C808A091C908B091CA08880D58
:104EF000991DAA1DBB1D8093C7089093C808A09355
:104F0000C908B093CA08E091E908F091EA08FF8B5C
:104F1000EE8BEA5BFF4F40805180628073804114CA
:104F200051046104710409F48BCBEE89FF89E35BC2
:104F3000FF4F80819181B0E0A0E04091D008509176
:104F4000D1086091D2087091D30884179507A607FD
:104F5000B7070CF05BC2C414D504E604F70409F4E7
:104F60006FCBC414D504E604F70408F059C2C3019A
:104F7000B2016C197D098E099F0911E00E94459DBF
:104F80002E893F89265B3F4FD9012C9104C0660FC3
:104F9000771F881F991F2A95D2F760931702709385
:104FA00018028093190290931A028091320983FBB0
:104FB000992790F9191709F443CBB8E08B27809310
:104FC00032098091C60881958093C6080000C414F8
:104FD000D504E604F70408F093C11698000030CB1E
:104FE0008091C7089091C808A091C908B091CA08DB
:104FF000EE89FF8941AD52AD63AD74AD841795075D
:10500000A607B70708F072C10097A105B10549F4DA
:10501000C090F307D090F407E090F507F090F60702
:1050200058CF50E04E85282FC92E8A2FFF85E8895A
:1050300079896A893B899C89AD893091E507329FDE
:10504000712D66279091E607929F700D611D10905B
:10505000E707129E600D3C9D700D611D9C9D600DCB
:10506000389F600DF72FE62FF79F312D9927AA273C
:10507000F69F300D911DA51FE79F300D911DA51FB7
:10508000E69F900DA11DF92FEA2FF79F412D99273B
:10509000AA27F69F400D911DA51FE79F400D911D6A
:1050A000A51FE69F900DA11DF92FEA2F3327209110
:1050B000F307C090F4078091F50700906C06052A6D
:1050C00009F484C0909168069F9F3119250BC50A89
:1050D000850BA0916906AF9F30192109C50A850B80
:1050E00040916A064F9F2019C108850B9E9F301979
:1050F0002109C50A850BAE9F2019C108850B4E9F5B
:10510000C0188109F79F412D9927AA27F69F400DC6
:10511000911DA51FE79F400D911DA51FE69F900DB6
:10512000A11DF92FEA2F909164069F9F310D251F35
:10513000C51E851FA0916506AF9F300D211DC51EA0
:10514000851F409166064F9F200DC11C851F9E9FA5
:10515000300D211DC51E851FAE9F200DC11C851F52
:105160004E9FC00C811DF79F412D9927AA27F69FBE
:10517000400D911DA51FE79F400D911DA51FE69FA6
:10518000900DA11DF92FEA2F909160069F9F311974
:10519000250BC50A850BA0916106AF9F3019210927
:1051A000C50A850B409162064F9F2019C108850BE7
:1051B0009E9F30192109C50A850BAE9F2019C10891
:1051C000850B4E9FC01881090C9468A990916806C0
:1051D0009F9F310D251FC51E851FA0916906AF9F9A
:1051E000300D211DC51E851F40916A064F9F200D61
:1051F000C11C851F9E9F300D211DC51E851FAE9FA2
:10520000200DC11C851F4E9FC00C811DF79F412D95
:105210009927AA27F69F400D911DA51FE79F400DD6
:10522000911DA51FE69F900DA11DF92FEA2F9091CA
:1052300064069F9F3119250BC50A850BA091650651
:10524000AF9F30192109C50A850B409166064F9F13
:105250002019C108850B9E9F30192109C50A850BAD
:10526000AE9F2019C108850B4E9FC0188109F79F7A
:10527000412D9927AA27F69F400D911DA51FE79F55
:10528000400D911DA51FE69F900DA11DF92FEA2F3E
:10529000909160069F9F310D251FC51E851FA0910F
:1052A0006106AF9F300D211DC51E851F409162060E
:1052B0004F9F200DC11C851F9E9F300D211DC51EB7
:1052C000851FAE9F200DC11C851F4E9FC00C811DE8
:1052D00011244E87FF87E88B798B6A8B3B8B9C8BE5
:1052E000AD8BDC2CC22EF12CE82EF3CD2E893F891C
:1052F000295A3F4FD901CD90DD90ED90FC90E9CD3A
:10530000169A6CCE8091130290911402A09115020E
:10531000B0911602B7FF3EC0EE89FF89E15BFF4FF7
:1053200060817181828193810E94F6EE6093130205
:105330007093140280931502909316028090E908EE
:105340009090EA089F8A8E8AF401EA5BFF4F808181
:105350009181A281B381892B8A2B8B2BD9F039962D
:1053600060817181828193810E94459D9401265BB9
:105370003F4FD9012C9104C0660F771F881F991FDA
:105380002A95D2F76093170270931802809319023E
:1053900090931A028090130290901402A09015022C
:1053A000B09016020C9420A38E899F8945960E9486
:1053B00074861092EA081092E9081092DC08909125
:1053C000631580916415981731F0809164158F5F93
:1053D000877080936415CC24CA94DC2C7601C0922B
:1053E0001B02D0921C02E0921D02F0921E02C0929B
:1053F0001702D0921802E0921902F0921A020C944D
:1054000027A382600C946FA31901A2CB412C512CCD
:105410003201C114D104E104F10411F40C9420A36D
:10542000C701B601641975098609970910E0A6CD70
:105430004F925F926F927F928F929F92AF92BF92A4
:10544000CF92DF92EF92FF92CF93DF9300D000D004
:10545000CDB7DEB79E838D830E94F62B4B015C0196
:10546000AD81BE8118964D905D906D907C901B979C
:10547000AC019B01C301B2010F94893D6B017C011A
:105480008091A30E9091A40EA091A50EB091A60EAE
:1054900089839A83AB83BC8320E030E0A901BC01FF
:1054A000CD010F94A636882349F020E030E0A90111
:1054B000C701B6010F94A6361816ECF0AD81BE8177
:1054C0001896CD92DD92ED92FC921B9726960FB620
:1054D000F894DEBF0FBECDBFDF91CF91FF90EF906C
:1054E000DF90CF90BF90AF909F908F907F906F9004
:1054F0005F904F90089529813A814B815C81C3016F
:10550000B2010F94EA3F87FFE1CF20919E0E3091C8
:105510009F0E4091A00E5091A10EC501B4010F94B1
:105520000C379B01AC0160E070E080E89FE30F94D2
:10553000893D9B01AC01C701B6010F94843EED810A
:10554000FE816087718782879387C0CFCF93DF9377
:105550008091C607811119C0C0911102D091120229
:10556000219720E030E040E05FE360912A157091E0
:105570002B1580912C1590912D150F948A3D0F9429
:10558000F63E21E06C177D070CF020E0822FDF91C2
:10559000CF910895AF92BF92CF92DF92EF92FF9298
:1055A0000F931F93CF93DF93CDE4DFE003E819E07F
:1055B0008DE5A82E8FE0B82EC12CD12C7601C39496
:1055C00069917991899199910F94AB36288939899C
:1055D0004A895B890F940C370F94FD3EF801619363
:1055E0007193819391938F01C616D706E806F90649
:1055F00010F46B017C01AC16BD0611F76FEF7FEF65
:10560000CB01A70196010F94EA3C209393093093B4
:1056100094094093950950939609DF91CF911F917A
:105620000F91FF90EF90DF90CF90BF90AF900895D3
:105630000F931F93CF93DF9301E61FE0CDE7D2E1F5
:10564000F80121913191419151918F0160E070E019
:1056500080E89FE30F94843E6993799389939993AB
:10566000F2E1CD38DF0761F70F949A22DF91CF91F5
:105670001F910F910C94CAAA9091631580916415A3
:10568000981306C08091A90E9091AA0E892B21F043
:1056900080E00E94FF58F0CF0895CF92DF92EF9202
:1056A000FF92FC01C080D180E280F38020916D0FD9
:1056B00030916E0F40916F0F5091700FC701B6017E
:1056C0000F940C370F94F73F6093951570939615D0
:1056D0008093971590939815C0928515D092861552
:1056E000E0928715F092881590916315809164156A
:1056F000981731F0FF90EF90DF90CF900D946122DA
:105700000E943CAB0E9402884091951550919615DD
:10571000609197157091981540930409509305096D
:105720006093060970930709882331F0FF90EF908A
:10573000DF90CF900C94662EFF90EF90DF90CF908B
:1057400008954F925F926F927F928F929F92AF9245
:10575000BF92CF92DF92EF92FF92CF93DF93EC0153
:1057600080E1FE01A9E7B5E101900D928A95E1F78C
:1057700020916D0F30916E0F40916F0F5091700F0F
:105780006C857D858E859F850F940C370F94F73F30
:105790006B017C012091690F30916A0F40916B0F72
:1057A00050916C0F688579858A859B850F940C379D
:1057B0000F94F73F4B015C012091650F3091660F0C
:1057C0004091670F5091680F6C817D818E819F8120
:1057D0000F940C370F94F73F2B013C012091610F80
:1057E0003091620F4091630F5091640F688179810D
:1057F0008A819B810F940C370F94F73F6093891532
:1058000070938A1580938B1590938C1540928D150B
:1058100050928E1560928F1570929015809291150E
:1058200090929215A0929315B0929415C0929515EE
:10583000D0929615E0929715F09298159091631575
:1058400080916415981781F0DF91CF91FF90EF90D0
:10585000DF90CF90BF90AF909F908F907F906F9090
:105860005F904F900D9461220E943CAB0E94028891
:10587000C82F89E895E10E947486CC2381F0DF91DE
:10588000CF91FF90EF90DF90CF90BF90AF909F901F
:105890008F907F906F905F904F900C94662EDF9169
:1058A000CF91FF90EF90DF90CF90BF90AF909F90FF
:1058B0008F907F906F905F904F900895CF92DF927E
:1058C000EF92FF92CF93DF93C82F0E94028894E05B
:1058D000C99FE0011124FE01E850F74FC080D1803C
:1058E000E280F38081110E94662EC358DD4EC7010D
:1058F000B6010F94AD36288139814A815B810F94BE
:105900000C37DF91CF91FF90EF90DF90CF9008950B
:105910009091631580916415981308C08091A90E29
:105920009091AA0E892B11F40C94489E80E00E945D
:10593000FF58EECFCF92DF92EF92FF92CF93DF939B
:10594000C82F0E94028894E0C99FE0011124FE0143
:10595000E451F74FC080D180E280F38081110E9432
:10596000662EC358DD4EC701B6010F94AD362881AF
:1059700039814A815B810F940C37DF91CF91FF9081
:10598000EF90DF90CF9008950E9402889091641567
:1059900090936315909362159093611594E690939C
:1059A000601520ED33E03093AA0E2093A90E8111EB
:1059B0000E94662E81E08093EB080895CF92DF92DB
:1059C000EF92FF92CF93DF932091A20E222311F149
:1059D000EC0108960E94832E6B017C0120E030E0F0
:1059E000A9010F94A6368823A9F0CE010E94F62BB8
:1059F0009B01AC01C701B6010F940C379B01AC01B0
:105A0000688579858A859B850F948A3D6887798723
:105A10008A879B87DF91CF91FF90EF90DF90CF90A7
:105A20000895CF92DF92EF92FF928091E30788234F
:105A300009F457C0C090DF07D090E007E090E1077D
:105A4000F090E20720E030E0A901C701B6010F9411
:105A5000A636882309F445C020E030E040E05FE34B
:105A6000C701B6010F940C379B01AC010F940C37A2
:105A70002BED3FE049E450E40F940C379B01AC015F
:105A800060E070E080E89FE30F94843E6B017C014E
:105A9000C0929B09D0929C09E0929D09F0929E09C8
:105AA00060914C0270914D02072E000C880B990BEF
:105AB0000F94AD362AE037ED43E25CE30F940C37E8
:105AC000A70196010F940C37609348027093490226
:105AD00080934A0290934B02FF90EF90DF90CF901B
:105AE0000895C12CD12C80E8E82E8FE3F82ED0CF7A
:105AF0002F923F924F925F926F927F928F929F92DE
:105B0000AF92BF92CF92DF92EF92FF920F931F93CB
:105B1000CF93DF93CDB7DEB7A0970FB6F894DEBF73
:105B20000FBECDBF1C017B015E834D83FC01E15B99
:105B3000FF4F208131814281538129833A834B83F6
:105B40005C83CA01B9010F94AB364B015C01D701EC
:105B50002D913D914D915C910F940C370F94683EBF
:105B60002B013C01ED81FE812081318142815381F5
:105B7000C501B4010F940C370F94683E6B017C0192
:105B8000C301B2010F94FD3E6D877E878F87988B8E
:105B9000683771058105910540F428E730E040E061
:105BA00050E02D873E874F87588BC701B6010F9471
:105BB000FD3E6D837E838F839887683771058105ED
:105BC000910540F488E790E0A0E0B0E08D839E83EB
:105BD000AF83B887D10195962D913D914D915C9100
:105BE000989729873A874B875C87F101E55AFF4FE1
:105BF00060817181828193816115710581059105B3
:105C000009F4FCC10F94AD366D8B7E8B8F8B988F12
:105C10009B01AC0160E070E080E89FE30F94843E5C
:105C2000698F7A8F8B8F9C8F20E030E040E05FE3BC
:105C30000F940C376B017C01A5019401C501B401DF
:105C40000F940C372B013C016D817E818F819885EB
:105C50000F94AB369B01AC010F940C379B01AC0148
:105C6000C301B2010F94893DA70196010F940C372F
:105C70004B015C016D857E858F8598890F94AB36CD
:105C80009B01AC010F940C376D8F7E8F8F8F98A383
:105C90009B01AC01C301B2010F94893DA70196019C
:105CA0000F940C372B013C010F94683E0F94FD3E7E
:105CB0006B017C01C501B4010F942C3F0F94FD3E94
:105CC000698B7A8B8B8B9C8BDC01CB018C0D9D1DA2
:105CD000AE1DBF1D29853A854B855C85281B390B78
:105CE0004A0B5B0BDA01C901B7FF61C069857A8590
:105CF0008B859C850F94AB36A30192010F948A3D4E
:105D0000A50194010F94893D20E030E040E05FE37D
:105D10000F940C370F94683E6B017C0120E030E05B
:105D2000A9010F94EA3F18161CF0C12CD12C760162
:105D3000C701B6010F94FD3E6B017C0189859A85F0
:105D4000AB85BC858C159D05AE05BF0510F46C01B7
:105D50007D0129853A854B855C852C193D094E09C5
:105D60005F09298B3A8B4B8B5C8BC701B6010F9473
:105D7000AB364B015C012D893E894F89588DCA0194
:105D8000B9010F948A3D9B01AC01C501B4010F9488
:105D90000C372D8D3E8D4F8D58A10F948A3D0F9459
:105DA00038400F94FD3E69837A838B839C8320E087
:105DB00034E244EF59E4698D7A8D8B8D9C8D0F947C
:105DC0000C374B015C0169817A818B819C812D8527
:105DD0003E854F855889621B730B840B950B0F947E
:105DE000AB36A50194010F940C370F94FD3E2B01A7
:105DF0003C0169817A818B819C812D813E814F811B
:105E00005885621B730B840B950B0F94AB36A50161
:105E100094010F940C370F94FD3E4B015C013FE65B
:105E2000431651046104710408F0F4C0F201EE0F4E
:105E3000FF1FEE0FFF1FEA5AF34E85919591A59132
:105E4000B4918C01AD8BB9874FE684169104A104FF
:105E5000B10408F0E7C0F401EE0FFF1FEE0FFF1FC3
:105E6000EA5AF34E4591559165917491342F252F3F
:105E7000698F7D8FD1019996CD92DD92ED92FC9242
:105E80009C979596CD90DD90ED90FC909897B701FA
:105E9000A60189899A89AB89BC89481B590B6A0B71
:105EA0007B0BD1019D964D935D936D937C93D09721
:105EB000F101ED5AFF4F8D859E85AF85B8898083AE
:105EC0009183A283B383D101D5964D925D926D9259
:105ED0007C92D897F10181AE92AEA3AEB4AEFD969E
:105EE000008311834D8942835985538334963083CF
:105EF0002183898D82839D8D938329813A814B8172
:105F00005C81D1962D933D934D935C93D497769677
:105F10002D813E814F815885208331834283538375
:105F2000719780819181A281B381892B8A2B8B2BE0
:105F300009F44BC0D10191966D917D918D919C9109
:105F400094970F94AB36209197093091980940911E
:105F5000990950919A090F940C374B015C01C701C4
:105F6000B6010F94AB369B01AC01C501B4010F948F
:105F7000843E6B017C01F101E55BFF4FFA87E98705
:105F800069817A818B819C810F94AB36A701960140
:105F90000F940C370F94FD3EA985BA856D937C93C1
:105FA000F101E35BFF4FFA83E9836D817E818F818D
:105FB00098850F94AB36A70196010F940C370F9478
:105FC000FD3EA981BA816D937C93A0960FB6F8949B
:105FD000DEBF0FBECDBFDF91CF911F910F91FF901C
:105FE000EF90DF90CF90BF90AF909F908F907F9079
:105FF0006F905F904F903F902F900895198E1A8E5A
:106000001B8E1C8E198A1A8A1B8A1C8AC12CD12CC1
:106010007601CDCEC301B2010E94CF868B018D8B5C
:10602000998712CFC501B4010E94CF86362F272F42
:10603000898F9D8F1FCFCF92DF92EF92FF920F93A8
:106040001F93CF93DF93C82FD0E08E01000F111F55
:10605000000F111FC8018655904F6C01F801EC5CD0
:10606000F64F7F010754184FF8012081318142819A
:106070005381F70160817181828193810F948A3D00
:10608000F60160837183828393838091AB0E85FFD9
:1060900021C0C554DC4F688180E59CE10E94CF326D
:1060A000F701408151816281738180E49CE10E940B
:1060B0005A35F80140815181628173818DE29CE102
:1060C000DF91CF911F910F91FF90EF90DF90CF90D4
:1060D0000C944436DF91CF911F910F91FF90EF9078
:1060E000DF90CF900895CF93DF931F92CDB7DEB7A7
:1060F000898360E0CE0101960E940F8861E0CE01A5
:1061000001960E940F8862E0CE0101960E940F88DE
:1061100089810F90DF91CF9108958F929F92AF92D6
:10612000BF92CF92DF92EF92FF92CF93DF932091B5
:106130002E02222309F48EC0EC018091C507E82EBF
:1061400080FF2CC08090300290903102A0903202EB
:10615000B0903302288139814A815B81C501B40145
:106160000F94EA3F181624F488829982AA82BB828F
:1061700080903C0290903D02A0903E02B0903F0281
:10618000288139814A815B81C501B4010F94A6360B
:1061900087FF04C088829982AA82BB82E1FE2CC05C
:1061A0008090340290903502A0903602B090370271
:1061B0002C813D814E815F81C501B4010F94EA3F7E
:1061C000181624F48C829D82AE82BF828090400299
:1061D00090904102A0904202B09043022C813D81F8
:1061E0004E815F81C501B4010F94A63687FF04C0BC
:1061F0008C829D82AE82BF82E2FE2CC0C0903802AB
:10620000D0903902E0903A02F0903B02288539851F
:106210004A855B85C701B6010F94EA3F181624F43E
:10622000C886D986EA86FB86C0904402D090450293
:10623000E0904602F0904702288539854A855B85C3
:10624000C701B6010F94A63687FF04C0C886D98659
:10625000EA86FB86DF91CF91FF90EF90DF90CF90A1
:10626000BF90AF909F908F9008958F929F92AF9222
:10627000BF92CF92DF92EF92FF921F93CF93DF9363
:10628000CDB7DEB760970FB6F894DEBF0FBECDBFB7
:106290008CEA9EE00E948DB08091AB0E83FD70C0B1
:1062A0002091A60F3091A70F4091A80F5091A90FF0
:1062B0006091B80E7091B90E8091BA0E9091BB0E9C
:1062C0000F94A636882309F45BC00E94A6AA182F53
:1062D000882331F00E94F4348EE79AE10E94AE32B6
:1062E0002091A60F3091A70F4091A80F5091A90FB0
:1062F0006091B80E7091B90E8091BA0E9091BB0E5C
:106300000F94893D6B017C0120E030E0A9010F94DE
:10631000EA3F87FF04C0F7FAF094F7F8F094209171
:1063200048023091490240914A0250914B02C70104
:10633000B6010F940C3720E030E84BE354E40F949F
:10634000EA3F1816DCF40E94F4348FE59AE10E94CB
:10635000AE328091B80E9091B90EA091BA0EB09164
:10636000BB0E8093A60F9093A70FA093A80FB09396
:10637000A90F88EB9EE00E944DAB02C01111E9CF3E
:106380002AE037ED43E25CE36091540270915502DC
:1063900080915602909157020F940C376B017C014B
:1063A0006091520270915302072E000C880B990BDA
:1063B0000F94AD369B01AC01C701B6010F940C37A9
:1063C0006D877E878F87988B8091A20E882309F432
:1063D00066C0C090A30ED090A40EE090A50EF090E1
:1063E000A60E20E030E0A901C701B6010F94A63641
:1063F000882379F02091B40E3091B50E4091B60EFD
:106400005091B70EC701B6010F94EA3F18160CF071
:1064100046C0C090B00ED090B10EE090B20EF09099
:10642000B30E80909E0F90909F0FA090A00FB09001
:10643000A10F20919A0F30919B0F40919C0F50918A
:106440009D0F6091AC0E7091AD0E8091AE0E90914B
:10645000AF0E0F94A636811108C0A5019401C701A3
:10646000B6010F94A6368823D1F04FEF5FEF6FEFA0
:106470007FEFCE010D960E94982960960FB6F89492
:10648000DEBF0FBECDBFDF91CF911F91FF90EF9088
:10649000DF90CF90BF90AF909F908F90089519821A
:1064A0001A821B821C821D821E821F8218861986F8
:1064B0001A861B861C86AE014F5F5F4FBE01635F6D
:1064C0007F4F8CEA9EE00E941CEE80E1ECEAFEE049
:1064D000AAE9BFE001900D928A95E1F7CECF8091B5
:1064E0008D0890918E08A0918F08B09190088093AC
:1064F000540290935502A0935602B0935702809194
:106500008B0890918C0890935302809352020895C7
:106510008091540290915502A0915602B091570279
:1065200080938D0890938E08A0938F08B093900865
:10653000809152029091530290938C0880938B0823
:1065400084E690E0909353028093520208958F92D4
:106550009F92AF92BF92CF92DF92EF92FF92CF9332
:10656000DF938090540290905502A0905602B09014
:106570005702FC01C080D180E280F38020E030E04F
:10658000A901C701B6010F94A636882341F0C09235
:106590005402D0925502E0925602F0925702C091F6
:1065A0005202D091530284E690E09093530280937C
:1065B0005202C0904802D0904902E0904A02F09006
:1065C0004B0280E090E0A0E8BFE380934802909304
:1065D0004902A0934A02B0934B020E9435B18092C7
:1065E000540290925502A0925602B0925702D09354
:1065F0005302C0935202C0924802D0924902E092E4
:106600004A02F0924B02DF91CF91FF90EF90DF9022
:10661000CF90BF90AF909F908F900895CF93DF93CE
:10662000CDB7DEB72C970FB6F894DEBF0FBECDBF47
:1066300019821A821B821C821D821E821F8218866A
:1066400019861A861B861C86AE014F5F5F4FBC0100
:106650008AE99FE00E941CEE2C960FB6F894DEBFEC
:106660000FBECDBFDF91CF910895EF92FF920F93B0
:106670001F93CF93DF937C018B010E942B2FCAE9DC
:10668000DFE0209148023091490240914A02509146
:106690004B02F70160817181828193810F94843E66
:1066A0002C853D854E855F850F948A3D6C877D875F
:1066B0008E879F87C8010E940EB3DF91CF911F91F3
:1066C0000F91FF90EF900C943CAB8F929F92AF9202
:1066D000BF92CF92DF92EF92FF921F93CF93DF93FF
:1066E000CDB7DEB760970FB6F894DEBF0FBECDBF53
:1066F000182F80E00E945EAC4B015C0180927F0805
:1067000090928008A0928108B092820881E00E9455
:106710005EAC6B017C01C0928308D0928408E09249
:106720008508F092860882E00E945EAC609387083C
:10673000709388088093890890938A081D861E8626
:106740001F86188A89829A82AB82BC82CD82DE82C1
:10675000EF82F88669877A878B879C8783E00E941F
:106760005EAC6D877E878F87988B8091A20E882381
:1067700021F0CE0101960E9418AA1E3FD9F480E1B3
:10678000FE013196AAE9BFE001900D928A95E1F7EA
:1067900060960FB6F894DEBF0FBECDBFDF91CF91EC
:1067A0001F91FF90EF90DF90CF90BF90AF909F90A0
:1067B0008F90089584E0189FF0011124DF01A65600
:1067C000B04F81E090E08C0F9D1FE80FF91F4081D2
:1067D0005181628173814D935D936D937C93139787
:1067E000D7CF8091AB0E85FF08C04DE15AE164E33D
:1067F0007AE18AE99FE00E94E3370D949A22CF93D1
:10680000DF93CDB7DEB72C970FB6F894DEBF0FBE7F
:10681000CDBF0F94D1160E9402889CE0E8EFF8E00B
:10682000DE01119601900D929A95E1F781110E9477
:10683000662ECE0101960E94FD9C2C960FB6F89410
:10684000DEBF0FBECDBFDF91CF9108952F923F9253
:106850004F925F926F927F928F929F92AF92BF9270
:10686000CF92DF92EF92FF920F931F93CF93DF931C
:1068700000D000D000D0CDB7DEB740909A0F509036
:106880009B0F60909C0F70909D0F80909E0F90903A
:106890009F0FA090A00FB090A10FC090A20FD0901A
:1068A000A30FE090A40FF090A50F8091A60F9091F8
:1068B000A70FA091A80FB091A90F8C839D83AE83E1
:1068C000BF830E94CAAA0E9464230E9411AD8BE775
:1068D000282E8FE1382EAEE2B2E0B987A8870FE606
:1068E0001FE1EBEBF3E0FB83EA83198289810E94CD
:1068F0001BB0C1010E946823A885B98512966D93CB
:106900007D938D939C931597C8010E946823E88519
:10691000F98566877787808B918B8091AB0E85FF99
:106920001DC0AA81BB816C9189E69FE10E94CF3294
:10693000E885F985428153816481758183E69FE111
:106940000E945A35A885B9851E964D915D916D912D
:106950007C9151978DE59FE10E944436B981BF5FDC
:10696000B983E4E02E0E311C8885998504969987B9
:1069700088870C5F1F4FAA81BB811196BB83AA83B6
:10698000B981B33009F0B2CF81E998E00F943F208C
:106990000E94E52D0E9418ABA301920160919A0F0D
:1069A00070919B0F80919C0F90919D0F0F94A63634
:1069B00081112CC0A501940160919E0F70919F0FD1
:1069C0008091A00F9091A10F0F94A63681111EC047
:1069D000A70196016091A20F7091A30F8091A40F5F
:1069E0009091A50F0F94A636811110C02C813D8186
:1069F0004E815F816091A60F7091A70F8091A80FC3
:106A00009091A90F0F94A6368823D1F029960FB63E
:106A1000F894DEBF0FBECDBFDF91CF911F910F91D4
:106A2000FF90EF90DF90CF90BF90AF909F908F90AE
:106A30007F906F905F904F903F902F900C94FFB39A
:106A400029960FB6F894DEBF0FBECDBFDF91CF9170
:106A50001F910F91FF90EF90DF90CF90BF90AF907C
:106A60009F908F907F906F905F904F903F902F906E
:106A70000895CF93DF9383E09AE10E94AE328CB108
:106A80006DEF79E185FB882780F90E94308880913D
:106A9000030167EF79E1869581700E94308889B1A2
:106AA00082FB882780F961EF79E191E089270E94D4
:106AB0003088C091F20788EE99E1C23051F10E940E
:106AC000AE3285EE99E10E94AE32CC23E1F0C730C0
:106AD00009F03FC086ED99E10E94AE3282E00E944B
:106AE0001AEFEC0183ED99E10E94AE3289EC99E155
:106AF000CD2B11F084EC99E10E94AE328AE0DF9157
:106B0000CF910C94A73280EE99E1DF91CF910C9454
:106B1000AE320E94AE3285EE99E10E94AE32C1E003
:106B2000D0E082E00E941AEFC817D90749F088EB3D
:106B300099E10E94AE328AE0DF91CF910C94A732A6
:106B400080EC99E10E94AE328AE0DF91CF910C9403
:106B5000A732D0E0C0E0E5CF80913109811104C0B7
:106B600080913309882331F062E070E080E090E0AA
:106B70000C94072F0895CF92DF92EF92FF92ADE42D
:106B8000BFE090E080E0FC01EF5BFD4D4591559149
:106B9000659174914D935D936D937D93FC01EF5CD2
:106BA000FD4D459155916591749150964D935D932E
:106BB0006D937C935397FC01EF5DFD4D459155918D
:106BC0006591749190964D935D936D937C9393979B
:106BD000049680319105B9F680E29EE4A0E0B0E031
:106BE00080935D0F90935E0FA0935F0FB093600F43
:106BF00080E090E8ABE3B4E48093810F9093820F40
:106C0000A093830FB093840F80E090E0AAE7B4E4F0
:106C10008093850F9093860FA093870FB093880F72
:106C200080E090E0A6E9B3E48093890F90938A0F07
:106C3000A0938B0FB0938C0F10928D0F10928E0F2C
:106C400010928F0F1092900F1092910F1092920F3E
:106C50001092930F1092940FC12CD12C80E2E82E49
:106C600081E4F82EC0929F09D092A009E092A10978
:106C7000F092A20980E090E0A0EAB0E48093A3093A
:106C80009093A409A093A509B093A6094AE959E9EC
:106C900069E97EE34093A7095093A8096093A90985
:106CA0007093AA098093AB099093AC09A093AD09A6
:106CB000B093AE0910923C0910923D0910923E0922
:106CC00010923F09109238091092390910923A092E
:106CD00010923B091092340910923509109236092E
:106CE0001092370981E08093AF098093F207C09238
:106CF000ED07D092EE07E092EF07F092F0070E94C6
:106D00002B2FC0929108D0929208E0929308F092B3
:106D100094080E94783880E090E0A8EDB1EC809370
:106D2000521590935315A0935415B0935515109286
:106D30005615109257151092581510925915109219
:106D40005A1510925B1510925C1510925D1580E03B
:106D500090E0AAECB1E48093461590934715A09378
:106D60004815B093491585E698E0A6EBBEE38093FD
:106D70004A1590934B15A0934C15B0934D1581E097
:106D80009FE1A0EEB3E480934E1590934F15A0932E
:106D90005015B093511583EC95E9ACE2B4E48093BF
:106DA0001A1590931B15A0931C15B0931D1580E226
:106DB0009BE1A2E9B1E480931E1590931F15A09367
:106DC0002015B093211587EF9CEDABECB5E48093D3
:106DD000221590932315A0932415B0932515109296
:106DE0007E0E0E942F281092E30780E090E0A0EE34
:106DF000BFE38093DF079093E007A093E107B09390
:106E0000E20710923109109230090E94ACB510923D
:106E10009709109298091092990910929A0980E0A6
:106E200090E0A6E9B2E48093D7079093D807A093A7
:106E3000D907B093DA078093DB079093DC07A09320
:106E4000DD07B093DE070E9426B40E94F4348DE380
:106E500090E20E94E238FF90EF90DF90CF900C9488
:106E60005E8C8091A80E882319F01092A80E0895C8
:106E700040E070E060E08AEA99E10E944E3C0F93A6
:106E80001F9380919312813019F50E9448F0009170
:106E90007608109177082091780830917908601B66
:106EA000710B820B930B28EE33E040E050E00F941F
:106EB000EA3C6091B5077091B6078091B707909151
:106EC000B807620F731F841F951F1F910F910895BC
:106ED00060917A0870917B0880917C0890917D0880
:106EE000D6CF1092931210927608109277081092D3
:106EF00078081092790810927A0810927B08109204
:106F00007C0810927D081092B5071092B607109277
:106F1000B7071092B80708950F931F930E9448F087
:106F200000912A0910912B0920912C0930912D09EB
:106F3000011511052105310509F064C020919B154B
:106F4000222309F45CC0E0919915215020939B15F0
:106F500021E02E0F2093991530919C15231302C028
:106F60001092991524E0E29FF0011124E356FA4EA5
:106F70000081118122813381009326091093270912
:106F80002093280930932909600F711F811D911DDD
:106F900060932A0970932B0980932C0990932D09F3
:106FA0008091280990912909892B49F11FB7F894FC
:106FB0008AE699E10E94E23884E096E09093DA163E
:106FC0008093D91680EA90E89093DC168093DB16C4
:106FD00087E08093CD1682E88093D01680EA90E017
:106FE000A0E0B0E08093D1169093D216A093D31670
:106FF000B093D4168DE796E10E94A7301FBF1F9172
:107000000F910895601B710B820B930B97FDF7CFC7
:10701000409810922A0910922B0910922C09109274
:107020002D09EDCFCF93DF93C091B307D091B40773
:10703000DF77209759F58091571783FD2BC00E9469
:10704000692F882319F180914F1790915017A091C3
:107050005117B09152170097A105B105B9F0BC01C5
:10706000CD01615F784D8F4F9F4F20E137E240E0C7
:1070700050E00F94EA3C609153177091541780913F
:107080005517909156170F94EA3CE901CE01DF9114
:10709000CF910895C0E1D7E2F9CF8C3221E0920779
:1070A00014F08CE291E090932F1580932E150C94A0
:1070B0005D28E0E9FEE010821182128213821482C0
:1070C0000C945D28CF92DF92EF92FF92FC01C0807A
:1070D000D180E280F38020E030E0A901C701B60151
:1070E0000F94A63620E030E0A90187FD14C020E00F
:1070F00030E048EC52E4C701B6010F94EA3F24E6C1
:1071000030E040E050E0181634F0C701B6010F94AB
:10711000F63E9B01AC01AFEFB0E00F942B3D24E6AF
:1071200030E040E050E00F940C3D2F3F310519F066
:1071300010F02FEF30E020937A0EFF90EF90DF9069
:10714000CF9008958091090180FF05C08091571765
:1071500082958170089581E008958091C80D811114
:1071600006C081E09091C90D93300CF480E0089541
:10717000CF92DF92EF92FF92FC01C080D180E2803B
:10718000F3800E9459B820E030E0A901C701B601A0
:107190000F94A63687FD1BC020E030E046E953E49B
:1071A000C701B6010F94EA3F181634F4C12CD12C54
:1071B00086E9E82E83E4F82EC701B6010F94F73F65
:1071C000CB01FF90EF90DF90CF900C944DB8C12C85
:1071D000D12C7601F1CFCF92DF92EF92FF92FC019A
:1071E000C080D180E280F380663059F51092950E10
:1071F0001092960E1092970E1092980E1092990E71
:107200000E94022920E030E0A901C701B6010F94D5
:10721000A63687FF25C0C12CD12C7601C701B60147
:107220000F94F73F6C38710514F06CE870E07093C0
:10723000031560930215FF90EF90DF90CF900C94B0
:1072400002290E9459B820E030E0A901C701B60127
:107250000F94A63687FF15C0C12CD12C760121C012
:1072600020E030E04CE053E4C701B6010F94EA3F60
:107270001816A4F6C12CD12C9CE0E92E93E4F92E2B
:10728000CDCF20E030E046E953E4C701B6010F94CA
:10729000EA3F181634F4C12CD12C86E9E82E83E499
:1072A000F82EC701B6010F94F73FCB01FF90EF9086
:1072B000DF90CF900C944DB8809163159091641538
:1072C000891B877089F48091B31081110DC0809162
:1072D000F0099091F109892B39F481E090914009EE
:1072E000911103C080E0089581E008952091B207D4
:1072F00020FF0DC020E83EE3629FA001639F500D78
:10730000729F500D1124CA010497F0F708950C9450
:10731000072F82E999E10E94E23880914C0F873073
:1073200059F183E08093100A61E070E080E090E022
:107330000E9476B981E09AE59093DA168093D91687
:1073400085E390E09093DC168093DB1687E08093D2
:10735000CD1682E88093D01684E890E0A0E0B0E0FB
:107360008093D1169093D216A093D316B093D416CF
:107370008DE796E10E94A730809193128130F1F061
:107380008230C9F40E943FB76093B5077093B60787
:107390008093B7079093B80781E0809393120E947F
:1073A00048F06093760870937708809378089093FC
:1073B000790881E008950E9471B7EECF80E00895CA
:1073C0000F9432141092C80D10922D020E94772F44
:1073D000882331F086E699E19093F1098093F009D2
:1073E00061E08FE599E10E94D7320C9489B99091C0
:1073F000A70E977081E0973009F080E008958091A2
:10740000AD159091AE158F3F980731F480915717C5
:1074100084FF07C00F945D0E9093AE158093AD1559
:10742000089590E080E0F8CFCF93DF931092B009F9
:107430001092F2091092F4091092F3091092750853
:1074400010927408CFEFDFEF8091571786FD07C0C9
:107450000E94D4F1D093AE15C093AD15F5CF8FEF48
:107460009FEF9093AE158093AD15DF91CF91089566
:10747000CF93DF93EB010E94AE32BE0190E080E03B
:10748000DF91CF910D94EC10CF92DF92EF92FF92AB
:107490006A017B010E94AE32C701B6010F94EC1065
:1074A0008AE0FF90EF90DF90CF900C94A732CF93BB
:1074B000DF93EB010E94AE32BE0190E080E00F94BA
:1074C000EC108AE0DF91CF910C94A7320E94D5385E
:1074D0008AE00C94A732AF92BF92CF92DF92EF92E4
:1074E000FF920F931F93CF93DF930E9483298823EA
:1074F00009F47BC010E000E0D0E035E0C32E46E0A8
:10750000D42E52E8F52E65E0E62EC0E0802F817083
:10751000B82EAC2EAD0E8C2D8C1BB11001C08C2F53
:10752000F801D89EE00DF11D1124EE0FFF1FEE0FA4
:10753000FF1FE454F14F20E030E04AE754E460815B
:107540007181828193810F940C370F94F63E709372
:10755000DA166093D916E092CD16F092D0168A2DE5
:1075600090E08058974F880F991F092E000CAA0BA6
:10757000BB0B8093D1169093D216A093D316B093E1
:10758000D4168DE796E10E94A730CF5FC63009F68A
:10759000DA5F0F5F1F4FD43209F0B7CF83E090E07E
:1075A0009093DA168093D916E092CD16F092D01609
:1075B00085E490E1A0E0B0E08093D1169093D216DC
:1075C000A093D316B093D4168DE796E10E94A7300E
:1075D00081E0DF91CF911F910F91FF90EF90DF90AD
:1075E000CF90BF90AF900C94393882E090E09093A8
:1075F000DA168093D91685E08093CD1682E88093C1
:10760000D01685E490E1A0E0B0E08093D11690938D
:10761000D216A093D316B093D4168DE796E10E94AC
:10762000A73080E0D6CFAF92BF92CF92DF92EF9299
:10763000FF920F931F93CF93DF93EC0184E6C82E44
:1076400080E2D82EE12CF12C02E8A12C90E2B92E98
:1076500015E00093D016C092D116D092D216E092C7
:10766000D316F092D416B092DA16A092D9161093CF
:10767000CD168DE796E10E94A7308FEFC81AD80A81
:10768000E80AF80A88E7C81680E2D806E104F1049F
:1076900001F724E630E240E050E0BE018DE796E1DC
:1076A000DF91CF911F910F91FF90EF90DF90CF90DE
:1076B000BF90AF900D94FE0E809193128130C9F56A
:1076C0008BE799E10E94E23881E09AE59093DA161F
:1076D0008093D9168EE490E09093DC168093DB16AD
:1076E00087E08093CD1682E88093D01684E890E0FE
:1076F000A0E0B0E08093D1169093D216A093D31659
:10770000B093D4168DE796E10E94A7308EE494E002
:107710000E9413BB82E0809393120E9448F0609312
:107720007A0870937B0880937C0890937D0881E0B1
:10773000089580E008950F931F93CF93DF938C01FA
:107740006F3F19F410927C1260E020917C12862F1A
:10775000062E000C990B2817190609F04CF56093BA
:107760007C12C8010F94F335800F911FEC01C01BF0
:10777000D10BC034D1053CF00197FC012491207C51
:107780002038D1F3F3CFDD27AE01B8018CE392E1CD
:107790000F941436C45CDD4E1882C8010E94413C2F
:1077A0008CE392E1DF91CF911F910F910C9413BB69
:1077B000DF91CF911F910F9108958F929F92AF9279
:1077C000BF92DF92EF92FF920F931F93CF93DF93BD
:1077D000CDB7DEB7CA5AD1090FB6F894DEBF0FBED7
:1077E000CDBFCF55DF4F188219821A821B82C15A32
:1077F000D0408091590490915A04A0915B04B091BB
:107800005C04CB55DF4F88839983AA83BB83C55A19
:10781000D04084E690E09093960F8093950F10925D
:10782000C9141092C8141092950864E070E0CE015B
:107830008B559F4F0E94E0EF8091950F9091960F8E
:1078400002969093960F8093950F1092C914109200
:10785000C81481E0C655DF4F8883CA5AD040CE0194
:1078600086559F4F0E94528C68E470E08DE49FE043
:107870000E94E0EF60E170E08FE999E00E94E0EFA4
:107880008AE097EDA3EABCE3CF55DF4F8883998365
:10789000AA83BB83C15AD040CE018F559F4F0E940F
:1078A0004E8C84E399E00E945A8C8FEA99E00E9402
:1078B000568C8DEE97E00E944E8C82EF97E00E94EE
:1078C000528C8091A30E9091A40EA091A50EB09120
:1078D000A60E89839A83AB83BC838E010F5F1F4FF3
:1078E000C8010E944E8CCF55DF4F188219821A8230
:1078F0001B82C15AD0407E018DE6E80EF11C83E068
:10790000F70180838983CE018F559F4F0E944E8C53
:10791000C7010E94528CC8010E94528C2AE0D22ECC
:10792000DA94DD2031F0CE018F559F4F0E944E8CAE
:10793000F7CF82E595E10E945A8CCF55DF4F188230
:1079400019821A821B82C15AD0409AE0D92EDA9449
:10795000DD2031F0CE018F559F4F0E944E8CF7CF26
:1079600086E08983F7018083C8010E94528CC70199
:107970000E94528C68E070E08FEC97E00E94E0EF8C
:1079800068E070E087EC97E00E94E0EF60E970E06B
:107990008CEB9EE00E94E0EF1982BB24BA94F701C1
:1079A000B082C8010E94568CC7010E94528C80E1AF
:1079B000D82EF8018D2D11928A95E9F760E170E0DB
:1079C000C8010E94E0EF1982C8010E94568C809184
:1079D000461590914715A0914815B0914915898396
:1079E0009A83AB83BC832CEA35EC47E25EE360917B
:1079F0004A1570914B1580914C1590914D150F942F
:107A0000843E6D837E838F8398872CEA35EC47E232
:107A10005EE360914E1570914F15809150159091D5
:107A200051150F940C3769877A878B879C8780E084
:107A300090E0A0E8BFE38D879E87AF87B88B198A57
:107A40001A8A1B8A1C8A64E170E0C8010E94E0EF78
:107A500084E190E09A83898362E070E0C8010E942B
:107A6000E0EF80911A1590911B15A0911C15B09113
:107A70001D1589839A83AB83BC832CEA35EC47E2DE
:107A80005EE360911E1570911F15809120159091F5
:107A900021150F94843E6D837E838F8398872CEA13
:107AA00035EC47E25EE360912215709123158091D9
:107AB0002415909125150F940C3769877A878B8749
:107AC0009C876CE070E0C8010E94E0EF8CE0EFE87A
:107AD000F2E0D80101900D928A95E1F76CE070E038
:107AE000C8010E94E0EF1982C8010E94528C8FE702
:107AF0008983C8010E94528CB982C8010E94528CAD
:107B000085E0EBE9F2E0D80101900D928A95E1F76A
:107B100065E070E0C8010E94E0EF80917E0E8983ED
:107B2000C8010E94568C80E2E0EAF2E0D8010190A0
:107B30000D928A95E1F760E270E0C8010E94E0EFE3
:107B4000F7011082C7010E94568C83EE97E00E94D5
:107B5000568C8FED97E00E944E8CCF55DF4F1882E8
:107B600019821A821B82C15AD040CE018F559F4F75
:107B70000E944E8C82E1F80111928A95E9F762E148
:107B800070E0C8010E94E0EF84E2E0ECF2E0D8018E
:107B900001900D928A95E1F764E270E0C8010E94BD
:107BA000E0EFF8018D2D11928A95E9F760E170E020
:107BB000C8010E94E0EF1A82198262E070E0C801F9
:107BC0000E94E0EF87E999E00E944E8CF801119243
:107BD000DA94E9F760E170E0C8010E94E0EF8CE61A
:107BE000F80111928A95E9F76CE670E0C8010E94ED
:107BF000E0EF68E070E087ED97E00E94E0EF1CE0C6
:107C0000F701812F11928A95E9F7C755DF4F188246
:107C1000C95AD04080E090E0A0E4B0E4C356DF4F02
:107C200088839983AA83BB83CD59D040C7010E9422
:107C30005A8CCE0187559F4F0E94528CCE0183569D
:107C40009F4F0E944E8C80E3F70111928A95E9F7CD
:107C500087E89FE10E94AE32E8EFF9E0D70101909A
:107C60000D921A95E1F760E370E0C7010E94E0EF22
:107C7000D0909508D11046C00091950F1091960FA5
:107C8000045611098091C8149091C914F701918389
:107C9000808384E690E09093960F8093950F64E044
:107CA00070E088E293E00E94E0EF62E070E0C701DC
:107CB0000E94E0EF0E94F434B80181EE9FE10E943F
:107CC00038BAF70180809180B12CA12C84ED9FE11E
:107CD0000E94AE32C501B4010F94EC1081ED9FE11A
:107CE0000E94AE320A3F124041F00E94F8338FE505
:107CF00090E20E94AE32DD24D394809195088D29C4
:107D00008093950880919508811109C060E081EC0D
:107D10009FE10E949BBB81EC9FE10E94413C8CEA69
:107D20009FE10E94E2389091950881E08927C6552D
:107D3000DF4F0FB6F894DEBF0FBECDBFDF91CF91FE
:107D40001F910F91FF90EF90DF90BF90AF909F90A9
:107D50008F9008951F93CF93DF93CDB7DEB7A89789
:107D60000FB6F894DEBF0FBECDBF9C0184E08093B8
:107D7000100A909160028091B007E92F092E000C43
:107D8000FF0B8E171F0621F42151394109F44DC014
:107D90009C3008F0A2C18827EF52F1448F4F0D9418
:107DA000813DB4BFD9BFDDBEFEBF1FBF23C069BFC9
:107DB00069BF48C06DC044BF48C081E09AE5909358
:107DC000DA168093D9168EE490E09093DC168093B7
:107DD000DB1687E08093CD1682E88093D01684E886
:107DE00090E0A0E0B0E08093D1169093D216A093DB
:107DF000D316B093D4168DE796E10E94A7308DE597
:107E000094E00E9413BB109160021093B00785EEBE
:107E100098E10E94AE32612F110F770B880B990BFE
:107E20000F94BE138AE00E94A732A8960FB6F8946A
:107E3000DEBF0FBECDBFDF91CF911F91089581E0CE
:107E40009AE59093DA168093D9168EE490E0909399
:107E5000DC168093DB1687E08093CD1682E8809352
:107E6000D01684E890E0A0E0B0E08093D116909323
:107E7000D216A093D316B093D4168DE796E10E9444
:107E8000A73083E794E0BDCF81E09AE59093DA16BE
:107E90008093D9168EE490E09093DC168093DB16E5
:107EA00087E08093CD1682E88093D01684E890E036
:107EB000A0E0B0E08093D1169093D216A093D31691
:107EC000B093D4168DE796E10E94A73087E994E03D
:107ED00098CF81E09AE59093DA168093D9168EE4D4
:107EE00090E09093DC168093DB1687E08093CD16AC
:107EF00082E88093D01684E890E0A0E0B0E0809320
:107F0000D1169093D216A093D316B093D4168DE7C2
:107F100096E10E94A73088E0E4EEF2E0DE011196DF
:107F200001900D928A95E1F7FE01399680E2DF011A
:107F30001D928A95E9F78091C60D811106C0809146
:107F4000AF096EE874E0811102C06FEB74E0CE01FE
:107F500001960F94CD4068EC74E0CE0101960F9429
:107F6000CD40CE0101964DCF81E09AE59093DA168F
:107F70008093D9168EE490E09093DC168093DB1604
:107F800087E08093CD1682E88093D01684E890E055
:107F9000A0E0B0E08093D1169093D216A093D316B0
:107FA000B093D4168DE796E10E94A7308FED94E050
:107FB00028CF81E09AE59093DA168093D9168EE463
:107FC00090E09093DC168093DB1687E08093CD16CB
:107FD00082E88093D01684E890E0A0E0B0E080933F
:107FE000D1169093D216A093D316B093D4168DE7E2
:107FF00096E10E94A7308AEE94E003CF81E09AE5F3
:108000009093DA168093D9168EE490E09093DC1664
:108010008093DB1687E08093CD1682E88093D0169C
:1080200084E890E0A0E0B0E08093D1169093D2165F
:10803000A093D316B093D4168DE796E10E94A73093
:1080400084E095E0DECE81E09AE59093DA168093A5
:10805000D9168EE490E09093DC168093DB1687E0CF
:108060008093CD1682E88093D01684E890E0A0E05B
:10807000B0E08093D1169093D216A093D316B0930C
:10808000D4168DE796E10E94A73081E195E0B9CE44
:1080900081E09AE59093DA168093D91684E490E013
:1080A0009093DC168093DB1687E08093CD1682E8F0
:1080B0008093D01684E890E0A0E0B0E08093D116E1
:1080C0009093D216A093D316B093D4168DE796E171
:1080D0000E94A7308EE195E094CE82E08093C70D98
:1080E0001092C80D8FEF98E10E94E2388CCECF92AB
:1080F000DF92EF92FF920F931F93CF93DF93CDB751
:10810000DEB77C01CDB6DEB60F94F33501962DB700
:108110003EB7281B390B0FB6F8943EBF0FBE2DBFDC
:108120000DB71EB70F5F1F4FB701C8010F94EC3595
:10813000C8010E94AABE0FB6F894DEBE0FBECDBE27
:10814000DF91CF911F910F91FF90EF90DF90CF9033
:108150000895CF93DF9300D01F92CDB7DEB78DEC9B
:1081600098E10E94E23880914C0F833061F11982CE
:108170001A821B821C82CE0101960E9462B8109264
:108180000F0A81E09AE59093DA168093D91683E37B
:1081900090E09093DC168093DB1687E08093CD16F9
:1081A00082E88093D01684E890E0A0E0B0E080936D
:1081B000D1169093D216A093D316B093D4168DE710
:1081C00096E10E94A7300F900F900F900F90DF91D3
:1081D000CF910895809193128150823080F40E9453
:1081E000A9C0109293120E9448F060937A0870938D
:1081F0007B0880937C0890937D0881E0089580E05F
:1082000008951092C80D10922D020E94692F90912E
:10821000571780FB97F99093571761E08FE399E127
:108220000E94D7320E94EAC040EB58E364E579E14E
:1082300085E00F94D91360E086E499E10C949BBB30
:108240008F929F92AF92BF92CF92DF92EF92FF9266
:108250000F931F93CF93DF930E9414BA3AE0C32E7B
:1082600030E2D32EE12CF12C15E002E84601570153
:10827000CAE0D0E01092DA161092D9161093CD16FB
:108280000093D0168092D1169092D216A092D31657
:10829000B092D4168DE796E10E94A73021978FEF18
:1082A000881A980AA80AB80A209721F78AE0C80E07
:1082B000D11CE11CF11C82EDC81680E2D806E10455
:1082C000F104A1F6C12C20E2D22EE12CF12CD5E054
:1082D000C2E81092DA161092D916D093CD16C09338
:1082E000D016C092D116D092D216E092D316F09248
:1082F000D4168DE796E10E94A7301092DA161092FC
:10830000D916D093CD16C093D016D701C6018C5282
:108310009F4FAF4FBF4F8093D1169093D216A0932B
:10832000D316B093D4168DE796E10E94A7308FEF55
:10833000C81AD80AE80AF80A8AE0C81680E2D806FD
:10834000E104F10431F69EEDC92E90E2D92EE12C24
:10835000F12CD5E0C2E81092DA161092D916D0931B
:10836000CD16C093D016C092D116D092D216E092FC
:10837000D316F092D4168DE796E10E94A7308FEFC6
:10838000C81AD80AE80AF80A86EEC81680E2D806A3
:10839000E104F10401F7CC24C39482E1D82EE12C4E
:1083A000F12C0AE010E0D5E0C2E81093DA16009351
:1083B000D916D093CD16C093D016C092D116D092B4
:1083C000D216E092D316F092D4168DE796E10E9471
:1083D000A7301093DA160093D916D093CD16C09318
:1083E000D016D701C6018096A11DB11D8093D1166C
:1083F0009093D216A093D316B093D4168DE796E13E
:108400000E94A7308FEFC81AD80AE80AF80A85E157
:10841000C81682E1D806E104F10439F6DF91CF9164
:108420001F910F91FF90EF90DF90CF90BF90AF9092
:108430009F908F9008950F931F93CF93DF9300D059
:1084400000D01F921F92CDB7DEB78091010A90E055
:108450008A3091050CF067C18AE08093010A80910F
:10846000020A9091030A8A3091050CF062C18AE0F9
:1084700090E09093030A8093020A8091FC0988237C
:1084800009F45EC188EB9091FB0991118460909191
:10849000FD099A3009F482601A8219829AE599835B
:1084A0009FEF9B838C83BE016F5F7F4F80E890E0DE
:1084B0000F94CE142091020A3091030A44E6429FA1
:1084C000C001439F900D11242091010A2D8320911A
:1084D000000A2E839F838887BE016B5F7F4F82E8EF
:1084E00090E00F94CE148091FC0981112BC1109261
:1084F000DA161092D91605E00093CD1612E8109303
:10850000D0168AE890E1A0E0B0E08093D116909375
:10851000D216A093D316B093D4168DE796E10E949D
:10852000A73089E090E09093DA168093D9160093F3
:10853000CD161093D0168CE890E1A0E0B0E08093C7
:10854000D1169093D216A093D316B093D4168DE77C
:1085500096E10E94A7308091FE099091FF099093C7
:10856000DA168093D91605E00093CD1612E8109321
:10857000D01688E890E1A0E0B0E08093D116909307
:10858000D216A093D316B093D4168DE796E10E942D
:10859000A7308091FE091092D9168093DA160093C5
:1085A000CD161093D01681EA90E0A0E0B0E0809361
:1085B000D1169093D216A093D316B093D4168DE70C
:1085C00096E10E94A7302091FE093091FF0937FD06
:1085D000E4C02F3F310519F014F02FEF30E0032EE7
:1085E000000C440B550BA4E6B0E00F942B3D2FEF8D
:1085F00030E040E050E00F940C3D3093DA162093C9
:10860000D91605E00093CD1612E81093D01680E439
:1086100091E1A0E0B0E08093D1169093D216A093A0
:10862000D316B093D4168DE796E10E94A7308091BF
:10863000010A90E09093DA168093D9160093CD1634
:108640001093D01682E491E1A0E0B0E08093D116BF
:108650009093D216A093D316B093D4168DE796E1DB
:108660000E94A7308091000A90E09093DA168093E0
:10867000D9160093CD161093D01684E491E1A0E0B2
:10868000B0E08093D1169093D216A093D316B093F6
:10869000D4168DE796E10E94A7308091020A90914E
:1086A000030A9093DA168093D9160093CD1610938F
:1086B000D01688E491E1A0E0B0E08093D1169093C9
:1086C000D216A093D316B093D4168DE796E10E94EC
:1086D000A7308091FB09882309F463C083E090E010
:1086E0009093DA168093D9160093CD161093D01676
:1086F00086E491E1A0E0B0E08093D1169093D21689
:10870000A093D316B093D4168DE796E10E94A730BC
:1087100028960FB6F894DEBF0FBECDBFDF91CF9184
:108720001F910F910895853691050CF498CE84E63B
:1087300094CE803992400CF4A0CE8FE892E099CE8E
:1087400080EBA1CE2091FE093091FF09C90101966D
:1087500097FD4F9625E0959587952A95E1F7019726
:108760009093DA168093D91605E00093CD1612E89F
:108770001093D0168AE890E1A0E0B0E08093D11683
:108780009093D216A093D316B093D4168DE796E1AA
:108790000E94A73088E090E0C6CE20E030E0A9013A
:1087A00022CF82E090E09CCFBC018EE39EE20E944B
:1087B0007D4D8BE39EE20C94AE322F923F924F920E
:1087C0005F926F927F928F929F92AF92BF92CF9261
:1087D000DF92EF92FF920F931F93CF93DF93009757
:1087E00009F0AAC11092F4091092F3099093750848
:1087F00080937408BAE0CB2EB0E2DB2EE12CF12C92
:1088000015E002E846015701C4E1D0E010920C16D1
:1088100010920B161093FF15009302168092031608
:1088200090920416A0920516B09206168FEA95E172
:108830000E94A73021972FEF821A920AA20AB20A49
:10884000209721F744E1C40ED11CE11CF11C8AE5FC
:10885000C81680E2D806E104F104A1F6C12CA0E21A
:10886000DA2EE12CF12CD5E0C2E810920C16109211
:108870000B16D093FF15C0930216C0920316D09228
:108880000416E0920516F09206168FEA95E10E9412
:10889000A73010920C1610920B16D093FF15C093B0
:1088A0000216D701C6018C529F4FAF4FBF4F809326
:1088B000031690930416A0930516B09306168FEA3C
:1088C00095E10E94A730EFEFCE1ADE0AEE0AFE0A0B
:1088D000FAE0CF16F0E2DF06E104F10431F6FEED36
:1088E000CF2EF0E2DF2EE12CF12CD5E0C2E8109281
:1088F0000C1610920B16D093FF15C0930216C0925F
:108900000316D0920416E0920516F09206168FEA2E
:1089100095E10E94A7302FEFC21AD20AE20AF20AAA
:1089200046EEC41640E2D406E104F10401F7CC247B
:10893000C394E2E1DE2EE12CF12C0AE010E0D5E058
:10894000C2E810930C1600930B16D093FF15C0933A
:108950000216C0920316D0920416E0920516F09209
:1089600006168FEA95E10E94A73010930C1600932B
:108970000B16D093FF15C0930216D701C60180963F
:10898000A11DB11D8093031690930416A0930516A4
:10899000B09306168FEA95E10E94A7308FEFC81AB0
:1089A000D80AE80AF80AE5E0CE16E2E1DE06E104BC
:1089B000F10439F60091F3091091F409011511053C
:1089C00009F0D6C08091F209882309F4E1C02AE0B9
:1089D00030E240E050E068E275E08FEA95E10F9404
:1089E000FE0EC1E0D0E003E010E0E090F309F0906B
:1089F000F40935E0332E42E8242E44244A94542CC2
:108A000064E0662E712C7FE1C72E74E0D72E809132
:108A1000F3099091F409800F911FE816F90608F008
:108A2000D5C0C7010F940612882309F481C0809134
:108A3000AD1460EA74E1882311F06DEA74E1FB0182
:108A400001900020E9F7CF010197861B970BF4E115
:108A5000FC9F9001FD9F300D1124265F3F4D50E09B
:108A600040E0459710F0FB01128A8FEA95E10F94E0
:108A7000FE0ECE018F5F9D4EB0E0A0E021964E012C
:108A800024E0880C991C2A95E1F7FDEF8F1AFFE985
:108A90009F0AB12CA12C2091571725FF7EC0709200
:108AA0000C1660920B163092FF15209202168093DE
:108AB000031690930416A0930516B09306168FEA3A
:108AC00095E10E94A730D0920C16C0920B163092FE
:108AD000FF15209202168092031690920416A0921F
:108AE0000516B09206168FEA95E10E94A730B701ED
:108AF0008DE399E10E9438BA8091AD146DEA74E17A
:108B0000811102C060EA74E18AE399E10E947D4D1F
:108B100060EB79E086E399E10E947D4D60EA74E1C3
:108B200085E399E10E947D4D81E399E10E94AE3297
:108B30002FEFE21AF20A6BCF2091F3093091F4097A
:108B4000A901415051096091740870917508681726
:108B5000790738F42C5F3F4F3093F4092093F309E1
:108B600045CE4430510508F43DCE24503109F4CFB0
:108B70000430110569F48091F209882331F083E013
:108B800090E09093F4098093F309D0E0C0E02DCFFA
:108B9000D0E0C0E004E010E028CF10920C16109254
:108BA0000B163092FF1520920216809303169093B5
:108BB0000416A0930516B09306168FEA95E10E945D
:108BC000A73050920C1640920B1681CFDF91CF91B7
:108BD0001F910F91FF90EF90DF90CF90BF90AF90DB
:108BE0009F908F907F906F905F904F903F902F90CD
:108BF000089584EB98E10E94E2380E9414BA90E054
:108C000080E00E94DDC31092140A1092130A1092A1
:108C1000120A0895CF93DF93809157178F7E809328
:108C2000571780917A17882321F087E797E10E94F0
:108C300033948091581790915917DC01ED91FC9174
:108C40000190F081E02D45E360E0199581110EC09F
:108C50000E94F43481E19EE20E94AE328091571767
:108C600084FF34C0DF91CF910C946FF1C0915817FD
:108C7000D091591761E0CE010F946F1281110BC092
:108C800060E0CE010F946F12811105C00E94F8338D
:108C90008DEF9DE2E1CF6AEC74E187E797E10E94F6
:108CA000D88E811105C00E94F8338CEE9DE2D4CF9E
:108CB000809157178061809357170E94F43480EE9B
:108CC0009DE20E94AE320E94F9C5C8CF8091800912
:108CD000882339F061E080ED9DE2DF91CF910C9423
:108CE0009BBBDF91CF910895FF920F931F93CF937A
:108CF000DF93CDB7DEB76D970FB6F894DEBF0FBE2A
:108D0000CDBF2091571724FF2AC0AC01BE01645E7D
:108D10007F4F80E00F94E90F8C01009701F16C8D7B
:108D20007D8D19821C8222E0AC01CE0101960E9449
:108D30006E94811120C0F12CCE0101960E9457281B
:108D4000B801FF2069F18CEF9EE20E9409F11092B8
:108D500053171092541710925517109256176D967C
:108D60000FB6F894DEBF0FBECDBFDF91CF911F913C
:108D70000F91FF900895CE0101960F94550F88230F
:108D8000D1F261E0CE0101960E942390009799F202
:108D900025EEFC0120831C820E942E84F82ECCCF6D
:108DA00084EE9EE20E947D4D81EE9EE20E94AE32F4
:108DB000D6CF2F923F924F925F926F927F928F9277
:108DC0009F92AF92BF92CF92DF92EF92FF920F935A
:108DD0001F93CF93DF93CDB7DEB7C758D1090FB636
:108DE000F894DEBF0FBECDBF2DB73EB7CA57DF4FD9
:108DF00039832883C658D04041E064E070E0CE015A
:108E000083589F4F0F94591743E050E0BE016358B9
:108E10007F4F88E293E00F94EA40892B09F44BC01E
:108E2000C058DF4F8881C058D040882339F08FE385
:108E3000EE968FAFEE97EF961FAEEF970E94F43449
:108E4000BE0163587F4F84E792E20E947D4D86E623
:108E500092E20E94AE3281E592E20E94413C81E0C2
:108E6000809395089091950881E08927CA57DF4F34
:108E700028813981C658D0400FB6F8943EBF0FBE46
:108E80002DBFC957DF4F0FB6F894DEBF0FBECDBF61
:108E9000DF91CF911F910F91FF90EF90DF90CF90D6
:108EA000BF90AF909F908F907F906F905F904F900A
:108EB0003F902F90089541E062E070E0CE018F571F
:108EC0009F4F0F945917ED961CAE1DAE1EAE1FAEF0
:108ED000ED971092C9141092C814CE018D579F4F70
:108EE0000E94438CCDB6DEB6CD57DF4F0881C35804
:108EF000D04010E00D5F1F4F000F111F000F111F1A
:108F00008DB79EB7801B910B0FB6F8949EBF0FBE16
:108F10008DBFEDB7FEB731965F012DB73EB7201B71
:108F2000310B0FB6F8943EBF0FBE2DBF8DB79EB765
:108F300001964C01EDB7FEB7E01BF10B0FB6F894AC
:108F4000FEBF0FBEEDBF2DB73EB72F5F3F4F79017C
:108F5000B801C5010E94488C4091E40781E0482790
:108F600064E070E08DE59FE00F945917B801C401EB
:108F70000E94488CB801C7010E94488C1091E407F8
:108F800011114DC0CD57DF4F8881C358D04090E0BC
:108F90000296ADE4BFE070E060E030E020E04DE438
:108FA00052E2821793070CF4B4C0F501E60FF71FE5
:108FB00040805180628073804D925D926D927D926F
:108FC000821793070CF4ABC0F401E60FF71F208063
:108FD00031800281E3812101602E7E2E50964D92D8
:108FE0005D926D927C925397821793070CF4A1C007
:108FF000F701E60FF71F208031800281E381210114
:10900000602E7E2E90964D925D926D927C929397FB
:109010002F5F3F4F6C5F7F4F2430310511F681E8A1
:109020009FE00E943B8C85E89FE00E943B8C89E892
:109030009FE00E943B8C8DE89FE00E943B8C81E981
:109040009FE00E943B8C41E0412760E170E08FE9A6
:1090500099E00F945917CE0187589F4F0E943B8C7F
:109060000FB6F894DEBE0FBECDBE84E399E00E9439
:10907000338CCE0183599F4F0E94238C8E010F5F4A
:109080001F4FC8010E943B8CCE018C579F4F0E94FE
:10909000138C8091E40781111AC0AE968FADAE9704
:1090A0008093AF0989819A81AB81BC818093ED0760
:1090B0009093EE07A093EF07B093F007CC57DF4FE4
:1090C0008881C458D0408093F2070E942B2F81E9F9
:1090D00098E00E943B8CCE0187589F4F0E943B8CAA
:1090E000C8010E94438CCE0183599F4F0E94438C3C
:1090F000E980AE968FADAE97E89E7001112431E005
:10910000E31AF10800F1CE0187589F4F0E943B8C73
:10911000F6CFFA0145905590659074904DCFEDE3F0
:10912000F2E245905590659074901201062DE72D5E
:1091300052CFEDE2F2E245905590659074901201A5
:10914000062DE72D5CCF82E595E10E94338C8AE005
:10915000F82EFA94CE01FF2029F087589F4F0E94E5
:109160003B8CF7CF8C579F4F0E94438CCE018B577F
:109170009F4F0E94438CC8010E942B8CCE018359C3
:109180009F4F0E942B8CCC57DF4F8881C458D04012
:10919000863009F0B7C1CB57DF4F9881C558D04012
:1091A000963009F0AFC18091E407811102C00E949E
:1091B0003938BE0163597F4FC8010E94F92D409193
:1091C000E40781E0482760E970E08CEB9EE00F94B3
:1091D0005917C8010E94238CCE0183599F4F0E94CA
:1091E000138C4091E407FF24F3944F2560E170E075
:1091F000C8010F945917C8010E94238C4091E407BD
:109200004F2564E170E0C8010F945917F090E4070E
:10921000F1103AC089809A80AB80BC80A50194018E
:10922000C501B4010F947C4081112EC049845A8439
:109230006B847C846D817E818F81988580924615B8
:1092400090924715A0924815B09249152CEA35EC3A
:1092500047E25EE30F940C3760934A1570934B1509
:1092600080934C1590934D152CEA35EC47E25EE364
:10927000C301B2010F94843E60934E1570934F1555
:10928000809350159093511541E04F2562E070E0B6
:10929000C8010F945917C8010E941B8CF090E40775
:1092A000F1103AC089809A80AB80BC80A5019401FE
:1092B000C501B4010F947C4081112EC049845A84A9
:1092C0006B847C846D817E818F81988580921A1554
:1092D00090921B15A0921C15B0921D152CEA35EC2E
:1092E00047E25EE30F940C3760931E1570931F15D1
:1092F00080932015909321152CEA35EC47E25EE32C
:10930000C301B2010F94843E60932215709323151C
:109310008093241590932515C8010E941B8CC801C9
:109320000E94138CC8010E94138CC8010E94138CE8
:1093300085E0F80111928A95E9F741E04F2565E053
:1093400070E0C8010F945917C8010E94238C409106
:10935000E407411103C0898180937E0EFF24F394BA
:109360004F2560E270E0C8010F945917CE01835970
:109370009F4F0E94238C4091E4074F2569E070E0E5
:10938000C8010F9459174091E40741110FC089811A
:109390008093E3078A819B81AC81BD818093DF0745
:1093A0009093E007A093E107B093E207FF24F394C2
:1093B0004F2562E170E0C8010F9459174091E4070E
:1093C0004F2564E270E0C8010F9459174091E407FB
:1093D0004F2560E170E0C8010F9459174091E407F0
:1093E0004F2562E070E0C8010F945917C8010E9430
:1093F0003B8C4091E40741110CC089819A81AB817B
:10940000BC818093970990939809A0939909B09390
:109410009A09FF24F3944F2560E170E0C8010F948E
:1094200059174091E4074F256CE670E0C8010F948E
:1094300059174091E4074F2568E070E087ED97E009
:109440000F945917C8010E94338CCE018C579F4F3F
:109450000E94138CCE0183599F4F0E943B8C80E366
:10946000F80111928A95E9F74091E4074F2560E3EE
:1094700070E0C8010F9459178091E407811114C05E
:109480008CE0F801DE01A359BF4F01900D928A953F
:10949000E1F789819A810C9709F447C085E791E249
:1094A0000E94AE320E945E8C8091950F9091960F33
:1094B0008E35934009F494C00E94F8338FE590E212
:1094C0000E94AE3281E0809395080E94F43460914E
:1094D000950F7091960F6456710989E192E20E948E
:1094E000D5386AEF72E081E192E20E9457BA80912A
:1094F000E4078111B7CC809195088111B3CC0E940B
:1095000026B4B0CCCB57DF4FE880C558D0408E9DF5
:109510007001112491E0E91AF10808F45ACECE0145
:1095200087589F4F0E943B8CF5CF8B81813019F07B
:109530008FE291E2B5CF89E091E20E94AE328CE0F9
:10954000FE01E359FF4FA8EFB9E001900D928A9513
:10955000E1F76091010A83EF90E20E946E3E609114
:10956000000A80EE90E20E946E3E6091020A7091C5
:10957000030A88EC90E20E9466BA1091FD0984EB20
:1095800090E20E94AE32612F110F770B880B990B7E
:109590000F94BE138AE00E94A7326091FE09709179
:1095A000FF0982EA90E20E9466BA1091FB098CE8FA
:1095B00090E20E94AE32812F0E9471238AE00E94C5
:1095C000A7321091FC0987E790E20E94AE32812F0A
:1095D0000E9471238AE00E94A7320E941BC264CFBE
:1095E000109295082091C8143091C914CF57DF4FBD
:1095F00088819981C158D04028173907E1F081E06E
:10960000809395080E94F833CF57DF4F68817981A6
:10961000C158D04081EF91E20E9438BA6091C814DD
:109620007091C9148CEE91E20E9438BA8CED91E2EF
:109630000E94AE325CCF8091E407811158CF0E9426
:10964000F43488E293E00E94FDF06091950F7091F0
:10965000960F645671098FEB91E20E94D538C09045
:10966000C814D090C914F12CE12C82EB91E20E9435
:10967000AE32C701B6010F94EC108FEA91E2D8CF59
:1096800084E690E09093960F8093950F1092C91402
:109690001092C8140C94D9C69F92AF92BF92CF92E9
:1096A000DF92EF92FF920F931F93CF93DF9381E0AE
:1096B0008093E4070E9440CB1092E407882309F4CA
:1096C000ECC00E9440CBF82E8CE090E20E94E23881
:1096D0000E948329882309F4C2C010E000E0D0E092
:1096E00035E0B32E46E0C42E52E8E52E65E0D62ED6
:1096F000C0E0802F8170A82E9C2E9D0E8B2D8C1B80
:10970000A11001C08C2FF801C89EE00DF11D11249D
:10971000EE0FFF1FEE0FFF1FE454F14F20E030E08B
:109720004AE754E460817181828193810F940C3700
:109730000F94F63E7093DA166093D916D092CD1638
:10974000E092D016892D90E08058974F880F991F8E
:10975000092E000CAA0BBB0B8093D1169093D21646
:10976000A093D316B093D4168DE796E10E94A7304C
:10977000CF5FC63009F6DA5F0F5F1F4FD43209F0B2
:10978000B7CF83E090E09093DA168093D916D09209
:10979000CD16E092D01685E490E1A0E0B0E0809391
:1097A000D1169093D216A093D316B093D4168DE70A
:1097B00096E10E94A73081E00E94393820E030E035
:1097C000A90160915A1570915B1580915C1590917B
:1097D0005D150F948A3DAB01BC0183EF9FE10E94B0
:1097E000443620E030E0A90160915A1570915B1574
:1097F00080915C1590915D150F948A3D20E030E0DA
:1098000048EC52E40F940C370F94F63E7093DA163E
:109810006093D91685E08093CD1682E88093D016A8
:1098200086E290E1A0E0B0E08093D1169093D2164A
:10983000A093D316B093D4168DE796E10E94A7307B
:109840000E941BC28F2DDF91CF911F910F91FF902E
:10985000EF90DF90CF90BF90AF909F90089582E0FF
:1098600090E09093DA168093D91685E08093CD1618
:1098700082E88093D01685E490E1A0E0B0E0809388
:10988000D1169093D216A093D316B093D4168DE729
:1098900096E10E94A73080E08FCF0E94BBB50E9466
:1098A000DDBB0E94F43489E290E20E94AE32F12CDA
:1098B000C9CF0E94FDF00C94F7F00F931F93CF9344
:1098C000DF9320917C1221112BC08C0160E089E88C
:1098D0009AE30E94D732C8010E9459CCF801019046
:1098E0000020E9F73197EF01C01BD10BC034D1053F
:1098F0002CF08291807C8038E1F3F5CFDD27AE013A
:10990000B8018CE392E10F94F840C45CDD4E1882FC
:109910008CE392E1DF91CF911F910F910C9413BBD7
:10992000DF91CF911F910F910895EF92FF920F93C6
:109930001F93CF93DF931F921F92CDB7DEB7209175
:10994000571724FF38C07C01BC0182E00E940EF151
:1099500010924E1780915717877F8B7F80935717F0
:109960000E943C94A701BE016F5F7F4F80E00F947F
:10997000E90F8C01C7010115110539F169817A815F
:1099800026E5A8018BEB98E10E946E948823E1F014
:1099900080915717816080935717C8010F94980ED4
:1099A00010924B17B8018AE09FE20E9409F160E033
:1099B000C8010E945DCC0F900F90DF91CF911F9155
:1099C0000F91FF90EF900895C8010E94D4C3F3CF88
:1099D000EF92FF920F931F93CF93DF931F921F92EB
:1099E000CDB7DEB77C018091571784FD04C0C70155
:1099F0000E94D4C35FC0613009F46CC008F463C036
:109A0000623009F4C0C080915717877F8B7F8093A5
:109A100057170E943C94A701BE016F5F7F4F81E002
:109A20000F94E90F8C01009711F369817A8121E08D
:109A3000AC018BEB98E10E946E94882309F4AAC0D4
:109A40008091CC189091CD18A091CE18B091CF18DC
:109A500080934F1790935017A0935117B0935217BC
:109A600010925317109254171092551710925617C0
:109A7000B80189E69EE20E947D4D40914F175091BA
:109A80005017609151177091521781E69EE20E9423
:109A900044BA82E59EE20E94AE32C8010F94980E4D
:109AA0008091AD14882311F00DEA14E160E0C80143
:109AB0000E945DCC0F900F90DF91CF911F910F917D
:109AC000FF90EF900895B70182E00E940EF110928E
:109AD0004E1799CF0E94692F811105C0B70181E00F
:109AE0000E940EF190CF80914E17882379F00E944A
:109AF000F83361E070E082EC9EE20E9466BA40E0DA
:109B000070E060E081EB9EE20E944E3C8BE098E0CA
:109B10000E94EC93E0914E1784E0E89FF00111243D
:109B2000E95FF74F8091531790915417A091551703
:109B3000B091561780839183A283B3830E94F4343B
:109B4000B70188E99EE20E947D4D60914E1789E63B
:109B5000689FB0011124655F774F8DE89EE20E94F7
:109B60007D4D409153175091541760915517709146
:109B7000561787E89EE20E9444BA80914E178F5F85
:109B800080934E1740CF0E94F43487E79EE20E94F4
:109B9000AE3239CFC8012CCFCF92DF92EF92FF9235
:109BA0000F931F93CF93DF93CDB7DEB7A6970FB672
:109BB000F894DEBF0FBECDBF182F0E9473B0812373
:109BC00009F46BC0409142045091430460914404F5
:109BD000709145044F8F58A369A37AA330E020E029
:109BE000E0E090E0AC01022E02C0559547950A9442
:109BF000E2F740FF11C063E270E06C0F7D1F6E0F53
:109C0000711D4FE150E04C0F5D1F420F531FDA01F1
:109C10004C91DB014C93EF5F2F5F3F4F23303105B9
:109C200009F78E010D5D1F4FE00FF12FF11D10821E
:109C30001F930F9389E9C82E8AE1D82EDF92CF9225
:109C4000CE0101967C019F938F930F943D360E9425
:109C5000F434C7010E9459CC1F930F93DF92CF9227
:109C6000FF92EF920F943D3660E0C7010E945DCCF9
:109C70000FB6F894DEBF0FBECDBF81E0A6960FB63B
:109C8000F894DEBF0FBECDBFDF91CF911F910F9132
:109C9000FF90EF90DF90CF90089580E0EFCFCF92CC
:109CA000DF92EF92FF920F931F93CF93DF93CDB785
:109CB000DEB767970FB6F894DEBF0FBECDBF6C87D7
:109CC0007D878E879F87288B398B4A8B5B8BEC8AAD
:109CD000FD8A0E8B1F8B4091AB0E45FB442740F94C
:109CE0006BE47AE1CE0109960E9419388091AB0E9F
:109CF00085FF0EC010E000E028E43AE1AE014C5EC2
:109D00005F4FBE01605F7F4FCE010C960E94A0376F
:109D1000F601E080F1800281138120E030E0A901AA
:109D2000B701C8010F94A636811190C050914E0220
:109D300040914F023091500220915102852F942F73
:109D4000A32FB22F89839A83AB83BC8320E030E0BA
:109D5000A901B701C8010F94A636811104C0E12CF6
:109D6000F12C00E211E4C701D8018D839E83AF83FB
:109D7000B887CC88DD88EE88FF88A70196016091BE
:109D8000A20F7091A30F8091A40F9091A50F0F9433
:109D9000A63687FF0CC0C092A20FD092A30FE0920C
:109DA000A40FF092A50FCE0105960E940EB38889EC
:109DB0009989AA89BB894C855D856E857F8540938D
:109DC0009A0F50939B0F60939C0F70939D0F8093FD
:109DD0009E0F90939F0FA093A00FB093A10FCE0161
:109DE00001960E940EB3CC88DD88EE88FF88A7011B
:109DF00096016091A20F7091A30F8091A40F909192
:109E0000A50F0F94EA3F181664F4C092A20FD092E7
:109E1000A30FE092A40FF092A50FCE0105960E9429
:109E20000EB30E943CABCE0109960E941038679693
:109E30000FB6F894DEBF0FBECDBFDF91CF911F915B
:109E40000F91FF90EF90DF90CF9008955E2D4F2DF2
:109E5000302F212F73CFCF92DF92EF92FF920F938B
:109E60001F936A01E090A20FF090A30F0091A40F3E
:109E70001091A50FFB012081318142815381FC01AA
:109E800060817181828193810E944FCE1F910F91D9
:109E9000FF90EF90DF90CF900895CF92DF92EF92F6
:109EA000FF920F931F936B01FC01E080F180028110
:109EB0001381EAE9FFE02481358146815781608181
:109EC0007181828193810E944FCE1F910F91FF90EB
:109ED000EF90DF90CF900895AF92BF92CF92DF9234
:109EE000EF92FF920F931F93CF93DF9300D01F92B7
:109EF000CDB7DEB7FC01E080F180028113816111F2
:109F000012C0A090A20FB090A30FC090A40FD09049
:109F1000A50F9501A601B701C8010F94A63687FFCA
:109F200002C07501860120E030E048EC53E4B7013F
:109F3000C8010F94A63687FD04C0E12CF12C08EC73
:109F400013E4C701D80189839A83AB83BC8364E29D
:109F500073E0CE0101960E944DCF0F900F900F90AD
:109F60000F90DF91CF911F910F91FF90EF90DF90B5
:109F7000CF90BF90AF900895BF92CF92DF92EF92B3
:109F8000FF920F931F93CF93DF9300D01F92CDB713
:109F9000DEB7B82E8091AB0E85FF12C041E35FE1C2
:109FA00069E47FE18AE99FE00E94E33788E29FE16C
:109FB0000E94AE328B2D0E9471238AE00E94A7324C
:109FC000809133098B1509F461C0BB20D1F18091D8
:109FD000AB0E85FF0CC040E050E060E271E485E12B
:109FE0009FE10E945A3582E19FE10E94AE3280E0FB
:109FF00090E0A0E2B1E489839A83AB83BC83C090F4
:10A000005A15D0905B15E0905C15F0905D1520E03E
:10A0100030E0A901C701B6010F94A63687FF0CC036
:10A02000A701960160E070E080E291E40F94893D21
:10A0300069837A838B839C8360E0CE0101960E94C2
:10A040006CCF60919A0F70919B0F80919C0F9091B3
:10A050009D0F20919E0F30919F0F4091A00F509126
:10A06000A10F19821A821B821C82E090A20FF0902D
:10A07000A30F0091A40F1091A50FFE0131966F015F
:10A080000E944FCEB09233090E94ACB580E00F9091
:10A090000F900F900F90DF91CF911F910F91FF9034
:10A0A000EF90DF90CF90BF9008952F923F924F9204
:10A0B0005F926F927F928F929F92AF92BF92CF9258
:10A0C000DF92FF920F931F93CF93DF93CDB7DEB74D
:10A0D00064970FB6F894DEBF0FBECDBFF82EC82E22
:10A0E000D12C8091AB0E85FF0CC0F601E554FC4FDE
:10A0F00060818FE19CE10E94CF328CE19CE10E9463
:10A10000AE32F601E351F64C149182E0F8122EC003
:10A1100081E00E94BCCF8111C5C188E19CE10E9411
:10A12000682320E030E0A9010F94A6368823F1F0DF
:10A13000612F110F770B880B990B0F94AD364B01E4
:10A140005C0188E19CE10E9468232B013C0120E036
:10A1500030E040EA50E40F94A63687FF1BC0412C44
:10A16000512C40EA642E40E4742E14C0612F110F6C
:10A17000770B880B990B0F94AD364B015C01C60130
:10A18000880F991F880F991F805F934E0E94682344
:10A190002B013C01A5019401C301B2010F940C37BE
:10A1A0002B013C011601220C331C220C331CC10173
:10A1B0008C5F934E0E94682320E030E040EC5FE328
:10A1C0000F940C37A50194010F940C37698B7A8B8F
:10A1D0008B8B9C8B8091AB0E85FF0CC049895A8973
:10A1E0006B897C8988EF9BE10E945A3584EF9BE163
:10A1F0000E94AE3200E010E0980149895A896B89CB
:10A200007C898F2D0F94B22320E030E0A901C30197
:10A21000B2010F94A636882309F466C0D301C201A7
:10A22000B058898B9A8BAB8BBC8B8091AB0E85FF22
:10A230000CC049895A896B897C8988EE9BE10E9410
:10A240005A3584EE9BE10E94AE3292E000E010E0CD
:10A2500020E431E4F91619F000E010E09801498992
:10A260005A896B897C898F2D0F94B223A3019201A7
:10A27000C301B2010F948A3D2B013C018091AB0ECA
:10A2800085FF0AC0B301A2018AED9BE10E945A3505
:10A2900086ED9BE10E94AE32A2E000E010E020ECEF
:10A2A00030E4FA16E1F0F601E753F54E64916111DE
:10A2B00007C00E94F43487EA9AE10E94AE326AE055
:10A2C00070E090E080E00F94AB369B01AC0160E061
:10A2D00070E088E492E40F94843E8B019C01B3010A
:10A2E000A2018F2D0F94B2238091AB0E85FF0CC07D
:10A2F000F601E554FC4F608188E79BE10E94CF3274
:10A3000085E79BE10E94AE3281E090E00F2C01C016
:10A31000880F0A94EAF79091A70E982B9093A70EB6
:10A320009091C507892B8093C507C1018759944E29
:10A330000E9468238601000F111F000F111FF801F2
:10A34000E656F04F6083718382839383B2E0FB1201
:10A3500026C040905A1550905B1560905C15709027
:10A360005D15A30192016091A20F7091A30F8091DE
:10A37000A40F9091A50F0F94893D6093A20F709345
:10A38000A30F8093A40F9093A50F8091AB0E85FF30
:10A3900006C0B301A20185E19BE10E944436F801A9
:10A3A000E754F84F10821182128213828F2D0E947F
:10A3B0001BB08091AB0E85FF25C0F601E554FC4F24
:10A3C0007080672D86E09BE10E94CF32F801EC5C43
:10A3D000F64F408151816281738181E09BE10E944F
:10A3E000443648EE5AE16DEE7AE18AE99FE00E9438
:10A3F000E337672D8FEC9AE10E94CF328CEC9AE123
:10A400000E94AE320E94F1B3F801E656F04F80810F
:10A410009181A281B381F801E455F14F808391834A
:10A42000A283B3838091AB0E85FF08C042EA5BE153
:10A4300062EC7BE18AE99FE00E94E337E2E0FE16EE
:10A4400069F18CE0ECE0F3E0DE01119601900D92F1
:10A450008A95E1F7E1E0F0E0EC0FFD1FE00FF11F5E
:10A46000408051806280738020E030E0A901C30108
:10A47000B2010F94A63681112DC08091AB0E85FFDD
:10A4800011C0F601E554FC4F608184E99BE10E9414
:10A49000CF3281E99BE10E94AE3204C00E946E235C
:10A4A000882379F264960FB6F894DEBF0FBECDBF55
:10A4B000DF91CF911F910F91FF90DF90CF90BF90D0
:10A4C000AF909F908F907F906F905F904F903F9054
:10A4D0002F90089520E030E0A901C301B2010F944C
:10A4E000EA3F87FF04C077FA709477F870940656B5
:10A4F000104FA3019201C501B4010F940C379B01C9
:10A50000AC01D8016D917D918D919C910F94893D05
:10A51000F8016083718382839383F2E080E090E0AE
:10A52000A0E4B1E4FF1621F080E090E0A8E4B2E4FA
:10A530008D879E87AF87B88BCE010D960E940EB394
:10A540009CCF8F929F92AF92BF92CF92DF92EF9269
:10A55000FF920F931F93CF93DF93CDB7DEB7609732
:10A560000FB6F894DEBF0FBECDBF8B0140E050E0C8
:10A5700068E472E449875A876B877C8740E050E043
:10A5800060EA70E44D875E876F87788B8130B9F120
:10A59000823009F462C020E030E040E050E4609195
:10A5A000A20F7091A30F8091A40F9091A50F0F940B
:10A5B0008A3D4B017C0120E030E048EC53E40F94ED
:10A5C000EA3F181634F4812C912C88ECE82E93E4A1
:10A5D000F92EF801A084B184C284D3849401A70128
:10A5E000B501C6010F94EA3F181614F05401670133
:10A5F000C501D60189839A83AB83BC8351C0BE0158
:10A60000635F7F4FC80108960E944DCF88E0F80134
:10A61000DE01119601900D928A95E1F7AE01475F38
:10A620005F4FBE016B5F7F4FCE0101960E942BCF23
:10A630000E94FFB360960FB6F894DEBF0FBECDBF89
:10A64000DF91CF911F910F91FF90EF90DF90CF900E
:10A65000BF90AF909F908F900895F801208531852D
:10A66000428553856091A20F7091A30F8091A40F32
:10A670009091A50F0F948A3D6B017C0120E030E0A2
:10A6800048EC53E40F94A63687FD06C0C12CD12CAC
:10A6900028ECE22E23E4F22EC982DA82EB82FC82DD
:10A6A000BE01635F7F4FCE010196AECFCF92DF92A6
:10A6B000EF92FF920F931F93CF93DF93CDB7DEB747
:10A6C0002C970FB6F894DEBF0FBECDBF182F6B01CD
:10A6D0007A0180918009833090F00E94F833C6019E
:10A6E0000E94AE328FE79CE20E94AE321F3F51F5CE
:10A6F0008BE79CE20E94AE328AE00E94A7320E9461
:10A70000549CA8958091080981114FC081E08093E5
:10A71000080982E0809380090E94549C05E1015061
:10A7200019F1A895409A69E170E080E090E00E94FC
:10A73000ADEF409860E570E080E090E00E94ADEF02
:10A74000A895EDCF17FDD8CF89E79CE20E94AE32E5
:10A75000612F012E000C770B880B990B0F94BE1301
:10A760008AE00E94A732C8CF409A87E00E94CCCDF1
:10A77000811111C08CE0E8E1F3E0DE011196019057
:10A780000D928A95E1F7BE016F5F7F4F80E00E94D6
:10A79000A1D20E943CAB62E77CE21F3F11F066E76A
:10A7A0007CE240E0C7010E944E3C2C960FB6F89424
:10A7B000DEBF0FBECDBFDF91CF911F910F91FF90F4
:10A7C000EF90DF90CF9008952F923F924F925F923B
:10A7D0006F927F928F929F92AF92BF92CF92DF92B1
:10A7E000EF92FF920F931F93CF93DF9300D000D08F
:10A7F0001F92CDB7DEB79F838E831B016A01298329
:10A8000081E090E02F3F11F090E080E025E0289F6C
:10A81000F001299FF00D1124E057F14F8481882326
:10A8200009F4A9C0AE81BF8114961C921497FD0152
:10A830001582168217821086EE81FF818481823014
:10A84000B9F0833009F41EC1813009F07BC0258145
:10A85000368147815085D1016D917D918D919C917B
:10A860000F94A63687FD6EC082E0EE81FF8184835F
:10A87000C701FF0CAA0BBB0B8A839B83AC83BD83F0
:10A88000998191112EC080917A0E882339F1D101DE
:10A89000CD90DD90ED90FC90EE81FF8185809680DB
:10A8A000A780B0846A817B818C819D810F94AD36B5
:10A8B0002B013C0120E030E040E85EE30F940C37D0
:10A8C0009B01AC01C501B4010F94893D9B01AC0112
:10A8D000C701B6010F94EA3F87FD7BC080E88093F3
:10A8E0001F020E9448F06B017C016A817B818C8190
:10A8F0009D810F94AD369B01AC01AE81BF81159651
:10A900006D917D918D919C9118970F94893D9B013C
:10A91000AC01F10160817181828193810F94EA3FE2
:10A9200087FDA2C09801A8EEB3E00F943E3DC60E8D
:10A93000D71EE81EF91EAE81BF81CD92DD92ED9249
:10A94000FC92139727960FB6F894DEBF0FBECDBFCB
:10A95000DF91CF911F910F91FF90EF90DF90CF90FB
:10A96000BF90AF909F908F907F906F905F904F902F
:10A970003F902F900895D6018D909D90AD90BC9002
:10A98000A5019401EE81FF816581768187819085A3
:10A990000F94A636882309F44FCFAE81BF81159658
:10A9A0008D929D92AD92BC921897BB24B39420E0F7
:10A9B00030E0A901F60160817181828193810F9459
:10A9C000EA3F18160CF0B12CAE81BF811496BC92F0
:10A9D00033CF23E830EC4AEA5EE3C301B2010F94BF
:10A9E0000C379B01AC01C501B4010F94893D9B015B
:10A9F000AC01C701B6010F94EA3F87FD02C080E6B3
:10AA00006ECF20E030E040E05FE3C301B2010F947D
:10AA10000C379B01AC01C501B4010F94893D9B012A
:10AA2000AC01C701B6010F94EA3F87FD02C080E484
:10AA300056CF2DEC3CEC4CE45FE3C301B2010F9424
:10AA40000C379B01AC01C501B4010F94893D9B01FA
:10AA5000AC01C701B6010F94EA3F87FD02C080E256
:10AA60003ECF10921F023DCFEE81FF818081918108
:10AA7000A281B381C81AD90AEA0AFB0AF7FC62CF9D
:10AA800083E084834CE85DE26CE97DE2898127966E
:10AA90000FB6F894DEBF0FBECDBFDF91CF911F91EF
:10AAA0000F91FF90EF90DF90CF90BF90AF909F906D
:10AAB0008F907F906F905F904F903F902F900C946D
:10AAC00056D34DE95CE26AEA7CE20C9456D3CF930C
:10AAD000DF93A89580912815909129150F94D12185
:10AAE00060932A1570932B1580932C1590932D1538
:10AAF0008091FC149091FD140E946D9C6093FE1453
:10AB00007093FF148093001590930115C091281540
:10AB1000D09129158091270290912802C817D90752
:10AB200018F480E00E9461D580912E1590912F1528
:10AB30001816190674F480912502909126028C173C
:10AB40009D0738F44DE65DE26AE77DE280E00E9411
:10AB500056D320912E0930912F098091FC149091A9
:10AB6000FD148217930718F48FEF0E9461D580912E
:10AB700002159091031518161906A4F420912302CA
:10AB8000309124028091FC149091FD14281739070C
:10AB900048F44DE65DE26AE77DE28FEFDF91CF9109
:10ABA0000C9456D3DF91CF9108958F929F92AF92DC
:10ABB000BF92CF92DF92EF92FF920F931F93CF93AA
:10ABC000DF9300D01F92CDB7DEB78091800981114D
:10ABD00012C0A8950F900F900F900F90DF91CF911A
:10ABE0001F910F91FF90EF90DF90CF90BF90AF90AB
:10ABF0009F908F90089580911D098111EBCF81E086
:10AC000080931D098091FF07882339F041E070E0AF
:10AC100060E08FED9CE20E944E3C8091FE0788230D
:10AC200059F01092FE070E94C4AC0E943CAB8EEF1C
:10AC30000E9465B30E94F1B38091FD07882359F00B
:10AC40001092FD07809157178068809357178AEDFF
:10AC50009CE20E94947A80911E09811103C0109297
:10AC60001D09B8CF0E9467D510921E090E9448F0B6
:10AC70004B015C0160912B0270912C02072E000C9D
:10AC8000880B990B0F94AD369B01AC0160912A158E
:10AC900070912B1580912C1590912D150F94EA3FF2
:10ACA00018161CF480E00E9461D58091940E8111E9
:10ACB00019C08091900E9091910EA091920EB0913A
:10ACC000930E0097A105B10569F0A5019401281B19
:10ACD000390B4A0B5B0BDA01C901B7FD03C081E0F8
:10ACE0008093940E60912E1570912F15072E000CF5
:10ACF000880B990B0F94AD3669837A838B839C8381
:10AD00003AE0E32EF12C0CE310E020E0AE014F5FBF
:10AD10005F4F6AE275E188EE94E10E94E4D3C0904F
:10AD20002A15D0902B15E0902C15F0902D156091E0
:10AD3000290270912A02072E000C880B990B0F94A0
:10AD4000AD369B01AC01C701B6010F94EA3F18165E
:10AD50000CF0D5C060912B0270912C02072E000CD4
:10AD6000880B990B0F94AD369B01AC01C701B6015E
:10AD70000F94A63687FFC3C08091940E9091150959
:10AD8000911109C026E235E130931409209313098B
:10AD900091E0909315098111AEC083E199E00E9482
:10ADA000FD840F94F63E75956795609330158091FC
:10ADB000030890910408A0910508B0910608009737
:10ADC000A105B105F1F0A5019401281B390B4A0B2F
:10ADD0005B0BDA01C901B7FD14C060912A157091AF
:10ADE0002B1580912C1590912D150F94F63E2091E6
:10ADF000010830910208621773070CF482C00E94A8
:10AE0000428820E030E046E153E46091FE14709106
:10AE1000FF1480910015909101150F94EA3F1816C8
:10AE20001CF48FEF0E9461D58091F9079091FA0789
:10AE3000A091FB07B091FC070097A105B105F1F0C7
:10AE4000A5019401281B390B4A0B5B0BDA01C901E0
:10AE5000B7FD14C06091FE147091FF14809100152D
:10AE6000909101150F94F63E2091F7073091F80765
:10AE7000621773070CF44DC00E9402298091990E4D
:10AE8000811115C08091950E9091960EA091970E0C
:10AE9000B091980E0097A105B10549F0881A990A5A
:10AEA000AA0ABB0AB7FC03C081E08093990E6091A7
:10AEB000021570910315072E000C880B990B0F9447
:10AEC000AD3669837A838B839C8392E0E92EF12CE3
:10AED00002E310E02FEFAE014F5F5F4F6EEF74E1C2
:10AEE00081EF94E10E94E4D38091990E8823D9F1F7
:10AEF00010920415B4CE60E070E0CB0152CF60E058
:10AF000054CF4CEB5CE26BEC7CE280E00E9456D3C9
:10AF100078CF4CEB5CE26BEC7CE28FEF0E9456D377
:10AF2000ADCF20E030E046E153E4C701B6010F9415
:10AF3000A636181654F180910B09811109C08AEFC9
:10AF400094E190930A098093090981E080930B09A9
:10AF500089E099E00E94FD840F94F63E759567950F
:10AF6000609304157CCEC090FE14D090FF14E09046
:10AF70000015F090011520E030E040EA50E4C701F0
:10AF8000B6010F94EA3F87FFCCCF60E0E9CF0F9383
:10AF90001F93CF93DF938C01EB0190919B15209130
:10AFA0009C15921305C00E948CB70E94D5D5F5CF91
:10AFB00080919A1534E0839FF0011124E356FA4EF4
:10AFC00011830083D383C2839F5F90939B158F5F10
:10AFD000281739F080939A15DF91CF911F910F9127
:10AFE000089510929A15F8CF2F923F924F925F9248
:10AFF0006F927F928F929F92AF92BF92CF92DF9289
:10B00000EF92FF920F931F93CF93DF93CDB7DEB7ED
:10B01000CA55D1090FB6F894DEBF0FBECDBF7C0173
:10B02000162F4FAF25962FAF25970E9448F06F87B8
:10B03000788B898B9A8B1F3F09F043C024EB30E05B
:10B040003A8329830F94F3141F3F09F407C2C12EDA
:10B05000012E000CDD08F60143E0EE0FFF1F4A95BC
:10B06000E1F7EB5DFD4F868197810F978E159F0568
:10B070000CF07EC385E69CE20E94AE3286E49CE240
:10B080000E94AE320F94F3148FE19CE2C65ADF4F58
:10B090000FB6F894DEBF0FBECDBFDF91CF911F91E9
:10B0A0000F91FF90EF90DF90CF90BF90AF909F9067
:10B0B0008F907F906F905F904F903F902F900C9467
:10B0C000413C4CE350E05A834983BCCF30902A1571
:10B0D00000912B15E0912C156796EFAF6797F091D3
:10B0E0002D156696FFAF669796C22496EEADFFAD1E
:10B0F0002497808306C3FBEE4F2E512C612C712CBC
:10B10000AEC384E190E0A0E0B0E08B8B9C8BAD8B74
:10B11000BE8BE4E14E2E512C612C712CB0C34B8AB6
:10B120005C8A6D8A7E8AABC32496EEADFFAD249710
:10B13000808387C4D701C6012AA93BA94CA95DA970
:10B14000821B930BA40BB50BB7FD5DC0812F17FDC0
:10B1500080E00E94B7978AE00E94A732D701C6011B
:10B160008053984FAF4FBF4F8AAB9BABACABBDABDF
:10B170009DA5911196C02AAD3BAD4CAD5DAD632D43
:10B18000702F67968FAD679766969FAD66970F9401
:10B19000EA3F18160CF071C020E030E040E050E4C7
:10B1A000632D702F67968FAD679766969FAD6697F4
:10B1B0000F948A3D6AAF7BAF8CAF9DAF2EA53FA5A4
:10B1C00048A959A92C0D3D1D4E1D5F1D2EAB3FAB4F
:10B1D00048AF59AF65966CAD7DAD8EAD9FAD6597AF
:10B1E0000F94AD369B01AC0181E08DA7632D702FCC
:10B1F00067968FAD679766969FAD66970F94EA3F07
:10B2000018160CF01DA68F859889A989BA896B96A6
:10B210008CAF9DAFAEAFBFAF6B972F89388D498D87
:10B220005A8D281739074A075B0730F46B962CAF05
:10B230003DAF4EAF5FAF6B976B968CAD9DADAEAD36
:10B24000BFAD6B97C81AD90AEA0AFB0A91E8C9167A
:10B250009FE4D90692E1E906F104E8F10F94F314B2
:10B260008EE49BE20E94413C81E49BE20E94AE326C
:10B270008FE29BE20E94AE3276C2D701C6012EA9B0
:10B280003FA948AD59AD821B930BA40BB50B4CEBFA
:10B290005CE26BEC7CE2B7FDB6CF812F0E9456D307
:10B2A000B2CF61966CAD7DAD8EAD9FAD61970F94C1
:10B2B000AD36232D302F67964FAD679766965FADFD
:10B2C00066970F94EA3F18160CF09DCF4CE85DE2AC
:10B2D0006CE97DE2E2CF2296AEADBFAD2297ED8163
:10B2E000FE81AE17BF070CF0B6C033970CF4B3C0A5
:10B2F00082E29BE20E94AE3281ED9AE20E94AE327F
:10B3000081EC9AE20E94413C1F3F09F086C021EB8C
:10B310003AE23A8329838FE99AE20E94AE32898128
:10B320009A810E94AE324F81588569857A858DEB6E
:10B330009AE20E9444368FE99AE20E94AE328981F5
:10B340009A810E94AE3248A159A16AA17BA189EBE2
:10B350009AE20E9444368FE99AE20E94AE328981D5
:10B360009A810E94AE32B501A40185EB9AE20E9457
:10B37000443625965FAD25975523A1F12CEA35EC8F
:10B3800047E25EE3C501B4010F94843E6B017C018A
:10B390002CEA35EC47E25EE368A179A18AA19BA182
:10B3A0000F940C372F81388549855A851F3FD1F17D
:10B3B00020934615309347154093481550934915EF
:10B3C00060934A1570934B1580934C1590934D15CF
:10B3D000C0924E15D0924F15E0925015F092511533
:10B3E0000E946423C65ADF4F0FB6F894DEBF0FBE2B
:10B3F000CDBFDF91CF911F910F91FF90EF90DF9024
:10B40000CF90BF90AF909F908F907F906F905F9004
:10B410004F903F902F900D94F31440EB5AE25A83D3
:10B42000498379CF20931A1530931B1540931C152F
:10B4300050931D1560931E1570931F158093201552
:10B4400090932115C0922215D0922315E0922415D5
:10B45000F0922515C7CF0E94793EB9C03DE8E316AA
:10B46000F1040CF007CE82E19CE20E94AE328AE049
:10B470009CE20E94AE320E94549C8FE78093041598
:10B4800029813A81A8EEB3E00F943E3D6EA77FA7D5
:10B4900088AB99ABDC01CB012F85388949895A8962
:10B4A000820F931FA41FB51F8EAB9FABA8AFB9AF80
:10B4B00060E08FEF9BE20E949BBB81E080932D02B6
:10B4C0008F859889A989BA898F8B988FA98FBA8F10
:10B4D0008AAB9BABACABBDAB812C912C540188A249
:10B4E00099A2AAA2BBA28F829886A986BA862FE7C4
:10B4F00030E040E050E02B8B3C8B4D8B5E8B198213
:10B5000030E43B874CE14E8F56E45F8F212C1B8E3D
:10B510001C8E1D8E3FE7432E512C612C712C1DA6D5
:10B520008AAE9BAEACAEBDAE19A61AA61BA61CA6D3
:10B5300081E088A71E821D82312C00E067961FAE35
:10B54000679766961FAE669797010F2C000C440B09
:10B55000550B29962CAF3DAF4EAF5FAF29974FAD3E
:10B56000042E000C550B22965FAF4EAF22975CE283
:10B570001502C0011124DC01A05DBA4E2496BFAFB4
:10B58000AEAF2497C7014E969C01092E000C440BC8
:10B59000550B2D962CAF3DAF4EAF5FAF2D97CC978F
:10B5A0009C01990F440B550B61962CAF3DAF4EAFEC
:10B5B0005FAF619736E0E31AF108C701FF0CAA0BF1
:10B5C000BB0B65968CAF9DAFAEAFBFAF659780915B
:10B5D0002D02882309F4C7C00E9448F06B017C014A
:10B5E00090911E099EAF992309F49BC00E9467D5D4
:10B5F00010921E091F3F09F069CD3090FE14009192
:10B60000FF14A09100156796AFAF6797B091011531
:10B610006696BFAF6697222D3B8D4C8D5D8D632D59
:10B62000702F67968FAD679766969FAD66970F945C
:10B63000EA3F181654F4232C0B8F67962FAD6797AB
:10B640002C8F66963FAD66973D8F29813B854E8D49
:10B650005F8D632D702F67968FAD679766969FAD50
:10B6600066970F94A63687FF0AC039820B876796C4
:10B670004FAD67974E8F66965FAD66975F8F299641
:10B680006CAD7DAD8EAD9FAD29970F94AD366CA39B
:10B690007DA38EA39FA388A5882309F47EC09B0168
:10B6A0004EA1592F632D702F67968FAD67976696C1
:10B6B0009FAD66970F94EA3F18169CF5B701A60157
:10B6C0008F89988DA98DBA8D481B590B6A0B7B0BFE
:10B6D000DB01CA0188589341A109B109B7FD21C016
:10B6E0008B899C89AD89BE8984199509A609B709FA
:10B6F000B595A795979587951F3F09F0F6CC809350
:10B70000041549A75AA76BA77CA72CA0FDA1FB8F06
:10B710002EA12C8F3FA13D8FCF86D88AE98AFA8A45
:10B7200018A62D966CAD7DAD8EAD9FAD2D970F9467
:10B73000AD36232D302F67964FAD679766965FAD78
:10B7400066970F94A63687FFF5CC87E89BE20E94A8
:10B75000AE3288E69BE20E94AE320F94F3148FE182
:10B760009CE20E94413C10922D020E94549C3ACED1
:10B7700082E19CE20E94AE328AE09CE20E94AE32FC
:10B780000E94549C8CE28C9DF0018D9DF00D112443
:10B79000EA5DFA4E8FE7828773CE2CA13DA14EA1C0
:10B7A0005FA1632D702F67968FAD679766969FADEB
:10B7B00066970F94A63687FFB4CFD701C6012F85B1
:10B7C000388949895A89821B930BA40BB50BAC01AC
:10B7D000BD01485853416109710977FDA2CF4D81E0
:10B7E0005E81452B09F41CC129A53AA54BA55CA592
:10B7F000280F391F4A1F5B1F2F8B388F498F5A8F95
:10B8000029A53AA54BA55CA5281B390B4A0B5B0B58
:10B81000C301B2010F94DA3C2F89388D498D5A8DBE
:10B820000F940C3D4B885C886D887E88420E531EB9
:10B83000641E751E34E143165104610471040CF456
:10B8400060CC4CEE44165104610471040CF053CCEE
:10B8500050E845165104610471040CF460CC4B8A25
:10B860005C8A6D8A7E8A8EEF90E0A0E0B0E09C0159
:10B87000AD01241935094609570929013A0187EF15
:10B880009BE20E94AE326B897C898D899E890E94E1
:10B89000452282EF9BE20E94AE32C301B2010E94B8
:10B8A000452249815B856E8D7F8D8BEE9BE20E94E8
:10B8B0005A35422D5B8D6C8D7D8D84EE9BE20E940E
:10B8C0005A35AD81BE8113970CF4AAC0C301B201F1
:10B8D0000F94AD3620E030E040E850E40F940C3790
:10B8E0004B015C0129813B854E8D5F8D622D7B8DE7
:10B8F0008C8D9D8D0F94893D2BED3FE049E450E404
:10B900000F940C3720E030E040E05FE30F940C37F9
:10B910009B01AC01C501B4010F94843E6B877C8709
:10B920008D879E876F89788D898D9A8D0F94AD361E
:10B930002FE632E143E85AE30F940C3769837A83A8
:10B940008B839C831E3F59F02AE939E949E15FE383
:10B95000812C912CA12C6EE3B62E1F3F59F42DECB7
:10B960003CEC4CE45EE37BEA872E7AEA972EA92C26
:10B970007EE3B72E6B857C858D859E850F940C3775
:10B980006F83788789879A879B01AC010F948A3DE2
:10B9900029813A814B815C810F94843E68A379A30D
:10B9A0008AA39BA329813A814B815C816F81788531
:10B9B00089859A850F940C37A50194010F940C3753
:10B9C0004B015C014B855C856D857E858EED9BE230
:10B9D0000E945A3549815A816B817C8188ED9BE2B6
:10B9E0000E94443689EC9BE21E3F10F48AEB9BE2F6
:10B9F0000E94AE324F81588569857A8584EB9BE23F
:10BA00000E945A3548A159A16AA17BA18EEA9BE206
:10BA10000E945A35B501A40188EA9BE20E9444368F
:10BA20008B899C89AD89BE89840D951DA61DB71D86
:10BA3000B595A795979587951F3F09F075CB80938E
:10BA400004152296FFAD2297FF932FAD2F933E81D1
:10BA50003F934D814F9384E99BE29F938F938FE9AE
:10BA60009BE29F938F931F920F942D168D819E8141
:10BA700001969E838D830FB6F894DEBF0FBECDBFB7
:10BA8000BCA1B983EDA1EB87FEA1FE8F2FA12F8F63
:10BA9000CF8AD88EE98EFA8E3EAD38A742CE81503D
:10BAA000823108F05AC0E82FF0E08827E55AF242C8
:10BAB0008F4F0D94813D7BDD7FDD6DDD73DD77DDA7
:10BAC000ADDD82DD88DD8CDD92DD96DD9ADDA0DDE9
:10BAD000A4DDADDDA8DDAEDDB2DD809180008F7725
:10BAE000809380000895809180008F7DF9CF8091B0
:10BAF0008000877FF5CF84B58F7784BD089584B5A6
:10BB00008F7DFBCF8091B0008F778093B000089538
:10BB10008091B0008F7DF9CF809190008F778093D6
:10BB200090000895809190008F7DF9CF80919000D2
:10BB3000877FF5CF8091A0008F778093A000089534
:10BB40008091A0008F7DF9CF8091A000877FF5CFF5
:10BB5000809120018F7780932001089580912001AA
:10BB60008F7DF9CF80912001877FF5CF3FB7F89483
:10BB700080911D0A90911E0AA0911F0AB091200A7F
:10BB800026B5A89B05C02F3F19F00196A11DB11D38
:10BB90003FBFBA2FA92F982F8827BC01CD01620F74
:10BBA000711D811D911D42E0660F771F881F991F2F
:10BBB0004A95D1F708952F923F924F925F926F92DC
:10BBC0007F928F929F92AF92BF92CF92DF92EF922D
:10BBD000FF920F931F93CF93DF93CDB7DEB7CE586D
:10BBE000D1090FB6F894DEBF0FBECDBF8C017B012B
:10BBF000E2965FAF4EAFE297DC012D913D914D9102
:10BC00005C91AC962CAF3DAF4EAF5FAFAC9720913F
:10BC1000610F3091620F4091630F5091640FAC96A9
:10BC20006CAD7DAD8EAD9FADAC970F940C370F947E
:10BC3000F73FCE57DF4F688379838A839B83C2584F
:10BC4000D040D80114962D913D914D915C9117975C
:10BC5000E0962CAF3DAF4EAF5FAFE0972091650F00
:10BC60003091660F4091670F5091680FE0966CAD70
:10BC70007DAD8EAD9FADE0970F940C370F94F73FDD
:10BC8000CA57DF4F688379838A839B83C658D04025
:10BC9000D80118962D913D914D915C911B97E69698
:10BCA0002CAF3DAF4EAF5FAFE6972091690F30915B
:10BCB0006A0F40916B0F50916C0FE6966CAD7DADA5
:10BCC0008EAD9FADE6970F940C370F94F73FC65794
:10BCD000DF4F688379838A839B83CA58D040D80119
:10BCE0001C962D913D914D915C911F9765962CAFBF
:10BCF0003DAF4EAF5FAF659720916D0F30916E0FE6
:10BD000040916F0F5091700F65966CAD7DAD8EAD0B
:10BD10009FAD65970F940C370F94F73FA8966CAFC3
:10BD20007DAF8EAF9FAFA89780E1F801DE019196BD
:10BD300001900D928A95E1F78091AB0E83FF1CC0B4
:10BD4000A8962CAD3DAD4EAD5FADA897209395154F
:10BD500030939615409397155093981565968CAD32
:10BD60009DADAEADBFAD659780938515909386155B
:10BD7000A0938715B0938815D7013C9011962C900D
:10BD800011971296BC916A96BFAF6A97F701F3813B
:10BD90006B96FFAF6B978091631590916415891B2B
:10BDA0008095877019F40E94FF58F5CF2091631594
:10BDB000C257DF4F2883CE58D04000916315809141
:10BDC000A90E9091AA0E892B11F00C9410EE80917F
:10BDD000891590918A15A0918B15B0918C15CE572D
:10BDE000DF4F488059806A807B80C258D040481A13
:10BDF000590A6A0A7B0A80918D1590918E15A0913F
:10BE00008F15B0919015CA57DF4FC880D980EA804E
:10BE1000FB80C658D040C81AD90AEA0AFB0A8091AA
:10BE2000911590919215A0919315B0919415C657C4
:10BE3000DF4F288139814A815B81CA58D040281B55
:10BE4000390B4A0B5B0B2BAB3CAB4DAB5EAB809124
:10BE5000951590919615A0919715B0919815A89663
:10BE60002CAD3DAD4EAD5FADA897281B390B4A0BED
:10BE70005B0B23962CAF3DAF4EAF5FAF2397232BC9
:10BE8000242B252B09F487C00E94A6AA882341F100
:10BE9000A8968CAD9DADAEADBFADA897809395151E
:10BEA00090939615A0939715B093981565962CAD21
:10BEB0003DAD4EAD5FAD65972093851530938615EA
:10BEC00040938715509388150E94F43488E192E3DB
:10BED0000E94AE3223961CAE1DAE1EAE1FAE23973F
:10BEE00023966CAD7DAD8EAD9FAD23970F94AD368F
:10BEF000209148023091490240914A0250914B02F0
:10BF00000F940C374B015C0120E030E0A9010F9445
:10BF1000EA3F87FF04C0B7FAB094B7F8B09420E0C6
:10BF200030E84BE354E460916D0F70916E0F809197
:10BF30006F0F9091700F0F940C37A50194010F941F
:10BF4000A63687FF28C0A8968CAD9DADAEADBFAD1F
:10BF5000A8978093951590939615A0939715B093F5
:10BF6000981565962CAD3DAD4EAD5FAD65972093B0
:10BF700085153093861540938715509388150E9438
:10BF8000F43489EF91E30E94AE3223961CAE1DAECD
:10BF90001EAE1FAE2397D301C2018827B7FD83953C
:10BFA0009927AA27BB27182FF7FC12608BA99CA9F9
:10BFB000ADA9BEA9B7FD146023962CAD3DAD4EAD25
:10BFC0005FAD239757FD186023966CAD7DAD8EADA8
:10BFD0009FAD23970F94AD362091480230914902CE
:10BFE00040914A0250914B020F940C3761966CAF0E
:10BFF0007DAF8EAF9FAF619720E030E0A9010F9435
:10C00000EA3F87FFB4C461966CAD7DAD8EAD9FAD48
:10C0100061979058402F50E029965FAF4EAF299717
:10C0200054E7059F90011124D901AA5DB54FBCAF1B
:10C03000ABAF20E030E040E05FE30F948A3D0F9427
:10C04000FD3E2D966CAF7DAF8EAF9FAF2D97EBADC4
:10C05000FCAD1082EB5BFF4F10832BA93CA94DA9CF
:10C060005EA9A0962CAF3DAF4EAF5FAFA09757FF34
:10C070000DC050954095309521953F4F4F4F5F4FE4
:10C08000A0962CAF3DAF4EAF5FAFA097CFAAD8AE72
:10C09000E9AEFAAEF7FE0BC088279927DC018C19B0
:10C0A0009D09AE09BF098FAB98AFA9AFBAAF27966C
:10C0B0004CAE5DAE6EAE7FAE279777FE0DC02227E9
:10C0C0003327A901241935094609570927962CAFAA
:10C0D0003DAF4EAF5FAF279727968CAD9DADAEAD10
:10C0E000BFAD2797EBADFCAD858B968BA78BB08F43
:10C0F0002FA938AD49AD5AAD218F328F438F548F60
:10C10000A0962CAD3DAD4EAD5FADA097258F368F7F
:10C11000478F50A3C301B2010F94AD3620917D1219
:10C1200030917E1240917F12509180120F940C3703
:10C13000A4966CAF7DAF8EAF9FAFA497698B7A8BBF
:10C140008B8B9C8BC701B6010F94AD362091811269
:10C150003091821240918312509184120F940C37C7
:10C160004B015C018D8A9E8AAF8AB88E6BA97CA92F
:10C170008DA99EA90F94AD3620918512309186121B
:10C1800040918712509188120F940C376B017C01FB
:10C19000C98EDA8EEB8EFC8E2091891230918A1234
:10C1A00040918B1250918C1261966CAD7DAD8EAD2D
:10C1B0009FAD61970F940C3769966CAF7DAF8EAFD2
:10C1C0009FAF69976D8F7E8F8F8F98A327962CAD29
:10C1D0003DAD4EAD5FAD2797263031054105510588
:10C1E0000CF0D3C38FA998ADA9ADBAAD0697A10540
:10C1F000B1050CF0CAC3A0962CAD3DAD4EAD5FAD00
:10C20000A09726303105410551050CF0BEC320E052
:10C2100030E0A90169966CAD7DAD8EAD9FAD69979B
:10C220000F94EA3F87FFAAC369968CAD9DADAEAD72
:10C23000BFAD6997B05824E729964EAD5FAD2997F9
:10C24000249FF001259FF00D1124EA5DF54F8587AD
:10C250009687A787B08B84E729962EAD3FAD2997A7
:10C26000829FF001839FF00D1124EA5DF54F2D961A
:10C270008CAD9DADAEADBFAD2D9781A392A3A3A311
:10C28000B4A3A0968CAD9DADAEADBFADA0972FA9C8
:10C2900038AD49AD5AAD82179307A407B50710F41E
:10C2A000DA01C90127962CAD3DAD4EAD5FAD2797A4
:10C2B00082179307A407B50710F4DA01C9012D9678
:10C2C0002CAD3DAD4EAD5FAD2D9782179307A40702
:10C2D000B50710F4DA01C90124E729964EAD5FAD28
:10C2E0002997249FF001259FF00D1124EA5DF54F59
:10C2F00085A396A3A7A3B0A70697A105B10510F43F
:10C300000C94F3EDE15AFF4F80917A0E808345281B
:10C310004628472819F080E00E94539E84E729961A
:10C32000AEADBFAD29978A9FF0018B9FF00D112410
:10C33000EA5DF54F818D928DA38DB48D892B8A2B6B
:10C340008B2B19F081E00E94539E84E729962EAD35
:10C350003FAD2997829FF001839FF00D1124EA5D84
:10C36000F54F858D968DA78DB0A1892B8A2B8B2BB0
:10C3700019F082E00E94539E2D968CAD9DADAEAD1E
:10C38000BFAD2D97892B8A2B8B2B11F40C9412EEB9
:10C390008091250A882319F081508093250A0E94F4
:10C3A000159E80E18093250AE0908D0FF0908E0F0E
:10C3B00000918F0F1091900F9701A801632D722D9E
:10C3C0006A968FAD6A976B969FAD6B970F94A63662
:10C3D00087FD08C0E32CF22C6A960FAD6A976B9626
:10C3E0001FAD6B9784E72996AEADBFAD29978A9FA5
:10C3F000F0018B9FF00D1124EA5DF54F8584968442
:10C40000A784B088A501940160E070E080E89FE314
:10C410000F94843EA4966CAF7DAF8EAF9FAFA49770
:10C420009701A8010F940C376B017C018091631573
:10C4300090916115891B87706A968FAF6A97A701E3
:10C44000960160E074E284E799E40F94843E0F94CF
:10C45000F73F2B013C016A968FAD6A97825082307C
:10C46000A0F560915D0F70915E0F80915F0F9091CC
:10C47000600F6419750986099709161617061806BC
:10C4800019061CF5660F771F881F991F6A96BFADA6
:10C490006A972B2F30E050E040E00F940C3DCA012A
:10C4A000B9010F94AD360F94F63E640D751D861DCF
:10C4B000971D0F94AD369B01AC0160E074E284E7F8
:10C4C00099E40F94843E6B017C01A7019601C5019C
:10C4D000B4010F940C37EA966CAF7DAF8EAF9FAF6F
:10C4E000EA9784E72996EEADFFAD29978E9F8001EC
:10C4F0008F9F100D11240A5D154FEA962CAD3DADAE
:10C500004EAD5FADEA97D80111962D933D934D93B3
:10C510005C93149795962D913D914D915C919897D0
:10C5200027962CAF3DAF4EAF5FAF2797CA01B90139
:10C530000F94AB3661966CAF7DAF8EAF9FAF6197B6
:10C540009B01AC01C701B6010F940C370F94683EF4
:10C550000F94FD3EEE966CAF7DAF8EAF9FAFEE9722
:10C56000F801E15BFF4F6083718382839383FE0157
:10C5700071966C96FFAFEEAF6C979E012F5F3F4FA9
:10C580006E963FAF2EAF6E9741E75FE0C258DF4F28
:10C5900059834883CE57D040CE014D969AAB89AB94
:10C5A000C058DF4F39832883C058D040212C312C0C
:10C5B00090E89BABAFE3AFAB6C96EEADFFAD6C9785
:10C5C00021913191419151916C96FFAFEEAF6C97F3
:10C5D000C701B6010F940C374B015C01C058DF4F07
:10C5E000A881B981C058D0408D929D92AD92BD92E4
:10C5F000C058DF4FB983A883C058D04020E030E056
:10C60000A9010F94EA3F87FF04C0B7FAB094B7F8C6
:10C61000B094C258DF4FE881F981CE57D0404190A5
:10C62000519061907190C258DF4FF983E883CE57E3
:10C63000D040A5019401C301B2010F94A63687FF33
:10C6400012C0A5019401C301B2010F94843E5B01A5
:10C650008C0191014BA95FA90F94A63687FF03C0F7
:10C6600015010BAB1FAB29A93AA96C964EAD5FAD76
:10C670006C972417350709F09FCFA701960169969B
:10C680006CAD7DAD8EAD9FAD69970F940C376B018E
:10C690007C01CD86DE86EF86F88A20E030E0A901B5
:10C6A0000F94EA3F4601570187FF04C0B7FAB094E0
:10C6B000B7F8B09440907D0F50907E0F60907F0F40
:10C6C0007090800FA5019401C301B2010F94A636AA
:10C6D00087FF12C0A5019401C301B2010F94843EEB
:10C6E0005B018C0191014BA95FA90F94A63687FFCE
:10C6F00003C015010BAB1FAB20E030E040E85FE367
:10C70000B1018BA99FA90F94A63687FF68C091013C
:10C710004BA95FA969817A818B819C810F940C3729
:10C7200069837A838B839C8391014BA95FA96D8177
:10C730007E818F8198850F940C376D837E838F83E4
:10C74000988791014BA95FA969857A858B859C851E
:10C750000F940C3769877A878B879C8791014BA947
:10C760005FA9C701B6010F940C376D877E878F874D
:10C77000988B84E72996AEADBFAD29978A9F80013B
:10C780008B9F100D11240A5D154F7801BFE4EB0E4D
:10C79000F11CEE966CAD7DAD8EAD9FADEE970F9416
:10C7A000AB3691014BA95FA90F940C370F94FD3E56
:10C7B000F701608371838283938391014BA95FA901
:10C7C000EA966CAD7DAD8EAD9FADEA970F940C37B8
:10C7D000D80111966D937D938D939C9314976196D8
:10C7E0002CAD3DAD4EAD5FAD6197A4966CAD7DAD0A
:10C7F0008EAD9FADA4970F940C376FAB78AF89AF18
:10C800009AAF84E729962EAD3FAD2997829FF0011C
:10C81000839FF00D1124EA5DF54F85899689A789DC
:10C82000B08D8BAB9CABADABBEAB892B8A2B8B2B6E
:10C8300009F00FC1818D928DA38DB48D892B8A2B28
:10C840008B2B09F006C1858D968DA78DB0A1892B04
:10C850008A2B8B2B09F0FDC02091850F3091860F1C
:10C860004091870F5091880F6FA978AD89AD9AAD2F
:10C870000F940C370F94683E0F94FD3E2B013C0142
:10C88000312C84E729964EAD5FAD2997849F8001B6
:10C89000859F100D11240A5D154FF801E55AFF4FD1
:10C8A0004082518262827382C301B2010F94AB361F
:10C8B0004B015C012FA938AD49AD5AAD0F94843EB0
:10C8C000A4966CAF7DAF8EAF9FAFA497D801519661
:10C8D0006D937D938D939C9354976801B6E4CB0E32
:10C8E000D11CF60110821182128213827801FAE4BF
:10C8F000EF0EF11CD7011C92332009F49AC320914A
:10C900009709309198094091990950919A09C50168
:10C91000B4010F940C370F94FD3EF60160837183D0
:10C9200082839383F80181A192A1A3A1B4A1880F6E
:10C93000991FAA1FBB1F27964CAD5DAD6EAD7FAD95
:10C94000279722E076956795579547952A95D1F7D1
:10C95000F701481759076A077B0708F46AC3208163
:10C960002F5F2083880F991FAA1FBB1FF2CF6196EC
:10C970006CAD7DAD8EAD9FAD61974CCB69968CADA6
:10C980009DADAEADBFAD699756CCE296AEADBFAD35
:10C99000E2978D919D910D90BC91A02D8BAB9CAB9E
:10C9A000ADABBEAB20E030E0A901BC01CD010F94DE
:10C9B000A636882389F084E729962EAD3FAD2997C6
:10C9C000829FF001839FF00D1124EA5DF54F8BA942
:10C9D0009CA9ADA9BEA93BCCA4962CAD3DAD4EAD56
:10C9E0005FADA497CA01B9010F940C376BAB7CAB58
:10C9F0008DAB9EABA5019401C501B4010F940C371A
:10CA00009B01AC016BA97CA98DA99EA90F948A3DBD
:10CA10004B015C01A7019601C701B6010F940C37C9
:10CA20009B01AC01C501B4010F948A3D0F943840BD
:10CA300024E72996AEADBFAD29972A9FF0012B9F21
:10CA4000F00D1124EA5DF54F658776878787908B17
:10CA500002CC2D962CAD3DAD4EAD5FAD2D97232B69
:10CA6000242B252B09F4D0C12091810F3091820F06
:10CA70004091830F5091840F6FA978AD89AD9AAD25
:10CA80000F940C370F94683E0F94FD3E2B013C0130
:10CA90002D968CAD9DADAEADBFAD2D97892B8A2B5C
:10CAA0008B2B09F4BAC120919709309198094091D4
:10CAB000990950919A092D962CAF3DAF4EAF5FAFBB
:10CAC0002D9720E030E0A9012D966CAD7DAD8EADA7
:10CAD0009FAD2D970F94A636882309F49EC1239607
:10CAE0008CAD9DADAEADBFAD2397181619061A06D5
:10CAF0001B060CF092C12091791530917A15409166
:10CB00007B1550917C15AC966CAD7DAD8EAD9FAD17
:10CB1000AC970F94893D23966CAF7DAF8EAF9FAFDE
:10CB2000239720917D1530917E1540917F1550916E
:10CB30008015E0966CAD7DAD8EAD9FADE0970F9406
:10CB4000893D4B015C012091811530918215409106
:10CB5000831550918415E6966CAD7DAD8EAD9FAD7D
:10CB6000E6970F94893D6B017C0123962CAD3DAD7A
:10CB70004EAD5FAD2397CA01B9010F940C372396D0
:10CB80006CAF7DAF8EAF9FAF2397A5019401C50118
:10CB9000B4010F940C379B01AC0123966CAD7DADB5
:10CBA0008EAD9FAD23970F948A3D4B015C01A70189
:10CBB0009601C701B6010F940C379B01AC01C5016A
:10CBC000B4010F948A3D0F9438406B017C01209191
:10CBD0008515309186154091871550918815659679
:10CBE0006CAD7DAD8EAD9FAD65970F94893DA7016E
:10CBF00096010F94843E6B017C0120E030E040E41C
:10CC000050E40F94EA3F18160CF407C1A7019601EF
:10CC10002D966CAD7DAD8EAD9FAD2D970F940C37DD
:10CC20009B01AC016091AB097091AC098091AD0999
:10CC30009091AE090F94843E2FA938AD49AD5AADFD
:10CC40000F940C370F94FD3E641575058605970506
:10CC500010F42B013C01332433948091930990917B
:10CC60009409A0919509B0919609EBADFCADC18CEA
:10CC7000D28CE38CF48C258D368D478D50A1239674
:10CC80002CAF3DAF4EAF5FAF239721A132A143A19F
:10CC900054A12D962CAF3DAF4EAF5FAF2D97279689
:10CCA0002CAD3DAD4EAD5FAD279782179307A4071E
:10CCB000B50708F4B4C08BA99CA9ADA9BEA9892B5E
:10CCC0008A2B8B2BE1F0609183097091840980910C
:10CCD000850990918609641575058605970578F490
:10CCE0000F94DA3C2BA93CA94DA95EA90F94EA3C0C
:10CCF000241535054605570510F429013A01C114DC
:10CD0000D104E104F10401F160918709709188096F
:10CD10008091890990918A096415750586059705A2
:10CD200098F427962CAD3DAD4EAD5FAD27970F948F
:10CD3000DA3CA70196010F94EA3C24153505460517
:10CD4000570510F429013A0123962CAD3DAD4EADA7
:10CD50005FAD2397232B242B252B21F160918B0989
:10CD600070918C0980918D0990918E0964157505DB
:10CD700086059705B8F427962CAD3DAD4EAD5FAD59
:10CD800027970F94DA3C23962CAD3DAD4EAD5FADA9
:10CD900023970F94EA3C241535054605570510F4F2
:10CDA00029013A012D968CAD9DADAEADBFAD2D974D
:10CDB000892B8A2B8B2B09F464CD60918F0970919C
:10CDC00090098091910990919209641575058605E5
:10CDD000970508F056CD27962CAD3DAD4EAD5FAD15
:10CDE00027970F94DA3C2D962CAD3DAD4EAD5FAD3F
:10CDF0002D970F94EA3C241535054605570508F094
:10CE000040CD29013A013DCD2091890F30918A0F03
:10CE100040918B0F50918C0F2FCE312C1ECF2BA910
:10CE20003CA94DA95EA9232B242B252BC9F1609188
:10CE30008309709184098091850990918609641510
:10CE400075058605970560F50F94AB3661962CAD98
:10CE50003DAD4EAD5FAD61970F940C374B015C015A
:10CE60006BA97CA98DA99EA90F94AB369B01AC013F
:10CE7000C501B4010F94843E4B015C01C301B201B2
:10CE80000F94AB369B01AC01C501B4010F94A636DB
:10CE900087FF06C0C501B4010F94FD3E2B013C0184
:10CEA000C114D104E104F104B9F1609187097091D2
:10CEB00088098091890990918A096415750586050C
:10CEC000970550F50F94AB3661962CAD3DAD4EAD48
:10CED0005FAD61970F940C374B015C01C701B60140
:10CEE0000F94AB369B01AC01C501B4010F94843E95
:10CEF0006B017C01C301B2010F94AB369B01AC0105
:10CF0000C701B6010F94A63687FF06C0C701B60158
:10CF10000F94FD3E2B013C0123968CAD9DADAEAD33
:10CF2000BFAD2397892B8A2B8B2BD9F160918B096D
:10CF300070918C0980918D0990918E096415750509
:10CF40008605970570F50F94AB3661962CAD3DAD17
:10CF50004EAD5FAD61970F940C376B017C0123964A
:10CF60006CAD7DAD8EAD9FAD23970F94AB369B011D
:10CF7000AC01C701B6010F94843E6B017C01C30173
:10CF8000B2010F94AB369B01AC01C701B6010F94FF
:10CF9000A63687FF06C0C701B6010F94FD3E2B01E0
:10CFA0003C012D962CAD3DAD4EAD5FAD2D97232BA5
:10CFB000242B252B09F465CC60918F097091900981
:10CFC00080919109909192096415750586059705E0
:10CFD00008F057CC0F94AB3661962CAD3DAD4EADFD
:10CFE0005FAD61970F940C376B017C012D966CAD92
:10CFF0007DAD8EAD9FAD2D970F94AB369B01AC01EF
:10D00000C701B6010F94843E6B017C01C301B201DC
:10D010000F94AB369B01AC01C701B6010F94A63645
:10D0200087FF2FCCC701B6010F94FD3E2B013C01B9
:10D0300028CC84E729962EAD3FAD2997829FF00139
:10D04000839FF00D1124EA5DF54F31812A963FAFA1
:10D050002A9742812E964FAF2E97538162965FAFEB
:10D060006297848166968FAF6697AFE9B9E0AE9616
:10D07000BFAFAEAFAE976E964EAC5FAC6E97B0E101
:10D080004B0E511C6FE9262E69E0362E6E966EAC63
:10D090007FAC6E973BAB4FAB5FAF24968FAF2497BF
:10D0A00010E0F301C190D190E190F1903F0120E0B8
:10D0B00030E0A901C701B6010F94EA3F87FF04C021
:10D0C000F7FAF094F7F8F094D1016D917D918D917C
:10D0D0009D911D0120E030E0A9010F948A3D4B0194
:10D0E0005C01A70196010F94A63687FF33C0112378
:10D0F00009F40BC3A50194012A966FAD2A972E96C9
:10D100007FAD2E9762968FAD629766969FAD6697BC
:10D110000F940C374B015C012BA93FA94FAD24960E
:10D120005FAD2497C701B6010F940C379B01AC018A
:10D13000C501B4010F94A63687FF0CC0A701960164
:10D14000C501B4010F94843E6BAB7FAB8FAF2496C7
:10D150009FAF24974614570409F0A3CF6A96BFAD3A
:10D160006A97BB2309F425C3209065153090661596
:10D1700000916715109168152DEB37E346E855E3EC
:10D18000B101C8010F94A63687FD13C39101A80110
:10D190002A966FAD2A972E967FAD2E9762968FAD09
:10D1A000629766969FAD66970F94A63687FFC5C2B5
:10D1B0009101A8012A966FAD2A972E967FAD2E97E2
:10D1C00062968FAD629766969FAD66970F94843E88
:10D1D000AC966CAF7DAF8EAF9FAFAC972A962FAC5D
:10D1E0002A972E963FAC2E9762960FAD6297669661
:10D1F0001FAD669749E655E16C965FAF4EAF6C97F1
:10D20000412C512C20E8622E2FE3722E6A961FAE1D
:10D210006A976C96AEADBFAD6C976D917D918D9117
:10D220009D916C96BFAFAEAF6C97AC962CAD3DADFB
:10D230004EAD5FADAC970F940C374B015C016E9611
:10D24000EEADFFAD6E97C190D190E190F1906E96EA
:10D25000FFAFEEAF6E976A96FFAD6A97FF2371F04E
:10D26000A30192010F940C374B015C01A3019201C1
:10D27000C701B6010F940C376B017C01A701960121
:10D28000C501B4010F94EA3F20E030E0A90118166F
:10D290000CF06EC2C701B6010F94EA3F18164CF0AD
:10D2A00020E030E0A901C501B4010F94A63687FF44
:10D2B0004FC2A7019601C501B4010F94893D6B01CE
:10D2C0007C01AE96AEADBFADAE976D917D918D9167
:10D2D0009D91AE96BFAFAEAFAE9720E030E0A90112
:10D2E0000F948A3D4B015C01A70196010F94A6366D
:10D2F00087FF15C0A7019601C501B4010F94843EB4
:10D300009B01AC01C301B2010F940C372B013C010E
:10D310006A96BFAD6A97BF5F6A96BFAF6A97E9E743
:10D32000F5E16C962EAD3FAD6C97E217F30709F06F
:10D3300070CF6A963FAD6A97332341F0A301920103
:10D34000B101C8010F940C371B018C0124EA30E7AE
:10D350004DE75FE3B101C8010F940C376B017C010D
:10D360002091210A3091220A4091230A5091240AE7
:10D370000F94A63687FF0CC02BA93FA94FAD24966A
:10D380005FAD2497C701B6010F94A63687FD11C281
:10D390008BA99FA9AFAD2496BFAD24978093210A96
:10D3A0009093220AA093230AB093240A24E7299693
:10D3B0004EAD5FAD2997249FC001259F900D11248C
:10D3C000DC01AA5DB54F7D019101A801B101C80141
:10D3D0000F940C37F7016187728783879487A4962F
:10D3E0006CAD7DAD8EAD9FADA49790589B01AC0107
:10D3F0000F948A3DABADBCAD1D962D913D914D91E5
:10D400005C9150970F940C379B01AC016BE077ED6A
:10D4100083E29BE30F94893D4B015C018BE097ED28
:10D42000A3E2BBE3F70185839683A783B087ABAD07
:10D43000BCAD8C9181608C932A962FAD2A972E9645
:10D440003FAD2E9762964FAD629766965FAD669739
:10D450002A966FAD2A972E967FAD2E9762968FAD46
:10D46000629766969FAD66970F940C379B01AC014F
:10D47000C501B4010F94EA3F87FD05C0EBADFCADDB
:10D4800080818260808380E1FE013196A9E6B5E16A
:10D4900001900D928A95E1F784E729962EAD3FAD74
:10D4A0002997829FF001839FF00D1124EA5DF54FCB
:10D4B00081819281A381B4818093651590936615D3
:10D4C000A0936715B0936815CE57DF4F8881998177
:10D4D000AA81BB81C258D0408093891590938A1548
:10D4E000A0938B15B0938C15CA57DF4F28813981D3
:10D4F0004A815B81C658D04020938D1530938E159C
:10D5000040938F1550939015C657DF4F88819981AE
:10D51000AA81BB81CA58D0408093911590939215EF
:10D52000A0939315B0939415A8962CAD3DAD4EAD38
:10D530005FADA89720939515309396154093971556
:10D5400050939815E05AFF4FA091820934E0A39FB1
:10D55000D0011124A156BF4E8D919D910D90BC918B
:10D56000A02D80839183A283B383C0908515D09032
:10D570008615E0908715F09088152091AE0F3091B8
:10D58000AF0F4091B00F5091B10F60917D15709128
:10D590007E1580917F15909180150F948A3D2B0107
:10D5A0003C012091B20F3091B30F4091B40F5091D4
:10D5B000B50F6091811570918215809183159091BE
:10D5C00084150F948A3D4B015C010BAD1CAD0C59C9
:10D5D0001F4F2091AA0F3091AB0F4091AC0F50918B
:10D5E000AD0F6091791570917A1580917B159091AE
:10D5F0007C150F948A3DD8016D937D938D939C93F8
:10D600001397EBADFCADE859FF4F40825182628227
:10D610007382EBADFCADE459FF4F80829182A28210
:10D62000B382EBADFCADE059FF4FC082D182E28204
:10D63000F38280E1FE01B196A9E7B5E101900D9278
:10D640008A95E1F79091631580916415981303C052
:10D6500084E680936015C257DF4F8881CE58D04052
:10D660008F5F877080936315809163159091621529
:10D6700081508770891709F4CAC1109163152090F1
:10D68000621580916315281609F42CC1115017708A
:10D69000D12CC12C121509F425C1812E912CB4E78F
:10D6A000B89DF001B99DF00D1124EA5DF54F808120
:10D6B00083FD15C1FCAFEBAF3097C9F0B184028593
:10D6C000A38434844580568067807084A3019201CE
:10D6D0006B2D702F8A2D932D0F94A636811173C058
:10D6E000C114D10421F0D6018C9180FD70C011507D
:10D6F0001770822D20906215281609F461C0181742
:10D7000009F4F0C08F5F8770F5CFA7019601C501BE
:10D71000B4010F94843E9B01AC016BA97FA98FAD2E
:10D7200024969FAD24970F940C376BAB7FAB8FAFD4
:10D7300024969FAF249711E00DCD20E030E040E823
:10D740005FE3AC962CAF3DAF4EAF5FAFAC9752CD21
:10D75000F7FAF094F7F8F094A7019601C501B40127
:10D760000F94EA3F18160CF0ACCD75016401A9CDF9
:10D77000C701B6010F94A63687FD09C020E030E04E
:10D78000A901C501B4010F94EA3F18162CF4A501B4
:10D790009401C701B60191CDB7FAB094B7F8B0942F
:10D7A000A5019401C701B6010F94A63687FF89CD64
:10D7B000DCCF2BA83FA80FAD24961FAD2497E8CD52
:10D7C000CBACDCAC67CFC114D10409F460C0F60166
:10D7D000C580D680E780F084B4E7B89DF001B99D9C
:10D7E000F00D1124EA5DF54F808181FD2CC0618927
:10D7F00072898389948990589B01AC010F948A3D6A
:10D80000EBADFCAD25853685478550890F940C37E7
:10D810009B01AC01C701B6010F94893D6B012896AD
:10D820008FAF28979BAB9B01AC016B2D702F8A2D7E
:10D83000932D0F94A63687FD06C0BC2C0D2D28967F
:10D84000AFAC28973BA82B2D302F4A2D532DC30169
:10D85000B2010F94A636882309F449CFF4E7F89D66
:10D86000C001F99D900D11249C012A5D354F69017D
:10D87000D9018C9181608C938BAD9CAD0E94319DC0
:10D88000882319F1F60180818E7F808330CFE29664
:10D89000AEADBFADE2971896CD90DD90ED90FC90C7
:10D8A0001B972BE037ED43E25BE3C701B6010F9412
:10D8B000EA3F18160CF490CF9BE0C92E97EDD92EB5
:10D8C00093E2E92E9BE3F92E87CF8B2D902FAA2D83
:10D8D000B32DF60185839683A783B08708CFDCAE8E
:10D8E000CBAE05CF10916215D12CC12C04E78091ED
:10D8F0006315811709F48BC0812E912C089DC001FE
:10D90000099D900D11249C012A5D354F1901D90103
:10D910008C91560183FD6FC05901C114D10409F4E3
:10D920006AC0C6010E94319D811165C0D6018C91EB
:10D9300081FD4CC0D10115964D905D906D907C900D
:10D940001897D60115962D913D914D915C911897A0
:10D950002BAF3CAF4DAF5EAFA30192016BAD7CAD81
:10D960008DAD9EAD0F94A63687FF30C0F60161895C
:10D9700072898389948990589B01AC010F948A3DE8
:10D98000D6011D962D913D914D915C9150970F942C
:10D990000C379B01AC016BAD7CAD8DAD9EAD0F9492
:10D9A000893D6B017C01A30192010F94A63687FF8C
:10D9B0000DC0F101808181608083C5010E94319D8D
:10D9C0008823E9F0D1018C918E7F8C93089DF00122
:10D9D000099DF00D1124EA5DF54F218532854385BF
:10D9E000548565817681878190850F94A636811153
:10D9F00002C0109362151F5F1770650178CFF101A7
:10DA0000C582D682E782F08610936215DFCFF09050
:10DA10006415E090631524E7FE1409F482C08FEFCB
:10DA20008E0D8770289FF0011124EA5DF54F9081DB
:10DA300093FD75C0A12CB12C812C912C10E000E03D
:10DA4000FE1409F477C0F4E7FF9EC00111249C0185
:10DA50002A5D354F6901D9018C9183FD64C015960B
:10DA60006D917D918D919C9118970F9438403B0159
:10DA70008BAF28969FAF28970115110509F444C074
:10DA8000F601808180FF04C0D8018C9181608C9365
:10DA9000F801808180FF38C0C8010E94319D81114A
:10DAA0002FC0D80111962D913D914D915C91149705
:10DAB00060E070E080E89FE30F94843E1B012C013E
:10DAC000AC019B01B3018BAD28969FAD28970F94B5
:10DAD0000C3769837A838B839C839501A401C201EF
:10DAE000B1010F940C37698B7A8B8B8B9C8BAE01B9
:10DAF0004F5F5F4FBE016F5E7F4FC8010E9478ADE0
:10DB0000F80180818E7F8083F394FF2DF770FF2EC4
:10DB100053018BAC28969FAC2897860191CFE82EB5
:10DB20007BCFEF2C87CF35018BAE28969FAE289701
:10DB30006801EACF0115110509F455C0E296AEADB2
:10DB4000BFADE29718966D917D918D919C911B9739
:10DB50000F9438406B017C012DEC3CEC4CE45DE310
:10DB60000F94EA3F181644F08DECC82E8CECD82E9A
:10DB70008CE4E82E8DE3F82EF801808181608083AB
:10DB8000C8010E94319D81112AC0D80111962D91A2
:10DB90003D914D915C91149760E070E080E89FE3C7
:10DBA0000F94843E2B013C01A70196010F940C3782
:10DBB00069837A838B839C83A3019201B501C4019D
:10DBC0000F940C37698B7A8B8B8B9C8BAE014F5FDC
:10DBD0005F4FBE016F5E7F4FC8010E9478ADF801B4
:10DBE00080818E7F80830E94662E81E0C257DF4F46
:10DBF0000FB6F894DEBF0FBECDBFDF91CF911F915E
:10DC00000F91FF90EF90DF90CF90BF90AF909F90DB
:10DC10008F907F906F905F904F903F902F900895DE
:10DC200080E0E4CFE090910FF090920F0091930F7D
:10DC30001091940F0C94DCE1EF92FF920F931F93DD
:10DC4000CF93DF93CDB7DEB760970FB6F894DEBF02
:10DC50000FBECDBFFC018B017A0190E1DE01119670
:10DC600001900D929A95E1F7CE0101960E94DEACEB
:10DC70008091A90E9091AA0E892B99F4A701B80161
:10DC8000CE0101960E94DBDD60960FB6F894DEBFF0
:10DC90000FBECDBFDF91CF911F910F91FF90EF90FD
:10DCA000089580E0F1CF7F928F929F92AF92BF92C2
:10DCB000CF92DF92EF92FF920F931F93CF93DF9358
:10DCC000FC01F62E80912E02882371F080912F02A4
:10DCD00081110AC021E0621709F461C0621780F067
:10DCE00082E0681709F46CC0B12C80E5C82E93EC73
:10DCF000D92E27E4E22E00E010E5D3ECC7EC10C0EB
:10DD00000091300210913102D0913202C091330261
:10DD1000B0903C02C0903D02D0903E02E0903F02A5
:10DD2000708081809280A38098014D2F5C2F672D99
:10DD3000782D892D9A2D0F94A63687FD11C02B2D95
:10DD40003C2D4D2D5E2D672D782D892D9A2D0F940C
:10DD5000EA3F18160CF445C0072D182DD92DCA2DF1
:10DD600024E0F29EC0011124FC01E656F04FA80108
:10DD70006D2F7C2F40835183628373838D5B9C4F17
:10DD8000DF91CF911F910F91FF90EF90DF90CF9097
:10DD9000BF90AF909F908F907F900C940EB30091A6
:10DDA000340210913502D0913602C0913702B09002
:10DDB0004002C0904102D0904202E0904302B0CFB6
:10DDC0000091380210913902D0913A02C0913B0281
:10DDD000B0904402C0904502D0904602E0904702C5
:10DDE0009FCF0B2D1C2DDD2DCE2DBACFCF92DF92E4
:10DDF000EF92FF922FEB31E341E0F901C590D5900E
:10DE0000E590F490C616D706E806F90658F49695FC
:10DE1000879577956795440F2C5F3F4F51E32B3DD6
:10DE2000350759F740938109FF90EF90DF90CF902D
:10DE30000C94459DCF93DF93282F30E0F901E758EC
:10DE4000FE4C8491F901ED5CFE4CD491F901E35153
:10DE5000FF4CC491CC23A1F081110E944FDDEC2F27
:10DE6000F0E0EE0FFF1FED52FF4CA591B491EC9145
:10DE7000ED2381E090E009F480E0DF91CF910895F7
:10DE800080E090E0FACF1F93CF93DF93282F30E00C
:10DE9000F901E758FE4C8491F901ED5CFE4CD491F8
:10DEA000F901E351FF4CC491CC23A9F0162F811145
:10DEB0000E944FDDEC2FF0E0EE0FFF1FE754FF4C08
:10DEC000A591B4918FB7F894EC91111108C0D09539
:10DED000DE23DC938FBFDF91CF911F910895DE2B5E
:10DEE000F8CFCF93DF9390E0FC01ED5CFE4C2491E2
:10DEF00083519F4CFC0184918823C9F090E0880FE6
:10DF0000991FFC01E156FF4CA591B491FC01E75427
:10DF1000FF4CC591D49161110DC09FB7F8948C91BD
:10DF2000209582238C938881282328839FBFDF91AB
:10DF3000CF910895623051F49FB7F8943C91822FAD
:10DF4000809583238C93E8812E2BEFCF8FB7F894A5
:10DF5000EC912E2B2C938FBFEACF8F929F92AF9292
:10DF6000BF92CF92DF92EF92FF926B017C010E94F1
:10DF7000B6DD4B015C01C114D104E104F104B9F038
:10DF80000E94B6DD681979098A099B09683E7340C9
:10DF90008105910580F321E0C21AD108E108F1085A
:10DFA00088EE880E83E0981EA11CB11CE4CFFF9080
:10DFB000EF90DF90CF90BF90AF909F908F9008959B
:10DFC0009F92AF92BF92CF92DF92EF92FF920F9308
:10DFD0001F93CF93DF931F92CDB7DEB78C016C01F7
:10DFE000C60ED71EF12CE12CC016D10609F44EC086
:10DFF000A090950FB090960FF80191908F019982A3
:10E00000C5010F94C43C981699F1692DC5010F9470
:10E01000CC3CFFEFEF1AFF0AC7018F779927892BB6
:10E0200001F162E070E080E090E00E94ADEFC50198
:10E030000F94C43C99818917D9F00E94F4348FED74
:10E0400091E30E94AE3281E00F90DF91CF911F915A
:10E050000F91FF90EF90DF90CF90BF90AF909F9087
:10E06000089562E070E080E090E00E94072FDFCF2B
:10E07000CE0101960F94DE0E8091950F9091960F30
:10E0800001969093960F8093950FAECF80E0DCCFF2
:10E090002FB7F8946091190A70911A0A80911B0A9F
:10E0A00090911C0A2FBF0895CF92DF92EF92FF92BA
:10E0B0000E9448F06B017C0128E5C20E22E0D21ECE
:10E0C000E11CF11C0E94563E8F3F71F00E9448F007
:10E0D0006C197D098E099F0997FDF4CF80E0FF90B0
:10E0E000EF90DF90CF90089581E0F9CF1F920F92CB
:10E0F0000FB60F9211242F933F938F939F93AF935B
:10E10000BF938091190A90911A0AA0911B0AB091AD
:10E110001C0A3091180A23E0230F2D3758F5019679
:10E12000A11DB11D2093180A8093190A90931A0A11
:10E13000A0931B0AB0931C0A80911D0A90911E0A9D
:10E14000A0911F0AB091200A0196A11DB11D8093D4
:10E150001D0A90931E0AA0931F0AB093200ABF9134
:10E16000AF919F918F913F912F910F900FBE0F9084
:10E170001F90189526E8230F0296A11DB11DD2CF3E
:10E180001F93CF93DF93CDB7DEB76D970FB6F8949B
:10E19000DEBF0FBECDBF1D8E1C8EAC01BE01645E06
:10E1A0007F4F80E00F94E90F10E00097A9F01982EB
:10E1B0001C826C8D7D8D21E0AC01CE0101960E9408
:10E1C0006E94182F882321F0CE0101960E9433947B
:10E1D000CE0101960E945728812F6D960FB6F894B4
:10E1E000DEBF0FBECDBFDF91CF911F9108958DE0AF
:10E1F0000E94A7328AE00C94A732CF93DF93EC0100
:10E200008991882319F00E94A732FACFDF91CF912C
:10E2100008950E947D4D8AE00C94A7321F93CF93FE
:10E22000DF93182FEB010E94F43480E39FE20E94F9
:10E23000AE328CE19FE2113011F482E29FE20E9443
:10E24000AE32BE0188E29FE2DF91CF911F910C9424
:10E2500009F1CF939091571794FF20C090915F17C9
:10E2600091111CC02AE5811121E0C82F4EE353E033
:10E2700067E777E18CE597E10E946E94811105C014
:10E280008EE393E0CF910C94D4C3C11107C06EE329
:10E2900073E08AE09FE2CF910C9409F1CF91089549
:10E2A000CF9321E04EE353E067E777E18CE597E118
:10E2B0000E946E94C82F882321F08CE597E10E947C
:10E2C00033948C2FCF9108950E9450F1882331F020
:10E2D0000E9427288EE393E00C9474C608958BE186
:10E2E000E7E7F7E1A2E9B7E101900D928A95E1F73E
:10E2F0008091571780648093571710924C17089598
:10E30000EF92FF921F93CF93DF9300D000D000D005
:10E310001F92CDB7DEB78091571784FF0E940AC6BF
:10E320008091571784FF3CC00E944528811138C056
:10E3300080914D1790E08F969F938F9385E39FE296
:10E340009F938F93CE0101967C019F938F930F949F
:10E350003D36809157170F900F900F900F900F90B0
:10E360000F9084FF1DC0C7010E94C0F0182F8823A2
:10E37000B9F00E946FF1C7010E94868C80914D1701
:10E380008F5F80934D17812F2A960FB6F894DEBFCA
:10E390000FBECDBFDF91CF911F91FF90EF900895F9
:10E3A00010924D1710E0EFCF80914C178823C1F0E9
:10E3B000815080934C17E7E7F7E1882351F08150B3
:10E3C000990B2BE1289FF001299FF00D1124E355B3
:10E3D000F84E8BE1A2E9B7E101900D928A95E1F741
:10E3E00080914C17811105C09091571790649093BC
:10E3F000571708954F925F926F927F928F929F92DC
:10E40000AF92BF92CF92DF92EF92FF920F931F9342
:10E41000CF93DF93CDB7DEB7AA970FB6F894DEBFE0
:10E420000FBECDBF6091891670918A1683E297E383
:10E430000E9457BA409181165091821660918316BE
:10E440007091841684E197E30E9444BA809181160A
:10E4500090918216A0918316B0918416E3E5F3E0C3
:10E4600010E000E041915191619171914115510588
:10E470006105710511F40D944F0D481759076A078E
:10E480007B0709F0E2C0AC01BD01477F4233504138
:10E490006105710511F40D94530D8433E0E19E077D
:10E4A000A105B10509F45BC08115F3E19F07A10542
:10E4B000B10509F454C0AC01BD0148505041610997
:10E4C0007109453051056105710510F40D94570D22
:10E4D000AC01BD01465450416109710947305105F5
:10E4E0006105710510F40D945B0DAC01BD0144553F
:10E4F000504161097109453051056105710510F4FC
:10E5000002E110E08A35E2E19E07A105B10539F18B
:10E5100010F00D94C30D863322E19207A105B105D9
:10E52000F1F010F00D947B0D8E31F0E19F07A10505
:10E53000B105A9F010F00D945F0D8A31E0E19E075E
:10E54000A105B10561F08C31F0E19F07A105B1058E
:10E5500031F0883120E19207A105B10511F408E0FE
:10E5600010E0803421E19207A105B10509F470C0E3
:10E57000AC01BD014B7F403950416105710509F483
:10E580006AC08839F0E19F07A105B10509F463C0AD
:10E59000823421E19207A105B10509F45FC08434FA
:10E5A000E1E19E07A105B10509F45BC08834F1E102
:10E5B0009F07A105B10509F457C0AC01BD01515138
:10E5C00061097109413351056105710508F44FC0B6
:10E5D0008A509042A109B109833D9105A105B10579
:10E5E00008F448C086E097E30E94E238B801012EA3
:10E5F000000C880B990B0F94BE130E94F7F017FFC5
:10E600003CC0EDE7F6E180E5DF011D928A95E9F770
:10E610008AE580937E1685EA80937F16AA960FB6C8
:10E62000F894DEBF0FBECDBFDF91CF911F910F9148
:10E63000FF90EF90DF90CF90BF90AF909F908F9022
:10E640007F906F905F904F9008950F5F1F4F0ACF9C
:10E6500000E411E1C7CF09E919E9C4CF02E411E1EF
:10E66000C1CF04E411E1BECF08E411E1BBCF00E06B
:10E6700011E1B8CF09E110E0B5CF8AEF96E30E942F
:10E68000E2380F30110511F40D9473050CF00CC134
:10E690000630110509F4F2C40CF098C001301105E0
:10E6A00009F45DC344F4012B09F4ECC183E692E361
:10E6B0000E94E238A6CF0230110509F4DBC3033013
:10E6C0001105A1F78091811690918216A091831671
:10E6D000B09184168830F0E19F07A105B10509F0DB
:10E6E00051C482E496E30E94E238809189169091A9
:10E6F0008A16803F910509F0E7C381E09AE590937F
:10E70000DA168093D91685E390E09093DC16809317
:10E71000DB1687E08093CD1682E88093D01684E8DC
:10E7200090E0A0E0B0E08093D1169093D216A09331
:10E73000D316B093D4168DE796E10E94A73060916E
:10E74000891670918A168AE396E30E9457BA8091DF
:10E75000811690918216A0918316B09184168C3008
:10E760009041A105B10509F04CCF80918916909197
:10E770008A16029709F045CF0E94E0B981E08093A4
:10E780000E0A1092100A81E09AE59093DA168093AF
:10E79000D91682E590E09093DC168093DB1687E033
:10E7A0008093CD1682E88093D01684E890E0A0E0B4
:10E7B000B0E08093D1169093D216A093D316B09365
:10E7C000D4168DE796E10E94A7301BCF0B301105C0
:10E7D00011F40C9497FF5CF50730110509F465C539
:10E7E0000830110509F062CF8CEE95E30E94E23803
:10E7F000C0908116D0908216E0908316F090841617
:10E800000091891610918A16B2E3CB16B0E1DB06AF
:10E81000E104F10409F0ACC70115110509F056C770
:10E8200080917A0EE4E68E9FC001112440C20C3024
:10E83000110511F40D94C7010D30110509F036CF03
:10E840006091891670918A1680EB95E30E9457BA01
:10E850006091891670918A16FB013197EB31F105B1
:10E8600010F00D946E058827E75CFB408F4F0D94E8
:10E87000813D9A00C200B601B001EE00A400DE00A6
:10E880006001A600A60114019C01740106018C011F
:10E89000EA005C013C019A01D80034019801B20100
:10E8A00078011201EC0072010931110511F40D9487
:10E8B0008A090CF0A2C00631110511F40D94030968
:10E8C0005CF50231110511F40D942706053111058F
:10E8D00009F0ECCE6091891670918A1683EE93E36D
:10E8E0000E9457BA86ED93E30E94E238E0918916C0
:10E8F000F0918A16E730F10510F00D94FD08882795
:10E90000EB57FB408F4F0D94813D9800AC006C019C
:10E9100044014201A80062010731110511F40D9470
:10E9200047090831110509F0C1CE809189169091EF
:10E930008A168F3F910519F010F08FEF90E09093B9
:10E94000FF098093FE092091FE093091FF092115EE
:10E95000310511F00D9462091092DA161092D91651
:10E9600005E00093CD1612E81093D0168AE890E1E6
:10E97000A0E0B0E08093D1169093D216A093D31666
:10E98000B093D4168DE796E10E94A73089E090E01D
:10E990009093DA168093D9160093CD161093D01663
:10E9A0008CE890E1A0E0B0E08093D1169093D2166D
:10E9B000A093D316B093D4168DE796E10E94A730AA
:10E9C0008091FE091092D9168093DA1685E0809323
:10E9D000CD1682E88093D01681EA90E0A0E0B0E006
:10E9E0008093D1169093D216A093D316B093D416D9
:10E9F0008DE796E10E94A73004CE0234B1E11B07F7
:10EA000011F40D94530C04F50115F1E11F0711F4F5
:10EA10000D94960C0034114109F048CE8DED95E02F
:10EA20000E9459CC2091891630918A162115310502
:10EA300011F00D94360C1092FF091092FE091092FD
:10EA4000FC090E941BC2DDCD043481E1180711F4DA
:10EA50000D94780C0834114109F028CE86E196E037
:10EA60000E9459CC8091891690918A168530910523
:10EA700010F00D948D0C85E090E09093030A809344
:10EA8000020ADFCF8091891690918A168130910514
:10EA9000A9F580EE96E30E94E23890E080E00E94C3
:10EAA000DDC31092140A1092130A1092120A85EC18
:10EAB00096E30E94E23881E09AE59093DA1680931B
:10EAC000D9168EE290E09093DC168093DB1687E0F7
:10EAD0008093CD1682E88093D01684E890E0A0E081
:10EAE000B0E08093D1169093D216A093D316B09332
:10EAF000D4168DE796E10E94A73083CD8230910530
:10EB000009F0C8C00E9401C181EC96E39093F1091D
:10EB10008093F0098BE090E09093DA168093D916F9
:10EB200005E00093CD1612E81093D01680E092E134
:10EB3000A0E0B0E08093D1169093D216A093D316A4
:10EB4000B093D4168DE796E10E94A7301092DA16A2
:10EB50001092D9160093CD161093D0168EE090E146
:10EB6000A0E0B0E08093D1169093D216A093D31674
:10EB7000B093D4168DE796E10E94A7301092DA1672
:10EB80001092D9160093CD161093D0168FE090E115
:10EB9000A0E0B0E08093D1169093D216A093D31644
:10EBA000B093D4168DE796E10E94A7301092DA1642
:10EBB0001092D9160093CD161093D01686E190E1ED
:10EBC000A0E0B0E08093D1169093D216A093D31614
:10EBD000B093D4168DE796E10E94A73062E070E012
:10EBE00080E090E00E9476B91092DA161092D91661
:10EBF0000093CD161093D01680E190E1A0E0B0E034
:10EC00008093D1169093D216A093D316B093D416B6
:10EC10008DE796E10E94A7301092DA161092D9166D
:10EC20000093CD161093D01682E190E1A0E0B0E001
:10EC30008093D1169093D216A093D316B093D41686
:10EC40008DE796E10E94A73089E996E30E94E238B9
:10EC500081E09AE59093DA168093D9168DE290E0E0
:10EC60009093DC168093DB1687E08093CD1610938B
:10EC7000D01684E890E0A0E0B0E08093D1169093A5
:10EC8000D216A093D316B093D4168DE796E10E94C6
:10EC9000A730B7CC039709F0B4CC81E796E30E9484
:10ECA000E23880917A0EB4E68B9FC001112481581E
:10ECB0009F4F6FEF70E00F946D3D70E090E080E04B
:10ECC0000F94AB3620E030E0A9010F94A6368111F5
:10ECD00023C081E09AE59093DA168093D9168AE3EF
:10ECE00090E09093DC168093DB1687E08093CD163E
:10ECF00082E88093D01684E890E0A0E0B0E08093B2
:10ED0000D1169093D216A093D316B093D4168DE754
:10ED100096E10E94A73075CC81E09AE59093DA16CF
:10ED20008093D91689E390E09093DC168093DB16EC
:10ED300087E08093CD1682E88093D01684E890E037
:10ED4000A0E0B0E08093D1169093D216A093D31692
:10ED5000B093D4168DE796E10E94A73052CC8091F3
:10ED6000891690918A168130910509F44ACC823037
:10ED7000910509F04EC08CE496E30E94E238809140
:10ED8000100A843019F181E09AE59093DA168093A5
:10ED9000D91685E390E09093DC168093DB1687E02C
:10EDA0008093CD1682E88093D01684E890E0A0E0AE
:10EDB000B0E08093D1169093D216A093D316B0935F
:10EDC000D4168DE796E10E94A7301BCC81E09AE52E
:10EDD0009093DA168093D91686E390E09093DC1630
:10EDE0008093DB1687E08093CD1682E88093D0165F
:10EDF00084E890E0A0E0B0E08093D1169093D21622
:10EE0000A093D316B093D4168DE796E10E94A73055
:10EE1000F8CB039709F0F5CB80917A0EE4E68E9F4C
:10EE2000C001112481589F4F6FEF70E00F946D3D2A
:10EE300070E090E080E00F94AB3620E030E0A90174
:10EE40000F94A636882369F080E090E0A8ECB2E445
:10EE500089839A83AB83BC83CE0101960E9462B8FA
:10EE6000D0CB19821A821B821C82CE0101960E948D
:10EE700062B8C7CB0091891610918A16B80190E04C
:10EE800080E00F94AB366B017C0120E030E040E283
:10EE900051E40F94A63687FD11C020E030E04AEF20
:10EEA00053E4C701B6010F94EA3F181654F0902FAF
:10EEB000812F9093520280935302A3CB9AE080E07B
:10EEC000F8CF94EF81E0F5CF81E09AE59093DA16E0
:10EED0008093D9168DE290E09093DC168093DB1638
:10EEE00087E08093CD1612E81093D01684E890E066
:10EEF000A0E0B0E08093D1169093D216A093D316E1
:10EF0000B093D4168DE796E10E94A7301092DA16DE
:10EF10001092D91605E00093CD161093D01680E11B
:10EF200090E1A0E0B0E08093D1169093D216A09328
:10EF3000D316B093D4168DE796E10E94A7301092B5
:10EF4000DA161092D9160093CD161093D01682E1DE
:10EF500090E1A0E0B0E08093D1169093D216A093F8
:10EF6000D316B093D4168DE796E10E94A730609136
:10EF7000891670918A168BE296E30E9457BA0E9416
:10EF800001C1E5CB8A3020E19207A105B10509F066
:10EF900041C08091891690918A16813F910509F0B0
:10EFA00030CB81E09AE59093DA168093D91686E308
:10EFB00090E09093DC168093DB1687E08093CD166B
:10EFC00082E88093D01684E890E0A0E0B0E08093DF
:10EFD000D1169093D216A093D316B093D4168DE782
:10EFE00096E10E94A7304DE352E364E472E384E0CB
:10EFF0000F94D91360E088EB9AE30E949BBB61E019
:10F0000080E00F94E21383E392E39093F1098093FD
:10F01000F0099DCB8C309041A105B10509F097CB4B
:10F020008091891690918A16019709F090CB0E94E1
:10F03000E0B91092100A81E09AE59093DA16809375
:10F04000D91685E390E09093DC168093DB1687E079
:10F050008093CD1682E88093D01684E890E0A0E0FB
:10F06000B0E08093D1169093D216A093D316B093AC
:10F07000D4168DE796E10E94A73069CB00918916DE
:10F0800010918A16B80190E080E00F94AB3617FF1C
:10F0900006C020E030E040E857E40F94893D20E0CE
:10F0A00030E048EC52E40F94843E6B017C01BC01DB
:10F0B000A60189E196E30E94443620E030E040E179
:10F0C00051ECC701B6010F94EA3F87FDBAC020E0BA
:10F0D00030E040E151E4C701B6010F94A63618169E
:10F0E0000CF4AFC020E030E0A90160915A15709196
:10F0F0005B1580915C1590915D150F948A3DA70179
:10F1000096010F94893D209185123091861240918D
:10F110008712509188120F94843E4B015C0120E0CD
:10F1200030E0A9010F94EA3F18160CF085C0C50124
:10F13000B4010F94683E0F94F63E61157105E9F431
:10F1400088E096E30E94E23820E030E0A901609177
:10F150005A1570915B1580915C1590915D150F9417
:10F160008A3D9B01AC01C701B6010F94EA3F61E003
:10F1700070E0181614F06FEF7FEF88279927861B31
:10F18000970B0F949D1420E030E0A90160915A156F
:10F1900070915B1580915C1590915D150F948A3D7F
:10F1A0008E01045E1F4F23E041E00F9473319F9363
:10F1B0008F938AEF95E39F938F930B5111091F93C0
:10F1C0000F930F943D36C8010E9413BB0F900F9010
:10F1D0000F900F900F900F9020E030E0A901609108
:10F1E0005A1570915B1580915C1590915D150F9487
:10F1F0008A3D20E030E048EC52E40F940C370F9445
:10F20000F63E7093DA166093D91685E08093CD169A
:10F2100082E88093D01686E290E1A0E0B0E080938F
:10F22000D1169093D216A093D316B093D4168DE72F
:10F2300096E10E94A730E5C9C501B4010F942C3FA7
:10F240007ACF85E395E00E9413BB20E030E0A9016E
:10F2500060915A1570915B1580915C1590915D15C8
:10F260000F948A3D20E030E048EC52E40F940C37D4
:10F270000F94F63E7093DA166093D91685E080936A
:10F28000CD1682E88093D01686E290E1A0E0B0E04F
:10F290008093D1169093D216A093D316B093D41620
:10F2A0008DE796E10E94A73097CF809189169091C3
:10F2B0008A16009709F4A5C98130910509F05EC04E
:10F2C00080917A0E24E6829FC001112481589F4FBD
:10F2D0006FEF70E00F946D3D70E090E080E00F9470
:10F2E000AB3620E030E0A9010F94A636811123C08F
:10F2F00081E09AE59093DA168093D9168CE390E03A
:10F300009093DC168093DB1687E08093CD1682E81D
:10F310008093D01684E890E0A0E0B0E08093D1160E
:10F320009093D216A093D316B093D4168DE796E19E
:10F330000E94A73066C981E09AE59093DA1680931F
:10F34000D9168BE390E09093DC168093DB1687E070
:10F350008093CD1682E88093D01684E890E0A0E0F8
:10F36000B0E08093D1169093D216A093D316B093A9
:10F37000D4168DE796E10E94A73043C982309105EB
:10F3800009F43FC98330910509F072C080917A0E6B
:10F39000A4E68A9FC001112481589F4F6FEF70E04F
:10F3A0000F946D3D70E090E080E00F94AB3620E06C
:10F3B00030E0A9010F94A63681112FC080E090E0C3
:10F3C000A8ECB2E489839A83AB83BC83CE01019617
:10F3D0000E9462B881E09AE59093DA168093D9167C
:10F3E00089E390E09093DC168093DB1687E08093AE
:10F3F000CD1682E88093D01684E890E0A0E0B0E0DB
:10F400008093D1169093D216A093D316B093D416AE
:10F410008DE796E10E94A730F4C819821A821B82F8
:10F420001C82CE0101960E9462B881E09AE5909319
:10F43000DA168093D9168AE390E09093DC168093D5
:10F44000DB1687E08093CD1682E88093D01684E89F
:10F4500090E0A0E0B0E08093D1169093D216A093F4
:10F46000D316B093D4168DE796E10E94A730C9C891
:10F470008530910509F051C080E090E0A4E3B3E449
:10F4800089839A83AB83BC8360E0CE0101960E949E
:10F49000B8B880E090E0ACE8B2E489839A83AB83AB
:10F4A000BC8366E0CE0101960E94EBB884EB90E04D
:10F4B0009093DA168093D91605E00093CD1612E8E2
:10F4C0001093D01684E390E1A0E0B0E08093D116D1
:10F4D0009093D216A093D316B093D4168DE796E1ED
:10F4E0000E94A73086E490E09093DA168093D916B4
:10F4F0000093CD161093D0168AE390E1A0E0B0E01F
:10F500008093D1169093D216A093D316B093D416AD
:10F510008DE796E10E94A73074C88630910509F006
:10F5200052C080E090E0A0E7B3E489839A83AB8384
:10F53000BC8360E0CE0101960E94B8B880E090E004
:10F54000ACEDB2E489839A83AB83BC8366E0CE01E1
:10F5500001960E94EBB880EF90E09093DA168093CA
:10F56000D91605E00093CD1612E81093D01684E367
:10F5700090E1A0E0B0E08093D1169093D216A093D2
:10F58000D316B093D4168DE796E10E94A7308EE68D
:10F5900090E09093DA168093D9160093CD161093CD
:10F5A000D0168AE390E1A0E0B0E08093D11690936A
:10F5B000D216A093D316B093D4168DE796E10E948D
:10F5C000A7300C9401F3813F910511F00C9401F3E5
:10F5D00019821A821B821C82CE0101960E9462B897
:10F5E00019821A821B821C8260E0CE0101960E9461
:10F5F000EBB819821A821B821C8266E0CE0101964A
:10F600000E94EBB81092DA161092D91605E000931A
:10F61000CD1612E81093D01684E390E1A0E0B0E09C
:10F620008093D1169093D216A093D316B093D4168C
:10F630008DE796E10E94A73061E070E080E090E005
:10F640000E9476B91092DA161092D9160093CD1650
:10F650001093D0168AE390E1A0E0B0E08093D11639
:10F660009093D216A093D316B093D4168DE796E15B
:10F670000E94A73061E070E080E090E00E9476B9DF
:10F6800081E09AE59093DA168093D91689E390E0A9
:10F690009093DC168093DB1687E08093CD16109351
:10F6A000D01684E890E0A0E0B0E08093D11690936B
:10F6B000D216A093D316B093D4168DE796E10E948C
:10F6C000A73082E08093100A0C9401F301301105F9
:10F6D00029F519821A821B821C8260E0CE010196F4
:10F6E0000E94B8B81092DA161092D91685E080936D
:10F6F000CD1682E88093D01684E390E1A0E0B0E0DC
:10F700008093D1169093D216A093D316B093D416AB
:10F710008DE796E10E94A7300C9401F302301105A9
:10F7200011F00C9401F319821A821B821C8266E08C
:10F73000CE0101960E94EBB81092DA161092D916FB
:10F7400085E08093CD1682E88093D0168AE390E11D
:10F75000A0E0B0E08093D1169093D216A093D31678
:10F76000B093D4168DE796E10E94A7300C9401F374
:10F77000F4E3CF16F0E1DF06E104F10481F4B8010F
:10F7800090E080E00F94AB3669837A838B839C830F
:10F7900060E0CE0101960E94EBB80C9401F32AE3DD
:10F7A000C21620E1D206E104F10481F4B80190E030
:10F7B00080E00F94AB3669837A838B839C8366E009
:10F7C000CE0101960E94EBB80C9401F3C11483E1C1
:10F7D000D806E104F10421F510934D0200934C0288
:10F7E000B801110F880B990B0F94AD362AE037ED55
:10F7F00043E25CE30F940C3720919B0930919C0904
:10F8000040919D0950919E090F940C3760934802D6
:10F810007093490280934A0290934B020C9401F337
:10F82000A2E5CA16A2E1DA06E104F10431F410936C
:10F830005B0200935A020C9401F3B4E5CB16B2E1DB
:10F84000DB06E104F10431F41093590200935802ED
:10F850000C9401F3E0E8CE16E2E1DE06E104F104E7
:10F86000A1F424E6209FC001219F900D1124B0E057
:10F87000A0E080934D0F90934E0FA0934F0FB09345
:10F88000500F0E94CAAA0C9401F3F2E8CF16F2E1DD
:10F89000DF06E104F104A1F424E6209FC001219FCA
:10F8A000900D1124B0E0A0E08093510F9093520F7F
:10F8B000A093530FB093540F0E94CAAA0C9401F363
:10F8C00024E8C21622E1D206E104F104A1F42AE000
:10F8D000209FC001219F900D1124B0E0A0E08093F3
:10F8E000550F9093560FA093570FB093580F0E9447
:10F8F000CAAA0C9401F3B80190E080E0A6E8CA1609
:10F90000A2E1DA06E104F104E1F46093590F709387
:10F910005A0F80935B0F90935C0F0E94CAAA80914C
:10F92000891690918A16B0E0A0E08093590F9093C9
:10F930005A0FA0935B0FB0935C0F0E94CAAA0C945D
:10F9400001F30F94AB36B8E7CB16B2E1DB06E10466
:10F95000F10451F46093710F7093720F8093730FE1
:10F960009093740F0C9401F3EAE7CE16E2E1DE0601
:10F97000E104F10451F46093750F7093760F809356
:10F98000770F9093780F0C9401F3FCE7CF16F2E118
:10F99000DF06E104F10451F46093790F70937A0F5C
:10F9A00080937B0F90937C0F0C9401F32EE7C2168B
:10F9B00022E1D206E104F10451F460937D0F7093CB
:10F9C0007E0F80937F0F9093800F0C9401F3AEE134
:10F9D000CA16A0E1DA06E104F10451F469837A83DE
:10F9E0008B839C83CE0101960E9462B80C9401F334
:10F9F00017FF06C020E030E040E857E40F94893D4F
:10FA000020E030E048EC52E40F94843E4B015C016E
:10FA1000B2E4CB16B2E1DB06E104F10491F420E09C
:10FA200030E040E251E40F940C376093610F709323
:10FA3000620F8093630F9093640F0E9418AB0C9435
:10FA400001F3E6E4CE16E2E1DE06E104F10491F40E
:10FA500020E030E040E251E40F940C376093650FF2
:10FA60007093660F8093670F9093680F0E9418AB96
:10FA70000C9401F3FAE4CF16F2E1DF06E104F1049D
:10FA800091F420E030E040E251E40F940C376093B1
:10FA9000690F70936A0F80936B0F90936C0F0E94A5
:10FAA00018AB0C9401F32EE4C21622E1D206E10455
:10FAB000F104F1F420E030E040E251E40F940C371F
:10FAC0006B017C01C0926D0FD0926E0FE0926F0FB0
:10FAD000F092700F0E9418ABC0926D0FD0926E0F13
:10FAE000E0926F0FF092700F0E9418AB0C9401F32C
:10FAF00086E3C81682E1D806E104F10451F480924D
:10FB0000521590925315A0925415B09255150C941D
:10FB100001F3AAE3CA16A2E1DA06E104F10451F402
:10FB20008092561590925715A0925815B09259157B
:10FB30000C9401F3B6E2CB16B0E1DB06E104F1046C
:10FB400051F480925A1590925B15A0925C15B09278
:10FB50005D150C9401F3E0E7CE16E2E1DE06E10468
:10FB6000F10451F480929F099092A009A092A109FA
:10FB7000B092A2090C9401F3F2E7CF16F2E1DF068E
:10FB8000E104F10451F48092A3099092A409A09297
:10FB9000A509B092A6090C9401F324E7C21622E14C
:10FBA000D206E104F10451F48092A7099092A809C9
:10FBB000A092A909B092AA090C9401F386E7C8168D
:10FBC00082E1D806E104F10451F48092AB099092ED
:10FBD000AC09A092AD09B092AE090C9401F3A8E172
:10FBE000CA16A0E1DA06E104F10469F48091AF09D4
:10FBF000882321F01092AF090C9401F381E08093E7
:10FC0000AF090C9401F3BAE1CB16B0E1DB06E104D5
:10FC1000F10489F480917E0E882331F010927E0EDB
:10FC20000E942F280C9401F381E080937E0E0E94A5
:10FC30002F280C9401F3E6E5CE16E2E1DE06E1049E
:10FC4000F104E1F52CEA35EC47E25EE360914E15F4
:10FC500070914F1580915015909151150F940C375C
:10FC60006FA378A789A79AA72CEA35EC47E25EE351
:10FC700060914A1570914B1580914C1590914D15DE
:10FC80000F94843E6C8F7D8F8E8F9F8F20E030E0AD
:10FC900040E251E4C501B4010F940C3769837A83C3
:10FCA0008B839C83AE01495D5F4FBE01645E7F4FD5
:10FCB000CE0101960F9414290C9401F3FAE5CF16A6
:10FCC000F2E1DF06E104F104B1F52CEA35EC47E29C
:10FCD0005EE360914E1570914F1580915015909193
:10FCE00051150F940C376FA378A789A79AA720E026
:10FCF00030E040E251E4C501B4010F940C376C8F41
:10FD00007D8F8E8F9F8F8091461590914715A09182
:10FD10004815B091491589839A83AB83BC83AE01A2
:10FD2000495D5F4FBE01645E7F4FCE0101960F9427
:10FD300014290C9401F32EE5C21622E1D206E10447
:10FD4000F104B1F520E030E040E251E4C501B40136
:10FD50000F940C376FA378A789A79AA72CEA35ECE4
:10FD600047E25EE360914A1570914B1580914C1506
:10FD700090914D150F94843E6C8F7D8F8E8F9F8F49
:10FD80008091461590914715A0914815B09149155D
:10FD900089839A83AB83BC83AE01495D5F4FBE010B
:10FDA000645E7F4FCE0101960F9414290C9401F3E9
:10FDB00082E6C81682E1D806E104F104E1F52CEAF6
:10FDC00035EC47E25EE36091221570912315809136
:10FDD0002415909125150F940C376FA378A789A748
:10FDE0009AA72CEA35EC47E25EE360911E1570910C
:10FDF0001F1580912015909121150F94843E6C8FD2
:10FE00007D8F8E8F9F8F20E030E040E251E4C5016E
:10FE1000B4010F940C3769837A838B839C83AE0182
:10FE2000495D5F4FBE01645E7F4FCE0101960F9426
:10FE300051290C9401F3A6E6CA16A2E1DA06E10400
:10FE4000F104B1F52CEA35EC47E25EE3609122154E
:10FE50007091231580912415909125150F940C37DE
:10FE60006FA378A789A79AA720E030E040E251E489
:10FE7000C501B4010F940C376C8F7D8F8E8F9F8FCF
:10FE800080911A1590911B15A0911C15B0911D150C
:10FE900089839A83AB83BC83AE01495D5F4FBE010A
:10FEA000645E7F4FCE0101960F9451290C9401F3AB
:10FEB000BAE6CB16B2E1DB06E104F10411F00C94D2
:10FEC00001F320E030E040E251E4C501B4010F94B9
:10FED0000C376FA378A789A79AA72CEA35EC47E2DD
:10FEE0005EE360911E1570911F1580912015909111
:10FEF00021150F94843E6C8F7D8F8E8F9F8F809104
:10FF00001A1590911B15A0911C15B0911D15898390
:10FF10009A83AB83BC83AE01495D5F4FBE01645ED3
:10FF20007F4FCE0101960F9451290C9401F38091DB
:10FF3000891690918A16009711F40C9401F3813080
:10FF4000910509F0CEC08091A20E882309F4C3C0A8
:10FF500083E090E09093DA168093D91685E0809341
:10FF6000CD1682E88093D01685E490E1A0E0B0E061
:10FF70008093D1169093D216A093D316B093D41633
:10FF80008DE796E10E94A7300E948329882309F417
:10FF900055C0F12CE12C00E0E5E0BE2EF6E0DF2EAE
:10FFA000A2E8CA2EB5E0AB2E10E0EE2DE1709E2E39
:10FFB000812E800E8B2D811B911001C0812FF701A6
:10FFC000D89EE00DF11D1124EE0FFF1FEE0FFF1F55
:10FFD000E454F14F20E030E04AE754E4608171815D
:10FFE000828193810F940C370F94F63E7093DA164A
:10FFF0006093D916A092CD16C092D016882D90E0AD
:020000022000DC
:100000008058974F880F991F092E000CAA0BBB0B25
:100010008093D1169093D216A093D316B093D41692
:100020008DE796E10E94A7301F5F163009F60A5F40
:10003000FFEFEF1AFF0A043209F0B6CF8AE090E032
:100040009093DA168093D91685E08093CD1682E8D6
:100050008093D01680E092E1A0E0B0E08093D116CA
:100060009093D216A093D316B093D4168DE796E151
:100070000E94A7300E94F7B9811130C08CED95E342
:100080009093F1098093F00982E080934C0F81E016
:100090009AE59093DA168093D91680E490E09093D5
:1000A000DC168093DB1687E08093CD1682E8809380
:1000B000D01684E890E0A0E0B0E08093D116909351
:1000C000D216A093D316B093D4168DE796E10E9472
:1000D000A7300C9401F382E090E03CCF80ED95E3F3
:1000E000CFCF8230910509F0EFC080E090E0A0E230
:1000F000B1E48093040A9093050AA093060AB09392
:10010000070A8093080A9093090AA0930A0AB093F9
:100110000B0A84E690E09093DA168093D91605E0F6
:100120000093CD1612E81093D01684E590E1A0E07C
:10013000B0E08093D1169093D216A093D316B093CB
:10014000D4168DE796E10E94A73020E030E040E22F
:1001500051E46091080A7091090A80910A0A90910D
:100160000B0A0F940C370F94F63E7093DA166093D7
:10017000D9160093CD161093D01688E590E1A0E033
:10018000B0E08093D1169093D216A093D316B0937B
:10019000D4168DE796E10E94A73060912A157091E0
:1001A0002B1580912C1590912D150F94F63E709380
:1001B000DA166093D9160093CD161093D01686E305
:1001C00090E1A0E0B0E08093D1169093D216A09376
:1001D000D316B093D4168DE796E10E94A730809194
:1001E0002E1590912F159093DA168093D9160093BF
:1001F000CD161093D01684E390E1A0E0B0E0809398
:10020000D1169093D216A093D316B093D4168DE73F
:1002100096E10E94A7301092DA161092D916009338
:10022000CD161093D01680E590E1A0E0B0E0809369
:10023000D1169093D216A093D316B093D4168DE70F
:1002400096E10E94A7301092DA161092D916009308
:10025000CD161093D0168EE490E1A0E0B0E080932C
:10026000D1169093D216A093D316B093D4168DE7DF
:1002700096E10E94A73062E070E080E090E00E948A
:1002800076B981E09AE59093DA168093D91681E4E5
:1002900090E09093DC168093DB1687E08093CD1678
:1002A0001093D01684E890E0A0E0B0E08093D116DF
:1002B0009093D216A093D316B093D4168DE796E1FF
:1002C0000E94A7300C9401F38330910521F581E061
:1002D0009AE59093DA168093D91687E490E090938C
:1002E000DC168093DB1687E08093CD1682E880933E
:1002F000D01684E890E0A0E0B0E08093D11690930F
:10030000D216A093D316B093D4168DE796E10E942F
:10031000A7300C9401F38430910511F40C9401F38F
:100320008530910561F42EE730E140E050E06EE168
:1003300074E08DE796E10F94FE0E0C9401F306979E
:1003400011F00C9401F38CEC95E39093F1098093F8
:10035000F0098BE090E09093DA168093D91685E04F
:100360008093CD1682E88093D01680E092E1A0E0E1
:10037000B0E08093D1169093D216A093D316B09389
:10038000D4168DE796E10E94A7300C9401F360919A
:10039000891670918A1682EC95E30E9438BA809192
:1003A000891690918A16019711F581E09AE590934C
:1003B000DA168093D9168FE390E09093DC16809341
:1003C000DB1687E08093CD1682E88093D01684E810
:1003D00090E0A0E0B0E08093D1169093D216A09365
:1003E000D316B093D4168DE796E10E94A730809182
:1003F000891690918A16029711F00C9401F381E00E
:100400009AE59093DA168093D91680E490E0909361
:10041000DC168093DB1687E08093CD1682E880930C
:10042000D01684E890E0A0E0B0E08093D1169093DD
:10043000D216A093D316B093D4168DE796E10E94FE
:10044000A7300C9401F38091A70E80FF02C081FDBC
:1004500036C080EA95E39093F1098093F00920E09B
:1004600030E0A90160915A1570915B1580915C157F
:1004700090915D150F948A3D20E030E048EC52E405
:100480000F940C370F94F63E7093DA166093D916DA
:1004900085E08093CD1682E88093D01686E290E1C5
:1004A000A0E0B0E08093D1169093D216A093D3161B
:1004B000B093D4168DE796E10E94A73096C08FE8DE
:1004C00095E3C9CF20E030E0A90160915A15709101
:1004D0005B1580915C1590915D150F948A3D2DEC14
:1004E0003CEC4CEC5DE30F948A3D6B017C0120E019
:1004F00030E040E151EC0F94EA3F87FD76C020E008
:1005000030E040E151E4C701B6010F94A636181659
:100510000CF46BC020E030E040E251E46091690FE0
:1005200070916A0F80916B0F90916C0F0F94843EC5
:100530000F94F63ECB010F949D1420E030E0A9010A
:1005400060915A1570915B1580915C1590915D15C5
:100550000F948A3D20E030E048EC52E40F940C37D1
:100560000F94F63E7093DA166093D91685E0809367
:10057000CD1682E88093D01686E290E1A0E0B0E04C
:100580008093D1169093D216A093D316B093D4161D
:100590008DE796E10E94A73020E030E0A90160914C
:1005A0005A1570915B1580915C1590915D150F94B3
:1005B0008A3D8E01045E1F4F23E041E00F947331AA
:1005C0009F938F9381E895E39F938F930B5111092C
:1005D0001F930F930F943D36C8010E9413BB0F90D9
:1005E0000F900F900F900F900F908AE090E09093F3
:1005F000DA168093D91685E08093CD1682E8809331
:10060000D01680E092E1A0E0B0E08093D116909304
:10061000D216A093D316B093D4168DE796E10E941C
:10062000A7300C9401F320E030E0A90160915A1545
:1006300070915B1580915C1590915D150F948A3DCA
:100640002DEC3CEC4CEC5DE30F94893D6B017C019F
:1006500020E030E040E151EC0F94EA3F87FDC5CF48
:1006600020E030E040E151E4C701B6010F94A63626
:1006700018160CF4BACF20E030E040E251E460916B
:10068000690F70916A0F80916B0F90916C0F0F94AE
:10069000843E90580F94F63ECB010F949D1420E0B9
:1006A00030E0A90160915A1570915B1580915C153D
:1006B00090915D150F948A3D20E030E048EC52E4C3
:1006C0000F940C370F94F63E7093DA166093D91698
:1006D00085E08093CD1682E88093D01686E290E183
:1006E000A0E0B0E08093D1169093D216A093D316D9
:1006F000B093D4168DE796E10E94A73020E030E059
:10070000A90160915A1570915B1580915C159091CB
:100710005D150F948A3D8E01045E1F4F23E041E07A
:100720000F9473319F938F9383E795E34DCF80E0D0
:100730000E9439380E94F7B9811120C081E695E303
:100740009093F1098093F00982E080934C0F81E04F
:100750009AE59093DA168093D91684E590E0909309
:10076000DC168093DB1687E08093CD1682E88093B9
:10077000D01684E890E0A0E0B0E094CE83E595E365
:10078000DFCF83E080934C0F83E090E09093DA1604
:100790008093D91685E08093CD1682E88093D01699
:1007A0008DE890E1A0E0B0E08093D1169093D2164E
:1007B000A093D316B093D4168DE796E10E94A7308C
:1007C000C12C51E1D52EE12CF12C05E012E810925C
:1007D000DA161092D9160093CD161093D016C09247
:1007E000D116D092D216E092D316F092D4168DE79D
:1007F00096E10E94A73022E0C20ED11CE11CF11C40
:1008000082E3C81681E1D806E104F10401F781E032
:100810009AE59093DA168093D91680E490E090934D
:10082000DC168093DB1687E08093CD161093D016EC
:1008300084E890E0A0E0B0E08093D1169093D216C7
:10084000A093D316B093D4168DE796E10E94A730FB
:100850008BED94E39093F1098093F009C6CE80E08C
:1008600090E0A0E8B0E489839A83AB83BC8362E024
:10087000CE0101960E9453EEC12CD12C46E1E42E0C
:1008800043E4F42EC982DA82EB82FC8260E0CE017E
:1008900001960E9453EEC982DA82EB82FC8261E00B
:1008A000CE0101960E9453EE86E080934C0F9DCEC0
:1008B00080E090E0A0E8B0E489839A83AB83BC83B6
:1008C00062E0CE0101960E9453EEC12CD12C30EB98
:1008D000E32E31E4F32ED6CF80E090E0A0E8B0E440
:1008E00089839A83AB83BC8362E0CE0101960E9428
:1008F00053EE80E090E0ABE8B3E489839A83AB8366
:10090000BC8360E0CE0101960E9453EE80E090E04F
:10091000A0EBB1E489839A83AB83BC83C0CF80E032
:1009200090E0A0E8B0E489839A83AB83BC8362E063
:10093000CE0101960E9453EEC12CD12C2BE8E22E61
:1009400023E4F22E9FCF80E090E0A0E8B0E489831A
:100950009A83AB83BC8362E0CE0101960E9453EE82
:1009600080E090E0A0EBB1E489839A83AB83BC8301
:1009700060E0CE0101960E9453EE80E090E0ABE88B
:10098000B3E4C8CF8091A20E811120C083E090E033
:100990009093DA168093D91685E08093CD1682E87D
:1009A0008093D01685E490E1A0E0B0E08093D1166A
:1009B0009093D216A093D316B093D4168DE796E1F8
:1009C0000E94A73081E00E94393849CD82E090E052
:1009D0009093DA168093D91685E08093CD1682E83D
:1009E0008093D01685E490E1A0E0B0E08093D1162A
:1009F0009093D216A093D316B093D4168DE796E1B8
:100A00000E94A73080E0DFCF83ED94E39093F1095B
:100A10008093F00984E595E00E9413BBE6CD8DEC50
:100A200094E39093F1098093F0098CE695E0F4CF7C
:100A300087EC94E39093F1098093F0098EE795E0B9
:100A4000EBCF87EA94E39093F1098093F00988E96A
:100A500095E0E2CF88E894E39093F1098093F00960
:100A600089EA95E0D9CF1092FF091092FE09109201
:100A7000FC090E941BC2B9CD8FEF90E09093FF0953
:100A80008093FE0981E08093FC09F3CF8AE0809394
:100A9000010AEFCF84E6FBCF8091FB09882319F090
:100AA0001092FB09E6CF81E08093FB09E2CF8091B1
:100AB000FD098A3019F41092FD09DBCF8AE080939A
:100AC000FD09D7CF87E794E3C5CE88E594E3C2CE8E
:100AD00082E394E3BFCE86E294E3BCCE8AE094E363
:100AE0000E9457BA82CD84E080934C0F809181168A
:100AF00090918216A0918316B09184166091891608
:100B000070918A168834E0E19E07A105B10509F4C9
:100B100046C08A34F0E19F07A105B10509F448C039
:100B20008C3420E19207A105B10509F483C0C12CE2
:100B3000D12C760186349041A105B105B9F5633019
:100B4000710549F589EF93E39093F1098093F009DA
:100B500081E08093F7091092F6098AE090E0909383
:100B6000DA168093D91685E08093CD1682E88093BB
:100B7000D01680E092E1A0E0B0E08093D11690938F
:100B8000D216A093D316B093D4168DE796E10E94A7
:100B9000A7300C9401F310924C0F0C9401F3C12C6C
:100BA00090E8D92E9DE9E92E93E4F92E10E007C0D4
:100BB000C12CD12C8BE9E82E83E4F82E11E090E0D3
:100BC00080E00F94AB3620E030E040E251E40F9437
:100BD000843E4B015C01A70196010F94EA3F181671
:100BE0008CF189829A82AB82BC82612FCE01019600
:100BF0000E9453EE10924C0F8AE090E09093DA1628
:100C00008093D91685E08093CD1682E88093D01624
:100C100080E092E1A0E0B0E08093D1169093D216EC
:100C2000A093D316B093D4168DE796E10E94A73017
:100C30000C9401F3C12CD12C08ECE02E03E4F02E2F
:100C400012E0BDCFC982DA82EB82FC82CECF8091E6
:100C5000811690918216A0918316B09184168635E4
:100C6000F0E19F07A105B10509F018C200918916AE
:100C700010918A1620E030E04AE253E460912A1590
:100C800070912B1580912C1590912D150F94A636EF
:100C900087FF04C00530110508F488C00430110531
:100CA00009F404C108F05EC00230110509F4D6C091
:100CB00008F0F3C00130110509F4BDC020E030E0B8
:100CC00040E251E46091040A7091050A8091060A9D
:100CD0009091070A0F940C370F94F63E7093DA1632
:100CE0006093D91605E00093CD1612E81093D01644
:100CF00084E590E1A0E0B0E08093D1169093D21605
:100D0000A093D316B093D4168DE796E10E94A73036
:100D100020E030E040E251E46091080A7091090A55
:100D200080910A0A90910B0A0F940C370F94F63EAB
:100D30007093DA166093D9160093CD161093D016DF
:100D400088E590E1A0E0B0E08093D1169093D216B0
:100D5000A093D316B093D4168DE796E10E94A730E6
:100D60000C9401F30630110571F008F4B0C0013F96
:100D7000110509F0A3CF10920C0A61E070E080E049
:100D800090E00E9476B981E09AE59093DA1680931C
:100D9000D91681E490E09093DC168093DB1687E00F
:100DA0008093CD1682E88093D01667C18AEA90E0DE
:100DB0009093DA168093D91685E08093CD1612E8C9
:100DC0001093D01680E290E1A0E0B0E08093D116BD
:100DD0009093D216A093D316B093D4168DE796E1D4
:100DE0000E94A73065E070E080E090E00E9476B954
:100DF00081E09AE59093DA168093D91682E490E028
:100E00009093DC168093DB1687E08093CD161093C9
:100E1000D01684E890E0A0E0B0E08093D1169093E3
:100E2000D216A093D316B093D4168DE796E10E9404
:100E3000A7300C9401F32091040A3091050A4091E7
:100E4000060A5091070A6091A60F7091A70F809132
:100E5000A80F9091A90F0F94893D12C02091A60F61
:100E60003091A70F4091A80F5091A90F6091040AEB
:100E70007091050A8091060A9091070A0F948A3DA5
:100E80006093A60F7093A70F8093A80F9093A90F5C
:100E90008FE493E00E940EB311CF2091080A3091A5
:100EA000090A40910A0A50910B0ACDCF2091A60F52
:100EB0003091A70F4091A80F5091A90F6091080A97
:100EC0007091090A80910A0A90910B0AD7CF81E0AC
:100ED00080930C0A80E090E0AEE3B3E489839A83C8
:100EE000AB83BC8360E0CE0101960E94B8B820E0DD
:100EF00030E048EC52E460912A1570912B158091F6
:100F00002C1590912D150F940C376B017C0160917D
:100F10002E1570912F15072E000C880B990B0F942E
:100F2000AD369B01AC01C701B6010F94843E0F940E
:100F3000FD3E6536710510F064E670E07093DA16D8
:100F40006093D91605E00093CD1612E81093D016E1
:100F500084E290E1A0E0B0E08093D1169093D216A5
:100F6000A093D316B093D4168DE796E10E94A730D4
:100F700060912A1570912B1580912C1590912D154B
:100F80000F94F63E7093DA166093D9160093CD163F
:100F90001093D01686E390E1A0E0B0E08093D116E4
:100FA0009093D216A093D316B093D4168DE796E102
:100FB0000E94A73080912E1590912F159093DA16EC
:100FC0008093D9160093CD161093D01684E390E148
:100FD000A0E0B0E08093D1169093D216A093D316E0
:100FE000B093D4168DE796E10E94A7301092DA16DE
:100FF0001092D9160093CD161093D01680E590E18B
:10100000A0E0B0E08093D1169093D216A093D316AF
:10101000B093D4168DE796E10E94A7301092DA16AD
:101020001092D9160093CD161093D0168EE490E14D
:10103000A0E0B0E08093D1169093D216A093D3167F
:10104000B093D4168DE796E10E94A73065E070E07A
:1010500080E090E00E9476B981E09AE59093DA16FC
:101060008093D91684E490E09093DC168093DB168D
:1010700087E08093CD161093D01684E890E0A0E02E
:10108000B0E08093D1169093D216A093D316B0936C
:10109000D4168DE796E10E94A73010CE843520E16A
:1010A0009207A105B105C1F46091891670918A1665
:1010B00090E080E00F94AB3620E030E040E251E475
:1010C0000F94843E6093040A7093050A8093060A85
:1010D0009093070A0C9401F388359041A105B1055E
:1010E00011F00C9401F36091891670918A1690E0CA
:1010F00080E00F94AB3620E030E040E251E40F9402
:10110000843E6093080A7093090A80930A0A9093B8
:101110000B0A0C9401F387EC93E30E94E23882EC13
:1011200093E39093F1098093F0090C9401F381E02B
:101130009AE59093DA168093D9168EE590E0909315
:10114000DC168093DB1687E08093CD1682E88093CF
:10115000D01684E890E0A0E0B0E08093D1169093A0
:10116000D216A093D316B093D4168DE796E10E94C1
:10117000A7300C9401F388EB95E00E9413BB21E0AB
:1011800048E060E080915A0290915B020E94F4D79F
:101190000C9401F386EB93E30E94E2388CEA93E32C
:1011A0009093F1098093F0090C9401F38EE993E395
:1011B0000E94E2388EE893E39093F1098093F0095E
:1011C0000C9401F38BEC95E00E9413BB21E044E00A
:1011D0006FEF80915802909159020E94F4D70C94BD
:1011E00001F38FE793E30E94E2388AE793E3909359
:1011F000F1098093F0090C9401F38BE693E30E94CC
:10120000E2380C9401F38DE593E30E94E23880917B
:10121000891690918A168130910519F585E493E33A
:101220000E94E238809160028650823020F0109255
:10123000C80D0C9401F38091C60D882329F080918C
:10124000AF0981110C94FAFD82E08093C70D1092D2
:10125000C80D83E08093100A81E08093F5090C9417
:1012600001F3892B11F00C9401F38FE293E30E94B8
:10127000E238809160028650823010F00C9401F3C5
:1012800081E08093C70D1092C80D0C9401F38091FA
:10129000891690918A168130910541F489E293E391
:1012A0009093F1098093F0090C9401F3029711F0E7
:1012B0000C9401F382E293E39093F1098093F00997
:1012C0000C9401F3C901019697FD4F9615E0959591
:1012D00087951A95E1F701979093DA168093D916BE
:1012E00005E00093CD1612E81093D0168AE890E13D
:1012F000A0E0B0E08093D1169093D216A093D316BD
:10130000B093D4168DE796E10E94A73088E090E074
:101310000C94C8F480E193E30E94E2380E94A2B8E2
:1013200040918116509182166091831670918416B7
:10133000882331F0433DF0E25F0761057105F1F16B
:10134000423D50426105710511F00C9401F380910A
:10135000891690918A16019709F4D6C18091891651
:1013600090918A168230910509F057C286EE92E379
:101370000E94E2380091130A1091140A0C5F1F4F6B
:101380000E94FFB921E030E04091F209411102C012
:1013900030E020E0280F391F0217130710F00C94DB
:1013A00001F38091130A9091140A04969093140A01
:1013B0008093130A0E94DDC30C9401F386E093E34B
:1013C0000E94E238809189162FEF280F2093120A8D
:1013D0004091F3095091F409452BE9F51091F20978
:1013E0001123C9F14091130A5091140A240F352F8B
:1013F000311D232B69F50E94D4F18FEF9FEF90935D
:10140000AE158093AD1511501093F2091092F409A6
:101410001092F309111112C01092B0090E9414BA6F
:101420008EEF92E30E94E23890E080E00E94DDC3FC
:101430001092140A1092130A0C940EF36FE270E0EB
:1014400080EB99E00F94D840DC0111961C92E8CF14
:1014500082508093120A71E2C72E72E1D72EE12CDE
:10146000F12CE3E14E2EE0E65E2E612C712CAA24D5
:10147000AA94BA2CA5E08A2EB2E89B2E0AE010E0CE
:10148000B092DA16A092D9168092CD169092D0160C
:101490004092D1165092D2166092D3167092D41602
:1014A0008DE796E10E94A7301093DA160093D916C3
:1014B0008092CD169092D016C092D116D092D216AC
:1014C000E092D316F092D4168DE796E10E94A730F1
:1014D000B0E14B0E511C611C711CEFEFCE1ADE0AFD
:1014E000EE0AFE0AF5E2CF16F2E1DF06E104F104AE
:1014F00039F664EDC62E60E2D62EE12CF12C05E023
:1015000012E81092DA161092D9160093CD161093A5
:10151000D016C092D116D092D216E092D316F09285
:10152000D4168DE796E10E94A7302FEFC21AD20A97
:10153000E20AF20A8EEDC81680E2D806E104F10450
:1015400001F72091120A8091130A9091140A820FD8
:10155000911D0F940612209157178091130A9091B4
:10156000140A6091120A680F792F711D25FF71C04E
:1015700086EF92E30E9457BA2091120A8091130AD3
:101580009091140A820F911D0F9406128091F20916
:10159000843008F049CF60EA74E180EB99E00F9461
:1015A000CD406BED75E080EB99E00F94CD40198252
:1015B0001C828091951762E977E1811102C067E78B
:1015C00077E121E040EA54E1CE0101960E946E9459
:1015D0008823B1F18BE1FE013196A2E9B7E10190D8
:1015E0000D928A95E1F7809157178F7B809357175B
:1015F000A0914C17AA3080F481E08A0F80934C1799
:101600008BE18A9FD0011124A355B84EE2E9F7E19E
:1016100001900D928A95E1F7CE0101960E9457281C
:101620008FEF9FEF9093AE158093AD158091F209E7
:101630008F5F8093F2091092F4091092F309F4CEAF
:101640000E94F43460EA74E18DE492E30E9409F1AF
:10165000E3CF8DEE92E30E9457BA2091120A809157
:10166000130A9091140A820F911D0F94061224ED13
:1016700030E240E050E060EA74E18DE796E10F94DB
:10168000FE0E8091891690918A1654E0880F991F5A
:101690005A95E1F78D5F9F49B0E0A0E020EF37E871
:1016A0003093DA162093D9160093CD161093D016E6
:1016B0008093D1169093D216A093D316B093D416DC
:1016C0008DE796E10E94A7308091891690918A1645
:1016D000805E9D4EB0E0A0E026E030E03093DA1668
:1016E0002093D9160093CD161093D0168093D1165F
:1016F0009093D216A093D316B093D4168DE796E1AB
:101700000E94A7300C9401F30E94A2B8882309F428
:1017100025CE2091120A8091130A9091140A820F0B
:10172000911D0F94061280EA94E10E94868CC12CD0
:1017300040E2D42EE12CF12C05E012E81092DA16EA
:101740001092D9160093CD161093D016C092D116D0
:10175000D092D216E092D316F092D4168DE796E18D
:101760000E94A730AFEFCA1ADA0AEA0AFA0ABAE008
:10177000CB16B0E2DB06E104F10401F72091120A76
:101780008091130A9091140A820F911D0F940612F2
:1017900020E030E240E050E060EA74E18DE796E15D
:1017A0000F94FE0E62E070E080E090E00E9476B957
:1017B00062E070E080E090E00E9476B981E09AE516
:1017C0009093DA168093D91685E390E09093DC1617
:1017D0008093DB1687E08093CD161093D01684E8B3
:1017E00090E0A0E0B0E08093D1169093D216A09341
:1017F000D316B093D4168DE796E10E94A73081E00E
:1018000080930F0A83E08093100A1092140A1092BA
:10181000130A1092120A0C9401F383309105B1F46B
:1018200081EE92E30E94E2388091130A9091140AAB
:101830008430910510F40C9401F304979093140AEA
:101840008093130A0E94DDC30C9401F3049711F0F6
:101850000C9401F389ED92E30E94E23881ED92E36A
:101860009093F1098093F0090C9401F3253631052A
:1018700058F08FEF90E09093FF098093FE0981E08C
:101880008093FC090C9421F5AFEFB0E00F943E3D3E
:1018900024E630E040E050E00F940C3D3093FF0927
:1018A0002093FE09ECCF8BEE95E00E9459CC60911D
:1018B000891670918A1689EB92E30E9457BA80913B
:1018C000891690918A168A30910568F48AE080938F
:1018D000010A6091010A81EA92E30E946E3E0E9431
:1018E0001BC20C9401F38536910588F384E6EFCF93
:1018F0008DEF95E00E9459CC8091891690918A16BF
:101900008A30910528F48AE08093000A0C9421F52E
:1019100085369105C8F384E6F7CF8536910510F436
:101920000C943DF584E690E00C943DF5C090811652
:10193000D0908216E0908316F0908416E1E1DE1AD2
:10194000E108F108F694E794D794C7948C2D66E0EB
:101950000F944D3D182F880F880F012F081B802FE3
:10196000880F082F0C0D10FF04C0E5E0EC190E2FB6
:10197000081B6C2D86E992E30E946E3E602F80E981
:1019800092E30E946E3E612F8AE892E30E946E3ECF
:101990002091891630918A16B90190E080E037FFD6
:1019A00074C00F94AB3620E030E040E857E40F9469
:1019B000893D20E030E04AE754E40F94843E6B0117
:1019C0007C01BC01A60181E892E30E94443620E03C
:1019D00030E040EA50ECC701B6010F94A63687FD0F
:1019E00057C020E030E040EA50E4C701B6010F9450
:1019F000EA3F181634F4C12CD12C20EAE22E20E460
:101A0000F22EB701A6018EE692E30E94443606301C
:101A100090F4163080F426E0029FF0011124E10FCB
:101A2000F11DEE0FFF1FEE0FFF1FE454F14FC082B8
:101A3000D182E282F3828090811690908216A090EB
:101A40008316B090841620E030E04AE754E4C701E2
:101A5000B6010F940C370F94F63E7093DA1660932C
:101A6000D91685E08093CD1682E88093D0168092B7
:101A7000D1169092D216A092D316B092D4168DE7BA
:101A800096E10E94A7300C9401F30F94AB3691CFEE
:101A9000C12CD12C90EAE92E90ECF92EB2CF0FEFA9
:101AA0001FEF0C9482F208E010E00C9482F203E045
:101AB00010E00C9482F20FE010E00C9482F28E346D
:101AC000E0E19E07A105B10511F40C94AFF28C3949
:101AD000F0E19F07A105B10511F40C94AFF2863235
:101AE00020E19207A105B10511F00C94B1F206E0D6
:101AF00010E00C94DDF28A34E2E19E07A105B10505
:101B000011F40C94AFF2D0F4823422E19207A105D3
:101B1000B10511F40C94AFF28634E2E19E07A10501
:101B2000B10511F40C94AFF28A33F2E19F07A105DD
:101B3000B10511F00C94B1F20C94AFF2823522E1B0
:101B40009207A105B10511F40C94AFF250F48E3454
:101B5000F2E19F07A105B10511F00C94B1F20C94CC
:101B6000AFF2843522E19207A105B10511F40C947E
:101B7000AFF28635E2E19E07A105B10511F00C94A4
:101B8000B1F20C94AFF28837F2E19F07A105B105DD
:101B900011F40C94AFF208F048C08A36E2E19E07D7
:101BA000A105B10511F40C94AFF2D0F4823622E114
:101BB0009207A105B10511F40C94AFF28636E2E16B
:101BC0009E07A105B10511F40C94AFF28E35F2E138
:101BD0009F07A105B10511F00C94B1F20C94AFF27E
:101BE000823722E19207A105B10511F40C94AFF2FE
:101BF00050F48037F2E19F07A105B10511F00C9474
:101C0000B1F20C94AFF2843722E19207A105B1053D
:101C100011F40C94AFF28637E2E19E07A105B105FD
:101C200011F00C94B1F20C94AFF28038F2E19F07FE
:101C3000A105B10511F40C94AFF2D0F48C37E2E1B8
:101C40009E07A105B10511F40C94AFF28E37F2E1B5
:101C50009F07A105B10511F40C94AFF28A3722E178
:101C60009207A105B10511F00C94B1F20C94AFF2FA
:101C70008438E2E19E07A105B10511F40C94AFF29E
:101C800050F4823822E19207A105B10511F00C94BD
:101C9000B1F20C94AFF28638E2E19E07A105B105DE
:101CA00011F40C94AFF28115F3E19F07A105B10582
:101CB00011F00C94B1F20C94AFF20F931F93CF93E9
:101CC000DF93CDB7DEB7EB970FB6F894DEBF0FBE4C
:101CD000CDBF82E997E10E9469948BE1E2E9F7E1E7
:101CE000DE01919601900D928A95E1F710E000E0F7
:101CF000BE016F5F7F4FCE0181960F94561118166B
:101D00003CF4CE0101960E94E48C080F111DF0CF27
:101D1000CE0181960E945728C801EB960FB6F89421
:101D2000DEBF0FBECDBFDF91CF911F910F91089500
:101D30000F931F93CF93DF93CDB7DEB7EB970FB61B
:101D4000F894DEBF0FBECDBF8C0182E997E10E94FF
:101D500069948BE1E2E9F7E1DE01919601900D9241
:101D60008A95E1F7BE016F5F7F4FCE0181960F9498
:101D700056111816A4F4CE0101960E94E48C882313
:101D800089F3BE016F5F7F4F80EA94E10E94018D6D
:101D900060EA74E1C8010F94BA40892B19F7CE01AB
:101DA00081960E945728EB960FB6F894DEBF0FBEBF
:101DB000CDBFDF91CF911F910F910895FC0120813C
:101DC0008091C8149091C914922728E0AC01880F23
:101DD000991F57FD07C02150C9F79093C9148093EC
:101DE000C8140895F1E28F27F0E19F27F4CF00C0D7
:101DF000000082E090E00197F0F70895CF92DF9223
:101E0000EF92FF920F931F93CF93DF93FB0101900B
:101E10000020E9F73197AF01461B570BE9F1493232
:101E2000510514F048E250E08C0100561F4FEAE5DE
:101E3000D801EC93FC01EF55FF4FA5EAA083319642
:101E4000A3E0A40FA0833196A2E8A083319630834B
:101E5000319620833196DB018D918193CD01861BD4
:101E6000970B84179507C4F36801F12CE12CEA0164
:101E70002596CE15DF055CF0F60181916F010E9479
:101E800056300F94F70EFFEFEF1AFF0AF2CF8EE2F3
:101E9000D8011D928A95E9F7DF91CF911F910F919B
:101EA000FF90EF90DF90CF9008958F929F92AF9226
:101EB000BF92CF92DF92EF92FF920F931F93CF9337
:101EC000DF9300D01F92CDB7DEB7FC018381813054
:101ED00091F080E00F900F900F900F90DF91CF91D5
:101EE0001F910F91FF90EF90DF90CF90BF90AF9038
:101EF0009F908F900895818181FFEBCF8189928996
:101F0000A389B489892B8A2B8B2B09F460C07F01AC
:101F100040E050E0BA01CF010E9472908823C9F2DC
:101F2000F701C18CD28C85889688A788B08C82E016
:101F300090E0A0E0B0E0F60180839183A283B383B8
:101F40009E012F5F3F4FB501A401C6010E94EB8D9A
:101F5000882309F4BECF00E010E09801B501A40188
:101F6000C6010E94598D882309F4B3CF89809A80D5
:101F7000AB80BC80F6018789803101F5F8EF8F16C0
:101F8000FFEF9F06A104B104D8F2F701158A168A63
:101F9000178A108E118A128A138A148A81818068A6
:101FA0008183C7010E943D90882309F492CF40E0CD
:101FB00050E0BA01C7010E9472908CCF88EF88165A
:101FC0008FEF9806A8068FE0B806F8F6B9CF81E043
:101FD00081CF2F923F924F925F926F927F928F921A
:101FE0009F92AF92BF92CF92DF92EF92FF920F93A8
:101FF0001F93CF93DF9300D01F92CDB7DEB7382E5B
:102000007B012DB73EB73C832B8380911F19811133
:1020100007C0109204191092071981E080931F19CC
:102020008091FC18811107C01092E1181092E418F9
:1020300081E08093FC18DA018C918F3209F08DC019
:1020400087E797E1F701918380834F5F5F4F3110FE
:1020500010924C17F7010190F081E02DFA83E9838B
:102060008A0124E0C22E29E1D22E3BE1232E011564
:102070001105E9F14DB65EB66FE270E0C8010F944C
:10208000D8404C010817190768F53C01601A710A1D
:102090007724C30101962DB73EB7281B390B0FB625
:1020A000F8943EBF0FBE2DBF8DB79EB701965C0161
:1020B000A301B8010F94F840F501E60DF71D108259
:1020C000C6010E943394D7016D917C9121E0A50156
:1020D000C6010E946E94811146C0C5010E94D4C3FE
:1020E00010E000E00FB6F8945EBE0FBE4DBE332088
:1020F000A9F0D701ED91FC918BE1A2E9B7E1019044
:102100000D928A95E1F791E080914C17811190E052
:102110008091571790FB86F980935717C801EB8180
:10212000FC810FB6F894FEBF0FBEEDBF0F900F906D
:102130000F900F90DF91CF911F910F91FF90EF9033
:10214000DF90CF90BF90AF909F908F907F906F90D7
:102150005F904F903F902F90089582E997E1D701CB
:102160008D939C9377CFF7018081918129813A816A
:102170002817390711F00E943394D701CD92DC92D1
:10218000332099F0A0914C17AA3078F481E08A0F9F
:1021900080934C172A9ED0011124A355B84EF60106
:1021A000822D01900D928A95E1F7B4E0CB16B9E14A
:1021B000DB0669F491EEC92E98E1D92E84010F5FF8
:1021C0001F4F0FB6F8945EBE0FBE4DBE50CF84E0D9
:1021D000C82E89E1D82EF2CF8F929F92AF92BF92F4
:1021E000EF92FF921F93CF93DF93CDB7DEB7A09707
:1021F0000FB6F894DEBF0FBECDBF61157105810526
:10220000910591F120E04AE0842E912CA12CB12C73
:1022100011E0120FEE24E394F12CEC0EFD1EE20E01
:10222000F11C27FDFA94A50194010F94EA3CF701F3
:102230006083B901CA01212F6115710581059105DE
:1022400039F7115018F1E1E0F0E0EC0FFD1FE10F5C
:10225000F11D17FDFA95908187E39A3008F480E329
:10226000890F0E94A732EDCF80E3A0960FB6F894B5
:10227000DEBF0FBECDBFDF91CF911F91FF90EF90DA
:10228000BF90AF909F908F900C94A732A0960FB6FE
:10229000F894DEBF0FBECDBFDF91CF911F91FF90AD
:1022A000EF90BF90AF909F908F900895BF92CF9284
:1022B000DF92EF92FF920F931F93CF93DF93EB0187
:1022C000FC012381223008F49DC040855185628540
:1022D00073854F71552766277727452B462B472B4C
:1022E00009F090C08C011092AE141092AD14C12C64
:1022F000DD24DA947E01FBE0EF0EF11C8DE0B82EB8
:1023000040E250E0BE01C8010E94869280329105F1
:1023100081F021E0892B09F420E0822F8195DF9163
:10232000CF911F910F91FF90EF90DF90CF90BF90D2
:1023300008952881222309F467C0253E11F02E322A
:1023400029F41092AE141092AD14DACF3B853F738E
:102350003F3009F042C04A8D5B8D452B61F52F71EE
:102360003FEF320F323038F58D85213041F1C81200
:1023700029C02150330BB29EC001B39E900D112491
:10238000DC01A355BB4EFE0120E02B30F0F046816E
:1023900057814F3F510519F010F04FE550E04D9334
:1023A0002F5F32962D3089F7288126FF04C0FC016B
:1023B000E654FB4E10822B8523FDA2CFB0CFC82E52
:1023C000D12CD7CFDD24D394D4CF253018F044813D
:1023D0005581DFCF41815281DCCFD1100EC0FE018B
:1023E00020E020FB279527F93191230FEE16FF06F9
:1023F000C1F7C21601F3DD24D3941092AE141092EB
:10240000AD14D9CF8FEF8BCF80E089CFEF92FF92C1
:102410000F931F93CF93DF93CDB7DEB7EB970FB634
:10242000F894DEBF0FBECDBF8C017C012FEFE21A06
:10243000F20A8091AD159091AE158F3F980731F457
:102440008091571784FF46C00F945D0E9093AE1590
:102450008093AD158E159F0578F182E997E10E9472
:1024600069948BE1E2E9F7E1DE01919601900D922A
:102470008A95E1F710E0BE016F5F7F4FCE01819634
:102480000F94561118167CF4CE0101960E94E48C2C
:10249000882389F3011321C0BE016F5F7F4F80EA5B
:1024A00094E10E94018DCE0181960E94572881E01F
:1024B0009091A014911101C080E0EB960FB6F894B2
:1024C000DEBF0FBECDBFDF91CF911F910F91FF9067
:1024D000EF90089590E080E0B9CF1F5FCCCF8F924E
:1024E0009F92AF92BF92CF92DF92EF92FF92CF93E3
:1024F000DF9390939F1480939E141092E11482E0D6
:1025000090E0A0E0B0E08093CA149093CB14A09325
:10251000CC14B093CD1410929D1410929914109273
:102520009A1410929B1410929C148FEF9FEFDC0171
:102530008093951490939614A0939714B093981445
:10254000662309F470C040E060E070E0CB010E94B7
:10255000178D81110DC0C0E08C2FDF91CF91FF90BE
:10256000EF90DF90CF90BF90AF909F908F900895A5
:10257000809153148F7779F780915F149091601454
:10258000A0916114B091621484369105A105B10542
:1025900010F3C0905B14D0905C14E0905D14F09048
:1025A0005E14C114D104E104F104A9F240E0C701B2
:1025B000B6010E94178DC82F882369F28091A0125E
:1025C0009091A1128115924031F6A091A512AA23F3
:1025D00011F26091A3127091A4126115710509F4B2
:1025E000BACF2091A212222309F4B5CFA093DC1414
:1025F0002093CE1490E080E030E0E1E0F0E0D82FCE
:10260000AF01082E02C0440F551F0A94E2F72417A9
:10261000350769F041E0480F01968930910579F757
:102620004093D71498CFC12CD12C7601BFCF809383
:10263000D7142091AB123091AC1250E040E021153C
:10264000310541F42091B9123091BA124091BB1278
:102650005091BC122093CF143093D0144093D114D6
:102660005093D21446015701860E971EA11CB11C2F
:102670008092DD149092DE14A092DF14B092E014E8
:10268000E091A612F091A712F093E314E093E21404
:10269000B0E00F942B3DDC01CB01880D991DAA1DE4
:1026A000BB1D8093E4149093E514A093E614B093BB
:1026B000E71425E0EE0FFF1F2A95E1F7E150FE4FEA
:1026C000EF2FFF27E6958E0F9F1FA11DB11D809351
:1026D000D8149093D914A093DA14B093DB1480909B
:1026E000A8129090A912B12CA12C8114910441F44C
:1026F0008090B5129090B612A090B712B090B81218
:10270000C81AD90AEA0AFB0AC80CD91CEA1CFB1C25
:1027100004C0F694E794D794C794DA95D2F7C092A0
:10272000D314D092D414E092D514F092D61485EF3D
:10273000C8168FE0D806E104F10420F48CE0809301
:10274000E11409CF80E125EFC2162FEFD206E10494
:10275000F10488F08091C1129091C212A091C3122D
:10276000B091C4128093E4149093E514A093E614FE
:10277000B093E71480E28093E114EECECF92DF9223
:10278000EF92FF926B017C01F7FE0BC0F094E09496
:10279000D094C094C11CD11CE11CF11C8DE20E949C
:1027A000A732C701B601FF90EF90DF90CF900D9454
:1027B000EC1090919412911104C030E020E00C9440
:1027C000A4330895CF93C82F8DE69BE30E94AE32C9
:1027D0006C2F0C2E000C770B880B990B0F94BE13EB
:1027E0008AE00E94A732C0936002CC3008F038C063
:1027F000EC2FCC0FFF0B8827EF5FFB4E8E4F0D9415
:10280000813D4E01AA0124010001C400BA012A0140
:102810005201B8002001FE00860180E69BE3CF91C3
:102820000C9477C08FE49BE3FACF81E49BE3F7CF6E
:102830008DE29BE3F4CF8AE19BE3F1CF8DE09BE354
:10284000EECF80E09BE3EBCF82EF9AE3E8CF82EE1E
:102850009AE3E5CF85ED9AE3E2CF85EC9AE3DFCF0B
:10286000CF9108950E94832F81111BC0809157172B
:1028700082FF0EC087FD0CC08091AD14811105C090
:1028800080EA94E161E00C945DCC8DEA94E1FACFAA
:1028900080919312813041F087E99AE36FEF0C94B5
:1028A0009BBB88EB9AE3FACF8CEA9AE3F7CFCF93FE
:1028B000DF93EC0184E00E9473B081113BC08091F2
:1028C000DF189091E0188C0F9D1F9093E018809373
:1028D000DF188091911290919212C80FD91FD09356
:1028E0009212C09391120E9448F060938D127093DF
:1028F0008E1280938F12909390120E946C2E8823D8
:10290000C9F080915C0290915D02A0915E02B0914D
:102910005F028F3F9F4FAF4FBF4F61F410925C0239
:1029200010925D0210925E0210925F02DF91CF91D1
:102930000C94662EDF91CF910895CF92DF92EF92A3
:10294000FF92CF93DF93EC01BC01990F880B990B99
:102950000F94AD36209185123091861240918712E6
:10296000509188120F940C376B017C01CE010F94AB
:102970005714C2E5D5E1A7019601688579858A8556
:102980009B850F948A3D688779878A879B87DF912B
:10299000CF91FF90EF90DF90CF9008950F931F930A
:1029A000CF93DF93C82F8B018AE50E94563085EACA
:1029B0000E94563087E00E94563082E80E945630CE
:1029C00080E00E9456308C2F0E945630E80115E0BE
:1029D000115021F089910E945630FACFDF91CF91AA
:1029E0001F910F9108958F929F92AF92BF92CF92B5
:1029F000DF92EF92FF920F931F93CF93DF9389EDB6
:102A0000A82E86E1B82E80915A0290915B02F501C2
:102A1000918380839DECC92E96E1D92E25E0E22E8C
:102A2000F601E08200ED16E132E8F32EF801F082C3
:102A3000C1EDD6E182E592E1A0E0B0E08883998320
:102A4000AA83BB838DE796E10E94A730809158024C
:102A500090915902F50191838083F601E082F8019B
:102A6000F08284E592E1A0E0B0E088839983AA83B4
:102A7000BB838DE796E10E94A73046E2842E45E1B4
:102A8000942E20E030E040E251E4F40160A171A115
:102A900082A193A10F940C370F94FD3EF501718331
:102AA0006083F601E082F801F08286E592E1A0E021
:102AB000B0E088839983AA83BB838DE796E10E9467
:102AC000A7302CEA35EC47E25EE3F40164A175A17E
:102AD00086A197A10F94843E20E030E040E251E4CB
:102AE0000F940C370F94FD3EF50171836083F6015E
:102AF000E082F801F0828AE592E1A0E0B0E088830C
:102B00009983AA83BB838DE796E10E94A7302CEAC4
:102B100035EC47E25EE3F40160A571A582A593A5BB
:102B20000F940C3720E030E040E251E40F940C3772
:102B30000F94FD3EF50171836083F601E082F80198
:102B4000F0828EE592E1A0E0B0E088839983AA83C9
:102B5000BB838DE796E10E94A7305AEF852E54E1A2
:102B6000952E20E030E040E251E4F40160A171A133
:102B700082A193A10F940C370F94FD3EF501718350
:102B80006083F601E082F801F08282E692E1A0E043
:102B9000B0E088839983AA83BB838DE796E10E9486
:102BA000A7302CEA35EC47E25EE3F40164A175A19D
:102BB00086A197A10F94843E20E030E040E251E4EA
:102BC0000F940C370F94FD3EF50171836083F6017D
:102BD000E082F801F08286E692E1A0E0B0E088832E
:102BE0009983AA83BB838DE796E10E94A7302CEAE4
:102BF00035EC47E25EE3F40160A571A582A593A5DB
:102C00000F940C3720E030E040E251E40F940C3791
:102C10000F94FD3EF50171836083F601E082F801B7
:102C2000F0828AE692E1A0E0B0E088839983AA83EB
:102C3000BB838DE796E10E94A7308CE296E0DF919E
:102C4000CF911F910F91FF90EF90DF90CF90BF90A9
:102C5000AF909F908F900C9413BBCF93DF93CDB721
:102C6000DEB780917C12811118C09E01275F3F4F13
:102C70004F8158856FE370E08CE392E10F946D36DD
:102C800060E089E89AE30E94D7328CE392E10E94E7
:102C900059CC8CE392E10E9413BBDF91CF91089550
:102CA0009091B51021E6929FF0011124EA5EFE4E4C
:102CB000808384E0989FF0011124E156FF4E4091FB
:102CC000AF105091B0106091B1107091B21040836C
:102CD0005183628373839F5F943040F49093B51067
:102CE0008091B3108F5F8093B31008951092B51048
:102CF000F7CFCF92DF92EF92FF92E6EBFFE0808179
:102D00008183C0903810D0903910E0903A10F09044
:102D10003B108FEFC81AD80AE80AF80A80E89AE34D
:102D20000E94AE32C701B6010E9445228AE00E948D
:102D3000A7328CE79AE3FF90EF90DF90CF900C944E
:102D4000AE32CF92DF92EF92FF920F931F93CF9309
:102D50008C01C62F0E94F833C0903810D0903910E3
:102D6000E0903A10F0903B10C8010E94AE32C701CB
:102D7000B6010E9445228AE00E94A7320E94333D9C
:102D80000196E1F78C2F0F94791610923D10109256
:102D90003C10CF911F910F91FF90EF90DF90CF905B
:102DA00008954F925F926F927F928F929F92AF920F
:102DB000BF92CF92DF92EF92FF920F931F93CF9328
:102DC000DF93CAE9DFE04C845D846E847F840AEA85
:102DD0001FE0F80124813581468157816C817D8116
:102DE0008E819F810F948A3D4B015C01F801208503
:102DF000318542855385688579858A859B850F94C1
:102E00008A3D6B017C01F80120813181428153812F
:102E1000688179818A819B810F948A3DAB01BC01D5
:102E200089E79AE30E945A35B501A40185E79AE340
:102E30000E945A35B701A60181E79AE30E945A35EC
:102E4000B301A2018DE69AE3DF91CF911F910F911B
:102E5000FF90EF90DF90CF90BF90AF909F908F90BA
:102E60007F906F905F904F900C945A35CF93C82FFE
:102E700041E00E9428358C2FCF910C94F8348BEBD5
:102E800098E10E943D908BEB98E10E9433948091F1
:102E900057178D7F8E7F809357171092531710927C
:102EA0005417109255171092561781E080934B17C4
:102EB0000895DF92EF92FF920F931F93CF93DF93CA
:102EC0001F92CDB7DEB78C01D42E7C01E60EF71E23
:102ED0008091950F9091960F0F94C43C8983DD20CB
:102EE00011F0F8018083CE0101960F94DE0E8091DF
:102EF000950F9091960F01969093960F8093950F52
:102F00000F5F1F4F0E151F0519F780E00F90DF911F
:102F1000CF911F910F91FF90EF90DF900895CF9385
:102F2000DF9366E37AE30F943617CDE4DFE04C8954
:102F30005D896E897F898EE29AE30E945A35488DB9
:102F4000598D6A8D7B8D8BE29AE30E945A354C8DA8
:102F50005D8D6E8D7F8D88E29AE30E945A3548A17F
:102F600059A16AA17BA185E29AE30E945A358AE0C1
:102F7000DF91CF910C94A7326F927F928F929F92A4
:102F8000AF92BF92CF92DF92EF92FF920F931F9377
:102F9000CF93DF93C82EE62E80914C0F833009F03B
:102FA00043C00E94F7B9882309F43EC0609102151E
:102FB00070910315072E000C880B990B0F94AD36FA
:102FC00020E030E040E85FE30F94893D2091FE145B
:102FD0003091FF1440910015509101150F94A636C1
:102FE000181614F181E09AE59093DA168093D916B9
:102FF00080E490E09093DC168093DB1687E080936A
:10300000CD1682E88093D01684E890E0A0E0B0E08E
:103010008093D1169093D216A093D316B093D41662
:103020008DE796E10E94A73010E000E0D0E025E0B7
:10303000B22E0C2C000CDD080E2C000CFF0836E024
:10304000A32E45E0942E52E8852EC0E0802F81709B
:10305000782E6D2E6C0E8B2D8C1B711001C08C2F59
:103060008C151D04D1F50E151F05B9F5AC9CF001AA
:10307000AD9CF00D1124E00FF11FEE0FFF1FEE0FBE
:10308000FF1FE454F14F20E030E04AE754E4608150
:103090007181828193810F940C370F94F63E709367
:1030A000DA166093D9169092CD168092D016462DDE
:1030B00050E04058574F440F551F052E000C660B2B
:1030C000770B4093D1165093D2166093D31670931A
:1030D000D4168DE796E10E94A730CF5FC63009F085
:1030E000B8CFDA5F0F5F1F4FD43209F0AECFDF9158
:1030F000CF911F910F91FF90EF90DF90CF90BF90F5
:10310000AF909F908F907F906F9008954F925F92B5
:103110006F927F928F929F92AF92BF92CF92DF92E7
:10312000EF92FF92CF93DF9300D000D01F921F92B7
:10313000CDB7DEB75C01DB01CD90DD90ED90FC906A
:10314000E0915E15F0915F15FE83ED83848195819A
:10315000A681B78189839A83AB83BC839C01AD012F
:10316000C701B6010F94893D2B013C01F501808018
:103170009180A280B380AD81BE818D919D910D9093
:10318000BC91A02D8D839E83AF83B88727E137EB59
:1031900041ED58EBC301B2010F94EA3F87FDD2C065
:1031A00023E030E04BE953E4C301B2010F94A636AB
:1031B00018160CF4C7C02D813E814F815885C5017A
:1031C000B4010F94893D2B013C0127E137EB41ED20
:1031D00058EB0F94EA3F87FDB5C023E030E84DE996
:1031E00053E4C301B2010F94A63618160CF4AAC01A
:1031F00020E030E0A9016D817E818F8198850F9458
:103200008A3D2B013C0120E030E040E251E40F9484
:10321000A63687FF06C0412C512C30E2632E31E4E4
:10322000732E27E137EB41ED58E3C301B2010F9450
:10323000893D9B01AC01C501B4010F94EA3F87FDB4
:1032400081C020E030E84DE953E46D817E818F81BB
:1032500098850F948A3D2B013C0120E030E041E944
:1032600053E40F94EA3F181634F4412C512C21E911
:10327000622E23E4722E27E137EB41ED58E3C301C0
:10328000B2010F948A3D9B01AC01C501B4010F94BA
:10329000A63618160CF456C020E030E0A90169816A
:1032A0007A818B819C810F948A3D4B015C0120E0E7
:1032B00030E040E751E40F94A63687FF06C0812C2A
:1032C000912C90E7A92E91E4B92E27E137EB41ED3F
:1032D00058E3C501B4010F94893D9B01AC01C701BE
:1032E000B6010F94EA3F87FD2DC020E030E04BE9A6
:1032F00053E469817A818B819C810F948A3D4B01D3
:103300005C0120E030E84EE853E40F94EA3F1816E1
:103310003CF4812C80E8982E8EE8A82E83E4B82E09
:1033200027E137EB41ED58E3C501B4010F948A3D25
:103330009B01AC01B1E0B983C701B6010F94A63679
:1033400018160CF41982898128960FB6F894DEBFFE
:103350000FBECDBFDF91CF91FF90EF90DF90CF9068
:10336000BF90AF909F908F907F906F905F904F90A5
:1033700008958F929F92AF92BF92CF92DF92EF9279
:10338000FF92CF93FC01C080D180E280F38020E0E7
:1033900030E040E251E4C701B6010F940C3720E061
:1033A00030E04AE754E40F940C374B015C0120E015
:1033B00030E0A901C701B6010F94A63620E030E045
:1033C00040EA50E487FF04C020E030E040EA50ECDF
:1033D000C501B4010F948A3D20E030E040E251E4A1
:1033E0000F94843E0F94F63E6B017C0180E2C11481
:1033F000D104E104F10461F08BE2F7FE09C0F0941E
:10340000E094D094C094C11CD11CE11CF11C8DE24D
:103410008093D818C701B60128EE33E040E050E0B1
:103420000F940C3D8AE0882E912CA12CB12CCA015E
:10343000B901A50194010F940C3D605D6093D9180A
:103440008EE28093DA18C701B60124E630E040E04E
:1034500050E00F940C3DCA01B901A50194010F94ED
:103460000C3D605D6093DB18C701B601A5019401B6
:103470000F940C3DC62FCA01B901A50194010F9408
:103480000C3D605D6093DC18C05DC093DD1888ED75
:1034900098E1CF91FF90EF90DF90CF90BF90AF90E9
:1034A0009F908F9008952F923F924F925F926F92CC
:1034B0007F928F929F92AF92BF92CF92DF92EF92C4
:1034C000FF920F931F93CF93DF93CDB7DEB7C5570E
:1034D000D1090FB6F894DEBF0FBECDBF28969FAFBF
:1034E0008EAF28972E967FAF6EAF2E97142FDB01ED
:1034F0004D905D906D907C9013971496CD90DD90DB
:10350000ED90FC901797A301920150582DAB3EAB64
:103510004FAB58AFD701C601B05889A39AA3ABA34C
:10352000BCA3A3019201C301B2010F940C374B015C
:103530005C01A7019601C701B6010F940C379B01EE
:10354000AC01C501B4010F948A3D0F9438402F9609
:103550006FAF2F9760967FAF609761968FAF61973F
:1035600062969FAF629780909A0F90909B0FA09069
:103570009C0FB0909D0FA5019401C301B2010F945F
:103580008A3D6E966CAF7DAF8EAF9FAF6E972091E8
:103590009E0F30919F0F4091A00F5091A10F2DA32E
:1035A0003EA34FA358A7C701B6010F948A3DA29628
:1035B0006CAF7DAF8EAF9FAFA2972896AEADBFAD7B
:1035C00028974D905D906D907C906E962CAD3DADA2
:1035D0004EAD5FAD6E97C301B2010F94893D69A7EF
:1035E0007AA78BA79CA72896EEADFFAD2897C4803D
:1035F000D580E680F780A2962CAD3DAD4EAD5FAD97
:10360000A297C701B6010F94893D6DA77EA78FA72A
:1036100098ABA3019201C501B4010F94893D4B0100
:103620005C012DEB37E346E855EB0F94EA3F87FD4D
:10363000B6C32DEB37E346E855E3C501B4010F945B
:10364000A63618160CF4ABC3A70196016DA17EA196
:103650008FA198A50F94893D6B017C012DEB37E379
:1036600046E855EB0F94EA3F87FD99C32DEB37E30E
:1036700046E855E3C701B6010F94A63618160CF4B8
:103680008EC311111FC408E410E04BED842E4FE0EF
:10369000942E49ECA42E40E4B42E750164012091CF
:1036A000A20F3091A30F4091A40F5091A50F29AB09
:1036B0003AAB4BAB5CAB2896AEADBFAD2897189636
:1036C0006D917D918D919C911B970F94893D2B015C
:1036D0003C01A50194012F966FAD2F9760967FADA9
:1036E000609761968FAD619762969FAD62970F94D8
:1036F0000C376DA379A78DA79DAF27E137EB41ED7F
:1037000058E30F94A63687FF0AC027E137EB41ED57
:1037100058E3C301B2010F94A63687FD26C328964D
:10372000AEADBFAD28971C962D913D914D915C910A
:103730001F9726962CAF3DAF4EAF5FAF26972091D7
:10374000A60F3091A70F4091A80F5091A90F229674
:103750002CAF3DAF4EAF5FAF22972AE037ED43E28B
:103760005CE36091540270915502809156029091F1
:1037700057020F940C374B015C016091520270911B
:103780005302072E000C880B990B0F94AD369B014A
:10379000AC01C501B4010F940C376D8F7E8F8F8FF4
:1037A00098A36DA179A58DA59DAD0F942C3F4B01DC
:1037B0005C01B80190E080E00F94AB361B018C01F6
:1037C0009B01AC01B401C5010F94EA3F181614F037
:1037D000410158019401A5016DA179A58DA59DAD6B
:1037E0000F94843E69AF7AAF8BAF9CAF20E030E09E
:1037F00040E85FE30F94EA3F18160CF076C36DA122
:1038000079A58DA59DAD0F94683E0F94FD3E1B01DB
:10381000198A1A8A1B8A1C8A1D8A1E8A1F8A188E78
:10382000198E1A8E1B8E1C8E6230710508F473C2BD
:1038300090E080E00F94AB362C966CAF7DAF8EAFEE
:103840009FAF2C979B01AC01C701B6010F94843E3A
:1038500069AF7AAF8BAF9CAF9B01AC010F940C3773
:103860006B017C01AC019B0169AD7AAD8BAD9CAD68
:103870000F940C3720E030E040EC50E40F94843E8D
:103880009B01AC0169AD7AAD8BAD9CAD0F94893DC8
:10389000A6966CAF7DAF8EAF9FAFA69720E030E0CD
:1038A00040E05FE3C701B6010F940C379B01AC0108
:1038B00060E070E080E89FE30F94893DAA966CAFCA
:1038C0007DAF8EAF9FAFAA972C962CAD3DAD4EAD80
:1038D0005FAD2C97C301B2010F94843EE2966CAFAA
:1038E0007DAF8EAF9FAFE29722962CAD3DAD4EAD32
:1038F0005FAD229726966CAD7DAD8EAD9FAD2697C0
:103900000F94893D2C962CAD3DAD4EAD5FAD2C97FF
:103910000F94843EE6966CAF7DAF8EAF9FAFE69777
:10392000C9A8DAA8EBA8FCA8C986DA86EB86FC86CB
:103930002296CCACDDACEEACFFAC2297CD86DE8619
:10394000EF86F88A0E9448F09B01AC0128533F4F54
:103950004F4F5F4FAE962CAF3DAF4EAF5FAFAE97C0
:103960004090510F5090520F6090530F7090540F31
:1039700060914D0F70914E0F80914F0F9091500FAD
:10398000461657066806790610F4C301B2010F9473
:10399000AB3667966CAF7DAF8EAF9FAF6797A09049
:1039A000710FB090720FC090730FD090740FC3015D
:1039B000B2010F94AB367B018C019B01AC01B501C8
:1039C000C6010F94A63687FD02C0570168016D8DB0
:1039D0007E8D8F8D98A19B01AC010F940C37562ED4
:1039E000772E4C0167962CAD3DAD4EAD5FAD679720
:1039F0002F966FAD2F9760967FAD609761968FADD4
:103A0000619762969FAD62970F940C377B018C0192
:103A10009501A601B501C6010F940C37662E7EAF45
:103A200023968FAF239763969FAF63979701A80163
:103A3000652D772DC4010F94EA3F18161CF0E52C74
:103A4000F72C84019701A801662D7EAD23968FADDA
:103A5000239763969FAD63970F94A63687FD08C0A2
:103A60006E2CFEAE23960FAF239763961FAF63971E
:103A70007DA0C9A46896CFAE6897DDA46996DFAE35
:103A80006997EDAC6A96EFAE6A9729E129AB4424B9
:103A90004394512C0E94D5D50E9448F08B019C0183
:103AA000AE96CCACDDACEEACFFACAE970C191D09FC
:103AB0002E093F0937FD0FC09B01AC0128533F4F32
:103AC0004F4F5F4FAE962CAF3DAF4EAF5FAFAE974F
:103AD00080E00E94FF5839A9315039AB332309F4F3
:103AE00032C22DA93EA94FA958ADA6966CAD7DADA9
:103AF0008EAD9FADA6970F940C376B017C0129A169
:103B00003AA14BA15CA1AA966CAD7DAD8EAD9FADE7
:103B1000AA970F940C379B01AC01C701B6010F9413
:103B20008A3D7B018C012DA93EA94FA958ADAA96CB
:103B30006CAD7DAD8EAD9FADAA970F940C374B0148
:103B40005C0129A13AA14BA15CA1A6966CAD7DAD0B
:103B50008EAD9FADA6970F940C379B01AC01C501AC
:103B6000B4010F94893D6DAB7EAB8FAB98AFC701AD
:103B7000D80189A39AA3ABA3BCA32DA93EA94FA9A1
:103B800058AD6E966CAD7DAD8EAD9FAD6E970F94BA
:103B90008A3D69837A838B839C8329A13AA14BA1B7
:103BA0005CA1A2966CAD7DAD8EAD9FADA2970F943A
:103BB0008A3D6D837E838F839887E2962CAD3DADE1
:103BC0004EAD5FADE29769857A858B859C850F94B4
:103BD0008A3D69877A878B879C87E6962CAD3DADB9
:103BE0004EAD5FADE6976D857E858F8598890F9484
:103BF0008A3D6D877E878F87988BCE0101960E94C4
:103C00008DB0E1E04E16510409F00CC250E040E0E6
:103C100030E020E0852F942FA32FB22F8D8B9E8B29
:103C2000AF8BB88F2C962CAD3DAD4EAD5FAD2C97C4
:103C30006DA179A58DA59DAD0F94843E9B01AC012E
:103C4000672D68967FAD689769968FAD69976A967C
:103C50009FAD6A970F94893D762E68967FAF6897DF
:103C600069968FAF69976A969FAF6A9767962CADF2
:103C70003DAD4EAD5FAD6797CA01B9010F948A3D66
:103C8000272D68963FAD689769964FAD69976A96FC
:103C90005FAD6A970F940C377B018C01262D3EADEA
:103CA00023964FAD239763965FAD63970F94EA3FDA
:103CB000181644F4E62CFEAC23960FAD23976396BA
:103CC0001FAD6397C701D801898F9A8FAB8FBC8FC7
:103CD000AE014F5E5F4FBE01635E7F4FCE01019626
:103CE0000E941CEE8823B9F02F968FAD2F97609617
:103CF0009FAD60976196AFAD61976296BFAD6297D9
:103D00008D8B9E8BAF8BB88FFFEF4F1A5F0A2414F9
:103D1000350409F0BFCE80E12896EEADFFAD2897BF
:103D2000DE01119601900D928A95E1F7CE01019680
:103D30000E948DB01D8A1E8A1F8A188E198E1A8EB7
:103D40001B8E1C8EAE014F5E5F4FBE01635E7F4FC8
:103D5000CE0101960E941CEE80E1FE013196AAE997
:103D6000BFE001900D928A95E1F7CB58DF4F0FB677
:103D7000F894DEBF0FBECDBFDF91CF911F910F91A1
:103D8000FF90EF90DF90CF90BF90AF909F908F907B
:103D90007F906F905F904F903F902F90089529A54E
:103DA0003AA54BA55CA56DA97EA98FA998AD0F94E6
:103DB0000C376B017C012DA53EA54FA558A969A123
:103DC0007AA18BA19CA10F940C379B01AC01C70178
:103DD000B6010F948A3D6B017C012DA53EA54FA530
:103DE00058A96DA97EA98FA998AD0F940C374B01E6
:103DF0005C0129A53AA54BA55CA569A17AA18BA177
:103E00009CA10F940C379B01AC01C501B4010F9428
:103E1000893DA70196010F94093E6B017C0120E0CA
:103E200030E0A9010F94A636882309F49ECF20E044
:103E300030E0A901C701B6010F94A63687FD2BC05B
:103E400090E080E0812B8130910541F1029789F16A
:103E500020E030E0A901C701B6010F94EA3F460116
:103E6000570187FF04C0B7FAB094B7F8B0942BEDB0
:103E70003FE049EC50E4C501B4010F94843E20E0DA
:103E800030E040E952E40F940C370F94683E0F94F1
:103E9000FD3E8B0104CC82E090E0D4CF2BED3FE0DF
:103EA00049EC50E4C701B6010F94893D6B017C01D8
:103EB000CFCF2BED3FE049EC50E4C701B6010F94A2
:103EC0008A3DF4CF08E410E02BED822E2FE0922EF5
:103ED00029ECA22E20E4B22E3BEDC32E3FE0D32EE0
:103EE00039ECE32E30ECF32EDACB2DEC3CEC4CEC41
:103EF0005DE369AD7AAD8BAD9CAD0F94A63687FFBF
:103F00001FC02DEC3CEC4CEC5DE36DA179A58DA5BB
:103F10009DAD0F94843E0F942C3F4B015C0120E03B
:103F200030E040E85FE30F94A63687FF06C0812C9F
:103F3000912C90E8A92E9FE3B92EC501B40165CC60
:103F4000B401C50162CCB20190E080E00F94AB36C1
:103F500029AD3AAD4BAD5CAD0F940C376B017C01D4
:103F60000F947F3E69A37AA38BA39CA3C701B601DC
:103F70000F942A404B015C012E96AEADBFAD2E973B
:103F8000CD90DD90ED90FC901397F7FAF094F7F850
:103F9000F09414962D913D914D915C91179729AB1A
:103FA0003AAB4BAB5CABA701960169A17AA18BA19F
:103FB0009CA10F940C376DAB7EAB8FAB98AF29A94A
:103FC0003AA94BA95CA9C501B4010F940C379B0118
:103FD000AC016DA97EA98FA998AD0F948A3D6DABF8
:103FE0007EAB8FAB98AFA7019601C501B4010F94CA
:103FF0000C376B017C0129A93AA94BA95CA969A1DD
:104000007AA18BA19CA10F940C379B01AC01C70135
:10401000B6010F94893D69A37AA38BA39CA3B9E150
:10402000B9ABABCD2F965FAD2F9760964FAD609734
:1040300061963FAD619762962FAD6297EBCDCF93BE
:10404000DF9300D01F92CDB7DEB721E0FC0123A79C
:1040500084819581A681B781B05889839A83AB8387
:10406000BC83BE016F5F7F4F8CEA9EE00E94772386
:104070000F900F900F900F90DF91CF910895CF92F6
:10408000DF92EF92FF921F93CF93DF93EC01209189
:10409000A30E3091A40E4091A50E5091A60E6881FA
:1040A00079818A819B810F94A636882309F45DC0AB
:1040B0001091A20E80E00E943938C880D980EA8031
:1040C000FB8020E030E0A901C701B6010F94EA3F70
:1040D00018161CF0C12CD12C7601C092A30ED092E0
:1040E000A40EE092A50EF092A60E2DEB37E346E863
:1040F00055EBC701B6010F94EA3F87FD0AC02DEBCF
:1041000037E346E855E3C701B6010F94A636181603
:1041100044F5A701960160E070E080E89FE30F940A
:10412000843E60939E0E70939F0E8093A00E90939A
:10413000A10E80EF9FEFA9E7B4EC80939A0E9093C5
:104140009B0EA0939C0EB0939D0E112371F081E005
:10415000DF91CF911F91FF90EF90DF90CF900C9463
:10416000393860E070E0CB01DCCFDF91CF911F9157
:10417000FF90EF90DF90CF9008954F925F926F92F3
:104180007F928F929F92AF92BF92CF92DF92EF92E7
:104190000F931F93CF93DF9300D01F92CDB7DEB75D
:1041A0004C015B016A01122F002309F449C06E2DF6
:1041B00084E00F94E2130E94F43489E898E30E94AB
:1041C000AE3261E0812F0E9493280091C90D83E0F7
:1041D0008093C90D81E08093C80D8BE798E30E941E
:1041E00077C00E94753382E08093941260E085E38B
:1041F00098E30E94D7328DE398E30E94AE3280E2CA
:104200000E94A7328BE698E30E94AE3280E30E94C0
:10421000A7328AE00E94A73282E698E30E948133A7
:104220000E9498338091C80D882341F060E0812F6F
:104230000E94932881E00E94FF58F4CF0093C90D9B
:104240006E2D85E00F94E21320E030E0A901F40127
:1042500060817181828193810F94A636882371F0E9
:1042600080E090E0A0ECB0E489839A83AB83BC83C8
:10427000BE016F5F7F4FC4010E9435B320E030E084
:10428000A901F50160817181828193810F94A63625
:10429000882351F14090850F5090860F6090870FD2
:1042A0007090880F80E090E0A0E7B1E48093850FE4
:1042B0009093860FA093870FB093880F80E090E0D3
:1042C000A0EAB1E489839A83AB83BC83BE016F5FAC
:1042D0007F4FC5010E9435B34092850F5092860FE3
:1042E0006092870F7092880F812C912C80E4A82E09
:1042F000BA2C03E020E030E0A901F6016081718171
:10430000828193810F94EA3F181674F460E086E08E
:104310000F94E21389829A82AB82BC82BE016F5FE6
:104320007F4FC6010E9435B38091C60D22E638E367
:10433000882311F023E438E341E558E36BE578E3A3
:1043400081E00E94A4331091C90D0093C90D109211
:10435000C80D60E087E00F94E2138091C70D8111D2
:1043600004C081E00E94FF58F8CF1093C90D81303E
:1043700009F4C0CF0E94753381E00F900F900F9029
:104380000F90DF91CF911F910F91EF90DF90CF9021
:10439000BF90AF909F908F907F906F905F904F9065
:1043A00008958F929F92AF92BF92CF92DF92EF9239
:1043B000FF920F931F93CF93DF93B0E4A0E06A2F97
:1043C00070E0AB014B0F511D55954795411119C038
:1043D000E7E3F7E365917491072E000C880B990BC6
:1043E0000F94AD36DF91CF911F910F91FF90EF9019
:1043F000DF90CF90BF90AF909F908F900895B42F93
:10440000E0CF4A1711F0B41303C0E3E3F8E3E2CFBF
:104410009A0121503109220F331F220F331FF90156
:10442000EB5CF84CE590F490F901E75CF84CC59131
:10443000D4918E159F0518F3A42FC817D90708F437
:10444000BECFF901E95CF84C05911491F901E55CE6
:10445000F84CC590D4908E199F09BC0190E080E083
:104460000F94AB364B015C01B601601B710B072E3C
:10447000000C880B990B0F94AD369B01AC01C50164
:10448000B4010F940C374B015C01CE19DF09BE015A
:1044900090E080E00F94AB369B01AC01C501B40104
:1044A0000F94843E6B017C01B801110F880B990BAE
:1044B0000F94AD369B01AC01C701B6010F948A3D44
:1044C00091CFCF93DF938091631590916415891BF1
:1044D0008095877019F40E94FF58F5CF809163157D
:1044E0008F5F8770A091631594E7A99FD001112475
:1044F000FD01EA5DF54FEF0119929A95E9F7908178
:1045000098609083A55CB54F90E1E9E8F5E10190F2
:104510000D929A95E1F720916315909164152913F6
:1045200003C094E69093601580936315DF91CF915B
:104530000C94662ECF93DF93CDB7DEB760970FB69E
:10454000F894DEBF0FBECDBF80E1EAE9FFE0DE01F7
:10455000119601900D928A95E1F7CE0101960E9485
:10456000DEACCE0101960E94A1AB60960FB6F89426
:10457000DEBF0FBECDBFDF91CF9108950E94F4340E
:104580006091980F7091990F8AE59AE30E947D4D92
:1045900087E59AE30C94AE32CF93882389F0C82F35
:1045A0000E94F43484E50E94A7328C2F0E940F975A
:1045B00080E20E94A73285E49AE3CF910C94AE3258
:1045C000CF9108956F927F928F929F92AF92BF92F8
:1045D000CF92DF92EF92FF920F931F93CF93DF93CF
:1045E000CDB7DEB7C655D1090FB6F894DEBF0FBE02
:1045F000CDBF5C017B016DB67EB6BE016F5F7F4FA4
:10460000C5010F94561118160CF06BC08C8588717B
:10461000803109F081C08DB69EB610E000E0E11453
:10462000F10439F0F70101900020E9F78F010E192C
:104630001F09C8010D962DB73EB7281B390B0FB6C1
:10464000F8943EBF0FBE2DBF8DB79EB701966C018B
:10465000080F191FE114F10439F0B7010F94E3407A
:104660008FE2F80131978083BE016F5F7F4FC801F1
:104670000E94018D1CAE1FAE21E0A801B501CE0144
:10468000CC960E946E948823E1F08BE1FE01FC96AB
:10469000DE01919601900D928A95E1F7B601CE0167
:1046A00081960F94E222CE0181960E945728CE0176
:1046B000CC960E9457280FB6F8949EBE0FBE8DBEB2
:1046C0009CCF0E94F434B80181E19AE30E9409F181
:1046D000CE01CC960E9457280FB6F8949EBE0FBE0E
:1046E0008DBE0FB6F8947EBE0FBE6DBECA5ADF4FA8
:1046F0000FB6F894DEBF0FBECDBFDF91CF911F91F3
:104700000F91FF90EF90DF90CF90BF90AF909F9070
:104710008F907F906F900895CE0101960E94E48C57
:10472000882309F46ACFE114F10431F0C7010E9433
:10473000FDF08FE20E94A732BE016F5F7F4F80EADB
:1047400094E10E94018D0E94FDF080E20E94A73258
:104750006D8D7E8D8F8D98A10F94EC108AE00E9454
:10476000A7324BCF7F928F929F92AF92BF92CF9200
:10477000DF92EF92FF920F931F93CF93DF93CDB70A
:10478000DEB7A3970FB6F894DEBF0FBECDBF782E6D
:104790006A017B01480159014091AB0E45FB44275A
:1047A00040F962E07AE3CE0181960E94193820E058
:1047B00030E0A901B801C5010F94A6368111CAC025
:1047C000772019F081E07812C0C060E070E88BE3D8
:1047D00095E420E030E040E752E40F94843E362F29
:1047E000272F432F522FBC014D8F5E8F6F8F78A3E1
:1047F000072D10E08091AB0E85FF25C0F801E55430
:10480000FC4F60818DEF99E30E94CF32B701A60182
:104810008AEF99E30E945A3587EF99E30E94AE32FE
:1048200020E030E0A901B401C5010F94A636882329
:1048300009F494C042E0B401C5010E94159780EFCD
:1048400099E30E94AE32F801E351F64CE491AA24B8
:10485000A3941E160CF4A12CBB24B39420E030E0EA
:10486000A901C701B6010F94EA3F18160CF0B12C4C
:1048700080E00E945EAC69837A838B839C8381E0B5
:104880000E945EAC6D837E838F83988782E00E9456
:104890005EAC69877A878B879C8783E00E945EACD9
:1048A0006D877E878F87988B000F111F000F111F58
:1048B000E1E0F0E0EC0FFD1F0E0F1F1FF80110826A
:1048C000118212821382CE0101960E94A1ABF801DF
:1048D000C082D182E282F382198A1A8A1B8A1C8AD8
:1048E0001D8A1E8A1F8A188E198E1A8E1B8E1C8E88
:1048F0008091A90E9091AA0E892B51F4AE014F5EC2
:104900005F4FBE01635E7F4FCE0101960E94DBDDEB
:104910000E943CABAB100E9431B7CE0181960E9441
:104920001038A3960FB6F894DEBF0FBECDBFDF914F
:10493000CF911F910F91FF90EF90DF90CF90BF909C
:10494000AF909F908F907F90089560E070E086E137
:1049500094E43FCF302F292DC50143CF4D8D5E8D7F
:104960006F8D78A185EF99E30E945A3583EF99E323
:104970000E94AE3264CF4F925F926F927F92AF925D
:10498000BF92CF92DF92EF92FF921F93CF93DF936C
:1049900000D000D01F92CDB7DEB75C017B012C8325
:1049A0003D834E835F834091AB0E45FB442740F926
:1049B00068EA79E3CE0101960E941938BE016C5F66
:1049C0007F4FC7010E944DCF1091A80E1470109216
:1049D000A80E82E00E9465B30E94F1B3CE01019659
:1049E0000E941038C090A20FD090A30FE090A40FA7
:1049F000F090A50F20915A1530915B1540915C15F0
:104A000050915D1560E070E080EA90E40F94893D7C
:104A10002B013C018091AB0E85FF26C0112341F094
:104A2000A3019201C701B6010F94EA3F18163CF5A5
:104A3000C5010E94AE328EED99E30E94AE32111193
:104A400004C081ED99E30E94AE32A3019201C70137
:104A5000B6010F94EA3F181624F48FEB99E30E94F5
:104A6000AE328AE00E94A7321123F9F011E0A301CF
:104A70009201C701B6010F94EA3F18160CF010E03E
:104A8000812F27960FB6F894DEBF0FBECDBFDF9102
:104A9000CF911F91FF90EF90DF90CF90BF90AF909C
:104AA0007F906F905F904F90089511E0E9CF2F9223
:104AB0003F924F925F926F927F928F929F92AF92AE
:104AC000BF92CF92DF92EF92FF920F931F93CF93FB
:104AD000DF93CDB7DEB76E970FB6F894DEBF0FBE8B
:104AE000CDBF1C017D8F6C8F4B8F2E8F4091AB0EF5
:104AF00045FB442740F962E979E3CE0148960E94DC
:104B000019388091AB0E85FF57C02091AA0F3091C4
:104B1000AB0F4091AC0F5091AD0FF10160817181ED
:104B2000828193810F948A3DAB01BC018DE899E3AA
:104B30000E945A352091AE0F3091AF0F4091B00FC7
:104B40005091B10FEC8DFD8D6081718182819381D7
:104B50000F948A3DAB01BC018AE899E30E945A3563
:104B6000FB8D6EE376E0F33051F064E476E0F230F2
:104B700031F065E576E0F13011F460E576E087E844
:104B800099E30E947D4D84E899E30E94AE328E8DB8
:104B90000E940F976AE576E081E899E30E947D4DD7
:104BA00085E799E30E94AE324CE559E361E679E38B
:104BB0008AE99FE00E94E337F101408051806280E2
:104BC000738049825A826B827C82EC8DFD8DC0801D
:104BD000D180E280F380CD82DE82EF82F886809001
:104BE000A20F9090A30FA090A40FB090A50F89865C
:104BF0009A86AB86BC86BE016B5F7F4FCE01019665
:104C00000F94861881110FC08091AB0E85FF04C0F0
:104C100084E499E30E94AE32C12CD12C90ECE92EB1
:104C20009FE7F92EF5C000915E1510915F15F80110
:104C30002081318142815381C301B2010F94893DAA
:104C40002B013C0149825A826B827C82F8012481CB
:104C5000358146815781C701B6010F94893D9B017B
:104C6000AC012D833E834F83588780914E029091F3
:104C70004F02A0915002B09151028D879E87AF875D
:104C8000B88BCE010D966C0185017401C301B20190
:104C90000E944FCE81E00E94BCCF81115EC1409145
:104CA000AB0E45FB442740F963EF78E3CE01459610
:104CB0000E9419388091A70E82FFC9C020915A1511
:104CC00030915B1540915C1550915D1560E070E08E
:104CD00080EA90EC0F94893D698B7A8B8B8B9C8B4F
:104CE00020E030E040E451E4BE016F5E7F4F8EEE85
:104CF00098E30F94BB24882309F4AEC0C12CD12CB7
:104D000030ECE32E3FE7F32ECE0145960E9410389B
:104D100020915A1530915B1540915C1550915D15AD
:104D2000C701B6010F948A3D6B017C01AC019B0168
:104D30000F947C40811159C09B8D933009F000C1C4
:104D400020E030E040EA50E46091A20F7091A30FA0
:104D50008091A40F9091A50F0F948A3D6D877E8757
:104D60008F87988B6FEB73E0CE010D960E944DCF2D
:104D7000EE8DE33008F446C02091AA0F3091AB0FBE
:104D80004091AC0F5091AD0FF10160817181828132
:104D900093810F948A3DAB01BC018CE399E30E949F
:104DA0005A352091AE0F3091AF0F4091B00F509116
:104DB000B10FEC8DFD8D60817181828193810F94A3
:104DC0008A3DAB01BC0187E399E30E945A35B701E4
:104DD000A60182E399E30E944436A7019601C70128
:104DE000B6010F947C40882369F00E946E2360E036
:104DF00083E299E30E949BBB0E94F83383E199E32D
:104E00000E94AE32B701A60186E099E30E944436C3
:104E1000CE0148960E941038C701B6016E960FB6B3
:104E2000F894DEBF0FBECDBFDF91CF911F910F91E0
:104E3000FF90EF90DF90CF90BF90AF909F908F90BA
:104E40007F906F905F904F903F902F90089560E01B
:104E500070E080E291EC40CFC090A20FD090A30F01
:104E6000E090A40FF090A50F8091AB0E85FF06C0D7
:104E7000B701A60181EE98E30E94443620E030E0BD
:104E800040EA50E46091A20F7091A30F8091A40FAB
:104E90009091A50F0F948A3D6D877E878F87988BA1
:104EA0006FEB73E0CE010D960E944DCF20E030E015
:104EB00040EC50E4BE016F5E7F4F8CED98E30F94A1
:104EC000BB2481111BCF4090A20F5090A30F609084
:104ED000A40F7090A50F8091AB0E85FF12C0B30197
:104EE000A2018FEC98E30E945A35A3019201C701F9
:104EF000B6010F94893DAB01BC0181EC98E30E949F
:104F0000443620E030E040E450E4C301B2010F94A5
:104F10000C372B013C01A7019601C701B6010F9484
:104F20008A3D9B01AC01C301B2010F948A3D2DEC77
:104F30003CEC4CE45EE30F940C376B017C01E4CE57
:104F40008B8D8150823008F013CF0E946E2388230E
:104F500009F40ECFFE8DF33038F4C12CD12C80EC47
:104F6000E82E8FE7F82E41CFC12CD12C20ECE22E79
:104F70002FE7F22E01CF6F927F928F929F92AF9286
:104F8000BF92CF92DF92EF92FF920F931F93CF9336
:104F9000DF9300D000D01F921F92CDB7DEB75C0127
:104FA0004B013A01F22E68010091940E0E9459B80B
:104FB00080912E1590912F158C159D051CF4C6011E
:104FC0000E944DB860E080E00E94705E811124C1B3
:104FD00060E089E00F94E2131C141D0444F4C60140
:104FE0000E944DB840E060E080E00E94B09960E02F
:104FF00088E00F94E21360E081E00E94705E80E040
:1050000090E0A0E7B2E48D839E83AF83B88780E011
:1050100090E0A0E8B0EC89839A83AB83BC83BE01A7
:105020006B5F7F4FCE0101960E9435B387E00E94EF
:1050300073B0811168C08091A60F9091A70FA091C5
:10504000A80FB091A90F4091A20F5091A30F6091AA
:10505000A40F7091A50F0091840E1091850E2091E0
:10506000860E3091870EC090800ED090810EE09019
:10507000820EF090830EC092AC0ED092AD0EE092F4
:10508000AE0EF092AF0E0093B00E1093B10E2093BF
:10509000B20E3093B30E4093B40E5093B50E60939E
:1050A000B60E7093B70E8093B80E9093B90EA0937E
:1050B000BA0EB093BB0E80E090E0A8E4B2E489831E
:1050C0009A83AB83BC83CE0101960E94A7B28091E4
:1050D000880E9091890EA0918A0EB0918B0E8093CC
:1050E000B40E9093B50EA093B60EB093B70E80E0B9
:1050F00090E0A0EAB0E489839A83AB83BC83CE01BD
:1051000001960E94A7B280E090E0A0E7B2E48D8310
:105110009E83AF83B88780E090E0A0E8B0E4898305
:105120009A83AB83BC83BE016B5F7F4FCE01019638
:105130000E9435B380918C0E90918D0EA0918E0EB1
:10514000B0918F0E8093A60F9093A70FA093A80FF6
:10515000B093A90F8093B80E9093B90EA093BA0E96
:10516000B093BB0E88EB9EE00E944DAB86EA9FE0B9
:105170000E944DAB60E089E00F94E21361E088EAA1
:1051800098E30E94D73280917F0E815080937F0EEA
:1051900040EB58E368EB78E385E00F94D9138091F6
:1051A0009312823011F40E9489B980917F0E882376
:1051B00081F0815080937F0E0E947D8C80917E0EC5
:1051C000882339F040E060E070E080E090E40E94E5
:1051D000522680917C0E882331F010927C0E8091B3
:1051E0007B0E80937A0E0E942B2F0F9432142896F8
:1051F0000FB6F894DEBF0FBECDBFDF91CF911F91E8
:105200000F91FF90EF90DF90CF90BF90AF909F9065
:105210008F907F906F900895E12C2F2DA301B40102
:10522000C5010F94BD20D8CECF92DF92EF92FF92AE
:105230000F931F93CF93DF93FC01DA01CD90DD90A4
:10524000ED90FC90DB016D917D918D919C910081A1
:10525000118122813381C6E2D5E108A319A32AA3D3
:105260003BA32CEA35EC47E25EE30F940C376CA3CA
:105270007DA38EA39FA32CEA35EC47E25EE3C70132
:10528000B6010F94843E68A779A78AA79BA7DF91F0
:10529000CF911F910F91FF90EF90DF90CF900C94E2
:1052A0006423CF92DF92EF92FF920F931F93CF93DD
:1052B000DF93FC01DA01CD90DD90ED90FC90DB01F5
:1052C0006D917D918D919C9100811181228133811D
:1052D000CAEFD4E108A319A32AA33BA32CEA35EC17
:1052E00047E25EE30F940C376CA37DA38EA39FA3CC
:1052F0002CEA35EC47E25EE3C701B6010F94843E29
:1053000068A779A78AA79BA7DF91CF911F910F91DB
:10531000FF90EF90DF90CF900895CF93DF93CDB7BC
:10532000DEB7EB970FB6F894DEBF0FBECDBF789413
:1053300084B5826084BD84B5816084BD85B582609A
:1053400085BD85B5816085BD80916E00816080934B
:105350006E001092810080918100826080938100B4
:1053600080918100816080938100809180008160C4
:10537000809380008091B10084608093B10080911F
:10538000B00081608093B000809191008260809332
:1053900091008091910081608093910080919000B4
:1053A0008160809390008091A10082608093A10031
:1053B0008091A10081608093A1008091A000816014
:1053C0008093A000809121018260809321018091CF
:1053D000210181608093210180912001816080936F
:1053E000200180917A00846080937A0080917A0015
:1053F000826080937A0080917A00816080937A0045
:1054000080917A00806880937A001092C1000091A8
:10541000351914BE1092C0008091C0008260809344
:10542000C0001092C50087E08093C4008091C10045
:1054300080618093C1008091C10088608093C10029
:105440008091C10080688093C1000E9448F06B0188
:105450007C0128EEC20E23E0D21EE11CF11C8AE57D
:1054600097E10E94912F882309F48FC08FE090E389
:105470000E94AE32269A2E9880912C0390912D0393
:10548000A0912E03B0912F0389A39AA3ABA3BCA331
:10549000CE0181969BAB8AABFE01B596FEA3EDA330
:1054A000812CE4E29E2EE4EFAE2EB12CEAA9FBA9FA
:1054B0006191FBABEAABCE0101960E94932F8A89E2
:1054C000811105C18989882309F401C1FF85F9A7E4
:1054D000EE24EA94F12CF23019F0EE24EA94FE2C3A
:1054E00029813A813DAB2CAB8B819C8198A78FA3FE
:1054F0008EE0E0E3F3E0DE01539601900D928A9591
:10550000E1F799A5923009F049C0E1E0E8AFF3E096
:10551000F9AFCE0143969FAB8EAB11E091E09AA715
:1055200019AAEFEFF0E0F8ABEFA75DEF252E312CD5
:10553000EEA9FFA9C190D190FFABEEABF9A5F23077
:1055400091F120E2C216D10409F491C030E8C316EB
:10555000D10409F48CC088EE93E0C89E9001C99EE6
:10556000300DD89E300D112450E040E0C501B4014B
:105570000F940C3DC9010197369527950097A9F422
:10558000E1E0F0E0FCA7EBA717C00E9448F06C191F
:105590007D098E099F0997FDF8CF68CF2AE028AFD3
:1055A0003EE039AFB6CF9701C701FCA6EBA68E153A
:1055B0009F0510F49CA78BA72115310509F4A0C104
:1055C000FEA6EDA62E153F0510F43EA72DA78BA530
:1055D0009CA501968C9D90018D9D300D9C9D300D5C
:1055E000112450E040E0C501B4010F940C3D2901A5
:1055F0003BAF2AAFCC0CDD1C8DA59EA5C89E9001AB
:10560000C99E300DD89E300D112450E040E0C501F8
:10561000B4010F940C3DF90199EE291693E0390677
:1056200008F471C1B10188EE93E0DB01A81BB90B4E
:105630008AAD9BAD893E934008F469C1B20188EE02
:1056400093E0681B790BE93EF34008F464C1C9019B
:10565000E8EEF3E08E1B9F0B6A177B0724F4861796
:1056600097070CF05CC18A179B070CF461C11F5FA0
:10567000183009F05DCFECA9FDA980818C7F9AA537
:105680009370892B8083EFA1F8A52081FAA58F2F35
:1056900090E09595879595958795A3E0880F991F3C
:1056A000AA95E1F7277E822BEFA1F8A58083808160
:1056B000887FF9A98F2BEFA1F8A58083F9A5F23097
:1056C00031F0ED85FE852FA538A9318320838DA18A
:1056D0009EA1EAA9FBA98E179F0709F0E7CE0E94B9
:1056E000652F00FF04C086E090E30E94AE3201FF08
:1056F00004C085EF9FE20E94AE3202FF04C083EE39
:105700009FE20E94AE3203FF04C082ED9FE20E943E
:10571000AE3205FF04C081EC9FE20E94AE3281EB05
:105720009FE20E94AE320E94F4348DE79FE20E9415
:10573000AE320E94F43485E69FE20E94AE320E94AF
:10574000F43480912F1990913019BE016F5F7F4F13
:10575000009709F4F6C0681B790B86E59FE20E946A
:10576000D53860EA73E08FE39FE20E9457BA389A17
:10577000409810922A0910922B0910922C0910922D
:105780002D090E94E7380F9432148091160A811176
:1057900007C00E944CCB882319F081E08093160A41
:1057A00020913409309135094091360950913709DB
:1057B00060919A0F70919B0F80919C0F90919D0F1B
:1057C0000F948A3D60939A0F70939B0F80939C0F68
:1057D00090939D0F209138093091390940913A09F1
:1057E00050913B0960919E0F70919F0F8091A00F87
:1057F0009091A10F0F948A3D60939E0F70939F0F1D
:105800008093A00F9093A10F20913C0930913D0906
:1058100040913E0950913F096091A20F7091A30FF2
:105820008091A40F9091A50F0F948A3D6093A20FD1
:105830007093A30F8093A40F9093A50F0E94F1B3D0
:10584000249A2C98809101018062809301018091BB
:105850000201807280930001809101018064809335
:10586000010180910201809580748093000187ED91
:1058700080937A0010927E0010927D0080917D00CE
:10588000806280937D0080917D00806480937D00A4
:1058900080E887BD80916E00826080936E00E3E3B4
:1058A000F8E3C590D490F5E0CF16D1041CF4E5E000
:1058B000CE2ED12CD0922A02C09229020D2C000C9F
:1058C000EE08FF0880912502909126020F94D121C5
:1058D0004B015C01C701B6010F94AD369B01AC01D1
:1058E000C501B4010F94A63687FF2EC08091250212
:1058F0009091260240979093260280932502E2CF52
:1059000021E030E062CEC10168EE73E08ECEC201CC
:1059100068EE73E096CEF90188EE93E09BCE12011B
:1059200099AD9AA719ABEBA5FCA5F8ABEFA79FCE55
:105930001901F8ADFAA719AB2DA53EA538AB2FA7D5
:1059400096CE6553794109CFE7E3F7E3C590D4904C
:1059500021E0C21AD1083CE3C31631E0D30624F09B
:105960007BE3C72EDD24D394D0922C02C0922B026D
:105970000D2C000CEE08FF08809127029091280260
:105980000F94D1214B015C01C701B6010F94AD36D4
:105990009B01AC01C501B4010F94EA3F181654F401
:1059A000809127029091280240969093280280933C
:1059B0002702E2CF80912302909124020E946D9CE5
:1059C00020E030E040EA50E40F94A63687FF0AC09A
:1059D0008091230290912402409790932402809317
:1059E0002302E8CF80912E0990912F090E946D9C8F
:1059F00020E030E046E153E40F94EA3F181654F4F7
:105A000080912E0990912F09409690932F098093B1
:105A10002E09E8CF0E9471B76D98759A80910401A4
:105A20008D7F809304018091050180958270809321
:105A3000030152985A9A10923109109230090E942B
:105A4000ACB5819A879A80910A01826080930A019D
:105A50000E9A579A5F9A829A8A9A8091070181607A
:105A600080930701809108018095817080930601E1
:105A70000A9A129A809A88985F9A8091A70E8E7FD0
:105A80008093A70E869A8E988A9A8091A70E8D7F12
:105A90008093A70E80910A01886080930A0180910B
:105AA0000B018870809309018091080180958170B5
:105AB000809306018091A70E8B7F8093A70E0C9A8E
:105AC0001498129A809180008C7F8093800080913E
:105AD0008100877E886080938100809180008F7331
:105AE0008093800080918100887F82608093810014
:105AF00080E090E490938900809388001092850064
:105B0000109284000E94662E789486E08093320979
:105B10000E94D59D109233090E94ACB588E198E2AD
:105B20000FB6F894A895809360000FBE9093600024
:105B30000E94753383E08093800921E6D22E3DE0F8
:105B4000432E4AE0542E56E1A52E50E3B52E63E0D5
:105B5000C62E80E00E94FF588091571787FF2FC004
:105B600010924D17877F8B7F809357170E943C942C
:105B70001092B5101092B4101092B3100E94C4ACE1
:105B80000E943CAB8EEF0E9465B30E94F1B30E946D
:105B9000EAC00E94549C10927A0E10922D020E942C
:105BA00027280E9450F1882331F00E9427288EE395
:105BB00093E00E9474C6B092F109A092F00980911E
:105BC00080098DB69EB610E000E0843009F441C033
:105BD0008DB69EB66091F0097091F10910E000E079
:105BE0006115710509F07BC080914009882309F493
:105BF00019C1E0E4F9E08F0100541940F190FF2051
:105C000019F02AE0F212F7CF0115110559F0F80149
:105C1000E05CF64F108280E499E00E94472280E029
:105C20000E94186581E0F11001C080E0800F982F7C
:105C3000E92FF0E0E05CF64F2081E92FE81BF0E06F
:105C4000E05CF64F2083222309F485C09F5FF0CFEC
:105C50008C01F801EB5CFF4CE491C8010196EE2346
:105C600011F0EA30A9F7EDB7FEB7E81BF90B0FB654
:105C7000F894FEBF0FBEEDBF2DB73EB72F5F3F4F6D
:105C80007901A80165E370E3C9010F94CD35F701EF
:105C9000E00FF11F1082F70180818B33C9F08091F2
:105CA000B3108430A8F48091B5108D9DC0011124EB
:105CB000B7018A549F4E0F94E34081E00F94501631
:105CC0000FB6F8949EBE0FBE8DBEC092800980CFE5
:105CD0000FB6F8949EBE0FBE8DBE7ACF8301FB0136
:105CE000E00FF11F34903801FFEF6F1A7F0A332065
:105CF00019F02AE03212F2CF8DB79EB786199709B4
:105D00000FB6F8949EBF0FBE8DBFEDB7FEB73196AC
:105D10007F01A801CF010F94CD35F701E00FF11FEE
:105D20001082332009F47BC08091F0099091F10931
:105D3000680E791E7092F1096092F009012B31F022
:105D4000C7010E94472280E00E9418650FB6F894B0
:105D50009EBE0FBE8DBE9091A80E8091170A981717
:105D600009F4F7CE8091A80E8093170A8091A80EAF
:105D7000882309F4EECE0E94F43480E990E30E9477
:105D8000AE328091A80E10E280FF0AC080E00E942F
:105D90009AACAB01BC018CE890E30E945A3518E53F
:105DA0008091A80E00E281FF0AC081E00E949AACB7
:105DB000AB01BC0188E890E30E945A3509E5809167
:105DC000A80E82FFBEC082E00E949AACAB01BC016B
:105DD00084E890E30E945A359AE5F92E8AE00E9401
:105DE000A7321F9280E28F931F92FF921F920F9310
:105DF0001F921F938CE690E39F938F9385E790E328
:105E00009F938F931F920F942D162DB73EB7235F4C
:105E10003F4F0FB6F8943EBF0FBE2DBF9ACE712CE8
:105E2000612C88CF8091B310882309F494CF80919E
:105E3000571780FF80C00091B4100D9D8001112480
:105E40000A541F4E68E670E3C8010F94233600978A
:105E500031F0FC01838180538A3008F057C0F8018B
:105E600001900020E9F731977F01E01AF10A1092C2
:105E7000BB186EE470E0C8010F94D8404C01009745
:105E8000B1F5F1E0EF1AF108F801EE0DFF1D4182C6
:105E900052821382F80101900020E9F73197AF0197
:105EA000401B510BB8018BEB98E10E940691809149
:105EB000BB18882331F00E94F8338EE390E30E94F0
:105EC000AE328091571781FD36C0E091B410DE9E4E
:105ED000F0011124EA5EFE4E808181111FC08BE328
:105EE00090E30E94AE328AE00E94A73217C060E2BF
:105EF00070E00F94D8408C010F5F1F4F6AE270E092
:105F0000C4010F94D840FC013197C1CF0F943F17C3
:105F100085E590E30E94AE320E94BC328091B410BD
:105F20008F5F843058F48093B4108091B310815007
:105F30008093B31010CF0E941184F0CF1092B41050
:105F4000F4CF80E2F82E4ACFCF93DF938CE597E130
:105F50000E9457288BEB98E10E945728CBEBD8E1A1
:105F60006B97CE010E94572887E1CD3AD807C1F739
:105F700082E997E10E94572887E797E1DF91CF9167
:105F80000C9457280F931F93CF93DF93109277179A
:105F900010927A171092921710929517EDEAF7E186
:105FA0008BEB98E1108213827B968E179F07D1F7B7
:105FB00087EC93E090932819809327191092291960
:105FC00089E180932B1910922E191092E1141092EE
:105FD000BB181092BE18C1E0C09331151092321553
:105FE0001092331510923415109235151092361503
:105FF00010923715109238151092391510923A15E3
:1060000010923B1510923C1510923D1510923E15C2
:1060100010923F15109240151092411510924215A2
:106020001092431510924415109245151092461582
:1060300010924715109248151092491510924A1562
:1060400010924B1510924C1510924D1510924E1542
:1060500010924F151092501510925115C0930515BE
:106060001092061510920715109208151092091536
:1060700010920A1510920B1510920C1510920D1516
:1060800010920E1510920F151092101510921115F6
:1060900010921215109213151092141510921515D6
:1060A00010921615109217151092181510921915B6
:1060B00010921A1510921B1510921C1510921D1596
:1060C00010921E1510921F15109220151092211576
:1060D0001092221510922315109224151092251556
:1060E0001092E8141092E9141092EA141092EB1432
:1060F0001092EC141092F1141092F2141092F31406
:106100001092F4141092F51482E595E190935F15C6
:1061100080935E1510929515109296151092971512
:106120001092981510929115109292151092931545
:106130001092941510928D1510928E1510928F1545
:10614000109290151092891510928A1510928B1545
:1061500010928C1510928515109286151092871545
:106160001092881510928115109282151092831545
:106170001092841510927D1510927E1510927F1545
:10618000109280151092791510927A1510927B1545
:1061900010927C1510927515109276151092771545
:1061A0001092781510927115109272151092731545
:1061B0001092741510926D1510926E1510926F1545
:1061C000109270151092691510926A1510926B1545
:1061D00010926C1510926515109266151092671545
:1061E0001092681510926415109263151092621542
:1061F000109261151092601584E080939C151092A6
:106200009A151092991510929B151AE51093001685
:106210001093B015D5EAD0930116D093B1150EE2C4
:10622000EFE4F6E1DF01202F1D922A95E9F78FEFC9
:106230009FEF9093AE158093AD150E9414BA109302
:10624000CE1610937E16D093CF16D0937F16EDE125
:10625000F7E1DF011D920A95E9F710925C171092A1
:106260005F17C0934B1787E299E19093591780937A
:10627000581780915717847E8B7F80935717109201
:1062800053171092541710925517109256171092D8
:106290004F171092501710925117109252171092D8
:1062A0004E1710924D1710924C17EDEAF7E18EE061
:1062B00091E0DF019C011D9221503040E1F7809177
:1062C0000A018E7F80930A0180910B018095817075
:1062D00080930901C0935A1710925B17DF91CF91F9
:1062E0001F910F910895EF920F931F93CF93DF9318
:1062F000E80134E047FD34E1042E000C550B57FF54
:1063000003C0519541955109E32E022F242FAE0170
:106310000F947B39CE01DF91CF911F910F91EF90B8
:1063200008958F929F92AF92BF92CF92DF92EF9299
:10633000FF92CF93DF93EC01688179818A819B8101
:10634000611571058105910521F464E279ED8BE514
:1063500097E02DE133EF41E050E00F940C3D49010F
:106360005A019B01AC01A7EAB1E40F942B3D6B01EC
:106370007C01ACEEB4EFA50194010F94393DC60E3B
:10638000D71EE81EF91EF7FE06C081E0C81AD10824
:10639000E10880E8F80AC882D982EA82FB82C70154
:1063A000B6019F77DF91CF91FF90EF90DF90CF9074
:1063B000BF90AF909F908F9008958F929F92AF92D1
:1063C000BF92CF92DF92EF92FF9260916102709143
:1063D00062028091630290916402611571058105EA
:1063E000910521F464E279ED8BE597E02DE133EF3F
:1063F00041E050E00F940C3D49015A019B01AC0172
:10640000A7EAB1E40F942B3D6B017C01ACEEB4EF35
:10641000A50194010F94393DC60ED71EE81EF91E42
:10642000F7FE06C081E0C81AD108E10880E8F80A42
:10643000C0926102D0926202E0926302F092640222
:10644000C701B6019F77FF90EF90DF90CF90BF908C
:10645000AF909F908F900895609361027093620255
:10646000809363029093640208958F929F92AF92FB
:10647000BF92CF92DF92EF92FF920F931F93CF9331
:10648000DF935C017B016115710519F0DB018D93D0
:106490009C9385010F5F1F4FF501D0818D2F90E0F8
:1064A0000F94C4356C01892BB9F5DD32B9F50F5F56
:1064B0001F4FD5011196DC91C1E05801F1E0AF1AF0
:1064C000B10843E050E068E973E0C5010F94FC3582
:1064D000892B69F5680182E0C80ED11C45E050E0C7
:1064E00063E973E0C6010F94FC35892B21F4680140
:1064F00097E0C90ED11CE114F10419F0D701CD9237
:10650000DC9260E070E080E89FEFC111FFC060E0C6
:1065100070E080E89FE7FAC05801BBCFDB3229F476
:1065200085010E5F1F4FF501D181C0E0C6CF43E06A
:1065300050E060E973E0C5010F94FC35892BE9F068
:10654000F80110E000E020E030E0A9015F01B0EDCB
:106550008B2E8D0E89E08815C8F19C2E689491F8D9
:106560008C2F8870C2FF16C0811102C00F5F1F4FB1
:106570003196D501DC91C92DE9CFE114F10429F060
:106580000E5F1F4FF7011183008360E070E080EC25
:106590009FE7BCC0882311F001501109A5E0B0E0CD
:1065A0000F942B3D9B01AC01220F331F441F551F3D
:1065B000280D311D411D511D283999E93907490719
:1065C00099E15907A8F2C6609C2ED2CFAEEF8A128D
:1065D00006C0C3FD3CC09C2E689493F8C9CFDF7DF4
:1065E000D534A9F580818D3239F4C061DF0112966E
:1065F000818162E070E006C0DF018B32C1F3119649
:1066000061E070E080535D01A61AB70A8A30F8F4A1
:10661000E0E8CE16ECE0DE065CF4B601660F771F0C
:10662000660F771FC60ED71ECC0CDD1CC80ED11C02
:106630005D01FFEFAF1ABF0A8C9180538A30A8F139
:10664000C4FF03C0D194C194D1080C0D1D1DC1FF1E
:1066500009C0E114F10431F081E0A81AB108D701B2
:10666000AD92BC92CA01B9010F94AB36C370C3306E
:1066700009F490584B015C0120E030E0A9010F942F
:10668000A636882309F440C0C7ECD3E017FF05C045
:10669000119501951109CFEAD3E06E01B8E1CB1A4B
:1066A000D10880E2E82EF12C0FC0D501B1CFFE0158
:1066B00025913591459154910E191F09C501B401D9
:1066C0000F940C374B015C01D501C4010E151F0559
:1066D00074F72497F594E794CC16DD06A9F78A2F72
:1066E000880F8B2F881F8F3F49F020E030E0A901F1
:1066F000C501B4010F94A636811106C082E290E074
:106700009093341980933319C501B401DF91CF916F
:106710001F910F91FF90EF90DF90CF90BF90AF90BF
:106720009F908F9008953F924F925F926F927F92C9
:106730008F929F92AF92BF92CF92DF92EF92FF9291
:106740000F931F93CF93DF935C016B017A01611567
:10675000710519F0FB0191838083E114F10451F07C
:10676000C7010297839730F040E030E020E090E0EE
:106770006BC05E01E5012196F5011081812F90E04B
:106780000F94C435892BA9F71D3201F52196F50127
:10679000118101E0E114F10409F4E6C0F0E1EF1623
:1067A000F10409F088C0103359F488818F7D883551
:1067B00009F07CC0198122960260F0E1EF2EF12CE5
:1067C000812C912CA12C88E0B82E92C01B3221F490
:1067D000E5012296F501118100E0DCCFEAE0EE163A
:1067E000F10409F4C7C0F0E1EF16F10409F073C039
:1067F000E7CF78E0E72EF12C812C912CA12C60E1E1
:10680000B62E76C021E0ADC0302F3170C114D10456
:1068100031F0222371F12197F601D183C08327FF44
:106820002EC060E070E080E090E8311104C06FEFAE
:106830007FEF8FEF9FE722E230E03093341920930F
:106840003319462F372F282F642F732F822FDF9174
:10685000CF911F910F91FF90EF90DF90CF90BF905D
:10686000AF909F908F907F906F905F904F903F90F0
:10687000089501FF04C02297F601D183C08333231A
:1068800041F090958095709561957F4F8F4F9F4F08
:10689000D8CF97FFD6CF82E290E0909334198093BF
:1068A00033196FEF7FEF8FEF9FE7CBCF10E3E1144A
:1068B000F10409F49ECF28E0E216F10409F49CCF1C
:1068C0000CF08CCF812C912CA12CE0E4BE2E82E028
:1068D000E816F10469F060E070E080E090E897016C
:1068E0000F2C000C440B550B0F94EA3C49015A0144
:1068F00020E060E070E0CB0127010F2C000C66085F
:106900007708FE0150ED352E310E39E0331570F465
:106910003FEB310F49EC342E3A3138F03FE9310F7B
:106920003A3108F071CF39EA332E310E3E141F048C
:106930000CF06ACF27FD15C086169706A806B90683
:1069400078F0A30192010F94DA3C630D711D811D53
:10695000911D61307105810520E8920708F452CF3E
:106960002FEF21961081CDCF103309F41ECF2AE0EE
:10697000E22EF12C9CEC892E982CA82C9CE0B92EB0
:10698000B7CF3F924F925F926F927F928F929F927A
:10699000AF92BF92CF92DF92EF92FF920F931F932D
:1069A000CF93DF935C016B017A016115710519F0DA
:1069B000FB0191838083E114F10449F0C701029740
:1069C000839728F060E070E0CB019BC05E01E50199
:1069D0002196F5011081812F90E00F94C435892B09
:1069E000A9F71D3209F05CC02196F501118101E083
:1069F000E114F10409F4BBC0F0E1EF16F10409F071
:106A00009BC0103341F488818F7D883509F08FC099
:106A1000198122960260E0E1EE2EF12C88248A94FE
:106A2000982CA82CFFE0BF2E20E060E070E0CB01A6
:106A300027010F2C000C66087708FE0150ED352E5B
:106A4000310E39E0331568F43FEB310F49EC342E49
:106A50003A3130F03FE9310F3A31B0F539EA332EAF
:106A6000310E3E141F0484F52F3FB9F086169706A9
:106A7000A806B90638F1A30192010F94DA3C232D40
:106A800030E050E040E0620F731F841F951F6217D3
:106A9000730784079507B0F021E021961081CDCFD0
:106AA0001B3221F4E5012296F501118100E0A0CF0F
:106AB00078E0E72EF12C88248A94982CA82C6FE19A
:106AC000B62EB2CF2FEFE9CFC114D10431F022237B
:106AD00051F12197F601D183C08300FF07C0909543
:106AE0008095709561957F4F8F4F9F4F2F3F49F451
:106AF00082E290E090933419809333196FEF7FEF27
:106B0000CB01DF91CF911F910F91FF90EF90DF901C
:106B1000CF90BF90AF909F908F907F906F905F903D
:106B20004F903F90089501FFD8CF2297D3CF10E325
:106B3000E114F10409F4BCCF3AE0E316F104E9F002
:106B400080E1E816F10409F466CFE8E0EE16F104FE
:106B500009F4B1CF6FEF7FEFCB0197010F2C000C41
:106B6000440B550B0F94EA3C49015A015DCF103399
:106B700009F449CF9AE0E92EF12C89E9882E982C66
:106B8000A82C89E1B82E50CF91110D94CC3B8032C6
:106B900019F089508550C8F70895FB01DC0102C047
:106BA00005900D9241505040D8F70895FB01DC014B
:106BB0000D900020E9F7119705900D920020E1F764
:106BC0000895FC010590061621F00020D9F7C001B8
:106BD00008953197CF010895FB01DC0105900D92D6
:106BE0000020E1F70895FC0105900020E9F7809569
:106BF00090958E0F9F1F0895FB01DC01415050407E
:106C000088F08D9181341CF08B350CF4805E659199
:106C100061341CF06B350CF4605E861B611171F3FE
:106C2000990B0895881BFCCFFB01DC0141505040BB
:106C300048F005900D920020C9F701C01D92415007
:106C40005040E0F70895FB0155915523A9F0BF018D
:106C5000DC014D9145174111E1F759F4CD01059043
:106C6000002049F04D9140154111C9F3FB0141113C
:106C7000EFCF81E090E0019708950F931F93CF939A
:106C8000DF93CDB7DEB72E970FB6F894DEBF0FBEF9
:106C9000CDBF0E891F898EE08C831A8309838FEF05
:106CA0009FE79E838D83AE01465E5F4F688D798D31
:106CB000CE0101960F9479372F813885020F131F6B
:106CC000F80110822E960FB6F894DEBF0FBECDBF2E
:106CD000DF91CF911F910F9108950F931F93CF9341
:106CE000DF93CDB7DEB72E970FB6F894DEBF0FBE99
:106CF000CDBF8C01FA018EE08C831A83098377FF64
:106D000002C060E070E8615071097E836D83A90163
:106D1000BF01CE0101960F9479374D815E8157FDF9
:106D20000AC02F813885421753070CF49A01020FCD
:106D3000131FF80110822E960FB6F894DEBF0FBE17
:106D4000CDBFDF91CF911F910F9108950F94E83639
:106D500008F481E00895E89409C097FB3EF490950B
:106D60008095709561957F4F8F4F9F4F9923A9F024
:106D7000F92F96E9BB279395F695879577956795B3
:106D8000B795F111F8CFFAF4BB0F11F460FF1BC0F7
:106D90006F5F7F4F8F4F9F4F16C0882311F096E98A
:106DA00011C0772321F09EE8872F762F05C0662338
:106DB00071F096E8862F70E060E02AF09A95660FF1
:106DC000771F881FDAF7880F9695879597F90895AA
:106DD000990F0008550FAA0BE0E8FEEF16161706EC
:106DE000E807F907C0F012161306E407F50798F054
:106DF000621B730B840B950B39F40A2661F0232B6D
:106E0000242B252B21F408950A2609F4A140A695E8
:106E10008FEF811D811D08950F941F370D948A3CBB
:106E20000F947C3C38F00F94833C20F0952311F0B4
:106E30000D94733C0D94793C11240D94BE3C0F9439
:106E40009B3C70F3959FC1F3950F50E0551F629FD7
:106E5000F001729FBB27F00DB11D639FAA27F00DB3
:106E6000B11DAA1F649F6627B00DA11D661F829FDA
:106E70002227B00DA11D621F739FB00DA11D621FBF
:106E8000839FA00D611D221F749F3327A00D611DDC
:106E9000231F849F600D211D822F762F6A2F1124BE
:106EA0009F5750409AF0F1F088234AF0EE0FFF1FF1
:106EB000BB1F661F771F881F91505040A9F79E3F48
:106EC000510580F00D94733C0D94BE3C5F3FE4F39C
:106ED000983ED4F3869577956795B795F795E7959E
:106EE0009F5FC1F7FE2B880F911D9695879597F9A7
:106EF00008952F923F924F925F926F927F928F925E
:106F00009F92AF92BF92CF92DF92EF92FF920F9338
:106F10001F93CF93DF9300D000D000D01F921F9219
:106F2000CDB7DEB77C013B018A01FC0117821682D6
:106F3000838181FFDDC1CE0101965C01F701938160
:106F4000F30193FD859193FF81913F01882309F41B
:106F500053C1853239F493FD859193FF81913F01AF
:106F6000853229F4B70190E00F94E53BE7CF912CEF
:106F7000212C312CFFE1F31538F08B3211F190F414
:106F8000803209F1833229F137FC3CC020ED280F13
:106F90002A3050F536FE20C08AE0989E200D11243C
:106FA000922E06C08D3291F0803371F7689430F8DC
:106FB000F30193FD859193FF81913F018111DACF18
:106FC00021C0689431F8689432F8F2CF689433F8AD
:106FD000EFCF689434F8ECCFEAE02E9E200D112418
:106FE000222E689435F8E4CF8E3229F436FC04C1A1
:106FF000689436F8DDCF8C3619F4689437F8D8CF1A
:107000008836B1F2982F9F7D95549330E0F0833607
:10701000A1F18337C1F1833509F063C02801F2E0A3
:107020004F0E511CF801C080D180692D70E036FCF4
:1070300002C06FEF7FEFC6010F94CF3B4C01689405
:1070400037F882010AC00C5F1F4FFFE3F9838824E1
:107050008394912C6501E89437F833FE2DC0522CAF
:107060008114910471F5552009F468CFB70180E2CD
:1070700090E00F94E53B5A94F6CFF8018081898324
:107080000E5F1F4FE4CF2801F2E04F0E511CF801B4
:10709000C080D180692D70E036FC02C06FEF7FEFB9
:1070A000C6010F94DA3B4C018201D5CFB70180E2D3
:1070B00090E00F94E53B2A942814190409F0B0F7E6
:1070C000CECFF60137FC859137FE81916F01B70174
:1070D00090E00F94E53B51105A94F1E08F1A91081B
:1070E000BFCF843619F0893609F077C0F80137FE32
:1070F0006BC060817181828193810C5F1F4FF32D82
:10710000FF763F2E97FF09C0909580957095619509
:107110007F4F8F4F9F4F689437F82AE030E0A501EA
:107120000F94153CC82ECA188C2C432C36FE0CC06C
:10713000E89440F8C91440F434FE05C032FC03C0A2
:10714000F32DFE7E4F2E892C44FEAAC0FE01EC0DCD
:10715000F11D8081803309F09CC0242D297E422EB0
:10716000842D8870582E43FCAAC040FEA4C09C2CDD
:10717000821418F42C0C922C981844FEA6C0B70167
:1071800080E390E00F94E53B42FE09C088E790E081
:1071900041FE02C088E590E0B7010F94E53BC914B9
:1071A00008F49FC0CA94D12C9FEFC91AD90ACA0CFF
:1071B000DB1CF60182916F01B70190E00F94E53B73
:1071C000AC14BD04B1F74FCF60817181072E000C64
:1071D000880B990B0E5F1F4F92CFD32CE894D4F8F5
:1071E0002AE030E08537E1F1232D297FD22E8F363A
:1071F000A9F1F0F4883551F1F701868197812B963A
:107200000FB6F894DEBF0FBECDBFDF91CF911F91B7
:107210000F91FF90EF90DF90CF90BF90AF909F9035
:107220008F907F906F905F904F903F902F90089538
:10723000803749F0883701F7D4FE02C06894D2F84D
:1072400020E130E00DC06894D4F8F6CF34FE03C0DE
:10725000822F8660D82E20E132E002C028E030E0A4
:10726000F801D7FE0FC060817181828193810C5F2C
:107270001F4FA5010F94153CC82ECA183D2CE89449
:1072800037F852CF6081718190E080E00E5F1F4F30
:10729000F0CF42FC02C0839463CF8394839460CF89
:1072A000842D867809F45CCFF6CFB70180E290E0B8
:1072B0000F94E53B83948214C0F3512C5ECF522C83
:1072C0005818821408F459CFF8CF842D867809F421
:1072D00066CF8BE241FE80E247FC8DE2B70190E091
:1072E0005CCFB70180E390E00F94E53B9A9457CFD1
:1072F0008FEF9FEF84CF8F929F92AF92BF92CF92EA
:10730000DF92EF92FF920F931F93CF93DF9300D002
:1073100000D000D0CDB7DEB76A01F22EB02E102F0C
:10732000FBE3AF2EA01608F41BE31F5F012F27E03D
:10733000AE014F5F5F4F0F94F43ABC018981982FE3
:107340009970913009F44EC09BE2E1FC04C09E2D7F
:107350009170E0FC49C05E2D5071E82FE87083FF0A
:1073600055C084E0911101C083E0EF2DE81B8F151B
:1073700008F0E0E0D6018E2F20E25523C9F19923D1
:1073800029F0D6019C93C60101966C0196012D5FF0
:107390003F4FE2FE33C08EE4D6018C9391E4119608
:1073A0009C93119712968C93D9018E2F90E28111A4
:1073B0002AC0E20FF32FF11D10828EEF9FEF299666
:1073C0000FB6F894DEBF0FBECDBFDF91CF911F91F6
:1073D0000F91FF90EF90DF90CF90BF90AF909F9074
:1073E0008F9008959DE2B7CF90E2B5CF2D93815055
:1073F0008111FCCFCE0ED11CE0E0C1CF8EE6D601CC
:107400008C9391E6CCCF9D938150D1CF482F44707F
:1074100082FF3DC084E0911101C083E08F1510F41C
:10742000EF2DE81BD6018E2F20E2552309F1992379
:1074300029F0D6019C93C60101966C0196012D5F3F
:107440003F4FE2FE1BC089E4D6018C938EE4119677
:107450008C93119786E412968C93D9018E2F90E22B
:10746000882309F4A6CF9D938150FACF2D938150A4
:107470008111FCCFCE0ED11CE0E0D9CF89E6D60138
:107480008C938EE611968C93119786E6E4CF9B0140
:1074900077FF02C030E020E0A1E0B0E0911102C02F
:1074A000B0E0A0E0F9013196AE0FBF1F8B2C912CFC
:1074B000BB2009F461C05401EFEFAE1ABE0AAA0D59
:1074C000BB1DFA161B0619F014F04F2D4A1B511163
:1074D00088C0E3FC59C07601A42FB0E2A1114FC0CF
:1074E000C40ED11C992309F45BC040E0D60111966B
:1074F000F60190836D01552309F448C0012F060F52
:107500009A81582F507184FF03C0913309F40150C0
:1075100010160CF047C0093008F008E0EEE2FE2E2D
:107520005B01A01AB10885019194819491082F3FC5
:10753000320729F4D601FC92F60131966F016217E9
:10754000730794F1021713077CF5DB01A21BB30B41
:10755000AA24A394B12CAC0EBD1EAA0DBB1D11967E
:107560008C9121503109D601119628153905F4F076
:10757000F60180836D01DBCFB12CA12CA0CFF701E8
:10758000B1937F01A150AACF9111B0CFD601942F12
:1075900050E302C05D9391509111FCCFC40ED11CF9
:1075A00040E0ACCF01E0BACF80E3DBCF62177307D6
:1075B00031F4963388F4953311F4552369F0F601CC
:1075C0008083FD01842F90E2811108C0A40FB11DBA
:1075D0001C9290E080E0F3CE81E3F1CF9193815053
:1075E000F3CF911183CF8ACF283008F027E03327DB
:1075F000DA01990F311D87FD9160009661057105D3
:1076000039F432602E5F3D9330E32A95E1F7089517
:107610009F3F30F080387105610509F03C5F3C5FA9
:107620003D93913008F08068911DDF93CF931F93B5
:107630000F93FF92EF92192F987F9695E92F9695C9
:107640009695E90FFF27EB5DFB4F99273327EE2433
:10765000FF24A701E70105900894079428F4360F4A
:10766000E71EF81E491F511D660F771F881F991FBF
:107670000694A1F70590079428F4E70EF81E491F19
:10768000561FC11D770F881F991F661F0694A1F70B
:107690000590079428F4F80E491F561FC71FD11DE7
:1076A000880F991F661F771F0694A1F7059007940E
:1076B00020F4490F561FC71FD81F990F661F771F49
:1076C000881F0694A9F784911095177041F0D695FC
:1076D000C79557954795F794E7941A95C1F7EBEC42
:1076E000F3E0689415901591359165919591059009
:1076F0007FE27395E118F10A430B560BC90BD009D1
:10770000C0F7E10CF11E431F561FC91FD01D7EF4A8
:10771000703311F48A95E6CFE894015030F0080FE9
:107720000AF40027021708F4202F2395022F7A333A
:1077300028F079E37D932A95E9F710C07D932A9587
:1077400089F6069497956795379517951794E118DC
:10775000F10A430B560BC90BD00998F023957E9183
:1077600073957A3308F070E37C932013B8F77E9119
:1077700070617D9330F0839571E37D9370E32A957A
:10778000E1F71124EF90FF900F911F91CF91DF91BE
:10779000992787FD90950895992788270895FC01DA
:1077A0000590615070400110D8F7809590958E0F2C
:1077B0009F1F0895FC016150704001900110D8F79F
:1077C000809590958E0F9F1F08950F931F93CF93D1
:1077D000DF93182F092FEB018B8181FD09C01FEF6B
:1077E0000FEF812F902FDF91CF911F910F9108956F
:1077F00082FF14C02E813F818C819D81281739071B
:107800003CF4E881F981CF01019699838883108344
:107810008E819F8101969F838E83E3CFE885F985D2
:10782000812F1995892BA1F3DACFFA01AA272830E5
:1078300051F1203181F1E8946F936E7F6E5F7F4F3D
:107840008F4F9F4FAF4FB1E03ED0B4E03CD0670FB9
:10785000781F891F9A1FA11D680F791F8A1F911D0C
:10786000A11D6A0F711D811D911DA11D20D009F45C
:1078700068943F912AE0269F11243019305D31939E
:10788000DEF6CF010895462F4770405D4193B3E087
:107890000FD0C9F7F6CF462F4F70405D4A3318F02E
:1078A000495D31FD4052419302D0A9F7EACFB4E0DF
:1078B000A6959795879577956795BA95C9F7009797
:1078C0006105710508959B01AC010A2E0694579538
:1078D000479537952795BA95C9F7620F731F841F8F
:1078E000951FA01D089597F99F6780E870E060E0FC
:1078F00008959FEF80EC089500240A941616170649
:1079000018060906089500240A9412161306140690
:1079100005060895092E0394000C11F4882352F0F3
:10792000BB0F40F4BF2B11F460FF04C06F5F7F4FAB
:107930008F4F9F4F089557FD9058440F551F59F092
:107940005F3F71F04795880F97FB991F61F09F3F4C
:1079500079F087950895121613061406551FF2CF75
:107960004695F1DF08C0161617061806991FF1CFC5
:1079700086957105610508940895E894BB276627EC
:107980007727CB0197F90895F999FECF92BD81BD74
:10799000F89A992780B50895262FF999FECF1FBA36
:1079A00092BD81BD20BD0FB6F894FA9AF99A0FBE28
:1079B00001960895DB018F939F930F942B3DBF9108
:1079C000AF91A29F800D911DA39F900DB29F900D2E
:1079D00011240895A1E21A2EAA1BBB1BFD010DC0A4
:1079E000AA1FBB1FEE1FFF1FA217B307E407F5076F
:1079F00020F0A21BB30BE40BF50B661F771F881F4B
:107A0000991F1A9469F760957095809590959B01E0
:107A1000AC01BD01CF010895052E97FB1EF4009423
:107A20000F94233D57FD07D00F94EA3C07FC03D089
:107A30004EF40D94233D50954095309521953F4F40
:107A40004F4F5F4F089590958095709561957F4F4A
:107A50008F4F9F4F08950F943E3DA59F900DB49F6B
:107A6000900DA49F800D911D11240895B7FF0D94D2
:107A70002B3D0F942B3D821B930B0895A29FB001C9
:107A8000B39FC001A39F700D811D1124911DB29F52
:107A9000700D811D1124911D0895991B79E004C07A
:107AA000991F961708F0961B881F7A95C9F780953D
:107AB0000895AA1BBB1B51E107C0AA1FBB1FA61735
:107AC000B70710F0A61BB70B881F991F5A95A9F787
:107AD00080959095BC01CD01089597FB072E16F473
:107AE000009407D077FD09D00F94593D07FC05D0CD
:107AF0003EF4909581959F4F0895709561957F4FC5
:107B00000895EE0FFF1F881F8BBF0790F691E02DA1
:107B100019945058BB27AA270F94A13D0D948A3C75
:107B20000F947C3C38F00F94833C20F039F49F3F55
:107B300019F426F40D94793C0EF4E095E7FB0D94CE
:107B4000733CE92F0F949B3C58F3BA1762077307F5
:107B50008407950720F079F4A6F50D94BD3C0EF44A
:107B6000E0950B2EBA2FA02D0B01B90190010C014D
:107B7000CA01A0011124FF27591B99F0593F50F465
:107B8000503E68F11A16F040A22F232F342F4427BD
:107B9000585FF3CF469537952795A795F0405395B5
:107BA000C9F77EF41F16BA0B620B730B840BBAF085
:107BB0009150A1F0FF0FBB1F661F771F881FC2F7F0
:107BC0000EC0BA0F621F731F841F48F48795779504
:107BD0006795B795F7959E3F08F0B0CF9395880FBE
:107BE00008F09927EE0F9795879508950F947C3CA0
:107BF00060F080E891E009F49EEF0F94833C28F058
:107C000040E851E071F45EEF0CC00D94793C0D94A6
:107C1000BD3CE92FE0780F949B3C40F3092E052AE8
:107C2000B1F3261737074807590738F00E2E07F823
:107C3000E02569F0E025E0640AC0EF6307F80094EE
:107C400007FADB01B9019D01DC01CA01AD01EF9327
:107C50000F949B3E0F948A3C0F94393E5F915523BD
:107C600039F02BED3FE049E450FD49EC0D948A3D9D
:107C70000895DF93DD27B92FBF7740E85FE316163D
:107C8000170648075B0718F4D92F0F94EF3F9F930F
:107C90008F937F936F930F947840E4EEF0E00F940E
:107CA0006C3F0F948A3C2F913F914F915F910F94BD
:107CB0001F37DD2351F09058A2EA2AED3FE049EC4E
:107CC0005FE3D0785D270F94A13DDF910D948A3C4E
:107CD0000F94D23F90F09F3748F4911116F40D9411
:107CE000BE3C60E070E080E89FE3089526F01B163C
:107CF000611D711D811D0D94433F0D945E3F0F94D6
:107D0000953FE3950D94BE3F0F94983E0D948A3CA9
:107D10000F94833C58F00F947C3C40F029F45F3F73
:107D200029F00D94733C51110D94BE3C0D94793C97
:107D30000F949B3C68F39923B1F3552391F3951B62
:107D4000550BBB27AA2762177307840738F09F5F7C
:107D50005F4F220F331F441FAA1FA9F335D00E2EE9
:107D60003AF0E0E832D091505040E695001CCAF756
:107D70002BD0FE2F29D0660F771F881FBB1F261719
:107D800037074807AB07B0E809F0BB0B802DBF01F0
:107D9000FF2793585F4F3AF09E3F510578F00D94BE
:107DA000733C0D94BE3C5F3FE4F3983ED4F386955C
:107DB00077956795B795F7959F5FC9F7880F911DE0
:107DC0009695879597F90895E1E0660F771F881FCC
:107DD000BB1F621773078407BA0720F0621B730B7F
:107DE000840BBA0BEE1F88F7E09508950F94FD3EC3
:107DF0006894B1110D94BE3C08950F94A33C88F093
:107E00009F5798F0B92F9927B751B0F0E1F0660F5E
:107E1000771F881F991F1AF0BA95C9F714C0B1309F
:107E200091F00F94BD3CB1E008950D94BD3C672FD7
:107E3000782F8827B85F39F0B93FCCF386957795CE
:107E40006795B395D9F73EF49095809570956195B7
:107E50007F4F8F4F9F4F08950F94D23F90F09F37E1
:107E600048F4911116F00D94BE3C60E070E080E89B
:107E70009FEB089526F41B16611D711D811D0D9445
:107E8000433F0D945E3F882371F4772321F098508F
:107E9000872B762F07C0662311F499270DC09051C8
:107EA000862B70E060E02AF09A95660F771F881F96
:107EB000DAF7880F9695879597F908959F3F31F0E7
:107EC000915020F4879577956795B795880F911D08
:107ED0009695879597F90895DF93CF931F930F9306
:107EE000FF92EF92DF927B018C01689406C0DA2E3C
:107EF000EF010F941F37FE01E894A591259135916C
:107F000045915591A6F3EF010F94A13DFE01970114
:107F1000A801DA9469F7DF90EF90FF900F911F911D
:107F2000CF91DF9108950D94793C0F94A33CD8F341
:107F3000E894E0E0BB279F57F0F02AED3FE049ECE2
:107F400006C0EE0FBB0F661F771F881F28F0B23ADE
:107F500062077307840728F0B25A620B730B840B15
:107F6000E3959A9572F7803830F49A95BB0F661FA7
:107F7000771F881FD2F790480D94603FEF93E0FF82
:107F800007C0A2EA2AED3FE049EC5FEB0F94A13D68
:107F90000F948A3C0F90039401FC9058E1E1F1E0CA
:107FA0000D9488400F94A33CA0F0BEE7B91788F465
:107FB000BB279F3860F41616B11D672F782F8827CE
:107FC000985FF7CF869577956795B11D939596390C
:107FD000C8F308950F94E83608F48FEF08959B01D5
:107FE000AC0160E070E080E89FE30D94843E0F9464
:107FF000A33C58F19E5760F19851A0F0E9F09830F9
:1080000020F5092E9927660F771F881F991F0A945C
:10801000D1F712C0062E672F782F8827985F11F4AA
:10802000000C07C0993FB4F38695779567959395B3
:10803000D9F7611D711D811D3EF490958095709555
:1080400061957F4F8F4F9F4F089568940D94BE3C6C
:108050000D94BD3C9F930F94953F0F9007FCEE5FEE
:108060000D94BE3F19F416F40D94793C0D945E3FC7
:108070000F94A33CB8F39923C9F3B6F39F57550B5C
:1080800087FF0F9481400024A0E640EA90018058C9
:108090005695979528F4805C660F771F881F20F00F
:1080A00026173707480730F4621B730B840B20290F
:1080B00031294A2BA69517940794202531254A2764
:1080C00058F7660F771F881F20F0261737074807D5
:1080D00030F4620B730B840B200D311D411DA095F4
:1080E00081F7B901842F9158880F96958795089547
:1080F0009B01AC010D940C370F94E836880B990B5B
:10810000089591505040660F771F881FD2F7089549
:108110009F938F937F936F93FF93EF939B01AC019A
:108120000F940C37EF91FF910F946C3F2F913F917B
:108130004F915F910D940C379111089581548A519C
:1081400008F4805E855A0895FB01DC0104C08D911E
:108150000190801921F441505040C8F7881B990BB9
:108160000895FB01DC0102C001900D924150504086
:10817000D8F70895FB01DC018D9181341CF08B351B
:108180000CF4805E619161341CF06B350CF4605E20
:10819000861B611189F3990B0895FB01DC010D9099
:1081A0000020E9F7119701900D920020E1F7089562
:1081B000FC018191861721F08823D9F7992708952A
:1081C0003197CF010895FB01DC0101900D92002051
:1081D000E1F70895FB01DC014150504030F08D91F2
:1081E0000190801919F40020B9F7881B990B0895A4
:1081F000FB01DC014150504048F001900D920020FD
:10820000C9F701C01D9241505040E0F70895FC01AC
:1082100081E090E00190061609F4CF010020D1F72B
:10822000019708950F931F93CF93DF93CDB7DEB7D8
:108230002E970FB6F894DEBF0FBECDBF0E891F89F3
:1082400086E08C831A8309838FEF9FE79E838D835B
:10825000AE01465E5F4F688D798DCE0101960F9419
:1082600079372F813885020F131FF80110822E965F
:108270000FB6F894DEBF0FBECDBFDF91CF911F9137
:108280000F9108951DE1CDEBDDE100E006C0802FE8
:10829000FE010F94813D2196011DCE3BD10780E068
:0882A0000807A9F7F894FFCFCD
:1082A8000D020000803F5CFF79C402C0D401006465
:1082B80000AA00FFFFFFFFFFFFFFFFFFFFFFFF8098
:1082C800FF0601FF3FFF3F00000000FF3F010100E4
:1082D80000000000000000000000000000809D4336
:1082E80000009B430000C8430000803F640000007A
:1082F800484364000000C84146009600FFFFFFFFA6
:108308000901000000440000000000470048000088
:108318000000000001010100004842000020410067
:108328000020410000484200002041000020410098
:1083380000C07F0000C07F0000C07FFF003C00013C
:10834800000040400000344200000000000000002F
:108358000000000000005041000000000000004143
:1083680064000000640000000300000064000000D6
:108378006400000003000000030000000300000088
:108388001E00000059657320746F20000000000073
:1083980000000000000000000000000000000000D5
:1083A8000000000000000000000000000000004184
:1083B8000000004100000040000048420000204149
:1083C8000000204100004041563837000A05062EBB
:1083D80001000800200040008000000100042F5028
:1083E8004C52000000484200004842000080400013
:1083F80000004002100000041000000610000008F1
:108408001000000A1000000C1000002610000030B8
:1084180010000032100000341000003A1000003E36
:1084280010000040100000441000004610000048F2
:108438001000004A1000004C1000005410000056B4
:10844800100000581000005C1000005E1000005F73
:10845800100000881000000000000058595A45001C
:10846800004041000000009C8A678BDF895D8AC458
:1084780089E7885F89CA886F8A80897784FA84F94E
:1084880084525344504800544D33442031305350A3
:10849800726F563220526561647900256420582035
:1084A8002564205820256400544D3344203130532E
:1084B80050726F5632004457372E342E3700746985
:1084C8006E796D616368696E657333642E636F6D71
:1084D8000044535400505253540042535458595A6C
:1084E800450058595A005049440054554C005061B1
:1084F8007573696E672E2E2E0045525200507265B4
:1085080073732059657320746F20436F6E74696E9E
:108518007565004C6F61642046696C616D656E74A9
:1085280020746F2020202020202020202020436F2E
:108538006E74696E7565004164642046696C616D8E
:10854800656E7420616E64205072657373202020FC
:108558002059657320746F20526568656174004402
:10856800697361626C652000202020202020202073
:108578002020204E6F20746F205075726765005060
:1085880061726B696E672E2E2E00426567696E6E8A
:10859800696E672046696C616D656E742043686119
:1085A8006E676500556E6C6F6164696E672E2E2E5E
:1085B8000052656C6F6164696E672E2E2E005265DD
:1085C80068656174696E67005570204469726563F7
:1085D800746F727900526571756573746564204FA4
:1085E8006666736574204265796F6E64204C696DA8
:1085F80069747300426567696E6E696E67204732F9
:10860800362E2E2048656174696E67004265676979
:108618006E204D616E75616C204D657368004D6FFD
:1086280076696E6720746F204E657874204D657387
:108638006820506F696E74004D6F76656420646FB2
:10864800776E20302E303235004D6F766564207598
:108658007020302E30323500486F74656E642050BB
:108668004944205374617274656400426564205003
:1086780049442053746172746564002F00566F6C0E
:10868800756D65446973706C617900446973706CC9
:1086980061794272696768746E65737300446973BF
:1086A800706C61795374616E64627942726967684B
:1086B800746E65737300446973706C617953746187
:1086C8006E6462795365636F6E6473005049442029
:1086D80054756E652046696E6973686564007261D9
:1086E8006973650073746F7720286C61737429004F
:1086F80073746F77006E6F6E650070726F626500DD
:00000001FF
